model_id,reaction_id,status,num_candidates,degenerate_set_size,relaxation_level,relaxation_direction,reaction_class,filtered_species_count,config_id
BIOMD0000000013,E1,ok,1,0,0,exact,internal,3,86938b48ab88
BIOMD0000000013,E10,ok,1,0,0,exact,internal,5,86938b48ab88
BIOMD0000000013,E11,ok,1,0,0,exact,internal,2,86938b48ab88
BIOMD0000000013,E12,no_candidates,0,0,0,exact,internal,2,86938b48ab88
BIOMD0000000013,E13,ok,1,0,0,exact,internal,2,86938b48ab88
BIOMD0000000013,E14,no_candidates,0,0,2,up,internal,3,86938b48ab88
BIOMD0000000013,E15,no_candidates,0,0,2,up,internal,4,86938b48ab88
BIOMD0000000013,E16,ok,155,0,0,exact,internal,3,86938b48ab88
BIOMD0000000013,E17,ok,1,0,0,exact,internal,2,86938b48ab88
BIOMD0000000013,E2,ok,1,0,0,exact,internal,2,86938b48ab88
BIOMD0000000013,E3,ok,1,0,1,down+up,internal,7,86938b48ab88
BIOMD0000000013,E4,ok,2,0,0,exact,internal,3,86938b48ab88
BIOMD0000000013,E5,no_candidates,0,0,0,exact,internal,4,86938b48ab88
BIOMD0000000013,E6,ok,2,0,0,exact,internal,2,86938b48ab88
BIOMD0000000013,E7,ok,2,0,0,exact,internal,4,86938b48ab88
BIOMD0000000013,E8,no_candidates,0,0,0,exact,internal,3,86938b48ab88
BIOMD0000000013,E9,ok,1,0,0,exact,internal,2,86938b48ab88
BIOMD0000000015,ada,no_candidates,0,0,0,exact,internal,5,86938b48ab88
BIOMD0000000015,adna,no_candidates,0,0,0,exact,internal,4,86938b48ab88
BIOMD0000000015,adrnr,no_candidates,0,0,0,exact,internal,6,86938b48ab88
BIOMD0000000015,ampd,no_candidates,0,0,0,exact,internal,3,86938b48ab88
BIOMD0000000015,aprt,no_candidates,0,0,0,exact,internal,4,86938b48ab88
BIOMD0000000015,arna,no_candidates,0,0,0,exact,internal,3,86938b48ab88
BIOMD0000000015,asli,no_candidates,0,0,0,exact,internal,3,86938b48ab88
BIOMD0000000015,asuc,ok,1,0,0,exact,internal,2,86938b48ab88
BIOMD0000000015,dada,no_candidates,0,0,0,exact,internal,7,86938b48ab88
BIOMD0000000015,den,no_candidates,0,0,0,exact,internal,2,86938b48ab88
BIOMD0000000015,dgnuc,no_candidates,0,0,0,exact,internal,7,86938b48ab88
BIOMD0000000015,gdna,no_candidates,0,0,0,exact,internal,3,86938b48ab88
BIOMD0000000015,gdrnr,no_candidates,0,0,0,exact,internal,6,86938b48ab88
BIOMD0000000015,gmpr,no_candidates,0,0,0,exact,internal,4,86938b48ab88
BIOMD0000000015,gmps,no_candidates,0,0,0,exact,internal,4,86938b48ab88
BIOMD0000000015,gnuc,no_candidates,0,0,0,exact,internal,7,86938b48ab88
BIOMD0000000015,gprt,no_candidates,0,0,0,exact,internal,8,86938b48ab88
BIOMD0000000015,grna,no_candidates,0,0,0,exact,internal,4,86938b48ab88
BIOMD0000000015,gua,no_candidates,0,0,0,exact,internal,5,86938b48ab88
BIOMD0000000015,hprt,no_candidates,0,0,0,exact,internal,5,86938b48ab88
BIOMD0000000015,hxd,no_candidates,0,0,0,exact,internal,4,86938b48ab88
BIOMD0000000015,impd,ok,1,0,0,exact,internal,2,86938b48ab88
BIOMD0000000015,inuc,no_candidates,0,0,0,exact,internal,4,86938b48ab88
BIOMD0000000015,mat,no_candidates,0,0,0,exact,internal,3,86938b48ab88
BIOMD0000000015,polyam,ok,1,0,0,exact,internal,2,86938b48ab88
BIOMD0000000015,prpps,ok,1,0,0,exact,internal,2,86938b48ab88
BIOMD0000000015,xd,ok,3,0,0,exact,internal,2,86938b48ab88
BIOMD0000000017,R11,no_candidates,0,0,0,exact,internal,4,86938b48ab88
BIOMD0000000017,R2,no_candidates,0,0,0,exact,internal,3,86938b48ab88
BIOMD0000000017,R3,ok,1,0,0,exact,internal,3,86938b48ab88
BIOMD0000000017,R4,ok,1,0,0,exact,internal,3,86938b48ab88
BIOMD0000000017,R5,no_candidates,0,0,0,exact,internal,2,86938b48ab88
BIOMD0000000017,R6,no_candidates,0,0,0,exact,internal,3,86938b48ab88
BIOMD0000000017,R7,no_candidates,0,0,0,exact,internal,2,86938b48ab88
BIOMD0000000017,R8,no_candidates,0,0,0,exact,internal,2,86938b48ab88
BIOMD0000000017,R9,ok,1,0,0,exact,internal,3,86938b48ab88
BIOMD0000000018,ATIC12,no_candidates,0,0,0,exact,internal,3,86938b48ab88
BIOMD0000000018,ATIC7,ok,1,0,0,exact,internal,3,86938b48ab88
BIOMD0000000018,DHFReductase,no_candidates,0,0,0,exact,internal,2,86938b48ab88
BIOMD0000000018,FFH2syn,ok,1,0,0,exact,internal,2,86938b48ab88
BIOMD0000000018,GARFT,ok,1,0,0,exact,internal,4,86938b48ab88
BIOMD0000000018,HCOOHtoCHOFH4,ok,1,0,0,exact,internal,3,86938b48ab88
BIOMD0000000018,MTHFD,no_candidates,0,0,0,exact,internal,2,86938b48ab88
BIOMD0000000018,MTHFR,no_candidates,0,0,0,exact,internal,2,86938b48ab88
BIOMD0000000018,MTR,ok,1,0,0,exact,internal,3,86938b48ab88
BIOMD0000000018,SHMT,no_candidates,0,0,0,exact,internal,3,86938b48ab88
BIOMD0000000018,SHMTr,ok,7,0,0,exact,internal,2,86938b48ab88
BIOMD0000000018,TYMS,ok,1,0,0,exact,internal,3,86938b48ab88
BIOMD0000000023,v3,no_candidates,0,0,2,up,internal,10,86938b48ab88
BIOMD0000000023,v4,no_candidates,0,0,2,up,internal,8,86938b48ab88
BIOMD0000000023,v5,no_candidates,0,0,2,up,internal,8,86938b48ab88
BIOMD0000000023,v6,no_candidates,0,0,2,up,internal,9,86938b48ab88
BIOMD0000000023,v7,ok,1,0,0,exact,internal,2,86938b48ab88
BIOMD0000000023,v8,no_candidates,0,0,2,up,internal,10,86938b48ab88
BIOMD0000000023,v9,ok,1,0,1,down+up,internal,6,86938b48ab88
BIOMD0000000038,v1,no_candidates,0,0,0,exact,internal,2,86938b48ab88
BIOMD0000000038,v2,ok,1,0,0,exact,internal,3,86938b48ab88
BIOMD0000000042,reaction_1,ok,1,0,0,exact,internal,3,86938b48ab88
BIOMD0000000042,reaction_2,ok,2,0,0,exact,internal,3,86938b48ab88
BIOMD0000000042,reaction_3,ok,3,0,0,exact,internal,3,86938b48ab88
BIOMD0000000042,reaction_4,ok,1,0,0,exact,internal,2,86938b48ab88
BIOMD0000000042,reaction_5,no_candidates,0,0,0,exact,internal,2,86938b48ab88
BIOMD0000000042,reaction_6,no_candidates,0,0,0,exact,internal,2,86938b48ab88
BIOMD0000000042,reaction_7,ok,2,0,0,exact,internal,2,86938b48ab88
BIOMD0000000042,reaction_8,no_candidates,0,0,0,exact,internal,2,86938b48ab88
BIOMD0000000042,reaction_9,ok,1,0,0,exact,internal,3,86938b48ab88
BIOMD0000000046,v1,ok,1,0,0,exact,internal,4,86938b48ab88
BIOMD0000000046,v7,ok,1,0,0,exact,internal,3,86938b48ab88
BIOMD0000000051,vALDO,ok,2,0,0,exact,internal,3,86938b48ab88
BIOMD0000000051,vENO,ok,1,0,0,exact,internal,2,86938b48ab88
BIOMD0000000051,vG6PDH,no_candidates,0,0,1,up,internal,3,86938b48ab88
BIOMD0000000051,vGAPDH,ok,2,0,0,exact,internal,2,86938b48ab88
BIOMD0000000051,vPFK,ok,9,0,0,exact,internal,3,86938b48ab88
BIOMD0000000051,vPGDH,no_candidates,0,0,1,up,internal,3,86938b48ab88
BIOMD0000000051,vPGI,ok,3,0,0,exact,internal,3,86938b48ab88
BIOMD0000000051,vPGK,ok,3,0,0,exact,internal,2,86938b48ab88
BIOMD0000000051,vPGM,no_candidates,0,0,1,down,internal,3,86938b48ab88
BIOMD0000000051,vPK,ok,3,0,0,exact,internal,2,86938b48ab88
BIOMD0000000051,vR5PI,no_candidates,0,0,0,exact,internal,2,86938b48ab88
BIOMD0000000051,vRu5P,ok,1,0,0,exact,internal,2,86938b48ab88
BIOMD0000000051,vTA,ok,2,0,1,down+up,internal,7,86938b48ab88
BIOMD0000000051,vTIS,no_candidates,0,0,0,exact,internal,2,86938b48ab88
BIOMD0000000051,vTKA,no_candidates,0,0,0,exact,internal,5,86938b48ab88
BIOMD0000000051,vTKB,no_candidates,0,0,0,exact,internal,5,86938b48ab88
BIOMD0000000051,vrpGluMu,no_candidates,0,0,0,exact,internal,2,86938b48ab88
BIOMD0000000061,vADH,no_candidates,0,0,0,exact,internal,2,86938b48ab88
BIOMD0000000061,vALD,ok,2,0,0,exact,internal,3,86938b48ab88
BIOMD0000000061,vGAPDH,ok,1,0,0,exact,internal,2,86938b48ab88
BIOMD0000000061,vHK,no_candidates,0,0,0,exact,internal,3,86938b48ab88
BIOMD0000000061,vPDC,ok,2,0,0,exact,internal,2,86938b48ab88
BIOMD0000000061,vPFK,ok,2,0,0,exact,internal,2,86938b48ab88
BIOMD0000000061,vPGI,no_candidates,0,0,0,exact,internal,3,86938b48ab88
BIOMD0000000061,vPK,no_candidates,0,0,0,exact,internal,2,86938b48ab88
BIOMD0000000061,vTIM,no_candidates,0,0,0,exact,internal,2,86938b48ab88
BIOMD0000000061,vlpGlyc,no_candidates,0,0,0,exact,internal,2,86938b48ab88
BIOMD0000000061,vlpPEP,no_candidates,0,0,0,exact,internal,2,86938b48ab88
BIOMD0000000063,Vgapd,no_candidates,0,0,0,exact,internal,2,86938b48ab88
BIOMD0000000063,Vhk,ok,1,0,0,exact,internal,2,86938b48ab88
BIOMD0000000063,Vpfk,no_candidates,0,0,0,exact,internal,2,86938b48ab88
BIOMD0000000064,vADH,no_candidates,0,0,0,exact,internal,2,86938b48ab88
BIOMD0000000064,vALD,ok,2,0,0,exact,internal,3,86938b48ab88
BIOMD0000000064,vENO,ok,1,0,0,exact,internal,2,86938b48ab88
BIOMD0000000064,vGAPDH,no_candidates,0,0,0,exact,internal,3,86938b48ab88
BIOMD0000000064,vGLK,no_candidates,0,0,0,exact,internal,2,86938b48ab88
BIOMD0000000064,vPDC,ok,2,0,0,exact,internal,3,86938b48ab88
BIOMD0000000064,vPFK,no_candidates,0,0,0,exact,internal,3,86938b48ab88
BIOMD0000000064,vPGI,ok,3,0,0,exact,internal,3,86938b48ab88
BIOMD0000000064,vPGK,no_candidates,0,0,0,exact,internal,2,86938b48ab88
BIOMD0000000064,vPGM,no_candidates,0,0,0,exact,internal,2,86938b48ab88
BIOMD0000000064,vPYK,no_candidates,0,0,0,exact,internal,2,86938b48ab88
BIOMD0000000066,vak,ok,1,0,0,exact,internal,2,86938b48ab88
BIOMD0000000066,vasd,no_candidates,0,0,0,exact,internal,2,86938b48ab88
BIOMD0000000066,vhdh,no_candidates,0,0,0,exact,internal,2,86938b48ab88
BIOMD0000000066,vhk,ok,1,0,0,exact,internal,2,86938b48ab88
BIOMD0000000066,vtsy,ok,1,0,0,exact,internal,2,86938b48ab88
BIOMD0000000067,V_Acs,ok,8,0,0,exact,internal,2,86938b48ab88
BIOMD0000000067,V_Pta,ok,1,0,0,exact,internal,2,86938b48ab88
BIOMD0000000068,v1,ok,1,0,0,exact,internal,2,86938b48ab88
BIOMD0000000068,vThr,ok,1,0,0,exact,internal,2,86938b48ab88
BIOMD0000000070,vAK,no_candidates,0,0,0,exact,internal,2,86938b48ab88
BIOMD0000000070,vALD,ok,2,0,0,exact,internal,3,86938b48ab88
BIOMD0000000070,vATPase,no_candidates,0,0,1,down,internal,1,86938b48ab88
BIOMD0000000070,vBPGM,ok,1,0,0,exact,internal,2,86938b48ab88
BIOMD0000000070,vBPGP,no_candidates,0,0,1,down,internal,2,86938b48ab88
BIOMD0000000070,vENO,ok,1,0,0,exact,internal,2,86938b48ab88
BIOMD0000000070,vG6PDH,ok,1,0,0,exact,internal,2,86938b48ab88
BIOMD0000000070,vGAPDH,ok,1,0,1,down,internal,2,86938b48ab88
BIOMD0000000070,vGPI,ok,3,0,0,exact,internal,2,86938b48ab88
BIOMD0000000070,vGSSGRD,no_candidates,0,0,0,exact,internal,2,86938b48ab88
BIOMD0000000070,vHEX,no_candidates,0,0,0,exact,internal,3,86938b48ab88
BIOMD0000000070,vLDHNADH,no_candidates,0,0,0,exact,internal,2,86938b48ab88
BIOMD0000000070,vPFK,no_candidates,0,0,0,exact,internal,3,86938b48ab88
BIOMD0000000070,vPGK,no_candidates,0,0,0,exact,internal,3,86938b48ab88
BIOMD0000000070,vPGLDH,no_candidates,0,0,0,exact,internal,2,86938b48ab88
BIOMD0000000070,vPGM,no_candidates,0,0,0,exact,internal,2,86938b48ab88
BIOMD0000000070,vPK,no_candidates,0,0,0,exact,internal,3,86938b48ab88
BIOMD0000000070,vPPRPPS,no_candidates,0,0,0,exact,internal,4,86938b48ab88
BIOMD0000000070,vRibPepi,ok,1,0,0,exact,internal,2,86938b48ab88
BIOMD0000000070,vRibPiso,no_candidates,0,0,0,exact,internal,2,86938b48ab88
BIOMD0000000070,vTPI,no_candidates,0,0,0,exact,internal,2,86938b48ab88
BIOMD0000000070,vTrAld,ok,2,0,0,exact,internal,4,86938b48ab88
BIOMD0000000070,vTrKet1,no_candidates,0,0,0,exact,internal,4,86938b48ab88
BIOMD0000000070,vTrKet2,no_candidates,0,0,0,exact,internal,4,86938b48ab88
BIOMD0000000071,vALD,ok,2,0,0,exact,internal,3,86938b48ab88
BIOMD0000000071,vGAPdh,ok,1,0,0,exact,internal,2,86938b48ab88
BIOMD0000000071,vGDH,no_candidates,0,0,0,exact,internal,2,86938b48ab88
BIOMD0000000071,vGPO,ok,6,0,0,exact,internal,2,86938b48ab88
BIOMD0000000071,vGlyK,ok,2,0,1,down,internal,2,86938b48ab88
BIOMD0000000071,vHK,no_candidates,0,0,1,down,internal,2,86938b48ab88
BIOMD0000000071,vPFK,no_candidates,0,0,1,down,internal,2,86938b48ab88
BIOMD0000000071,vPGI,ok,3,0,0,exact,internal,2,86938b48ab88
BIOMD0000000071,vPK,no_candidates,0,0,1,down,internal,4,86938b48ab88
BIOMD0000000071,vTPI,no_candidates,0,0,0,exact,internal,2,86938b48ab88
BIOMD0000000076,Gpd_p,no_candidates,0,0,0,exact,internal,2,86938b48ab88
BIOMD0000000076,Gpp_p,ok,3,0,0,exact,internal,2,86938b48ab88
BIOMD0000000081,PI4Kinase,ok,1,0,0,exact,internal,2,86938b48ab88
BIOMD0000000081,PIP2_5Pase,ok,1,0,0,exact,internal,2,86938b48ab88
BIOMD0000000081,PIP5kinase,ok,1,0,0,exact,internal,2,86938b48ab88
BIOMD0000000081,PLC,ok,1,0,0,exact,internal,2,86938b48ab88
BIOMD0000000088,re137,ok,1,0,0,exact,internal,1,86938b48ab88
BIOMD0000000088,re138,ok,1,0,0,exact,internal,1,86938b48ab88
BIOMD0000000088,re139,ok,1,0,0,exact,internal,1,86938b48ab88
BIOMD0000000088,re140,ok,1,0,0,exact,internal,1,86938b48ab88
BIOMD0000000088,re156,ok,1,0,0,exact,internal,1,86938b48ab88
BIOMD0000000088,re157,ok,1,0,0,exact,internal,1,86938b48ab88
BIOMD0000000088,re158,no_candidates,0,0,0,exact,internal,3,86938b48ab88
BIOMD0000000088,re159,no_candidates,0,0,0,exact,internal,3,86938b48ab88
BIOMD0000000088,re160,no_candidates,0,0,0,exact,internal,3,86938b48ab88
BIOMD0000000088,re161,no_candidates,0,0,0,exact,internal,3,86938b48ab88
BIOMD0000000088,re162,no_candidates,0,0,0,exact,internal,3,86938b48ab88
BIOMD0000000088,re163,no_candidates,0,0,0,exact,internal,3,86938b48ab88
BIOMD0000000088,re164,no_candidates,0,0,0,exact,internal,3,86938b48ab88
BIOMD0000000088,re165,no_candidates,0,0,0,exact,internal,3,86938b48ab88
BIOMD0000000088,re166,no_candidates,0,0,0,exact,internal,3,86938b48ab88
BIOMD0000000088,re167,no_candidates,0,0,0,exact,internal,3,86938b48ab88
BIOMD0000000088,re168,no_candidates,0,0,0,exact,internal,3,86938b48ab88
BIOMD0000000088,re169,no_candidates,0,0,0,exact,internal,3,86938b48ab88
BIOMD0000000088,re170,no_candidates,0,0,0,exact,internal,3,86938b48ab88
BIOMD0000000088,re171,no_candidates,0,0,0,exact,internal,3,86938b48ab88
BIOMD0000000088,re172,no_candidates,0,0,0,exact,internal,3,86938b48ab88
BIOMD0000000088,re173,no_candidates,0,0,0,exact,internal,3,86938b48ab88
BIOMD0000000088,re55,no_candidates,0,0,0,exact,internal,2,86938b48ab88
BIOMD0000000088,re56,no_candidates,0,0,0,exact,internal,3,86938b48ab88
BIOMD0000000088,re57,no_candidates,0,0,0,exact,internal,4,86938b48ab88
BIOMD0000000088,re58,no_candidates,0,0,0,exact,internal,4,86938b48ab88
BIOMD0000000093,v10,unconstrained_candidate_set,0,0,0,exact,,0,86938b48ab88
BIOMD0000000093,v4,unconstrained_candidate_set,0,0,0,exact,,0,86938b48ab88
BIOMD0000000094,v10,unconstrained_candidate_set,0,0,0,exact,,0,86938b48ab88
BIOMD0000000094,v4,unconstrained_candidate_set,0,0,0,exact,,0,86938b48ab88
BIOMD0000000108,reaction_1,ok,2,0,0,exact,internal,2,86938b48ab88
BIOMD0000000122,R1,unconstrained_candidate_set,0,0,0,exact,,0,86938b48ab88
BIOMD0000000123,R1,unconstrained_candidate_set,0,0,0,exact,,0,86938b48ab88
BIOMD0000000137,R14,ok,1,0,0,exact,internal,2,86938b48ab88
BIOMD0000000143,R5,no_candidates,0,0,0,exact,internal,4,86938b48ab88
BIOMD0000000143,R7,ok,1,0,0,exact,internal,4,86938b48ab88
BIOMD0000000143,R9,no_candidates,0,0,0,exact,internal,4,86938b48ab88
BIOMD0000000171,P1_pho,unconstrained_candidate_set,0,12312,0,exact,internal,0,86938b48ab88
BIOMD0000000171,P_pho,ok,1,0,0,exact,internal,1,86938b48ab88
BIOMD0000000171,T1_pho,ok,1,0,0,exact,internal,1,86938b48ab88
BIOMD0000000171,T_pho,ok,1,0,0,exact,internal,1,86938b48ab88
BIOMD0000000172,ADH,ok,2,0,0,exact,internal,2,86938b48ab88
BIOMD0000000172,AK,no_candidates,0,0,0,exact,internal,3,86938b48ab88
BIOMD0000000172,ALD,ok,2,0,0,exact,internal,3,86938b48ab88
BIOMD0000000172,ENO,ok,1,0,0,exact,internal,2,86938b48ab88
BIOMD0000000172,G3PDH,no_candidates,0,0,0,exact,internal,2,86938b48ab88
BIOMD0000000172,GAPDH,ok,1,0,0,exact,internal,2,86938b48ab88
BIOMD0000000172,HK,ok,2,0,0,exact,internal,2,86938b48ab88
BIOMD0000000172,PDC,ok,2,0,0,exact,internal,3,86938b48ab88
BIOMD0000000172,PFK,ok,2,0,0,exact,internal,2,86938b48ab88
BIOMD0000000172,PGI,ok,3,0,0,exact,internal,2,86938b48ab88
BIOMD0000000172,PGK,no_candidates,0,0,0,exact,internal,2,86938b48ab88
BIOMD0000000172,PGM,no_candidates,0,0,0,exact,internal,2,86938b48ab88
BIOMD0000000172,PYK,no_candidates,0,0,0,exact,internal,2,86938b48ab88
BIOMD0000000172,TPI,no_candidates,0,0,0,exact,internal,2,86938b48ab88
BIOMD0000000176,ADH,ok,2,0,0,exact,internal,2,86938b48ab88
BIOMD0000000176,AK,no_candidates,0,0,0,exact,internal,3,86938b48ab88
BIOMD0000000176,ENO,ok,1,0,0,exact,internal,2,86938b48ab88
BIOMD0000000176,FBA,ok,2,0,0,exact,internal,3,86938b48ab88
BIOMD0000000176,G3PDH,no_candidates,0,0,0,exact,internal,2,86938b48ab88
BIOMD0000000176,GPM,no_candidates,0,0,0,exact,internal,2,86938b48ab88
BIOMD0000000176,HXK,ok,2,0,0,exact,internal,2,86938b48ab88
BIOMD0000000176,PDC,ok,2,0,0,exact,internal,3,86938b48ab88
BIOMD0000000176,PFK,ok,2,0,0,exact,internal,2,86938b48ab88
BIOMD0000000176,PGI,ok,3,0,0,exact,internal,2,86938b48ab88
BIOMD0000000176,PGK,no_candidates,0,0,0,exact,internal,2,86938b48ab88
BIOMD0000000176,PYK,no_candidates,0,0,0,exact,internal,2,86938b48ab88
BIOMD0000000176,TDH,ok,1,0,0,exact,internal,2,86938b48ab88
BIOMD0000000176,TPI,no_candidates,0,0,0,exact,internal,2,86938b48ab88
BIOMD0000000177,ADH,ok,2,0,0,exact,internal,2,86938b48ab88
BIOMD0000000177,AK,no_candidates,0,0,0,exact,internal,3,86938b48ab88
BIOMD0000000177,ENO,ok,1,0,0,exact,internal,2,86938b48ab88
BIOMD0000000177,FBA,ok,2,0,0,exact,internal,3,86938b48ab88
BIOMD0000000177,G3PDH,no_candidates,0,0,0,exact,internal,2,86938b48ab88
BIOMD0000000177,HXK,ok,2,0,0,exact,internal,2,86938b48ab88
BIOMD0000000177,PDC,ok,2,0,0,exact,internal,3,86938b48ab88
BIOMD0000000177,PDH,ok,17,0,0,exact,internal,2,86938b48ab88
BIOMD0000000177,PFK,ok,2,0,0,exact,internal,2,86938b48ab88
BIOMD0000000177,PGI,ok,3,0,0,exact,internal,2,86938b48ab88
BIOMD0000000177,PGK,no_candidates,0,0,0,exact,internal,2,86938b48ab88
BIOMD0000000177,PGM,no_candidates,0,0,0,exact,internal,2,86938b48ab88
BIOMD0000000177,PYK,no_candidates,0,0,0,exact,internal,2,86938b48ab88
BIOMD0000000177,TDH,ok,1,0,0,exact,internal,2,86938b48ab88
BIOMD0000000177,TPI,no_candidates,0,0,0,exact,internal,2,86938b48ab88
BIOMD0000000190,MAT,ok,1,0,0,exact,internal,2,86938b48ab88
BIOMD0000000190,ODC,ok,1,0,0,exact,internal,2,86938b48ab88
BIOMD0000000190,PAO_for_aD,no_candidates,0,0,1,down,internal,3,86938b48ab88
BIOMD0000000190,PAO_for_aS,ok,1,0,0,exact,internal,2,86938b48ab88
BIOMD0000000190,SAMdc,ok,1,0,0,exact,internal,2,86938b48ab88
BIOMD0000000190,SSAT_for_D,no_candidates,0,0,1,down,internal,5,86938b48ab88
BIOMD0000000190,SSAT_for_S,no_candidates,0,0,0,exact,internal,4,86938b48ab88
BIOMD0000000190,SpdS,ok,1,0,0,exact,internal,3,86938b48ab88
BIOMD0000000190,SpmS,ok,1,0,0,exact,internal,3,86938b48ab88
BIOMD0000000191,Arginase,ok,11,0,0,exact,internal,2,86938b48ab88
BIOMD0000000206,v1,no_candidates,0,0,0,exact,internal,3,86938b48ab88
BIOMD0000000206,v2,ok,2,0,0,exact,internal,4,86938b48ab88
BIOMD0000000206,v4,no_candidates,0,0,0,exact,internal,2,86938b48ab88
BIOMD0000000206,v5,ok,2,0,0,exact,internal,2,86938b48ab88
BIOMD0000000206,v6,no_candidates,0,0,0,exact,internal,2,86938b48ab88
BIOMD0000000206,v8,no_candidates,0,0,0,exact,internal,3,86938b48ab88
BIOMD0000000211,vAKc,ok,1,0,0,exact,internal,3,86938b48ab88
BIOMD0000000211,vAKg,ok,1,0,0,exact,internal,3,86938b48ab88
BIOMD0000000211,vALD,ok,2,0,0,exact,internal,3,86938b48ab88
BIOMD0000000211,vENO,ok,1,0,0,exact,internal,2,86938b48ab88
BIOMD0000000211,vGAPDH,ok,1,0,0,exact,internal,2,86938b48ab88
BIOMD0000000211,vGK,no_candidates,0,0,0,exact,internal,2,86938b48ab88
BIOMD0000000211,vGPDH,no_candidates,0,0,0,exact,internal,2,86938b48ab88
BIOMD0000000211,vGPO,ok,6,0,0,exact,internal,2,86938b48ab88
BIOMD0000000211,vHK,ok,2,0,0,exact,internal,3,86938b48ab88
BIOMD0000000211,vPFK,ok,2,0,0,exact,internal,2,86938b48ab88
BIOMD0000000211,vPGI,ok,3,0,0,exact,internal,3,86938b48ab88
BIOMD0000000211,vPGK,no_candidates,0,0,0,exact,internal,2,86938b48ab88
BIOMD0000000211,vPGM,no_candidates,0,0,0,exact,internal,3,86938b48ab88
BIOMD0000000211,vPK,no_candidates,0,0,0,exact,internal,2,86938b48ab88
BIOMD0000000211,vTPI,no_candidates,0,0,0,exact,internal,2,86938b48ab88
BIOMD0000000212,Vak1,ok,1,0,0,exact,internal,2,86938b48ab88
BIOMD0000000212,Vak2,ok,1,0,0,exact,internal,2,86938b48ab88
BIOMD0000000212,VakI,ok,1,0,0,exact,internal,2,86938b48ab88
BIOMD0000000212,VakII,ok,1,0,0,exact,internal,2,86938b48ab88
BIOMD0000000212,Vasadh,no_candidates,0,0,0,exact,internal,2,86938b48ab88
BIOMD0000000212,Vcgs,ok,1,0,0,exact,internal,2,86938b48ab88
BIOMD0000000212,Vhsdh1,no_candidates,0,0,0,exact,internal,2,86938b48ab88
BIOMD0000000212,Vhsdh2,no_candidates,0,0,0,exact,internal,2,86938b48ab88
BIOMD0000000212,Vhsk,ok,1,0,0,exact,internal,2,86938b48ab88
BIOMD0000000212,VileTRNA,ok,1,0,0,exact,internal,2,86938b48ab88
BIOMD0000000212,VlysKR,no_candidates,0,0,0,exact,internal,2,86938b48ab88
BIOMD0000000212,VlysTRNA,ok,1,0,0,exact,internal,2,86938b48ab88
BIOMD0000000212,Vtha,ok,1,0,0,exact,internal,2,86938b48ab88
BIOMD0000000212,VthrTRNA,ok,1,0,0,exact,internal,2,86938b48ab88
BIOMD0000000212,Vts1,ok,1,0,0,exact,internal,2,86938b48ab88
BIOMD0000000213,V_AICART,ok,7,0,0,exact,internal,2,86938b48ab88
BIOMD0000000213,V_DHFR,no_candidates,0,0,0,exact,internal,2,86938b48ab88
BIOMD0000000213,V_FTD,ok,7,0,0,exact,internal,2,86938b48ab88
BIOMD0000000213,V_FTS,ok,1,0,0,exact,internal,2,86938b48ab88
BIOMD0000000213,V_MS,ok,3,0,0,exact,internal,2,86938b48ab88
BIOMD0000000213,V_MTCH,ok,1,0,0,exact,internal,2,86938b48ab88
BIOMD0000000213,V_MTD,ok,2,0,0,exact,internal,2,86938b48ab88
BIOMD0000000213,V_MTHFR,ok,1,0,0,exact,internal,2,86938b48ab88
BIOMD0000000213,V_PGT,ok,7,0,0,exact,internal,2,86938b48ab88
BIOMD0000000213,V_SHMT,ok,9,0,0,exact,internal,2,86938b48ab88
BIOMD0000000213,V_TS,ok,2,0,0,exact,internal,2,86938b48ab88
BIOMD0000000218,ACN,ok,1,0,0,exact,internal,2,86938b48ab88
BIOMD0000000218,CS,no_candidates,0,0,0,exact,internal,4,86938b48ab88
BIOMD0000000218,FUM,no_candidates,0,0,0,exact,internal,2,86938b48ab88
BIOMD0000000218,ICD1,ok,2,0,0,exact,internal,2,86938b48ab88
BIOMD0000000218,ICD2,ok,2,0,0,exact,internal,2,86938b48ab88
BIOMD0000000218,ICL1,ok,1,0,0,exact,internal,3,86938b48ab88
BIOMD0000000218,ICL2,ok,1,0,0,exact,internal,3,86938b48ab88
BIOMD0000000218,KGD,ok,2,0,0,exact,internal,2,86938b48ab88
BIOMD0000000218,MDH,ok,5,0,0,exact,internal,2,86938b48ab88
BIOMD0000000218,MS,no_candidates,0,0,0,exact,internal,4,86938b48ab88
BIOMD0000000218,SDH,ok,6,0,0,exact,internal,2,86938b48ab88
BIOMD0000000218,SSADH,ok,2,0,0,exact,internal,2,86938b48ab88
BIOMD0000000218,ScAS,ok,19,0,0,exact,internal,2,86938b48ab88
BIOMD0000000219,ACN,ok,1,0,0,exact,internal,2,86938b48ab88
BIOMD0000000219,CS,no_candidates,0,0,0,exact,internal,4,86938b48ab88
BIOMD0000000219,FUM,no_candidates,0,0,0,exact,internal,2,86938b48ab88
BIOMD0000000219,ICD1,ok,2,0,0,exact,internal,2,86938b48ab88
BIOMD0000000219,ICD2,ok,2,0,0,exact,internal,2,86938b48ab88
BIOMD0000000219,ICL1,ok,1,0,0,exact,internal,3,86938b48ab88
BIOMD0000000219,ICL2,ok,1,0,0,exact,internal,3,86938b48ab88
BIOMD0000000219,KDH,ok,2,0,0,exact,internal,2,86938b48ab88
BIOMD0000000219,KGD,ok,2,0,0,exact,internal,2,86938b48ab88
BIOMD0000000219,MDH,ok,5,0,0,exact,internal,2,86938b48ab88
BIOMD0000000219,MS,no_candidates,0,0,0,exact,internal,4,86938b48ab88
BIOMD0000000219,SDH,ok,6,0,0,exact,internal,2,86938b48ab88
BIOMD0000000219,SSADH,ok,2,0,0,exact,internal,2,86938b48ab88
BIOMD0000000219,ScAS,ok,19,0,0,exact,internal,2,86938b48ab88
BIOMD0000000221,ACN,ok,1,0,0,exact,internal,2,86938b48ab88
BIOMD0000000221,CS,no_candidates,0,0,0,exact,internal,4,86938b48ab88
BIOMD0000000221,FUM,no_candidates,0,0,0,exact,internal,2,86938b48ab88
BIOMD0000000221,ICD,ok,2,0,0,exact,internal,2,86938b48ab88
BIOMD0000000221,ICL,ok,1,0,0,exact,internal,3,86938b48ab88
BIOMD0000000221,KDH,ok,2,0,0,exact,internal,2,86938b48ab88
BIOMD0000000221,MDH,ok,5,0,0,exact,internal,2,86938b48ab88
BIOMD0000000221,MS,no_candidates,0,0,0,exact,internal,4,86938b48ab88
BIOMD0000000221,SDH,ok,6,0,0,exact,internal,2,86938b48ab88
BIOMD0000000221,ScAS,ok,19,0,0,exact,internal,2,86938b48ab88
BIOMD0000000222,ACN,ok,1,0,0,exact,internal,2,86938b48ab88
BIOMD0000000222,CS,no_candidates,0,0,0,exact,internal,4,86938b48ab88
BIOMD0000000222,FUM,no_candidates,0,0,0,exact,internal,2,86938b48ab88
BIOMD0000000222,ICD,ok,2,0,0,exact,internal,2,86938b48ab88
BIOMD0000000222,ICL,ok,1,0,0,exact,internal,3,86938b48ab88
BIOMD0000000222,KDH,ok,2,0,0,exact,internal,2,86938b48ab88
BIOMD0000000222,MDH,ok,5,0,0,exact,internal,2,86938b48ab88
BIOMD0000000222,MS,no_candidates,0,0,0,exact,internal,4,86938b48ab88
BIOMD0000000222,SDH,ok,6,0,0,exact,internal,2,86938b48ab88
BIOMD0000000222,ScAS,ok,19,0,0,exact,internal,2,86938b48ab88
BIOMD0000000225,vfba,ok,3,0,0,exact,internal,2,86938b48ab88
BIOMD0000000225,vgk,no_candidates,0,0,0,exact,internal,4,86938b48ab88
BIOMD0000000225,vpfk,no_candidates,0,0,0,exact,internal,4,86938b48ab88
BIOMD0000000231,v1,ok,241,0,0,exact,internal,2,86938b48ab88
BIOMD0000000231,v2,ok,1,0,0,exact,internal,3,86938b48ab88
BIOMD0000000231,v3,ok,12,0,0,exact,internal,2,86938b48ab88
BIOMD0000000231,v4,ok,303,0,0,exact,internal,1,86938b48ab88
BIOMD0000000232,v2,ok,1,0,0,exact,internal,2,86938b48ab88
BIOMD0000000232,v3,no_candidates,0,0,0,exact,internal,3,86938b48ab88
BIOMD0000000232,v4,no_candidates,0,0,0,exact,internal,2,86938b48ab88
BIOMD0000000232,v5,no_candidates,0,0,0,exact,internal,2,86938b48ab88
BIOMD0000000232,v6,no_candidates,0,0,0,exact,internal,2,86938b48ab88
BIOMD0000000232,v7,ok,1,0,0,exact,internal,2,86938b48ab88
BIOMD0000000232,vANT,ok,443,0,0,exact,internal,2,86938b48ab88
BIOMD0000000232,vATP,no_candidates,0,0,0,exact,internal,5,86938b48ab88
BIOMD0000000232,vresp,no_candidates,0,0,0,exact,internal,5,86938b48ab88
BIOMD0000000236,vfba,ok,2,0,0,exact,internal,3,86938b48ab88
BIOMD0000000236,vgk,no_candidates,0,0,2,up,internal,5,86938b48ab88
BIOMD0000000236,vpfk,no_candidates,0,0,2,up,internal,5,86938b48ab88
BIOMD0000000244,e_AceA,no_candidates,0,0,0,exact,internal,3,86938b48ab88
BIOMD0000000244,e_AceB,no_candidates,0,0,0,exact,internal,3,86938b48ab88
BIOMD0000000245,r3,ok,2,0,0,exact,internal,3,86938b48ab88
BIOMD0000000245,r4,ok,2,0,0,exact,internal,2,86938b48ab88
BIOMD0000000245,r6,no_candidates,0,0,0,exact,internal,2,86938b48ab88
BIOMD0000000247,v6PGL,no_candidates,0,0,1,up,internal,2,86938b48ab88
BIOMD0000000247,vADH,no_candidates,0,0,0,exact,internal,2,86938b48ab88
BIOMD0000000247,vALD,ok,2,0,0,exact,internal,3,86938b48ab88
BIOMD0000000247,vENO,ok,1,0,0,exact,internal,2,86938b48ab88
BIOMD0000000247,vG6PDH,ok,1,0,0,exact,internal,2,86938b48ab88
BIOMD0000000247,vGAPDH,ok,1,0,0,exact,internal,2,86938b48ab88
BIOMD0000000247,vGLK,no_candidates,0,0,0,exact,internal,2,86938b48ab88
BIOMD0000000247,vGluDH,no_candidates,0,0,1,up,internal,2,86938b48ab88
BIOMD0000000247,vPDC,ok,2,0,0,exact,internal,3,86938b48ab88
BIOMD0000000247,vPFK,no_candidates,0,0,0,exact,internal,3,86938b48ab88
BIOMD0000000247,vPGI,ok,3,0,0,exact,internal,3,86938b48ab88
BIOMD0000000247,vPGK,no_candidates,0,0,0,exact,internal,2,86938b48ab88
BIOMD0000000247,vPGM,no_candidates,0,0,0,exact,internal,2,86938b48ab88
BIOMD0000000247,vPPI,no_candidates,0,0,0,exact,internal,2,86938b48ab88
BIOMD0000000247,vPYK,no_candidates,0,0,0,exact,internal,2,86938b48ab88
BIOMD0000000247,vTPI,ok,2,0,0,exact,internal,2,86938b48ab88
BIOMD0000000247,vTransald,ok,2,0,0,exact,internal,5,86938b48ab88
BIOMD0000000247,vTransk1,no_candidates,0,0,0,exact,internal,4,86938b48ab88
BIOMD0000000247,vTransk2,no_candidates,0,0,0,exact,internal,5,86938b48ab88
BIOMD0000000248,CreatineKinase,no_candidates,0,0,0,exact,internal,2,86938b48ab88
BIOMD0000000253,HK,no_candidates,0,0,0,exact,internal,3,86938b48ab88
BIOMD0000000253,PFK,no_candidates,0,0,0,exact,internal,3,86938b48ab88
BIOMD0000000253,lower,no_candidates,0,0,0,exact,internal,3,86938b48ab88
BIOMD0000000268,V_ART,ok,1,0,0,exact,internal,3,86938b48ab88
BIOMD0000000268,V_BHMT,ok,1,0,0,exact,internal,4,86938b48ab88
BIOMD0000000268,V_CBS,ok,2,0,0,exact,internal,2,86938b48ab88
BIOMD0000000268,V_CTGL,ok,23,0,0,exact,internal,1,86938b48ab88
BIOMD0000000268,V_DNMT,ok,468,0,0,exact,internal,2,86938b48ab88
BIOMD0000000268,V_GCS,ok,1,0,0,exact,internal,3,86938b48ab88
BIOMD0000000268,V_GNMT,ok,1,0,0,exact,internal,4,86938b48ab88
BIOMD0000000268,V_GPX,ok,1,0,0,exact,internal,2,86938b48ab88
BIOMD0000000268,V_GR,no_candidates,0,0,0,exact,internal,2,86938b48ab88
BIOMD0000000268,V_GS,ok,1,0,0,exact,internal,3,86938b48ab88
BIOMD0000000268,V_MATI,ok,1,0,0,exact,internal,2,86938b48ab88
BIOMD0000000268,V_MATIII,ok,1,0,0,exact,internal,2,86938b48ab88
BIOMD0000000268,V_MTHFR,no_candidates,0,0,0,exact,internal,2,86938b48ab88
BIOMD0000000268,V_SAHH,ok,1,0,0,exact,internal,2,86938b48ab88
BIOMD0000000268,V_TS,ok,1,0,0,exact,internal,3,86938b48ab88
BIOMD0000000268,VcMTCH,ok,2,0,0,exact,internal,1,86938b48ab88
BIOMD0000000268,VcMTD,ok,1,0,0,exact,internal,2,86938b48ab88
BIOMD0000000268,VmFTD,ok,7,0,0,exact,internal,2,86938b48ab88
BIOMD0000000268,VmFTS,ok,1,0,0,exact,internal,3,86938b48ab88
BIOMD0000000268,VmNE,ok,1,0,0,exact,internal,3,86938b48ab88
BIOMD0000000268,VmSHMT,no_candidates,0,0,0,exact,internal,4,86938b48ab88
BIOMD0000000281,r_1,no_candidates,0,0,0,exact,internal,1,86938b48ab88
BIOMD0000000281,r_10,no_candidates,0,0,0,exact,internal,1,86938b48ab88
BIOMD0000000281,r_11,no_candidates,0,0,0,exact,internal,2,86938b48ab88
BIOMD0000000281,r_12,no_candidates,0,0,0,exact,internal,2,86938b48ab88
BIOMD0000000281,r_13,no_candidates,0,0,0,exact,internal,2,86938b48ab88
BIOMD0000000281,r_14,ok,3,0,0,exact,internal,2,86938b48ab88
BIOMD0000000281,r_2,ok,1,0,0,exact,internal,2,86938b48ab88
BIOMD0000000281,r_3,ok,1,0,0,exact,internal,1,86938b48ab88
BIOMD0000000281,r_4,no_candidates,0,0,0,exact,internal,2,86938b48ab88
BIOMD0000000281,r_5,ok,2,0,0,exact,internal,3,86938b48ab88
BIOMD0000000281,r_6,no_candidates,0,0,0,exact,internal,2,86938b48ab88
BIOMD0000000281,r_7,ok,1,0,0,exact,internal,2,86938b48ab88
BIOMD0000000281,r_8,no_candidates,0,0,0,exact,internal,1,86938b48ab88
BIOMD0000000281,r_9,ok,2,0,0,exact,internal,2,86938b48ab88
BIOMD0000000292,v1,no_candidates,0,0,0,exact,internal,11,86938b48ab88
BIOMD0000000292,v2,no_candidates,0,0,0,exact,internal,11,86938b48ab88
BIOMD0000000450,V_ART,ok,1,0,0,exact,internal,3,86938b48ab88
BIOMD0000000450,V_BHMT,ok,1,0,0,exact,internal,4,86938b48ab88
BIOMD0000000450,V_CBS,ok,2,0,0,exact,internal,2,86938b48ab88
BIOMD0000000450,V_CTGL,ok,23,0,0,exact,internal,1,86938b48ab88
BIOMD0000000450,V_DNMT,ok,468,0,0,exact,internal,2,86938b48ab88
BIOMD0000000450,V_GCS,ok,1,0,0,exact,internal,3,86938b48ab88
BIOMD0000000450,V_GNMT,ok,1,0,0,exact,internal,4,86938b48ab88
BIOMD0000000450,V_GPX,ok,1,0,0,exact,internal,2,86938b48ab88
BIOMD0000000450,V_GR,no_candidates,0,0,0,exact,internal,2,86938b48ab88
BIOMD0000000450,V_GS,ok,1,0,0,exact,internal,3,86938b48ab88
BIOMD0000000450,V_MATI,ok,1,0,0,exact,internal,2,86938b48ab88
BIOMD0000000450,V_MATIII,ok,1,0,0,exact,internal,2,86938b48ab88
BIOMD0000000450,V_MTHFR,no_candidates,0,0,0,exact,internal,2,86938b48ab88
BIOMD0000000450,V_SAHH,ok,1,0,0,exact,internal,2,86938b48ab88
BIOMD0000000450,V_TS,ok,1,0,0,exact,internal,3,86938b48ab88
BIOMD0000000450,VcMTCH,ok,2,0,0,exact,internal,1,86938b48ab88
BIOMD0000000450,VcMTD,ok,1,0,0,exact,internal,2,86938b48ab88
BIOMD0000000450,VmFTD,ok,7,0,0,exact,internal,2,86938b48ab88
BIOMD0000000450,VmFTS,ok,1,0,0,exact,internal,3,86938b48ab88
BIOMD0000000450,VmNE,ok,1,0,0,exact,internal,3,86938b48ab88
BIOMD0000000450,VmSHMT,no_candidates,0,0,0,exact,internal,4,86938b48ab88
BIOMD0000000471,r_0005,no_candidates,0,0,1,up,internal,4,86938b48ab88
BIOMD0000000471,r_0007,ok,1,0,0,exact,internal,2,86938b48ab88
BIOMD0000000471,r_0008,ok,46,0,1,down,internal,47,86938b48ab88
BIOMD0000000471,r_0015,ok,115,0,1,up,internal,1,86938b48ab88
BIOMD0000000471,r_0016,ok,1,0,0,exact,internal,4,86938b48ab88
BIOMD0000000471,r_0018,ok,61,0,0,exact,internal,1,86938b48ab88
BIOMD0000000471,r_0020,ok,13,0,1,up,internal,1,86938b48ab88
BIOMD0000000471,r_0023,ok,1,0,0,exact,internal,2,86938b48ab88
BIOMD0000000471,r_0024,ok,20,0,0,exact,internal,1,86938b48ab88
BIOMD0000000471,r_0027,ok,1,0,0,exact,internal,2,86938b48ab88
BIOMD0000000471,r_0029,ok,1,0,0,exact,internal,2,86938b48ab88
BIOMD0000000471,r_0032,ok,1,0,0,exact,internal,2,86938b48ab88
BIOMD0000000471,r_0038,ok,1,0,0,exact,internal,3,86938b48ab88
BIOMD0000000471,r_0039,ok,1,0,0,exact,internal,2,86938b48ab88
BIOMD0000000471,r_0040,no_candidates,0,0,1,up,internal,3,86938b48ab88
BIOMD0000000471,r_0041,ok,115,0,1,up,internal,1,86938b48ab88
BIOMD0000000471,r_0060,no_candidates,0,0,0,exact,internal,2,86938b48ab88
BIOMD0000000471,r_0061,no_candidates,0,0,1,up,internal,3,86938b48ab88
BIOMD0000000471,r_0065,ok,1,0,2,up,internal,4,86938b48ab88
BIOMD0000000471,r_0079,ok,1,0,0,exact,internal,4,86938b48ab88
BIOMD0000000471,r_0080,ok,115,0,1,up,internal,1,86938b48ab88
BIOMD0000000471,r_0097,ok,17,0,0,exact,internal,2,86938b48ab88
BIOMD0000000471,r_0108,ok,1,0,0,exact,internal,3,86938b48ab88
BIOMD0000000471,r_0115,ok,1,0,0,exact,internal,2,86938b48ab88
BIOMD0000000471,r_0118,no_candidates,0,0,0,exact,internal,4,86938b48ab88
BIOMD0000000471,r_0142,ok,1,0,0,exact,internal,2,86938b48ab88
BIOMD0000000471,r_0144,ok,1,0,0,exact,internal,3,86938b48ab88
BIOMD0000000471,r_0148,ok,1,0,0,exact,internal,3,86938b48ab88
BIOMD0000000471,r_0151,ok,1,0,0,exact,internal,3,86938b48ab88
BIOMD0000000471,r_0152,ok,1,0,0,exact,internal,3,86938b48ab88
BIOMD0000000471,r_0153,ok,1,0,0,exact,internal,5,86938b48ab88
BIOMD0000000471,r_0154,ok,1,0,0,exact,internal,2,86938b48ab88
BIOMD0000000471,r_0157,ok,1,0,0,exact,internal,4,86938b48ab88
BIOMD0000000471,r_0195,no_candidates,0,0,2,up,internal,7,86938b48ab88
BIOMD0000000471,r_0202,no_candidates,0,0,0,exact,internal,3,86938b48ab88
BIOMD0000000471,r_0203,ok,1,0,0,exact,internal,5,86938b48ab88
BIOMD0000000471,r_0207,ok,1,0,0,exact,internal,3,86938b48ab88
BIOMD0000000471,r_0208,ok,1,0,0,exact,internal,4,86938b48ab88
BIOMD0000000471,r_0209,ok,1,0,0,exact,internal,4,86938b48ab88
BIOMD0000000471,r_0211,ok,1,0,0,exact,internal,5,86938b48ab88
BIOMD0000000471,r_0212,ok,1,0,0,exact,internal,4,86938b48ab88
BIOMD0000000471,r_0214,ok,1,0,0,exact,internal,3,86938b48ab88
BIOMD0000000471,r_0215,ok,1,0,0,exact,internal,2,86938b48ab88
BIOMD0000000471,r_0216,no_candidates,0,0,0,exact,internal,4,86938b48ab88
BIOMD0000000471,r_0219,no_candidates,0,0,1,up,internal,3,86938b48ab88
BIOMD0000000471,r_0220,ok,1,0,0,exact,internal,4,86938b48ab88
BIOMD0000000471,r_0225,unconstrained_candidate_set,0,12312,0,exact,internal,0,86938b48ab88
BIOMD0000000471,r_0231,no_candidates,0,0,1,up,internal,3,86938b48ab88
BIOMD0000000471,r_0236,no_candidates,0,0,1,up,internal,3,86938b48ab88
BIOMD0000000471,r_0241,no_candidates,0,0,1,up,internal,3,86938b48ab88
BIOMD0000000471,r_0243,ok,1,0,1,up,internal,2,86938b48ab88
BIOMD0000000471,r_0244,no_candidates,0,0,1,up,internal,3,86938b48ab88
BIOMD0000000471,r_0250,ok,1,0,0,exact,internal,4,86938b48ab88
BIOMD0000000471,r_0257,ok,1,0,0,exact,internal,3,86938b48ab88
BIOMD0000000471,r_0278,ok,1,0,0,exact,internal,2,86938b48ab88
BIOMD0000000471,r_0279,ok,1,0,0,exact,internal,2,86938b48ab88
BIOMD0000000471,r_0280,no_candidates,0,0,0,exact,internal,2,86938b48ab88
BIOMD0000000471,r_0302,ok,1,0,0,exact,internal,2,86938b48ab88
BIOMD0000000471,r_0309,ok,2,0,0,exact,internal,3,86938b48ab88
BIOMD0000000471,r_0311,ok,1,0,0,exact,internal,4,86938b48ab88
BIOMD0000000471,r_0313,ok,1,0,0,exact,internal,4,86938b48ab88
BIOMD0000000471,r_0317,no_candidates,0,0,1,up,internal,4,86938b48ab88
BIOMD0000000471,r_0330,unconstrained_candidate_set,0,12312,0,exact,internal,0,86938b48ab88
BIOMD0000000471,r_0344,ok,1,0,1,up,internal,2,86938b48ab88
BIOMD0000000471,r_0349,unconstrained_candidate_set,0,12312,0,exact,internal,0,86938b48ab88
BIOMD0000000471,r_0352,ok,2,0,0,exact,internal,2,86938b48ab88
BIOMD0000000471,r_0353,ok,1,0,0,exact,internal,2,86938b48ab88
BIOMD0000000471,r_0355,ok,1,0,0,exact,internal,3,86938b48ab88
BIOMD0000000471,r_0361,ok,1,0,0,exact,internal,4,86938b48ab88
BIOMD0000000471,r_0364,ok,1,0,0,exact,internal,2,86938b48ab88
BIOMD0000000471,r_0366,ok,454,0,1,up,internal,1,86938b48ab88
BIOMD0000000471,r_0438,ok,3,0,0,exact,internal,2,86938b48ab88
BIOMD0000000471,r_0446,ok,1,0,1,up,internal,3,86938b48ab88
BIOMD0000000471,r_0451,no_candidates,0,0,0,exact,internal,2,86938b48ab88
BIOMD0000000471,r_0462,ok,1,0,0,exact,internal,3,86938b48ab88
BIOMD0000000471,r_0467,no_candidates,0,0,2,up,internal,4,86938b48ab88
BIOMD0000000471,r_0478,ok,1,0,0,exact,internal,4,86938b48ab88
BIOMD0000000471,r_0479,ok,1,0,0,exact,internal,4,86938b48ab88
BIOMD0000000471,r_0481,ok,115,0,1,up,internal,1,86938b48ab88
BIOMD0000000471,r_0483,ok,1,0,0,exact,internal,2,86938b48ab88
BIOMD0000000471,r_0491,ok,115,0,1,up,internal,1,86938b48ab88
BIOMD0000000471,r_0495,ok,1,0,0,exact,internal,4,86938b48ab88
BIOMD0000000471,r_0499,ok,1,0,0,exact,internal,4,86938b48ab88
BIOMD0000000471,r_0502,no_candidates,0,0,0,exact,internal,4,86938b48ab88
BIOMD0000000471,r_0512,ok,1,0,0,exact,internal,4,86938b48ab88
BIOMD0000000471,r_0514,ok,1,0,0,exact,internal,5,86938b48ab88
BIOMD0000000471,r_0525,ok,115,0,1,up,internal,2,86938b48ab88
BIOMD0000000471,r_0528,ok,1,0,0,exact,internal,2,86938b48ab88
BIOMD0000000471,r_0534,no_candidates,0,0,2,up,internal,4,86938b48ab88
BIOMD0000000471,r_0536,no_candidates,0,0,2,up,internal,4,86938b48ab88
BIOMD0000000471,r_0537,unconstrained_candidate_set,0,12312,0,exact,internal,0,86938b48ab88
BIOMD0000000471,r_0538,ok,61,0,0,exact,internal,1,86938b48ab88
BIOMD0000000471,r_0539,ok,1,0,0,exact,internal,4,86938b48ab88
BIOMD0000000471,r_0542,ok,1,0,0,exact,internal,1,86938b48ab88
BIOMD0000000471,r_0543,ok,1,0,0,exact,internal,4,86938b48ab88
BIOMD0000000471,r_0547,no_candidates,0,0,1,up,internal,3,86938b48ab88
BIOMD0000000471,r_0548,ok,1,0,0,exact,internal,2,86938b48ab88
BIOMD0000000471,r_0549,ok,1,0,0,exact,internal,4,86938b48ab88
BIOMD0000000471,r_0558,no_candidates,0,0,2,up,internal,6,86938b48ab88
BIOMD0000000471,r_0559,ok,3,0,1,down+up,internal,2,86938b48ab88
BIOMD0000000471,r_0563,ok,1,0,0,exact,internal,5,86938b48ab88
BIOMD0000000471,r_0564,ok,1,0,0,exact,internal,2,86938b48ab88
BIOMD0000000471,r_0565,ok,166,0,1,up,internal,1,86938b48ab88
BIOMD0000000471,r_0566,ok,29,0,1,up,internal,2,86938b48ab88
BIOMD0000000471,r_0570,unconstrained_candidate_set,0,12312,0,exact,internal,0,86938b48ab88
BIOMD0000000471,r_0594,no_candidates,0,0,1,up,internal,3,86938b48ab88
BIOMD0000000471,r_0658,no_candidates,0,0,1,up,internal,4,86938b48ab88
BIOMD0000000471,r_0661,no_candidates,0,0,1,up,internal,4,86938b48ab88
BIOMD0000000471,r_0663,no_candidates,0,0,0,exact,internal,4,86938b48ab88
BIOMD0000000471,r_0665,ok,1,0,0,exact,internal,4,86938b48ab88
BIOMD0000000471,r_0667,ok,1,0,0,exact,internal,2,86938b48ab88
BIOMD0000000471,r_0674,no_candidates,0,0,0,exact,internal,4,86938b48ab88
BIOMD0000000471,r_0698,ok,1,0,0,exact,internal,2,86938b48ab88
BIOMD0000000471,r_0699,no_candidates,0,0,0,exact,internal,4,86938b48ab88
BIOMD0000000471,r_0701,ok,1,0,0,exact,internal,4,86938b48ab88
BIOMD0000000471,r_0711,ok,1,0,0,exact,internal,4,86938b48ab88
BIOMD0000000471,r_0713,no_candidates,0,0,1,up,internal,3,86938b48ab88
BIOMD0000000471,r_0722,ok,1,0,0,exact,internal,3,86938b48ab88
BIOMD0000000471,r_0723,ok,7,0,0,exact,internal,1,86938b48ab88
BIOMD0000000471,r_0724,ok,1,0,0,exact,internal,2,86938b48ab88
BIOMD0000000471,r_0726,ok,1,0,1,up,internal,4,86938b48ab88
BIOMD0000000471,r_0727,ok,1,0,0,exact,internal,4,86938b48ab88
BIOMD0000000471,r_0729,ok,1,0,0,exact,internal,4,86938b48ab88
BIOMD0000000471,r_0731,ok,166,0,1,up,internal,1,86938b48ab88
BIOMD0000000471,r_0732,ok,166,0,1,up,internal,1,86938b48ab88
BIOMD0000000471,r_0739,ok,29,0,1,up,internal,2,86938b48ab88
BIOMD0000000471,r_0757,ok,1,0,0,exact,internal,2,86938b48ab88
BIOMD0000000471,r_0759,no_candidates,0,0,1,up,internal,3,86938b48ab88
BIOMD0000000471,r_0792,ok,1,0,0,exact,internal,2,86938b48ab88
BIOMD0000000471,r_0800,ok,1,0,0,exact,internal,2,86938b48ab88
BIOMD0000000471,r_0811,ok,1,0,0,exact,internal,2,86938b48ab88
BIOMD0000000471,r_0813,ok,1,0,0,exact,internal,4,86938b48ab88
BIOMD0000000471,r_0820,unconstrained_candidate_set,0,12312,0,exact,internal,0,86938b48ab88
BIOMD0000000471,r_0821,ok,1,0,0,exact,internal,3,86938b48ab88
BIOMD0000000471,r_0851,no_candidates,0,0,0,exact,internal,4,86938b48ab88
BIOMD0000000471,r_0852,ok,1,0,0,exact,internal,4,86938b48ab88
BIOMD0000000471,r_0855,ok,1,0,0,exact,internal,2,86938b48ab88
BIOMD0000000471,r_0858,ok,1,0,0,exact,internal,4,86938b48ab88
BIOMD0000000471,r_0874,ok,1,0,0,exact,internal,4,86938b48ab88
BIOMD0000000471,r_0877,ok,1,0,0,exact,internal,3,86938b48ab88
BIOMD0000000471,r_0880,ok,1,0,0,exact,internal,4,86938b48ab88
BIOMD0000000471,r_0886,ok,2,0,0,exact,internal,2,86938b48ab88
BIOMD0000000471,r_0888,no_candidates,0,0,2,up,internal,4,86938b48ab88
BIOMD0000000471,r_0891,no_candidates,0,0,2,up,internal,4,86938b48ab88
BIOMD0000000471,r_0892,unconstrained_candidate_set,0,12312,0,exact,internal,0,86938b48ab88
BIOMD0000000471,r_0893,unconstrained_candidate_set,0,12312,0,exact,internal,0,86938b48ab88
BIOMD0000000471,r_0900,ok,1,0,0,exact,internal,4,86938b48ab88
BIOMD0000000471,r_0901,ok,1,0,0,exact,internal,4,86938b48ab88
BIOMD0000000471,r_0902,ok,1,0,0,exact,internal,2,86938b48ab88
BIOMD0000000471,r_0904,ok,454,0,1,up,internal,1,86938b48ab88
BIOMD0000000471,r_0908,unconstrained_candidate_set,0,12312,0,exact,internal,0,86938b48ab88
BIOMD0000000471,r_0909,ok,1,0,0,exact,internal,2,86938b48ab88
BIOMD0000000471,r_0910,ok,1,0,0,exact,internal,2,86938b48ab88
BIOMD0000000471,r_0911,ok,52,0,0,exact,internal,1,86938b48ab88
BIOMD0000000471,r_0912,ok,1,0,0,exact,internal,4,86938b48ab88
BIOMD0000000471,r_0913,no_candidates,0,0,1,up,internal,3,86938b48ab88
BIOMD0000000471,r_0914,ok,1,0,0,exact,internal,3,86938b48ab88
BIOMD0000000471,r_0915,ok,42,0,1,up,internal,3,86938b48ab88
BIOMD0000000471,r_0917,ok,1,0,0,exact,internal,2,86938b48ab88
BIOMD0000000471,r_0918,no_candidates,0,0,0,exact,internal,4,86938b48ab88
BIOMD0000000471,r_0922,no_candidates,0,0,1,up,internal,3,86938b48ab88
BIOMD0000000471,r_0938,ok,4,0,0,exact,internal,3,86938b48ab88
BIOMD0000000471,r_0939,no_candidates,0,0,1,up,internal,4,86938b48ab88
BIOMD0000000471,r_0941,ok,1,0,0,exact,internal,4,86938b48ab88
BIOMD0000000471,r_0958,ok,1,0,0,exact,internal,3,86938b48ab88
BIOMD0000000471,r_0961,no_candidates,0,0,1,up,internal,5,86938b48ab88
BIOMD0000000471,r_0962,ok,5,0,1,up,internal,2,86938b48ab88
BIOMD0000000471,r_0967,ok,1,0,0,exact,internal,3,86938b48ab88
BIOMD0000000471,r_0968,ok,1,0,0,exact,internal,3,86938b48ab88
BIOMD0000000471,r_0970,ok,13,0,1,up,internal,4,86938b48ab88
BIOMD0000000471,r_0973,ok,13,0,1,up,internal,4,86938b48ab88
BIOMD0000000471,r_0974,ok,13,0,1,up,internal,4,86938b48ab88
BIOMD0000000471,r_0976,ok,13,0,1,up,internal,4,86938b48ab88
BIOMD0000000471,r_0978,ok,13,0,1,up,internal,4,86938b48ab88
BIOMD0000000471,r_0984,unconstrained_candidate_set,0,12312,0,exact,internal,0,86938b48ab88
BIOMD0000000471,r_0986,ok,1,0,0,exact,internal,4,86938b48ab88
BIOMD0000000471,r_0988,ok,5,0,1,up,internal,2,86938b48ab88
BIOMD0000000471,r_0989,no_candidates,0,0,1,up,internal,4,86938b48ab88
BIOMD0000000471,r_0993,ok,1,0,0,exact,internal,5,86938b48ab88
BIOMD0000000471,r_0995,ok,1,0,0,exact,internal,4,86938b48ab88
BIOMD0000000471,r_0996,no_candidates,0,0,2,up,internal,4,86938b48ab88
BIOMD0000000471,r_0997,unconstrained_candidate_set,0,12312,0,exact,internal,0,86938b48ab88
BIOMD0000000471,r_1011,no_candidates,0,0,1,up,internal,3,86938b48ab88
BIOMD0000000471,r_1012,no_candidates,0,0,1,up,internal,3,86938b48ab88
BIOMD0000000471,r_1026,ok,1,0,0,exact,internal,2,86938b48ab88
BIOMD0000000471,r_1038,no_candidates,0,0,1,up,internal,3,86938b48ab88
BIOMD0000000471,r_1041,ok,1,0,0,exact,internal,2,86938b48ab88
BIOMD0000000471,r_1042,ok,1,0,0,exact,internal,4,86938b48ab88
BIOMD0000000471,r_1045,ok,1,0,0,exact,internal,4,86938b48ab88
BIOMD0000000471,r_1051,ok,1,0,0,exact,internal,2,86938b48ab88
BIOMD0000000471,r_1057,ok,1,0,0,exact,internal,4,86938b48ab88
BIOMD0000000471,r_1063,no_candidates,0,0,0,exact,internal,4,86938b48ab88
BIOMD0000000471,r_1066,ok,1,0,0,exact,internal,4,86938b48ab88
BIOMD0000000471,r_1072,ok,1,0,0,exact,internal,2,86938b48ab88
BIOMD0000000471,r_1084,no_candidates,0,0,1,up,internal,4,86938b48ab88
BIOMD0000000471,r_1087,no_candidates,0,0,0,exact,internal,4,86938b48ab88
BIOMD0000000471,r_1089,ok,1,0,0,exact,internal,4,86938b48ab88
BIOMD0000000472,r_0005,no_candidates,0,0,1,up,internal,4,86938b48ab88
BIOMD0000000472,r_0007,ok,1,0,0,exact,internal,2,86938b48ab88
BIOMD0000000472,r_0008,ok,46,0,1,down,internal,47,86938b48ab88
BIOMD0000000472,r_0015,ok,115,0,1,up,internal,1,86938b48ab88
BIOMD0000000472,r_0016,ok,1,0,0,exact,internal,4,86938b48ab88
BIOMD0000000472,r_0018,ok,61,0,0,exact,internal,1,86938b48ab88
BIOMD0000000472,r_0020,ok,13,0,1,up,internal,1,86938b48ab88
BIOMD0000000472,r_0023,ok,1,0,0,exact,internal,2,86938b48ab88
BIOMD0000000472,r_0024,ok,20,0,0,exact,internal,1,86938b48ab88
BIOMD0000000472,r_0027,ok,1,0,0,exact,internal,2,86938b48ab88
BIOMD0000000472,r_0029,ok,1,0,0,exact,internal,2,86938b48ab88
BIOMD0000000472,r_0032,ok,1,0,0,exact,internal,2,86938b48ab88
BIOMD0000000472,r_0038,ok,1,0,0,exact,internal,3,86938b48ab88
BIOMD0000000472,r_0039,ok,1,0,0,exact,internal,2,86938b48ab88
BIOMD0000000472,r_0040,no_candidates,0,0,1,up,internal,3,86938b48ab88
BIOMD0000000472,r_0041,ok,115,0,1,up,internal,1,86938b48ab88
BIOMD0000000472,r_0060,no_candidates,0,0,0,exact,internal,2,86938b48ab88
BIOMD0000000472,r_0061,no_candidates,0,0,1,up,internal,3,86938b48ab88
BIOMD0000000472,r_0065,ok,1,0,2,up,internal,4,86938b48ab88
BIOMD0000000472,r_0079,ok,1,0,0,exact,internal,4,86938b48ab88
BIOMD0000000472,r_0080,ok,115,0,1,up,internal,1,86938b48ab88
BIOMD0000000472,r_0097,ok,17,0,0,exact,internal,2,86938b48ab88
BIOMD0000000472,r_0108,ok,1,0,0,exact,internal,3,86938b48ab88
BIOMD0000000472,r_0115,ok,1,0,0,exact,internal,2,86938b48ab88
BIOMD0000000472,r_0118,no_candidates,0,0,0,exact,internal,4,86938b48ab88
BIOMD0000000472,r_0142,ok,1,0,0,exact,internal,2,86938b48ab88
BIOMD0000000472,r_0144,ok,1,0,0,exact,internal,3,86938b48ab88
BIOMD0000000472,r_0148,ok,1,0,0,exact,internal,3,86938b48ab88
BIOMD0000000472,r_0151,ok,1,0,0,exact,internal,3,86938b48ab88
BIOMD0000000472,r_0152,ok,1,0,0,exact,internal,3,86938b48ab88
BIOMD0000000472,r_0153,ok,1,0,0,exact,internal,5,86938b48ab88
BIOMD0000000472,r_0154,ok,1,0,0,exact,internal,2,86938b48ab88
BIOMD0000000472,r_0157,ok,1,0,0,exact,internal,4,86938b48ab88
BIOMD0000000472,r_0195,no_candidates,0,0,2,up,internal,7,86938b48ab88
BIOMD0000000472,r_0202,no_candidates,0,0,0,exact,internal,3,86938b48ab88
BIOMD0000000472,r_0203,ok,1,0,0,exact,internal,5,86938b48ab88
BIOMD0000000472,r_0207,ok,1,0,0,exact,internal,3,86938b48ab88
BIOMD0000000472,r_0208,ok,1,0,0,exact,internal,4,86938b48ab88
BIOMD0000000472,r_0209,ok,1,0,0,exact,internal,4,86938b48ab88
BIOMD0000000472,r_0211,ok,1,0,0,exact,internal,5,86938b48ab88
BIOMD0000000472,r_0212,ok,1,0,0,exact,internal,4,86938b48ab88
BIOMD0000000472,r_0214,ok,1,0,0,exact,internal,3,86938b48ab88
BIOMD0000000472,r_0215,ok,1,0,0,exact,internal,2,86938b48ab88
BIOMD0000000472,r_0216,no_candidates,0,0,0,exact,internal,4,86938b48ab88
BIOMD0000000472,r_0219,no_candidates,0,0,1,up,internal,3,86938b48ab88
BIOMD0000000472,r_0220,ok,1,0,0,exact,internal,4,86938b48ab88
BIOMD0000000472,r_0225,unconstrained_candidate_set,0,12312,0,exact,internal,0,86938b48ab88
BIOMD0000000472,r_0231,no_candidates,0,0,1,up,internal,3,86938b48ab88
BIOMD0000000472,r_0236,no_candidates,0,0,1,up,internal,3,86938b48ab88
BIOMD0000000472,r_0241,no_candidates,0,0,1,up,internal,3,86938b48ab88
BIOMD0000000472,r_0243,ok,1,0,1,up,internal,2,86938b48ab88
BIOMD0000000472,r_0244,no_candidates,0,0,1,up,internal,3,86938b48ab88
BIOMD0000000472,r_0250,ok,1,0,0,exact,internal,4,86938b48ab88
BIOMD0000000472,r_0257,ok,1,0,0,exact,internal,3,86938b48ab88
BIOMD0000000472,r_0278,ok,1,0,0,exact,internal,2,86938b48ab88
BIOMD0000000472,r_0279,ok,1,0,0,exact,internal,2,86938b48ab88
BIOMD0000000472,r_0280,no_candidates,0,0,0,exact,internal,2,86938b48ab88
BIOMD0000000472,r_0302,ok,1,0,0,exact,internal,2,86938b48ab88
BIOMD0000000472,r_0309,ok,2,0,0,exact,internal,3,86938b48ab88
BIOMD0000000472,r_0311,ok,1,0,0,exact,internal,4,86938b48ab88
BIOMD0000000472,r_0313,ok,1,0,0,exact,internal,4,86938b48ab88
BIOMD0000000472,r_0317,no_candidates,0,0,1,up,internal,4,86938b48ab88
BIOMD0000000472,r_0330,unconstrained_candidate_set,0,12312,0,exact,internal,0,86938b48ab88
BIOMD0000000472,r_0344,ok,1,0,1,up,internal,2,86938b48ab88
BIOMD0000000472,r_0349,unconstrained_candidate_set,0,12312,0,exact,internal,0,86938b48ab88
BIOMD0000000472,r_0352,ok,2,0,0,exact,internal,2,86938b48ab88
BIOMD0000000472,r_0353,ok,1,0,0,exact,internal,2,86938b48ab88
BIOMD0000000472,r_0355,ok,1,0,0,exact,internal,3,86938b48ab88
BIOMD0000000472,r_0361,ok,1,0,0,exact,internal,4,86938b48ab88
BIOMD0000000472,r_0364,ok,1,0,0,exact,internal,2,86938b48ab88
BIOMD0000000472,r_0366,ok,454,0,1,up,internal,1,86938b48ab88
BIOMD0000000472,r_0438,ok,3,0,0,exact,internal,2,86938b48ab88
BIOMD0000000472,r_0446,ok,1,0,1,up,internal,3,86938b48ab88
BIOMD0000000472,r_0451,no_candidates,0,0,0,exact,internal,2,86938b48ab88
BIOMD0000000472,r_0462,ok,1,0,0,exact,internal,3,86938b48ab88
BIOMD0000000472,r_0467,no_candidates,0,0,2,up,internal,4,86938b48ab88
BIOMD0000000472,r_0478,ok,1,0,0,exact,internal,4,86938b48ab88
BIOMD0000000472,r_0479,ok,1,0,0,exact,internal,4,86938b48ab88
BIOMD0000000472,r_0481,ok,115,0,1,up,internal,1,86938b48ab88
BIOMD0000000472,r_0483,ok,1,0,0,exact,internal,2,86938b48ab88
BIOMD0000000472,r_0491,ok,115,0,1,up,internal,1,86938b48ab88
BIOMD0000000472,r_0495,ok,1,0,0,exact,internal,4,86938b48ab88
BIOMD0000000472,r_0499,ok,1,0,0,exact,internal,4,86938b48ab88
BIOMD0000000472,r_0502,no_candidates,0,0,0,exact,internal,4,86938b48ab88
BIOMD0000000472,r_0512,ok,1,0,0,exact,internal,4,86938b48ab88
BIOMD0000000472,r_0514,ok,1,0,0,exact,internal,5,86938b48ab88
BIOMD0000000472,r_0525,ok,115,0,1,up,internal,2,86938b48ab88
BIOMD0000000472,r_0528,ok,1,0,0,exact,internal,2,86938b48ab88
BIOMD0000000472,r_0534,no_candidates,0,0,2,up,internal,4,86938b48ab88
BIOMD0000000472,r_0536,no_candidates,0,0,2,up,internal,4,86938b48ab88
BIOMD0000000472,r_0537,unconstrained_candidate_set,0,12312,0,exact,internal,0,86938b48ab88
BIOMD0000000472,r_0538,ok,61,0,0,exact,internal,1,86938b48ab88
BIOMD0000000472,r_0539,ok,1,0,0,exact,internal,4,86938b48ab88
BIOMD0000000472,r_0542,ok,1,0,0,exact,internal,1,86938b48ab88
BIOMD0000000472,r_0543,ok,1,0,0,exact,internal,4,86938b48ab88
BIOMD0000000472,r_0547,no_candidates,0,0,1,up,internal,3,86938b48ab88
BIOMD0000000472,r_0548,ok,1,0,0,exact,internal,2,86938b48ab88
BIOMD0000000472,r_0549,ok,1,0,0,exact,internal,4,86938b48ab88
BIOMD0000000472,r_0558,no_candidates,0,0,2,up,internal,6,86938b48ab88
BIOMD0000000472,r_0559,ok,3,0,1,down+up,internal,2,86938b48ab88
BIOMD0000000472,r_0563,ok,1,0,0,exact,internal,5,86938b48ab88
BIOMD0000000472,r_0564,ok,1,0,0,exact,internal,2,86938b48ab88
BIOMD0000000472,r_0565,ok,166,0,1,up,internal,1,86938b48ab88
BIOMD0000000472,r_0566,ok,29,0,1,up,internal,2,86938b48ab88
BIOMD0000000472,r_0570,unconstrained_candidate_set,0,12312,0,exact,internal,0,86938b48ab88
BIOMD0000000472,r_0594,no_candidates,0,0,1,up,internal,3,86938b48ab88
BIOMD0000000472,r_0658,no_candidates,0,0,1,up,internal,4,86938b48ab88
BIOMD0000000472,r_0661,no_candidates,0,0,1,up,internal,4,86938b48ab88
BIOMD0000000472,r_0663,no_candidates,0,0,0,exact,internal,4,86938b48ab88
BIOMD0000000472,r_0665,ok,1,0,0,exact,internal,4,86938b48ab88
BIOMD0000000472,r_0667,ok,1,0,0,exact,internal,2,86938b48ab88
BIOMD0000000472,r_0674,no_candidates,0,0,0,exact,internal,4,86938b48ab88
BIOMD0000000472,r_0698,ok,1,0,0,exact,internal,2,86938b48ab88
BIOMD0000000472,r_0699,no_candidates,0,0,0,exact,internal,4,86938b48ab88
BIOMD0000000472,r_0701,ok,1,0,0,exact,internal,4,86938b48ab88
BIOMD0000000472,r_0711,ok,1,0,0,exact,internal,4,86938b48ab88
BIOMD0000000472,r_0713,no_candidates,0,0,1,up,internal,3,86938b48ab88
BIOMD0000000472,r_0722,ok,1,0,0,exact,internal,3,86938b48ab88
BIOMD0000000472,r_0723,ok,7,0,0,exact,internal,1,86938b48ab88
BIOMD0000000472,r_0724,ok,1,0,0,exact,internal,2,86938b48ab88
BIOMD0000000472,r_0726,ok,1,0,1,up,internal,4,86938b48ab88
BIOMD0000000472,r_0727,ok,1,0,0,exact,internal,4,86938b48ab88
BIOMD0000000472,r_0729,ok,1,0,0,exact,internal,4,86938b48ab88
BIOMD0000000472,r_0731,ok,166,0,1,up,internal,1,86938b48ab88
BIOMD0000000472,r_0732,ok,166,0,1,up,internal,1,86938b48ab88
BIOMD0000000472,r_0739,ok,29,0,1,up,internal,2,86938b48ab88
BIOMD0000000472,r_0757,ok,1,0,0,exact,internal,2,86938b48ab88
BIOMD0000000472,r_0759,no_candidates,0,0,1,up,internal,3,86938b48ab88
BIOMD0000000472,r_0792,ok,1,0,0,exact,internal,2,86938b48ab88
BIOMD0000000472,r_0800,ok,1,0,0,exact,internal,2,86938b48ab88
BIOMD0000000472,r_0811,ok,1,0,0,exact,internal,2,86938b48ab88
BIOMD0000000472,r_0813,ok,1,0,0,exact,internal,4,86938b48ab88
BIOMD0000000472,r_0820,unconstrained_candidate_set,0,12312,0,exact,internal,0,86938b48ab88
BIOMD0000000472,r_0821,ok,1,0,0,exact,internal,3,86938b48ab88
BIOMD0000000472,r_0851,no_candidates,0,0,0,exact,internal,4,86938b48ab88
BIOMD0000000472,r_0852,ok,1,0,0,exact,internal,4,86938b48ab88
BIOMD0000000472,r_0855,ok,1,0,0,exact,internal,2,86938b48ab88
BIOMD0000000472,r_0858,ok,1,0,0,exact,internal,4,86938b48ab88
BIOMD0000000472,r_0874,ok,1,0,0,exact,internal,4,86938b48ab88
BIOMD0000000472,r_0877,ok,1,0,0,exact,internal,3,86938b48ab88
BIOMD0000000472,r_0880,ok,1,0,0,exact,internal,4,86938b48ab88
BIOMD0000000472,r_0886,ok,2,0,0,exact,internal,2,86938b48ab88
BIOMD0000000472,r_0888,no_candidates,0,0,2,up,internal,4,86938b48ab88
BIOMD0000000472,r_0891,no_candidates,0,0,2,up,internal,4,86938b48ab88
BIOMD0000000472,r_0892,unconstrained_candidate_set,0,12312,0,exact,internal,0,86938b48ab88
BIOMD0000000472,r_0893,unconstrained_candidate_set,0,12312,0,exact,internal,0,86938b48ab88
BIOMD0000000472,r_0900,ok,1,0,0,exact,internal,4,86938b48ab88
BIOMD0000000472,r_0901,ok,1,0,0,exact,internal,4,86938b48ab88
BIOMD0000000472,r_0902,ok,1,0,0,exact,internal,2,86938b48ab88
BIOMD0000000472,r_0904,ok,454,0,1,up,internal,1,86938b48ab88
BIOMD0000000472,r_0908,unconstrained_candidate_set,0,12312,0,exact,internal,0,86938b48ab88
BIOMD0000000472,r_0909,ok,1,0,0,exact,internal,2,86938b48ab88
BIOMD0000000472,r_0910,ok,1,0,0,exact,internal,2,86938b48ab88
BIOMD0000000472,r_0911,ok,52,0,0,exact,internal,1,86938b48ab88
BIOMD0000000472,r_0912,ok,1,0,0,exact,internal,4,86938b48ab88
BIOMD0000000472,r_0913,no_candidates,0,0,1,up,internal,3,86938b48ab88
BIOMD0000000472,r_0914,ok,1,0,0,exact,internal,3,86938b48ab88
BIOMD0000000472,r_0915,ok,42,0,1,up,internal,3,86938b48ab88
BIOMD0000000472,r_0917,ok,1,0,0,exact,internal,2,86938b48ab88
BIOMD0000000472,r_0918,no_candidates,0,0,0,exact,internal,4,86938b48ab88
BIOMD0000000472,r_0922,no_candidates,0,0,1,up,internal,3,86938b48ab88
BIOMD0000000472,r_0938,ok,4,0,0,exact,internal,3,86938b48ab88
BIOMD0000000472,r_0939,no_candidates,0,0,1,up,internal,4,86938b48ab88
BIOMD0000000472,r_0941,ok,1,0,0,exact,internal,4,86938b48ab88
BIOMD0000000472,r_0958,ok,1,0,0,exact,internal,3,86938b48ab88
BIOMD0000000472,r_0961,no_candidates,0,0,1,up,internal,5,86938b48ab88
BIOMD0000000472,r_0962,ok,5,0,1,up,internal,2,86938b48ab88
BIOMD0000000472,r_0967,ok,1,0,0,exact,internal,3,86938b48ab88
BIOMD0000000472,r_0968,ok,1,0,0,exact,internal,3,86938b48ab88
BIOMD0000000472,r_0970,ok,13,0,1,up,internal,4,86938b48ab88
BIOMD0000000472,r_0973,ok,13,0,1,up,internal,4,86938b48ab88
BIOMD0000000472,r_0974,ok,13,0,1,up,internal,4,86938b48ab88
BIOMD0000000472,r_0976,ok,13,0,1,up,internal,4,86938b48ab88
BIOMD0000000472,r_0978,ok,13,0,1,up,internal,4,86938b48ab88
BIOMD0000000472,r_0984,unconstrained_candidate_set,0,12312,0,exact,internal,0,86938b48ab88
BIOMD0000000472,r_0986,ok,1,0,0,exact,internal,4,86938b48ab88
BIOMD0000000472,r_0988,ok,5,0,1,up,internal,2,86938b48ab88
BIOMD0000000472,r_0989,no_candidates,0,0,1,up,internal,4,86938b48ab88
BIOMD0000000472,r_0993,ok,1,0,0,exact,internal,5,86938b48ab88
BIOMD0000000472,r_0995,ok,1,0,0,exact,internal,4,86938b48ab88
BIOMD0000000472,r_0996,no_candidates,0,0,2,up,internal,4,86938b48ab88
BIOMD0000000472,r_0997,unconstrained_candidate_set,0,12312,0,exact,internal,0,86938b48ab88
BIOMD0000000472,r_1011,no_candidates,0,0,1,up,internal,3,86938b48ab88
BIOMD0000000472,r_1012,no_candidates,0,0,1,up,internal,3,86938b48ab88
BIOMD0000000472,r_1026,ok,1,0,0,exact,internal,2,86938b48ab88
BIOMD0000000472,r_1038,no_candidates,0,0,1,up,internal,3,86938b48ab88
BIOMD0000000472,r_1041,ok,1,0,0,exact,internal,2,86938b48ab88
BIOMD0000000472,r_1042,ok,1,0,0,exact,internal,4,86938b48ab88
BIOMD0000000472,r_1045,ok,1,0,0,exact,internal,4,86938b48ab88
BIOMD0000000472,r_1051,ok,1,0,0,exact,internal,2,86938b48ab88
BIOMD0000000472,r_1057,ok,1,0,0,exact,internal,4,86938b48ab88
BIOMD0000000472,r_1063,no_candidates,0,0,0,exact,internal,4,86938b48ab88
BIOMD0000000472,r_1066,ok,1,0,0,exact,internal,4,86938b48ab88
BIOMD0000000472,r_1072,ok,1,0,0,exact,internal,2,86938b48ab88
BIOMD0000000472,r_1084,no_candidates,0,0,1,up,internal,4,86938b48ab88
BIOMD0000000472,r_1087,no_candidates,0,0,0,exact,internal,4,86938b48ab88
BIOMD0000000472,r_1089,ok,1,0,0,exact,internal,4,86938b48ab88
BIOMD0000000473,ADH,no_candidates,0,0,1,up,internal,3,86938b48ab88
BIOMD0000000473,AK,unconstrained_candidate_set,0,12312,0,exact,internal,0,86938b48ab88
BIOMD0000000473,ENO,ok,454,0,1,up,internal,1,86938b48ab88
BIOMD0000000473,GPM,unconstrained_candidate_set,0,12312,0,exact,internal,0,86938b48ab88
BIOMD0000000473,HXK,no_candidates,0,0,2,up,internal,4,86938b48ab88
BIOMD0000000473,PDC,ok,2,0,0,exact,internal,3,86938b48ab88
BIOMD0000000473,PFK,ok,2,0,0,exact,internal,2,86938b48ab88
BIOMD0000000473,PGI,no_candidates,0,0,2,up,internal,4,86938b48ab88
BIOMD0000000473,PGK,unconstrained_candidate_set,0,12312,0,exact,internal,0,86938b48ab88
BIOMD0000000473,PYK,ok,5,0,1,up,internal,2,86938b48ab88
BIOMD0000000473,r_0001,ok,2,0,0,exact,internal,4,86938b48ab88
BIOMD0000000473,r_0004,ok,1,0,0,exact,internal,4,86938b48ab88
BIOMD0000000473,r_0005,no_candidates,0,0,1,up,internal,4,86938b48ab88
BIOMD0000000473,r_0007,ok,1,0,0,exact,internal,2,86938b48ab88
BIOMD0000000473,r_0008,ok,46,0,1,down,internal,47,86938b48ab88
BIOMD0000000473,r_0015,ok,115,0,1,up,internal,1,86938b48ab88
BIOMD0000000473,r_0016,ok,1,0,0,exact,internal,4,86938b48ab88
BIOMD0000000473,r_0018,ok,61,0,0,exact,internal,1,86938b48ab88
BIOMD0000000473,r_0020,ok,13,0,1,up,internal,1,86938b48ab88
BIOMD0000000473,r_0023,ok,1,0,0,exact,internal,2,86938b48ab88
BIOMD0000000473,r_0024,ok,20,0,0,exact,internal,1,86938b48ab88
BIOMD0000000473,r_0027,ok,1,0,0,exact,internal,2,86938b48ab88
BIOMD0000000473,r_0029,ok,1,0,0,exact,internal,2,86938b48ab88
BIOMD0000000473,r_0032,ok,1,0,0,exact,internal,2,86938b48ab88
BIOMD0000000473,r_0038,ok,1,0,0,exact,internal,3,86938b48ab88
BIOMD0000000473,r_0039,ok,1,0,0,exact,internal,2,86938b48ab88
BIOMD0000000473,r_0040,no_candidates,0,0,1,up,internal,3,86938b48ab88
BIOMD0000000473,r_0041,ok,115,0,1,up,internal,1,86938b48ab88
BIOMD0000000473,r_0060,no_candidates,0,0,0,exact,internal,2,86938b48ab88
BIOMD0000000473,r_0061,no_candidates,0,0,1,up,internal,3,86938b48ab88
BIOMD0000000473,r_0065,ok,1,0,2,up,internal,4,86938b48ab88
BIOMD0000000473,r_0079,ok,1,0,0,exact,internal,4,86938b48ab88
BIOMD0000000473,r_0080,ok,115,0,1,up,internal,1,86938b48ab88
BIOMD0000000473,r_0091,ok,454,0,1,up,internal,1,86938b48ab88
BIOMD0000000473,r_0097,ok,17,0,0,exact,internal,2,86938b48ab88
BIOMD0000000473,r_0108,ok,1,0,0,exact,internal,3,86938b48ab88
BIOMD0000000473,r_0115,ok,1,0,0,exact,internal,2,86938b48ab88
BIOMD0000000473,r_0118,no_candidates,0,0,0,exact,internal,4,86938b48ab88
BIOMD0000000473,r_0142,ok,1,0,0,exact,internal,2,86938b48ab88
BIOMD0000000473,r_0144,ok,1,0,0,exact,internal,3,86938b48ab88
BIOMD0000000473,r_0151,ok,1,0,0,exact,internal,3,86938b48ab88
BIOMD0000000473,r_0152,ok,1,0,0,exact,internal,3,86938b48ab88
BIOMD0000000473,r_0153,ok,1,0,0,exact,internal,5,86938b48ab88
BIOMD0000000473,r_0154,ok,1,0,0,exact,internal,2,86938b48ab88
BIOMD0000000473,r_0156,ok,1,0,0,exact,internal,4,86938b48ab88
BIOMD0000000473,r_0157,ok,1,0,0,exact,internal,4,86938b48ab88
BIOMD0000000473,r_0173,ok,2,0,1,up,internal,5,86938b48ab88
BIOMD0000000473,r_0174,ok,2,0,1,up,internal,5,86938b48ab88
BIOMD0000000473,r_0195,no_candidates,0,0,2,up,internal,7,86938b48ab88
BIOMD0000000473,r_0202,no_candidates,0,0,0,exact,internal,3,86938b48ab88
BIOMD0000000473,r_0203,ok,1,0,0,exact,internal,5,86938b48ab88
BIOMD0000000473,r_0207,ok,1,0,0,exact,internal,3,86938b48ab88
BIOMD0000000473,r_0208,ok,1,0,0,exact,internal,4,86938b48ab88
BIOMD0000000473,r_0209,ok,1,0,0,exact,internal,4,86938b48ab88
BIOMD0000000473,r_0211,ok,1,0,0,exact,internal,5,86938b48ab88
BIOMD0000000473,r_0212,ok,1,0,0,exact,internal,4,86938b48ab88
BIOMD0000000473,r_0214,ok,1,0,0,exact,internal,3,86938b48ab88
BIOMD0000000473,r_0215,ok,1,0,0,exact,internal,2,86938b48ab88
BIOMD0000000473,r_0216,no_candidates,0,0,0,exact,internal,4,86938b48ab88
BIOMD0000000473,r_0219,no_candidates,0,0,1,up,internal,3,86938b48ab88
BIOMD0000000473,r_0220,ok,1,0,0,exact,internal,4,86938b48ab88
BIOMD0000000473,r_0225,unconstrained_candidate_set,0,12312,0,exact,internal,0,86938b48ab88
BIOMD0000000473,r_0231,no_candidates,0,0,1,up,internal,3,86938b48ab88
BIOMD0000000473,r_0236,no_candidates,0,0,1,up,internal,3,86938b48ab88
BIOMD0000000473,r_0241,no_candidates,0,0,1,up,internal,3,86938b48ab88
BIOMD0000000473,r_0243,ok,1,0,1,up,internal,2,86938b48ab88
BIOMD0000000473,r_0244,no_candidates,0,0,1,up,internal,3,86938b48ab88
BIOMD0000000473,r_0250,ok,1,0,0,exact,internal,4,86938b48ab88
BIOMD0000000473,r_0257,ok,1,0,0,exact,internal,3,86938b48ab88
BIOMD0000000473,r_0264,ok,1,0,1,up,internal,3,86938b48ab88
BIOMD0000000473,r_0278,ok,1,0,0,exact,internal,2,86938b48ab88
BIOMD0000000473,r_0279,ok,1,0,0,exact,internal,2,86938b48ab88
BIOMD0000000473,r_0280,no_candidates,0,0,0,exact,internal,2,86938b48ab88
BIOMD0000000473,r_0302,ok,1,0,0,exact,internal,2,86938b48ab88
BIOMD0000000473,r_0309,ok,2,0,0,exact,internal,3,86938b48ab88
BIOMD0000000473,r_0311,ok,1,0,0,exact,internal,4,86938b48ab88
BIOMD0000000473,r_0313,ok,1,0,0,exact,internal,4,86938b48ab88
BIOMD0000000473,r_0317,no_candidates,0,0,1,up,internal,4,86938b48ab88
BIOMD0000000473,r_0330,unconstrained_candidate_set,0,12312,0,exact,internal,0,86938b48ab88
BIOMD0000000473,r_0344,ok,1,0,1,up,internal,2,86938b48ab88
BIOMD0000000473,r_0349,unconstrained_candidate_set,0,12312,0,exact,internal,0,86938b48ab88
BIOMD0000000473,r_0352,ok,2,0,0,exact,internal,2,86938b48ab88
BIOMD0000000473,r_0353,ok,1,0,0,exact,internal,2,86938b48ab88
BIOMD0000000473,r_0355,ok,1,0,0,exact,internal,3,86938b48ab88
BIOMD0000000473,r_0361,ok,1,0,0,exact,internal,4,86938b48ab88
BIOMD0000000473,r_0364,ok,1,0,0,exact,internal,2,86938b48ab88
BIOMD0000000473,r_0438,ok,3,0,0,exact,internal,2,86938b48ab88
BIOMD0000000473,r_0446,ok,1,0,0,exact,internal,3,86938b48ab88
BIOMD0000000473,r_0451,no_candidates,0,0,0,exact,internal,2,86938b48ab88
BIOMD0000000473,r_0462,ok,1,0,0,exact,internal,3,86938b48ab88
BIOMD0000000473,r_0466,no_candidates,0,0,2,up,internal,5,86938b48ab88
BIOMD0000000473,r_0478,ok,1,0,0,exact,internal,4,86938b48ab88
BIOMD0000000473,r_0479,ok,1,0,0,exact,internal,4,86938b48ab88
BIOMD0000000473,r_0489,ok,2,0,0,exact,internal,2,86938b48ab88
BIOMD0000000473,r_0491,ok,115,0,1,up,internal,1,86938b48ab88
BIOMD0000000473,r_0495,ok,1,0,0,exact,internal,4,86938b48ab88
BIOMD0000000473,r_0499,ok,1,0,0,exact,internal,4,86938b48ab88
BIOMD0000000473,r_0502,ok,1,0,0,exact,internal,4,86938b48ab88
BIOMD0000000473,r_0512,ok,1,0,0,exact,internal,4,86938b48ab88
BIOMD0000000473,r_0514,ok,1,0,0,exact,internal,5,86938b48ab88
BIOMD0000000473,r_0525,ok,115,0,1,up,internal,2,86938b48ab88
BIOMD0000000473,r_0528,ok,1,0,0,exact,internal,2,86938b48ab88
BIOMD0000000473,r_0536,no_candidates,0,0,2,up,internal,4,86938b48ab88
BIOMD0000000473,r_0537,unconstrained_candidate_set,0,12312,0,exact,internal,0,86938b48ab88
BIOMD0000000473,r_0538,ok,61,0,0,exact,internal,1,86938b48ab88
BIOMD0000000473,r_0539,ok,1,0,0,exact,internal,4,86938b48ab88
BIOMD0000000473,r_0542,ok,1,0,0,exact,internal,1,86938b48ab88
BIOMD0000000473,r_0543,ok,1,0,0,exact,internal,4,86938b48ab88
BIOMD0000000473,r_0547,no_candidates,0,0,1,up,internal,3,86938b48ab88
BIOMD0000000473,r_0548,ok,1,0,0,exact,internal,2,86938b48ab88
BIOMD0000000473,r_0549,ok,1,0,0,exact,internal,4,86938b48ab88
BIOMD0000000473,r_0553,ok,1,0,0,exact,internal,3,86938b48ab88
BIOMD0000000473,r_0558,no_candidates,0,0,2,up,internal,6,86938b48ab88
BIOMD0000000473,r_0559,ok,3,0,1,down+up,internal,2,86938b48ab88
BIOMD0000000473,r_0563,ok,1,0,0,exact,internal,5,86938b48ab88
BIOMD0000000473,r_0564,ok,1,0,0,exact,internal,2,86938b48ab88
BIOMD0000000473,r_0565,ok,166,0,1,up,internal,1,86938b48ab88
BIOMD0000000473,r_0566,ok,29,0,1,up,internal,2,86938b48ab88
BIOMD0000000473,r_0570,unconstrained_candidate_set,0,12312,0,exact,internal,0,86938b48ab88
BIOMD0000000473,r_0591,no_candidates,0,0,1,up,internal,3,86938b48ab88
BIOMD0000000473,r_0658,no_candidates,0,0,1,up,internal,4,86938b48ab88
BIOMD0000000473,r_0661,no_candidates,0,0,1,up,internal,4,86938b48ab88
BIOMD0000000473,r_0662,ok,1,0,0,exact,internal,3,86938b48ab88
BIOMD0000000473,r_0663,no_candidates,0,0,0,exact,internal,4,86938b48ab88
BIOMD0000000473,r_0665,ok,1,0,0,exact,internal,4,86938b48ab88
BIOMD0000000473,r_0667,ok,1,0,0,exact,internal,2,86938b48ab88
BIOMD0000000473,r_0674,no_candidates,0,0,0,exact,internal,4,86938b48ab88
BIOMD0000000473,r_0688,no_candidates,0,0,1,up,internal,3,86938b48ab88
BIOMD0000000473,r_0696,no_candidates,0,0,1,up,internal,3,86938b48ab88
BIOMD0000000473,r_0697,ok,9,0,1,up,internal,2,86938b48ab88
BIOMD0000000473,r_0698,ok,1,0,0,exact,internal,2,86938b48ab88
BIOMD0000000473,r_0699,no_candidates,0,0,0,exact,internal,4,86938b48ab88
BIOMD0000000473,r_0701,ok,1,0,0,exact,internal,4,86938b48ab88
BIOMD0000000473,r_0711,ok,1,0,0,exact,internal,4,86938b48ab88
BIOMD0000000473,r_0713,no_candidates,0,0,1,up,internal,3,86938b48ab88
BIOMD0000000473,r_0722,ok,1,0,0,exact,internal,3,86938b48ab88
BIOMD0000000473,r_0723,ok,7,0,0,exact,internal,1,86938b48ab88
BIOMD0000000473,r_0724,ok,1,0,0,exact,internal,2,86938b48ab88
BIOMD0000000473,r_0726,ok,1,0,1,up,internal,4,86938b48ab88
BIOMD0000000473,r_0727,ok,1,0,0,exact,internal,4,86938b48ab88
BIOMD0000000473,r_0729,ok,1,0,0,exact,internal,4,86938b48ab88
BIOMD0000000473,r_0731,ok,115,0,1,up,internal,1,86938b48ab88
BIOMD0000000473,r_0732,ok,166,0,1,up,internal,1,86938b48ab88
BIOMD0000000473,r_0735,ok,6,0,0,exact,internal,1,86938b48ab88
BIOMD0000000473,r_0739,ok,29,0,1,up,internal,2,86938b48ab88
BIOMD0000000473,r_0757,ok,1,0,0,exact,internal,2,86938b48ab88
BIOMD0000000473,r_0759,no_candidates,0,0,1,up,internal,3,86938b48ab88
BIOMD0000000473,r_0792,ok,1,0,0,exact,internal,2,86938b48ab88
BIOMD0000000473,r_0800,ok,1,0,0,exact,internal,2,86938b48ab88
BIOMD0000000473,r_0811,ok,1,0,0,exact,internal,2,86938b48ab88
BIOMD0000000473,r_0813,ok,1,0,0,exact,internal,4,86938b48ab88
BIOMD0000000473,r_0820,unconstrained_candidate_set,0,12312,0,exact,internal,0,86938b48ab88
BIOMD0000000473,r_0821,ok,1,0,0,exact,internal,3,86938b48ab88
BIOMD0000000473,r_0851,no_candidates,0,0,0,exact,internal,4,86938b48ab88
BIOMD0000000473,r_0852,ok,1,0,0,exact,internal,4,86938b48ab88
BIOMD0000000473,r_0855,ok,1,0,0,exact,internal,2,86938b48ab88
BIOMD0000000473,r_0858,ok,1,0,0,exact,internal,4,86938b48ab88
BIOMD0000000473,r_0874,ok,1,0,0,exact,internal,4,86938b48ab88
BIOMD0000000473,r_0877,ok,1,0,0,exact,internal,3,86938b48ab88
BIOMD0000000473,r_0880,ok,1,0,0,exact,internal,4,86938b48ab88
BIOMD0000000473,r_0884,ok,1,0,1,up,internal,4,86938b48ab88
BIOMD0000000473,r_0888,no_candidates,0,0,2,up,internal,4,86938b48ab88
BIOMD0000000473,r_0889,no_candidates,0,0,1,up,internal,5,86938b48ab88
BIOMD0000000473,r_0900,ok,1,0,0,exact,internal,4,86938b48ab88
BIOMD0000000473,r_0901,ok,1,0,0,exact,internal,4,86938b48ab88
BIOMD0000000473,r_0902,ok,1,0,0,exact,internal,2,86938b48ab88
BIOMD0000000473,r_0904,ok,454,0,1,up,internal,1,86938b48ab88
BIOMD0000000473,r_0908,unconstrained_candidate_set,0,12312,0,exact,internal,0,86938b48ab88
BIOMD0000000473,r_0909,ok,1,0,0,exact,internal,2,86938b48ab88
BIOMD0000000473,r_0910,ok,1,0,0,exact,internal,2,86938b48ab88
BIOMD0000000473,r_0911,ok,52,0,0,exact,internal,1,86938b48ab88
BIOMD0000000473,r_0912,ok,1,0,0,exact,internal,4,86938b48ab88
BIOMD0000000473,r_0913,no_candidates,0,0,1,up,internal,3,86938b48ab88
BIOMD0000000473,r_0914,ok,1,0,0,exact,internal,3,86938b48ab88
BIOMD0000000473,r_0915,ok,42,0,1,up,internal,3,86938b48ab88
BIOMD0000000473,r_0938,ok,4,0,0,exact,internal,3,86938b48ab88
BIOMD0000000473,r_0939,no_candidates,0,0,1,up,internal,4,86938b48ab88
BIOMD0000000473,r_0941,ok,1,0,0,exact,internal,4,86938b48ab88
BIOMD0000000473,r_0958,ok,1,0,0,exact,internal,3,86938b48ab88
BIOMD0000000473,r_0967,ok,1,0,0,exact,internal,3,86938b48ab88
BIOMD0000000473,r_0968,ok,1,0,0,exact,internal,3,86938b48ab88
BIOMD0000000473,r_0970,ok,13,0,1,up,internal,4,86938b48ab88
BIOMD0000000473,r_0973,ok,13,0,1,up,internal,4,86938b48ab88
BIOMD0000000473,r_0974,ok,13,0,1,up,internal,4,86938b48ab88
BIOMD0000000473,r_0976,ok,13,0,1,up,internal,4,86938b48ab88
BIOMD0000000473,r_0978,ok,13,0,1,up,internal,4,86938b48ab88
BIOMD0000000473,r_0984,ok,1,0,0,exact,internal,2,86938b48ab88
BIOMD0000000473,r_0986,ok,1,0,0,exact,internal,4,86938b48ab88
BIOMD0000000473,r_0988,ok,5,0,1,up,internal,2,86938b48ab88
BIOMD0000000473,r_0989,no_candidates,0,0,1,up,internal,4,86938b48ab88
BIOMD0000000473,r_0990,unconstrained_candidate_set,0,12312,0,exact,internal,0,86938b48ab88
BIOMD0000000473,r_0993,ok,1,0,0,exact,internal,5,86938b48ab88
BIOMD0000000473,r_0995,ok,1,0,0,exact,internal,4,86938b48ab88
BIOMD0000000473,r_0996,no_candidates,0,0,2,up,internal,4,86938b48ab88
BIOMD0000000473,r_0997,unconstrained_candidate_set,0,12312,0,exact,internal,0,86938b48ab88
BIOMD0000000473,r_1012,no_candidates,0,0,1,up,internal,3,86938b48ab88
BIOMD0000000473,r_1026,ok,1,0,0,exact,internal,2,86938b48ab88
BIOMD0000000473,r_1038,no_candidates,0,0,1,up,internal,3,86938b48ab88
BIOMD0000000473,r_1040,ok,1,0,0,exact,internal,3,86938b48ab88
BIOMD0000000473,r_1041,ok,1,0,0,exact,internal,2,86938b48ab88
BIOMD0000000473,r_1042,ok,1,0,0,exact,internal,4,86938b48ab88
BIOMD0000000473,r_1045,ok,1,0,0,exact,internal,4,86938b48ab88
BIOMD0000000473,r_1051,ok,1,0,0,exact,internal,2,86938b48ab88
BIOMD0000000473,r_1057,ok,1,0,0,exact,internal,4,86938b48ab88
BIOMD0000000473,r_1063,no_candidates,0,0,0,exact,internal,4,86938b48ab88
BIOMD0000000473,r_1066,ok,1,0,0,exact,internal,4,86938b48ab88
BIOMD0000000473,r_1072,ok,1,0,0,exact,internal,2,86938b48ab88
BIOMD0000000473,r_1084,no_candidates,0,0,1,up,internal,4,86938b48ab88
BIOMD0000000473,r_1087,no_candidates,0,0,0,exact,internal,4,86938b48ab88
BIOMD0000000473,r_1089,ok,1,0,0,exact,internal,4,86938b48ab88
BIOMD0000000473,r_2126,ok,1,0,0,exact,internal,2,86938b48ab88
BIOMD0000000473,r_2127,ok,166,0,1,up,internal,1,86938b48ab88
BIOMD0000000503,ADH,no_candidates,0,0,0,exact,internal,2,86938b48ab88
BIOMD0000000503,AK,no_candidates,0,0,0,exact,internal,3,86938b48ab88
BIOMD0000000503,ENO,ok,1,0,0,exact,internal,2,86938b48ab88
BIOMD0000000503,FBA,ok,2,0,0,exact,internal,3,86938b48ab88
BIOMD0000000503,GPD,no_candidates,0,0,0,exact,internal,2,86938b48ab88
BIOMD0000000503,GPM,no_candidates,0,0,0,exact,internal,2,86938b48ab88
BIOMD0000000503,GPP,ok,3,0,0,exact,internal,2,86938b48ab88
BIOMD0000000503,HXK,ok,2,0,0,exact,internal,2,86938b48ab88
BIOMD0000000503,PDC,ok,2,0,0,exact,internal,2,86938b48ab88
BIOMD0000000503,PFK,ok,2,0,0,exact,internal,2,86938b48ab88
BIOMD0000000503,PGI,ok,3,0,0,exact,internal,2,86938b48ab88
BIOMD0000000503,PGK,no_candidates,0,0,0,exact,internal,2,86938b48ab88
BIOMD0000000503,PYK,no_candidates,0,0,0,exact,internal,2,86938b48ab88
BIOMD0000000503,TDH,ok,1,0,0,exact,internal,2,86938b48ab88
BIOMD0000000503,TPI,no_candidates,0,0,0,exact,internal,2,86938b48ab88
BIOMD0000000590,r10,ok,1,0,0,exact,internal,2,86938b48ab88
BIOMD0000000590,r2,ok,1,0,0,exact,internal,2,86938b48ab88
BIOMD0000000590,r3,no_candidates,0,0,0,exact,internal,2,86938b48ab88
BIOMD0000000590,r4,ok,4,0,0,exact,internal,2,86938b48ab88
BIOMD0000000590,r5,no_candidates,0,0,0,exact,internal,2,86938b48ab88
BIOMD0000000590,r6,ok,1,0,0,exact,internal,2,86938b48ab88
BIOMD0000000590,r7,ok,1,0,0,exact,internal,2,86938b48ab88
BIOMD0000000590,r8,ok,2,0,0,exact,internal,2,86938b48ab88
BIOMD0000000602,R00677,no_candidates,0,0,0,exact,internal,3,86938b48ab88
BIOMD0000000602,R00678_Indo,no_candidates,0,0,2,up,internal,3,86938b48ab88
BIOMD0000000602,R00678_Tdo,no_candidates,0,0,2,up,internal,3,86938b48ab88
BIOMD0000000602,R00685,ok,1,0,0,exact,internal,3,86938b48ab88
BIOMD0000000602,R00987,ok,1,0,0,exact,internal,3,86938b48ab88
BIOMD0000000602,R00988,ok,1,0,0,exact,internal,3,86938b48ab88
BIOMD0000000602,R01814_Tph1,ok,1,0,0,exact,internal,4,86938b48ab88
BIOMD0000000602,R01814_Tph2,ok,1,0,0,exact,internal,4,86938b48ab88
BIOMD0000000602,R01956_Kat1,ok,1,0,0,exact,internal,3,86938b48ab88
BIOMD0000000602,R01956_Kat2,no_candidates,0,0,0,exact,internal,2,86938b48ab88
BIOMD0000000602,R01956_Kat3,no_candidates,0,0,0,exact,internal,2,86938b48ab88
BIOMD0000000602,R01959,ok,1,0,1,down+up,internal,5,86938b48ab88
BIOMD0000000602,R01960,no_candidates,0,0,0,exact,internal,2,86938b48ab88
BIOMD0000000602,R02173_Maoa,no_candidates,0,0,1,up,internal,3,86938b48ab88
BIOMD0000000602,R02173_Maob,no_candidates,0,0,1,up,internal,3,86938b48ab88
BIOMD0000000602,R02174,ok,1,0,0,exact,internal,4,86938b48ab88
BIOMD0000000602,R02665,ok,1,0,0,exact,internal,2,86938b48ab88
BIOMD0000000602,R02668,no_candidates,0,0,0,exact,internal,3,86938b48ab88
BIOMD0000000602,R02670,no_candidates,0,0,0,exact,internal,3,86938b48ab88
BIOMD0000000602,R02701,ok,1,0,0,exact,internal,3,86938b48ab88
BIOMD0000000602,R02702,ok,1,0,0,exact,internal,2,86938b48ab88
BIOMD0000000602,R02908_Maoa,no_candidates,0,0,0,exact,internal,3,86938b48ab88
BIOMD0000000602,R02908_Maob,no_candidates,0,0,0,exact,internal,3,86938b48ab88
BIOMD0000000602,R02909,ok,1,0,0,exact,internal,2,86938b48ab88
BIOMD0000000602,R02910,ok,1,0,0,exact,internal,4,86938b48ab88
BIOMD0000000602,R02911,no_candidates,0,0,0,exact,internal,4,86938b48ab88
BIOMD0000000602,R03005,ok,1,0,0,exact,internal,2,86938b48ab88
BIOMD0000000602,R03348,no_candidates,0,0,0,exact,internal,4,86938b48ab88
BIOMD0000000602,R03664,no_candidates,0,0,0,exact,internal,4,86938b48ab88
BIOMD0000000602,R03936,ok,1,0,1,down+up,internal,5,86938b48ab88
BIOMD0000000602,R04171_Kat1,no_candidates,0,0,0,exact,internal,2,86938b48ab88
BIOMD0000000602,R04171_Kat2,ok,1,0,0,exact,internal,3,86938b48ab88
BIOMD0000000602,R04171_Kat3,ok,1,0,0,exact,internal,3,86938b48ab88
BIOMD0000000602,R04323,ok,1,0,0,exact,internal,3,86938b48ab88
BIOMD0000000602,R04911,ok,1,0,0,exact,internal,3,86938b48ab88
BIOMD0000000627,AK_astrocytes,no_candidates,0,0,0,exact,internal,3,86938b48ab88
BIOMD0000000627,AK_neurons,no_candidates,0,0,0,exact,internal,3,86938b48ab88
BIOMD0000000627,CK_astrocytes_forward__R01881,no_candidates,0,0,0,exact,internal,2,86938b48ab88
BIOMD0000000627,CK_neurons_forward__R01881,no_candidates,0,0,0,exact,internal,2,86938b48ab88
BIOMD0000000627,GND_astrocytes__R01528,no_candidates,0,0,1,down,internal,3,86938b48ab88
BIOMD0000000627,GND_neurons___R01528,no_candidates,0,0,1,down,internal,3,86938b48ab88
BIOMD0000000627,HK_neurons__R01786___HeinrichSchuster,no_candidates,0,0,2,up,internal,3,86938b48ab88
BIOMD0000000627,LDH_astrocytes_forward__R00703,no_candidates,0,0,1,down,internal,2,86938b48ab88
BIOMD0000000627,LDH_neurons_forward__R00703,no_candidates,0,0,1,down,internal,2,86938b48ab88
BIOMD0000000627,PGI_astrocytes__R02740___HS,no_candidates,0,0,1,down,internal,2,86938b48ab88
BIOMD0000000627,PGI_neurons__R02740___HS,no_candidates,0,0,1,down,internal,2,86938b48ab88
BIOMD0000000627,RKI_astrocytes__R01056,no_candidates,0,0,1,down,internal,2,86938b48ab88
BIOMD0000000627,RKI_neurons__R01056,no_candidates,0,0,1,down,internal,2,86938b48ab88
BIOMD0000000627,RPE_astrocytes__R01529,no_candidates,0,0,1,down,internal,4,86938b48ab88
BIOMD0000000627,RPE_neurons__R01529,no_candidates,0,0,1,down,internal,4,86938b48ab88
BIOMD0000000627,SOL_astrocytes__R02035,no_candidates,0,0,0,exact,internal,1,86938b48ab88
BIOMD0000000627,SOL_neurons__R02035,no_candidates,0,0,0,exact,internal,1,86938b48ab88
BIOMD0000000627,TAL_astrocytes__R01827,no_candidates,0,0,1,down,internal,4,86938b48ab88
BIOMD0000000627,TAL_neurons__R01827,no_candidates,0,0,1,down,internal,4,86938b48ab88
BIOMD0000000627,TKL_1_astrocytes__R01641,no_candidates,0,0,1,down,internal,6,86938b48ab88
BIOMD0000000627,TKL_1_neurons__R01641,no_candidates,0,0,1,down,internal,6,86938b48ab88
BIOMD0000000627,TKL_2_astrocytes__R01830,no_candidates,0,0,1,down,internal,5,86938b48ab88
BIOMD0000000627,TKL_2_neurons__R01830,no_candidates,0,0,1,down,internal,5,86938b48ab88
BIOMD0000000627,ZWF_astrocytes__R02736,no_candidates,0,0,1,down,internal,2,86938b48ab88
BIOMD0000000627,ZWF_neurons__R02736,no_candidates,0,0,1,down,internal,2,86938b48ab88
BIOMD0000000627,reaction_10,no_candidates,0,0,0,exact,internal,2,86938b48ab88
BIOMD0000000627,reaction_2,no_candidates,0,0,2,up,internal,3,86938b48ab88
BIOMD0000000627,reaction_5,no_candidates,0,0,1,down,internal,2,86938b48ab88
BIOMD0000000627,reaction_6,no_candidates,0,0,1,down,internal,2,86938b48ab88
BIOMD0000000627,reaction_7,no_candidates,0,0,1,down,internal,2,86938b48ab88
BIOMD0000000627,reaction_8,no_candidates,0,0,1,down,internal,2,86938b48ab88
BIOMD0000000627,reaction_9,no_candidates,0,0,0,exact,internal,2,86938b48ab88
BIOMD0000000633,ALD,ok,2,0,0,exact,internal,3,86938b48ab88
BIOMD0000000633,EN,ok,1,0,0,exact,internal,2,86938b48ab88
BIOMD0000000633,FBP1,ok,2,0,0,exact,internal,2,86938b48ab88
BIOMD0000000633,FBP2,ok,2,0,0,exact,internal,2,86938b48ab88
BIOMD0000000633,G1PI,ok,2,0,0,exact,internal,2,86938b48ab88
BIOMD0000000633,G6P_ER,ok,1,0,0,exact,internal,2,86938b48ab88
BIOMD0000000633,GAPDH,ok,22,0,0,exact,internal,1,86938b48ab88
BIOMD0000000633,GK,ok,8,0,0,exact,internal,2,86938b48ab88
BIOMD0000000633,GP,ok,1,0,0,exact,internal,2,86938b48ab88
BIOMD0000000633,GPI,ok,4,0,0,exact,internal,2,86938b48ab88
BIOMD0000000633,GS,unconstrained_candidate_set,0,12312,0,exact,internal,0,86938b48ab88
BIOMD0000000633,LDH,ok,1,0,0,exact,internal,2,86938b48ab88
BIOMD0000000633,MDH,ok,5,0,0,exact,internal,2,86938b48ab88
BIOMD0000000633,MDH_mito,ok,5,0,0,exact,internal,2,86938b48ab88
BIOMD0000000633,NDK_GTP,ok,1,0,0,exact,internal,2,86938b48ab88
BIOMD0000000633,NDK_GTP_mito,ok,1,0,0,exact,internal,2,86938b48ab88
BIOMD0000000633,NDK_UTP,ok,1,0,0,exact,internal,2,86938b48ab88
BIOMD0000000633,PC,ok,4,0,0,exact,internal,2,86938b48ab88
BIOMD0000000633,PEPCK,ok,1,0,0,exact,internal,4,86938b48ab88
BIOMD0000000633,PEPCK_mito,ok,1,0,0,exact,internal,4,86938b48ab88
BIOMD0000000633,PFK1,ok,9,0,0,exact,internal,2,86938b48ab88
BIOMD0000000633,PFK2,ok,2,0,0,exact,internal,2,86938b48ab88
BIOMD0000000633,PGK,ok,13,0,0,exact,internal,1,86938b48ab88
BIOMD0000000633,PGM,unconstrained_candidate_set,0,12312,0,exact,internal,0,86938b48ab88
BIOMD0000000633,PK,ok,3,0,0,exact,internal,2,86938b48ab88
BIOMD0000000633,TPI,unconstrained_candidate_set,0,12312,0,exact,internal,0,86938b48ab88
BIOMD0000000633,UGT,ok,1,0,0,exact,internal,3,86938b48ab88
BIOMD0000000674,V_ART,ok,1,0,0,exact,internal,3,86938b48ab88
BIOMD0000000674,V_BHMT,ok,1,0,0,exact,internal,4,86938b48ab88
BIOMD0000000674,V_CBS,ok,2,0,0,exact,internal,2,86938b48ab88
BIOMD0000000674,V_CTGL,ok,23,0,0,exact,internal,1,86938b48ab88
BIOMD0000000674,V_DNMT,ok,468,0,0,exact,internal,2,86938b48ab88
BIOMD0000000674,V_GCS,ok,1,0,0,exact,internal,3,86938b48ab88
BIOMD0000000674,V_GNMT,ok,1,0,0,exact,internal,4,86938b48ab88
BIOMD0000000674,V_GPX,ok,1,0,0,exact,internal,2,86938b48ab88
BIOMD0000000674,V_GR,no_candidates,0,0,0,exact,internal,2,86938b48ab88
BIOMD0000000674,V_GS,ok,1,0,0,exact,internal,3,86938b48ab88
BIOMD0000000674,V_MATI,ok,1,0,0,exact,internal,2,86938b48ab88
BIOMD0000000674,V_MATIII,ok,1,0,0,exact,internal,2,86938b48ab88
BIOMD0000000674,V_MTHFR,no_candidates,0,0,0,exact,internal,2,86938b48ab88
BIOMD0000000674,V_SAHH,ok,1,0,0,exact,internal,2,86938b48ab88
BIOMD0000000674,V_TS,ok,1,0,0,exact,internal,3,86938b48ab88
BIOMD0000000674,VcMTCH,ok,2,0,0,exact,internal,1,86938b48ab88
BIOMD0000000674,VcMTD,ok,1,0,0,exact,internal,2,86938b48ab88
BIOMD0000000674,VmFTD,ok,7,0,0,exact,internal,2,86938b48ab88
BIOMD0000000674,VmFTS,ok,1,0,0,exact,internal,3,86938b48ab88
BIOMD0000000674,VmNE,ok,1,0,0,exact,internal,3,86938b48ab88
BIOMD0000000674,VmSHMT,no_candidates,0,0,0,exact,internal,4,86938b48ab88
BIOMD0000000689,FolA,no_candidates,0,0,1,down,internal,2,86938b48ab88
BIOMD0000000689,FolC,ok,1,0,2,up,internal,4,86938b48ab88
BIOMD0000000689,FolK,no_candidates,0,0,1,down,internal,7,86938b48ab88
BIOMD0000000689,FolP,no_candidates,0,0,2,down+up,internal,9,86938b48ab88
BIOMD0000000689,GlyA,no_candidates,0,0,0,exact,internal,5,86938b48ab88
BIOMD0000000689,PanB,no_candidates,0,0,1,down,internal,8,86938b48ab88
BIOMD0000000690,FolA,no_candidates,0,0,1,down,internal,2,86938b48ab88
BIOMD0000000690,FolC,ok,1,0,2,up,internal,4,86938b48ab88
BIOMD0000000690,FolK,no_candidates,0,0,1,down,internal,7,86938b48ab88
BIOMD0000000690,FolP,no_candidates,0,0,2,down+up,internal,9,86938b48ab88
BIOMD0000000690,GlyA,no_candidates,0,0,0,exact,internal,5,86938b48ab88
BIOMD0000000690,PanB,no_candidates,0,0,1,down,internal,8,86938b48ab88
BIOMD0000000691,v1_cell_1,ok,1,0,0,exact,internal,2,86938b48ab88
BIOMD0000000691,v1_cell_2,ok,1,0,0,exact,internal,2,86938b48ab88
BIOMD0000000691,v2_cell_1,ok,722,0,0,exact,internal,2,86938b48ab88
BIOMD0000000691,v2_cell_2,ok,722,0,0,exact,internal,2,86938b48ab88
BIOMD0000000691,v3_cell_1,ok,12,0,0,exact,internal,2,86938b48ab88
BIOMD0000000691,v3_cell_2,ok,12,0,0,exact,internal,2,86938b48ab88
BIOMD0000000725,R1,ok,1,0,0,exact,internal,3,86938b48ab88
BIOMD0000000725,R10,ok,1,0,0,exact,internal,3,86938b48ab88
BIOMD0000000725,R11,unconstrained_candidate_set,0,12312,0,exact,internal,0,86938b48ab88
BIOMD0000000725,R12,ok,1,0,0,exact,internal,3,86938b48ab88
BIOMD0000000725,R13,unconstrained_candidate_set,0,12312,0,exact,internal,0,86938b48ab88
BIOMD0000000725,R14,ok,1,0,0,exact,internal,3,86938b48ab88
BIOMD0000000725,R15,unconstrained_candidate_set,0,12312,0,exact,internal,0,86938b48ab88
BIOMD0000000725,R16,unconstrained_candidate_set,0,12312,0,exact,internal,0,86938b48ab88
BIOMD0000000725,R17,unconstrained_candidate_set,0,12312,0,exact,internal,0,86938b48ab88
BIOMD0000000725,R18a,unconstrained_candidate_set,0,12312,0,exact,internal,0,86938b48ab88
BIOMD0000000725,R18b,unconstrained_candidate_set,0,12312,0,exact,internal,0,86938b48ab88
BIOMD0000000725,R18c,unconstrained_candidate_set,0,12312,0,exact,internal,0,86938b48ab88
BIOMD0000000725,R19,unconstrained_candidate_set,0,12312,0,exact,internal,0,86938b48ab88
BIOMD0000000725,R2,ok,1,0,0,exact,internal,2,86938b48ab88
BIOMD0000000725,R20,unconstrained_candidate_set,0,12312,0,exact,internal,0,86938b48ab88
BIOMD0000000725,R21,ok,1,0,0,exact,internal,4,86938b48ab88
BIOMD0000000725,R22,ok,1,0,0,exact,internal,2,86938b48ab88
BIOMD0000000725,R23,ok,1,0,0,exact,internal,2,86938b48ab88
BIOMD0000000725,R24,unconstrained_candidate_set,0,12312,0,exact,internal,0,86938b48ab88
BIOMD0000000725,R25,unconstrained_candidate_set,0,12312,0,exact,internal,0,86938b48ab88
BIOMD0000000725,R26,unconstrained_candidate_set,0,12312,0,exact,internal,0,86938b48ab88
BIOMD0000000725,R27,unconstrained_candidate_set,0,12312,0,exact,internal,0,86938b48ab88
BIOMD0000000725,R28,unconstrained_candidate_set,0,12312,0,exact,internal,0,86938b48ab88
BIOMD0000000725,R29,ok,1,0,0,exact,internal,2,86938b48ab88
BIOMD0000000725,R3,ok,1,0,0,exact,internal,2,86938b48ab88
BIOMD0000000725,R4,unconstrained_candidate_set,0,12312,0,exact,internal,0,86938b48ab88
BIOMD0000000725,R5,unconstrained_candidate_set,0,12312,0,exact,internal,0,86938b48ab88
BIOMD0000000725,R6,ok,1,0,0,exact,internal,3,86938b48ab88
BIOMD0000000725,R7,ok,1,0,0,exact,internal,2,86938b48ab88
BIOMD0000000725,R8,ok,2,0,0,exact,internal,4,86938b48ab88
BIOMD0000000725,R9,ok,1,0,0,exact,internal,3,86938b48ab88
BIOMD0000001061,R_3HAD100,no_candidates,0,0,0,exact,internal,3,86938b48ab88
BIOMD0000001061,R_3HAD120,no_candidates,0,0,0,exact,internal,3,86938b48ab88
BIOMD0000001061,R_3HAD140,no_candidates,0,0,0,exact,internal,3,86938b48ab88
BIOMD0000001061,R_3HAD160,no_candidates,0,0,0,exact,internal,3,86938b48ab88
BIOMD0000001061,R_3HAD180,no_candidates,0,0,0,exact,internal,3,86938b48ab88
BIOMD0000001061,R_3HAD60,no_candidates,0,0,0,exact,internal,3,86938b48ab88
BIOMD0000001061,R_3HAD80,no_candidates,0,0,0,exact,internal,3,86938b48ab88
BIOMD0000001061,R_3OAR100,no_candidates,0,0,1,down+up,internal,3,86938b48ab88
BIOMD0000001061,R_3OAR120,no_candidates,0,0,1,down+up,internal,3,86938b48ab88
BIOMD0000001061,R_3OAR140,no_candidates,0,0,1,down+up,internal,3,86938b48ab88
BIOMD0000001061,R_3OAR160,no_candidates,0,0,1,down+up,internal,3,86938b48ab88
BIOMD0000001061,R_3OAR60,no_candidates,0,0,1,down+up,internal,3,86938b48ab88
BIOMD0000001061,R_3OAR80,no_candidates,0,0,1,down+up,internal,3,86938b48ab88
BIOMD0000001061,R_3OXCOAT,no_candidates,0,0,0,exact,internal,4,86938b48ab88
BIOMD0000001061,R_4HTHRS,no_candidates,0,0,0,exact,internal,3,86938b48ab88
BIOMD0000001061,R_ABTA,no_candidates,0,0,2,up,internal,9,86938b48ab88
BIOMD0000001061,R_ACACT1r,ok,4,0,0,exact,internal,3,86938b48ab88
BIOMD0000001061,R_ACACT2r,ok,1,0,0,exact,internal,4,86938b48ab88
BIOMD0000001061,R_ACACT4r,ok,1,0,0,exact,internal,4,86938b48ab88
BIOMD0000001061,R_ACACT6r,ok,1,0,0,exact,internal,4,86938b48ab88
BIOMD0000001061,R_ACACT7r,ok,1,0,0,exact,internal,4,86938b48ab88
BIOMD0000001061,R_ACBIPGT,no_candidates,0,0,0,exact,internal,3,86938b48ab88
BIOMD0000001061,R_ACCOAC,no_candidates,0,0,0,exact,internal,4,86938b48ab88
BIOMD0000001061,R_ACGK,ok,1,0,0,exact,internal,2,86938b48ab88
BIOMD0000001061,R_ACGS,no_candidates,0,0,2,up,internal,7,86938b48ab88
BIOMD0000001061,R_ACHBS,no_candidates,0,0,0,exact,internal,4,86938b48ab88
BIOMD0000001061,R_ACKr,ok,1,0,0,exact,internal,2,86938b48ab88
BIOMD0000001061,R_ACLS,no_candidates,0,0,2,up,internal,4,86938b48ab88
BIOMD0000001061,R_ACOAD1f,ok,1,0,0,exact,internal,4,86938b48ab88
BIOMD0000001061,R_ACOAD3f,ok,1,0,0,exact,internal,4,86938b48ab88
BIOMD0000001061,R_ACOAD5f,ok,1,0,0,exact,internal,4,86938b48ab88
BIOMD0000001061,R_ACOAD6f,ok,1,0,0,exact,internal,4,86938b48ab88
BIOMD0000001061,R_ACOAD7f,ok,1,0,1,up,internal,6,86938b48ab88
BIOMD0000001061,R_ACOATA,ok,1,0,0,exact,internal,4,86938b48ab88
BIOMD0000001061,R_ACONT,ok,1,0,1,down+up,internal,6,86938b48ab88
BIOMD0000001061,R_ACOTA,ok,1,0,2,up,internal,7,86938b48ab88
BIOMD0000001061,R_ACS,ok,1,0,1,up,internal,7,86938b48ab88
BIOMD0000001061,R_ADCL,no_candidates,0,0,0,exact,internal,3,86938b48ab88
BIOMD0000001061,R_ADCPS2,no_candidates,0,0,2,up,internal,4,86938b48ab88
BIOMD0000001061,R_ADCS,ok,2,0,2,up,internal,8,86938b48ab88
BIOMD0000001061,R_ADK1,ok,1,0,0,exact,internal,3,86938b48ab88
BIOMD0000001061,R_ADNK1,no_candidates,0,0,2,up,internal,3,86938b48ab88
BIOMD0000001061,R_ADOCBLS,no_candidates,0,0,0,exact,internal,4,86938b48ab88
BIOMD0000001061,R_ADPT,no_candidates,0,0,2,up,internal,4,86938b48ab88
BIOMD0000001061,R_ADSL1r,no_candidates,0,0,2,up,internal,5,86938b48ab88
BIOMD0000001061,R_ADSL2r,no_candidates,0,0,2,up,internal,4,86938b48ab88
BIOMD0000001061,R_ADSS,no_candidates,0,0,0,exact,internal,6,86938b48ab88
BIOMD0000001061,R_AGMT,no_candidates,0,0,0,exact,internal,4,86938b48ab88
BIOMD0000001061,R_AGPR,no_candidates,0,0,1,down+up,internal,3,86938b48ab88
BIOMD0000001061,R_AGTi,ok,1,0,2,up,internal,8,86938b48ab88
BIOMD0000001061,R_AHCYSNS,no_candidates,0,0,0,exact,internal,4,86938b48ab88
BIOMD0000001061,R_AHSERL2,no_candidates,0,0,0,exact,internal,5,86938b48ab88
BIOMD0000001061,R_AICART,ok,1,0,0,exact,internal,4,86938b48ab88
BIOMD0000001061,R_AIRC3,no_candidates,0,0,2,up,internal,3,86938b48ab88
BIOMD0000001061,R_AKGDH,no_candidates,0,0,1,up,internal,5,86938b48ab88
BIOMD0000001061,R_ALAALAr,no_candidates,0,0,0,exact,internal,2,86938b48ab88
BIOMD0000001061,R_ALAR,ok,1,0,2,up,internal,6,86938b48ab88
BIOMD0000001061,R_ALATA_D2,no_candidates,0,0,0,exact,internal,4,86938b48ab88
BIOMD0000001061,R_ALATA_L,ok,1,0,2,up,internal,9,86938b48ab88
BIOMD0000001061,R_ALCD19,no_candidates,0,0,1,up,internal,3,86938b48ab88
BIOMD0000001061,R_ALCD2x,no_candidates,0,0,1,up,internal,3,86938b48ab88
BIOMD0000001061,R_ALDD2y,no_candidates,0,0,1,down+up,internal,4,86938b48ab88
BIOMD0000001061,R_AMAOTr,ok,1,0,0,exact,internal,4,86938b48ab88
BIOMD0000001061,R_AMO,no_candidates,0,0,2,up,internal,7,86938b48ab88
BIOMD0000001061,R_AMPTASECG,no_candidates,0,0,0,exact,internal,5,86938b48ab88
BIOMD0000001061,R_ANPRT,no_candidates,0,0,0,exact,internal,3,86938b48ab88
BIOMD0000001061,R_ANS,no_candidates,0,0,2,up,internal,9,86938b48ab88
BIOMD0000001061,R_ANS2,no_candidates,0,0,2,up,internal,7,86938b48ab88
BIOMD0000001061,R_AOXSr,no_candidates,0,0,2,up,internal,9,86938b48ab88
BIOMD0000001061,R_AOXSr2,ok,1,0,2,up,internal,9,86938b48ab88
BIOMD0000001061,R_AP4AH,no_candidates,0,0,0,exact,internal,5,86938b48ab88
BIOMD0000001061,R_AP5AH,no_candidates,0,0,0,exact,internal,6,86938b48ab88
BIOMD0000001061,R_APRAUR,no_candidates,0,0,1,down+up,internal,3,86938b48ab88
BIOMD0000001061,R_APSR,no_candidates,0,0,2,down+up,internal,8,86938b48ab88
BIOMD0000001061,R_ARGSL,no_candidates,0,0,2,up,internal,5,86938b48ab88
BIOMD0000001061,R_ARGSS,no_candidates,0,0,2,up,internal,6,86938b48ab88
BIOMD0000001061,R_ASAD,no_candidates,0,0,1,down+up,internal,3,86938b48ab88
BIOMD0000001061,R_ASNS1,no_candidates,0,0,2,up,internal,13,86938b48ab88
BIOMD0000001061,R_ASP1DC,no_candidates,0,0,0,exact,internal,4,86938b48ab88
BIOMD0000001061,R_ASPCT,no_candidates,0,0,0,exact,internal,4,86938b48ab88
BIOMD0000001061,R_ASPK,ok,1,0,0,exact,internal,3,86938b48ab88
BIOMD0000001061,R_ASPO2,no_candidates,0,0,1,up,internal,4,86938b48ab88
BIOMD0000001061,R_ASPO2y,no_candidates,0,0,1,down+up,internal,4,86938b48ab88
BIOMD0000001061,R_ASPO6,no_candidates,0,0,0,exact,internal,3,86938b48ab88
BIOMD0000001061,R_ASPT,no_candidates,0,0,2,up,internal,7,86938b48ab88
BIOMD0000001061,R_ASPTA,ok,1,0,2,up,internal,8,86938b48ab88
BIOMD0000001061,R_ASPTRS,no_candidates,0,0,2,up,internal,6,86938b48ab88
BIOMD0000001061,R_ATPM,no_candidates,0,0,0,exact,internal,6,86938b48ab88
BIOMD0000001061,R_ATPPRT,no_candidates,0,0,0,exact,internal,2,86938b48ab88
BIOMD0000001061,R_CAT,no_candidates,0,0,0,exact,internal,4,86938b48ab88
BIOMD0000001061,R_CBLAT,no_candidates,0,0,0,exact,internal,3,86938b48ab88
BIOMD0000001061,R_CBPS,no_candidates,0,0,2,up,internal,10,86938b48ab88
BIOMD0000001061,R_CDPMEK,no_candidates,0,0,0,exact,internal,2,86938b48ab88
BIOMD0000001061,R_CHORM,ok,1,0,0,exact,internal,2,86938b48ab88
BIOMD0000001061,R_CHORS,ok,1,0,0,exact,internal,2,86938b48ab88
BIOMD0000001061,R_CITL,ok,1,0,1,up,internal,4,86938b48ab88
BIOMD0000001061,R_CPC3MT,ok,1,0,1,up,internal,5,86938b48ab88
BIOMD0000001061,R_CPC5MT,no_candidates,0,0,2,up,internal,7,86938b48ab88
BIOMD0000001061,R_CPC6MT,no_candidates,0,0,2,up,internal,6,86938b48ab88
BIOMD0000001061,R_CPC8MM,ok,1,0,2,up,internal,3,86938b48ab88
BIOMD0000001061,R_CPPPGO,no_candidates,0,0,0,exact,internal,4,86938b48ab88
BIOMD0000001061,R_CPPPGO2,no_candidates,0,0,2,up,internal,8,86938b48ab88
BIOMD0000001061,R_CS,no_candidates,0,0,2,up,internal,6,86938b48ab88
BIOMD0000001061,R_CTPS1,no_candidates,0,0,2,up,internal,5,86938b48ab88
BIOMD0000001061,R_CTPS2,no_candidates,0,0,2,up,internal,9,86938b48ab88
BIOMD0000001061,R_CYSDS,no_candidates,0,0,2,up,internal,8,86938b48ab88
BIOMD0000001061,R_CYSS,no_candidates,0,0,0,exact,internal,5,86938b48ab88
BIOMD0000001061,R_CYSSADS,no_candidates,0,0,2,up,internal,7,86938b48ab88
BIOMD0000001061,R_CYSTGL,no_candidates,0,0,2,up,internal,8,86938b48ab88
BIOMD0000001061,R_CYSTL,no_candidates,0,0,2,up,internal,8,86938b48ab88
BIOMD0000001061,R_CYSTRS,no_candidates,0,0,2,up,internal,6,86938b48ab88
BIOMD0000001061,R_CYSTS,no_candidates,0,0,0,exact,internal,6,86938b48ab88
BIOMD0000001061,R_CYTK1,ok,1,0,0,exact,internal,2,86938b48ab88
BIOMD0000001061,R_CYTK2,ok,1,0,0,exact,internal,2,86938b48ab88
BIOMD0000001061,R_DADK,ok,1,0,0,exact,internal,2,86938b48ab88
BIOMD0000001061,R_DAPDC,no_candidates,0,0,0,exact,internal,4,86938b48ab88
BIOMD0000001061,R_DAPE,ok,1,0,0,exact,internal,2,86938b48ab88
BIOMD0000001061,R_DB4PS,no_candidates,0,0,1,down,internal,4,86938b48ab88
BIOMD0000001061,R_DBTS,no_candidates,0,0,2,up,internal,5,86938b48ab88
BIOMD0000001061,R_DDPA,no_candidates,0,0,1,up,internal,5,86938b48ab88
BIOMD0000001061,R_DGK1,ok,1,0,2,up,internal,4,86938b48ab88
BIOMD0000001061,R_DHAD1,no_candidates,0,0,0,exact,internal,3,86938b48ab88
BIOMD0000001061,R_DHAD2,no_candidates,0,0,0,exact,internal,3,86938b48ab88
BIOMD0000001061,R_DHFR,no_candidates,0,0,1,down+up,internal,3,86938b48ab88
BIOMD0000001061,R_DHFS,no_candidates,0,0,2,up,internal,6,86938b48ab88
BIOMD0000001061,R_DHNPA2r,ok,1,0,0,exact,internal,3,86938b48ab88
BIOMD0000001061,R_DHORTS,no_candidates,0,0,2,up,internal,4,86938b48ab88
BIOMD0000001061,R_DHPPDA2,no_candidates,0,0,2,up,internal,6,86938b48ab88
BIOMD0000001061,R_DHPS2,ok,1,0,0,exact,internal,3,86938b48ab88
BIOMD0000001061,R_DHQS,no_candidates,0,0,1,up,internal,3,86938b48ab88
BIOMD0000001061,R_DHQTi,no_candidates,0,0,0,exact,internal,3,86938b48ab88
BIOMD0000001061,R_DMATT,ok,1,0,0,exact,internal,4,86938b48ab88
BIOMD0000001061,R_DNMPPA,no_candidates,0,0,0,exact,internal,3,86938b48ab88
BIOMD0000001061,R_DNTPPA,no_candidates,0,0,0,exact,internal,3,86938b48ab88
BIOMD0000001061,R_DPCOAK,no_candidates,0,0,0,exact,internal,2,86938b48ab88
BIOMD0000001061,R_DPR,no_candidates,0,0,1,down+up,internal,3,86938b48ab88
BIOMD0000001061,R_DTMPK,ok,1,0,0,exact,internal,2,86938b48ab88
BIOMD0000001061,R_DUTPDP,no_candidates,0,0,0,exact,internal,3,86938b48ab88
BIOMD0000001061,R_DXPRIi,no_candidates,0,0,1,down+up,internal,3,86938b48ab88
BIOMD0000001061,R_DXPS,no_candidates,0,0,0,exact,internal,5,86938b48ab88
BIOMD0000001061,R_E4PD,no_candidates,0,0,2,up,internal,5,86938b48ab88
BIOMD0000001061,R_EGMEACPR,no_candidates,0,0,1,down+up,internal,3,86938b48ab88
BIOMD0000001061,R_ENO,no_candidates,0,0,2,up,internal,4,86938b48ab88
BIOMD0000001061,R_EPMEACPR,no_candidates,0,0,1,down+up,internal,3,86938b48ab88
BIOMD0000001061,R_FACOAL160,ok,2,0,1,up,internal,7,86938b48ab88
BIOMD0000001061,R_FADRx2,no_candidates,0,0,1,down+up,internal,3,86938b48ab88
BIOMD0000001061,R_FALDH2,no_candidates,0,0,1,up,internal,3,86938b48ab88
BIOMD0000001061,R_FBA,ok,2,0,0,exact,internal,4,86938b48ab88
BIOMD0000001061,R_FBA2,ok,1,0,0,exact,internal,3,86938b48ab88
BIOMD0000001061,R_FBA3,ok,1,0,0,exact,internal,3,86938b48ab88
BIOMD0000001061,R_FCLT,ok,1,0,0,exact,internal,3,86938b48ab88
BIOMD0000001061,R_FEROpp,no_candidates,0,0,0,exact,internal,3,86938b48ab88
BIOMD0000001061,R_FLVR,no_candidates,0,0,2,down+up,internal,4,86938b48ab88
BIOMD0000001061,R_FMETTRS,no_candidates,0,0,0,exact,internal,4,86938b48ab88
BIOMD0000001061,R_FMNAT,no_candidates,0,0,0,exact,internal,2,86938b48ab88
BIOMD0000001061,R_FMNRx2,no_candidates,0,0,1,down+up,internal,3,86938b48ab88
BIOMD0000001061,R_FOLR2,no_candidates,0,0,1,down+up,internal,3,86938b48ab88
BIOMD0000001061,R_FRTT,no_candidates,0,0,2,up,internal,5,86938b48ab88
BIOMD0000001061,R_FTHFLi,ok,1,0,0,exact,internal,3,86938b48ab88
BIOMD0000001061,R_FUM,no_candidates,0,0,2,up,internal,4,86938b48ab88
BIOMD0000001061,R_G1PTT,no_candidates,0,0,1,down,internal,4,86938b48ab88
BIOMD0000001061,R_G1SAT,no_candidates,0,0,1,up,internal,3,86938b48ab88
BIOMD0000001061,R_G2PP,no_candidates,0,0,0,exact,internal,3,86938b48ab88
BIOMD0000001061,R_G3PCT,no_candidates,0,0,0,exact,internal,3,86938b48ab88
BIOMD0000001061,R_G3PD2,no_candidates,0,0,1,down+up,internal,3,86938b48ab88
BIOMD0000001061,R_G5SADs,no_candidates,0,0,0,exact,internal,4,86938b48ab88
BIOMD0000001061,R_G5SD,no_candidates,0,0,1,down+up,internal,3,86938b48ab88
BIOMD0000001061,R_G6PDH2r,no_candidates,0,0,2,down+up,internal,5,86938b48ab88
BIOMD0000001061,R_GAPD,no_candidates,0,0,1,up,internal,4,86938b48ab88
BIOMD0000001061,R_GARFT,no_candidates,0,0,0,exact,internal,4,86938b48ab88
BIOMD0000001061,R_GCALDD,no_candidates,0,0,1,up,internal,4,86938b48ab88
BIOMD0000001061,R_GCCa,no_candidates,0,0,0,exact,internal,4,86938b48ab88
BIOMD0000001061,R_GCCb,no_candidates,0,0,2,up,internal,7,86938b48ab88
BIOMD0000001061,R_GCCc,no_candidates,0,0,1,up,internal,3,86938b48ab88
BIOMD0000001061,R_GHMT2r,no_candidates,0,0,0,exact,internal,6,86938b48ab88
BIOMD0000001061,R_GK1,ok,1,0,0,exact,internal,2,86938b48ab88
BIOMD0000001061,R_GLGC,no_candidates,0,0,1,down+up,internal,4,86938b48ab88
BIOMD0000001061,R_GLNS,no_candidates,0,0,2,up,internal,9,86938b48ab88
BIOMD0000001061,R_GLNTRS,no_candidates,0,0,2,up,internal,6,86938b48ab88
BIOMD0000001061,R_GLU5K,ok,1,0,2,up,internal,5,86938b48ab88
BIOMD0000001061,R_GLUDy,no_candidates,0,0,2,down+up,internal,10,86938b48ab88
BIOMD0000001061,R_GLUPRT,no_candidates,0,0,2,up,internal,9,86938b48ab88
BIOMD0000001061,R_GLUR,no_candidates,0,0,2,up,internal,5,86938b48ab88
BIOMD0000001061,R_GLUSy,no_candidates,0,0,2,down+up,internal,8,86938b48ab88
BIOMD0000001061,R_GLUTRR,no_candidates,0,0,1,down+up,internal,5,86938b48ab88
BIOMD0000001061,R_GLUTRS,no_candidates,0,0,2,up,internal,8,86938b48ab88
BIOMD0000001061,R_GLYCL,no_candidates,0,0,2,up,internal,8,86938b48ab88
BIOMD0000001061,R_GLYCTO1,ok,1,0,0,exact,internal,2,86938b48ab88
BIOMD0000001061,R_GLYK,no_candidates,0,0,0,exact,internal,2,86938b48ab88
BIOMD0000001061,R_GLYOX,no_candidates,0,0,0,exact,internal,4,86938b48ab88
BIOMD0000001061,R_GLYOX_1,ok,1,0,0,exact,internal,3,86938b48ab88
BIOMD0000001061,R_GLYTRS,ok,1,0,1,up,internal,8,86938b48ab88
BIOMD0000001061,R_GMPS,no_candidates,0,0,2,up,internal,7,86938b48ab88
BIOMD0000001061,R_GMPS2,no_candidates,0,0,2,up,internal,11,86938b48ab88
BIOMD0000001061,R_GND,no_candidates,0,0,1,down+up,internal,6,86938b48ab88
BIOMD0000001061,R_GRTT,no_candidates,0,0,2,up,internal,5,86938b48ab88
BIOMD0000001061,R_GTHPi,no_candidates,0,0,0,exact,internal,3,86938b48ab88
BIOMD0000001061,R_GTHS,no_candidates,0,0,0,exact,internal,3,86938b48ab88
BIOMD0000001061,R_GTPCI,no_candidates,0,0,0,exact,internal,4,86938b48ab88
BIOMD0000001061,R_GTPDPK,no_candidates,0,0,2,up,internal,4,86938b48ab88
BIOMD0000001061,R_HBZOPT,no_candidates,0,0,2,up,internal,6,86938b48ab88
BIOMD0000001061,R_HCO3E,no_candidates,0,0,0,exact,internal,4,86938b48ab88
BIOMD0000001061,R_HISTD,no_candidates,0,0,2,up,internal,6,86938b48ab88
BIOMD0000001061,R_HISTP,no_candidates,0,0,2,up,internal,4,86938b48ab88
BIOMD0000001061,R_HISTRS,no_candidates,0,0,2,up,internal,6,86938b48ab88
BIOMD0000001061,R_HMBS,no_candidates,0,0,2,up,internal,6,86938b48ab88
BIOMD0000001061,R_HPPK2,no_candidates,0,0,2,up,internal,4,86938b48ab88
BIOMD0000001061,R_HSDy,no_candidates,0,0,1,down+up,internal,3,86938b48ab88
BIOMD0000001061,R_HSERTA,ok,1,0,0,exact,internal,4,86938b48ab88
BIOMD0000001061,R_HSK,no_candidates,0,0,0,exact,internal,2,86938b48ab88
BIOMD0000001061,R_HSTPT,no_candidates,0,0,2,up,internal,7,86938b48ab88
BIOMD0000001061,R_ICDHyr,no_candidates,0,0,1,down+up,internal,4,86938b48ab88
BIOMD0000001061,R_IG3PS,no_candidates,0,0,2,up,internal,9,86938b48ab88
BIOMD0000001061,R_IGPDH,no_candidates,0,0,0,exact,internal,3,86938b48ab88
BIOMD0000001061,R_IGPS,no_candidates,0,0,1,up,internal,5,86938b48ab88
BIOMD0000001061,R_ILETA,ok,1,0,2,up,internal,8,86938b48ab88
BIOMD0000001061,R_ILETRS,no_candidates,0,0,2,up,internal,8,86938b48ab88
BIOMD0000001061,R_IMPC,no_candidates,0,0,0,exact,internal,3,86938b48ab88
BIOMD0000001061,R_IMPD,no_candidates,0,0,1,up,internal,4,86938b48ab88
BIOMD0000001061,R_IPMD,no_candidates,0,0,2,up,internal,5,86938b48ab88
BIOMD0000001061,R_IPPMIa,no_candidates,0,0,2,up,internal,5,86938b48ab88
BIOMD0000001061,R_IPPMIb,no_candidates,0,0,0,exact,internal,3,86938b48ab88
BIOMD0000001061,R_IPPS,no_candidates,0,0,0,exact,internal,5,86938b48ab88
BIOMD0000001061,R_KARA1,no_candidates,0,0,2,down+up,internal,4,86938b48ab88
BIOMD0000001061,R_KAS14,no_candidates,0,0,0,exact,internal,5,86938b48ab88
BIOMD0000001061,R_KAS15,no_candidates,0,0,0,exact,internal,5,86938b48ab88
BIOMD0000001061,R_LCARS,no_candidates,0,0,1,up,internal,4,86938b48ab88
BIOMD0000001061,R_LDH_D,no_candidates,0,0,1,up,internal,3,86938b48ab88
BIOMD0000001061,R_LEUTAi,no_candidates,0,0,2,up,internal,8,86938b48ab88
BIOMD0000001061,R_LEUTRS,no_candidates,0,0,2,up,internal,6,86938b48ab88
BIOMD0000001061,R_LYSTRS,no_candidates,0,0,2,up,internal,6,86938b48ab88
BIOMD0000001061,R_MAN1PT2,no_candidates,0,0,0,exact,internal,3,86938b48ab88
BIOMD0000001061,R_MAN6PI,ok,2,0,0,exact,internal,2,86938b48ab88
BIOMD0000001061,R_MCOATA,ok,1,0,0,exact,internal,4,86938b48ab88
BIOMD0000001061,R_MDH,no_candidates,0,0,1,up,internal,3,86938b48ab88
BIOMD0000001061,R_ME1,no_candidates,0,0,1,up,internal,4,86938b48ab88
BIOMD0000001061,R_MECDPS,ok,1,0,0,exact,internal,3,86938b48ab88
BIOMD0000001061,R_MEPCT,no_candidates,0,0,0,exact,internal,3,86938b48ab88
BIOMD0000001061,R_METAT,no_candidates,0,0,2,up,internal,5,86938b48ab88
BIOMD0000001061,R_METS,no_candidates,0,0,0,exact,internal,6,86938b48ab88
BIOMD0000001061,R_METSOXR1,no_candidates,0,0,0,exact,internal,6,86938b48ab88
BIOMD0000001061,R_METSOXR2,no_candidates,0,0,0,exact,internal,6,86938b48ab88
BIOMD0000001061,R_METTRS,no_candidates,0,0,2,up,internal,6,86938b48ab88
BIOMD0000001061,R_MI1PP,no_candidates,0,0,1,down,internal,6,86938b48ab88
BIOMD0000001061,R_MOHMT,no_candidates,0,0,0,exact,internal,5,86938b48ab88
BIOMD0000001061,R_MTHFC,no_candidates,0,0,0,exact,internal,3,86938b48ab88
BIOMD0000001061,R_MTHFD,no_candidates,0,0,1,down+up,internal,3,86938b48ab88
BIOMD0000001061,R_MTHFR2,no_candidates,0,0,1,up,internal,3,86938b48ab88
BIOMD0000001061,R_NADDP,no_candidates,0,0,2,up,internal,4,86938b48ab88
BIOMD0000001061,R_NADHPO,no_candidates,0,0,1,up,internal,2,86938b48ab88
BIOMD0000001061,R_NADK,no_candidates,0,0,1,down,internal,6,86938b48ab88
BIOMD0000001061,R_NADS1,no_candidates,0,0,2,up,internal,7,86938b48ab88
BIOMD0000001061,R_NADS2,no_candidates,0,0,2,up,internal,11,86938b48ab88
BIOMD0000001061,R_NADTRHD,no_candidates,0,0,1,down+up,internal,1,86938b48ab88
BIOMD0000001061,R_NDPK1,ok,1,0,0,exact,internal,2,86938b48ab88
BIOMD0000001061,R_NDPK2,ok,1,0,0,exact,internal,2,86938b48ab88
BIOMD0000001061,R_NDPK3,ok,1,0,0,exact,internal,2,86938b48ab88
BIOMD0000001061,R_NDPK4,ok,1,0,0,exact,internal,2,86938b48ab88
BIOMD0000001061,R_NDPK5,ok,1,0,0,exact,internal,2,86938b48ab88
BIOMD0000001061,R_NDPK6,ok,1,0,0,exact,internal,2,86938b48ab88
BIOMD0000001061,R_NDPK7,ok,1,0,0,exact,internal,2,86938b48ab88
BIOMD0000001061,R_NDPK8,ok,1,0,0,exact,internal,2,86938b48ab88
BIOMD0000001061,R_NMNDA,no_candidates,0,0,2,up,internal,6,86938b48ab88
BIOMD0000001061,R_NNATr,no_candidates,0,0,2,up,internal,3,86938b48ab88
BIOMD0000001061,R_NNDMBRT,ok,1,0,0,exact,internal,4,86938b48ab88
BIOMD0000001061,R_NNDPR,no_candidates,0,0,0,exact,internal,4,86938b48ab88
BIOMD0000001061,R_NTD1,no_candidates,0,0,0,exact,internal,3,86938b48ab88
BIOMD0000001061,R_NTD10,no_candidates,0,0,0,exact,internal,3,86938b48ab88
BIOMD0000001061,R_NTD11,no_candidates,0,0,0,exact,internal,3,86938b48ab88
BIOMD0000001061,R_NTD2,no_candidates,0,0,0,exact,internal,3,86938b48ab88
BIOMD0000001061,R_NTD3,no_candidates,0,0,0,exact,internal,3,86938b48ab88
BIOMD0000001061,R_NTD4,no_candidates,0,0,0,exact,internal,3,86938b48ab88
BIOMD0000001061,R_NTD5,no_candidates,0,0,0,exact,internal,3,86938b48ab88
BIOMD0000001061,R_NTD6,no_candidates,0,0,0,exact,internal,3,86938b48ab88
BIOMD0000001061,R_NTD7,no_candidates,0,0,2,up,internal,4,86938b48ab88
BIOMD0000001061,R_NTD8,no_candidates,0,0,2,up,internal,5,86938b48ab88
BIOMD0000001061,R_NTD9,no_candidates,0,0,0,exact,internal,3,86938b48ab88
BIOMD0000001061,R_NTP1,no_candidates,0,0,0,exact,internal,6,86938b48ab88
BIOMD0000001061,R_NTP10,no_candidates,0,0,0,exact,internal,3,86938b48ab88
BIOMD0000001061,R_NTP3,no_candidates,0,0,0,exact,internal,3,86938b48ab88
BIOMD0000001061,R_NTP5,no_candidates,0,0,0,exact,internal,3,86938b48ab88
BIOMD0000001061,R_NTPP10,no_candidates,0,0,0,exact,internal,3,86938b48ab88
BIOMD0000001061,R_NTPP11,no_candidates,0,0,0,exact,internal,3,86938b48ab88
BIOMD0000001061,R_NTPP7,no_candidates,0,0,0,exact,internal,3,86938b48ab88
BIOMD0000001061,R_NTPP8,no_candidates,0,0,0,exact,internal,3,86938b48ab88
BIOMD0000001061,R_NTPP9,no_candidates,0,0,0,exact,internal,3,86938b48ab88
BIOMD0000001061,R_OCBT,no_candidates,0,0,0,exact,internal,4,86938b48ab88
BIOMD0000001061,R_OCTDPS,no_candidates,0,0,2,up,internal,5,86938b48ab88
BIOMD0000001061,R_OGMEACPD,no_candidates,0,0,0,exact,internal,3,86938b48ab88
BIOMD0000001061,R_OHPBAT,no_candidates,0,0,2,up,internal,7,86938b48ab88
BIOMD0000001061,R_OHPHM,no_candidates,0,0,2,up,internal,5,86938b48ab88
BIOMD0000001061,R_OMCDC,no_candidates,0,0,0,exact,internal,3,86938b48ab88
BIOMD0000001061,R_OMPDC,no_candidates,0,0,0,exact,internal,3,86938b48ab88
BIOMD0000001061,R_OPHBDC,no_candidates,0,0,1,up,internal,4,86938b48ab88
BIOMD0000001061,R_OPMEACPD,no_candidates,0,0,0,exact,internal,3,86938b48ab88
BIOMD0000001061,R_ORNTAC,ok,1,0,2,up,internal,8,86938b48ab88
BIOMD0000001061,R_ORPT,ok,1,0,1,up,internal,4,86938b48ab88
BIOMD0000001061,R_P5CR,no_candidates,0,0,1,down+up,internal,5,86938b48ab88
BIOMD0000001061,R_P5CRx,no_candidates,0,0,1,up,internal,5,86938b48ab88
BIOMD0000001061,R_PANTS,no_candidates,0,0,2,up,internal,6,86938b48ab88
BIOMD0000001061,R_PAPSR,no_candidates,0,0,1,down,internal,7,86938b48ab88
BIOMD0000001061,R_PDH,no_candidates,0,0,1,up,internal,5,86938b48ab88
BIOMD0000001061,R_PDX5POi,ok,1,0,0,exact,internal,2,86938b48ab88
BIOMD0000001061,R_PERD,no_candidates,0,0,2,up,internal,4,86938b48ab88
BIOMD0000001061,R_PGAMT,ok,1,0,0,exact,internal,2,86938b48ab88
BIOMD0000001061,R_PGCD,no_candidates,0,0,2,up,internal,4,86938b48ab88
BIOMD0000001061,R_PGK,ok,1,0,1,up,internal,5,86938b48ab88
BIOMD0000001061,R_PGL,no_candidates,0,0,1,up,internal,4,86938b48ab88
BIOMD0000001061,R_PGLYCP,no_candidates,0,0,1,up,internal,4,86938b48ab88
BIOMD0000001061,R_PGM,ok,1,0,1,up,internal,3,86938b48ab88
BIOMD0000001061,R_PHETA1,ok,1,0,2,up,internal,8,86938b48ab88
BIOMD0000001061,R_PHETRS,no_candidates,0,0,2,up,internal,8,86938b48ab88
BIOMD0000001061,R_PMDPHT,no_candidates,0,0,0,exact,internal,3,86938b48ab88
BIOMD0000001061,R_PMEACPE,no_candidates,0,0,0,exact,internal,4,86938b48ab88
BIOMD0000001061,R_PNTK,no_candidates,0,0,1,up,internal,3,86938b48ab88
BIOMD0000001061,R_PPA,no_candidates,0,0,0,exact,internal,5,86938b48ab88
BIOMD0000001061,R_PPA2,no_candidates,0,0,0,exact,internal,6,86938b48ab88
BIOMD0000001061,R_PPBNGS,no_candidates,0,0,1,up,internal,4,86938b48ab88
BIOMD0000001061,R_PPC,no_candidates,0,0,1,up,internal,5,86938b48ab88
BIOMD0000001061,R_PPCDC,no_candidates,0,0,0,exact,internal,3,86938b48ab88
BIOMD0000001061,R_PPDK,no_candidates,0,0,2,up,internal,5,86938b48ab88
BIOMD0000001061,R_PPGPPDP,no_candidates,0,0,0,exact,internal,3,86938b48ab88
BIOMD0000001061,R_PPNCL2,no_candidates,0,0,0,exact,internal,6,86938b48ab88
BIOMD0000001061,R_PPND,no_candidates,0,0,2,up,internal,5,86938b48ab88
BIOMD0000001061,R_PPNDH,no_candidates,0,0,2,up,internal,5,86938b48ab88
BIOMD0000001061,R_PPS,no_candidates,0,0,2,up,internal,6,86938b48ab88
BIOMD0000001061,R_PRAGSr,no_candidates,0,0,0,exact,internal,3,86938b48ab88
BIOMD0000001061,R_PRAIi,no_candidates,0,0,1,up,internal,3,86938b48ab88
BIOMD0000001061,R_PRAMPC,no_candidates,0,0,0,exact,internal,3,86938b48ab88
BIOMD0000001061,R_PRASCSi,no_candidates,0,0,2,up,internal,5,86938b48ab88
BIOMD0000001061,R_PRATPP,no_candidates,0,0,0,exact,internal,3,86938b48ab88
BIOMD0000001061,R_PRMICI,ok,1,0,0,exact,internal,2,86938b48ab88
BIOMD0000001061,R_PROTRS,no_candidates,0,0,2,up,internal,6,86938b48ab88
BIOMD0000001061,R_PRUK,no_candidates,0,0,1,down,internal,3,86938b48ab88
BIOMD0000001061,R_PSCVT,ok,1,0,2,up,internal,4,86938b48ab88
BIOMD0000001061,R_PSERT,no_candidates,0,0,2,up,internal,7,86938b48ab88
BIOMD0000001061,R_PSP_L,no_candidates,0,0,0,exact,internal,4,86938b48ab88
BIOMD0000001061,R_PTA2,ok,1,0,0,exact,internal,3,86938b48ab88
BIOMD0000001061,R_PTAr,ok,1,0,0,exact,internal,3,86938b48ab88
BIOMD0000001061,R_PTPATi,no_candidates,0,0,0,exact,internal,2,86938b48ab88
BIOMD0000001061,R_PTRCTA,no_candidates,0,0,2,up,internal,9,86938b48ab88
BIOMD0000001061,R_PYK,no_candidates,0,0,1,up,internal,3,86938b48ab88
BIOMD0000001061,R_PYK2,no_candidates,0,0,1,up,internal,5,86938b48ab88
BIOMD0000001061,R_PYK3,no_candidates,0,0,1,up,internal,5,86938b48ab88
BIOMD0000001061,R_PYK4,no_candidates,0,0,1,up,internal,5,86938b48ab88
BIOMD0000001061,R_QULNS,no_candidates,0,0,0,exact,internal,4,86938b48ab88
BIOMD0000001061,R_RBCh,no_candidates,0,0,2,up,internal,5,86938b48ab88
BIOMD0000001061,R_RBFK,no_candidates,0,0,0,exact,internal,2,86938b48ab88
BIOMD0000001061,R_RBFSa,no_candidates,0,0,0,exact,internal,4,86938b48ab88
BIOMD0000001061,R_RBFSb,ok,1,0,0,exact,internal,3,86938b48ab88
BIOMD0000001061,R_RBPC,no_candidates,0,0,2,up,internal,5,86938b48ab88
BIOMD0000001061,R_RNDR1,no_candidates,0,0,0,exact,internal,4,86938b48ab88
BIOMD0000001061,R_RNDR2,no_candidates,0,0,0,exact,internal,5,86938b48ab88
BIOMD0000001061,R_RNDR3,no_candidates,0,0,0,exact,internal,5,86938b48ab88
BIOMD0000001061,R_RNDR4,no_candidates,0,0,0,exact,internal,5,86938b48ab88
BIOMD0000001061,R_RNTR1,no_candidates,0,0,0,exact,internal,4,86938b48ab88
BIOMD0000001061,R_RNTR2,no_candidates,0,0,0,exact,internal,5,86938b48ab88
BIOMD0000001061,R_RNTR3,no_candidates,0,0,0,exact,internal,5,86938b48ab88
BIOMD0000001061,R_RPE,no_candidates,0,0,1,down,internal,4,86938b48ab88
BIOMD0000001061,R_RZ5PP,no_candidates,0,0,0,exact,internal,3,86938b48ab88
BIOMD0000001061,R_SBP,no_candidates,0,0,0,exact,internal,3,86938b48ab88
BIOMD0000001061,R_SDPDS,no_candidates,0,0,2,up,internal,6,86938b48ab88
BIOMD0000001061,R_SDPTA,ok,1,0,2,up,internal,7,86938b48ab88
BIOMD0000001061,R_SELNPS,no_candidates,0,0,2,up,internal,5,86938b48ab88
BIOMD0000001061,R_SERAT,ok,1,0,0,exact,internal,5,86938b48ab88
BIOMD0000001061,R_SERD_L,no_candidates,0,0,2,up,internal,6,86938b48ab88
BIOMD0000001061,R_SERTRS,no_candidates,0,0,2,up,internal,6,86938b48ab88
BIOMD0000001061,R_SFGTHi,no_candidates,0,0,0,exact,internal,4,86938b48ab88
BIOMD0000001061,R_SHCHD2,no_candidates,0,0,1,up,internal,3,86938b48ab88
BIOMD0000001061,R_SHCHF,no_candidates,0,0,1,up,internal,4,86938b48ab88
BIOMD0000001061,R_SHK3Dr,no_candidates,0,0,2,down+up,internal,4,86938b48ab88
BIOMD0000001061,R_SHKK,no_candidates,0,0,2,up,internal,3,86938b48ab88
BIOMD0000001061,R_SHSL2r,no_candidates,0,0,2,up,internal,7,86938b48ab88
BIOMD0000001061,R_SPMS,no_candidates,0,0,2,up,internal,6,86938b48ab88
BIOMD0000001061,R_SPODM,ok,1,0,0,exact,internal,4,86938b48ab88
BIOMD0000001061,R_SSALx,no_candidates,0,0,2,up,internal,8,86938b48ab88
BIOMD0000001061,R_SSALy,no_candidates,0,0,2,down+up,internal,8,86938b48ab88
BIOMD0000001061,R_SUCOAS,ok,1,0,2,up,internal,5,86938b48ab88
BIOMD0000001061,R_SULR,no_candidates,0,0,1,down+up,internal,6,86938b48ab88
BIOMD0000001061,R_TALA,ok,2,0,0,exact,internal,5,86938b48ab88
BIOMD0000001061,R_TDPAGTA,no_candidates,0,0,2,up,internal,7,86938b48ab88
BIOMD0000001061,R_TDPDRE,ok,1,0,0,exact,internal,2,86938b48ab88
BIOMD0000001061,R_TDPDRR,no_candidates,0,0,1,down+up,internal,3,86938b48ab88
BIOMD0000001061,R_TDPGDH,no_candidates,0,0,0,exact,internal,3,86938b48ab88
BIOMD0000001061,R_THDPS,no_candidates,0,0,2,up,internal,6,86938b48ab88
BIOMD0000001061,R_THFAT,no_candidates,0,0,0,exact,internal,3,86938b48ab88
BIOMD0000001061,R_THFGLUS,no_candidates,0,0,2,up,internal,6,86938b48ab88
BIOMD0000001061,R_THRA,ok,1,0,2,up,internal,5,86938b48ab88
BIOMD0000001061,R_THRD_L,no_candidates,0,0,2,up,internal,7,86938b48ab88
BIOMD0000001061,R_THRPDC,no_candidates,0,0,0,exact,internal,3,86938b48ab88
BIOMD0000001061,R_THRS,no_candidates,0,0,2,up,internal,5,86938b48ab88
BIOMD0000001061,R_THRTRS,no_candidates,0,0,2,up,internal,7,86938b48ab88
BIOMD0000001061,R_TKT2,no_candidates,0,0,1,down,internal,6,86938b48ab88
BIOMD0000001061,R_TMDS,ok,1,0,0,exact,internal,4,86938b48ab88
BIOMD0000001061,R_TMPK,no_candidates,0,0,2,up,internal,3,86938b48ab88
BIOMD0000001061,R_TMPPP,no_candidates,0,0,2,up,internal,4,86938b48ab88
BIOMD0000001061,R_TPI,no_candidates,0,0,0,exact,internal,3,86938b48ab88
BIOMD0000001061,R_TRDR,no_candidates,0,0,1,down+up,internal,3,86938b48ab88
BIOMD0000001061,R_TRPS1,no_candidates,0,0,0,exact,internal,8,86938b48ab88
BIOMD0000001061,R_TRPS2,no_candidates,0,0,0,exact,internal,6,86938b48ab88
BIOMD0000001061,R_TRPS3,ok,1,0,0,exact,internal,4,86938b48ab88
BIOMD0000001061,R_TRSARr,no_candidates,0,0,2,up,internal,4,86938b48ab88
BIOMD0000001061,R_TYRTA,ok,1,0,2,up,internal,8,86938b48ab88
BIOMD0000001061,R_UAG2E,ok,1,0,0,exact,internal,2,86938b48ab88
BIOMD0000001061,R_UAG2EMA,no_candidates,0,0,0,exact,internal,4,86938b48ab88
BIOMD0000001061,R_UAGCVT,ok,1,0,1,up,internal,4,86938b48ab88
BIOMD0000001061,R_UAGPT3,no_candidates,0,0,0,exact,internal,4,86938b48ab88
BIOMD0000001061,R_UAMAGS,no_candidates,0,0,0,exact,internal,3,86938b48ab88
BIOMD0000001061,R_UAMAS,no_candidates,0,0,2,up,internal,9,86938b48ab88
BIOMD0000001061,R_UAPGR,no_candidates,0,0,2,down+up,internal,5,86938b48ab88
BIOMD0000001061,R_UDPG4E,no_candidates,0,0,1,up,internal,3,86938b48ab88
BIOMD0000001061,R_UDPGD,no_candidates,0,0,1,up,internal,5,86938b48ab88
BIOMD0000001061,R_UMPK,ok,1,0,0,exact,internal,2,86938b48ab88
BIOMD0000001061,R_UPP3MT,no_candidates,0,0,2,up,internal,5,86938b48ab88
BIOMD0000001061,R_UPP3S,no_candidates,0,0,0,exact,internal,3,86938b48ab88
BIOMD0000001061,R_UPPDC1,no_candidates,0,0,0,exact,internal,3,86938b48ab88
BIOMD0000001061,R_URIDK2r,ok,1,0,0,exact,internal,2,86938b48ab88
BIOMD0000001061,R_VALTA,ok,1,0,2,up,internal,9,86938b48ab88
BIOMD0000001061,R_VALTRS,no_candidates,0,0,2,up,internal,9,86938b48ab88
BIOMD0000001062,R_23PDE2pp,no_candidates,0,0,0,exact,internal,3,86938b48ab88
BIOMD0000001062,R_23PDE4pp,no_candidates,0,0,0,exact,internal,3,86938b48ab88
BIOMD0000001062,R_23PDE7pp,no_candidates,0,0,0,exact,internal,3,86938b48ab88
BIOMD0000001062,R_23PDE9pp,no_candidates,0,0,0,exact,internal,3,86938b48ab88
BIOMD0000001062,R_2DOXG6PP,no_candidates,0,0,2,up,internal,5,86938b48ab88
BIOMD0000001062,R_3AMACHYD,no_candidates,0,0,2,up,internal,7,86938b48ab88
BIOMD0000001062,R_3HAD100,no_candidates,0,0,0,exact,internal,3,86938b48ab88
BIOMD0000001062,R_3HAD120,no_candidates,0,0,0,exact,internal,3,86938b48ab88
BIOMD0000001062,R_3HAD140,no_candidates,0,0,0,exact,internal,3,86938b48ab88
BIOMD0000001062,R_3HAD160,no_candidates,0,0,0,exact,internal,3,86938b48ab88
BIOMD0000001062,R_3HAD180,no_candidates,0,0,0,exact,internal,3,86938b48ab88
BIOMD0000001062,R_3HAD60,no_candidates,0,0,0,exact,internal,3,86938b48ab88
BIOMD0000001062,R_3HAD80,no_candidates,0,0,0,exact,internal,3,86938b48ab88
BIOMD0000001062,R_3KGK,no_candidates,0,0,1,up,internal,3,86938b48ab88
BIOMD0000001062,R_3NTD2pp,no_candidates,0,0,0,exact,internal,3,86938b48ab88
BIOMD0000001062,R_3NTD4pp,no_candidates,0,0,0,exact,internal,3,86938b48ab88
BIOMD0000001062,R_3NTD7pp,no_candidates,0,0,0,exact,internal,3,86938b48ab88
BIOMD0000001062,R_3NTD9pp,no_candidates,0,0,0,exact,internal,3,86938b48ab88
BIOMD0000001062,R_3OAR100,no_candidates,0,0,1,down+up,internal,3,86938b48ab88
BIOMD0000001062,R_3OAR120,no_candidates,0,0,1,down+up,internal,3,86938b48ab88
BIOMD0000001062,R_3OAR140,no_candidates,0,0,1,down+up,internal,3,86938b48ab88
BIOMD0000001062,R_3OAR160,no_candidates,0,0,1,down+up,internal,3,86938b48ab88
BIOMD0000001062,R_3OAR60,no_candidates,0,0,1,down+up,internal,3,86938b48ab88
BIOMD0000001062,R_3OAR80,no_candidates,0,0,1,down+up,internal,3,86938b48ab88
BIOMD0000001062,R_3OXCOAT,no_candidates,0,0,0,exact,internal,4,86938b48ab88
BIOMD0000001062,R_4HTHRS,no_candidates,0,0,0,exact,internal,3,86938b48ab88
BIOMD0000001062,R_5DGLCNR,no_candidates,0,0,1,down+up,internal,4,86938b48ab88
BIOMD0000001062,R_A5PISO,no_candidates,0,0,1,down,internal,3,86938b48ab88
BIOMD0000001062,R_AACTOOR,no_candidates,0,0,2,up,internal,7,86938b48ab88
BIOMD0000001062,R_AATA,no_candidates,0,0,2,up,internal,7,86938b48ab88
BIOMD0000001062,R_ABTA,no_candidates,0,0,2,up,internal,9,86938b48ab88
BIOMD0000001062,R_ABUTD,no_candidates,0,0,2,up,internal,6,86938b48ab88
BIOMD0000001062,R_ACACCT,no_candidates,0,0,1,up,internal,5,86938b48ab88
BIOMD0000001062,R_ACACT1r,ok,4,0,0,exact,internal,3,86938b48ab88
BIOMD0000001062,R_ACACT2r,ok,1,0,0,exact,internal,4,86938b48ab88
BIOMD0000001062,R_ACACT4r,ok,1,0,0,exact,internal,4,86938b48ab88
BIOMD0000001062,R_ACACT6r,ok,1,0,0,exact,internal,4,86938b48ab88
BIOMD0000001062,R_ACACT7r,ok,1,0,0,exact,internal,4,86938b48ab88
BIOMD0000001062,R_ACALD,no_candidates,0,0,1,up,internal,4,86938b48ab88
BIOMD0000001062,R_ACBIPGT,no_candidates,0,0,0,exact,internal,3,86938b48ab88
BIOMD0000001062,R_ACCOAC,no_candidates,0,0,0,exact,internal,4,86938b48ab88
BIOMD0000001062,R_ACGAMK,no_candidates,0,0,1,up,internal,3,86938b48ab88
BIOMD0000001062,R_ACGK,ok,1,0,0,exact,internal,2,86938b48ab88
BIOMD0000001062,R_ACGS,no_candidates,0,0,2,up,internal,7,86938b48ab88
BIOMD0000001062,R_ACHBS,no_candidates,0,0,0,exact,internal,4,86938b48ab88
BIOMD0000001062,R_ACKr,ok,1,0,0,exact,internal,2,86938b48ab88
BIOMD0000001062,R_ACLS,no_candidates,0,0,2,up,internal,4,86938b48ab88
BIOMD0000001062,R_ACM6PH,no_candidates,0,0,1,up,internal,6,86938b48ab88
BIOMD0000001062,R_ACMAMUT,no_candidates,0,0,1,up,internal,5,86938b48ab88
BIOMD0000001062,R_ACNML,no_candidates,0,0,1,up,internal,5,86938b48ab88
BIOMD0000001062,R_ACOAD1f,ok,1,0,0,exact,internal,4,86938b48ab88
BIOMD0000001062,R_ACOAD3f,ok,1,0,0,exact,internal,4,86938b48ab88
BIOMD0000001062,R_ACOAD5f,ok,1,0,0,exact,internal,4,86938b48ab88
BIOMD0000001062,R_ACOAD6f,ok,1,0,0,exact,internal,4,86938b48ab88
BIOMD0000001062,R_ACOAD7f,ok,1,0,1,up,internal,6,86938b48ab88
BIOMD0000001062,R_ACOATA,ok,1,0,0,exact,internal,4,86938b48ab88
BIOMD0000001062,R_ACODA,no_candidates,0,0,0,exact,internal,5,86938b48ab88
BIOMD0000001062,R_ACONIs,no_candidates,0,0,1,down,internal,2,86938b48ab88
BIOMD0000001062,R_ACONMT,no_candidates,0,0,2,down+up,internal,6,86938b48ab88
BIOMD0000001062,R_ACONTa,no_candidates,0,0,2,up,internal,4,86938b48ab88
BIOMD0000001062,R_ACONTb,no_candidates,0,0,0,exact,internal,3,86938b48ab88
BIOMD0000001062,R_ACOTA,ok,1,0,2,up,internal,7,86938b48ab88
BIOMD0000001062,R_ACP1_FMN,no_candidates,0,0,0,exact,internal,3,86938b48ab88
BIOMD0000001062,R_ACS,ok,1,0,1,up,internal,7,86938b48ab88
BIOMD0000001062,R_ADA,no_candidates,0,0,2,up,internal,6,86938b48ab88
BIOMD0000001062,R_ADCL,no_candidates,0,0,0,exact,internal,3,86938b48ab88
BIOMD0000001062,R_ADCS,ok,2,0,2,up,internal,8,86938b48ab88
BIOMD0000001062,R_ADD,no_candidates,0,0,2,up,internal,6,86938b48ab88
BIOMD0000001062,R_ADK1,ok,1,0,0,exact,internal,3,86938b48ab88
BIOMD0000001062,R_ADMDC,ok,1,0,0,exact,internal,3,86938b48ab88
BIOMD0000001062,R_ADNCYC,ok,1,0,0,exact,internal,3,86938b48ab88
BIOMD0000001062,R_ADNK1,no_candidates,0,0,2,up,internal,3,86938b48ab88
BIOMD0000001062,R_ADNUC,no_candidates,0,0,1,down,internal,6,86938b48ab88
BIOMD0000001062,R_ADOCBIK,no_candidates,0,0,0,exact,internal,2,86938b48ab88
BIOMD0000001062,R_ADOCBLS,no_candidates,0,0,0,exact,internal,4,86938b48ab88
BIOMD0000001062,R_ADPT,no_candidates,0,0,2,up,internal,4,86938b48ab88
BIOMD0000001062,R_ADSK,no_candidates,0,0,0,exact,internal,2,86938b48ab88
BIOMD0000001062,R_ADSL1r,no_candidates,0,0,2,up,internal,5,86938b48ab88
BIOMD0000001062,R_ADSL2r,no_candidates,0,0,2,up,internal,4,86938b48ab88
BIOMD0000001062,R_ADSS,no_candidates,0,0,0,exact,internal,6,86938b48ab88
BIOMD0000001062,R_AGDC,no_candidates,0,0,1,up,internal,5,86938b48ab88
BIOMD0000001062,R_AGMHE,ok,1,0,0,exact,internal,2,86938b48ab88
BIOMD0000001062,R_AGMT,no_candidates,0,0,0,exact,internal,4,86938b48ab88
BIOMD0000001062,R_AGPR,no_candidates,0,0,1,down+up,internal,3,86938b48ab88
BIOMD0000001062,R_AHCYSNS,no_candidates,0,0,0,exact,internal,4,86938b48ab88
BIOMD0000001062,R_AICART,ok,1,0,0,exact,internal,4,86938b48ab88
BIOMD0000001062,R_AIRC3,no_candidates,0,0,2,up,internal,3,86938b48ab88
BIOMD0000001062,R_AKGDH,no_candidates,0,0,1,up,internal,5,86938b48ab88
BIOMD0000001062,R_AKGDH2,no_candidates,0,0,1,up,internal,5,86938b48ab88
BIOMD0000001062,R_ALAALAr,no_candidates,0,0,0,exact,internal,2,86938b48ab88
BIOMD0000001062,R_ALAGLUE,ok,3,0,1,up,internal,1,86938b48ab88
BIOMD0000001062,R_ALAR,ok,1,0,2,up,internal,6,86938b48ab88
BIOMD0000001062,R_ALATA_D2,no_candidates,0,0,0,exact,internal,4,86938b48ab88
BIOMD0000001062,R_ALATA_L,ok,1,0,2,up,internal,9,86938b48ab88
BIOMD0000001062,R_ALCD19,no_candidates,0,0,1,up,internal,3,86938b48ab88
BIOMD0000001062,R_ALCD2x,no_candidates,0,0,1,up,internal,3,86938b48ab88
BIOMD0000001062,R_ALDD2y,no_candidates,0,0,1,down+up,internal,4,86938b48ab88
BIOMD0000001062,R_ALKP,no_candidates,0,0,0,exact,internal,3,86938b48ab88
BIOMD0000001062,R_ALLK,no_candidates,0,0,0,exact,internal,2,86938b48ab88
BIOMD0000001062,R_ALLPI,ok,1,0,0,exact,internal,2,86938b48ab88
BIOMD0000001062,R_ALLULPE,ok,1,0,0,exact,internal,2,86938b48ab88
BIOMD0000001062,R_ALR2,no_candidates,0,0,1,down+up,internal,3,86938b48ab88
BIOMD0000001062,R_ALTRH,no_candidates,0,0,0,exact,internal,3,86938b48ab88
BIOMD0000001062,R_AMANAPEr,no_candidates,0,0,1,up,internal,3,86938b48ab88
BIOMD0000001062,R_AMANK,no_candidates,0,0,0,exact,internal,2,86938b48ab88
BIOMD0000001062,R_AMAOTr,ok,1,0,0,exact,internal,4,86938b48ab88
BIOMD0000001062,R_AMPTASECG,no_candidates,0,0,0,exact,internal,5,86938b48ab88
BIOMD0000001062,R_ANPRT,no_candidates,0,0,0,exact,internal,3,86938b48ab88
BIOMD0000001062,R_ANS,no_candidates,0,0,2,up,internal,9,86938b48ab88
BIOMD0000001062,R_AOBUTDs,no_candidates,0,0,2,up,internal,5,86938b48ab88
BIOMD0000001062,R_AOXSr,no_candidates,0,0,2,up,internal,9,86938b48ab88
BIOMD0000001062,R_AOXSr2,ok,1,0,2,up,internal,9,86938b48ab88
BIOMD0000001062,R_AP4AH,no_candidates,0,0,0,exact,internal,5,86938b48ab88
BIOMD0000001062,R_AP5AH,no_candidates,0,0,0,exact,internal,6,86938b48ab88
BIOMD0000001062,R_APCS,no_candidates,0,0,2,up,internal,6,86938b48ab88
BIOMD0000001062,R_APPLDHr,no_candidates,0,0,2,up,internal,6,86938b48ab88
BIOMD0000001062,R_APRAUR,no_candidates,0,0,1,down+up,internal,3,86938b48ab88
BIOMD0000001062,R_ARABDI,ok,1,0,0,exact,internal,3,86938b48ab88
BIOMD0000001062,R_ARGDC,no_candidates,0,0,0,exact,internal,4,86938b48ab88
BIOMD0000001062,R_ARGDCpp,no_candidates,0,0,0,exact,internal,4,86938b48ab88
BIOMD0000001062,R_ARGDr,no_candidates,0,0,2,up,internal,7,86938b48ab88
BIOMD0000001062,R_ARGSL,no_candidates,0,0,2,up,internal,5,86938b48ab88
BIOMD0000001062,R_ARGSS,no_candidates,0,0,2,up,internal,6,86938b48ab88
BIOMD0000001062,R_ARGTRS,no_candidates,0,0,2,up,internal,6,86938b48ab88
BIOMD0000001062,R_ASAD,no_candidates,0,0,1,down+up,internal,3,86938b48ab88
BIOMD0000001062,R_ASCBPL,no_candidates,0,0,1,up,internal,4,86938b48ab88
BIOMD0000001062,R_ASNN,no_candidates,0,0,2,up,internal,8,86938b48ab88
BIOMD0000001062,R_ASNNpp,no_candidates,0,0,2,up,internal,8,86938b48ab88
BIOMD0000001062,R_ASNS1,no_candidates,0,0,2,up,internal,13,86938b48ab88
BIOMD0000001062,R_ASNS2,no_candidates,0,0,2,up,internal,9,86938b48ab88
BIOMD0000001062,R_ASNTRS,no_candidates,0,0,2,up,internal,6,86938b48ab88
BIOMD0000001062,R_ASP1DC,no_candidates,0,0,0,exact,internal,4,86938b48ab88
BIOMD0000001062,R_ASPCT,no_candidates,0,0,0,exact,internal,4,86938b48ab88
BIOMD0000001062,R_ASPK,ok,1,0,0,exact,internal,3,86938b48ab88
BIOMD0000001062,R_ASPO6,no_candidates,0,0,0,exact,internal,3,86938b48ab88
BIOMD0000001062,R_ASPT,no_candidates,0,0,2,up,internal,7,86938b48ab88
BIOMD0000001062,R_ASPTA,ok,1,0,2,up,internal,8,86938b48ab88
BIOMD0000001062,R_ASPTRS,no_candidates,0,0,2,up,internal,6,86938b48ab88
BIOMD0000001062,R_AST,no_candidates,0,0,0,exact,internal,5,86938b48ab88
BIOMD0000001062,R_ATHRDHr,no_candidates,0,0,2,down+up,internal,5,86938b48ab88
BIOMD0000001062,R_ATPHs,no_candidates,0,0,2,up,internal,5,86938b48ab88
BIOMD0000001062,R_ATPM,no_candidates,0,0,0,exact,internal,6,86938b48ab88
BIOMD0000001062,R_ATPPRT,no_candidates,0,0,0,exact,internal,2,86938b48ab88
BIOMD0000001062,R_BDH,no_candidates,0,0,1,up,internal,4,86938b48ab88
BIOMD0000001062,R_BETALDHx,no_candidates,0,0,1,up,internal,5,86938b48ab88
BIOMD0000001062,R_BETALDHy,no_candidates,0,0,1,down+up,internal,5,86938b48ab88
BIOMD0000001062,R_BPNT,no_candidates,0,0,2,up,internal,4,86938b48ab88
BIOMD0000001062,R_BSORy,no_candidates,0,0,1,down+up,internal,5,86938b48ab88
BIOMD0000001062,R_CAT,no_candidates,0,0,0,exact,internal,4,86938b48ab88
BIOMD0000001062,R_CBLAT,no_candidates,0,0,0,exact,internal,3,86938b48ab88
BIOMD0000001062,R_CBMD,no_candidates,0,0,2,up,internal,5,86938b48ab88
BIOMD0000001062,R_CBMKr,no_candidates,0,0,2,up,internal,5,86938b48ab88
BIOMD0000001062,R_CBPS,no_candidates,0,0,2,up,internal,10,86938b48ab88
BIOMD0000001062,R_CCGS,no_candidates,0,0,2,up,internal,7,86938b48ab88
BIOMD0000001062,R_CDGR,no_candidates,0,0,2,down+up,internal,4,86938b48ab88
BIOMD0000001062,R_CDGS,no_candidates,0,0,2,up,internal,6,86938b48ab88
BIOMD0000001062,R_CDPMEK,no_candidates,0,0,0,exact,internal,2,86938b48ab88
BIOMD0000001062,R_CDPPH,no_candidates,0,0,0,exact,internal,3,86938b48ab88
BIOMD0000001062,R_CHOLD,no_candidates,0,0,2,up,internal,4,86938b48ab88
BIOMD0000001062,R_CHORM,ok,1,0,0,exact,internal,2,86938b48ab88
BIOMD0000001062,R_CHORS,ok,1,0,0,exact,internal,2,86938b48ab88
BIOMD0000001062,R_CHRPL,no_candidates,0,0,0,exact,internal,3,86938b48ab88
BIOMD0000001062,R_CITL,ok,1,0,1,up,internal,4,86938b48ab88
BIOMD0000001062,R_CLB6PH,no_candidates,0,0,2,up,internal,7,86938b48ab88
BIOMD0000001062,R_CPH4S,no_candidates,0,0,1,up,internal,6,86938b48ab88
BIOMD0000001062,R_CPPPGO,no_candidates,0,0,0,exact,internal,4,86938b48ab88
BIOMD0000001062,R_CPPPGO2,no_candidates,0,0,2,up,internal,8,86938b48ab88
BIOMD0000001062,R_CRNBTCT,no_candidates,0,0,2,up,internal,7,86938b48ab88
BIOMD0000001062,R_CRNCBCT,no_candidates,0,0,2,up,internal,7,86938b48ab88
BIOMD0000001062,R_CRNCDH,no_candidates,0,0,1,up,internal,4,86938b48ab88
BIOMD0000001062,R_CS,no_candidates,0,0,2,up,internal,6,86938b48ab88
BIOMD0000001062,R_CSND,no_candidates,0,0,2,up,internal,6,86938b48ab88
BIOMD0000001062,R_CTPS2,no_candidates,0,0,2,up,internal,9,86938b48ab88
BIOMD0000001062,R_CYANST,no_candidates,0,0,1,down+up,internal,9,86938b48ab88
BIOMD0000001062,R_CYANSTpp,no_candidates,0,0,1,down+up,internal,9,86938b48ab88
BIOMD0000001062,R_CYSDDS,no_candidates,0,0,2,up,internal,7,86938b48ab88
BIOMD0000001062,R_CYSDS,no_candidates,0,0,2,up,internal,8,86938b48ab88
BIOMD0000001062,R_CYSS,no_candidates,0,0,0,exact,internal,5,86938b48ab88
BIOMD0000001062,R_CYSSADS,no_candidates,0,0,2,up,internal,7,86938b48ab88
BIOMD0000001062,R_CYSTA,ok,2,0,2,up,internal,8,86938b48ab88
BIOMD0000001062,R_CYSTL,no_candidates,0,0,2,up,internal,8,86938b48ab88
BIOMD0000001062,R_CYSTRS,no_candidates,0,0,2,up,internal,6,86938b48ab88
BIOMD0000001062,R_CYTD,no_candidates,0,0,2,up,internal,6,86938b48ab88
BIOMD0000001062,R_CYTDH,no_candidates,0,0,1,down,internal,6,86938b48ab88
BIOMD0000001062,R_CYTDK1,no_candidates,0,0,0,exact,internal,2,86938b48ab88
BIOMD0000001062,R_CYTDK2,no_candidates,0,0,0,exact,internal,4,86938b48ab88
BIOMD0000001062,R_CYTK1,ok,1,0,0,exact,internal,2,86938b48ab88
BIOMD0000001062,R_CYTK2,ok,1,0,0,exact,internal,2,86938b48ab88
BIOMD0000001062,R_D5KGPA,ok,1,0,0,exact,internal,3,86938b48ab88
BIOMD0000001062,R_DADA,no_candidates,0,0,2,up,internal,6,86938b48ab88
BIOMD0000001062,R_DADK,ok,1,0,0,exact,internal,2,86938b48ab88
BIOMD0000001062,R_DADK_copy1,ok,1,0,0,exact,internal,2,86938b48ab88
BIOMD0000001062,R_DADK_copy2,ok,1,0,0,exact,internal,2,86938b48ab88
BIOMD0000001062,R_DAPAL,no_candidates,0,0,2,up,internal,7,86938b48ab88
BIOMD0000001062,R_DAPDC,no_candidates,0,0,0,exact,internal,4,86938b48ab88
BIOMD0000001062,R_DAPE,ok,1,0,0,exact,internal,2,86938b48ab88
BIOMD0000001062,R_DB4PS,no_candidates,0,0,1,down,internal,4,86938b48ab88
BIOMD0000001062,R_DBTS,no_candidates,0,0,2,up,internal,5,86938b48ab88
BIOMD0000001062,R_DCTPD,no_candidates,0,0,2,up,internal,6,86938b48ab88
BIOMD0000001062,R_DCYTD,no_candidates,0,0,2,up,internal,6,86938b48ab88
BIOMD0000001062,R_DDGALK,no_candidates,0,0,1,up,internal,3,86938b48ab88
BIOMD0000001062,R_DDGLK,no_candidates,0,0,1,up,internal,3,86938b48ab88
BIOMD0000001062,R_DDPA,no_candidates,0,0,1,up,internal,5,86938b48ab88
BIOMD0000001062,R_DDPGALA,no_candidates,0,0,1,up,internal,5,86938b48ab88
BIOMD0000001062,R_DGK1,ok,1,0,2,up,internal,4,86938b48ab88
BIOMD0000001062,R_DHAD1,no_candidates,0,0,0,exact,internal,3,86938b48ab88
BIOMD0000001062,R_DHAD2,no_candidates,0,0,0,exact,internal,3,86938b48ab88
BIOMD0000001062,R_DHAPT,ok,1,0,1,up,internal,5,86938b48ab88
BIOMD0000001062,R_DHBD,no_candidates,0,0,2,up,internal,4,86938b48ab88
BIOMD0000001062,R_DHBS,no_candidates,0,0,0,exact,internal,2,86938b48ab88
BIOMD0000001062,R_DHFR,no_candidates,0,0,1,down+up,internal,3,86938b48ab88
BIOMD0000001062,R_DHFS,no_candidates,0,0,2,up,internal,6,86938b48ab88
BIOMD0000001062,R_DHNPA2r,ok,1,0,0,exact,internal,3,86938b48ab88
BIOMD0000001062,R_DHORDfum,no_candidates,0,0,2,up,internal,7,86938b48ab88
BIOMD0000001062,R_DHORTS,no_candidates,0,0,2,up,internal,4,86938b48ab88
BIOMD0000001062,R_DHPPDA2,no_candidates,0,0,2,up,internal,6,86938b48ab88
BIOMD0000001062,R_DHPS2,ok,1,0,0,exact,internal,3,86938b48ab88
BIOMD0000001062,R_DHPTDNR,no_candidates,0,0,1,down+up,internal,8,86938b48ab88
BIOMD0000001062,R_DHPTDNRN,no_candidates,0,0,1,down+up,internal,8,86938b48ab88
BIOMD0000001062,R_DHQS,no_candidates,0,0,1,up,internal,3,86938b48ab88
BIOMD0000001062,R_DHQTi,no_candidates,0,0,0,exact,internal,3,86938b48ab88
BIOMD0000001062,R_DKFPS2,ok,1,0,0,exact,internal,5,86938b48ab88
BIOMD0000001062,R_DKGLCNR2y,no_candidates,0,0,1,down+up,internal,4,86938b48ab88
BIOMD0000001062,R_DMALRED,ok,1,0,0,exact,internal,4,86938b48ab88
BIOMD0000001062,R_DMATT,ok,1,0,0,exact,internal,4,86938b48ab88
BIOMD0000001062,R_DNMPPA,no_candidates,0,0,0,exact,internal,3,86938b48ab88
BIOMD0000001062,R_DNTPPA,no_candidates,0,0,0,exact,internal,3,86938b48ab88
BIOMD0000001062,R_DOGULNR,no_candidates,0,0,2,up,internal,4,86938b48ab88
BIOMD0000001062,R_DPCOAK,no_candidates,0,0,0,exact,internal,2,86938b48ab88
BIOMD0000001062,R_DPR,no_candidates,0,0,1,down+up,internal,3,86938b48ab88
BIOMD0000001062,R_DRBK,no_candidates,0,0,0,exact,internal,2,86938b48ab88
BIOMD0000001062,R_DRPA,ok,1,0,0,exact,internal,4,86938b48ab88
BIOMD0000001062,R_DTARTD,no_candidates,0,0,0,exact,internal,3,86938b48ab88
BIOMD0000001062,R_DTMPK,ok,1,0,0,exact,internal,2,86938b48ab88
BIOMD0000001062,R_DURADx,no_candidates,0,0,1,up,internal,3,86938b48ab88
BIOMD0000001062,R_DURIK1,no_candidates,0,0,0,exact,internal,2,86938b48ab88
BIOMD0000001062,R_DURIPP,ok,1,0,0,exact,internal,3,86938b48ab88
BIOMD0000001062,R_DUTPDP,no_candidates,0,0,0,exact,internal,3,86938b48ab88
BIOMD0000001062,R_DXPRIi,no_candidates,0,0,1,down+up,internal,3,86938b48ab88
BIOMD0000001062,R_DXPS,no_candidates,0,0,0,exact,internal,5,86938b48ab88
BIOMD0000001062,R_E4PD,no_candidates,0,0,2,up,internal,5,86938b48ab88
BIOMD0000001062,R_ECOAH1,no_candidates,0,0,0,exact,internal,3,86938b48ab88
BIOMD0000001062,R_ECOAH2,no_candidates,0,0,0,exact,internal,3,86938b48ab88
BIOMD0000001062,R_ECOAH3,no_candidates,0,0,0,exact,internal,3,86938b48ab88
BIOMD0000001062,R_ECOAH4,no_candidates,0,0,0,exact,internal,3,86938b48ab88
BIOMD0000001062,R_ECOAH5,no_candidates,0,0,0,exact,internal,3,86938b48ab88
BIOMD0000001062,R_ECOAH6,no_candidates,0,0,0,exact,internal,3,86938b48ab88
BIOMD0000001062,R_ECOAH7,no_candidates,0,0,2,up,internal,4,86938b48ab88
BIOMD0000001062,R_EDA,no_candidates,0,0,1,up,internal,5,86938b48ab88
BIOMD0000001062,R_EDD,no_candidates,0,0,1,up,internal,4,86938b48ab88
BIOMD0000001062,R_EGMEACPR,no_candidates,0,0,1,down+up,internal,3,86938b48ab88
BIOMD0000001062,R_ENO,no_candidates,0,0,2,up,internal,4,86938b48ab88
BIOMD0000001062,R_EPMEACPR,no_candidates,0,0,1,down+up,internal,3,86938b48ab88
BIOMD0000001062,R_ETHAAL,no_candidates,0,0,2,up,internal,5,86938b48ab88
BIOMD0000001062,R_FACOAE160,no_candidates,0,0,2,up,internal,5,86938b48ab88
BIOMD0000001062,R_FACOAE180,no_candidates,0,0,0,exact,internal,4,86938b48ab88
BIOMD0000001062,R_FADRx,no_candidates,0,0,1,up,internal,3,86938b48ab88
BIOMD0000001062,R_FADRx2,no_candidates,0,0,1,down+up,internal,3,86938b48ab88
BIOMD0000001062,R_FALDH2,no_candidates,0,0,1,up,internal,3,86938b48ab88
BIOMD0000001062,R_FALGTHLs,ok,1,0,0,exact,internal,3,86938b48ab88
BIOMD0000001062,R_FBA,ok,2,0,0,exact,internal,4,86938b48ab88
BIOMD0000001062,R_FBA3,ok,1,0,0,exact,internal,3,86938b48ab88
BIOMD0000001062,R_FCLK,no_candidates,0,0,0,exact,internal,2,86938b48ab88
BIOMD0000001062,R_FCLPA,ok,1,0,0,exact,internal,4,86938b48ab88
BIOMD0000001062,R_FCLT,ok,1,0,0,exact,internal,3,86938b48ab88
BIOMD0000001062,R_FDMO2,no_candidates,0,0,1,down+up,internal,9,86938b48ab88
BIOMD0000001062,R_FEROpp,no_candidates,0,0,0,exact,internal,3,86938b48ab88
BIOMD0000001062,R_FLDR,no_candidates,0,0,1,down+up,internal,3,86938b48ab88
BIOMD0000001062,R_FLVR,no_candidates,0,0,2,down+up,internal,4,86938b48ab88
BIOMD0000001062,R_FLVRx,no_candidates,0,0,2,up,internal,4,86938b48ab88
BIOMD0000001062,R_FMETTRS,no_candidates,0,0,0,exact,internal,4,86938b48ab88
BIOMD0000001062,R_FMNAT,no_candidates,0,0,0,exact,internal,2,86938b48ab88
BIOMD0000001062,R_FMNRx,no_candidates,0,0,1,up,internal,3,86938b48ab88
BIOMD0000001062,R_FMNRx2,no_candidates,0,0,1,down+up,internal,3,86938b48ab88
BIOMD0000001062,R_FOMETRi,no_candidates,0,0,0,exact,internal,3,86938b48ab88
BIOMD0000001062,R_FORCT,ok,1,0,0,exact,internal,4,86938b48ab88
BIOMD0000001062,R_FTHFD,no_candidates,0,0,0,exact,internal,4,86938b48ab88
BIOMD0000001062,R_FTHFLi,ok,1,0,0,exact,internal,3,86938b48ab88
BIOMD0000001062,R_FUM,no_candidates,0,0,2,up,internal,4,86938b48ab88
BIOMD0000001062,R_G1PP,no_candidates,0,0,2,down+up,internal,6,86938b48ab88
BIOMD0000001062,R_G1PPpp,no_candidates,0,0,2,down+up,internal,6,86938b48ab88
BIOMD0000001062,R_G1PTT,no_candidates,0,0,1,down,internal,4,86938b48ab88
BIOMD0000001062,R_G1SAT,no_candidates,0,0,1,up,internal,3,86938b48ab88
BIOMD0000001062,R_G2PP,no_candidates,0,0,0,exact,internal,3,86938b48ab88
BIOMD0000001062,R_G2PPpp,no_candidates,0,0,0,exact,internal,3,86938b48ab88
BIOMD0000001062,R_G3PD2,no_candidates,0,0,1,down+up,internal,3,86938b48ab88
BIOMD0000001062,R_G3PT,no_candidates,0,0,0,exact,internal,3,86938b48ab88
BIOMD0000001062,R_G5SADs,no_candidates,0,0,0,exact,internal,4,86938b48ab88
BIOMD0000001062,R_G5SD,no_candidates,0,0,1,down+up,internal,3,86938b48ab88
BIOMD0000001062,R_G6PDA,no_candidates,0,0,2,up,internal,6,86938b48ab88
BIOMD0000001062,R_G6PDH2r,no_candidates,0,0,2,down+up,internal,5,86938b48ab88
BIOMD0000001062,R_G6PP,no_candidates,0,0,2,up,internal,7,86938b48ab88
BIOMD0000001062,R_GALAM6PISO,no_candidates,0,0,2,up,internal,6,86938b48ab88
BIOMD0000001062,R_GALCTD,no_candidates,0,0,0,exact,internal,3,86938b48ab88
BIOMD0000001062,R_GALCTND,no_candidates,0,0,1,down,internal,4,86938b48ab88
BIOMD0000001062,R_GALKr,no_candidates,0,0,2,up,internal,6,86938b48ab88
BIOMD0000001062,R_GALUi,no_candidates,0,0,1,down+up,internal,5,86938b48ab88
BIOMD0000001062,R_GAPD,no_candidates,0,0,1,up,internal,4,86938b48ab88
BIOMD0000001062,R_GARFT,no_candidates,0,0,0,exact,internal,4,86938b48ab88
BIOMD0000001062,R_GCALDD,no_candidates,0,0,1,up,internal,4,86938b48ab88
BIOMD0000001062,R_GDPMNP,no_candidates,0,0,0,exact,internal,4,86938b48ab88
BIOMD0000001062,R_GHBDHx,no_candidates,0,0,2,up,internal,6,86938b48ab88
BIOMD0000001062,R_GHMT2r,no_candidates,0,0,0,exact,internal,6,86938b48ab88
BIOMD0000001062,R_GK1,ok,1,0,0,exact,internal,2,86938b48ab88
BIOMD0000001062,R_GLCOAS,ok,1,0,0,exact,internal,3,86938b48ab88
BIOMD0000001062,R_GLCRAL,ok,1,0,1,up,internal,8,86938b48ab88
BIOMD0000001062,R_GLCRD,no_candidates,0,0,0,exact,internal,3,86938b48ab88
BIOMD0000001062,R_GLGC,no_candidates,0,0,1,down+up,internal,4,86938b48ab88
BIOMD0000001062,R_GLNS,no_candidates,0,0,2,up,internal,9,86938b48ab88
BIOMD0000001062,R_GLNTRS,no_candidates,0,0,2,up,internal,6,86938b48ab88
BIOMD0000001062,R_GLTPD,no_candidates,0,0,1,up,internal,3,86938b48ab88
BIOMD0000001062,R_GLU5K,ok,1,0,2,up,internal,5,86938b48ab88
BIOMD0000001062,R_GLUCYS,no_candidates,0,0,2,up,internal,7,86938b48ab88
BIOMD0000001062,R_GLUDC,no_candidates,0,0,2,up,internal,6,86938b48ab88
BIOMD0000001062,R_GLUDy,no_candidates,0,0,2,down+up,internal,10,86938b48ab88
BIOMD0000001062,R_GLUN,no_candidates,0,0,2,up,internal,10,86938b48ab88
BIOMD0000001062,R_GLUNpp,no_candidates,0,0,2,up,internal,10,86938b48ab88
BIOMD0000001062,R_GLUPRT,no_candidates,0,0,2,up,internal,9,86938b48ab88
BIOMD0000001062,R_GLUR,no_candidates,0,0,2,up,internal,5,86938b48ab88
BIOMD0000001062,R_GLUSy,no_candidates,0,0,2,down+up,internal,8,86938b48ab88
BIOMD0000001062,R_GLUTRR,no_candidates,0,0,1,down+up,internal,5,86938b48ab88
BIOMD0000001062,R_GLUTRS,no_candidates,0,0,2,up,internal,8,86938b48ab88
BIOMD0000001062,R_GLXCL,no_candidates,0,0,2,up,internal,4,86938b48ab88
BIOMD0000001062,R_GLYAT,ok,1,0,0,exact,internal,4,86938b48ab88
BIOMD0000001062,R_GLYCDx,no_candidates,0,0,1,up,internal,3,86938b48ab88
BIOMD0000001062,R_GLYCK,no_candidates,0,0,2,up,internal,3,86938b48ab88
BIOMD0000001062,R_GLYCK2,no_candidates,0,0,2,up,internal,3,86938b48ab88
BIOMD0000001062,R_GLYCL,no_candidates,0,0,2,up,internal,8,86938b48ab88
BIOMD0000001062,R_GLYCLTDx,no_candidates,0,0,1,up,internal,3,86938b48ab88
BIOMD0000001062,R_GLYCLTDy,no_candidates,0,0,1,down+up,internal,3,86938b48ab88
BIOMD0000001062,R_GLYK,no_candidates,0,0,0,exact,internal,2,86938b48ab88
BIOMD0000001062,R_GLYOX,no_candidates,0,0,0,exact,internal,4,86938b48ab88
BIOMD0000001062,R_GLYOX3,no_candidates,0,0,0,exact,internal,3,86938b48ab88
BIOMD0000001062,R_GLYTRS,ok,1,0,1,up,internal,8,86938b48ab88
BIOMD0000001062,R_GMAND,no_candidates,0,0,0,exact,internal,3,86938b48ab88
BIOMD0000001062,R_GMHEPAT,no_candidates,0,0,0,exact,internal,2,86938b48ab88
BIOMD0000001062,R_GMPR,no_candidates,0,0,2,down+up,internal,6,86938b48ab88
BIOMD0000001062,R_GMPS,no_candidates,0,0,2,up,internal,7,86938b48ab88
BIOMD0000001062,R_GMPS2,no_candidates,0,0,2,up,internal,11,86938b48ab88
BIOMD0000001062,R_GND,no_candidates,0,0,1,down+up,internal,6,86938b48ab88
BIOMD0000001062,R_GNK,no_candidates,0,0,1,up,internal,3,86938b48ab88
BIOMD0000001062,R_GPDDA1,no_candidates,0,0,2,up,internal,5,86938b48ab88
BIOMD0000001062,R_GPDDA1pp,no_candidates,0,0,2,up,internal,5,86938b48ab88
BIOMD0000001062,R_GPDDA2,no_candidates,0,0,0,exact,internal,4,86938b48ab88
BIOMD0000001062,R_GPDDA2pp,no_candidates,0,0,0,exact,internal,4,86938b48ab88
BIOMD0000001062,R_GPDDA5,no_candidates,0,0,1,down,internal,7,86938b48ab88
BIOMD0000001062,R_GPDDA5pp,no_candidates,0,0,1,down,internal,7,86938b48ab88
BIOMD0000001062,R_GRTT,no_candidates,0,0,2,up,internal,5,86938b48ab88
BIOMD0000001062,R_GSNK,no_candidates,0,0,0,exact,internal,2,86938b48ab88
BIOMD0000001062,R_GSPMDA,no_candidates,0,0,2,up,internal,6,86938b48ab88
BIOMD0000001062,R_GSPMDS,no_candidates,0,0,2,up,internal,5,86938b48ab88
BIOMD0000001062,R_GTHOr,no_candidates,0,0,1,down+up,internal,3,86938b48ab88
BIOMD0000001062,R_GTHPi,no_candidates,0,0,0,exact,internal,3,86938b48ab88
BIOMD0000001062,R_GTHPi_copy1,no_candidates,0,0,0,exact,internal,3,86938b48ab88
BIOMD0000001062,R_GTHPi_copy2,no_candidates,0,0,0,exact,internal,3,86938b48ab88
BIOMD0000001062,R_GTHRDHpp,no_candidates,0,0,2,up,internal,7,86938b48ab88
BIOMD0000001062,R_GTHS,no_candidates,0,0,0,exact,internal,3,86938b48ab88
BIOMD0000001062,R_GTPCI,no_candidates,0,0,0,exact,internal,4,86938b48ab88
BIOMD0000001062,R_GTPCII2,no_candidates,0,0,0,exact,internal,4,86938b48ab88
BIOMD0000001062,R_GTPDPDP,no_candidates,0,0,0,exact,internal,3,86938b48ab88
BIOMD0000001062,R_GTPDPK,no_candidates,0,0,2,up,internal,4,86938b48ab88
BIOMD0000001062,R_GUACYC,ok,1,0,0,exact,internal,2,86938b48ab88
BIOMD0000001062,R_GUAD,no_candidates,0,0,2,up,internal,8,86938b48ab88
BIOMD0000001062,R_GUAPRT,no_candidates,0,0,0,exact,internal,3,86938b48ab88
BIOMD0000001062,R_GUI1,no_candidates,0,0,1,up,internal,3,86938b48ab88
BIOMD0000001062,R_GUI2,no_candidates,0,0,1,up,internal,4,86938b48ab88
BIOMD0000001062,R_HACD1,no_candidates,0,0,1,up,internal,3,86938b48ab88
BIOMD0000001062,R_HACD1i,no_candidates,0,0,1,up,internal,3,86938b48ab88
BIOMD0000001062,R_HACD2,no_candidates,0,0,1,up,internal,3,86938b48ab88
BIOMD0000001062,R_HACD2i,no_candidates,0,0,1,up,internal,3,86938b48ab88
BIOMD0000001062,R_HACD3,no_candidates,0,0,1,up,internal,3,86938b48ab88
BIOMD0000001062,R_HACD3i,no_candidates,0,0,1,up,internal,3,86938b48ab88
BIOMD0000001062,R_HACD4,no_candidates,0,0,1,up,internal,3,86938b48ab88
BIOMD0000001062,R_HACD4i,no_candidates,0,0,1,up,internal,3,86938b48ab88
BIOMD0000001062,R_HACD5,no_candidates,0,0,1,up,internal,3,86938b48ab88
BIOMD0000001062,R_HACD5i,no_candidates,0,0,1,up,internal,3,86938b48ab88
BIOMD0000001062,R_HACD6,no_candidates,0,0,1,up,internal,3,86938b48ab88
BIOMD0000001062,R_HACD6i,no_candidates,0,0,1,up,internal,3,86938b48ab88
BIOMD0000001062,R_HACD7,no_candidates,0,0,1,up,internal,3,86938b48ab88
BIOMD0000001062,R_HACD7i,no_candidates,0,0,1,up,internal,3,86938b48ab88
BIOMD0000001062,R_HBZOPT,no_candidates,0,0,2,up,internal,6,86938b48ab88
BIOMD0000001062,R_HCO3E,no_candidates,0,0,0,exact,internal,4,86938b48ab88
BIOMD0000001062,R_HEMEOS,no_candidates,0,0,2,up,internal,6,86938b48ab88
BIOMD0000001062,R_HETZK,no_candidates,0,0,0,exact,internal,2,86938b48ab88
BIOMD0000001062,R_HEX1,no_candidates,0,0,2,up,internal,6,86938b48ab88
BIOMD0000001062,R_HEX4,no_candidates,0,0,2,up,internal,4,86938b48ab88
BIOMD0000001062,R_HEX7,no_candidates,0,0,0,exact,internal,5,86938b48ab88
BIOMD0000001062,R_HISTD,no_candidates,0,0,2,up,internal,6,86938b48ab88
BIOMD0000001062,R_HISTP,no_candidates,0,0,2,up,internal,4,86938b48ab88
BIOMD0000001062,R_HISTRS,no_candidates,0,0,2,up,internal,6,86938b48ab88
BIOMD0000001062,R_HMBS,no_candidates,0,0,2,up,internal,6,86938b48ab88
BIOMD0000001062,R_HPPK2,no_candidates,0,0,2,up,internal,4,86938b48ab88
BIOMD0000001062,R_HPYRI,ok,1,0,1,up,internal,5,86938b48ab88
BIOMD0000001062,R_HPYRRx,no_candidates,0,0,2,up,internal,4,86938b48ab88
BIOMD0000001062,R_HPYRRy,no_candidates,0,0,2,down+up,internal,4,86938b48ab88
BIOMD0000001062,R_HSDy,no_candidates,0,0,1,down+up,internal,3,86938b48ab88
BIOMD0000001062,R_HSK,no_candidates,0,0,0,exact,internal,2,86938b48ab88
BIOMD0000001062,R_HSST,ok,1,0,0,exact,internal,4,86938b48ab88
BIOMD0000001062,R_HSTPT,no_candidates,0,0,2,up,internal,7,86938b48ab88
BIOMD0000001062,R_HXAND,no_candidates,0,0,2,up,internal,6,86938b48ab88
BIOMD0000001062,R_HXPRT,no_candidates,0,0,0,exact,internal,3,86938b48ab88
BIOMD0000001062,R_HYPOE,no_candidates,0,0,2,up,internal,5,86938b48ab88
BIOMD0000001062,R_ICDHyr,no_candidates,0,0,1,down+up,internal,4,86938b48ab88
BIOMD0000001062,R_ICHORS_copy1,ok,1,0,0,exact,internal,2,86938b48ab88
BIOMD0000001062,R_ICHORS_copy2,ok,1,0,0,exact,internal,2,86938b48ab88
BIOMD0000001062,R_ICHORT,no_candidates,0,0,2,up,internal,5,86938b48ab88
BIOMD0000001062,R_ICL,ok,1,0,2,up,internal,5,86938b48ab88
BIOMD0000001062,R_IG3PS,no_candidates,0,0,2,up,internal,9,86938b48ab88
BIOMD0000001062,R_IGPDH,no_candidates,0,0,0,exact,internal,3,86938b48ab88
BIOMD0000001062,R_IGPS,no_candidates,0,0,1,up,internal,5,86938b48ab88
BIOMD0000001062,R_ILETA,ok,1,0,2,up,internal,8,86938b48ab88
BIOMD0000001062,R_ILETRS,no_candidates,0,0,2,up,internal,8,86938b48ab88
BIOMD0000001062,R_IMPC,no_candidates,0,0,0,exact,internal,3,86938b48ab88
BIOMD0000001062,R_IMPD,no_candidates,0,0,1,up,internal,4,86938b48ab88
BIOMD0000001062,R_INSH,no_candidates,0,0,1,down,internal,6,86938b48ab88
BIOMD0000001062,R_INSK,no_candidates,0,0,0,exact,internal,2,86938b48ab88
BIOMD0000001062,R_IPDDI,ok,1,0,0,exact,internal,3,86938b48ab88
BIOMD0000001062,R_IPMD,no_candidates,0,0,2,up,internal,5,86938b48ab88
BIOMD0000001062,R_IPPMIa,no_candidates,0,0,2,up,internal,5,86938b48ab88
BIOMD0000001062,R_IPPMIb,no_candidates,0,0,0,exact,internal,3,86938b48ab88
BIOMD0000001062,R_IPPS,no_candidates,0,0,0,exact,internal,5,86938b48ab88
BIOMD0000001062,R_KARA1,no_candidates,0,0,2,down+up,internal,4,86938b48ab88
BIOMD0000001062,R_KAS14,no_candidates,0,0,0,exact,internal,5,86938b48ab88
BIOMD0000001062,R_KAS15,no_candidates,0,0,0,exact,internal,5,86938b48ab88
BIOMD0000001062,R_KDOPS,no_candidates,0,0,1,up,internal,5,86938b48ab88
BIOMD0000001062,R_KG6PDC,no_candidates,0,0,1,up,internal,4,86938b48ab88
BIOMD0000001062,R_LACZ,no_candidates,0,0,2,up,internal,9,86938b48ab88
BIOMD0000001062,R_LACZpp,no_candidates,0,0,2,up,internal,9,86938b48ab88
BIOMD0000001062,R_LALDO2x,no_candidates,0,0,1,up,internal,3,86938b48ab88
BIOMD0000001062,R_LALDO3,no_candidates,0,0,1,down+up,internal,4,86938b48ab88
BIOMD0000001062,R_LCADi,no_candidates,0,0,1,up,internal,5,86938b48ab88
BIOMD0000001062,R_LCARR,no_candidates,0,0,1,up,internal,3,86938b48ab88
BIOMD0000001062,R_LCARS,no_candidates,0,0,1,up,internal,4,86938b48ab88
BIOMD0000001062,R_LDH_D,no_candidates,0,0,1,up,internal,3,86938b48ab88
BIOMD0000001062,R_LEUTAi,no_candidates,0,0,2,up,internal,8,86938b48ab88
BIOMD0000001062,R_LEUTRS,no_candidates,0,0,2,up,internal,6,86938b48ab88
BIOMD0000001062,R_LGTHL,no_candidates,0,0,0,exact,internal,3,86938b48ab88
BIOMD0000001062,R_LIPATPT,ok,1,0,0,exact,internal,3,86938b48ab88
BIOMD0000001062,R_LPADSS,no_candidates,0,0,0,exact,internal,4,86938b48ab88
BIOMD0000001062,R_LSERDHr,no_candidates,0,0,1,down+up,internal,4,86938b48ab88
BIOMD0000001062,R_LYSAM,ok,1,0,0,exact,internal,3,86938b48ab88
BIOMD0000001062,R_LYSDC,no_candidates,0,0,0,exact,internal,4,86938b48ab88
BIOMD0000001062,R_LYSTRS,no_candidates,0,0,2,up,internal,6,86938b48ab88
BIOMD0000001062,R_LYXI,no_candidates,0,0,1,down,internal,3,86938b48ab88
BIOMD0000001062,R_M1PD,no_candidates,0,0,1,up,internal,3,86938b48ab88
BIOMD0000001062,R_MACPD,no_candidates,0,0,0,exact,internal,3,86938b48ab88
BIOMD0000001062,R_MALDDH,no_candidates,0,0,1,up,internal,4,86938b48ab88
BIOMD0000001062,R_MALS,no_candidates,0,0,0,exact,internal,5,86938b48ab88
BIOMD0000001062,R_MALTATr,ok,1,0,0,exact,internal,5,86938b48ab88
BIOMD0000001062,R_MAN1PT,no_candidates,0,0,0,exact,internal,3,86938b48ab88
BIOMD0000001062,R_MAN1PT2,no_candidates,0,0,0,exact,internal,3,86938b48ab88
BIOMD0000001062,R_MAN6PI,ok,2,0,0,exact,internal,2,86938b48ab88
BIOMD0000001062,R_MANAO,no_candidates,0,0,1,up,internal,3,86938b48ab88
BIOMD0000001062,R_MCITD,no_candidates,0,0,0,exact,internal,3,86938b48ab88
BIOMD0000001062,R_MCITL2,ok,1,0,2,up,internal,5,86938b48ab88
BIOMD0000001062,R_MCITS,no_candidates,0,0,0,exact,internal,5,86938b48ab88
BIOMD0000001062,R_MCOATA,ok,1,0,0,exact,internal,4,86938b48ab88
BIOMD0000001062,R_MCPST,no_candidates,0,0,0,exact,internal,5,86938b48ab88
BIOMD0000001062,R_MDH,no_candidates,0,0,1,up,internal,3,86938b48ab88
BIOMD0000001062,R_MDRPD,no_candidates,0,0,0,exact,internal,3,86938b48ab88
BIOMD0000001062,R_ME1,no_candidates,0,0,1,up,internal,4,86938b48ab88
BIOMD0000001062,R_ME2,no_candidates,0,0,1,down+up,internal,4,86938b48ab88
BIOMD0000001062,R_MECDPS,ok,1,0,0,exact,internal,3,86938b48ab88
BIOMD0000001062,R_MEPCT,no_candidates,0,0,0,exact,internal,3,86938b48ab88
BIOMD0000001062,R_METAT,no_candidates,0,0,2,up,internal,5,86938b48ab88
BIOMD0000001062,R_METS,no_candidates,0,0,0,exact,internal,6,86938b48ab88
BIOMD0000001062,R_METSOXR1,no_candidates,0,0,0,exact,internal,6,86938b48ab88
BIOMD0000001062,R_METSOXR2,no_candidates,0,0,0,exact,internal,6,86938b48ab88
BIOMD0000001062,R_METTRS,no_candidates,0,0,2,up,internal,6,86938b48ab88
BIOMD0000001062,R_MGSA,ok,1,0,0,exact,internal,2,86938b48ab88
BIOMD0000001062,R_MI1PP,no_candidates,0,0,1,down,internal,6,86938b48ab88
BIOMD0000001062,R_MICITDr,no_candidates,0,0,0,exact,internal,3,86938b48ab88
BIOMD0000001062,R_MMM2,no_candidates,0,0,0,exact,internal,2,86938b48ab88
BIOMD0000001062,R_MNNH,no_candidates,0,0,0,exact,internal,3,86938b48ab88
BIOMD0000001062,R_MOAT,no_candidates,0,0,0,exact,internal,4,86938b48ab88
BIOMD0000001062,R_MOAT2,no_candidates,0,0,0,exact,internal,4,86938b48ab88
BIOMD0000001062,R_MOHMT,no_candidates,0,0,0,exact,internal,5,86938b48ab88
BIOMD0000001062,R_MOX,ok,1,0,0,exact,internal,2,86938b48ab88
BIOMD0000001062,R_MPTAT,no_candidates,0,0,2,up,internal,3,86938b48ab88
BIOMD0000001062,R_MSAR,no_candidates,0,0,1,down+up,internal,3,86938b48ab88
BIOMD0000001062,R_MTAN,no_candidates,0,0,0,exact,internal,4,86938b48ab88
BIOMD0000001062,R_MTHFC,no_candidates,0,0,0,exact,internal,3,86938b48ab88
BIOMD0000001062,R_MTHFD,no_candidates,0,0,1,down+up,internal,3,86938b48ab88
BIOMD0000001062,R_MTHFR2,no_candidates,0,0,1,up,internal,3,86938b48ab88
BIOMD0000001062,R_MTRI,ok,1,0,0,exact,internal,2,86938b48ab88
BIOMD0000001062,R_MTRK,no_candidates,0,0,0,exact,internal,2,86938b48ab88
BIOMD0000001062,R_NADDP,no_candidates,0,0,2,up,internal,4,86938b48ab88
BIOMD0000001062,R_NADHPO,no_candidates,0,0,1,up,internal,2,86938b48ab88
BIOMD0000001062,R_NADK,no_candidates,0,0,1,down,internal,6,86938b48ab88
BIOMD0000001062,R_NADN,no_candidates,0,0,0,exact,internal,4,86938b48ab88
BIOMD0000001062,R_NADPPPS,no_candidates,0,0,1,down,internal,6,86938b48ab88
BIOMD0000001062,R_NADS1,no_candidates,0,0,2,up,internal,7,86938b48ab88
BIOMD0000001062,R_NADTRHD,no_candidates,0,0,1,down+up,internal,1,86938b48ab88
BIOMD0000001062,R_NAMNPP,no_candidates,0,0,0,exact,internal,4,86938b48ab88
BIOMD0000001062,R_NDP3,no_candidates,0,0,0,exact,internal,3,86938b48ab88
BIOMD0000001062,R_NDP7,no_candidates,0,0,0,exact,internal,3,86938b48ab88
BIOMD0000001062,R_NDPK1,ok,1,0,0,exact,internal,2,86938b48ab88
BIOMD0000001062,R_NDPK2,ok,1,0,0,exact,internal,2,86938b48ab88
BIOMD0000001062,R_NDPK3,ok,1,0,0,exact,internal,2,86938b48ab88
BIOMD0000001062,R_NDPK4,ok,1,0,0,exact,internal,2,86938b48ab88
BIOMD0000001062,R_NDPK5,ok,1,0,0,exact,internal,2,86938b48ab88
BIOMD0000001062,R_NDPK6,ok,1,0,0,exact,internal,2,86938b48ab88
BIOMD0000001062,R_NDPK7,ok,1,0,0,exact,internal,2,86938b48ab88
BIOMD0000001062,R_NDPK8,ok,1,0,0,exact,internal,2,86938b48ab88
BIOMD0000001062,R_NHFRBO,no_candidates,0,0,1,up,internal,4,86938b48ab88
BIOMD0000001062,R_NICRNS,no_candidates,0,0,0,exact,internal,2,86938b48ab88
BIOMD0000001062,R_NMNAT,no_candidates,0,0,0,exact,internal,5,86938b48ab88
BIOMD0000001062,R_NMNDA,no_candidates,0,0,2,up,internal,6,86938b48ab88
BIOMD0000001062,R_NMNHYD,no_candidates,0,0,0,exact,internal,3,86938b48ab88
BIOMD0000001062,R_NMNR,no_candidates,0,0,0,exact,internal,3,86938b48ab88
BIOMD0000001062,R_NNAM,no_candidates,0,0,2,up,internal,6,86938b48ab88
BIOMD0000001062,R_NNATr,no_candidates,0,0,2,up,internal,3,86938b48ab88
BIOMD0000001062,R_NNDMBRT,ok,1,0,0,exact,internal,4,86938b48ab88
BIOMD0000001062,R_NNDPR,no_candidates,0,0,0,exact,internal,4,86938b48ab88
BIOMD0000001062,R_NODOx,no_candidates,0,0,2,up,internal,4,86938b48ab88
BIOMD0000001062,R_NODOy,no_candidates,0,0,2,down+up,internal,4,86938b48ab88
BIOMD0000001062,R_NPHS,ok,1,0,1,up,internal,5,86938b48ab88
BIOMD0000001062,R_NTD1,no_candidates,0,0,0,exact,internal,3,86938b48ab88
BIOMD0000001062,R_NTD10,no_candidates,0,0,0,exact,internal,3,86938b48ab88
BIOMD0000001062,R_NTD10pp,no_candidates,0,0,0,exact,internal,3,86938b48ab88
BIOMD0000001062,R_NTD11,no_candidates,0,0,0,exact,internal,3,86938b48ab88
BIOMD0000001062,R_NTD11pp,no_candidates,0,0,0,exact,internal,3,86938b48ab88
BIOMD0000001062,R_NTD1pp,no_candidates,0,0,0,exact,internal,3,86938b48ab88
BIOMD0000001062,R_NTD2,no_candidates,0,0,0,exact,internal,3,86938b48ab88
BIOMD0000001062,R_NTD2pp,no_candidates,0,0,0,exact,internal,3,86938b48ab88
BIOMD0000001062,R_NTD3,no_candidates,0,0,0,exact,internal,3,86938b48ab88
BIOMD0000001062,R_NTD3pp,no_candidates,0,0,0,exact,internal,3,86938b48ab88
BIOMD0000001062,R_NTD4,no_candidates,0,0,0,exact,internal,3,86938b48ab88
BIOMD0000001062,R_NTD4pp,no_candidates,0,0,0,exact,internal,3,86938b48ab88
BIOMD0000001062,R_NTD5,no_candidates,0,0,0,exact,internal,3,86938b48ab88
BIOMD0000001062,R_NTD5pp,no_candidates,0,0,0,exact,internal,3,86938b48ab88
BIOMD0000001062,R_NTD6,no_candidates,0,0,0,exact,internal,3,86938b48ab88
BIOMD0000001062,R_NTD6pp,no_candidates,0,0,0,exact,internal,3,86938b48ab88
BIOMD0000001062,R_NTD7,no_candidates,0,0,2,up,internal,4,86938b48ab88
BIOMD0000001062,R_NTD7pp,no_candidates,0,0,2,up,internal,4,86938b48ab88
BIOMD0000001062,R_NTD8,no_candidates,0,0,2,up,internal,5,86938b48ab88
BIOMD0000001062,R_NTD8pp,no_candidates,0,0,2,up,internal,5,86938b48ab88
BIOMD0000001062,R_NTD9,no_candidates,0,0,0,exact,internal,3,86938b48ab88
BIOMD0000001062,R_NTD9pp,no_candidates,0,0,0,exact,internal,3,86938b48ab88
BIOMD0000001062,R_NTP1,no_candidates,0,0,0,exact,internal,6,86938b48ab88
BIOMD0000001062,R_NTP10,no_candidates,0,0,0,exact,internal,3,86938b48ab88
BIOMD0000001062,R_NTP3,no_candidates,0,0,0,exact,internal,3,86938b48ab88
BIOMD0000001062,R_NTP3pp,no_candidates,0,0,0,exact,internal,3,86938b48ab88
BIOMD0000001062,R_NTP5,no_candidates,0,0,0,exact,internal,3,86938b48ab88
BIOMD0000001062,R_NTPP1,no_candidates,0,0,2,up,internal,5,86938b48ab88
BIOMD0000001062,R_NTPP10,no_candidates,0,0,0,exact,internal,3,86938b48ab88
BIOMD0000001062,R_NTPP11,no_candidates,0,0,0,exact,internal,3,86938b48ab88
BIOMD0000001062,R_NTPP2,no_candidates,0,0,0,exact,internal,3,86938b48ab88
BIOMD0000001062,R_NTPP3,no_candidates,0,0,0,exact,internal,3,86938b48ab88
BIOMD0000001062,R_NTPP4,no_candidates,0,0,0,exact,internal,3,86938b48ab88
BIOMD0000001062,R_NTPP6,no_candidates,0,0,2,up,internal,3,86938b48ab88
BIOMD0000001062,R_NTPP7,no_candidates,0,0,0,exact,internal,3,86938b48ab88
BIOMD0000001062,R_NTPP8,no_candidates,0,0,0,exact,internal,3,86938b48ab88
BIOMD0000001062,R_NTPP9,no_candidates,0,0,0,exact,internal,3,86938b48ab88
BIOMD0000001062,R_NTPTP1,no_candidates,0,0,0,exact,internal,4,86938b48ab88
BIOMD0000001062,R_NTRIR2x,no_candidates,0,0,2,up,internal,6,86938b48ab88
BIOMD0000001062,R_OAADC,no_candidates,0,0,0,exact,internal,3,86938b48ab88
BIOMD0000001062,R_OBTFL,ok,1,0,0,exact,internal,4,86938b48ab88
BIOMD0000001062,R_OCBT,no_candidates,0,0,0,exact,internal,4,86938b48ab88
BIOMD0000001062,R_OCTDPS,no_candidates,0,0,2,up,internal,5,86938b48ab88
BIOMD0000001062,R_OGMEACPD,no_candidates,0,0,0,exact,internal,3,86938b48ab88
BIOMD0000001062,R_OHPBAT,no_candidates,0,0,2,up,internal,7,86938b48ab88
BIOMD0000001062,R_OHPHM,no_candidates,0,0,2,up,internal,5,86938b48ab88
BIOMD0000001062,R_OMCDC,no_candidates,0,0,0,exact,internal,3,86938b48ab88
BIOMD0000001062,R_OMPDC,no_candidates,0,0,0,exact,internal,3,86938b48ab88
BIOMD0000001062,R_OPAH,no_candidates,0,0,2,down+up,internal,7,86938b48ab88
BIOMD0000001062,R_OPHBDC,no_candidates,0,0,1,up,internal,4,86938b48ab88
BIOMD0000001062,R_OPMEACPD,no_candidates,0,0,0,exact,internal,3,86938b48ab88
BIOMD0000001062,R_ORNDC,no_candidates,0,0,0,exact,internal,4,86938b48ab88
BIOMD0000001062,R_ORPT,ok,1,0,1,up,internal,4,86938b48ab88
BIOMD0000001062,R_OXAMTC,no_candidates,0,0,1,up,internal,4,86938b48ab88
BIOMD0000001062,R_OXCDC,no_candidates,0,0,0,exact,internal,3,86938b48ab88
BIOMD0000001062,R_OXPTNDH,no_candidates,0,0,1,up,internal,4,86938b48ab88
BIOMD0000001062,R_P5CD,no_candidates,0,0,2,up,internal,8,86938b48ab88
BIOMD0000001062,R_P5CR,no_candidates,0,0,1,down+up,internal,5,86938b48ab88
BIOMD0000001062,R_PANTS,no_candidates,0,0,2,up,internal,6,86938b48ab88
BIOMD0000001062,R_PAPSR,no_candidates,0,0,1,down,internal,7,86938b48ab88
BIOMD0000001062,R_PCNO,no_candidates,0,0,1,down+up,internal,3,86938b48ab88
BIOMD0000001062,R_PDE1,no_candidates,0,0,2,up,internal,4,86938b48ab88
BIOMD0000001062,R_PDH,no_candidates,0,0,1,up,internal,5,86938b48ab88
BIOMD0000001062,R_PDHcr,no_candidates,0,0,1,up,internal,3,86938b48ab88
BIOMD0000001062,R_PDX5POi,ok,1,0,0,exact,internal,2,86938b48ab88
BIOMD0000001062,R_PDXPP,no_candidates,0,0,0,exact,internal,3,86938b48ab88
BIOMD0000001062,R_PERD,no_candidates,0,0,2,up,internal,4,86938b48ab88
BIOMD0000001062,R_PFK_2,no_candidates,0,0,0,exact,internal,2,86938b48ab88
BIOMD0000001062,R_PFK_3,no_candidates,0,0,0,exact,internal,2,86938b48ab88
BIOMD0000001062,R_PFL,no_candidates,0,0,0,exact,internal,4,86938b48ab88
BIOMD0000001062,R_PFOR,no_candidates,0,0,0,exact,internal,6,86938b48ab88
BIOMD0000001062,R_PGAMT,ok,1,0,0,exact,internal,2,86938b48ab88
BIOMD0000001062,R_PGCD,no_candidates,0,0,2,up,internal,4,86938b48ab88
BIOMD0000001062,R_PGK,ok,1,0,1,up,internal,5,86938b48ab88
BIOMD0000001062,R_PGL,no_candidates,0,0,1,up,internal,4,86938b48ab88
BIOMD0000001062,R_PGLYCP,no_candidates,0,0,1,up,internal,4,86938b48ab88
BIOMD0000001062,R_PGM,ok,1,0,1,up,internal,3,86938b48ab88
BIOMD0000001062,R_PGMT,no_candidates,0,0,2,down+up,internal,5,86938b48ab88
BIOMD0000001062,R_PHETA1,ok,1,0,2,up,internal,8,86938b48ab88
BIOMD0000001062,R_PMANM,no_candidates,0,0,0,exact,internal,2,86938b48ab88
BIOMD0000001062,R_PMDPHT,no_candidates,0,0,0,exact,internal,3,86938b48ab88
BIOMD0000001062,R_PMEACPE,no_candidates,0,0,0,exact,internal,4,86938b48ab88
BIOMD0000001062,R_PNTK,no_candidates,0,0,1,up,internal,3,86938b48ab88
BIOMD0000001062,R_PPA,no_candidates,0,0,0,exact,internal,5,86938b48ab88
BIOMD0000001062,R_PPA2,no_candidates,0,0,0,exact,internal,6,86938b48ab88
BIOMD0000001062,R_PPBNGS,no_candidates,0,0,1,up,internal,4,86938b48ab88
BIOMD0000001062,R_PPC,no_candidates,0,0,1,up,internal,5,86938b48ab88
BIOMD0000001062,R_PPCDC,no_candidates,0,0,0,exact,internal,3,86938b48ab88
BIOMD0000001062,R_PPCK,ok,1,0,1,up,internal,4,86938b48ab88
BIOMD0000001062,R_PPGPPDP,no_candidates,0,0,0,exact,internal,3,86938b48ab88
BIOMD0000001062,R_PPM2,ok,1,0,0,exact,internal,2,86938b48ab88
BIOMD0000001062,R_PPNCL2,no_candidates,0,0,0,exact,internal,6,86938b48ab88
BIOMD0000001062,R_PPND,no_candidates,0,0,2,up,internal,5,86938b48ab88
BIOMD0000001062,R_PPNDH,no_candidates,0,0,2,up,internal,5,86938b48ab88
BIOMD0000001062,R_PPS,no_candidates,0,0,2,up,internal,6,86938b48ab88
BIOMD0000001062,R_PRAGSr,no_candidates,0,0,0,exact,internal,3,86938b48ab88
BIOMD0000001062,R_PRAIi,no_candidates,0,0,1,up,internal,3,86938b48ab88
BIOMD0000001062,R_PRAMPC,no_candidates,0,0,0,exact,internal,3,86938b48ab88
BIOMD0000001062,R_PRASCSi,no_candidates,0,0,2,up,internal,5,86938b48ab88
BIOMD0000001062,R_PRASCSi_copy1,no_candidates,0,0,2,up,internal,5,86938b48ab88
BIOMD0000001062,R_PRASCSi_copy2,no_candidates,0,0,2,up,internal,5,86938b48ab88
BIOMD0000001062,R_PRATPP,no_candidates,0,0,0,exact,internal,3,86938b48ab88
BIOMD0000001062,R_PRMICI,ok,1,0,0,exact,internal,2,86938b48ab88
BIOMD0000001062,R_PROD2,no_candidates,0,0,0,exact,internal,6,86938b48ab88
BIOMD0000001062,R_PROTRS,no_candidates,0,0,2,up,internal,6,86938b48ab88
BIOMD0000001062,R_PSCVT,ok,1,0,2,up,internal,4,86938b48ab88
BIOMD0000001062,R_PSERT,no_candidates,0,0,2,up,internal,7,86938b48ab88
BIOMD0000001062,R_PSP_L,no_candidates,0,0,0,exact,internal,4,86938b48ab88
BIOMD0000001062,R_PSP_Lpp,no_candidates,0,0,0,exact,internal,4,86938b48ab88
BIOMD0000001062,R_PTA2,ok,1,0,0,exact,internal,3,86938b48ab88
BIOMD0000001062,R_PTAr,ok,1,0,0,exact,internal,3,86938b48ab88
BIOMD0000001062,R_PTPATi,no_candidates,0,0,0,exact,internal,2,86938b48ab88
BIOMD0000001062,R_PTRCTA,no_candidates,0,0,2,up,internal,9,86938b48ab88
BIOMD0000001062,R_PUNP1,ok,1,0,0,exact,internal,3,86938b48ab88
BIOMD0000001062,R_PUNP2,ok,1,0,0,exact,internal,3,86938b48ab88
BIOMD0000001062,R_PUNP3,ok,1,0,0,exact,internal,3,86938b48ab88
BIOMD0000001062,R_PUNP4,ok,1,0,0,exact,internal,3,86938b48ab88
BIOMD0000001062,R_PUNP5,ok,1,0,0,exact,internal,3,86938b48ab88
BIOMD0000001062,R_PUNP6,ok,1,0,0,exact,internal,3,86938b48ab88
BIOMD0000001062,R_PUNP7,ok,1,0,1,up,internal,4,86938b48ab88
BIOMD0000001062,R_PYAM5PO,no_candidates,0,0,2,up,internal,6,86938b48ab88
BIOMD0000001062,R_PYDAMK,no_candidates,0,0,2,up,internal,4,86938b48ab88
BIOMD0000001062,R_PYDXK,no_candidates,0,0,0,exact,internal,2,86938b48ab88
BIOMD0000001062,R_PYDXNK,no_candidates,0,0,0,exact,internal,2,86938b48ab88
BIOMD0000001062,R_PYDXOR,no_candidates,0,0,1,down+up,internal,3,86938b48ab88
BIOMD0000001062,R_PYDXPP,no_candidates,0,0,0,exact,internal,3,86938b48ab88
BIOMD0000001062,R_PYK,no_candidates,0,0,1,up,internal,3,86938b48ab88
BIOMD0000001062,R_PYK2,no_candidates,0,0,1,up,internal,5,86938b48ab88
BIOMD0000001062,R_PYK3,no_candidates,0,0,1,up,internal,5,86938b48ab88
BIOMD0000001062,R_PYK4,no_candidates,0,0,1,up,internal,5,86938b48ab88
BIOMD0000001062,R_PYNP2r,ok,1,0,0,exact,internal,3,86938b48ab88
BIOMD0000001062,R_Q23DO,ok,1,0,0,exact,internal,3,86938b48ab88
BIOMD0000001062,R_QUINDH,no_candidates,0,0,1,up,internal,3,86938b48ab88
BIOMD0000001062,R_QULNS,no_candidates,0,0,0,exact,internal,4,86938b48ab88
BIOMD0000001062,R_R15BPK,ok,1,0,0,exact,internal,2,86938b48ab88
BIOMD0000001062,R_RBFK,no_candidates,0,0,0,exact,internal,2,86938b48ab88
BIOMD0000001062,R_RBFSa,no_candidates,0,0,0,exact,internal,4,86938b48ab88
BIOMD0000001062,R_RBFSb,ok,1,0,0,exact,internal,3,86938b48ab88
BIOMD0000001062,R_RBK_L1,no_candidates,0,0,0,exact,internal,2,86938b48ab88
BIOMD0000001062,R_RBP4E,no_candidates,0,0,1,down,internal,3,86938b48ab88
BIOMD0000001062,R_RHCCE,ok,1,0,0,exact,internal,4,86938b48ab88
BIOMD0000001062,R_RMI,no_candidates,0,0,1,up,internal,3,86938b48ab88
BIOMD0000001062,R_RMK,no_candidates,0,0,0,exact,internal,2,86938b48ab88
BIOMD0000001062,R_RMPA,ok,1,0,0,exact,internal,4,86938b48ab88
BIOMD0000001062,R_RNDR1,no_candidates,0,0,0,exact,internal,4,86938b48ab88
BIOMD0000001062,R_RNDR2,no_candidates,0,0,0,exact,internal,5,86938b48ab88
BIOMD0000001062,R_RNDR3,no_candidates,0,0,0,exact,internal,5,86938b48ab88
BIOMD0000001062,R_RNDR4,no_candidates,0,0,0,exact,internal,5,86938b48ab88
BIOMD0000001062,R_RNMK,no_candidates,0,0,0,exact,internal,2,86938b48ab88
BIOMD0000001062,R_RPE,no_candidates,0,0,1,down,internal,4,86938b48ab88
BIOMD0000001062,R_RZ5PP,no_candidates,0,0,0,exact,internal,3,86938b48ab88
BIOMD0000001062,R_S7PI,ok,1,0,0,exact,internal,2,86938b48ab88
BIOMD0000001062,R_SADH,no_candidates,0,0,2,up,internal,7,86938b48ab88
BIOMD0000001062,R_SALSYN,ok,1,0,0,exact,internal,3,86938b48ab88
BIOMD0000001062,R_SARCOX,no_candidates,0,0,0,exact,internal,4,86938b48ab88
BIOMD0000001062,R_SBTD_D2,no_candidates,0,0,2,up,internal,7,86938b48ab88
BIOMD0000001062,R_SBTPD,no_candidates,0,0,1,up,internal,3,86938b48ab88
BIOMD0000001062,R_SDPDS,no_candidates,0,0,2,up,internal,6,86938b48ab88
BIOMD0000001062,R_SDPTA,ok,1,0,2,up,internal,7,86938b48ab88
BIOMD0000001062,R_SELCYSS,no_candidates,0,0,0,exact,internal,3,86938b48ab88
BIOMD0000001062,R_SELGTHR,no_candidates,0,0,0,exact,internal,5,86938b48ab88
BIOMD0000001062,R_SELNPS,no_candidates,0,0,2,up,internal,5,86938b48ab88
BIOMD0000001062,R_SEPHCHCS,no_candidates,0,0,0,exact,internal,4,86938b48ab88
BIOMD0000001062,R_SERAT,ok,1,0,0,exact,internal,5,86938b48ab88
BIOMD0000001062,R_SERD_D,no_candidates,0,0,2,up,internal,5,86938b48ab88
BIOMD0000001062,R_SERD_L,no_candidates,0,0,2,up,internal,6,86938b48ab88
BIOMD0000001062,R_SERTRS,no_candidates,0,0,2,up,internal,6,86938b48ab88
BIOMD0000001062,R_SFGTHi,no_candidates,0,0,0,exact,internal,4,86938b48ab88
BIOMD0000001062,R_SGDS,no_candidates,0,0,2,up,internal,9,86938b48ab88
BIOMD0000001062,R_SGSAD,no_candidates,0,0,1,up,internal,4,86938b48ab88
BIOMD0000001062,R_SHCHCS3,ok,1,0,0,exact,internal,3,86938b48ab88
BIOMD0000001062,R_SHCHD2,no_candidates,0,0,1,up,internal,3,86938b48ab88
BIOMD0000001062,R_SHCHF,no_candidates,0,0,1,up,internal,4,86938b48ab88
BIOMD0000001062,R_SHK3Dr,no_candidates,0,0,2,down+up,internal,4,86938b48ab88
BIOMD0000001062,R_SHKK,no_candidates,0,0,2,up,internal,3,86938b48ab88
BIOMD0000001062,R_SHSL1,no_candidates,0,0,2,up,internal,7,86938b48ab88
BIOMD0000001062,R_SLCYSS,no_candidates,0,0,1,up,internal,6,86938b48ab88
BIOMD0000001062,R_SOTA,ok,1,0,2,up,internal,7,86938b48ab88
BIOMD0000001062,R_SPMS,no_candidates,0,0,2,up,internal,6,86938b48ab88
BIOMD0000001062,R_SPODM,ok,1,0,0,exact,internal,4,86938b48ab88
BIOMD0000001062,R_SPODMpp,ok,1,0,0,exact,internal,4,86938b48ab88
BIOMD0000001062,R_SSALx,no_candidates,0,0,2,up,internal,8,86938b48ab88
BIOMD0000001062,R_SSALy,no_candidates,0,0,2,down+up,internal,8,86938b48ab88
BIOMD0000001062,R_SUCBZL,ok,1,0,1,up,internal,7,86938b48ab88
BIOMD0000001062,R_SUCBZS,no_candidates,0,0,0,exact,internal,3,86938b48ab88
BIOMD0000001062,R_SUCOAS,ok,1,0,2,up,internal,5,86938b48ab88
BIOMD0000001062,R_SUCOAS2,ok,1,0,2,up,internal,5,86938b48ab88
BIOMD0000001062,R_SULR,no_candidates,0,0,1,down+up,internal,6,86938b48ab88
BIOMD0000001062,R_TAGURr,no_candidates,0,0,1,up,internal,3,86938b48ab88
BIOMD0000001062,R_TALA,ok,2,0,0,exact,internal,5,86938b48ab88
BIOMD0000001062,R_TARTD,no_candidates,0,0,0,exact,internal,3,86938b48ab88
BIOMD0000001062,R_TAUDO,no_candidates,0,0,2,down+up,internal,13,86938b48ab88
BIOMD0000001062,R_TDP,no_candidates,0,0,2,up,internal,4,86938b48ab88
BIOMD0000001062,R_TDPADGAT,no_candidates,0,0,0,exact,internal,4,86938b48ab88
BIOMD0000001062,R_TDPAGTA,no_candidates,0,0,2,up,internal,7,86938b48ab88
BIOMD0000001062,R_TDPGDH,no_candidates,0,0,0,exact,internal,3,86938b48ab88
BIOMD0000001062,R_TDSK,no_candidates,0,0,0,exact,internal,2,86938b48ab88
BIOMD0000001062,R_TGBPA,ok,1,0,0,exact,internal,4,86938b48ab88
BIOMD0000001062,R_THDPS,no_candidates,0,0,2,up,internal,6,86938b48ab88
BIOMD0000001062,R_THFAT,no_candidates,0,0,0,exact,internal,3,86938b48ab88
BIOMD0000001062,R_THRA,ok,1,0,2,up,internal,5,86938b48ab88
BIOMD0000001062,R_THRD,no_candidates,0,0,2,up,internal,5,86938b48ab88
BIOMD0000001062,R_THRD_L,no_candidates,0,0,2,up,internal,7,86938b48ab88
BIOMD0000001062,R_THRS,no_candidates,0,0,2,up,internal,5,86938b48ab88
BIOMD0000001062,R_THRTRS,no_candidates,0,0,2,up,internal,7,86938b48ab88
BIOMD0000001062,R_TKT2,no_candidates,0,0,1,down,internal,6,86938b48ab88
BIOMD0000001062,R_TMDK1,no_candidates,0,0,0,exact,internal,2,86938b48ab88
BIOMD0000001062,R_TMDPP,ok,1,0,0,exact,internal,3,86938b48ab88
BIOMD0000001062,R_TMDS,ok,1,0,0,exact,internal,4,86938b48ab88
BIOMD0000001062,R_TMPK,no_candidates,0,0,2,up,internal,3,86938b48ab88
BIOMD0000001062,R_TMPPP,no_candidates,0,0,2,up,internal,4,86938b48ab88
BIOMD0000001062,R_TPI,no_candidates,0,0,0,exact,internal,3,86938b48ab88
BIOMD0000001062,R_TPRDCOAS,ok,1,0,0,exact,internal,3,86938b48ab88
BIOMD0000001062,R_TRDR,no_candidates,0,0,1,down+up,internal,3,86938b48ab88
BIOMD0000001062,R_TRE6PH,no_candidates,0,0,2,up,internal,8,86938b48ab88
BIOMD0000001062,R_TRE6PP,no_candidates,0,0,0,exact,internal,3,86938b48ab88
BIOMD0000001062,R_TRE6PS,no_candidates,0,0,2,up,internal,7,86938b48ab88
BIOMD0000001062,R_TREH,no_candidates,0,0,2,up,internal,5,86938b48ab88
BIOMD0000001062,R_TREHpp,no_candidates,0,0,2,up,internal,5,86938b48ab88
BIOMD0000001062,R_TRPAS2,no_candidates,0,0,2,up,internal,8,86938b48ab88
BIOMD0000001062,R_TRPS1,no_candidates,0,0,0,exact,internal,8,86938b48ab88
BIOMD0000001062,R_TRPS2,no_candidates,0,0,0,exact,internal,6,86938b48ab88
BIOMD0000001062,R_TRPS3,ok,1,0,0,exact,internal,4,86938b48ab88
BIOMD0000001062,R_TRPTA,no_candidates,0,0,2,up,internal,9,86938b48ab88
BIOMD0000001062,R_TRPTRS,no_candidates,0,0,2,up,internal,6,86938b48ab88
BIOMD0000001062,R_TRSARr,no_candidates,0,0,2,up,internal,4,86938b48ab88
BIOMD0000001062,R_TYRTA,ok,1,0,2,up,internal,8,86938b48ab88
BIOMD0000001062,R_TYRTRS,no_candidates,0,0,2,up,internal,6,86938b48ab88
BIOMD0000001062,R_U23GAAT,no_candidates,0,0,2,up,internal,6,86938b48ab88
BIOMD0000001062,R_UACMAMO,no_candidates,0,0,2,up,internal,6,86938b48ab88
BIOMD0000001062,R_UAG2E,ok,1,0,0,exact,internal,2,86938b48ab88
BIOMD0000001062,R_UAG4Ei_copy1,ok,1,0,1,down,internal,2,86938b48ab88
BIOMD0000001062,R_UAG4Ei_copy2,ok,1,0,1,down,internal,2,86938b48ab88
BIOMD0000001062,R_UAGAAT,ok,1,0,0,exact,internal,4,86938b48ab88
BIOMD0000001062,R_UAGCVT,ok,1,0,1,up,internal,4,86938b48ab88
BIOMD0000001062,R_UAGPT3,no_candidates,0,0,0,exact,internal,4,86938b48ab88
BIOMD0000001062,R_UAMAGS,no_candidates,0,0,0,exact,internal,3,86938b48ab88
BIOMD0000001062,R_UAMAS,no_candidates,0,0,2,up,internal,9,86938b48ab88
BIOMD0000001062,R_UAPGR,no_candidates,0,0,2,down+up,internal,5,86938b48ab88
BIOMD0000001062,R_UDPG4E,no_candidates,0,0,1,up,internal,3,86938b48ab88
BIOMD0000001062,R_UDPGD,no_candidates,0,0,1,up,internal,5,86938b48ab88
BIOMD0000001062,R_UDPGDC,no_candidates,0,0,1,up,internal,4,86938b48ab88
BIOMD0000001062,R_UDPGPpp,no_candidates,0,0,1,down+up,internal,6,86938b48ab88
BIOMD0000001062,R_UDPKAAT,ok,1,0,2,up,internal,7,86938b48ab88
BIOMD0000001062,R_UGLT,no_candidates,0,0,1,down+up,internal,7,86938b48ab88
BIOMD0000001062,R_UGLYCH,no_candidates,0,0,2,up,internal,9,86938b48ab88
BIOMD0000001062,R_UHGADA,no_candidates,0,0,2,up,internal,6,86938b48ab88
BIOMD0000001062,R_ULA4NFT,no_candidates,0,0,0,exact,internal,4,86938b48ab88
BIOMD0000001062,R_UMPK,ok,1,0,0,exact,internal,2,86938b48ab88
BIOMD0000001062,R_UNK3,ok,1,0,2,up,internal,8,86938b48ab88
BIOMD0000001062,R_UPP3MT,no_candidates,0,0,2,up,internal,5,86938b48ab88
BIOMD0000001062,R_UPP3S,no_candidates,0,0,0,exact,internal,3,86938b48ab88
BIOMD0000001062,R_UPPDC1,no_candidates,0,0,0,exact,internal,3,86938b48ab88
BIOMD0000001062,R_UPPRT,no_candidates,0,0,0,exact,internal,3,86938b48ab88
BIOMD0000001062,R_URACPAH,no_candidates,0,0,2,up,internal,5,86938b48ab88
BIOMD0000001062,R_URCN,no_candidates,0,0,2,up,internal,4,86938b48ab88
BIOMD0000001062,R_URDGLYCD,no_candidates,0,0,2,up,internal,5,86938b48ab88
BIOMD0000001062,R_URFGTT,no_candidates,0,0,2,up,internal,5,86938b48ab88
BIOMD0000001062,R_URIDK2r,ok,1,0,0,exact,internal,2,86938b48ab88
BIOMD0000001062,R_URIH,no_candidates,0,0,1,down,internal,6,86938b48ab88
BIOMD0000001062,R_URIK1,no_candidates,0,0,0,exact,internal,2,86938b48ab88
BIOMD0000001062,R_URIK2,no_candidates,0,0,0,exact,internal,4,86938b48ab88
BIOMD0000001062,R_USHD,no_candidates,0,0,0,exact,internal,4,86938b48ab88
BIOMD0000001062,R_VALTA,ok,1,0,2,up,internal,9,86938b48ab88
BIOMD0000001062,R_VALTRS,no_candidates,0,0,2,up,internal,9,86938b48ab88
BIOMD0000001062,R_VPAMTr,no_candidates,0,0,2,up,internal,9,86938b48ab88
BIOMD0000001062,R_X5PL3E,no_candidates,0,0,0,exact,internal,2,86938b48ab88
BIOMD0000001062,R_XAND,no_candidates,0,0,2,up,internal,6,86938b48ab88
BIOMD0000001062,R_XPPT,no_candidates,0,0,2,up,internal,5,86938b48ab88
BIOMD0000001062,R_XTSNH,no_candidates,0,0,2,down+up,internal,8,86938b48ab88
BIOMD0000001062,R_XYLI1,ok,1,0,1,up,internal,3,86938b48ab88
BIOMD0000001062,R_XYLI2,no_candidates,0,0,2,up,internal,7,86938b48ab88
BIOMD0000001062,R_XYLK,no_candidates,0,0,1,down,internal,3,86938b48ab88
BIOMD0000001062,R_XYLK2,no_candidates,0,0,1,down,internal,3,86938b48ab88
BIOMD0000001062,R_XYLTD_D,no_candidates,0,0,1,up,internal,3,86938b48ab88
BIOMD0000001062,R_r0085,no_candidates,0,0,2,up,internal,6,86938b48ab88
BIOMD0000001063,r_0001,ok,2,0,0,exact,internal,4,86938b48ab88
BIOMD0000001063,r_0002,ok,2,0,0,exact,internal,4,86938b48ab88
BIOMD0000001063,r_0003,no_candidates,0,0,1,up,internal,3,86938b48ab88
BIOMD0000001063,r_0004,ok,1,0,0,exact,internal,4,86938b48ab88
BIOMD0000001063,r_0005,no_candidates,0,0,1,up,internal,4,86938b48ab88
BIOMD0000001063,r_0007,ok,1,0,0,exact,internal,2,86938b48ab88
BIOMD0000001063,r_0012,no_candidates,0,0,1,up,internal,3,86938b48ab88
BIOMD0000001063,r_0014,no_candidates,0,0,0,exact,internal,3,86938b48ab88
BIOMD0000001063,r_0015,ok,2,0,1,up,internal,2,86938b48ab88
BIOMD0000001063,r_0016,no_candidates,0,0,0,exact,internal,4,86938b48ab88
BIOMD0000001063,r_0017,no_candidates,0,0,0,exact,internal,3,86938b48ab88
BIOMD0000001063,r_0018,ok,61,0,0,exact,internal,1,86938b48ab88
BIOMD0000001063,r_0019,no_candidates,0,0,1,up,internal,3,86938b48ab88
BIOMD0000001063,r_0020,no_candidates,0,0,1,up,internal,4,86938b48ab88
BIOMD0000001063,r_0021,no_candidates,0,0,0,exact,internal,4,86938b48ab88
BIOMD0000001063,r_0022,no_candidates,0,0,0,exact,internal,2,86938b48ab88
BIOMD0000001063,r_0023,no_candidates,0,0,0,exact,internal,2,86938b48ab88
BIOMD0000001063,r_0024,no_candidates,0,0,0,exact,internal,4,86938b48ab88
BIOMD0000001063,r_0025,no_candidates,0,0,0,exact,internal,4,86938b48ab88
BIOMD0000001063,r_0026,ok,1,0,0,exact,internal,4,86938b48ab88
BIOMD0000001063,r_0027,ok,1,0,0,exact,internal,2,86938b48ab88
BIOMD0000001063,r_0028,no_candidates,0,0,0,exact,internal,4,86938b48ab88
BIOMD0000001063,r_0029,no_candidates,0,0,0,exact,internal,3,86938b48ab88
BIOMD0000001063,r_0030,no_candidates,0,0,0,exact,internal,3,86938b48ab88
BIOMD0000001063,r_0032,ok,1,0,0,exact,internal,2,86938b48ab88
BIOMD0000001063,r_0033,ok,314,0,0,exact,internal,2,86938b48ab88
BIOMD0000001063,r_0036,ok,314,0,0,exact,internal,2,86938b48ab88
BIOMD0000001063,r_0038,no_candidates,0,0,0,exact,internal,3,86938b48ab88
BIOMD0000001063,r_0039,ok,1,0,0,exact,internal,2,86938b48ab88
BIOMD0000001063,r_0040,no_candidates,0,0,1,up,internal,3,86938b48ab88
BIOMD0000001063,r_0041,ok,2,0,1,up,internal,2,86938b48ab88
BIOMD0000001063,r_0042,no_candidates,0,0,1,up,internal,4,86938b48ab88
BIOMD0000001063,r_0043,no_candidates,0,0,1,up,internal,3,86938b48ab88
BIOMD0000001063,r_0044,no_candidates,0,0,0,exact,internal,3,86938b48ab88
BIOMD0000001063,r_0045,no_candidates,0,0,0,exact,internal,3,86938b48ab88
BIOMD0000001063,r_0057,no_candidates,0,0,1,up,internal,3,86938b48ab88
BIOMD0000001063,r_0058,ok,1,0,0,exact,internal,2,86938b48ab88
BIOMD0000001063,r_0060,ok,1,0,0,exact,internal,2,86938b48ab88
BIOMD0000001063,r_0061,no_candidates,0,0,1,up,internal,3,86938b48ab88
BIOMD0000001063,r_0063,ok,1,0,0,exact,internal,4,86938b48ab88
BIOMD0000001063,r_0064,no_candidates,0,0,0,exact,internal,3,86938b48ab88
BIOMD0000001063,r_0065,ok,1,0,2,up,internal,4,86938b48ab88
BIOMD0000001063,r_0066,ok,2,0,0,exact,internal,4,86938b48ab88
BIOMD0000001063,r_0067,no_candidates,0,0,0,exact,internal,3,86938b48ab88
BIOMD0000001063,r_0068,ok,1,0,0,exact,internal,2,86938b48ab88
BIOMD0000001063,r_0069,ok,1,0,0,exact,internal,2,86938b48ab88
BIOMD0000001063,r_0070,ok,3,0,0,exact,internal,3,86938b48ab88
BIOMD0000001063,r_0073,ok,314,0,0,exact,internal,2,86938b48ab88
BIOMD0000001063,r_0075,ok,1,0,0,exact,internal,3,86938b48ab88
BIOMD0000001063,r_0076,ok,1,0,0,exact,internal,2,86938b48ab88
BIOMD0000001063,r_0077,ok,1,0,0,exact,internal,2,86938b48ab88
BIOMD0000001063,r_0078,ok,1,0,0,exact,internal,2,86938b48ab88
BIOMD0000001063,r_0079,no_candidates,0,0,0,exact,internal,4,86938b48ab88
BIOMD0000001063,r_0080,ok,2,0,1,up,internal,2,86938b48ab88
BIOMD0000001063,r_0081,no_candidates,0,0,0,exact,internal,5,86938b48ab88
BIOMD0000001063,r_0082,ok,314,0,0,exact,internal,2,86938b48ab88
BIOMD0000001063,r_0083,ok,1,0,0,exact,internal,2,86938b48ab88
BIOMD0000001063,r_0084,ok,1,0,0,exact,internal,2,86938b48ab88
BIOMD0000001063,r_0085,ok,1,0,0,exact,internal,4,86938b48ab88
BIOMD0000001063,r_0086,ok,1,0,0,exact,internal,2,86938b48ab88
BIOMD0000001063,r_0087,ok,1,0,0,exact,internal,2,86938b48ab88
BIOMD0000001063,r_0091,ok,27,0,1,up,internal,3,86938b48ab88
BIOMD0000001063,r_0092,ok,314,0,0,exact,internal,2,86938b48ab88
BIOMD0000001063,r_0094,no_candidates,0,0,0,exact,internal,5,86938b48ab88
BIOMD0000001063,r_0097,no_candidates,0,0,2,up,internal,4,86938b48ab88
BIOMD0000001063,r_0099,ok,1,0,0,exact,internal,4,86938b48ab88
BIOMD0000001063,r_0102,unconstrained_candidate_set,0,12312,0,exact,internal,0,86938b48ab88
BIOMD0000001063,r_0103,ok,4,0,0,exact,internal,3,86938b48ab88
BIOMD0000001063,r_0104,ok,4,0,0,exact,internal,3,86938b48ab88
BIOMD0000001063,r_0105,no_candidates,0,0,0,exact,internal,4,86938b48ab88
BIOMD0000001063,r_0106,no_candidates,0,0,0,exact,internal,4,86938b48ab88
BIOMD0000001063,r_0107,no_candidates,0,0,0,exact,internal,4,86938b48ab88
BIOMD0000001063,r_0108,no_candidates,0,0,0,exact,internal,3,86938b48ab88
BIOMD0000001063,r_0109,no_candidates,0,0,0,exact,internal,3,86938b48ab88
BIOMD0000001063,r_0111,ok,7,0,1,up,internal,4,86938b48ab88
BIOMD0000001063,r_0112,ok,1,0,0,exact,internal,4,86938b48ab88
BIOMD0000001063,r_0113,ok,1,0,0,exact,internal,4,86938b48ab88
BIOMD0000001063,r_0114,ok,1,0,0,exact,internal,4,86938b48ab88
BIOMD0000001063,r_0115,ok,1,0,0,exact,internal,2,86938b48ab88
BIOMD0000001063,r_0116,ok,1,0,0,exact,internal,2,86938b48ab88
BIOMD0000001063,r_0118,no_candidates,0,0,0,exact,internal,4,86938b48ab88
BIOMD0000001063,r_0119,ok,314,0,0,exact,internal,2,86938b48ab88
BIOMD0000001063,r_0138,no_candidates,0,0,0,exact,internal,3,86938b48ab88
BIOMD0000001063,r_0139,ok,3,0,1,up,internal,2,86938b48ab88
BIOMD0000001063,r_0140,no_candidates,0,0,0,exact,internal,3,86938b48ab88
BIOMD0000001063,r_0142,no_candidates,0,0,0,exact,internal,2,86938b48ab88
BIOMD0000001063,r_0143,no_candidates,0,0,0,exact,internal,3,86938b48ab88
BIOMD0000001063,r_0144,ok,1,0,0,exact,internal,3,86938b48ab88
BIOMD0000001063,r_0145,ok,3,0,0,exact,internal,2,86938b48ab88
BIOMD0000001063,r_0146,ok,1,0,0,exact,internal,4,86938b48ab88
BIOMD0000001063,r_0147,ok,1,0,0,exact,internal,3,86938b48ab88
BIOMD0000001063,r_0148,ok,1,0,0,exact,internal,3,86938b48ab88
BIOMD0000001063,r_0149,ok,1,0,0,exact,internal,3,86938b48ab88
BIOMD0000001063,r_0151,ok,1,0,0,exact,internal,3,86938b48ab88
BIOMD0000001063,r_0152,ok,1,0,0,exact,internal,3,86938b48ab88
BIOMD0000001063,r_0153,ok,1446,0,0,exact,internal,1,86938b48ab88
BIOMD0000001063,r_0154,ok,1446,0,0,exact,internal,1,86938b48ab88
BIOMD0000001063,r_0156,ok,1,0,0,exact,internal,4,86938b48ab88
BIOMD0000001063,r_0157,ok,1,0,0,exact,internal,4,86938b48ab88
BIOMD0000001063,r_0163,no_candidates,0,0,1,up,internal,3,86938b48ab88
BIOMD0000001063,r_0164,no_candidates,0,0,1,up,internal,3,86938b48ab88
BIOMD0000001063,r_0165,no_candidates,0,0,1,up,internal,3,86938b48ab88
BIOMD0000001063,r_0169,no_candidates,0,0,1,up,internal,3,86938b48ab88
BIOMD0000001063,r_0170,no_candidates,0,0,1,up,internal,3,86938b48ab88
BIOMD0000001063,r_0172,no_candidates,0,0,2,up,internal,5,86938b48ab88
BIOMD0000001063,r_0173,no_candidates,0,0,1,up,internal,3,86938b48ab88
BIOMD0000001063,r_0174,no_candidates,0,0,1,up,internal,3,86938b48ab88
BIOMD0000001063,r_0175,no_candidates,0,0,1,up,internal,3,86938b48ab88
BIOMD0000001063,r_0176,no_candidates,0,0,2,up,internal,4,86938b48ab88
BIOMD0000001063,r_0179,no_candidates,0,0,1,up,internal,3,86938b48ab88
BIOMD0000001063,r_0180,no_candidates,0,0,1,up,internal,3,86938b48ab88
BIOMD0000001063,r_0181,no_candidates,0,0,1,up,internal,3,86938b48ab88
BIOMD0000001063,r_0185,no_candidates,0,0,1,up,internal,4,86938b48ab88
BIOMD0000001063,r_0186,no_candidates,0,0,1,up,internal,3,86938b48ab88
BIOMD0000001063,r_0187,no_candidates,0,0,1,up,internal,3,86938b48ab88
BIOMD0000001063,r_0188,no_candidates,0,0,0,exact,internal,2,86938b48ab88
BIOMD0000001063,r_0189,no_candidates,0,0,1,down,internal,5,86938b48ab88
BIOMD0000001063,r_0190,no_candidates,0,0,0,exact,internal,2,86938b48ab88
BIOMD0000001063,r_0191,no_candidates,0,0,0,exact,internal,3,86938b48ab88
BIOMD0000001063,r_0192,no_candidates,0,0,0,exact,internal,4,86938b48ab88
BIOMD0000001063,r_0193,ok,1,0,0,exact,internal,2,86938b48ab88
BIOMD0000001063,r_0194,ok,1,0,0,exact,internal,2,86938b48ab88
BIOMD0000001063,r_0195,no_candidates,0,0,2,up,internal,7,86938b48ab88
BIOMD0000001063,r_0198,ok,1,0,0,exact,internal,2,86938b48ab88
BIOMD0000001063,r_0199,no_candidates,0,0,0,exact,internal,3,86938b48ab88
BIOMD0000001063,r_0200,no_candidates,0,0,2,up,internal,5,86938b48ab88
BIOMD0000001063,r_0201,no_candidates,0,0,2,up,internal,5,86938b48ab88
BIOMD0000001063,r_0202,no_candidates,0,0,0,exact,internal,3,86938b48ab88
BIOMD0000001063,r_0203,no_candidates,0,0,0,exact,internal,5,86938b48ab88
BIOMD0000001063,r_0204,ok,314,0,0,exact,internal,2,86938b48ab88
BIOMD0000001063,r_0205,no_candidates,0,0,1,down+up,internal,5,86938b48ab88
BIOMD0000001063,r_0206,ok,1,0,0,exact,internal,3,86938b48ab88
BIOMD0000001063,r_0207,ok,1,0,0,exact,internal,3,86938b48ab88
BIOMD0000001063,r_0208,no_candidates,0,0,0,exact,internal,4,86938b48ab88
BIOMD0000001063,r_0209,ok,1,0,0,exact,internal,4,86938b48ab88
BIOMD0000001063,r_0210,ok,1,0,0,exact,internal,4,86938b48ab88
BIOMD0000001063,r_0211,no_candidates,0,0,0,exact,internal,5,86938b48ab88
BIOMD0000001063,r_0212,ok,1,0,0,exact,internal,4,86938b48ab88
BIOMD0000001063,r_0213,ok,1,0,0,exact,internal,4,86938b48ab88
BIOMD0000001063,r_0214,ok,1446,0,0,exact,internal,1,86938b48ab88
BIOMD0000001063,r_0215,ok,1,0,0,exact,internal,2,86938b48ab88
BIOMD0000001063,r_0216,ok,1,0,0,exact,internal,4,86938b48ab88
BIOMD0000001063,r_0217,no_candidates,0,0,0,exact,internal,4,86938b48ab88
BIOMD0000001063,r_0218,ok,1,0,0,exact,internal,4,86938b48ab88
BIOMD0000001063,r_0219,no_candidates,0,0,1,up,internal,3,86938b48ab88
BIOMD0000001063,r_0220,ok,1,0,0,exact,internal,4,86938b48ab88
BIOMD0000001063,r_0221,ok,1,0,0,exact,internal,4,86938b48ab88
BIOMD0000001063,r_0222,ok,1136,0,0,exact,internal,1,86938b48ab88
BIOMD0000001063,r_0225,unconstrained_candidate_set,0,12312,0,exact,internal,0,86938b48ab88
BIOMD0000001063,r_0227,ok,2,0,0,exact,internal,5,86938b48ab88
BIOMD0000001063,r_0228,no_candidates,0,0,0,exact,internal,4,86938b48ab88
BIOMD0000001063,r_0230,ok,12,0,1,up,internal,2,86938b48ab88
BIOMD0000001063,r_0231,no_candidates,0,0,1,up,internal,3,86938b48ab88
BIOMD0000001063,r_0233,no_candidates,0,0,1,up,internal,3,86938b48ab88
BIOMD0000001063,r_0236,no_candidates,0,0,1,up,internal,3,86938b48ab88
BIOMD0000001063,r_0241,ok,1,0,0,exact,internal,2,86938b48ab88
BIOMD0000001063,r_0243,ok,1,0,1,up,internal,2,86938b48ab88
BIOMD0000001063,r_0244,no_candidates,0,0,1,up,internal,3,86938b48ab88
BIOMD0000001063,r_0249,ok,1,0,1,down+up,internal,4,86938b48ab88
BIOMD0000001063,r_0250,no_candidates,0,0,0,exact,internal,4,86938b48ab88
BIOMD0000001063,r_0252,ok,1,0,0,exact,internal,4,86938b48ab88
BIOMD0000001063,r_0253,ok,1,0,0,exact,internal,4,86938b48ab88
BIOMD0000001063,r_0254,no_candidates,0,0,0,exact,internal,4,86938b48ab88
BIOMD0000001063,r_0255,ok,6,0,0,exact,internal,3,86938b48ab88
BIOMD0000001063,r_0256,ok,6,0,0,exact,internal,3,86938b48ab88
BIOMD0000001063,r_0264,no_candidates,0,0,1,up,internal,3,86938b48ab88
BIOMD0000001063,r_0266,no_candidates,0,0,1,up,internal,3,86938b48ab88
BIOMD0000001063,r_0271,no_candidates,0,0,0,exact,internal,3,86938b48ab88
BIOMD0000001063,r_0272,no_candidates,0,0,0,exact,internal,3,86938b48ab88
BIOMD0000001063,r_0273,ok,3,0,0,exact,internal,2,86938b48ab88
BIOMD0000001063,r_0274,no_candidates,0,0,0,exact,internal,3,86938b48ab88
BIOMD0000001063,r_0278,ok,1,0,0,exact,internal,2,86938b48ab88
BIOMD0000001063,r_0279,ok,1,0,0,exact,internal,2,86938b48ab88
BIOMD0000001063,r_0280,no_candidates,0,0,0,exact,internal,2,86938b48ab88
BIOMD0000001063,r_0281,ok,1,0,0,exact,internal,3,86938b48ab88
BIOMD0000001063,r_0282,ok,2,0,1,down+up,internal,3,86938b48ab88
BIOMD0000001063,r_0283,ok,1,0,1,down+up,internal,4,86938b48ab88
BIOMD0000001063,r_0284,ok,1,0,1,down+up,internal,3,86938b48ab88
BIOMD0000001063,r_0285,no_candidates,0,0,2,up,internal,5,86938b48ab88
BIOMD0000001063,r_0286,ok,1,0,1,down+up,internal,3,86938b48ab88
BIOMD0000001063,r_0287,no_candidates,0,0,2,up,internal,5,86938b48ab88
BIOMD0000001063,r_0300,no_candidates,0,0,0,exact,internal,4,86938b48ab88
BIOMD0000001063,r_0301,no_candidates,0,0,0,exact,internal,4,86938b48ab88
BIOMD0000001063,r_0302,ok,1,0,0,exact,internal,2,86938b48ab88
BIOMD0000001063,r_0303,ok,1,0,0,exact,internal,2,86938b48ab88
BIOMD0000001063,r_0304,ok,28,0,0,exact,internal,4,86938b48ab88
BIOMD0000001063,r_0306,no_candidates,0,0,0,exact,internal,4,86938b48ab88
BIOMD0000001063,r_0307,no_candidates,0,0,0,exact,internal,3,86938b48ab88
BIOMD0000001063,r_0308,no_candidates,0,0,0,exact,internal,4,86938b48ab88
BIOMD0000001063,r_0309,ok,2,0,0,exact,internal,3,86938b48ab88
BIOMD0000001063,r_0310,no_candidates,0,0,0,exact,internal,4,86938b48ab88
BIOMD0000001063,r_0311,no_candidates,0,0,0,exact,internal,4,86938b48ab88
BIOMD0000001063,r_0312,ok,1,0,0,exact,internal,4,86938b48ab88
BIOMD0000001063,r_0313,ok,1,0,0,exact,internal,4,86938b48ab88
BIOMD0000001063,r_0314,no_candidates,0,0,0,exact,internal,3,86938b48ab88
BIOMD0000001063,r_0315,no_candidates,0,0,0,exact,internal,4,86938b48ab88
BIOMD0000001063,r_0317,no_candidates,0,0,1,up,internal,4,86938b48ab88
BIOMD0000001063,r_0318,no_candidates,0,0,0,exact,internal,3,86938b48ab88
BIOMD0000001063,r_0319,no_candidates,0,0,0,exact,internal,2,86938b48ab88
BIOMD0000001063,r_0320,no_candidates,0,0,1,up,internal,3,86938b48ab88
BIOMD0000001063,r_0321,no_candidates,0,0,1,up,internal,3,86938b48ab88
BIOMD0000001063,r_0322,ok,1,0,0,exact,internal,3,86938b48ab88
BIOMD0000001063,r_0323,no_candidates,0,0,1,up,internal,3,86938b48ab88
BIOMD0000001063,r_0326,no_candidates,0,0,0,exact,internal,3,86938b48ab88
BIOMD0000001063,r_0327,no_candidates,0,0,0,exact,internal,3,86938b48ab88
BIOMD0000001063,r_0328,no_candidates,0,0,0,exact,internal,3,86938b48ab88
BIOMD0000001063,r_0329,no_candidates,0,0,0,exact,internal,3,86938b48ab88
BIOMD0000001063,r_0330,ok,1,0,0,exact,internal,2,86938b48ab88
BIOMD0000001063,r_0332,no_candidates,0,0,0,exact,internal,2,86938b48ab88
BIOMD0000001063,r_0334,ok,1446,0,0,exact,internal,1,86938b48ab88
BIOMD0000001063,r_0335,no_candidates,0,0,1,up,internal,4,86938b48ab88
BIOMD0000001063,r_0344,no_candidates,0,0,1,up,internal,3,86938b48ab88
BIOMD0000001063,r_0345,no_candidates,0,0,1,up,internal,3,86938b48ab88
BIOMD0000001063,r_0346,no_candidates,0,0,0,exact,internal,3,86938b48ab88
BIOMD0000001063,r_0347,ok,1,0,0,exact,internal,3,86938b48ab88
BIOMD0000001063,r_0348,ok,1,0,0,exact,internal,2,86938b48ab88
BIOMD0000001063,r_0349,ok,314,0,0,exact,internal,2,86938b48ab88
BIOMD0000001063,r_0350,ok,1,0,0,exact,internal,3,86938b48ab88
BIOMD0000001063,r_0351,ok,1,0,0,exact,internal,3,86938b48ab88
BIOMD0000001063,r_0352,ok,2,0,0,exact,internal,2,86938b48ab88
BIOMD0000001063,r_0353,ok,1,0,0,exact,internal,2,86938b48ab88
BIOMD0000001063,r_0354,no_candidates,0,0,0,exact,internal,2,86938b48ab88
BIOMD0000001063,r_0355,ok,1,0,0,exact,internal,3,86938b48ab88
BIOMD0000001063,r_0356,ok,49,0,1,up,internal,2,86938b48ab88
BIOMD0000001063,r_0359,ok,12,0,1,up,internal,3,86938b48ab88
BIOMD0000001063,r_0360,no_candidates,0,0,0,exact,internal,4,86938b48ab88
BIOMD0000001063,r_0361,no_candidates,0,0,0,exact,internal,4,86938b48ab88
BIOMD0000001063,r_0363,ok,1,0,0,exact,internal,2,86938b48ab88
BIOMD0000001063,r_0364,ok,314,0,0,exact,internal,2,86938b48ab88
BIOMD0000001063,r_0366,ok,61,0,1,up,internal,2,86938b48ab88
BIOMD0000001063,r_0368,ok,1446,0,0,exact,internal,1,86938b48ab88
BIOMD0000001063,r_0370,ok,2,0,0,exact,internal,2,86938b48ab88
BIOMD0000001063,r_0373,ok,1,0,0,exact,internal,3,86938b48ab88
BIOMD0000001063,r_0402,unconstrained_candidate_set,0,12312,0,exact,internal,0,86938b48ab88
BIOMD0000001063,r_0436,ok,1,0,0,exact,internal,3,86938b48ab88
BIOMD0000001063,r_0437,ok,1,0,0,exact,internal,2,86938b48ab88
BIOMD0000001063,r_0438,ok,1,0,0,exact,internal,2,86938b48ab88
BIOMD0000001063,r_0440,ok,1136,0,0,exact,internal,1,86938b48ab88
BIOMD0000001063,r_0441,ok,2,0,1,up,internal,2,86938b48ab88
BIOMD0000001063,r_0442,ok,2,0,1,up,internal,2,86938b48ab88
BIOMD0000001063,r_0445,no_candidates,0,0,1,up,internal,3,86938b48ab88
BIOMD0000001063,r_0446,ok,1,0,0,exact,internal,3,86938b48ab88
BIOMD0000001063,r_0447,ok,1,0,0,exact,internal,3,86938b48ab88
BIOMD0000001063,r_0448,ok,2,0,0,exact,internal,2,86938b48ab88
BIOMD0000001063,r_0449,ok,2,0,0,exact,internal,2,86938b48ab88
BIOMD0000001063,r_0451,no_candidates,0,0,0,exact,internal,2,86938b48ab88
BIOMD0000001063,r_0452,no_candidates,0,0,0,exact,internal,2,86938b48ab88
BIOMD0000001063,r_0453,ok,6,0,0,exact,internal,1,86938b48ab88
BIOMD0000001063,r_0454,no_candidates,0,0,0,exact,internal,4,86938b48ab88
BIOMD0000001063,r_0455,no_candidates,0,0,0,exact,internal,4,86938b48ab88
BIOMD0000001063,r_0458,no_candidates,0,0,2,up,internal,4,86938b48ab88
BIOMD0000001063,r_0459,ok,1136,0,0,exact,internal,1,86938b48ab88
BIOMD0000001063,r_0460,ok,1,0,1,up,internal,4,86938b48ab88
BIOMD0000001063,r_0461,ok,2,0,1,down+up,internal,3,86938b48ab88
BIOMD0000001063,r_0462,ok,1,0,0,exact,internal,3,86938b48ab88
BIOMD0000001063,r_0466,no_candidates,0,0,2,up,internal,5,86938b48ab88
BIOMD0000001063,r_0467,no_candidates,0,0,2,up,internal,4,86938b48ab88
BIOMD0000001063,r_0468,ok,1,0,0,exact,internal,2,86938b48ab88
BIOMD0000001063,r_0469,no_candidates,0,0,0,exact,internal,3,86938b48ab88
BIOMD0000001063,r_0470,no_candidates,0,0,1,up,internal,4,86938b48ab88
BIOMD0000001063,r_0471,no_candidates,0,0,1,up,internal,4,86938b48ab88
BIOMD0000001063,r_0472,no_candidates,0,0,1,up,internal,4,86938b48ab88
BIOMD0000001063,r_0473,no_candidates,0,0,1,up,internal,3,86938b48ab88
BIOMD0000001063,r_0475,no_candidates,0,0,0,exact,internal,3,86938b48ab88
BIOMD0000001063,r_0476,no_candidates,0,0,0,exact,internal,3,86938b48ab88
BIOMD0000001063,r_0477,ok,1,0,0,exact,internal,4,86938b48ab88
BIOMD0000001063,r_0478,ok,1,0,0,exact,internal,4,86938b48ab88
BIOMD0000001063,r_0479,ok,1,0,0,exact,internal,4,86938b48ab88
BIOMD0000001063,r_0480,ok,1,0,0,exact,internal,4,86938b48ab88
BIOMD0000001063,r_0481,ok,2,0,1,up,internal,2,86938b48ab88
BIOMD0000001063,r_0482,ok,2,0,1,up,internal,2,86938b48ab88
BIOMD0000001063,r_0483,ok,1,0,0,exact,internal,2,86938b48ab88
BIOMD0000001063,r_0484,ok,1,0,0,exact,internal,2,86938b48ab88
BIOMD0000001063,r_0485,ok,6,0,1,up,internal,4,86938b48ab88
BIOMD0000001063,r_0486,ok,5,0,1,up,internal,2,86938b48ab88
BIOMD0000001063,r_0487,no_candidates,0,0,1,up,internal,3,86938b48ab88
BIOMD0000001063,r_0488,ok,6,0,1,up,internal,3,86938b48ab88
BIOMD0000001063,r_0489,ok,2,0,0,exact,internal,2,86938b48ab88
BIOMD0000001063,r_0490,ok,1136,0,0,exact,internal,1,86938b48ab88
BIOMD0000001063,r_0491,ok,2,0,1,up,internal,2,86938b48ab88
BIOMD0000001063,r_0492,ok,2,0,1,up,internal,2,86938b48ab88
BIOMD0000001063,r_0497,no_candidates,0,0,0,exact,internal,3,86938b48ab88
BIOMD0000001063,r_0499,ok,1,0,0,exact,internal,2,86938b48ab88
BIOMD0000001063,r_0500,no_candidates,0,0,0,exact,internal,4,86938b48ab88
BIOMD0000001063,r_0502,no_candidates,0,0,0,exact,internal,4,86938b48ab88
BIOMD0000001063,r_0503,no_candidates,0,0,0,exact,internal,4,86938b48ab88
BIOMD0000001063,r_0505,no_candidates,0,0,1,up,internal,3,86938b48ab88
BIOMD0000001063,r_0506,ok,1,0,0,exact,internal,4,86938b48ab88
BIOMD0000001063,r_0507,no_candidates,0,0,0,exact,internal,5,86938b48ab88
BIOMD0000001063,r_0508,no_candidates,0,0,1,up,internal,3,86938b48ab88
BIOMD0000001063,r_0512,ok,1,0,0,exact,internal,4,86938b48ab88
BIOMD0000001063,r_0514,no_candidates,0,0,0,exact,internal,5,86938b48ab88
BIOMD0000001063,r_0518,no_candidates,0,0,0,exact,internal,3,86938b48ab88
BIOMD0000001063,r_0524,ok,7,0,1,up,internal,4,86938b48ab88
BIOMD0000001063,r_0525,ok,7,0,1,up,internal,4,86938b48ab88
BIOMD0000001063,r_0526,no_candidates,0,0,0,exact,internal,3,86938b48ab88
BIOMD0000001063,r_0527,ok,1,0,1,up,internal,2,86938b48ab88
BIOMD0000001063,r_0528,ok,1,0,0,exact,internal,2,86938b48ab88
BIOMD0000001063,r_0531,ok,1,0,0,exact,internal,3,86938b48ab88
BIOMD0000001063,r_0533,ok,2,0,1,down+up,internal,4,86938b48ab88
BIOMD0000001063,r_0534,no_candidates,0,0,2,up,internal,4,86938b48ab88
BIOMD0000001063,r_0535,no_candidates,0,0,2,up,internal,3,86938b48ab88
BIOMD0000001063,r_0536,no_candidates,0,0,2,up,internal,4,86938b48ab88
BIOMD0000001063,r_0537,ok,2353,0,0,exact,internal,1,86938b48ab88
BIOMD0000001063,r_0538,ok,61,0,0,exact,internal,1,86938b48ab88
BIOMD0000001063,r_0539,ok,1,0,0,exact,internal,4,86938b48ab88
BIOMD0000001063,r_0540,ok,1,0,0,exact,internal,4,86938b48ab88
BIOMD0000001063,r_0541,no_candidates,0,0,0,exact,internal,4,86938b48ab88
BIOMD0000001063,r_0542,no_candidates,0,0,0,exact,internal,2,86938b48ab88
BIOMD0000001063,r_0543,no_candidates,0,0,0,exact,internal,4,86938b48ab88
BIOMD0000001063,r_0544,no_candidates,0,0,0,exact,internal,4,86938b48ab88
BIOMD0000001063,r_0545,no_candidates,0,0,1,up,internal,4,86938b48ab88
BIOMD0000001063,r_0546,no_candidates,0,0,1,up,internal,3,86938b48ab88
BIOMD0000001063,r_0547,no_candidates,0,0,1,up,internal,3,86938b48ab88
BIOMD0000001063,r_0548,ok,2,0,0,exact,internal,2,86938b48ab88
BIOMD0000001063,r_0549,ok,1,0,0,exact,internal,4,86938b48ab88
BIOMD0000001063,r_0553,ok,1,0,1,up,internal,4,86938b48ab88
BIOMD0000001063,r_0554,ok,1,0,1,up,internal,4,86938b48ab88
BIOMD0000001063,r_0555,ok,1,0,1,down+up,internal,4,86938b48ab88
BIOMD0000001063,r_0556,ok,4,0,1,up,internal,3,86938b48ab88
BIOMD0000001063,r_0557,no_candidates,0,0,0,exact,internal,3,86938b48ab88
BIOMD0000001063,r_0558,no_candidates,0,0,2,up,internal,6,86938b48ab88
BIOMD0000001063,r_0559,no_candidates,0,0,2,up,internal,6,86938b48ab88
BIOMD0000001063,r_0560,no_candidates,0,0,2,up,internal,6,86938b48ab88
BIOMD0000001063,r_0561,ok,2,0,1,up,internal,3,86938b48ab88
BIOMD0000001063,r_0562,ok,2,0,1,up,internal,2,86938b48ab88
BIOMD0000001063,r_0563,no_candidates,0,0,0,exact,internal,5,86938b48ab88
BIOMD0000001063,r_0564,ok,1,0,0,exact,internal,2,86938b48ab88
BIOMD0000001063,r_0565,ok,1,0,1,up,internal,3,86938b48ab88
BIOMD0000001063,r_0566,ok,2,0,1,up,internal,2,86938b48ab88
BIOMD0000001063,r_0567,no_candidates,0,0,2,up,internal,4,86938b48ab88
BIOMD0000001063,r_0568,ok,314,0,0,exact,internal,2,86938b48ab88
BIOMD0000001063,r_0569,ok,314,0,0,exact,internal,2,86938b48ab88
BIOMD0000001063,r_0570,ok,1991,0,0,exact,internal,1,86938b48ab88
BIOMD0000001063,r_0571,ok,1446,0,0,exact,internal,1,86938b48ab88
BIOMD0000001063,r_0572,ok,1446,0,0,exact,internal,1,86938b48ab88
BIOMD0000001063,r_0573,ok,1446,0,0,exact,internal,1,86938b48ab88
BIOMD0000001063,r_0574,ok,1446,0,0,exact,internal,1,86938b48ab88
BIOMD0000001063,r_0575,ok,1446,0,0,exact,internal,1,86938b48ab88
BIOMD0000001063,r_0658,no_candidates,0,0,1,up,internal,4,86938b48ab88
BIOMD0000001063,r_0659,no_candidates,0,0,1,up,internal,4,86938b48ab88
BIOMD0000001063,r_0661,no_candidates,0,0,1,up,internal,4,86938b48ab88
BIOMD0000001063,r_0662,ok,1,0,0,exact,internal,3,86938b48ab88
BIOMD0000001063,r_0663,ok,1,0,0,exact,internal,4,86938b48ab88
BIOMD0000001063,r_0664,ok,1,0,0,exact,internal,4,86938b48ab88
BIOMD0000001063,r_0665,ok,1,0,0,exact,internal,4,86938b48ab88
BIOMD0000001063,r_0666,ok,1,0,0,exact,internal,4,86938b48ab88
BIOMD0000001063,r_0667,ok,1,0,0,exact,internal,2,86938b48ab88
BIOMD0000001063,r_0668,ok,1,0,0,exact,internal,3,86938b48ab88
BIOMD0000001063,r_0670,no_candidates,0,0,0,exact,internal,3,86938b48ab88
BIOMD0000001063,r_0671,no_candidates,0,0,1,up,internal,3,86938b48ab88
BIOMD0000001063,r_0672,no_candidates,0,0,2,up,internal,4,86938b48ab88
BIOMD0000001063,r_0673,no_candidates,0,0,1,up,internal,3,86938b48ab88
BIOMD0000001063,r_0674,ok,1,0,0,exact,internal,4,86938b48ab88
BIOMD0000001063,r_0675,ok,1,0,0,exact,internal,3,86938b48ab88
BIOMD0000001063,r_0676,no_candidates,0,0,1,up,internal,3,86938b48ab88
BIOMD0000001063,r_0679,no_candidates,0,0,0,exact,internal,3,86938b48ab88
BIOMD0000001063,r_0680,no_candidates,0,0,0,exact,internal,3,86938b48ab88
BIOMD0000001063,r_0681,ok,2,0,0,exact,internal,4,86938b48ab88
BIOMD0000001063,r_0682,ok,2,0,0,exact,internal,4,86938b48ab88
BIOMD0000001063,r_0683,ok,2,0,0,exact,internal,4,86938b48ab88
BIOMD0000001063,r_0687,no_candidates,0,0,2,up,internal,5,86938b48ab88
BIOMD0000001063,r_0688,no_candidates,0,0,1,up,internal,3,86938b48ab88
BIOMD0000001063,r_0689,no_candidates,0,0,0,exact,internal,3,86938b48ab88
BIOMD0000001063,r_0690,no_candidates,0,0,1,up,internal,3,86938b48ab88
BIOMD0000001063,r_0692,no_candidates,0,0,0,exact,internal,3,86938b48ab88
BIOMD0000001063,r_0693,no_candidates,0,0,0,exact,internal,3,86938b48ab88
BIOMD0000001063,r_0694,ok,1,0,0,exact,internal,2,86938b48ab88
BIOMD0000001063,r_0696,no_candidates,0,0,1,up,internal,3,86938b48ab88
BIOMD0000001063,r_0697,ok,9,0,1,up,internal,2,86938b48ab88
BIOMD0000001063,r_0698,ok,1,0,0,exact,internal,2,86938b48ab88
BIOMD0000001063,r_0699,ok,1,0,0,exact,internal,4,86938b48ab88
BIOMD0000001063,r_0700,ok,1,0,0,exact,internal,4,86938b48ab88
BIOMD0000001063,r_0701,ok,1,0,0,exact,internal,4,86938b48ab88
BIOMD0000001063,r_0702,ok,1,0,0,exact,internal,4,86938b48ab88
BIOMD0000001063,r_0707,ok,28,0,1,up,internal,2,86938b48ab88
BIOMD0000001063,r_0708,ok,28,0,1,up,internal,2,86938b48ab88
BIOMD0000001063,r_0711,ok,1,0,0,exact,internal,4,86938b48ab88
BIOMD0000001063,r_0712,ok,1,0,0,exact,internal,4,86938b48ab88
BIOMD0000001063,r_0713,no_candidates,0,0,1,up,internal,3,86938b48ab88
BIOMD0000001063,r_0714,no_candidates,0,0,1,up,internal,3,86938b48ab88
BIOMD0000001063,r_0715,no_candidates,0,0,1,up,internal,3,86938b48ab88
BIOMD0000001063,r_0716,no_candidates,0,0,0,exact,internal,4,86938b48ab88
BIOMD0000001063,r_0717,no_candidates,0,0,0,exact,internal,4,86938b48ab88
BIOMD0000001063,r_0718,no_candidates,0,0,1,up,internal,4,86938b48ab88
BIOMD0000001063,r_0719,no_candidates,0,0,1,up,internal,4,86938b48ab88
BIOMD0000001063,r_0721,ok,1,0,0,exact,internal,4,86938b48ab88
BIOMD0000001063,r_0722,no_candidates,0,0,0,exact,internal,3,86938b48ab88
BIOMD0000001063,r_0723,ok,2,0,0,exact,internal,2,86938b48ab88
BIOMD0000001063,r_0724,ok,1,0,0,exact,internal,2,86938b48ab88
BIOMD0000001063,r_0725,ok,1,0,0,exact,internal,2,86938b48ab88
BIOMD0000001063,r_0726,no_candidates,0,0,0,exact,internal,2,86938b48ab88
BIOMD0000001063,r_0727,ok,1,0,0,exact,internal,4,86938b48ab88
BIOMD0000001063,r_0728,no_candidates,0,0,0,exact,internal,4,86938b48ab88
BIOMD0000001063,r_0729,ok,1,0,0,exact,internal,4,86938b48ab88
BIOMD0000001063,r_0730,ok,1,0,0,exact,internal,4,86938b48ab88
BIOMD0000001063,r_0731,ok,166,0,1,up,internal,1,86938b48ab88
BIOMD0000001063,r_0732,ok,166,0,1,up,internal,1,86938b48ab88
BIOMD0000001063,r_0733,ok,166,0,1,up,internal,1,86938b48ab88
BIOMD0000001063,r_0734,ok,1,0,0,exact,internal,3,86938b48ab88
BIOMD0000001063,r_0735,ok,4,0,0,exact,internal,2,86938b48ab88
BIOMD0000001063,r_0739,ok,29,0,1,up,internal,2,86938b48ab88
BIOMD0000001063,r_0757,ok,1,0,0,exact,internal,2,86938b48ab88
BIOMD0000001063,r_0759,no_candidates,0,0,1,up,internal,3,86938b48ab88
BIOMD0000001063,r_0760,no_candidates,0,0,0,exact,internal,4,86938b48ab88
BIOMD0000001063,r_0761,no_candidates,0,0,0,exact,internal,4,86938b48ab88
BIOMD0000001063,r_0762,no_candidates,0,0,0,exact,internal,3,86938b48ab88
BIOMD0000001063,r_0764,ok,314,0,0,exact,internal,2,86938b48ab88
BIOMD0000001063,r_0765,ok,1446,0,0,exact,internal,1,86938b48ab88
BIOMD0000001063,r_0766,ok,1446,0,0,exact,internal,1,86938b48ab88
BIOMD0000001063,r_0767,ok,2,0,0,exact,internal,3,86938b48ab88
BIOMD0000001063,r_0768,no_candidates,0,0,0,exact,internal,4,86938b48ab88
BIOMD0000001063,r_0769,no_candidates,0,0,0,exact,internal,4,86938b48ab88
BIOMD0000001063,r_0771,no_candidates,0,0,1,up,internal,1,86938b48ab88
BIOMD0000001063,r_0772,no_candidates,0,0,1,up,internal,1,86938b48ab88
BIOMD0000001063,r_0774,ok,1,0,0,exact,internal,2,86938b48ab88
BIOMD0000001063,r_0775,ok,1,0,0,exact,internal,2,86938b48ab88
BIOMD0000001063,r_0781,no_candidates,0,0,0,exact,internal,3,86938b48ab88
BIOMD0000001063,r_0782,ok,1,0,0,exact,internal,4,86938b48ab88
BIOMD0000001063,r_0783,ok,1136,0,0,exact,internal,1,86938b48ab88
BIOMD0000001063,r_0784,ok,1136,0,0,exact,internal,1,86938b48ab88
BIOMD0000001063,r_0785,no_candidates,0,0,0,exact,internal,2,86938b48ab88
BIOMD0000001063,r_0786,ok,75,0,0,exact,internal,2,86938b48ab88
BIOMD0000001063,r_0787,ok,75,0,0,exact,internal,2,86938b48ab88
BIOMD0000001063,r_0788,ok,314,0,0,exact,internal,2,86938b48ab88
BIOMD0000001063,r_0789,ok,314,0,0,exact,internal,2,86938b48ab88
BIOMD0000001063,r_0790,ok,314,0,0,exact,internal,2,86938b48ab88
BIOMD0000001063,r_0791,ok,314,0,0,exact,internal,2,86938b48ab88
BIOMD0000001063,r_0792,ok,314,0,0,exact,internal,2,86938b48ab88
BIOMD0000001063,r_0793,ok,314,0,0,exact,internal,2,86938b48ab88
BIOMD0000001063,r_0795,ok,1,0,0,exact,internal,2,86938b48ab88
BIOMD0000001063,r_0796,ok,1,0,0,exact,internal,2,86938b48ab88
BIOMD0000001063,r_0797,ok,1,0,0,exact,internal,2,86938b48ab88
BIOMD0000001063,r_0798,ok,1,0,0,exact,internal,2,86938b48ab88
BIOMD0000001063,r_0799,ok,1,0,0,exact,internal,2,86938b48ab88
BIOMD0000001063,r_0800,ok,1,0,0,exact,internal,2,86938b48ab88
BIOMD0000001063,r_0801,ok,1,0,0,exact,internal,2,86938b48ab88
BIOMD0000001063,r_0802,ok,1,0,0,exact,internal,2,86938b48ab88
BIOMD0000001063,r_0803,ok,1,0,0,exact,internal,2,86938b48ab88
BIOMD0000001063,r_0804,ok,314,0,0,exact,internal,2,86938b48ab88
BIOMD0000001063,r_0805,ok,314,0,0,exact,internal,2,86938b48ab88
BIOMD0000001063,r_0806,ok,314,0,0,exact,internal,2,86938b48ab88
BIOMD0000001063,r_0807,ok,314,0,0,exact,internal,2,86938b48ab88
BIOMD0000001063,r_0810,ok,314,0,0,exact,internal,2,86938b48ab88
BIOMD0000001063,r_0811,ok,1,0,0,exact,internal,2,86938b48ab88
BIOMD0000001063,r_0812,no_candidates,0,0,0,exact,internal,4,86938b48ab88
BIOMD0000001063,r_0813,ok,1,0,0,exact,internal,4,86938b48ab88
BIOMD0000001063,r_0815,no_candidates,0,0,0,exact,internal,4,86938b48ab88
BIOMD0000001063,r_0816,no_candidates,0,0,0,exact,internal,3,86938b48ab88
BIOMD0000001063,r_0817,ok,75,0,0,exact,internal,2,86938b48ab88
BIOMD0000001063,r_0818,ok,1,0,0,exact,internal,4,86938b48ab88
BIOMD0000001063,r_0819,ok,1,0,0,exact,internal,4,86938b48ab88
BIOMD0000001063,r_0820,unconstrained_candidate_set,0,12312,0,exact,internal,0,86938b48ab88
BIOMD0000001063,r_0821,ok,75,0,0,exact,internal,2,86938b48ab88
BIOMD0000001063,r_0831,no_candidates,0,0,0,exact,internal,4,86938b48ab88
BIOMD0000001063,r_0832,no_candidates,0,0,0,exact,internal,4,86938b48ab88
BIOMD0000001063,r_0841,ok,1136,0,0,exact,internal,1,86938b48ab88
BIOMD0000001063,r_0842,no_candidates,0,0,2,up,internal,3,86938b48ab88
BIOMD0000001063,r_0843,no_candidates,0,0,2,up,internal,5,86938b48ab88
BIOMD0000001063,r_0847,ok,314,0,0,exact,internal,2,86938b48ab88
BIOMD0000001063,r_0849,no_candidates,0,0,0,exact,internal,3,86938b48ab88
BIOMD0000001063,r_0851,ok,1,0,0,exact,internal,4,86938b48ab88
BIOMD0000001063,r_0852,ok,1,0,0,exact,internal,4,86938b48ab88
BIOMD0000001063,r_0853,ok,1,0,0,exact,internal,4,86938b48ab88
BIOMD0000001063,r_0854,no_candidates,0,0,0,exact,internal,3,86938b48ab88
BIOMD0000001063,r_0855,ok,1446,0,0,exact,internal,1,86938b48ab88
BIOMD0000001063,r_0882,ok,1,0,0,exact,internal,2,86938b48ab88
BIOMD0000001063,r_0884,ok,1,0,1,up,internal,4,86938b48ab88
BIOMD0000001063,r_0885,ok,1136,0,0,exact,internal,1,86938b48ab88
BIOMD0000001063,r_0886,no_candidates,0,0,0,exact,internal,2,86938b48ab88
BIOMD0000001063,r_0887,ok,1446,0,0,exact,internal,1,86938b48ab88
BIOMD0000001063,r_0888,no_candidates,0,0,2,up,internal,4,86938b48ab88
BIOMD0000001063,r_0889,no_candidates,0,0,1,up,internal,5,86938b48ab88
BIOMD0000001063,r_0890,ok,1,0,0,exact,internal,2,86938b48ab88
BIOMD0000001063,r_0891,no_candidates,0,0,2,up,internal,4,86938b48ab88
BIOMD0000001063,r_0892,unconstrained_candidate_set,0,12312,0,exact,internal,0,86938b48ab88
BIOMD0000001063,r_0893,unconstrained_candidate_set,0,12312,0,exact,internal,0,86938b48ab88
BIOMD0000001063,r_0902,no_candidates,0,0,0,exact,internal,2,86938b48ab88
BIOMD0000001063,r_0903,ok,1,0,0,exact,internal,2,86938b48ab88
BIOMD0000001063,r_0904,ok,454,0,1,up,internal,1,86938b48ab88
BIOMD0000001063,r_0905,no_candidates,0,0,0,exact,internal,5,86938b48ab88
BIOMD0000001063,r_0906,ok,75,0,0,exact,internal,2,86938b48ab88
BIOMD0000001063,r_0908,ok,1446,0,0,exact,internal,1,86938b48ab88
BIOMD0000001063,r_0909,ok,1,0,0,exact,internal,2,86938b48ab88
BIOMD0000001063,r_0910,ok,314,0,0,exact,internal,2,86938b48ab88
BIOMD0000001063,r_0911,ok,7,0,0,exact,internal,2,86938b48ab88
BIOMD0000001063,r_0912,ok,1,0,0,exact,internal,4,86938b48ab88
BIOMD0000001063,r_0913,no_candidates,0,0,1,up,internal,3,86938b48ab88
BIOMD0000001063,r_0914,ok,6,0,1,up,internal,4,86938b48ab88
BIOMD0000001063,r_0915,ok,21,0,1,up,internal,4,86938b48ab88
BIOMD0000001063,r_0917,ok,1,0,0,exact,internal,2,86938b48ab88
BIOMD0000001063,r_0918,no_candidates,0,0,0,exact,internal,4,86938b48ab88
BIOMD0000001063,r_0920,no_candidates,0,0,2,up,internal,3,86938b48ab88
BIOMD0000001063,r_0922,no_candidates,0,0,1,up,internal,3,86938b48ab88
BIOMD0000001063,r_0935,no_candidates,0,0,0,exact,internal,2,86938b48ab88
BIOMD0000001063,r_0936,ok,125,0,0,exact,internal,3,86938b48ab88
BIOMD0000001063,r_0937,ok,125,0,0,exact,internal,3,86938b48ab88
BIOMD0000001063,r_0938,no_candidates,0,0,0,exact,internal,3,86938b48ab88
BIOMD0000001063,r_0939,no_candidates,0,0,1,up,internal,4,86938b48ab88
BIOMD0000001063,r_0940,ok,1,0,0,exact,internal,4,86938b48ab88
BIOMD0000001063,r_0941,ok,1,0,0,exact,internal,4,86938b48ab88
BIOMD0000001063,r_0942,ok,1321,0,0,exact,internal,2,86938b48ab88
BIOMD0000001063,r_0943,no_candidates,0,0,0,exact,internal,3,86938b48ab88
BIOMD0000001063,r_0949,ok,1,0,0,exact,internal,3,86938b48ab88
BIOMD0000001063,r_0950,ok,1,0,0,exact,internal,3,86938b48ab88
BIOMD0000001063,r_0951,ok,1,0,0,exact,internal,3,86938b48ab88
BIOMD0000001063,r_0954,no_candidates,0,0,0,exact,internal,3,86938b48ab88
BIOMD0000001063,r_0955,ok,1,0,0,exact,internal,2,86938b48ab88
BIOMD0000001063,r_0956,ok,1,0,0,exact,internal,2,86938b48ab88
BIOMD0000001063,r_0957,no_candidates,0,0,1,up,internal,3,86938b48ab88
BIOMD0000001063,r_0958,no_candidates,0,0,0,exact,internal,3,86938b48ab88
BIOMD0000001063,r_0959,no_candidates,0,0,0,exact,internal,3,86938b48ab88
BIOMD0000001063,r_0961,no_candidates,0,0,1,up,internal,5,86938b48ab88
BIOMD0000001063,r_0962,no_candidates,0,0,1,up,internal,3,86938b48ab88
BIOMD0000001063,r_0965,ok,1446,0,0,exact,internal,1,86938b48ab88
BIOMD0000001063,r_0966,ok,1446,0,0,exact,internal,1,86938b48ab88
BIOMD0000001063,r_0967,no_candidates,0,0,0,exact,internal,3,86938b48ab88
BIOMD0000001063,r_0968,no_candidates,0,0,0,exact,internal,3,86938b48ab88
BIOMD0000001063,r_0969,no_candidates,0,0,0,exact,internal,2,86938b48ab88
BIOMD0000001063,r_0970,no_candidates,0,0,0,exact,internal,3,86938b48ab88
BIOMD0000001063,r_0971,no_candidates,0,0,0,exact,internal,4,86938b48ab88
BIOMD0000001063,r_0972,no_candidates,0,0,0,exact,internal,4,86938b48ab88
BIOMD0000001063,r_0973,no_candidates,0,0,0,exact,internal,4,86938b48ab88
BIOMD0000001063,r_0974,no_candidates,0,0,0,exact,internal,3,86938b48ab88
BIOMD0000001063,r_0975,no_candidates,0,0,0,exact,internal,3,86938b48ab88
BIOMD0000001063,r_0976,no_candidates,0,0,0,exact,internal,4,86938b48ab88
BIOMD0000001063,r_0977,no_candidates,0,0,0,exact,internal,4,86938b48ab88
BIOMD0000001063,r_0978,no_candidates,0,0,0,exact,internal,4,86938b48ab88
BIOMD0000001063,r_0979,no_candidates,0,0,0,exact,internal,4,86938b48ab88
BIOMD0000001063,r_0983,no_candidates,0,0,0,exact,internal,2,86938b48ab88
BIOMD0000001063,r_0984,ok,1,0,0,exact,internal,2,86938b48ab88
BIOMD0000001063,r_0985,no_candidates,0,0,1,up,internal,5,86938b48ab88
BIOMD0000001063,r_0986,no_candidates,0,0,0,exact,internal,4,86938b48ab88
BIOMD0000001063,r_0987,ok,7,0,1,up,internal,4,86938b48ab88
BIOMD0000001063,r_0988,no_candidates,0,0,1,up,internal,4,86938b48ab88
BIOMD0000001063,r_0989,no_candidates,0,0,1,up,internal,4,86938b48ab88
BIOMD0000001063,r_0990,ok,1,0,0,exact,internal,3,86938b48ab88
BIOMD0000001063,r_0992,ok,1,0,0,exact,internal,4,86938b48ab88
BIOMD0000001063,r_0993,no_candidates,0,0,0,exact,internal,5,86938b48ab88
BIOMD0000001063,r_0995,ok,1,0,0,exact,internal,4,86938b48ab88
BIOMD0000001063,r_0996,no_candidates,0,0,2,up,internal,4,86938b48ab88
BIOMD0000001063,r_0997,ok,1446,0,0,exact,internal,1,86938b48ab88
BIOMD0000001063,r_0998,ok,5,0,1,up,internal,2,86938b48ab88
BIOMD0000001063,r_0999,ok,1,0,1,up,internal,3,86938b48ab88
BIOMD0000001063,r_1000,no_candidates,0,0,0,exact,internal,4,86938b48ab88
BIOMD0000001063,r_1001,ok,4,0,0,exact,internal,2,86938b48ab88
BIOMD0000001063,r_1002,ok,4,0,0,exact,internal,2,86938b48ab88
BIOMD0000001063,r_1003,ok,1,0,0,exact,internal,3,86938b48ab88
BIOMD0000001063,r_1005,ok,1,0,0,exact,internal,2,86938b48ab88
BIOMD0000001063,r_1007,ok,1446,0,0,exact,internal,1,86938b48ab88
BIOMD0000001063,r_1008,no_candidates,0,0,0,exact,internal,2,86938b48ab88
BIOMD0000001063,r_1009,no_candidates,0,0,0,exact,internal,2,86938b48ab88
BIOMD0000001063,r_1011,no_candidates,0,0,1,up,internal,3,86938b48ab88
BIOMD0000001063,r_1012,no_candidates,0,0,1,up,internal,3,86938b48ab88
BIOMD0000001063,r_1022,unconstrained_candidate_set,0,12312,0,exact,internal,0,86938b48ab88
BIOMD0000001063,r_1023,ok,1,0,1,up,internal,3,86938b48ab88
BIOMD0000001063,r_1024,ok,2,0,0,exact,internal,3,86938b48ab88
BIOMD0000001063,r_1025,no_candidates,0,0,0,exact,internal,2,86938b48ab88
BIOMD0000001063,r_1026,no_candidates,0,0,0,exact,internal,2,86938b48ab88
BIOMD0000001063,r_1027,no_candidates,0,0,1,up,internal,3,86938b48ab88
BIOMD0000001063,r_1029,no_candidates,0,0,2,up,internal,8,86938b48ab88
BIOMD0000001063,r_1030,ok,314,0,0,exact,internal,2,86938b48ab88
BIOMD0000001063,r_1031,no_candidates,0,0,0,exact,internal,3,86938b48ab88
BIOMD0000001063,r_1033,ok,1,0,0,exact,internal,2,86938b48ab88
BIOMD0000001063,r_1034,ok,5,0,1,up,internal,3,86938b48ab88
BIOMD0000001063,r_1035,ok,1,0,0,exact,internal,2,86938b48ab88
BIOMD0000001063,r_1036,no_candidates,0,0,0,exact,internal,3,86938b48ab88
BIOMD0000001063,r_1038,no_candidates,0,0,1,up,internal,3,86938b48ab88
BIOMD0000001063,r_1039,no_candidates,0,0,1,up,internal,3,86938b48ab88
BIOMD0000001063,r_1040,ok,1,0,0,exact,internal,3,86938b48ab88
BIOMD0000001063,r_1041,ok,1,0,0,exact,internal,2,86938b48ab88
BIOMD0000001063,r_1042,ok,1,0,0,exact,internal,4,86938b48ab88
BIOMD0000001063,r_1043,ok,1,0,0,exact,internal,4,86938b48ab88
BIOMD0000001063,r_1045,ok,1,0,0,exact,internal,4,86938b48ab88
BIOMD0000001063,r_1046,ok,1,0,0,exact,internal,4,86938b48ab88
BIOMD0000001063,r_1047,ok,1,0,1,down+up,internal,4,86938b48ab88
BIOMD0000001063,r_1051,ok,1,0,0,exact,internal,2,86938b48ab88
BIOMD0000001063,r_1054,unconstrained_candidate_set,0,12312,0,exact,internal,0,86938b48ab88
BIOMD0000001063,r_1056,ok,1,0,1,up,internal,4,86938b48ab88
BIOMD0000001063,r_1057,ok,1,0,0,exact,internal,4,86938b48ab88
BIOMD0000001063,r_1058,ok,1,0,0,exact,internal,4,86938b48ab88
BIOMD0000001063,r_1063,no_candidates,0,0,0,exact,internal,4,86938b48ab88
BIOMD0000001063,r_1065,no_candidates,0,0,0,exact,internal,4,86938b48ab88
BIOMD0000001063,r_1066,ok,1,0,0,exact,internal,4,86938b48ab88
BIOMD0000001063,r_1067,ok,1,0,0,exact,internal,4,86938b48ab88
BIOMD0000001063,r_1069,no_candidates,0,0,0,exact,internal,3,86938b48ab88
BIOMD0000001063,r_1070,ok,4,0,1,up,internal,1,86938b48ab88
BIOMD0000001063,r_1071,ok,4,0,1,up,internal,1,86938b48ab88
BIOMD0000001063,r_1072,ok,1,0,0,exact,internal,2,86938b48ab88
BIOMD0000001063,r_1073,ok,1,0,0,exact,internal,2,86938b48ab88
BIOMD0000001063,r_1074,ok,6,0,0,exact,internal,1,86938b48ab88
BIOMD0000001063,r_1075,no_candidates,0,0,0,exact,internal,3,86938b48ab88
BIOMD0000001063,r_1076,no_candidates,0,0,1,down,internal,6,86938b48ab88
BIOMD0000001063,r_1077,no_candidates,0,0,0,exact,internal,2,86938b48ab88
BIOMD0000001063,r_1078,no_candidates,0,0,0,exact,internal,4,86938b48ab88
BIOMD0000001063,r_1079,ok,1,0,0,exact,internal,2,86938b48ab88
BIOMD0000001063,r_1080,ok,1,0,0,exact,internal,2,86938b48ab88
BIOMD0000001063,r_1081,ok,75,0,0,exact,internal,2,86938b48ab88
BIOMD0000001063,r_1082,ok,12,0,1,up,internal,3,86938b48ab88
BIOMD0000001063,r_1083,ok,1,0,0,exact,internal,2,86938b48ab88
BIOMD0000001063,r_1084,no_candidates,0,0,1,up,internal,4,86938b48ab88
BIOMD0000001063,r_1087,ok,1,0,0,exact,internal,4,86938b48ab88
BIOMD0000001063,r_1088,ok,1,0,0,exact,internal,4,86938b48ab88
BIOMD0000001063,r_1089,ok,1,0,0,exact,internal,4,86938b48ab88
BIOMD0000001063,r_1090,ok,1,0,0,exact,internal,4,86938b48ab88
BIOMD0000001063,r_1091,ok,5,0,0,exact,internal,1,86938b48ab88
BIOMD0000001063,r_1092,no_candidates,0,0,1,up,internal,3,86938b48ab88
BIOMD0000001063,r_1093,no_candidates,0,0,1,up,internal,3,86938b48ab88
BIOMD0000001063,r_1094,no_candidates,0,0,0,exact,internal,2,86938b48ab88
BIOMD0000001063,r_1110,ok,1,0,0,exact,internal,2,86938b48ab88
BIOMD0000001063,r_1613,ok,1,0,0,exact,internal,2,86938b48ab88
BIOMD0000001063,r_1614,ok,1,0,0,exact,internal,2,86938b48ab88
BIOMD0000001063,r_1615,ok,1,0,0,exact,internal,2,86938b48ab88
BIOMD0000001063,r_1616,ok,1,0,0,exact,internal,2,86938b48ab88
BIOMD0000001063,r_1617,ok,1,0,0,exact,internal,2,86938b48ab88
BIOMD0000001063,r_1618,ok,1,0,0,exact,internal,2,86938b48ab88
BIOMD0000001063,r_1619,ok,1,0,0,exact,internal,2,86938b48ab88
BIOMD0000001063,r_1620,ok,1,0,0,exact,internal,2,86938b48ab88
BIOMD0000001063,r_1623,ok,1,0,0,exact,internal,2,86938b48ab88
BIOMD0000001063,r_1664,no_candidates,0,0,0,exact,internal,2,86938b48ab88
BIOMD0000001063,r_1665,no_candidates,0,0,0,exact,internal,2,86938b48ab88
BIOMD0000001063,r_1667,no_candidates,0,0,0,exact,internal,2,86938b48ab88
BIOMD0000001063,r_1668,no_candidates,0,0,0,exact,internal,2,86938b48ab88
BIOMD0000001063,r_1685,no_candidates,0,0,0,exact,internal,3,86938b48ab88
BIOMD0000001063,r_1703,ok,1,0,0,exact,internal,2,86938b48ab88
BIOMD0000001063,r_1704,ok,1,0,0,exact,internal,2,86938b48ab88
BIOMD0000001063,r_1722,no_candidates,0,0,0,exact,internal,5,86938b48ab88
BIOMD0000001063,r_1724,no_candidates,0,0,0,exact,internal,5,86938b48ab88
BIOMD0000001063,r_1729,ok,1,0,0,exact,internal,2,86938b48ab88
BIOMD0000001063,r_1734,no_candidates,0,0,0,exact,internal,2,86938b48ab88
BIOMD0000001063,r_1736,ok,1446,0,0,exact,internal,1,86938b48ab88
BIOMD0000001063,r_1744,ok,314,0,0,exact,internal,2,86938b48ab88
BIOMD0000001063,r_1790,ok,1136,0,0,exact,internal,1,86938b48ab88
BIOMD0000001063,r_1821,no_candidates,0,0,0,exact,internal,2,86938b48ab88
BIOMD0000001063,r_1838,no_candidates,0,0,0,exact,internal,4,86938b48ab88
BIOMD0000001063,r_1850,no_candidates,0,0,0,exact,internal,2,86938b48ab88
BIOMD0000001063,r_1872,no_candidates,0,0,2,up,internal,5,86938b48ab88
BIOMD0000001063,r_1887,no_candidates,0,0,0,exact,internal,2,86938b48ab88
BIOMD0000001063,r_1936,ok,1,0,0,exact,internal,2,86938b48ab88
BIOMD0000001063,r_1997,ok,1136,0,0,exact,internal,1,86938b48ab88
BIOMD0000001063,r_2025,ok,1,0,0,exact,internal,2,86938b48ab88
BIOMD0000001063,r_2026,ok,1446,0,0,exact,internal,1,86938b48ab88
BIOMD0000001063,r_2027,ok,2353,0,0,exact,internal,1,86938b48ab88
BIOMD0000001063,r_2029,ok,1,0,0,exact,internal,2,86938b48ab88
BIOMD0000001063,r_2030,ok,1,0,0,exact,internal,2,86938b48ab88
BIOMD0000001063,r_2031,ok,1,0,0,exact,internal,3,86938b48ab88
BIOMD0000001063,r_2064,ok,1,0,0,exact,internal,2,86938b48ab88
BIOMD0000001063,r_2065,ok,1,0,0,exact,internal,3,86938b48ab88
BIOMD0000001063,r_2069,ok,1,0,0,exact,internal,2,86938b48ab88
BIOMD0000001063,r_2074,no_candidates,0,0,0,exact,internal,2,86938b48ab88
BIOMD0000001063,r_2112,no_candidates,0,0,0,exact,internal,4,86938b48ab88
BIOMD0000001063,r_2113,no_candidates,0,0,1,up,internal,3,86938b48ab88
BIOMD0000001063,r_2114,ok,18,0,0,exact,internal,2,86938b48ab88
BIOMD0000001063,r_2115,no_candidates,0,0,1,up,internal,3,86938b48ab88
BIOMD0000001063,r_2116,no_candidates,0,0,1,up,internal,3,86938b48ab88
BIOMD0000001063,r_2117,ok,2,0,0,exact,internal,4,86938b48ab88
BIOMD0000001063,r_2118,ok,1,0,1,up,internal,6,86938b48ab88
BIOMD0000001063,r_2119,ok,1,0,0,exact,internal,4,86938b48ab88
BIOMD0000001063,r_2125,unconstrained_candidate_set,0,12312,0,exact,internal,0,86938b48ab88
BIOMD0000001063,r_2126,ok,1,0,0,exact,internal,2,86938b48ab88
BIOMD0000001063,r_2131,no_candidates,0,0,1,up,internal,4,86938b48ab88
BIOMD0000001063,r_2156,no_candidates,0,0,0,exact,internal,5,86938b48ab88
BIOMD0000001063,r_2163,no_candidates,0,0,1,up,internal,3,86938b48ab88
BIOMD0000001063,r_2168,ok,1,0,0,exact,internal,2,86938b48ab88
BIOMD0000001063,r_2170,ok,1,0,0,exact,internal,2,86938b48ab88
BIOMD0000001063,r_2175,ok,2,0,1,up,internal,2,86938b48ab88
BIOMD0000001063,r_2177,no_candidates,0,0,1,up,internal,3,86938b48ab88
BIOMD0000001063,r_2196,unconstrained_candidate_set,0,12312,0,exact,internal,0,86938b48ab88
BIOMD0000001063,r_2202,unconstrained_candidate_set,0,12312,0,exact,internal,0,86938b48ab88
BIOMD0000001063,r_2235,ok,314,0,0,exact,internal,2,86938b48ab88
BIOMD0000001063,r_2248,no_candidates,0,0,0,exact,internal,2,86938b48ab88
BIOMD0000001063,r_2249,no_candidates,0,0,0,exact,internal,2,86938b48ab88
BIOMD0000001063,r_2250,no_candidates,0,0,0,exact,internal,2,86938b48ab88
BIOMD0000001063,r_2251,no_candidates,0,0,0,exact,internal,2,86938b48ab88
BIOMD0000001063,r_2252,no_candidates,0,0,0,exact,internal,2,86938b48ab88
BIOMD0000001063,r_2266,no_candidates,0,0,1,up,internal,3,86938b48ab88
BIOMD0000001063,r_2267,no_candidates,0,0,1,up,internal,3,86938b48ab88
BIOMD0000001063,r_2268,no_candidates,0,0,1,up,internal,3,86938b48ab88
BIOMD0000001063,r_2283,unconstrained_candidate_set,0,12312,0,exact,internal,0,86938b48ab88
BIOMD0000001063,r_2305,no_candidates,0,0,0,exact,internal,2,86938b48ab88
BIOMD0000001063,r_4039,ok,1,0,0,exact,internal,4,86938b48ab88
BIOMD0000001063,r_4042,ok,1,0,0,exact,internal,3,86938b48ab88
BIOMD0000001063,r_4045,ok,1,0,0,exact,internal,3,86938b48ab88
BIOMD0000001063,r_4152,ok,3,0,1,up,internal,1,86938b48ab88
BIOMD0000001063,r_4153,no_candidates,0,0,1,up,internal,3,86938b48ab88
BIOMD0000001063,r_4154,no_candidates,0,0,1,up,internal,3,86938b48ab88
BIOMD0000001063,r_4158,no_candidates,0,0,1,up,internal,4,86938b48ab88
BIOMD0000001063,r_4159,no_candidates,0,0,0,exact,internal,3,86938b48ab88
BIOMD0000001063,r_4164,ok,2,0,0,exact,internal,4,86938b48ab88
BIOMD0000001063,r_4165,ok,102,0,0,exact,internal,2,86938b48ab88
BIOMD0000001063,r_4166,ok,102,0,0,exact,internal,2,86938b48ab88
BIOMD0000001063,r_4170,ok,1,0,0,exact,internal,4,86938b48ab88
BIOMD0000001063,r_4171,ok,1,0,0,exact,internal,3,86938b48ab88
BIOMD0000001063,r_4173,ok,3,0,0,exact,internal,2,86938b48ab88
BIOMD0000001063,r_4177,no_candidates,0,0,1,up,internal,3,86938b48ab88
BIOMD0000001063,r_4180,no_candidates,0,0,1,up,internal,5,86938b48ab88
BIOMD0000001063,r_4183,no_candidates,0,0,1,up,internal,3,86938b48ab88
BIOMD0000001063,r_4184,ok,1,0,0,exact,internal,2,86938b48ab88
BIOMD0000001063,r_4185,no_candidates,0,0,0,exact,internal,3,86938b48ab88
BIOMD0000001063,r_4186,no_candidates,0,0,0,exact,internal,4,86938b48ab88
BIOMD0000001063,r_4187,ok,1,0,0,exact,internal,4,86938b48ab88
BIOMD0000001063,r_4188,ok,1,0,0,exact,internal,3,86938b48ab88
BIOMD0000001063,r_4189,ok,1,0,0,exact,internal,2,86938b48ab88
BIOMD0000001063,r_4190,ok,1,0,0,exact,internal,4,86938b48ab88
BIOMD0000001063,r_4191,ok,1,0,0,exact,internal,2,86938b48ab88
BIOMD0000001063,r_4192,ok,12,0,0,exact,internal,2,86938b48ab88
BIOMD0000001063,r_4193,ok,12,0,0,exact,internal,2,86938b48ab88
BIOMD0000001063,r_4196,ok,2,0,1,up,internal,2,86938b48ab88
BIOMD0000001063,r_4197,no_candidates,0,0,1,up,internal,3,86938b48ab88
BIOMD0000001063,r_4199,ok,1,0,0,exact,internal,4,86938b48ab88
BIOMD0000001063,r_4200,ok,1,0,0,exact,internal,4,86938b48ab88
BIOMD0000001063,r_4201,ok,1,0,0,exact,internal,4,86938b48ab88
BIOMD0000001063,r_4202,no_candidates,0,0,0,exact,internal,4,86938b48ab88
BIOMD0000001063,r_4205,ok,314,0,0,exact,internal,2,86938b48ab88
BIOMD0000001063,r_4206,no_candidates,0,0,0,exact,internal,3,86938b48ab88
BIOMD0000001063,r_4207,ok,1,0,0,exact,internal,4,86938b48ab88
BIOMD0000001063,r_4208,ok,1,0,0,exact,internal,4,86938b48ab88
BIOMD0000001063,r_4209,ok,1,0,0,exact,internal,4,86938b48ab88
BIOMD0000001063,r_4210,ok,1,0,0,exact,internal,2,86938b48ab88
BIOMD0000001063,r_4211,no_candidates,0,0,0,exact,internal,5,86938b48ab88
BIOMD0000001063,r_4212,no_candidates,0,0,0,exact,internal,5,86938b48ab88
BIOMD0000001063,r_4214,ok,1,0,0,exact,internal,3,86938b48ab88
BIOMD0000001063,r_4215,ok,1,0,0,exact,internal,3,86938b48ab88
BIOMD0000001063,r_4216,ok,1,0,0,exact,internal,2,86938b48ab88
BIOMD0000001063,r_4217,ok,1,0,0,exact,internal,2,86938b48ab88
BIOMD0000001063,r_4220,ok,314,0,0,exact,internal,2,86938b48ab88
BIOMD0000001063,r_4221,no_candidates,0,0,1,up,internal,5,86938b48ab88
BIOMD0000001063,r_4222,ok,4,0,1,up,internal,4,86938b48ab88
BIOMD0000001063,r_4223,no_candidates,0,0,0,exact,internal,3,86938b48ab88
BIOMD0000001063,r_4226,ok,1,0,0,exact,internal,4,86938b48ab88
BIOMD0000001063,r_4227,no_candidates,0,0,1,up,internal,4,86938b48ab88
BIOMD0000001063,r_4228,no_candidates,0,0,2,up,internal,4,86938b48ab88
BIOMD0000001063,r_4230,no_candidates,0,0,0,exact,internal,3,86938b48ab88
BIOMD0000001063,r_4232,no_candidates,0,0,1,up,internal,3,86938b48ab88
BIOMD0000001063,r_4233,ok,1,0,0,exact,internal,4,86938b48ab88
BIOMD0000001063,r_4234,ok,1446,0,0,exact,internal,1,86938b48ab88
BIOMD0000001063,r_4236,no_candidates,0,0,0,exact,internal,2,86938b48ab88
BIOMD0000001063,r_4239,no_candidates,0,0,0,exact,internal,4,86938b48ab88
BIOMD0000001063,r_4240,ok,1446,0,0,exact,internal,1,86938b48ab88
BIOMD0000001063,r_4241,ok,102,0,0,exact,internal,2,86938b48ab88
BIOMD0000001063,r_4242,ok,1446,0,0,exact,internal,1,86938b48ab88
BIOMD0000001063,r_4243,ok,1446,0,0,exact,internal,1,86938b48ab88
BIOMD0000001063,r_4244,ok,1446,0,0,exact,internal,1,86938b48ab88
BIOMD0000001063,r_4245,ok,1,0,0,exact,internal,3,86938b48ab88
BIOMD0000001063,r_4247,ok,1,0,0,exact,internal,3,86938b48ab88
BIOMD0000001063,r_4248,no_candidates,0,0,0,exact,internal,3,86938b48ab88
BIOMD0000001063,r_4249,ok,1,0,0,exact,internal,4,86938b48ab88
BIOMD0000001063,r_4250,no_candidates,0,0,0,exact,internal,2,86938b48ab88
BIOMD0000001063,r_4251,no_candidates,0,0,0,exact,internal,3,86938b48ab88
BIOMD0000001063,r_4252,no_candidates,0,0,0,exact,internal,4,86938b48ab88
BIOMD0000001063,r_4253,no_candidates,0,0,0,exact,internal,2,86938b48ab88
BIOMD0000001063,r_4254,no_candidates,0,0,2,up,internal,4,86938b48ab88
BIOMD0000001063,r_4255,no_candidates,0,0,2,up,internal,4,86938b48ab88
BIOMD0000001063,r_4256,ok,1136,0,0,exact,internal,1,86938b48ab88
BIOMD0000001063,r_4258,ok,1,0,0,exact,internal,4,86938b48ab88
BIOMD0000001063,r_4260,ok,1,0,0,exact,internal,3,86938b48ab88
BIOMD0000001063,r_4261,ok,1,0,0,exact,internal,3,86938b48ab88
BIOMD0000001063,r_4262,ok,1,0,0,exact,internal,2,86938b48ab88
BIOMD0000001063,r_4264,no_candidates,0,0,1,up,internal,3,86938b48ab88
BIOMD0000001063,r_4265,ok,314,0,0,exact,internal,2,86938b48ab88
BIOMD0000001063,r_4267,ok,314,0,0,exact,internal,2,86938b48ab88
BIOMD0000001063,r_4268,no_candidates,0,0,0,exact,internal,2,86938b48ab88
BIOMD0000001063,r_4270,ok,1,0,0,exact,internal,4,86938b48ab88
BIOMD0000001063,r_4271,ok,21,0,0,exact,internal,2,86938b48ab88
BIOMD0000001063,r_4272,ok,21,0,0,exact,internal,2,86938b48ab88
BIOMD0000001063,r_4273,no_candidates,0,0,0,exact,internal,6,86938b48ab88
BIOMD0000001063,r_4274,no_candidates,0,0,0,exact,internal,4,86938b48ab88
BIOMD0000001063,r_4275,no_candidates,0,0,1,up,internal,3,86938b48ab88
BIOMD0000001063,r_4276,no_candidates,0,0,1,up,internal,3,86938b48ab88
BIOMD0000001063,r_4277,unconstrained_candidate_set,0,12312,0,exact,internal,0,86938b48ab88
BIOMD0000001063,r_4278,no_candidates,0,0,0,exact,internal,4,86938b48ab88
BIOMD0000001063,r_4279,ok,314,0,0,exact,internal,2,86938b48ab88
BIOMD0000001063,r_4280,ok,1,0,0,exact,internal,4,86938b48ab88
BIOMD0000001063,r_4281,ok,1,0,0,exact,internal,4,86938b48ab88
BIOMD0000001063,r_4282,ok,1446,0,0,exact,internal,1,86938b48ab88
BIOMD0000001063,r_4283,ok,2,0,1,down+up,internal,4,86938b48ab88
BIOMD0000001063,r_4284,ok,6,0,1,up,internal,3,86938b48ab88
BIOMD0000001063,r_4285,ok,4,0,1,up,internal,3,86938b48ab88
BIOMD0000001063,r_4286,no_candidates,0,0,0,exact,internal,2,86938b48ab88
BIOMD0000001063,r_4287,ok,1,0,1,up,internal,3,86938b48ab88
BIOMD0000001063,r_4288,ok,1,0,0,exact,internal,2,86938b48ab88
BIOMD0000001063,r_4291,no_candidates,0,0,1,up,internal,3,86938b48ab88
BIOMD0000001063,r_4292,no_candidates,0,0,2,up,internal,5,86938b48ab88
BIOMD0000001063,r_4293,no_candidates,0,0,2,up,internal,5,86938b48ab88
BIOMD0000001063,r_4294,no_candidates,0,0,2,up,internal,4,86938b48ab88
BIOMD0000001063,r_4295,no_candidates,0,0,1,up,internal,3,86938b48ab88
BIOMD0000001063,r_4296,no_candidates,0,0,1,up,internal,3,86938b48ab88
BIOMD0000001063,r_4297,no_candidates,0,0,1,up,internal,3,86938b48ab88
BIOMD0000001063,r_4298,no_candidates,0,0,1,up,internal,3,86938b48ab88
BIOMD0000001063,r_4299,no_candidates,0,0,1,up,internal,3,86938b48ab88
BIOMD0000001063,r_4300,no_candidates,0,0,1,up,internal,3,86938b48ab88
BIOMD0000001063,r_4301,no_candidates,0,0,1,up,internal,3,86938b48ab88
BIOMD0000001063,r_4302,no_candidates,0,0,1,up,internal,3,86938b48ab88
BIOMD0000001063,r_4303,no_candidates,0,0,2,up,internal,5,86938b48ab88
BIOMD0000001063,r_4304,no_candidates,0,0,1,up,internal,4,86938b48ab88
BIOMD0000001063,r_4305,no_candidates,0,0,1,up,internal,3,86938b48ab88
BIOMD0000001063,r_4306,no_candidates,0,0,1,up,internal,3,86938b48ab88
BIOMD0000001063,r_4307,no_candidates,0,0,1,up,internal,3,86938b48ab88
BIOMD0000001063,r_4310,ok,1446,0,0,exact,internal,1,86938b48ab88
BIOMD0000001063,r_4311,ok,1446,0,0,exact,internal,1,86938b48ab88
BIOMD0000001063,r_4312,no_candidates,0,0,0,exact,internal,4,86938b48ab88
BIOMD0000001063,r_4313,ok,3,0,0,exact,internal,2,86938b48ab88
BIOMD0000001063,r_4314,ok,3,0,0,exact,internal,2,86938b48ab88
BIOMD0000001063,r_4315,no_candidates,0,0,1,up,internal,3,86938b48ab88
BIOMD0000001063,r_4316,ok,3,0,0,exact,internal,2,86938b48ab88
BIOMD0000001063,r_4317,ok,2,0,0,exact,internal,3,86938b48ab88
BIOMD0000001063,r_4318,ok,2,0,0,exact,internal,3,86938b48ab88
BIOMD0000001063,r_4319,ok,2,0,0,exact,internal,2,86938b48ab88
BIOMD0000001063,r_4320,no_candidates,0,0,0,exact,internal,3,86938b48ab88
BIOMD0000001063,r_4321,no_candidates,0,0,0,exact,internal,2,86938b48ab88
BIOMD0000001063,r_4322,no_candidates,0,0,0,exact,internal,2,86938b48ab88
BIOMD0000001063,r_4323,no_candidates,0,0,0,exact,internal,6,86938b48ab88
BIOMD0000001063,r_4324,no_candidates,0,0,0,exact,internal,6,86938b48ab88
BIOMD0000001063,r_4326,no_candidates,0,0,0,exact,internal,4,86938b48ab88
BIOMD0000001063,r_4328,no_candidates,0,0,1,up,internal,5,86938b48ab88
BIOMD0000001063,r_4330,no_candidates,0,0,1,up,internal,3,86938b48ab88
BIOMD0000001063,r_4331,ok,1,0,0,exact,internal,2,86938b48ab88
BIOMD0000001063,r_4333,no_candidates,0,0,0,exact,internal,4,86938b48ab88
BIOMD0000001063,r_4336,no_candidates,0,0,0,exact,internal,3,86938b48ab88
BIOMD0000001063,r_4338,ok,85,0,0,exact,internal,2,86938b48ab88
BIOMD0000001063,r_4342,ok,2,0,0,exact,internal,2,86938b48ab88
BIOMD0000001063,r_4347,ok,1,0,0,exact,internal,2,86938b48ab88
BIOMD0000001063,r_4350,no_candidates,0,0,1,up,internal,3,86938b48ab88
BIOMD0000001063,r_4353,no_candidates,0,0,2,up,internal,4,86938b48ab88
BIOMD0000001063,r_4354,no_candidates,0,0,1,up,internal,3,86938b48ab88
BIOMD0000001063,r_4355,ok,1,0,2,up,internal,5,86938b48ab88
BIOMD0000001063,r_4359,ok,1,0,0,exact,internal,2,86938b48ab88
BIOMD0000001063,r_4363,ok,1,0,0,exact,internal,2,86938b48ab88
BIOMD0000001063,r_4366,ok,1136,0,0,exact,internal,1,86938b48ab88
BIOMD0000001063,r_4374,no_candidates,0,0,0,exact,internal,3,86938b48ab88
BIOMD0000001063,r_4376,ok,1,0,0,exact,internal,2,86938b48ab88
BIOMD0000001063,r_4382,ok,1,0,0,exact,internal,4,86938b48ab88
BIOMD0000001063,r_4384,no_candidates,0,0,1,up,internal,4,86938b48ab88
BIOMD0000001063,r_4393,no_candidates,0,0,0,exact,internal,2,86938b48ab88
BIOMD0000001063,r_4396,ok,1,0,0,exact,internal,4,86938b48ab88
BIOMD0000001063,r_4400,no_candidates,0,0,0,exact,internal,3,86938b48ab88
BIOMD0000001063,r_4403,ok,1,0,0,exact,internal,4,86938b48ab88
BIOMD0000001063,r_4407,ok,1,0,0,exact,internal,2,86938b48ab88
BIOMD0000001063,r_4410,ok,1,0,0,exact,internal,3,86938b48ab88
BIOMD0000001063,r_4411,no_candidates,0,0,0,exact,internal,4,86938b48ab88
BIOMD0000001063,r_4435,ok,4,0,0,exact,internal,2,86938b48ab88
BIOMD0000001063,r_4484,ok,1,0,0,exact,internal,4,86938b48ab88
BIOMD0000001063,r_4485,ok,1,0,0,exact,internal,3,86938b48ab88
BIOMD0000001063,r_4486,no_candidates,0,0,0,exact,internal,2,86938b48ab88
BIOMD0000001063,r_4487,ok,1,0,0,exact,internal,2,86938b48ab88
BIOMD0000001063,r_4488,no_candidates,0,0,0,exact,internal,3,86938b48ab88
BIOMD0000001063,r_4489,no_candidates,0,0,1,up,internal,4,86938b48ab88
BIOMD0000001063,r_4490,no_candidates,0,0,1,up,internal,4,86938b48ab88
BIOMD0000001063,r_4492,no_candidates,0,0,1,up,internal,3,86938b48ab88
BIOMD0000001063,r_4566,no_candidates,0,0,1,up,internal,3,86938b48ab88
BIOMD0000001063,r_4568,no_candidates,0,0,1,up,internal,3,86938b48ab88
BIOMD0000001063,r_4569,no_candidates,0,0,0,exact,internal,4,86938b48ab88
BIOMD0000001063,r_4570,no_candidates,0,0,1,down+up,internal,5,86938b48ab88
BIOMD0000001063,r_4572,ok,1,0,0,exact,internal,4,86938b48ab88
BIOMD0000001063,r_4573,no_candidates,0,0,1,up,internal,5,86938b48ab88
BIOMD0000001063,r_4574,no_candidates,0,0,1,up,internal,5,86938b48ab88
BIOMD0000001063,r_4575,no_candidates,0,0,0,exact,internal,3,86938b48ab88
BIOMD0000001063,r_4576,no_candidates,0,0,1,up,internal,3,86938b48ab88
BIOMD0000001063,r_4577,no_candidates,0,0,2,up,internal,3,86938b48ab88
BIOMD0000001063,r_4579,no_candidates,0,0,2,up,internal,4,86938b48ab88
BIOMD0000001063,r_4580,no_candidates,0,0,2,up,internal,4,86938b48ab88
BIOMD0000001063,r_4581,no_candidates,0,0,1,up,internal,4,86938b48ab88
BIOMD0000001063,r_4583,no_candidates,0,0,0,exact,internal,3,86938b48ab88
BIOMD0000001063,r_4585,no_candidates,0,0,2,up,internal,5,86938b48ab88
BIOMD0000001063,r_4629,ok,1,0,0,exact,internal,2,86938b48ab88
BIOMD0000001063,r_4630,no_candidates,0,0,0,exact,internal,4,86938b48ab88
BIOMD0000001063,r_4631,ok,14,0,1,up,internal,2,86938b48ab88
BIOMD0000001063,r_4632,ok,4,0,2,up,internal,6,86938b48ab88
BIOMD0000001063,r_4633,ok,14,0,1,up,internal,2,86938b48ab88
BIOMD0000001063,r_4649,ok,1,0,0,exact,internal,5,86938b48ab88
BIOMD0000001063,r_4651,no_candidates,0,0,0,exact,internal,3,86938b48ab88
BIOMD0000001063,r_4652,no_candidates,0,0,1,up,internal,3,86938b48ab88
BIOMD0000001063,r_4660,no_candidates,0,0,2,up,internal,3,86938b48ab88
BIOMD0000001063,r_4661,ok,2,0,1,up,internal,2,86938b48ab88
BIOMD0000001090,R_R00004_C3_cytop,ok,1,0,0,exact,internal,3,86938b48ab88
BIOMD0000001090,R_R00014_C3_cytop,ok,1,0,0,exact,internal,4,86938b48ab88
BIOMD0000001090,R_R00066_C3_cytop,ok,1,0,0,exact,internal,3,86938b48ab88
BIOMD0000001090,R_R00086_C3_cytop,ok,31,0,0,exact,internal,4,86938b48ab88
BIOMD0000001090,R_R00104_C3_cytop,ok,2,0,0,exact,internal,4,86938b48ab88
BIOMD0000001090,R_R00127_C3_cytop,ok,1,0,0,exact,internal,3,86938b48ab88
BIOMD0000001090,R_R00130_C3_cytop,ok,1,0,0,exact,internal,2,86938b48ab88
BIOMD0000001090,R_R00137_C3_cytop,unconstrained_candidate_set,0,12312,0,exact,internal,0,86938b48ab88
BIOMD0000001090,R_R00150_C3_cytop,ok,1,0,0,exact,internal,3,86938b48ab88
BIOMD0000001090,R_R00156_C3_cytop,ok,1,0,0,exact,internal,2,86938b48ab88
BIOMD0000001090,R_R00158_C3_cytop,ok,1,0,0,exact,internal,2,86938b48ab88
BIOMD0000001090,R_R00161_C3_cytop,ok,1,0,0,exact,internal,2,86938b48ab88
BIOMD0000001090,R_R00174_C3_cytop,ok,1,0,0,exact,internal,2,86938b48ab88
BIOMD0000001090,R_R00177_C3_cytop,unconstrained_candidate_set,0,12312,0,exact,internal,0,86938b48ab88
BIOMD0000001090,R_R00178_C3_cytop,ok,1,0,0,exact,internal,3,86938b48ab88
BIOMD0000001090,R_R00183_C3_cytop,ok,1,0,0,exact,internal,2,86938b48ab88
BIOMD0000001090,R_R00188_C3_cytop,ok,1,0,0,exact,internal,2,86938b48ab88
BIOMD0000001090,R_R00189_C3_cytop,ok,1,0,0,exact,internal,3,86938b48ab88
BIOMD0000001090,R_R00190_C3_cytop,unconstrained_candidate_set,0,12312,0,exact,internal,0,86938b48ab88
BIOMD0000001090,R_R00199_C3_cytop,unconstrained_candidate_set,0,12312,0,exact,internal,0,86938b48ab88
BIOMD0000001090,R_R00200_C3_cytop,unconstrained_candidate_set,0,12312,0,exact,internal,0,86938b48ab88
BIOMD0000001090,R_R00207_C3_cytop,ok,1,0,0,exact,internal,3,86938b48ab88
BIOMD0000001090,R_R00209_C3_cytop,ok,1,0,0,exact,internal,4,86938b48ab88
BIOMD0000001090,R_R00212_C3_cytop,unconstrained_candidate_set,0,12312,0,exact,internal,0,86938b48ab88
BIOMD0000001090,R_R00220_C3_cytop,ok,4,0,0,exact,internal,3,86938b48ab88
BIOMD0000001090,R_R00226_C3_cytop,unconstrained_candidate_set,0,12312,0,exact,internal,0,86938b48ab88
BIOMD0000001090,R_R00228_C3_cytop,ok,1,0,0,exact,internal,3,86938b48ab88
BIOMD0000001090,R_R00230_C3_cytop,unconstrained_candidate_set,0,12312,0,exact,internal,0,86938b48ab88
BIOMD0000001090,R_R00238_C3_cytop,ok,4,0,0,exact,internal,3,86938b48ab88
BIOMD0000001090,R_R00239_C3_cytop,ok,1,0,0,exact,internal,2,86938b48ab88
BIOMD0000001090,R_R00248_C3_cytop,unconstrained_candidate_set,0,12312,0,exact,internal,0,86938b48ab88
BIOMD0000001090,R_R00253_C3_cytop,ok,1,0,0,exact,internal,3,86938b48ab88
BIOMD0000001090,R_R00256_C3_cytop,unconstrained_candidate_set,0,12312,0,exact,internal,0,86938b48ab88
BIOMD0000001090,R_R00258_C3_cytop,ok,1,0,0,exact,internal,4,86938b48ab88
BIOMD0000001090,R_R00260_C3_cytop,ok,2,0,0,exact,internal,2,86938b48ab88
BIOMD0000001090,R_R00281_C3_cytop,ok,127,0,0,exact,internal,5,86938b48ab88
BIOMD0000001090,R_R00289_C3_cytop,ok,1,0,0,exact,internal,3,86938b48ab88
BIOMD0000001090,R_R00291_C3_cytop,ok,2,0,0,exact,internal,2,86938b48ab88
BIOMD0000001090,R_R00315_C3_cytop,ok,1,0,0,exact,internal,2,86938b48ab88
BIOMD0000001090,R_R00317_C3_cytop,ok,2,0,0,exact,internal,2,86938b48ab88
BIOMD0000001090,R_R00330_C3_cytop,ok,1,0,0,exact,internal,2,86938b48ab88
BIOMD0000001090,R_R00332_C3_cytop,ok,1,0,0,exact,internal,2,86938b48ab88
BIOMD0000001090,R_R00345_C3_cytop,unconstrained_candidate_set,0,12312,0,exact,internal,0,86938b48ab88
BIOMD0000001090,R_R00355_C3_cytop,unconstrained_candidate_set,0,12312,0,exact,internal,0,86938b48ab88
BIOMD0000001090,R_R00401_C3_cytop,ok,2,0,0,exact,internal,2,86938b48ab88
BIOMD0000001090,R_R00416_C3_cytop,ok,1,0,0,exact,internal,3,86938b48ab88
BIOMD0000001090,R_R00418_C3_cytop,ok,1,0,0,exact,internal,2,86938b48ab88
BIOMD0000001090,R_R00426_C3_cytop,ok,1,0,0,exact,internal,2,86938b48ab88
BIOMD0000001090,R_R00428_C3_cytop,ok,1,0,0,exact,internal,2,86938b48ab88
BIOMD0000001090,R_R00430_C3_cytop,unconstrained_candidate_set,0,12312,0,exact,internal,0,86938b48ab88
BIOMD0000001090,R_R00451_C3_cytop,ok,1,0,0,exact,internal,3,86938b48ab88
BIOMD0000001090,R_R00462_C3_cytop,ok,1,0,0,exact,internal,3,86938b48ab88
BIOMD0000001090,R_R00480_C3_cytop,ok,1,0,0,exact,internal,2,86938b48ab88
BIOMD0000001090,R_R00483_C3_cytop,ok,1,0,0,exact,internal,4,86938b48ab88
BIOMD0000001090,R_R00485_C3_cytop,ok,1,0,0,exact,internal,3,86938b48ab88
BIOMD0000001090,R_R00506_C3_cytop,unconstrained_candidate_set,0,12312,0,exact,internal,0,86938b48ab88
BIOMD0000001090,R_R00511_C3_cytop,ok,1,0,0,exact,internal,2,86938b48ab88
BIOMD0000001090,R_R00512_C3_cytop,ok,1,0,0,exact,internal,2,86938b48ab88
BIOMD0000001090,R_R00513_C3_cytop,ok,1,0,0,exact,internal,2,86938b48ab88
BIOMD0000001090,R_R00516_C3_cytop,unconstrained_candidate_set,0,12312,0,exact,internal,0,86938b48ab88
BIOMD0000001090,R_R00517_C3_cytop,ok,1,0,0,exact,internal,4,86938b48ab88
BIOMD0000001090,R_R00549_C3_cytop,ok,1,0,0,exact,internal,2,86938b48ab88
BIOMD0000001090,R_R00566_C3_cytop,ok,1,0,0,exact,internal,3,86938b48ab88
BIOMD0000001090,R_R00570_C3_cytop,ok,1,0,0,exact,internal,2,86938b48ab88
BIOMD0000001090,R_R00571_C3_cytop,ok,1,0,0,exact,internal,3,86938b48ab88
BIOMD0000001090,R_R00573_C3_cytop,ok,1,0,0,exact,internal,4,86938b48ab88
BIOMD0000001090,R_R00575_C3_cytop,unconstrained_candidate_set,0,12312,0,exact,internal,0,86938b48ab88
BIOMD0000001090,R_R00590_C3_cytop,ok,1,0,0,exact,internal,2,86938b48ab88
BIOMD0000001090,R_R00619_C3_cytop,ok,1,0,0,exact,internal,3,86938b48ab88
BIOMD0000001090,R_R00658_C3_cytop,ok,1,0,0,exact,internal,2,86938b48ab88
BIOMD0000001090,R_R00660_C3_cytop,ok,1,0,0,exact,internal,3,86938b48ab88
BIOMD0000001090,R_R00662_C3_cytop,ok,1,0,0,exact,internal,2,86938b48ab88
BIOMD0000001090,R_R00694_C3_cytop,ok,1,0,0,exact,internal,4,86938b48ab88
BIOMD0000001090,R_R00703_C3_cytop,unconstrained_candidate_set,0,12312,0,exact,internal,0,86938b48ab88
BIOMD0000001090,R_R00734_C3_cytop,ok,1,0,0,exact,internal,4,86938b48ab88
BIOMD0000001090,R_R00742_C3_cytop,unconstrained_candidate_set,0,12312,0,exact,internal,0,86938b48ab88
BIOMD0000001090,R_R00754_C3_cytop,ok,2,0,0,exact,internal,2,86938b48ab88
BIOMD0000001090,R_R00760_C3_cytop,ok,3,0,0,exact,internal,2,86938b48ab88
BIOMD0000001090,R_R00765_C3_cytop,ok,1,0,0,exact,internal,3,86938b48ab88
BIOMD0000001090,R_R00768_C3_cytop,ok,1,0,0,exact,internal,4,86938b48ab88
BIOMD0000001090,R_R00771_C3_cytop,ok,3,0,0,exact,internal,2,86938b48ab88
BIOMD0000001090,R_R00802_C3_cytop,ok,2,0,0,exact,internal,3,86938b48ab88
BIOMD0000001090,R_R00803_C3_cytop,ok,1,0,0,exact,internal,3,86938b48ab88
BIOMD0000001090,R_R00842_C3_cytop,unconstrained_candidate_set,0,12312,0,exact,internal,0,86938b48ab88
BIOMD0000001090,R_R00844_C3_cytop,unconstrained_candidate_set,0,12312,0,exact,internal,0,86938b48ab88
BIOMD0000001090,R_R00847_C3_cytop,ok,1,0,0,exact,internal,2,86938b48ab88
BIOMD0000001090,R_R00867_C3_cytop,ok,3,0,0,exact,internal,2,86938b48ab88
BIOMD0000001090,R_R00921_C3_cytop,ok,1,0,0,exact,internal,3,86938b48ab88
BIOMD0000001090,R_R00936_C3_cytop,unconstrained_candidate_set,0,12312,0,exact,internal,0,86938b48ab88
BIOMD0000001090,R_R00937_C3_cytop,unconstrained_candidate_set,0,12312,0,exact,internal,0,86938b48ab88
BIOMD0000001090,R_R00939_C3_cytop,unconstrained_candidate_set,0,12312,0,exact,internal,0,86938b48ab88
BIOMD0000001090,R_R00943_C3_cytop,ok,1,0,0,exact,internal,3,86938b48ab88
BIOMD0000001090,R_R00945_C3_cytop,ok,1,0,0,exact,internal,4,86938b48ab88
BIOMD0000001090,R_R00946_C3_cytop,ok,1,0,0,exact,internal,4,86938b48ab88
BIOMD0000001090,R_R00955_C3_cytop,ok,1,0,0,exact,internal,4,86938b48ab88
BIOMD0000001090,R_R00959_C3_cytop,ok,2,0,0,exact,internal,2,86938b48ab88
BIOMD0000001090,R_R00963_C3_cytop,ok,1,0,0,exact,internal,2,86938b48ab88
BIOMD0000001090,R_R00964_C3_cytop,ok,1,0,0,exact,internal,2,86938b48ab88
BIOMD0000001090,R_R00965_C3_cytop,ok,1,0,0,exact,internal,3,86938b48ab88
BIOMD0000001090,R_R00966_C3_cytop,ok,1,0,0,exact,internal,3,86938b48ab88
BIOMD0000001090,R_R00967_C3_cytop,unconstrained_candidate_set,0,12312,0,exact,internal,0,86938b48ab88
BIOMD0000001090,R_R00968_C3_cytop,ok,1,0,0,exact,internal,4,86938b48ab88
BIOMD0000001090,R_R00985_C3_cytop,ok,1,0,0,exact,internal,4,86938b48ab88
BIOMD0000001090,R_R00986_C3_cytop,ok,1,0,0,exact,internal,5,86938b48ab88
BIOMD0000001090,R_R00996_C3_cytop,ok,3,0,0,exact,internal,3,86938b48ab88
BIOMD0000001090,R_R00999_C3_cytop,ok,1,0,0,exact,internal,4,86938b48ab88
BIOMD0000001090,R_R01015_C3_cytop,ok,2,0,0,exact,internal,2,86938b48ab88
BIOMD0000001090,R_R01021_C3_cytop,ok,1,0,0,exact,internal,2,86938b48ab88
BIOMD0000001090,R_R01049_C3_cytop,ok,1,0,0,exact,internal,3,86938b48ab88
BIOMD0000001090,R_R01056_C3_cytop,unconstrained_candidate_set,0,12312,0,exact,internal,0,86938b48ab88
BIOMD0000001090,R_R01057_C3_cytop,unconstrained_candidate_set,0,12312,0,exact,internal,0,86938b48ab88
BIOMD0000001090,R_R01058_C3_cytop,ok,1,0,0,exact,internal,2,86938b48ab88
BIOMD0000001090,R_R01061_C3_cytop,ok,1,0,0,exact,internal,2,86938b48ab88
BIOMD0000001090,R_R01066_C3_cytop,ok,1,0,0,exact,internal,3,86938b48ab88
BIOMD0000001090,R_R01069_C3_cytop,ok,1,0,0,exact,internal,3,86938b48ab88
BIOMD0000001090,R_R01070_C3_cytop,ok,2,0,0,exact,internal,3,86938b48ab88
BIOMD0000001090,R_R01072_C3_cytop,unconstrained_candidate_set,0,12312,0,exact,internal,0,86938b48ab88
BIOMD0000001090,R_R01073_C3_cytop,unconstrained_candidate_set,0,12312,0,exact,internal,0,86938b48ab88
BIOMD0000001090,R_R01083_C3_cytop,ok,1,0,0,exact,internal,3,86938b48ab88
BIOMD0000001090,R_R01086_C3_cytop,ok,1,0,0,exact,internal,3,86938b48ab88
BIOMD0000001090,R_R01090_C3_cytop,unconstrained_candidate_set,0,12312,0,exact,internal,0,86938b48ab88
BIOMD0000001090,R_R01092_C3_cytop,ok,1,0,0,exact,internal,2,86938b48ab88
BIOMD0000001090,R_R01105_C3_cytop,unconstrained_candidate_set,0,12312,0,exact,internal,0,86938b48ab88
BIOMD0000001090,R_R01121_C3_cytop,ok,1,0,0,exact,internal,3,86938b48ab88
BIOMD0000001090,R_R01123_C3_cytop,ok,1,0,0,exact,internal,2,86938b48ab88
BIOMD0000001090,R_R01126_C3_cytop,ok,1,0,0,exact,internal,2,86938b48ab88
BIOMD0000001090,R_R01127_C3_cytop,unconstrained_candidate_set,0,12312,0,exact,internal,0,86938b48ab88
BIOMD0000001090,R_R01130_C3_cytop,ok,1,0,0,exact,internal,2,86938b48ab88
BIOMD0000001090,R_R01132_C3_cytop,ok,1,0,0,exact,internal,3,86938b48ab88
BIOMD0000001090,R_R01134_C3_cytop,unconstrained_candidate_set,0,12312,0,exact,internal,0,86938b48ab88
BIOMD0000001090,R_R01135_C3_cytop,ok,1,0,0,exact,internal,5,86938b48ab88
BIOMD0000001090,R_R01148_C3_cytop,ok,1,0,0,exact,internal,4,86938b48ab88
BIOMD0000001090,R_R01150_C3_cytop,ok,1,0,0,exact,internal,2,86938b48ab88
BIOMD0000001090,R_R01152_C3_cytop,ok,1,0,0,exact,internal,4,86938b48ab88
BIOMD0000001090,R_R01214_C3_cytop,unconstrained_candidate_set,0,12312,0,exact,internal,0,86938b48ab88
BIOMD0000001090,R_R01220_C3_cytop,ok,1,0,0,exact,internal,2,86938b48ab88
BIOMD0000001090,R_R01221_C3_cytop,ok,1,0,0,exact,internal,5,86938b48ab88
BIOMD0000001090,R_R01224_C3_cytop,unconstrained_candidate_set,0,12312,0,exact,internal,0,86938b48ab88
BIOMD0000001090,R_R01227_C3_cytop,ok,1,0,0,exact,internal,2,86938b48ab88
BIOMD0000001090,R_R01229_C3_cytop,unconstrained_candidate_set,0,12312,0,exact,internal,0,86938b48ab88
BIOMD0000001090,R_R01230_C3_cytop,ok,1,0,0,exact,internal,4,86938b48ab88
BIOMD0000001090,R_R01231_C3_cytop,ok,1,0,0,exact,internal,5,86938b48ab88
BIOMD0000001090,R_R01251_C3_cytop,unconstrained_candidate_set,0,12312,0,exact,internal,0,86938b48ab88
BIOMD0000001090,R_R01286_C3_cytop,ok,1,0,0,exact,internal,4,86938b48ab88
BIOMD0000001090,R_R01373_C3_cytop,ok,1,0,0,exact,internal,3,86938b48ab88
BIOMD0000001090,R_R01397_C3_cytop,ok,1,0,0,exact,internal,3,86938b48ab88
BIOMD0000001090,R_R01401_C3_cytop,ok,1,0,0,exact,internal,3,86938b48ab88
BIOMD0000001090,R_R01416_C3_cytop,ok,1,0,0,exact,internal,3,86938b48ab88
BIOMD0000001090,R_R01466_C3_cytop,ok,1,0,0,exact,internal,2,86938b48ab88
BIOMD0000001090,R_R01512_C3_cytop,unconstrained_candidate_set,0,12312,0,exact,internal,0,86938b48ab88
BIOMD0000001090,R_R01515_C3_cytop,ok,1,0,0,exact,internal,2,86938b48ab88
BIOMD0000001090,R_R01518_C3_cytop,ok,1,0,0,exact,internal,2,86938b48ab88
BIOMD0000001090,R_R01524_C3_cytop,unconstrained_candidate_set,0,12312,0,exact,internal,0,86938b48ab88
BIOMD0000001090,R_R01525_C3_cytop,unconstrained_candidate_set,0,12312,0,exact,internal,0,86938b48ab88
BIOMD0000001090,R_R01528_C3_cytop,ok,1,0,0,exact,internal,3,86938b48ab88
BIOMD0000001090,R_R01529_C3_cytop,ok,1,0,0,exact,internal,2,86938b48ab88
BIOMD0000001090,R_R01547_C3_cytop,ok,1,0,0,exact,internal,2,86938b48ab88
BIOMD0000001090,R_R01561_C3_cytop,unconstrained_candidate_set,0,12312,0,exact,internal,0,86938b48ab88
BIOMD0000001090,R_R01600_C3_cytop,ok,2,0,0,exact,internal,2,86938b48ab88
BIOMD0000001090,R_R01602_C3_cytop,ok,1,0,0,exact,internal,2,86938b48ab88
BIOMD0000001090,R_R01624_C3_cytop,ok,1,0,0,exact,internal,4,86938b48ab88
BIOMD0000001090,R_R01625_C3_cytop,ok,1,0,0,exact,internal,4,86938b48ab88
BIOMD0000001090,R_R01626_C3_cytop,ok,1,0,0,exact,internal,4,86938b48ab88
BIOMD0000001090,R_R01641_C3_cytop,unconstrained_candidate_set,0,12312,0,exact,internal,0,86938b48ab88
BIOMD0000001090,R_R01652_C3_cytop,unconstrained_candidate_set,0,12312,0,exact,internal,0,86938b48ab88
BIOMD0000001090,R_R01655_C3_cytop,ok,1,0,0,exact,internal,2,86938b48ab88
BIOMD0000001090,R_R01658_C3_cytop,ok,1,0,0,exact,internal,3,86938b48ab88
BIOMD0000001090,R_R01664_C3_cytop,ok,1,0,0,exact,internal,2,86938b48ab88
BIOMD0000001090,R_R01665_C3_cytop,ok,1,0,0,exact,internal,2,86938b48ab88
BIOMD0000001090,R_R01678_C3_cytop,ok,2,0,0,exact,internal,3,86938b48ab88
BIOMD0000001090,R_R01706_C3_cytop,ok,1,0,0,exact,internal,3,86938b48ab88
BIOMD0000001090,R_R01714_C3_cytop,ok,1,0,0,exact,internal,2,86938b48ab88
BIOMD0000001090,R_R01715_C3_cytop,ok,1,0,0,exact,internal,2,86938b48ab88
BIOMD0000001090,R_R01716_C3_cytop,ok,2,0,0,exact,internal,4,86938b48ab88
BIOMD0000001090,R_R01724_C3_cytop,unconstrained_candidate_set,0,12312,0,exact,internal,0,86938b48ab88
BIOMD0000001090,R_R01728_C3_cytop,ok,1,0,0,exact,internal,3,86938b48ab88
BIOMD0000001090,R_R01771_C3_cytop,ok,1,0,0,exact,internal,2,86938b48ab88
BIOMD0000001090,R_R01773_C3_cytop,unconstrained_candidate_set,0,12312,0,exact,internal,0,86938b48ab88
BIOMD0000001090,R_R01775_C3_cytop,unconstrained_candidate_set,0,12312,0,exact,internal,0,86938b48ab88
BIOMD0000001090,R_R01777_C3_cytop,ok,1,0,0,exact,internal,4,86938b48ab88
BIOMD0000001090,R_R01786_C3_cytop,ok,2,0,0,exact,internal,2,86938b48ab88
BIOMD0000001090,R_R01799_C3_cytop,ok,1,0,0,exact,internal,3,86938b48ab88
BIOMD0000001090,R_R01801_C3_cytop,ok,1,0,0,exact,internal,4,86938b48ab88
BIOMD0000001090,R_R01819_C3_cytop,ok,2,0,0,exact,internal,2,86938b48ab88
BIOMD0000001090,R_R01826_C3_cytop,ok,1,0,0,exact,internal,3,86938b48ab88
BIOMD0000001090,R_R01827_C3_cytop,ok,2,0,0,exact,internal,4,86938b48ab88
BIOMD0000001090,R_R01830_C3_cytop,ok,2,0,0,exact,internal,4,86938b48ab88
BIOMD0000001090,R_R01855_C3_cytop,ok,1,0,0,exact,internal,2,86938b48ab88
BIOMD0000001090,R_R01863_C3_cytop,ok,1,0,0,exact,internal,3,86938b48ab88
BIOMD0000001090,R_R01867_C3_cytop,ok,1,0,0,exact,internal,4,86938b48ab88
BIOMD0000001090,R_R01869_C3_cytop,unconstrained_candidate_set,0,12312,0,exact,internal,0,86938b48ab88
BIOMD0000001090,R_R01870_C3_cytop,unconstrained_candidate_set,0,12312,0,exact,internal,0,86938b48ab88
BIOMD0000001090,R_R01876_C3_cytop,ok,1,0,0,exact,internal,3,86938b48ab88
BIOMD0000001090,R_R01878_C3_cytop,ok,1,0,0,exact,internal,3,86938b48ab88
BIOMD0000001090,R_R01880_C3_cytop,unconstrained_candidate_set,0,12312,0,exact,internal,0,86938b48ab88
BIOMD0000001090,R_R01920_C3_cytop,unconstrained_candidate_set,0,12312,0,exact,internal,0,86938b48ab88
BIOMD0000001090,R_R01954_C3_cytop,ok,1,0,0,exact,internal,4,86938b48ab88
BIOMD0000001090,R_R01978_C3_cytop,unconstrained_candidate_set,0,12312,0,exact,internal,0,86938b48ab88
BIOMD0000001090,R_R01993_C3_cytop,unconstrained_candidate_set,0,12312,0,exact,internal,0,86938b48ab88
BIOMD0000001090,R_R02003_C3_cytop,ok,1,0,0,exact,internal,3,86938b48ab88
BIOMD0000001090,R_R02014_C3_cytop,unconstrained_candidate_set,0,12312,0,exact,internal,0,86938b48ab88
BIOMD0000001090,R_R02016_C3_cytop,unconstrained_candidate_set,0,12312,0,exact,internal,0,86938b48ab88
BIOMD0000001090,R_R02017_C3_cytop,unconstrained_candidate_set,0,12312,0,exact,internal,0,86938b48ab88
BIOMD0000001090,R_R02018_C3_cytop,unconstrained_candidate_set,0,12312,0,exact,internal,0,86938b48ab88
BIOMD0000001090,R_R02019_C3_cytop,unconstrained_candidate_set,0,12312,0,exact,internal,0,86938b48ab88
BIOMD0000001090,R_R02020_C3_cytop,unconstrained_candidate_set,0,12312,0,exact,internal,0,86938b48ab88
BIOMD0000001090,R_R02022_C3_cytop,unconstrained_candidate_set,0,12312,0,exact,internal,0,86938b48ab88
BIOMD0000001090,R_R02023_C3_cytop,unconstrained_candidate_set,0,12312,0,exact,internal,0,86938b48ab88
BIOMD0000001090,R_R02024_C3_cytop,unconstrained_candidate_set,0,12312,0,exact,internal,0,86938b48ab88
BIOMD0000001090,R_R02029_C3_cytop,ok,1,0,0,exact,internal,2,86938b48ab88
BIOMD0000001090,R_R02030_C3_cytop,ok,1,0,0,exact,internal,4,86938b48ab88
BIOMD0000001090,R_R02035_C3_cytop,ok,1,0,0,exact,internal,2,86938b48ab88
BIOMD0000001090,R_R02059_C3_cytop,ok,1,0,0,exact,internal,3,86938b48ab88
BIOMD0000001090,R_R02060_C3_cytop,ok,1,0,0,exact,internal,2,86938b48ab88
BIOMD0000001090,R_R02081_C3_cytop,unconstrained_candidate_set,0,12312,0,exact,internal,0,86938b48ab88
BIOMD0000001090,R_R02090_C3_cytop,ok,1,0,0,exact,internal,2,86938b48ab88
BIOMD0000001090,R_R02091_C3_cytop,unconstrained_candidate_set,0,12312,0,exact,internal,0,86938b48ab88
BIOMD0000001090,R_R02093_C3_cytop,ok,1,0,0,exact,internal,2,86938b48ab88
BIOMD0000001090,R_R02094_C3_cytop,ok,1,0,0,exact,internal,2,86938b48ab88
BIOMD0000001090,R_R02096_C3_cytop,unconstrained_candidate_set,0,12312,0,exact,internal,0,86938b48ab88
BIOMD0000001090,R_R02097_C3_cytop,unconstrained_candidate_set,0,12312,0,exact,internal,0,86938b48ab88
BIOMD0000001090,R_R02098_C3_cytop,ok,1,0,0,exact,internal,2,86938b48ab88
BIOMD0000001090,R_R02099_C3_cytop,ok,1,0,0,exact,internal,2,86938b48ab88
BIOMD0000001090,R_R02101_C3_cytop,ok,1,0,0,exact,internal,4,86938b48ab88
BIOMD0000001090,R_R02102_C3_cytop,ok,1,0,0,exact,internal,2,86938b48ab88
BIOMD0000001090,R_R02142_C3_cytop,ok,1,0,0,exact,internal,3,86938b48ab88
BIOMD0000001090,R_R02147_C3_cytop,unconstrained_candidate_set,0,12312,0,exact,internal,0,86938b48ab88
BIOMD0000001090,R_R02199_C3_cytop,unconstrained_candidate_set,0,12312,0,exact,internal,0,86938b48ab88
BIOMD0000001090,R_R02237_C3_cytop,ok,1,0,0,exact,internal,3,86938b48ab88
BIOMD0000001090,R_R02239_C3_cytop,ok,1,0,0,exact,internal,2,86938b48ab88
BIOMD0000001090,R_R02240_C3_cytop,ok,1,0,0,exact,internal,2,86938b48ab88
BIOMD0000001090,R_R02245_C3_cytop,ok,1,0,0,exact,internal,2,86938b48ab88
BIOMD0000001090,R_R02291_C3_cytop,unconstrained_candidate_set,0,12312,0,exact,internal,0,86938b48ab88
BIOMD0000001090,R_R02294_C3_cytop,unconstrained_candidate_set,0,12312,0,exact,internal,0,86938b48ab88
BIOMD0000001090,R_R02295_C3_cytop,ok,1,0,0,exact,internal,3,86938b48ab88
BIOMD0000001090,R_R02297_C3_cytop,ok,1,0,0,exact,internal,3,86938b48ab88
BIOMD0000001090,R_R02323_C3_cytop,unconstrained_candidate_set,0,12312,0,exact,internal,0,86938b48ab88
BIOMD0000001090,R_R02326_C3_cytop,ok,1,0,0,exact,internal,2,86938b48ab88
BIOMD0000001090,R_R02327_C3_cytop,unconstrained_candidate_set,0,12312,0,exact,internal,0,86938b48ab88
BIOMD0000001090,R_R02331_C3_cytop,ok,1,0,0,exact,internal,2,86938b48ab88
BIOMD0000001090,R_R02371_C3_cytop,unconstrained_candidate_set,0,12312,0,exact,internal,0,86938b48ab88
BIOMD0000001090,R_R02412_C3_cytop,ok,1,0,0,exact,internal,2,86938b48ab88
BIOMD0000001090,R_R02413_C3_cytop,unconstrained_candidate_set,0,12312,0,exact,internal,0,86938b48ab88
BIOMD0000001090,R_R02484_C3_cytop,ok,1,0,0,exact,internal,3,86938b48ab88
BIOMD0000001090,R_R02485_C3_cytop,ok,1,0,0,exact,internal,3,86938b48ab88
BIOMD0000001090,R_R02569_C3_cytop,ok,1,0,0,exact,internal,4,86938b48ab88
BIOMD0000001090,R_R02689_C3_cytop,ok,1,0,0,exact,internal,4,86938b48ab88
BIOMD0000001090,R_R02703_C3_cytop,ok,2,0,0,exact,internal,2,86938b48ab88
BIOMD0000001090,R_R02719_C3_cytop,ok,1,0,0,exact,internal,2,86938b48ab88
BIOMD0000001090,R_R02722_C3_cytop,ok,1,0,0,exact,internal,4,86938b48ab88
BIOMD0000001090,R_R02733_C3_cytop,ok,1,0,0,exact,internal,3,86938b48ab88
BIOMD0000001090,R_R02735_C3_cytop,ok,1,0,0,exact,internal,2,86938b48ab88
BIOMD0000001090,R_R02736_C3_cytop,ok,2,0,0,exact,internal,2,86938b48ab88
BIOMD0000001090,R_R02739_C3_cytop,ok,1,0,0,exact,internal,2,86938b48ab88
BIOMD0000001090,R_R02740_C3_cytop,ok,3,0,0,exact,internal,2,86938b48ab88
BIOMD0000001090,R_R02749_C3_cytop,ok,1,0,0,exact,internal,2,86938b48ab88
BIOMD0000001090,R_R02783_C3_cytop,ok,1,0,0,exact,internal,3,86938b48ab88
BIOMD0000001090,R_R02786_C3_cytop,ok,1,0,0,exact,internal,3,86938b48ab88
BIOMD0000001090,R_R02869_C3_cytop,unconstrained_candidate_set,0,12312,0,exact,internal,0,86938b48ab88
BIOMD0000001090,R_R03005_C3_cytop,ok,1,0,0,exact,internal,2,86938b48ab88
BIOMD0000001090,R_R03018_C3_cytop,ok,1,0,0,exact,internal,2,86938b48ab88
BIOMD0000001090,R_R03035_C3_cytop,ok,1,0,0,exact,internal,2,86938b48ab88
BIOMD0000001090,R_R03066_C3_cytop,ok,1,0,0,exact,internal,3,86938b48ab88
BIOMD0000001090,R_R03067_C3_cytop,ok,1,0,0,exact,internal,3,86938b48ab88
BIOMD0000001090,R_R03083_C3_cytop,ok,1,0,0,exact,internal,2,86938b48ab88
BIOMD0000001090,R_R03084_C3_cytop,ok,1,0,0,exact,internal,2,86938b48ab88
BIOMD0000001090,R_R03191_C3_cytop,ok,1,0,0,exact,internal,2,86938b48ab88
BIOMD0000001090,R_R03192_C3_cytop,unconstrained_candidate_set,0,12312,0,exact,internal,0,86938b48ab88
BIOMD0000001090,R_R03193_C3_cytop,ok,1,0,0,exact,internal,3,86938b48ab88
BIOMD0000001090,R_R03236_C3_cytop,ok,1,0,0,exact,internal,2,86938b48ab88
BIOMD0000001090,R_R03240_C3_cytop,ok,1,0,0,exact,internal,2,86938b48ab88
BIOMD0000001090,R_R03245_C3_cytop,ok,1,0,0,exact,internal,2,86938b48ab88
BIOMD0000001090,R_R03256_C3_cytop,ok,1,0,0,exact,internal,3,86938b48ab88
BIOMD0000001090,R_R03260_C3_cytop,ok,1,0,0,exact,internal,4,86938b48ab88
BIOMD0000001090,R_R03269_C3_cytop,ok,1,0,0,exact,internal,3,86938b48ab88
BIOMD0000001090,R_R03270_C3_cytop,ok,1,0,0,exact,internal,4,86938b48ab88
BIOMD0000001090,R_R03313_C3_cytop,unconstrained_candidate_set,0,12312,0,exact,internal,0,86938b48ab88
BIOMD0000001090,R_R03314_C3_cytop,ok,1,0,0,exact,internal,2,86938b48ab88
BIOMD0000001090,R_R03321_C3_cytop,ok,2,0,0,exact,internal,2,86938b48ab88
BIOMD0000001090,R_R03346_C3_cytop,ok,1,0,0,exact,internal,2,86938b48ab88
BIOMD0000001090,R_R03460_C3_cytop,ok,1,0,0,exact,internal,3,86938b48ab88
BIOMD0000001090,R_R03503_C3_cytop,ok,1,0,0,exact,internal,3,86938b48ab88
BIOMD0000001090,R_R03504_C3_cytop,ok,1,0,0,exact,internal,3,86938b48ab88
BIOMD0000001090,R_R03508_C3_cytop,ok,1,0,0,exact,internal,3,86938b48ab88
BIOMD0000001090,R_R03509_C3_cytop,ok,1,0,0,exact,internal,2,86938b48ab88
BIOMD0000001090,R_R03634_C3_cytop,ok,1,0,0,exact,internal,3,86938b48ab88
BIOMD0000001090,R_R03921_C3_cytop,ok,1,0,0,exact,internal,3,86938b48ab88
BIOMD0000001090,R_R04014_C3_cytop,ok,1,0,0,exact,internal,3,86938b48ab88
BIOMD0000001090,R_R04144_C3_cytop,ok,1,0,0,exact,internal,3,86938b48ab88
BIOMD0000001090,R_R04198_C3_cytop,unconstrained_candidate_set,0,12312,0,exact,internal,0,86938b48ab88
BIOMD0000001090,R_R04199_C3_cytop,unconstrained_candidate_set,0,12312,0,exact,internal,0,86938b48ab88
BIOMD0000001090,R_R04208_C3_cytop,ok,1,0,0,exact,internal,2,86938b48ab88
BIOMD0000001090,R_R04230_C3_cytop,ok,1,0,0,exact,internal,4,86938b48ab88
BIOMD0000001090,R_R04231_C3_cytop,ok,1,0,0,exact,internal,5,86938b48ab88
BIOMD0000001090,R_R04325_C3_cytop,ok,1,0,0,exact,internal,4,86938b48ab88
BIOMD0000001090,R_R04355_C3_cytop,ok,1,0,0,exact,internal,5,86938b48ab88
BIOMD0000001090,R_R04364_C3_cytop,ok,1,0,0,exact,internal,4,86938b48ab88
BIOMD0000001090,R_R04377_C3_cytop,ok,1,0,0,exact,internal,4,86938b48ab88
BIOMD0000001090,R_R04426_C3_cytop,ok,1,0,0,exact,internal,2,86938b48ab88
BIOMD0000001090,R_R04428_C3_cytop,ok,1,0,0,exact,internal,2,86938b48ab88
BIOMD0000001090,R_R04429_C3_cytop,ok,1,0,0,exact,internal,2,86938b48ab88
BIOMD0000001090,R_R04440_C3_cytop,unconstrained_candidate_set,0,12312,0,exact,internal,0,86938b48ab88
BIOMD0000001090,R_R04441_C3_cytop,ok,2,0,0,exact,internal,2,86938b48ab88
BIOMD0000001090,R_R04457_C3_cytop,ok,1,0,0,exact,internal,3,86938b48ab88
BIOMD0000001090,R_R04463_C3_cytop,ok,1,0,0,exact,internal,4,86938b48ab88
BIOMD0000001090,R_R04467_C3_cytop,unconstrained_candidate_set,0,12312,0,exact,internal,0,86938b48ab88
BIOMD0000001090,R_R04533_C3_cytop,ok,1,0,0,exact,internal,2,86938b48ab88
BIOMD0000001090,R_R04534_C3_cytop,unconstrained_candidate_set,0,12312,0,exact,internal,0,86938b48ab88
BIOMD0000001090,R_R04535_C3_cytop,ok,1,0,0,exact,internal,2,86938b48ab88
BIOMD0000001090,R_R04536_C3_cytop,ok,1,0,0,exact,internal,2,86938b48ab88
BIOMD0000001090,R_R04537_C3_cytop,ok,1,0,0,exact,internal,2,86938b48ab88
BIOMD0000001090,R_R04543_C3_cytop,ok,1,0,0,exact,internal,2,86938b48ab88
BIOMD0000001090,R_R04544_C3_cytop,ok,1,0,0,exact,internal,2,86938b48ab88
BIOMD0000001090,R_R04559_C3_cytop,ok,1,0,0,exact,internal,3,86938b48ab88
BIOMD0000001090,R_R04560_C3_cytop,ok,1,0,0,exact,internal,4,86938b48ab88
BIOMD0000001090,R_R04566_C3_cytop,ok,1,0,0,exact,internal,2,86938b48ab88
BIOMD0000001090,R_R04568_C3_cytop,ok,1,0,0,exact,internal,2,86938b48ab88
BIOMD0000001090,R_R04573_C3_cytop,ok,1,0,0,exact,internal,3,86938b48ab88
BIOMD0000001090,R_R04591_C3_cytop,ok,1,0,0,exact,internal,3,86938b48ab88
BIOMD0000001090,R_R04620_C3_cytop,ok,1,0,0,exact,internal,2,86938b48ab88
BIOMD0000001090,R_R04639_C3_cytop,ok,1,0,0,exact,internal,2,86938b48ab88
BIOMD0000001090,R_R04724_C3_cytop,ok,1,0,0,exact,internal,2,86938b48ab88
BIOMD0000001090,R_R04726_C3_cytop,ok,1,0,0,exact,internal,5,86938b48ab88
BIOMD0000001090,R_R04779_C3_cytop,ok,2,0,0,exact,internal,2,86938b48ab88
BIOMD0000001090,R_R04952_C3_cytop,ok,1,0,0,exact,internal,5,86938b48ab88
BIOMD0000001090,R_R04953_C3_cytop,ok,1,0,0,exact,internal,2,86938b48ab88
BIOMD0000001090,R_R04954_C3_cytop,ok,1,0,0,exact,internal,2,86938b48ab88
BIOMD0000001090,R_R04955_C3_cytop,ok,1,0,0,exact,internal,2,86938b48ab88
BIOMD0000001090,R_R04957_C3_cytop,ok,1,0,0,exact,internal,5,86938b48ab88
BIOMD0000001090,R_R04958_C3_cytop,ok,1,0,0,exact,internal,2,86938b48ab88
BIOMD0000001090,R_R04960_C3_cytop,ok,1,0,0,exact,internal,5,86938b48ab88
BIOMD0000001090,R_R04961_C3_cytop,ok,1,0,0,exact,internal,2,86938b48ab88
BIOMD0000001090,R_R04963_C3_cytop,ok,1,0,0,exact,internal,5,86938b48ab88
BIOMD0000001090,R_R04964_C3_cytop,ok,1,0,0,exact,internal,2,86938b48ab88
BIOMD0000001090,R_R04965_C3_cytop,ok,1,0,0,exact,internal,2,86938b48ab88
BIOMD0000001090,R_R04966_C3_cytop,ok,1,0,0,exact,internal,2,86938b48ab88
BIOMD0000001090,R_R04968_C3_cytop,ok,1,0,0,exact,internal,5,86938b48ab88
BIOMD0000001090,R_R04969_C3_cytop,ok,1,0,0,exact,internal,2,86938b48ab88
BIOMD0000001090,R_R05046_C3_cytop,ok,1,0,0,exact,internal,3,86938b48ab88
BIOMD0000001090,R_R05048_C3_cytop,ok,1,0,0,exact,internal,2,86938b48ab88
BIOMD0000001090,R_R05068_C3_cytop,ok,1,0,0,exact,internal,2,86938b48ab88
BIOMD0000001090,R_R05069_C3_cytop,ok,1,0,0,exact,internal,2,86938b48ab88
BIOMD0000001090,R_R05070_C3_cytop,ok,1,0,0,exact,internal,2,86938b48ab88
BIOMD0000001090,R_R05071_C3_cytop,ok,2,0,0,exact,internal,2,86938b48ab88
BIOMD0000001090,R_R05332_C3_cytop,ok,1,0,0,exact,internal,4,86938b48ab88
BIOMD0000001090,R_R05553_C3_cytop,ok,1,0,0,exact,internal,3,86938b48ab88
BIOMD0000001090,R_R05627_C3_cytop,ok,1,0,0,exact,internal,2,86938b48ab88
BIOMD0000001090,R_R05629_C3_cytop,ok,1,0,0,exact,internal,4,86938b48ab88
BIOMD0000001090,R_R05662_C3_cytop,ok,1,0,0,exact,internal,4,86938b48ab88
BIOMD0000001090,R_R06178_C3_cytop,ok,1,0,0,exact,internal,3,86938b48ab88
BIOMD0000001090,R_R06447_C3_cytop,ok,1,0,0,exact,internal,3,86938b48ab88
BIOMD0000001090,R_R06861_C3_cytop,unconstrained_candidate_set,0,12312,0,exact,internal,0,86938b48ab88
BIOMD0000001090,R_R06863_C3_cytop,unconstrained_candidate_set,0,12312,0,exact,internal,0,86938b48ab88
BIOMD0000001090,R_R07168_C3_cytop,unconstrained_candidate_set,0,12312,0,exact,internal,0,86938b48ab88
BIOMD0000001090,R_R07281_C3_cytop,ok,1,0,0,exact,internal,3,86938b48ab88
BIOMD0000001090,R_R07390_C3_cytop,ok,1,0,0,exact,internal,3,86938b48ab88
BIOMD0000001090,R_R07404_C3_cytop,unconstrained_candidate_set,0,12312,0,exact,internal,0,86938b48ab88
BIOMD0000001090,R_R07405_C3_cytop,ok,1,0,0,exact,internal,2,86938b48ab88
BIOMD0000001090,R_R07456_C3_cytop,ok,1,0,0,exact,internal,5,86938b48ab88
BIOMD0000001090,R_R07618_C3_cytop,ok,1,0,0,exact,internal,2,86938b48ab88
BIOMD0000001090,R_R07762_C3_cytop,ok,1,0,0,exact,internal,5,86938b48ab88
BIOMD0000001090,R_R07763_C3_cytop,ok,1,0,0,exact,internal,2,86938b48ab88
BIOMD0000001090,R_R07764_C3_cytop,ok,1,0,0,exact,internal,2,86938b48ab88
BIOMD0000001090,R_R07765_C3_cytop,ok,1,0,0,exact,internal,2,86938b48ab88
BIOMD0000001090,R_R08159_C3_cytop,ok,1,0,0,exact,internal,3,86938b48ab88
BIOMD0000001090,R_R08549_C3_cytop,ok,1,0,0,exact,internal,4,86938b48ab88
BIOMD0000001090,R_R08639_C3_cytop,ok,2,0,0,exact,internal,2,86938b48ab88
BIOMD0000001090,R_R08648_C3_cytop,ok,1,0,0,exact,internal,4,86938b48ab88
BIOMD0000001090,R_R08698_C3_cytop,ok,1,0,0,exact,internal,3,86938b48ab88
BIOMD0000001090,R_R09380_C3_cytop,ok,1,0,0,exact,internal,4,86938b48ab88
BIOMD0000001090,R_R09381_C3_cytop,ok,1,0,0,exact,internal,4,86938b48ab88
BIOMD0000001090,R_R10092_C3_cytop,ok,1,0,0,exact,internal,2,86938b48ab88
BIOMD0000001090,R_R10147_C3_cytop,ok,1,0,0,exact,internal,3,86938b48ab88
BIOMD0000001091,R_2DOXG6PP,unconstrained_candidate_set,0,12312,0,exact,internal,0,86938b48ab88
BIOMD0000001091,R_2HBO,ok,1,0,0,exact,internal,2,86938b48ab88
BIOMD0000001091,R_3HBUTDH,ok,1,0,0,exact,internal,2,86938b48ab88
BIOMD0000001091,R_3OAR100,unconstrained_candidate_set,0,12312,0,exact,internal,0,86938b48ab88
BIOMD0000001091,R_3OAR120,ok,1,0,0,exact,internal,2,86938b48ab88
BIOMD0000001091,R_3OAR80,ok,1,0,0,exact,internal,2,86938b48ab88
BIOMD0000001091,R_4AHD2,unconstrained_candidate_set,0,12312,0,exact,internal,0,86938b48ab88
BIOMD0000001091,R_4OT,ok,1,0,0,exact,internal,2,86938b48ab88
BIOMD0000001091,R_5CMHMISO,ok,1,0,0,exact,internal,2,86938b48ab88
BIOMD0000001091,R_5DGLCNR,ok,1,0,0,exact,internal,2,86938b48ab88
BIOMD0000001091,R_AAH1_1,unconstrained_candidate_set,0,12312,0,exact,internal,0,86938b48ab88
BIOMD0000001091,R_AAH1_2,unconstrained_candidate_set,0,12312,0,exact,internal,0,86938b48ab88
BIOMD0000001091,R_AAH1_3,unconstrained_candidate_set,0,12312,0,exact,internal,0,86938b48ab88
BIOMD0000001091,R_ABTAr,ok,1,0,0,exact,internal,4,86938b48ab88
BIOMD0000001091,R_ABUTDm,unconstrained_candidate_set,0,12312,0,exact,internal,0,86938b48ab88
BIOMD0000001091,R_ABZ1,ok,2,0,0,exact,internal,4,86938b48ab88
BIOMD0000001091,R_ACAC,unconstrained_candidate_set,0,12312,0,exact,internal,0,86938b48ab88
BIOMD0000001091,R_ACACT10rr,ok,3,0,0,exact,internal,4,86938b48ab88
BIOMD0000001091,R_ACACT6r,ok,1,0,0,exact,internal,4,86938b48ab88
BIOMD0000001091,R_ACALD,ok,1,0,0,exact,internal,3,86938b48ab88
BIOMD0000001091,R_ACBIPGT,unconstrained_candidate_set,0,12312,0,exact,internal,0,86938b48ab88
BIOMD0000001091,R_ACC1,unconstrained_candidate_set,0,12312,0,exact,internal,0,86938b48ab88
BIOMD0000001091,R_ACCOAL2r,ok,1,0,0,exact,internal,3,86938b48ab88
BIOMD0000001091,R_ACGAMPM,ok,1,0,0,exact,internal,2,86938b48ab88
BIOMD0000001091,R_ACGAMT,unconstrained_candidate_set,0,12312,0,exact,internal,0,86938b48ab88
BIOMD0000001091,R_ACGK,ok,1,0,0,exact,internal,2,86938b48ab88
BIOMD0000001091,R_ACGSm,unconstrained_candidate_set,0,12312,0,exact,internal,0,86938b48ab88
BIOMD0000001091,R_ACHBS,unconstrained_candidate_set,0,12312,0,exact,internal,0,86938b48ab88
BIOMD0000001091,R_ACKr,ok,1,0,0,exact,internal,2,86938b48ab88
BIOMD0000001091,R_ACNPLYSr,unconstrained_candidate_set,0,12312,0,exact,internal,0,86938b48ab88
BIOMD0000001091,R_ACO1,ok,1,0,0,exact,internal,2,86938b48ab88
BIOMD0000001091,R_ACOAD1,ok,1,0,0,exact,internal,2,86938b48ab88
BIOMD0000001091,R_ACOAD1f,unconstrained_candidate_set,0,12312,0,exact,internal,0,86938b48ab88
BIOMD0000001091,R_ACONTa,unconstrained_candidate_set,0,12312,0,exact,internal,0,86938b48ab88
BIOMD0000001091,R_ACONTb,unconstrained_candidate_set,0,12312,0,exact,internal,0,86938b48ab88
BIOMD0000001091,R_ACOTAim,ok,1,0,0,exact,internal,4,86938b48ab88
BIOMD0000001091,R_ACSm,unconstrained_candidate_set,0,12312,0,exact,internal,0,86938b48ab88
BIOMD0000001091,R_ACYP,unconstrained_candidate_set,0,12312,0,exact,internal,0,86938b48ab88
BIOMD0000001091,R_ACYP_2,unconstrained_candidate_set,0,12312,0,exact,internal,0,86938b48ab88
BIOMD0000001091,R_ADCL,unconstrained_candidate_set,0,12312,0,exact,internal,0,86938b48ab88
BIOMD0000001091,R_ADCOBAPS,unconstrained_candidate_set,0,12312,0,exact,internal,0,86938b48ab88
BIOMD0000001091,R_ADCOBASrADCOBASr,unconstrained_candidate_set,0,12312,0,exact,internal,0,86938b48ab88
BIOMD0000001091,R_ADCYRS,unconstrained_candidate_set,0,12312,0,exact,internal,0,86938b48ab88
BIOMD0000001091,R_ADE12,unconstrained_candidate_set,0,12312,0,exact,internal,0,86938b48ab88
BIOMD0000001091,R_ADE13_1,unconstrained_candidate_set,0,12312,0,exact,internal,0,86938b48ab88
BIOMD0000001091,R_ADE13_2,ok,1,0,0,exact,internal,3,86938b48ab88
BIOMD0000001091,R_ADE16_1,ok,1,0,0,exact,internal,4,86938b48ab88
BIOMD0000001091,R_ADE2,unconstrained_candidate_set,0,12312,0,exact,internal,0,86938b48ab88
BIOMD0000001091,R_ADE3_1,ok,1,0,0,exact,internal,2,86938b48ab88
BIOMD0000001091,R_ADE3_3,unconstrained_candidate_set,0,12312,0,exact,internal,0,86938b48ab88
BIOMD0000001091,R_ADE5_7_1,unconstrained_candidate_set,0,12312,0,exact,internal,0,86938b48ab88
BIOMD0000001091,R_ADK1,unconstrained_candidate_set,0,12312,0,exact,internal,0,86938b48ab88
BIOMD0000001091,R_ADOCBIK,unconstrained_candidate_set,0,12312,0,exact,internal,0,86938b48ab88
BIOMD0000001091,R_ADOCBLS,unconstrained_candidate_set,0,12312,0,exact,internal,0,86938b48ab88
BIOMD0000001091,R_ADPDA,unconstrained_candidate_set,0,12312,0,exact,internal,0,86938b48ab88
BIOMD0000001091,R_ADPRDP,unconstrained_candidate_set,0,12312,0,exact,internal,0,86938b48ab88
BIOMD0000001091,R_ADPT,unconstrained_candidate_set,0,12312,0,exact,internal,0,86938b48ab88
BIOMD0000001091,R_AGDC_r,unconstrained_candidate_set,0,12312,0,exact,internal,0,86938b48ab88
BIOMD0000001091,R_AGMT,unconstrained_candidate_set,0,12312,0,exact,internal,0,86938b48ab88
BIOMD0000001091,R_AGPR,ok,1,0,0,exact,internal,2,86938b48ab88
BIOMD0000001091,R_AHCYSNS,unconstrained_candidate_set,0,12312,0,exact,internal,0,86938b48ab88
BIOMD0000001091,R_AHSERL4,unconstrained_candidate_set,0,12312,0,exact,internal,0,86938b48ab88
BIOMD0000001091,R_AKGDH,ok,1,0,0,exact,internal,4,86938b48ab88
BIOMD0000001091,R_AKGDb,unconstrained_candidate_set,0,12312,0,exact,internal,0,86938b48ab88
BIOMD0000001091,R_ALAALA,unconstrained_candidate_set,0,12312,0,exact,internal,0,86938b48ab88
BIOMD0000001091,R_ALARi,ok,2,0,0,exact,internal,2,86938b48ab88
BIOMD0000001091,R_ALATA_D,ok,1,0,0,exact,internal,4,86938b48ab88
BIOMD0000001091,R_ALCD19,ok,1,0,0,exact,internal,2,86938b48ab88
BIOMD0000001091,R_ALCD2x,ok,2,0,0,exact,internal,2,86938b48ab88
BIOMD0000001091,R_ALD2,unconstrained_candidate_set,0,12312,0,exact,internal,0,86938b48ab88
BIOMD0000001091,R_ALDD19x,unconstrained_candidate_set,0,12312,0,exact,internal,0,86938b48ab88
BIOMD0000001091,R_ALDD20x,unconstrained_candidate_set,0,12312,0,exact,internal,0,86938b48ab88
BIOMD0000001091,R_ALDD22x,unconstrained_candidate_set,0,12312,0,exact,internal,0,86938b48ab88
BIOMD0000001091,R_ALDD8x,unconstrained_candidate_set,0,12312,0,exact,internal,0,86938b48ab88
BIOMD0000001091,R_ALKP,unconstrained_candidate_set,0,12312,0,exact,internal,0,86938b48ab88
BIOMD0000001091,R_AMANAPE,ok,1,0,0,exact,internal,2,86938b48ab88
BIOMD0000001091,R_AMD2_2,unconstrained_candidate_set,0,12312,0,exact,internal,0,86938b48ab88
BIOMD0000001091,R_AMD2_3,unconstrained_candidate_set,0,12312,0,exact,internal,0,86938b48ab88
BIOMD0000001091,R_AMID5,unconstrained_candidate_set,0,12312,0,exact,internal,0,86938b48ab88
BIOMD0000001091,R_ANPRT,unconstrained_candidate_set,0,12312,0,exact,internal,0,86938b48ab88
BIOMD0000001091,R_ANS,unconstrained_candidate_set,0,12312,0,exact,internal,0,86938b48ab88
BIOMD0000001091,R_ANS2,unconstrained_candidate_set,0,12312,0,exact,internal,0,86938b48ab88
BIOMD0000001091,R_AOXHEXCYCL,unconstrained_candidate_set,0,12312,0,exact,internal,0,86938b48ab88
BIOMD0000001091,R_AOXSir,unconstrained_candidate_set,0,12312,0,exact,internal,0,86938b48ab88
BIOMD0000001091,R_APATi,unconstrained_candidate_set,0,12312,0,exact,internal,0,86938b48ab88
BIOMD0000001091,R_APSR,unconstrained_candidate_set,0,12312,0,exact,internal,0,86938b48ab88
BIOMD0000001091,R_APTA1i,ok,1,0,0,exact,internal,4,86938b48ab88
BIOMD0000001091,R_ARABRr,ok,1,0,0,exact,internal,2,86938b48ab88
BIOMD0000001091,R_ARAI,ok,2,0,0,exact,internal,2,86938b48ab88
BIOMD0000001091,R_ARGDCpp,unconstrained_candidate_set,0,12312,0,exact,internal,0,86938b48ab88
BIOMD0000001091,R_ARO1_1,ok,1,0,0,exact,internal,2,86938b48ab88
BIOMD0000001091,R_ARO1_2,unconstrained_candidate_set,0,12312,0,exact,internal,0,86938b48ab88
BIOMD0000001091,R_ARO9_2,ok,1,0,0,exact,internal,4,86938b48ab88
BIOMD0000001091,R_ASN2,unconstrained_candidate_set,0,12312,0,exact,internal,0,86938b48ab88
BIOMD0000001091,R_ASP1,unconstrained_candidate_set,0,12312,0,exact,internal,0,86938b48ab88
BIOMD0000001091,R_ASPCTn,unconstrained_candidate_set,0,12312,0,exact,internal,0,86938b48ab88
BIOMD0000001091,R_ASPKi,ok,1,0,0,exact,internal,2,86938b48ab88
BIOMD0000001091,R_ASPO6,unconstrained_candidate_set,0,12312,0,exact,internal,0,86938b48ab88
BIOMD0000001091,R_ASPO7,unconstrained_candidate_set,0,12312,0,exact,internal,0,86938b48ab88
BIOMD0000001091,R_ASPTAm,ok,1,0,0,exact,internal,4,86938b48ab88
BIOMD0000001091,R_ATPM,unconstrained_candidate_set,0,12312,0,exact,internal,0,86938b48ab88
BIOMD0000001091,R_BAT1_2,ok,1,0,0,exact,internal,4,86938b48ab88
BIOMD0000001091,R_BAT2_2,ok,1,0,0,exact,internal,4,86938b48ab88
BIOMD0000001091,R_BENZ,unconstrained_candidate_set,0,12312,0,exact,internal,0,86938b48ab88
BIOMD0000001091,R_BETALDHx,unconstrained_candidate_set,0,12312,0,exact,internal,0,86938b48ab88
BIOMD0000001091,R_BETALDHy,unconstrained_candidate_set,0,12312,0,exact,internal,0,86938b48ab88
BIOMD0000001091,R_BG_CELLB,unconstrained_candidate_set,0,12312,0,exact,internal,0,86938b48ab88
BIOMD0000001091,R_BIO3,ok,1,0,0,exact,internal,4,86938b48ab88
BIOMD0000001091,R_BLACT,unconstrained_candidate_set,0,12312,0,exact,internal,0,86938b48ab88
BIOMD0000001091,R_BTMAT1,ok,1,0,0,exact,internal,2,86938b48ab88
BIOMD0000001091,R_BTNC,unconstrained_candidate_set,0,12312,0,exact,internal,0,86938b48ab88
BIOMD0000001091,R_BTNL1,ok,1,0,0,exact,internal,2,86938b48ab88
BIOMD0000001091,R_BUTKr,ok,1,0,0,exact,internal,2,86938b48ab88
BIOMD0000001091,R_CBIA,unconstrained_candidate_set,0,12312,0,exact,internal,0,86938b48ab88
BIOMD0000001091,R_CBIAT,unconstrained_candidate_set,0,12312,0,exact,internal,0,86938b48ab88
BIOMD0000001091,R_CBPS,unconstrained_candidate_set,0,12312,0,exact,internal,0,86938b48ab88
BIOMD0000001091,R_CDC21,ok,1,0,0,exact,internal,4,86938b48ab88
BIOMD0000001091,R_CDD1_1,unconstrained_candidate_set,0,12312,0,exact,internal,0,86938b48ab88
BIOMD0000001091,R_CDD1_2,unconstrained_candidate_set,0,12312,0,exact,internal,0,86938b48ab88
BIOMD0000001091,R_CDPDDGR,unconstrained_candidate_set,0,12312,0,exact,internal,0,86938b48ab88
BIOMD0000001091,R_CDPGHL,unconstrained_candidate_set,0,12312,0,exact,internal,0,86938b48ab88
BIOMD0000001091,R_CDPGS,unconstrained_candidate_set,0,12312,0,exact,internal,0,86938b48ab88
BIOMD0000001091,R_CDPMEK,unconstrained_candidate_set,0,12312,0,exact,internal,0,86938b48ab88
BIOMD0000001091,R_CEM1_6,ok,1,0,0,exact,internal,5,86938b48ab88
BIOMD0000001091,R_CHA1_1,ok,3,0,0,exact,internal,3,86938b48ab88
BIOMD0000001091,R_CHOLD,ok,1,0,0,exact,internal,2,86938b48ab88
BIOMD0000001091,R_CHORS,ok,1,0,0,exact,internal,2,86938b48ab88
BIOMD0000001091,R_CH_or_M,ok,1,0,0,exact,internal,2,86938b48ab88
BIOMD0000001091,R_CMCMSAD,unconstrained_candidate_set,0,12312,0,exact,internal,0,86938b48ab88
BIOMD0000001091,R_COALDDH,unconstrained_candidate_set,0,12312,0,exact,internal,0,86938b48ab88
BIOMD0000001091,R_COBB,unconstrained_candidate_set,0,12312,0,exact,internal,0,86938b48ab88
BIOMD0000001091,R_COPREC5AHy,unconstrained_candidate_set,0,12312,0,exact,internal,0,86938b48ab88
BIOMD0000001091,R_CPC3MT,ok,1,0,0,exact,internal,4,86938b48ab88
BIOMD0000001091,R_CPC4MT,unconstrained_candidate_set,0,12312,0,exact,internal,0,86938b48ab88
BIOMD0000001091,R_CPC8MM,unconstrained_candidate_set,0,12312,0,exact,internal,0,86938b48ab88
BIOMD0000001091,R_CPPPGO,unconstrained_candidate_set,0,12312,0,exact,internal,0,86938b48ab88
BIOMD0000001091,R_CPPPGO2,ok,1,0,0,exact,internal,6,86938b48ab88
BIOMD0000001091,R_CS,unconstrained_candidate_set,0,12312,0,exact,internal,0,86938b48ab88
BIOMD0000001091,R_CTA1,unconstrained_candidate_set,0,12312,0,exact,internal,0,86938b48ab88
BIOMD0000001091,R_CYB2,ok,1,0,0,exact,internal,4,86938b48ab88
BIOMD0000001091,R_CYR1,unconstrained_candidate_set,0,12312,0,exact,internal,0,86938b48ab88
BIOMD0000001091,R_CYRDAAT,unconstrained_candidate_set,0,12312,0,exact,internal,0,86938b48ab88
BIOMD0000001091,R_CYSS,ok,1,0,0,exact,internal,4,86938b48ab88
BIOMD0000001091,R_CYSTGLr,unconstrained_candidate_set,0,12312,0,exact,internal,0,86938b48ab88
BIOMD0000001091,R_CYSTLr,unconstrained_candidate_set,0,12312,0,exact,internal,0,86938b48ab88
BIOMD0000001091,R_CYSTS,unconstrained_candidate_set,0,12312,0,exact,internal,0,86938b48ab88
BIOMD0000001091,R_CYTDK1,unconstrained_candidate_set,0,12312,0,exact,internal,0,86938b48ab88
BIOMD0000001091,R_CYTDK3,unconstrained_candidate_set,0,12312,0,exact,internal,0,86938b48ab88
BIOMD0000001091,R_DAPDC,unconstrained_candidate_set,0,12312,0,exact,internal,0,86938b48ab88
BIOMD0000001091,R_DAPE,ok,1,0,0,exact,internal,2,86938b48ab88
BIOMD0000001091,R_DBTS,unconstrained_candidate_set,0,12312,0,exact,internal,0,86938b48ab88
BIOMD0000001091,R_DCMPDA2ir,unconstrained_candidate_set,0,12312,0,exact,internal,0,86938b48ab88
BIOMD0000001091,R_DDGLK,unconstrained_candidate_set,0,12312,0,exact,internal,0,86938b48ab88
BIOMD0000001091,R_DDPA,unconstrained_candidate_set,0,12312,0,exact,internal,0,86938b48ab88
BIOMD0000001091,R_DDPGALA,ok,1,0,0,exact,internal,3,86938b48ab88
BIOMD0000001091,R_DEMAT4,ok,1,0,0,exact,internal,2,86938b48ab88
BIOMD0000001091,R_DFR1_1,ok,1,0,0,exact,internal,2,86938b48ab88
BIOMD0000001091,R_DGK1,unconstrained_candidate_set,0,12312,0,exact,internal,0,86938b48ab88
BIOMD0000001091,R_DHAD2,unconstrained_candidate_set,0,12312,0,exact,internal,0,86938b48ab88
BIOMD0000001091,R_DHAPT,ok,1,0,0,exact,internal,4,86938b48ab88
BIOMD0000001091,R_DHDPRy,unconstrained_candidate_set,0,12312,0,exact,internal,0,86938b48ab88
BIOMD0000001091,R_DHDPS,unconstrained_candidate_set,0,12312,0,exact,internal,0,86938b48ab88
BIOMD0000001091,R_DHFOR2,ok,1,0,0,exact,internal,2,86938b48ab88
BIOMD0000001091,R_DHNPA,ok,1,0,0,exact,internal,3,86938b48ab88
BIOMD0000001091,R_DHPM2,unconstrained_candidate_set,0,12312,0,exact,internal,0,86938b48ab88
BIOMD0000001091,R_DHPRx,ok,1,0,0,exact,internal,2,86938b48ab88
BIOMD0000001091,R_DHPSm,unconstrained_candidate_set,0,12312,0,exact,internal,0,86938b48ab88
BIOMD0000001091,R_DIHYP,unconstrained_candidate_set,0,12312,0,exact,internal,0,86938b48ab88
BIOMD0000001091,R_DKMD2K,unconstrained_candidate_set,0,12312,0,exact,internal,0,86938b48ab88
BIOMD0000001091,R_DM1PE,ok,1,0,0,exact,internal,2,86938b48ab88
BIOMD0000001091,R_DMATT,unconstrained_candidate_set,0,12312,0,exact,internal,0,86938b48ab88
BIOMD0000001091,R_DMPPS,unconstrained_candidate_set,0,12312,0,exact,internal,0,86938b48ab88
BIOMD0000001091,R_DPCOAKm,unconstrained_candidate_set,0,12312,0,exact,internal,0,86938b48ab88
BIOMD0000001091,R_DPGM,unconstrained_candidate_set,0,12312,0,exact,internal,0,86938b48ab88
BIOMD0000001091,R_DPMVD,ok,1,0,0,exact,internal,3,86938b48ab88
BIOMD0000001091,R_DRBKr,unconstrained_candidate_set,0,12312,0,exact,internal,0,86938b48ab88
BIOMD0000001091,R_DRPA,ok,1,0,0,exact,internal,3,86938b48ab88
BIOMD0000001091,R_DTMPK,unconstrained_candidate_set,0,12312,0,exact,internal,0,86938b48ab88
BIOMD0000001091,R_DUR1_2,unconstrained_candidate_set,0,12312,0,exact,internal,0,86938b48ab88
BIOMD0000001091,R_DURIPP,ok,1,0,0,exact,internal,3,86938b48ab88
BIOMD0000001091,R_DUT1,unconstrained_candidate_set,0,12312,0,exact,internal,0,86938b48ab88
BIOMD0000001091,R_DXPRIi,ok,1,0,0,exact,internal,2,86938b48ab88
BIOMD0000001091,R_DXPS,unconstrained_candidate_set,0,12312,0,exact,internal,0,86938b48ab88
BIOMD0000001091,R_E4PD,unconstrained_candidate_set,0,12312,0,exact,internal,0,86938b48ab88
BIOMD0000001091,R_EAR120x,ok,1,0,0,exact,internal,2,86938b48ab88
BIOMD0000001091,R_EAR40y,ok,1,0,0,exact,internal,2,86938b48ab88
BIOMD0000001091,R_EAR60x,ok,1,0,0,exact,internal,2,86938b48ab88
BIOMD0000001091,R_EAR80y,ok,1,0,0,exact,internal,2,86938b48ab88
BIOMD0000001091,R_ECOAH1,unconstrained_candidate_set,0,12312,0,exact,internal,0,86938b48ab88
BIOMD0000001091,R_ECOAH12,unconstrained_candidate_set,0,12312,0,exact,internal,0,86938b48ab88
BIOMD0000001091,R_ECOAH3,unconstrained_candidate_set,0,12312,0,exact,internal,0,86938b48ab88
BIOMD0000001091,R_ECOAH4,unconstrained_candidate_set,0,12312,0,exact,internal,0,86938b48ab88
BIOMD0000001091,R_ECOAH5,unconstrained_candidate_set,0,12312,0,exact,internal,0,86938b48ab88
BIOMD0000001091,R_ECOAH6p,unconstrained_candidate_set,0,12312,0,exact,internal,0,86938b48ab88
BIOMD0000001091,R_ECOAH7,unconstrained_candidate_set,0,12312,0,exact,internal,0,86938b48ab88
BIOMD0000001091,R_ECOAH9ir,unconstrained_candidate_set,0,12312,0,exact,internal,0,86938b48ab88
BIOMD0000001091,R_ENO,unconstrained_candidate_set,0,12312,0,exact,internal,0,86938b48ab88
BIOMD0000001091,R_ERG12_1,unconstrained_candidate_set,0,12312,0,exact,internal,0,86938b48ab88
BIOMD0000001091,R_ETR1_2,ok,1,0,0,exact,internal,2,86938b48ab88
BIOMD0000001091,R_ETR1_5,ok,1,0,0,exact,internal,2,86938b48ab88
BIOMD0000001091,R_FAD1,ok,1,0,0,exact,internal,2,86938b48ab88
BIOMD0000001091,R_FAS1_4_2,ok,1,0,0,exact,internal,2,86938b48ab88
BIOMD0000001091,R_FAS1_6_2,ok,1,0,0,exact,internal,2,86938b48ab88
BIOMD0000001091,R_FAS1_7_2,ok,1,0,0,exact,internal,2,86938b48ab88
BIOMD0000001091,R_FAS1_7_c,unconstrained_candidate_set,0,12312,0,exact,internal,0,86938b48ab88
BIOMD0000001091,R_FAS1_s,ok,1,0,0,exact,internal,4,86938b48ab88
BIOMD0000001091,R_FAS2_1_1,ok,1,0,0,exact,internal,5,86938b48ab88
BIOMD0000001091,R_FAS2_3_1,unconstrained_candidate_set,0,12312,0,exact,internal,0,86938b48ab88
BIOMD0000001091,R_FAS2_5_1,ok,1,0,0,exact,internal,5,86938b48ab88
BIOMD0000001091,R_FAS2_7_1,ok,1,0,0,exact,internal,5,86938b48ab88
BIOMD0000001091,R_FAT1_1,unconstrained_candidate_set,0,12312,0,exact,internal,0,86938b48ab88
BIOMD0000001091,R_FBA,ok,2,0,0,exact,internal,3,86938b48ab88
BIOMD0000001091,R_FBA2,unconstrained_candidate_set,0,12312,0,exact,internal,0,86938b48ab88
BIOMD0000001091,R_FBA3,ok,1,0,0,exact,internal,3,86938b48ab88
BIOMD0000001091,R_FBP,unconstrained_candidate_set,0,12312,0,exact,internal,0,86938b48ab88
BIOMD0000001091,R_FBP26,unconstrained_candidate_set,0,12312,0,exact,internal,0,86938b48ab88
BIOMD0000001091,R_FCLTm,ok,1,0,0,exact,internal,3,86938b48ab88
BIOMD0000001091,R_FDMO2,unconstrained_candidate_set,0,12312,0,exact,internal,0,86938b48ab88
BIOMD0000001091,R_FEROpp,unconstrained_candidate_set,0,12312,0,exact,internal,0,86938b48ab88
BIOMD0000001091,R_FGLU,unconstrained_candidate_set,0,12312,0,exact,internal,0,86938b48ab88
BIOMD0000001091,R_FLVR_NAD,unconstrained_candidate_set,0,12312,0,exact,internal,0,86938b48ab88
BIOMD0000001091,R_FMNRx,ok,1,0,0,exact,internal,2,86938b48ab88
BIOMD0000001091,R_FOL2,unconstrained_candidate_set,0,12312,0,exact,internal,0,86938b48ab88
BIOMD0000001091,R_FOLDm,unconstrained_candidate_set,0,12312,0,exact,internal,0,86938b48ab88
BIOMD0000001091,R_FRTT,unconstrained_candidate_set,0,12312,0,exact,internal,0,86938b48ab88
BIOMD0000001091,R_FRUK,unconstrained_candidate_set,0,12312,0,exact,internal,0,86938b48ab88
BIOMD0000001091,R_FTHFCLm,ok,1,0,0,exact,internal,2,86938b48ab88
BIOMD0000001091,R_FTHFD,unconstrained_candidate_set,0,12312,0,exact,internal,0,86938b48ab88
BIOMD0000001091,R_FUM,unconstrained_candidate_set,0,12312,0,exact,internal,0,86938b48ab88
BIOMD0000001091,R_FUN63,unconstrained_candidate_set,0,12312,0,exact,internal,0,86938b48ab88
BIOMD0000001091,R_FUR1,unconstrained_candidate_set,0,12312,0,exact,internal,0,86938b48ab88
BIOMD0000001091,R_G1PACTr,unconstrained_candidate_set,0,12312,0,exact,internal,0,86938b48ab88
BIOMD0000001091,R_G1SATi,ok,1,0,0,exact,internal,2,86938b48ab88
BIOMD0000001091,R_G3PCT,ok,1,0,0,exact,internal,3,86938b48ab88
BIOMD0000001091,R_G3PD1ir,ok,1,0,0,exact,internal,2,86938b48ab88
BIOMD0000001091,R_G3PD2,ok,1,0,0,exact,internal,2,86938b48ab88
BIOMD0000001091,R_G3PDm,unconstrained_candidate_set,0,12312,0,exact,internal,0,86938b48ab88
BIOMD0000001091,R_G5SADr,unconstrained_candidate_set,0,12312,0,exact,internal,0,86938b48ab88
BIOMD0000001091,R_G5SD,ok,1,0,0,exact,internal,2,86938b48ab88
BIOMD0000001091,R_G6PBDH,ok,2,0,0,exact,internal,2,86938b48ab88
BIOMD0000001091,R_G6PDH2r,ok,2,0,0,exact,internal,2,86938b48ab88
BIOMD0000001091,R_G6PI3,ok,2,0,0,exact,internal,2,86938b48ab88
BIOMD0000001091,R_GAL1,unconstrained_candidate_set,0,12312,0,exact,internal,0,86938b48ab88
BIOMD0000001091,R_GAL10,ok,2,0,0,exact,internal,2,86938b48ab88
BIOMD0000001091,R_GALS4,unconstrained_candidate_set,0,12312,0,exact,internal,0,86938b48ab88
BIOMD0000001091,R_GALTi,ok,1,0,0,exact,internal,3,86938b48ab88
BIOMD0000001091,R_GAPD,ok,1,0,0,exact,internal,2,86938b48ab88
BIOMD0000001091,R_GAPD_NADP,ok,1,0,0,exact,internal,2,86938b48ab88
BIOMD0000001091,R_GARFT,unconstrained_candidate_set,0,12312,0,exact,internal,0,86938b48ab88
BIOMD0000001091,R_GCALDD,unconstrained_candidate_set,0,12312,0,exact,internal,0,86938b48ab88
BIOMD0000001091,R_GCCa,unconstrained_candidate_set,0,12312,0,exact,internal,0,86938b48ab88
BIOMD0000001091,R_GCCcm,ok,1,0,0,exact,internal,2,86938b48ab88
BIOMD0000001091,R_GCV1_2,ok,1,0,0,exact,internal,5,86938b48ab88
BIOMD0000001091,R_GDH2,unconstrained_candidate_set,0,12312,0,exact,internal,0,86938b48ab88
BIOMD0000001091,R_GF6PTA,ok,1,0,0,exact,internal,4,86938b48ab88
BIOMD0000001091,R_GGLUGABDH,unconstrained_candidate_set,0,12312,0,exact,internal,0,86938b48ab88
BIOMD0000001091,R_GGLUGABH,unconstrained_candidate_set,0,12312,0,exact,internal,0,86938b48ab88
BIOMD0000001091,R_GGTAe2,unconstrained_candidate_set,0,12312,0,exact,internal,0,86938b48ab88
BIOMD0000001091,R_GGTT,unconstrained_candidate_set,0,12312,0,exact,internal,0,86938b48ab88
BIOMD0000001091,R_GLCURE,ok,1,0,0,exact,internal,2,86938b48ab88
BIOMD0000001091,R_GLK1_1,unconstrained_candidate_set,0,12312,0,exact,internal,0,86938b48ab88
BIOMD0000001091,R_GLK1_3,unconstrained_candidate_set,0,12312,0,exact,internal,0,86938b48ab88
BIOMD0000001091,R_GLNS,unconstrained_candidate_set,0,12312,0,exact,internal,0,86938b48ab88
BIOMD0000001091,R_GLO1,ok,1,0,0,exact,internal,3,86938b48ab88
BIOMD0000001091,R_GLU5K,ok,1,0,0,exact,internal,2,86938b48ab88
BIOMD0000001091,R_GLUDC,unconstrained_candidate_set,0,12312,0,exact,internal,0,86938b48ab88
BIOMD0000001091,R_GLUDy,unconstrained_candidate_set,0,12312,0,exact,internal,0,86938b48ab88
BIOMD0000001091,R_GLUPRT,unconstrained_candidate_set,0,12312,0,exact,internal,0,86938b48ab88
BIOMD0000001091,R_GLUR,ok,2,0,0,exact,internal,2,86938b48ab88
BIOMD0000001091,R_GLUSy,ok,1,0,0,exact,internal,3,86938b48ab88
BIOMD0000001091,R_GLUTRR,ok,1,0,0,exact,internal,3,86938b48ab88
BIOMD0000001091,R_GLUTRSm,unconstrained_candidate_set,0,12312,0,exact,internal,0,86938b48ab88
BIOMD0000001091,R_GLYCK,unconstrained_candidate_set,0,12312,0,exact,internal,0,86938b48ab88
BIOMD0000001091,R_GLYCK2,unconstrained_candidate_set,0,12312,0,exact,internal,0,86938b48ab88
BIOMD0000001091,R_GLYCLTDx,ok,1,0,0,exact,internal,2,86938b48ab88
BIOMD0000001091,R_GLYCLTDyr,ok,1,0,0,exact,internal,2,86938b48ab88
BIOMD0000001091,R_GLYCTO1,ok,1,0,0,exact,internal,2,86938b48ab88
BIOMD0000001091,R_GLYK,unconstrained_candidate_set,0,12312,0,exact,internal,0,86938b48ab88
BIOMD0000001091,R_GLYO1,unconstrained_candidate_set,0,12312,0,exact,internal,0,86938b48ab88
BIOMD0000001091,R_GND,ok,1,0,0,exact,internal,3,86938b48ab88
BIOMD0000001091,R_GNKr,unconstrained_candidate_set,0,12312,0,exact,internal,0,86938b48ab88
BIOMD0000001091,R_GPDDA1,unconstrained_candidate_set,0,12312,0,exact,internal,0,86938b48ab88
BIOMD0000001091,R_GPDDA2pp,unconstrained_candidate_set,0,12312,0,exact,internal,0,86938b48ab88
BIOMD0000001091,R_GRTT,unconstrained_candidate_set,0,12312,0,exact,internal,0,86938b48ab88
BIOMD0000001091,R_GSH2,unconstrained_candidate_set,0,12312,0,exact,internal,0,86938b48ab88
BIOMD0000001091,R_GSHPO,unconstrained_candidate_set,0,12312,0,exact,internal,0,86938b48ab88
BIOMD0000001091,R_GTPDPK,unconstrained_candidate_set,0,12312,0,exact,internal,0,86938b48ab88
BIOMD0000001091,R_GUADr,unconstrained_candidate_set,0,12312,0,exact,internal,0,86938b48ab88
BIOMD0000001091,R_GUAPRT,unconstrained_candidate_set,0,12312,0,exact,internal,0,86938b48ab88
BIOMD0000001091,R_GUI1,ok,1,0,0,exact,internal,2,86938b48ab88
BIOMD0000001091,R_GUI2,ok,1,0,0,exact,internal,2,86938b48ab88
BIOMD0000001091,R_GUK1_1,unconstrained_candidate_set,0,12312,0,exact,internal,0,86938b48ab88
BIOMD0000001091,R_HACD1,ok,1,0,0,exact,internal,2,86938b48ab88
BIOMD0000001091,R_HACD2i,ok,1,0,0,exact,internal,2,86938b48ab88
BIOMD0000001091,R_HACD3,ok,2,0,0,exact,internal,2,86938b48ab88
BIOMD0000001091,R_HACD4,ok,1,0,0,exact,internal,2,86938b48ab88
BIOMD0000001091,R_HACD5,ok,2,0,0,exact,internal,2,86938b48ab88
BIOMD0000001091,R_HACD6p,unconstrained_candidate_set,0,12312,0,exact,internal,0,86938b48ab88
BIOMD0000001091,R_HACD7p,ok,1,0,0,exact,internal,2,86938b48ab88
BIOMD0000001091,R_HACD8,ok,2,0,0,exact,internal,2,86938b48ab88
BIOMD0000001091,R_HACDp,ok,5,0,0,exact,internal,2,86938b48ab88
BIOMD0000001091,R_HBUR1,ok,1,0,0,exact,internal,2,86938b48ab88
BIOMD0000001091,R_HBZOPT,unconstrained_candidate_set,0,12312,0,exact,internal,0,86938b48ab88
BIOMD0000001091,R_HEM2,unconstrained_candidate_set,0,12312,0,exact,internal,0,86938b48ab88
BIOMD0000001091,R_HEM3,unconstrained_candidate_set,0,12312,0,exact,internal,0,86938b48ab88
BIOMD0000001091,R_HEMEOS,unconstrained_candidate_set,0,12312,0,exact,internal,0,86938b48ab88
BIOMD0000001091,R_HEPTT,unconstrained_candidate_set,0,12312,0,exact,internal,0,86938b48ab88
BIOMD0000001091,R_HETZK,unconstrained_candidate_set,0,12312,0,exact,internal,0,86938b48ab88
BIOMD0000001091,R_HEXTT,unconstrained_candidate_set,0,12312,0,exact,internal,0,86938b48ab88
BIOMD0000001091,R_HHDDI,ok,1,0,0,exact,internal,2,86938b48ab88
BIOMD0000001091,R_HHDR7,ok,1,0,0,exact,internal,2,86938b48ab88
BIOMD0000001091,R_HHYR2,ok,1,0,0,exact,internal,2,86938b48ab88
BIOMD0000001091,R_HIBDkt,ok,2,0,0,exact,internal,2,86938b48ab88
BIOMD0000001091,R_HIS1,unconstrained_candidate_set,0,12312,0,exact,internal,0,86938b48ab88
BIOMD0000001091,R_HIS2,unconstrained_candidate_set,0,12312,0,exact,internal,0,86938b48ab88
BIOMD0000001091,R_HISD1r,ok,1,0,0,exact,internal,3,86938b48ab88
BIOMD0000001091,R_HISTD,unconstrained_candidate_set,0,12312,0,exact,internal,0,86938b48ab88
BIOMD0000001091,R_HKM1PP,unconstrained_candidate_set,0,12312,0,exact,internal,0,86938b48ab88
BIOMD0000001091,R_HKNDDH,unconstrained_candidate_set,0,12312,0,exact,internal,0,86938b48ab88
BIOMD0000001091,R_HKNTDH,unconstrained_candidate_set,0,12312,0,exact,internal,0,86938b48ab88
BIOMD0000001091,R_HKYNH,unconstrained_candidate_set,0,12312,0,exact,internal,0,86938b48ab88
BIOMD0000001091,R_HMGL,ok,1,0,0,exact,internal,3,86938b48ab88
BIOMD0000001091,R_HMPCCDO,unconstrained_candidate_set,0,12312,0,exact,internal,0,86938b48ab88
BIOMD0000001091,R_HMSH3,unconstrained_candidate_set,0,12312,0,exact,internal,0,86938b48ab88
BIOMD0000001091,R_HOM2,ok,1,0,0,exact,internal,2,86938b48ab88
BIOMD0000001091,R_HOXPRx,ok,1,0,0,exact,internal,2,86938b48ab88
BIOMD0000001091,R_HPDOAi,ok,1,0,0,exact,internal,2,86938b48ab88
BIOMD0000001091,R_HPPKm,unconstrained_candidate_set,0,12312,0,exact,internal,0,86938b48ab88
BIOMD0000001091,R_HPT1_1,unconstrained_candidate_set,0,12312,0,exact,internal,0,86938b48ab88
BIOMD0000001091,R_HPYRI,ok,2,0,0,exact,internal,2,86938b48ab88
BIOMD0000001091,R_HPYRRx,ok,1,0,0,exact,internal,2,86938b48ab88
BIOMD0000001091,R_HPYRRy,ok,1,0,0,exact,internal,2,86938b48ab88
BIOMD0000001091,R_HSDx,ok,1,0,0,exact,internal,2,86938b48ab88
BIOMD0000001091,R_HSDy,ok,1,0,0,exact,internal,2,86938b48ab88
BIOMD0000001091,R_HSST,unconstrained_candidate_set,0,12312,0,exact,internal,0,86938b48ab88
BIOMD0000001091,R_HSTPTr,ok,1,0,0,exact,internal,4,86938b48ab88
BIOMD0000001091,R_HTDR6,ok,1,0,0,exact,internal,2,86938b48ab88
BIOMD0000001091,R_HXK1_4,unconstrained_candidate_set,0,12312,0,exact,internal,0,86938b48ab88
BIOMD0000001091,R_ICHORSi,ok,1,0,0,exact,internal,2,86938b48ab88
BIOMD0000001091,R_ICL,ok,1,0,0,exact,internal,3,86938b48ab88
BIOMD0000001091,R_IDP2_2,unconstrained_candidate_set,0,12312,0,exact,internal,0,86938b48ab88
BIOMD0000001091,R_IDP3_1,ok,1,0,0,exact,internal,2,86938b48ab88
BIOMD0000001091,R_IG3PS,unconstrained_candidate_set,0,12312,0,exact,internal,0,86938b48ab88
BIOMD0000001091,R_IGPDH,unconstrained_candidate_set,0,12312,0,exact,internal,0,86938b48ab88
BIOMD0000001091,R_ILV5_3,ok,1,0,0,exact,internal,2,86938b48ab88
BIOMD0000001091,R_IMPC,unconstrained_candidate_set,0,12312,0,exact,internal,0,86938b48ab88
BIOMD0000001091,R_INM1,unconstrained_candidate_set,0,12312,0,exact,internal,0,86938b48ab88
BIOMD0000001091,R_INS2D,ok,1,0,0,exact,internal,2,86938b48ab88
BIOMD0000001091,R_IPDDIi,ok,1,0,0,exact,internal,2,86938b48ab88
BIOMD0000001091,R_IPDPS,unconstrained_candidate_set,0,12312,0,exact,internal,0,86938b48ab88
BIOMD0000001091,R_IPMD,ok,1,0,0,exact,internal,2,86938b48ab88
BIOMD0000001091,R_IPPMIa,unconstrained_candidate_set,0,12312,0,exact,internal,0,86938b48ab88
BIOMD0000001091,R_IPPMIb,unconstrained_candidate_set,0,12312,0,exact,internal,0,86938b48ab88
BIOMD0000001091,R_IZPN,unconstrained_candidate_set,0,12312,0,exact,internal,0,86938b48ab88
BIOMD0000001091,R_KAT1,ok,4,0,0,exact,internal,3,86938b48ab88
BIOMD0000001091,R_KAT2,ok,1,0,0,exact,internal,4,86938b48ab88
BIOMD0000001091,R_KAT3,ok,1,0,0,exact,internal,4,86938b48ab88
BIOMD0000001091,R_KAT4,ok,1,0,0,exact,internal,4,86938b48ab88
BIOMD0000001091,R_KAT5,ok,1,0,0,exact,internal,4,86938b48ab88
BIOMD0000001091,R_KAT7,ok,1,0,0,exact,internal,4,86938b48ab88
BIOMD0000001091,R_KDOCT,unconstrained_candidate_set,0,12312,0,exact,internal,0,86938b48ab88
BIOMD0000001091,R_LDH_L,ok,1,0,0,exact,internal,2,86938b48ab88
BIOMD0000001091,R_LEU4,unconstrained_candidate_set,0,12312,0,exact,internal,0,86938b48ab88
BIOMD0000001091,R_LEUTAi,ok,1,0,0,exact,internal,4,86938b48ab88
BIOMD0000001091,R_LLEUD,unconstrained_candidate_set,0,12312,0,exact,internal,0,86938b48ab88
BIOMD0000001091,R_LPD1,ok,1,0,0,exact,internal,2,86938b48ab88
BIOMD0000001091,R_LYSDC,unconstrained_candidate_set,0,12312,0,exact,internal,0,86938b48ab88
BIOMD0000001091,R_M1PD,ok,2,0,0,exact,internal,2,86938b48ab88
BIOMD0000001091,R_MALS,unconstrained_candidate_set,0,12312,0,exact,internal,0,86938b48ab88
BIOMD0000001091,R_MAN1PT2_r,ok,1,0,0,exact,internal,3,86938b48ab88
BIOMD0000001091,R_MBCOAi,unconstrained_candidate_set,0,12312,0,exact,internal,0,86938b48ab88
BIOMD0000001091,R_MCCC,unconstrained_candidate_set,0,12312,0,exact,internal,0,86938b48ab88
BIOMD0000001091,R_MCITS,unconstrained_candidate_set,0,12312,0,exact,internal,0,86938b48ab88
BIOMD0000001091,R_MCMAT2,ok,1,0,0,exact,internal,5,86938b48ab88
BIOMD0000001091,R_MCMAT4,ok,1,0,0,exact,internal,5,86938b48ab88
BIOMD0000001091,R_MCPSTr,unconstrained_candidate_set,0,12312,0,exact,internal,0,86938b48ab88
BIOMD0000001091,R_MCT1,unconstrained_candidate_set,0,12312,0,exact,internal,0,86938b48ab88
BIOMD0000001091,R_MDH,ok,1,0,0,exact,internal,2,86938b48ab88
BIOMD0000001091,R_MDRPDr,unconstrained_candidate_set,0,12312,0,exact,internal,0,86938b48ab88
BIOMD0000001091,R_ME1x_D,ok,1,0,0,exact,internal,3,86938b48ab88
BIOMD0000001091,R_ME2,ok,1,0,0,exact,internal,3,86938b48ab88
BIOMD0000001091,R_MECDPS,ok,1,0,0,exact,internal,3,86938b48ab88
BIOMD0000001091,R_MEPCT,ok,1,0,0,exact,internal,3,86938b48ab88
BIOMD0000001091,R_MET12,ok,1,0,0,exact,internal,2,86938b48ab88
BIOMD0000001091,R_MET14,unconstrained_candidate_set,0,12312,0,exact,internal,0,86938b48ab88
BIOMD0000001091,R_MET17_3,unconstrained_candidate_set,0,12312,0,exact,internal,0,86938b48ab88
BIOMD0000001091,R_MET2,unconstrained_candidate_set,0,12312,0,exact,internal,0,86938b48ab88
BIOMD0000001091,R_MET22,unconstrained_candidate_set,0,12312,0,exact,internal,0,86938b48ab88
BIOMD0000001091,R_MET3,ok,1,0,0,exact,internal,2,86938b48ab88
BIOMD0000001091,R_METAT,unconstrained_candidate_set,0,12312,0,exact,internal,0,86938b48ab88
BIOMD0000001091,R_METB1,unconstrained_candidate_set,0,12312,0,exact,internal,0,86938b48ab88
BIOMD0000001091,R_METSMHPGLUT_b,ok,1,0,0,exact,internal,4,86938b48ab88
BIOMD0000001091,R_METSR_S1,unconstrained_candidate_set,0,12312,0,exact,internal,0,86938b48ab88
BIOMD0000001091,R_MGCOAH,unconstrained_candidate_set,0,12312,0,exact,internal,0,86938b48ab88
BIOMD0000001091,R_MGSA,ok,1,0,0,exact,internal,2,86938b48ab88
BIOMD0000001091,R_MHPGLUT,ok,1,0,0,exact,internal,4,86938b48ab88
BIOMD0000001091,R_MI1PP,unconstrained_candidate_set,0,12312,0,exact,internal,0,86938b48ab88
BIOMD0000001091,R_MI4PP,unconstrained_candidate_set,0,12312,0,exact,internal,0,86938b48ab88
BIOMD0000001091,R_MME,ok,1,0,0,exact,internal,2,86938b48ab88
BIOMD0000001091,R_MMM2,ok,1,0,0,exact,internal,2,86938b48ab88
BIOMD0000001091,R_MMSAD1,ok,2,0,0,exact,internal,4,86938b48ab88
BIOMD0000001091,R_MMSAD3,ok,1,0,0,exact,internal,4,86938b48ab88
BIOMD0000001091,R_MOHMT,unconstrained_candidate_set,0,12312,0,exact,internal,0,86938b48ab88
BIOMD0000001091,R_MSS4,ok,1,0,0,exact,internal,2,86938b48ab88
BIOMD0000001091,R_MTAN,unconstrained_candidate_set,0,12312,0,exact,internal,0,86938b48ab88
BIOMD0000001091,R_MTHFR2,ok,1,0,0,exact,internal,2,86938b48ab88
BIOMD0000001091,R_MTI,ok,1,0,0,exact,internal,2,86938b48ab88
BIOMD0000001091,R_MUQ1,ok,1,0,0,exact,internal,3,86938b48ab88
BIOMD0000001091,R_NADS2,unconstrained_candidate_set,0,12312,0,exact,internal,0,86938b48ab88
BIOMD0000001091,R_NAPRTr,ok,1,0,0,exact,internal,3,86938b48ab88
BIOMD0000001091,R_NDPK1,ok,1,0,0,exact,internal,2,86938b48ab88
BIOMD0000001091,R_NDPK5,ok,1,0,0,exact,internal,2,86938b48ab88
BIOMD0000001091,R_NDPK6,ok,1,0,0,exact,internal,2,86938b48ab88
BIOMD0000001091,R_NDPK7,ok,1,0,0,exact,internal,2,86938b48ab88
BIOMD0000001091,R_NDPK9,ok,1,0,0,exact,internal,2,86938b48ab88
BIOMD0000001091,R_NMNR,unconstrained_candidate_set,0,12312,0,exact,internal,0,86938b48ab88
BIOMD0000001091,R_NNATm,ok,1,0,0,exact,internal,2,86938b48ab88
BIOMD0000001091,R_NNDMBRT,ok,1,0,0,exact,internal,4,86938b48ab88
BIOMD0000001091,R_NODOx,unconstrained_candidate_set,0,12312,0,exact,internal,0,86938b48ab88
BIOMD0000001091,R_NODOy,unconstrained_candidate_set,0,12312,0,exact,internal,0,86938b48ab88
BIOMD0000001091,R_NPHSr,ok,1,0,0,exact,internal,3,86938b48ab88
BIOMD0000001091,R_NTD1,unconstrained_candidate_set,0,12312,0,exact,internal,0,86938b48ab88
BIOMD0000001091,R_NTD2,unconstrained_candidate_set,0,12312,0,exact,internal,0,86938b48ab88
BIOMD0000001091,R_NTD3,unconstrained_candidate_set,0,12312,0,exact,internal,0,86938b48ab88
BIOMD0000001091,R_NTD4,unconstrained_candidate_set,0,12312,0,exact,internal,0,86938b48ab88
BIOMD0000001091,R_NTD5pp,unconstrained_candidate_set,0,12312,0,exact,internal,0,86938b48ab88
BIOMD0000001091,R_NTD7pp,unconstrained_candidate_set,0,12312,0,exact,internal,0,86938b48ab88
BIOMD0000001091,R_NTD8pp,unconstrained_candidate_set,0,12312,0,exact,internal,0,86938b48ab88
BIOMD0000001091,R_OCMAT3,ok,1,0,0,exact,internal,2,86938b48ab88
BIOMD0000001091,R_OHPHM,unconstrained_candidate_set,0,12312,0,exact,internal,0,86938b48ab88
BIOMD0000001091,R_OMCDCm,unconstrained_candidate_set,0,12312,0,exact,internal,0,86938b48ab88
BIOMD0000001091,R_OPAH,unconstrained_candidate_set,0,12312,0,exact,internal,0,86938b48ab88
BIOMD0000001091,R_OPHBDC,unconstrained_candidate_set,0,12312,0,exact,internal,0,86938b48ab88
BIOMD0000001091,R_OPTCCL,unconstrained_candidate_set,0,12312,0,exact,internal,0,86938b48ab88
BIOMD0000001091,R_OXACOAL,ok,2,0,0,exact,internal,4,86938b48ab88
BIOMD0000001091,R_P5CD,unconstrained_candidate_set,0,12312,0,exact,internal,0,86938b48ab88
BIOMD0000001091,R_PAPPT2,unconstrained_candidate_set,0,12312,0,exact,internal,0,86938b48ab88
BIOMD0000001091,R_PAPPT3,unconstrained_candidate_set,0,12312,0,exact,internal,0,86938b48ab88
BIOMD0000001091,R_PASR,unconstrained_candidate_set,0,12312,0,exact,internal,0,86938b48ab88
BIOMD0000001091,R_PC11M,unconstrained_candidate_set,0,12312,0,exact,internal,0,86938b48ab88
BIOMD0000001091,R_PC17M,unconstrained_candidate_set,0,12312,0,exact,internal,0,86938b48ab88
BIOMD0000001091,R_PC20M,ok,1,0,0,exact,internal,4,86938b48ab88
BIOMD0000001091,R_PC8XM,unconstrained_candidate_set,0,12312,0,exact,internal,0,86938b48ab88
BIOMD0000001091,R_PDHbr,unconstrained_candidate_set,0,12312,0,exact,internal,0,86938b48ab88
BIOMD0000001091,R_PDX3_1,unconstrained_candidate_set,0,12312,0,exact,internal,0,86938b48ab88
BIOMD0000001091,R_PDX3_2,ok,1,0,0,exact,internal,2,86938b48ab88
BIOMD0000001091,R_PEPCK_re,ok,1,0,0,exact,internal,5,86938b48ab88
BIOMD0000001091,R_PFK,unconstrained_candidate_set,0,12312,0,exact,internal,0,86938b48ab88
BIOMD0000001091,R_PFK_3,unconstrained_candidate_set,0,12312,0,exact,internal,0,86938b48ab88
BIOMD0000001091,R_PFK_adp,unconstrained_candidate_set,0,12312,0,exact,internal,0,86938b48ab88
BIOMD0000001091,R_PGAMT,ok,1,0,0,exact,internal,2,86938b48ab88
BIOMD0000001091,R_PGGH,unconstrained_candidate_set,0,12312,0,exact,internal,0,86938b48ab88
BIOMD0000001091,R_PGI,ok,4,0,0,exact,internal,2,86938b48ab88
BIOMD0000001091,R_PGI1_2,ok,1,0,0,exact,internal,2,86938b48ab88
BIOMD0000001091,R_PGK,ok,1,0,0,exact,internal,2,86938b48ab88
BIOMD0000001091,R_PGM,ok,1,0,0,exact,internal,2,86938b48ab88
BIOMD0000001091,R_PGM1_2,ok,2,0,0,exact,internal,2,86938b48ab88
BIOMD0000001091,R_PHETA1,ok,1,0,0,exact,internal,4,86938b48ab88
BIOMD0000001091,R_PHO8,unconstrained_candidate_set,0,12312,0,exact,internal,0,86938b48ab88
BIOMD0000001091,R_PMI40,ok,2,0,0,exact,internal,2,86938b48ab88
BIOMD0000001091,R_PNC1_2,unconstrained_candidate_set,0,12312,0,exact,internal,0,86938b48ab88
BIOMD0000001091,R_PNP1_10,ok,1,0,0,exact,internal,3,86938b48ab88
BIOMD0000001091,R_PNP1_11,ok,1,0,0,exact,internal,3,86938b48ab88
BIOMD0000001091,R_PNP1_6,ok,1,0,0,exact,internal,3,86938b48ab88
BIOMD0000001091,R_PNP1_9,ok,1,0,0,exact,internal,3,86938b48ab88
BIOMD0000001091,R_PPA_1,unconstrained_candidate_set,0,12312,0,exact,internal,0,86938b48ab88
BIOMD0000001091,R_PPCDC,unconstrained_candidate_set,0,12312,0,exact,internal,0,86938b48ab88
BIOMD0000001091,R_PPCK,ok,1,0,0,exact,internal,3,86938b48ab88
BIOMD0000001091,R_PPM2,ok,1,0,0,exact,internal,2,86938b48ab88
BIOMD0000001091,R_PPNCL3,unconstrained_candidate_set,0,12312,0,exact,internal,0,86938b48ab88
BIOMD0000001091,R_PPNDH,unconstrained_candidate_set,0,12312,0,exact,internal,0,86938b48ab88
BIOMD0000001091,R_PPPGOm,unconstrained_candidate_set,0,12312,0,exact,internal,0,86938b48ab88
BIOMD0000001091,R_PPTT,unconstrained_candidate_set,0,12312,0,exact,internal,0,86938b48ab88
BIOMD0000001091,R_PRAI,ok,1,0,0,exact,internal,2,86938b48ab88
BIOMD0000001091,R_PRAIS,unconstrained_candidate_set,0,12312,0,exact,internal,0,86938b48ab88
BIOMD0000001091,R_PRAMPC,unconstrained_candidate_set,0,12312,0,exact,internal,0,86938b48ab88
BIOMD0000001091,R_PRASCS,unconstrained_candidate_set,0,12312,0,exact,internal,0,86938b48ab88
BIOMD0000001091,R_PRATPP,unconstrained_candidate_set,0,12312,0,exact,internal,0,86938b48ab88
BIOMD0000001091,R_PRDX,unconstrained_candidate_set,0,12312,0,exact,internal,0,86938b48ab88
BIOMD0000001091,R_PRFGS,unconstrained_candidate_set,0,12312,0,exact,internal,0,86938b48ab88
BIOMD0000001091,R_PRMICI,unconstrained_candidate_set,0,12312,0,exact,internal,0,86938b48ab88
BIOMD0000001091,R_PRO1x,ok,1,0,0,exact,internal,2,86938b48ab88
BIOMD0000001091,R_PRO1z,ok,1,0,0,exact,internal,4,86938b48ab88
BIOMD0000001091,R_PRO3_1,ok,1,0,0,exact,internal,2,86938b48ab88
BIOMD0000001091,R_PROPP,ok,1,0,0,exact,internal,2,86938b48ab88
BIOMD0000001091,R_PSA1,ok,1,0,0,exact,internal,3,86938b48ab88
BIOMD0000001091,R_PSCVTi,ok,1,0,0,exact,internal,3,86938b48ab88
BIOMD0000001091,R_PSERT,ok,1,0,0,exact,internal,4,86938b48ab88
BIOMD0000001091,R_PTA2r,ok,1,0,0,exact,internal,3,86938b48ab88
BIOMD0000001091,R_PTAr,ok,1,0,0,exact,internal,3,86938b48ab88
BIOMD0000001091,R_PTHKr,unconstrained_candidate_set,0,12312,0,exact,internal,0,86938b48ab88
BIOMD0000001091,R_PTPATim,ok,1,0,0,exact,internal,2,86938b48ab88
BIOMD0000001091,R_PUNP2,ok,1,0,0,exact,internal,3,86938b48ab88
BIOMD0000001091,R_PUNP4,ok,1,0,0,exact,internal,3,86938b48ab88
BIOMD0000001091,R_PUNP6,ok,1,0,0,exact,internal,3,86938b48ab88
BIOMD0000001091,R_PUTA3,unconstrained_candidate_set,0,12312,0,exact,internal,0,86938b48ab88
BIOMD0000001091,R_PYDXNK,unconstrained_candidate_set,0,12312,0,exact,internal,0,86938b48ab88
BIOMD0000001091,R_PYK,unconstrained_candidate_set,0,12312,0,exact,internal,0,86938b48ab88
BIOMD0000001091,R_PYNP1r,ok,1,0,0,exact,internal,3,86938b48ab88
BIOMD0000001091,R_PYNP2,ok,1,0,0,exact,internal,3,86938b48ab88
BIOMD0000001091,R_QNS1_2,unconstrained_candidate_set,0,12312,0,exact,internal,0,86938b48ab88
BIOMD0000001091,R_QPT1_1,unconstrained_candidate_set,0,12312,0,exact,internal,0,86938b48ab88
BIOMD0000001091,R_QULNS,unconstrained_candidate_set,0,12312,0,exact,internal,0,86938b48ab88
BIOMD0000001091,R_R00014,unconstrained_candidate_set,0,12312,0,exact,internal,0,86938b48ab88
BIOMD0000001091,R_R00015,ok,1,0,0,exact,internal,4,86938b48ab88
BIOMD0000001091,R_R00018,ok,1,0,0,exact,internal,3,86938b48ab88
BIOMD0000001091,R_R00066,unconstrained_candidate_set,0,12312,0,exact,internal,0,86938b48ab88
BIOMD0000001091,R_R00075,unconstrained_candidate_set,0,12312,0,exact,internal,0,86938b48ab88
BIOMD0000001091,R_R00081,unconstrained_candidate_set,0,12312,0,exact,internal,0,86938b48ab88
BIOMD0000001091,R_R00092,unconstrained_candidate_set,0,12312,0,exact,internal,0,86938b48ab88
BIOMD0000001091,R_R00145,unconstrained_candidate_set,0,12312,0,exact,internal,0,86938b48ab88
BIOMD0000001091,R_R00146,unconstrained_candidate_set,0,12312,0,exact,internal,0,86938b48ab88
BIOMD0000001091,R_R00149,unconstrained_candidate_set,0,12312,0,exact,internal,0,86938b48ab88
BIOMD0000001091,R_R00218,unconstrained_candidate_set,0,12312,0,exact,internal,0,86938b48ab88
BIOMD0000001091,R_R00221,ok,5,0,0,exact,internal,3,86938b48ab88
BIOMD0000001091,R_R00241,unconstrained_candidate_set,0,12312,0,exact,internal,0,86938b48ab88
BIOMD0000001091,R_R00264,unconstrained_candidate_set,0,12312,0,exact,internal,0,86938b48ab88
BIOMD0000001091,R_R00279,unconstrained_candidate_set,0,12312,0,exact,internal,0,86938b48ab88
BIOMD0000001091,R_R00321,unconstrained_candidate_set,0,12312,0,exact,internal,0,86938b48ab88
BIOMD0000001091,R_R00334,ok,2,0,0,exact,internal,3,86938b48ab88
BIOMD0000001091,R_R00353,ok,1,0,0,exact,internal,4,86938b48ab88
BIOMD0000001091,R_R00354,unconstrained_candidate_set,0,12312,0,exact,internal,0,86938b48ab88
BIOMD0000001091,R_R00359,unconstrained_candidate_set,0,12312,0,exact,internal,0,86938b48ab88
BIOMD0000001091,R_R00383,unconstrained_candidate_set,0,12312,0,exact,internal,0,86938b48ab88
BIOMD0000001091,R_R00396,unconstrained_candidate_set,0,12312,0,exact,internal,0,86938b48ab88
BIOMD0000001091,R_R00428,unconstrained_candidate_set,0,12312,0,exact,internal,0,86938b48ab88
BIOMD0000001091,R_R00452,unconstrained_candidate_set,0,12312,0,exact,internal,0,86938b48ab88
BIOMD0000001091,R_R00468,ok,1,0,0,exact,internal,3,86938b48ab88
BIOMD0000001091,R_R00474,unconstrained_candidate_set,0,12312,0,exact,internal,0,86938b48ab88
BIOMD0000001091,R_R00488,unconstrained_candidate_set,0,12312,0,exact,internal,0,86938b48ab88
BIOMD0000001091,R_R00516,unconstrained_candidate_set,0,12312,0,exact,internal,0,86938b48ab88
BIOMD0000001091,R_R00526,unconstrained_candidate_set,0,12312,0,exact,internal,0,86938b48ab88
BIOMD0000001091,R_R00540,unconstrained_candidate_set,0,12312,0,exact,internal,0,86938b48ab88
BIOMD0000001091,R_R00546,unconstrained_candidate_set,0,12312,0,exact,internal,0,86938b48ab88
BIOMD0000001091,R_R00551,unconstrained_candidate_set,0,12312,0,exact,internal,0,86938b48ab88
BIOMD0000001091,R_R00558,unconstrained_candidate_set,0,12312,0,exact,internal,0,86938b48ab88
BIOMD0000001091,R_R00565,ok,1,0,0,exact,internal,4,86938b48ab88
BIOMD0000001091,R_R00603,unconstrained_candidate_set,0,12312,0,exact,internal,0,86938b48ab88
BIOMD0000001091,R_R00621,unconstrained_candidate_set,0,12312,0,exact,internal,0,86938b48ab88
BIOMD0000001091,R_R00623,ok,9,0,0,exact,internal,2,86938b48ab88
BIOMD0000001091,R_R00624,ok,8,0,0,exact,internal,2,86938b48ab88
BIOMD0000001091,R_R00635,unconstrained_candidate_set,0,12312,0,exact,internal,0,86938b48ab88
BIOMD0000001091,R_R00643,unconstrained_candidate_set,0,12312,0,exact,internal,0,86938b48ab88
BIOMD0000001091,R_R00667,ok,1,0,0,exact,internal,4,86938b48ab88
BIOMD0000001091,R_R00671,ok,1,0,0,exact,internal,3,86938b48ab88
BIOMD0000001091,R_R00679,unconstrained_candidate_set,0,12312,0,exact,internal,0,86938b48ab88
BIOMD0000001091,R_R00697,ok,1,0,0,exact,internal,4,86938b48ab88
BIOMD0000001091,R_R00726,ok,1,0,0,exact,internal,5,86938b48ab88
BIOMD0000001091,R_R00740,ok,1,0,0,exact,internal,3,86938b48ab88
BIOMD0000001091,R_R00749,ok,3,0,0,exact,internal,3,86938b48ab88
BIOMD0000001091,R_R00753,ok,1,0,0,exact,internal,3,86938b48ab88
BIOMD0000001091,R_R00765,unconstrained_candidate_set,0,12312,0,exact,internal,0,86938b48ab88
BIOMD0000001091,R_R00782,unconstrained_candidate_set,0,12312,0,exact,internal,0,86938b48ab88
BIOMD0000001091,R_R00849,ok,1,0,0,exact,internal,4,86938b48ab88
BIOMD0000001091,R_R00866,unconstrained_candidate_set,0,12312,0,exact,internal,0,86938b48ab88
BIOMD0000001091,R_R00891,unconstrained_candidate_set,0,12312,0,exact,internal,0,86938b48ab88
BIOMD0000001091,R_R00906,unconstrained_candidate_set,0,12312,0,exact,internal,0,86938b48ab88
BIOMD0000001091,R_R00909,unconstrained_candidate_set,0,12312,0,exact,internal,0,86938b48ab88
BIOMD0000001091,R_R00926,unconstrained_candidate_set,0,12312,0,exact,internal,0,86938b48ab88
BIOMD0000001091,R_R00930,ok,1,0,0,exact,internal,4,86938b48ab88
BIOMD0000001091,R_R00967,unconstrained_candidate_set,0,12312,0,exact,internal,0,86938b48ab88
BIOMD0000001091,R_R00969,unconstrained_candidate_set,0,12312,0,exact,internal,0,86938b48ab88
BIOMD0000001091,R_R00977,ok,1,0,0,exact,internal,2,86938b48ab88
BIOMD0000001091,R_R00994,ok,1,0,0,exact,internal,3,86938b48ab88
BIOMD0000001091,R_R01049,unconstrained_candidate_set,0,12312,0,exact,internal,0,86938b48ab88
BIOMD0000001091,R_R01050,unconstrained_candidate_set,0,12312,0,exact,internal,0,86938b48ab88
BIOMD0000001091,R_R01055,unconstrained_candidate_set,0,12312,0,exact,internal,0,86938b48ab88
BIOMD0000001091,R_R01056,ok,1,0,0,exact,internal,2,86938b48ab88
BIOMD0000001091,R_R01057,ok,1,0,0,exact,internal,2,86938b48ab88
BIOMD0000001091,R_R01059,unconstrained_candidate_set,0,12312,0,exact,internal,0,86938b48ab88
BIOMD0000001091,R_R01081,ok,1,0,0,exact,internal,2,86938b48ab88
BIOMD0000001091,R_R01086,ok,1,0,0,exact,internal,3,86938b48ab88
BIOMD0000001091,R_R01091,ok,1,0,0,exact,internal,2,86938b48ab88
BIOMD0000001091,R_R01117,unconstrained_candidate_set,0,12312,0,exact,internal,0,86938b48ab88
BIOMD0000001091,R_R01163,unconstrained_candidate_set,0,12312,0,exact,internal,0,86938b48ab88
BIOMD0000001091,R_R01209,unconstrained_candidate_set,0,12312,0,exact,internal,0,86938b48ab88
BIOMD0000001091,R_R01216,ok,1,0,0,exact,internal,3,86938b48ab88
BIOMD0000001091,R_R01238,unconstrained_candidate_set,0,12312,0,exact,internal,0,86938b48ab88
BIOMD0000001091,R_R01257,unconstrained_candidate_set,0,12312,0,exact,internal,0,86938b48ab88
BIOMD0000001091,R_R01258,unconstrained_candidate_set,0,12312,0,exact,internal,0,86938b48ab88
BIOMD0000001091,R_R01354,ok,1,0,0,exact,internal,2,86938b48ab88
BIOMD0000001091,R_R01398,unconstrained_candidate_set,0,12312,0,exact,internal,0,86938b48ab88
BIOMD0000001091,R_R01414,ok,1,0,0,exact,internal,2,86938b48ab88
BIOMD0000001091,R_R01434,unconstrained_candidate_set,0,12312,0,exact,internal,0,86938b48ab88
BIOMD0000001091,R_R01440,ok,1,0,0,exact,internal,4,86938b48ab88
BIOMD0000001091,R_R01548,unconstrained_candidate_set,0,12312,0,exact,internal,0,86938b48ab88
BIOMD0000001091,R_R01549,unconstrained_candidate_set,0,12312,0,exact,internal,0,86938b48ab88
BIOMD0000001091,R_R01566,unconstrained_candidate_set,0,12312,0,exact,internal,0,86938b48ab88
BIOMD0000001091,R_R01583,unconstrained_candidate_set,0,12312,0,exact,internal,0,86938b48ab88
BIOMD0000001091,R_R01625,ok,1,0,0,exact,internal,4,86938b48ab88
BIOMD0000001091,R_R01654,unconstrained_candidate_set,0,12312,0,exact,internal,0,86938b48ab88
BIOMD0000001091,R_R01660,unconstrained_candidate_set,0,12312,0,exact,internal,0,86938b48ab88
BIOMD0000001091,R_R01686,ok,1,0,0,exact,internal,4,86938b48ab88
BIOMD0000001091,R_R01709,unconstrained_candidate_set,0,12312,0,exact,internal,0,86938b48ab88
BIOMD0000001091,R_R01731,ok,1,0,0,exact,internal,4,86938b48ab88
BIOMD0000001091,R_R01738,ok,1,0,0,exact,internal,2,86938b48ab88
BIOMD0000001091,R_R01747,ok,1,0,0,exact,internal,2,86938b48ab88
BIOMD0000001091,R_R01845,unconstrained_candidate_set,0,12312,0,exact,internal,0,86938b48ab88
BIOMD0000001091,R_R01875,unconstrained_candidate_set,0,12312,0,exact,internal,0,86938b48ab88
BIOMD0000001091,R_R01880,unconstrained_candidate_set,0,12312,0,exact,internal,0,86938b48ab88
BIOMD0000001091,R_R01919,ok,1,0,0,exact,internal,4,86938b48ab88
BIOMD0000001091,R_R01937,unconstrained_candidate_set,0,12312,0,exact,internal,0,86938b48ab88
BIOMD0000001091,R_R01954,unconstrained_candidate_set,0,12312,0,exact,internal,0,86938b48ab88
BIOMD0000001091,R_R01976,ok,2,0,0,exact,internal,2,86938b48ab88
BIOMD0000001091,R_R01980,unconstrained_candidate_set,0,12312,0,exact,internal,0,86938b48ab88
BIOMD0000001091,R_R01986,unconstrained_candidate_set,0,12312,0,exact,internal,0,86938b48ab88
BIOMD0000001091,R_R01989,ok,1,0,0,exact,internal,4,86938b48ab88
BIOMD0000001091,R_R02026,unconstrained_candidate_set,0,12312,0,exact,internal,0,86938b48ab88
BIOMD0000001091,R_R02091,unconstrained_candidate_set,0,12312,0,exact,internal,0,86938b48ab88
BIOMD0000001091,R_R02096,unconstrained_candidate_set,0,12312,0,exact,internal,0,86938b48ab88
BIOMD0000001091,R_R02097,unconstrained_candidate_set,0,12312,0,exact,internal,0,86938b48ab88
BIOMD0000001091,R_R02114,ok,1,0,0,exact,internal,4,86938b48ab88
BIOMD0000001091,R_R02123,unconstrained_candidate_set,0,12312,0,exact,internal,0,86938b48ab88
BIOMD0000001091,R_R02124,ok,1,0,0,exact,internal,3,86938b48ab88
BIOMD0000001091,R_R02145,unconstrained_candidate_set,0,12312,0,exact,internal,0,86938b48ab88
BIOMD0000001091,R_R02196,unconstrained_candidate_set,0,12312,0,exact,internal,0,86938b48ab88
BIOMD0000001091,R_R02233,unconstrained_candidate_set,0,12312,0,exact,internal,0,86938b48ab88
BIOMD0000001091,R_R02238,ok,1,0,0,exact,internal,3,86938b48ab88
BIOMD0000001091,R_R02280,unconstrained_candidate_set,0,12312,0,exact,internal,0,86938b48ab88
BIOMD0000001091,R_R02282,ok,1,0,0,exact,internal,4,86938b48ab88
BIOMD0000001091,R_R02287,ok,1,0,0,exact,internal,4,86938b48ab88
BIOMD0000001091,R_R02295,ok,1,0,0,exact,internal,3,86938b48ab88
BIOMD0000001091,R_R02313,unconstrained_candidate_set,0,12312,0,exact,internal,0,86938b48ab88
BIOMD0000001091,R_R02319,unconstrained_candidate_set,0,12312,0,exact,internal,0,86938b48ab88
BIOMD0000001091,R_R02327,unconstrained_candidate_set,0,12312,0,exact,internal,0,86938b48ab88
BIOMD0000001091,R_R02332,unconstrained_candidate_set,0,12312,0,exact,internal,0,86938b48ab88
BIOMD0000001091,R_R02366,unconstrained_candidate_set,0,12312,0,exact,internal,0,86938b48ab88
BIOMD0000001091,R_R02367,ok,1,0,0,exact,internal,5,86938b48ab88
BIOMD0000001091,R_R02371,unconstrained_candidate_set,0,12312,0,exact,internal,0,86938b48ab88
BIOMD0000001091,R_R02372,unconstrained_candidate_set,0,12312,0,exact,internal,0,86938b48ab88
BIOMD0000001091,R_R02384,unconstrained_candidate_set,0,12312,0,exact,internal,0,86938b48ab88
BIOMD0000001091,R_R02423,unconstrained_candidate_set,0,12312,0,exact,internal,0,86938b48ab88
BIOMD0000001091,R_R02430,ok,1,0,0,exact,internal,2,86938b48ab88
BIOMD0000001091,R_R02561,unconstrained_candidate_set,0,12312,0,exact,internal,0,86938b48ab88
BIOMD0000001091,R_R02562,unconstrained_candidate_set,0,12312,0,exact,internal,0,86938b48ab88
BIOMD0000001091,R_R02584,ok,1,0,0,exact,internal,2,86938b48ab88
BIOMD0000001091,R_R02615,ok,1,0,0,exact,internal,2,86938b48ab88
BIOMD0000001091,R_R02616,ok,1,0,0,exact,internal,4,86938b48ab88
BIOMD0000001091,R_R02625,unconstrained_candidate_set,0,12312,0,exact,internal,0,86938b48ab88
BIOMD0000001091,R_R02646,ok,1,0,0,exact,internal,3,86938b48ab88
BIOMD0000001091,R_R02657,unconstrained_candidate_set,0,12312,0,exact,internal,0,86938b48ab88
BIOMD0000001091,R_R02662,unconstrained_candidate_set,0,12312,0,exact,internal,0,86938b48ab88
BIOMD0000001091,R_R02670,ok,1,0,0,exact,internal,3,86938b48ab88
BIOMD0000001091,R_R02672,unconstrained_candidate_set,0,12312,0,exact,internal,0,86938b48ab88
BIOMD0000001091,R_R02698,unconstrained_candidate_set,0,12312,0,exact,internal,0,86938b48ab88
BIOMD0000001091,R_R02743,ok,1,0,0,exact,internal,3,86938b48ab88
BIOMD0000001091,R_R02755,unconstrained_candidate_set,0,12312,0,exact,internal,0,86938b48ab88
BIOMD0000001091,R_R02764,unconstrained_candidate_set,0,12312,0,exact,internal,0,86938b48ab88
BIOMD0000001091,R_R02770,ok,1,0,0,exact,internal,2,86938b48ab88
BIOMD0000001091,R_R02773,ok,1,0,0,exact,internal,4,86938b48ab88
BIOMD0000001091,R_R02797,unconstrained_candidate_set,0,12312,0,exact,internal,0,86938b48ab88
BIOMD0000001091,R_R02922,unconstrained_candidate_set,0,12312,0,exact,internal,0,86938b48ab88
BIOMD0000001091,R_R02941,unconstrained_candidate_set,0,12312,0,exact,internal,0,86938b48ab88
BIOMD0000001091,R_R02949,unconstrained_candidate_set,0,0,0,exact,,0,86938b48ab88
BIOMD0000001091,R_R03012,ok,1,0,0,exact,internal,2,86938b48ab88
BIOMD0000001091,R_R03024,unconstrained_candidate_set,0,12312,0,exact,internal,0,86938b48ab88
BIOMD0000001091,R_R03037,unconstrained_candidate_set,0,12312,0,exact,internal,0,86938b48ab88
BIOMD0000001091,R_R03045,unconstrained_candidate_set,0,12312,0,exact,internal,0,86938b48ab88
BIOMD0000001091,R_R03046,ok,1,0,0,exact,internal,3,86938b48ab88
BIOMD0000001091,R_R03050,ok,2,0,0,exact,internal,4,86938b48ab88
BIOMD0000001091,R_R03051,ok,1,0,0,exact,internal,2,86938b48ab88
BIOMD0000001091,R_R03052,ok,2,0,0,exact,internal,2,86938b48ab88
BIOMD0000001091,R_R03104,ok,2,0,0,exact,internal,2,86938b48ab88
BIOMD0000001091,R_R03105,unconstrained_candidate_set,0,12312,0,exact,internal,0,86938b48ab88
BIOMD0000001091,R_R03142,unconstrained_candidate_set,0,12312,0,exact,internal,0,86938b48ab88
BIOMD0000001091,R_R03161,unconstrained_candidate_set,0,12312,0,exact,internal,0,86938b48ab88
BIOMD0000001091,R_R03174,unconstrained_candidate_set,0,12312,0,exact,internal,0,86938b48ab88
BIOMD0000001091,R_R03189,unconstrained_candidate_set,0,12312,0,exact,internal,0,86938b48ab88
BIOMD0000001091,R_R03236,unconstrained_candidate_set,0,12312,0,exact,internal,0,86938b48ab88
BIOMD0000001091,R_R03266,ok,2,0,0,exact,internal,4,86938b48ab88
BIOMD0000001091,R_R03270,unconstrained_candidate_set,0,12312,0,exact,internal,0,86938b48ab88
BIOMD0000001091,R_R03288,unconstrained_candidate_set,0,12312,0,exact,internal,0,86938b48ab88
BIOMD0000001091,R_R03295,unconstrained_candidate_set,0,12312,0,exact,internal,0,86938b48ab88
BIOMD0000001091,R_R03299,unconstrained_candidate_set,0,12312,0,exact,internal,0,86938b48ab88
BIOMD0000001091,R_R03316,unconstrained_candidate_set,0,12312,0,exact,internal,0,86938b48ab88
BIOMD0000001091,R_R03334,ok,1,0,0,exact,internal,2,86938b48ab88
BIOMD0000001091,R_R03346,unconstrained_candidate_set,0,12312,0,exact,internal,0,86938b48ab88
BIOMD0000001091,R_R03375,ok,1,0,0,exact,internal,3,86938b48ab88
BIOMD0000001091,R_R03392,unconstrained_candidate_set,0,12312,0,exact,internal,0,86938b48ab88
BIOMD0000001091,R_R03410,unconstrained_candidate_set,0,12312,0,exact,internal,0,86938b48ab88
BIOMD0000001091,R_R03491,unconstrained_candidate_set,0,12312,0,exact,internal,0,86938b48ab88
BIOMD0000001091,R_R03508,unconstrained_candidate_set,0,12312,0,exact,internal,0,86938b48ab88
BIOMD0000001091,R_R03544,ok,1,0,0,exact,internal,2,86938b48ab88
BIOMD0000001091,R_R03607,unconstrained_candidate_set,0,12312,0,exact,internal,0,86938b48ab88
BIOMD0000001091,R_R03790,ok,1,0,0,exact,internal,2,86938b48ab88
BIOMD0000001091,R_R03819,ok,1,0,0,exact,internal,2,86938b48ab88
BIOMD0000001091,R_R03868,ok,1,0,0,exact,internal,2,86938b48ab88
BIOMD0000001091,R_R03871,unconstrained_candidate_set,0,12312,0,exact,internal,0,86938b48ab88
BIOMD0000001091,R_R03881,ok,1,0,0,exact,internal,2,86938b48ab88
BIOMD0000001091,R_R03901,ok,1,0,0,exact,internal,3,86938b48ab88
BIOMD0000001091,R_R03956,ok,1,0,0,exact,internal,4,86938b48ab88
BIOMD0000001091,R_R03969,unconstrained_candidate_set,0,12312,0,exact,internal,0,86938b48ab88
BIOMD0000001091,R_R03970,unconstrained_candidate_set,0,12312,0,exact,internal,0,86938b48ab88
BIOMD0000001091,R_R03975,unconstrained_candidate_set,0,12312,0,exact,internal,0,86938b48ab88
BIOMD0000001091,R_R03977,unconstrained_candidate_set,0,12312,0,exact,internal,0,86938b48ab88
BIOMD0000001091,R_R04002,unconstrained_candidate_set,0,12312,0,exact,internal,0,86938b48ab88
BIOMD0000001091,R_R04011,ok,1,0,0,exact,internal,4,86938b48ab88
BIOMD0000001091,R_R04013,unconstrained_candidate_set,0,12312,0,exact,internal,0,86938b48ab88
BIOMD0000001091,R_R04031,unconstrained_candidate_set,0,12312,0,exact,internal,0,86938b48ab88
BIOMD0000001091,R_R04038,ok,1,0,0,exact,internal,3,86938b48ab88
BIOMD0000001091,R_R04074,unconstrained_candidate_set,0,12312,0,exact,internal,0,86938b48ab88
BIOMD0000001091,R_R04085,unconstrained_candidate_set,0,12312,0,exact,internal,0,86938b48ab88
BIOMD0000001091,R_R04091,unconstrained_candidate_set,0,12312,0,exact,internal,0,86938b48ab88
BIOMD0000001091,R_R04097,unconstrained_candidate_set,0,12312,0,exact,internal,0,86938b48ab88
BIOMD0000001091,R_R04125,ok,1,0,0,exact,internal,5,86938b48ab88
BIOMD0000001091,R_R04143,unconstrained_candidate_set,0,12312,0,exact,internal,0,86938b48ab88
BIOMD0000001091,R_R04177,unconstrained_candidate_set,0,12312,0,exact,internal,0,86938b48ab88
BIOMD0000001091,R_R04198,unconstrained_candidate_set,0,12312,0,exact,internal,0,86938b48ab88
BIOMD0000001091,R_R04206,unconstrained_candidate_set,0,12312,0,exact,internal,0,86938b48ab88
BIOMD0000001091,R_R04247,unconstrained_candidate_set,0,12312,0,exact,internal,0,86938b48ab88
BIOMD0000001091,R_R04248,unconstrained_candidate_set,0,12312,0,exact,internal,0,86938b48ab88
BIOMD0000001091,R_R04266,ok,1,0,0,exact,internal,2,86938b48ab88
BIOMD0000001091,R_R04273,ok,1,0,0,exact,internal,2,86938b48ab88
BIOMD0000001091,R_R04318,unconstrained_candidate_set,0,12312,0,exact,internal,0,86938b48ab88
BIOMD0000001091,R_R04326,unconstrained_candidate_set,0,12312,0,exact,internal,0,86938b48ab88
BIOMD0000001091,R_R04336,unconstrained_candidate_set,0,12312,0,exact,internal,0,86938b48ab88
BIOMD0000001091,R_R04339,ok,1,0,0,exact,internal,2,86938b48ab88
BIOMD0000001091,R_R04340,ok,1,0,0,exact,internal,2,86938b48ab88
BIOMD0000001091,R_R04341,unconstrained_candidate_set,0,12312,0,exact,internal,0,86938b48ab88
BIOMD0000001091,R_R04386,ok,1,0,0,exact,internal,4,86938b48ab88
BIOMD0000001091,R_R04391,unconstrained_candidate_set,0,12312,0,exact,internal,0,86938b48ab88
BIOMD0000001091,R_R04420,ok,1,0,0,exact,internal,2,86938b48ab88
BIOMD0000001091,R_R04440,ok,1,0,0,exact,internal,2,86938b48ab88
BIOMD0000001091,R_R04486,unconstrained_candidate_set,0,12312,0,exact,internal,0,86938b48ab88
BIOMD0000001091,R_R04487,unconstrained_candidate_set,0,12312,0,exact,internal,0,86938b48ab88
BIOMD0000001091,R_R04488,unconstrained_candidate_set,0,12312,0,exact,internal,0,86938b48ab88
BIOMD0000001091,R_R04526,ok,1,0,0,exact,internal,4,86938b48ab88
BIOMD0000001091,R_R04564,unconstrained_candidate_set,0,12312,0,exact,internal,0,86938b48ab88
BIOMD0000001091,R_R04582,unconstrained_candidate_set,0,12312,0,exact,internal,0,86938b48ab88
BIOMD0000001091,R_R04639,unconstrained_candidate_set,0,12312,0,exact,internal,0,86938b48ab88
BIOMD0000001091,R_R04650,unconstrained_candidate_set,0,12312,0,exact,internal,0,86938b48ab88
BIOMD0000001091,R_R04673,ok,1,0,0,exact,internal,4,86938b48ab88
BIOMD0000001091,R_R04695,unconstrained_candidate_set,0,12312,0,exact,internal,0,86938b48ab88
BIOMD0000001091,R_R04719,unconstrained_candidate_set,0,12312,0,exact,internal,0,86938b48ab88
BIOMD0000001091,R_R04805,ok,1,0,0,exact,internal,2,86938b48ab88
BIOMD0000001091,R_R04810,ok,1,0,0,exact,internal,2,86938b48ab88
BIOMD0000001091,R_R04812,ok,1,0,0,exact,internal,2,86938b48ab88
BIOMD0000001091,R_R04858,unconstrained_candidate_set,0,12312,0,exact,internal,0,86938b48ab88
BIOMD0000001091,R_R04880,ok,1,0,0,exact,internal,2,86938b48ab88
BIOMD0000001091,R_R04904,unconstrained_candidate_set,0,12312,0,exact,internal,0,86938b48ab88
BIOMD0000001091,R_R04916,unconstrained_candidate_set,0,12312,0,exact,internal,0,86938b48ab88
BIOMD0000001091,R_R04917,unconstrained_candidate_set,0,12312,0,exact,internal,0,86938b48ab88
BIOMD0000001091,R_R04936,unconstrained_candidate_set,0,12312,0,exact,internal,0,86938b48ab88
BIOMD0000001091,R_R04942,unconstrained_candidate_set,0,12312,0,exact,internal,0,86938b48ab88
BIOMD0000001091,R_R04966,ok,1,0,0,exact,internal,2,86938b48ab88
BIOMD0000001091,R_R04969,ok,1,0,0,exact,internal,2,86938b48ab88
BIOMD0000001091,R_R05030,unconstrained_candidate_set,0,12312,0,exact,internal,0,86938b48ab88
BIOMD0000001091,R_R05032,ok,1,0,0,exact,internal,4,86938b48ab88
BIOMD0000001091,R_R05046,unconstrained_candidate_set,0,12312,0,exact,internal,0,86938b48ab88
BIOMD0000001091,R_R05048,ok,1,0,0,exact,internal,2,86938b48ab88
BIOMD0000001091,R_R05068,unconstrained_candidate_set,0,12312,0,exact,internal,0,86938b48ab88
BIOMD0000001091,R_R05069,ok,1,0,0,exact,internal,2,86938b48ab88
BIOMD0000001091,R_R05076,unconstrained_candidate_set,0,12312,0,exact,internal,0,86938b48ab88
BIOMD0000001091,R_R05113,unconstrained_candidate_set,0,12312,0,exact,internal,0,86938b48ab88
BIOMD0000001091,R_R05115,unconstrained_candidate_set,0,12312,0,exact,internal,0,86938b48ab88
BIOMD0000001091,R_R05133,unconstrained_candidate_set,0,12312,0,exact,internal,0,86938b48ab88
BIOMD0000001091,R_R05134,unconstrained_candidate_set,0,12312,0,exact,internal,0,86938b48ab88
BIOMD0000001091,R_R05145,unconstrained_candidate_set,0,12312,0,exact,internal,0,86938b48ab88
BIOMD0000001091,R_R05175,unconstrained_candidate_set,0,12312,0,exact,internal,0,86938b48ab88
BIOMD0000001091,R_R05179,unconstrained_candidate_set,0,12312,0,exact,internal,0,86938b48ab88
BIOMD0000001091,R_R05233,ok,1,0,0,exact,internal,2,86938b48ab88
BIOMD0000001091,R_R05234,ok,1,0,0,exact,internal,2,86938b48ab88
BIOMD0000001091,R_R05307,ok,1,0,0,exact,internal,3,86938b48ab88
BIOMD0000001091,R_R05339,ok,2,0,0,exact,internal,2,86938b48ab88
BIOMD0000001091,R_R05358,unconstrained_candidate_set,0,12312,0,exact,internal,0,86938b48ab88
BIOMD0000001091,R_R05363,unconstrained_candidate_set,0,12312,0,exact,internal,0,86938b48ab88
BIOMD0000001091,R_R05364,unconstrained_candidate_set,0,12312,0,exact,internal,0,86938b48ab88
BIOMD0000001091,R_R05365,unconstrained_candidate_set,0,12312,0,exact,internal,0,86938b48ab88
BIOMD0000001091,R_R05366,unconstrained_candidate_set,0,12312,0,exact,internal,0,86938b48ab88
BIOMD0000001091,R_R05465,unconstrained_candidate_set,0,12312,0,exact,internal,0,86938b48ab88
BIOMD0000001091,R_R05549,unconstrained_candidate_set,0,12312,0,exact,internal,0,86938b48ab88
BIOMD0000001091,R_R05554,unconstrained_candidate_set,0,12312,0,exact,internal,0,86938b48ab88
BIOMD0000001091,R_R05555,unconstrained_candidate_set,0,12312,0,exact,internal,0,86938b48ab88
BIOMD0000001091,R_R05562,unconstrained_candidate_set,0,12312,0,exact,internal,0,86938b48ab88
BIOMD0000001091,R_R05563,unconstrained_candidate_set,0,12312,0,exact,internal,0,86938b48ab88
BIOMD0000001091,R_R05566,ok,1,0,0,exact,internal,4,86938b48ab88
BIOMD0000001091,R_R05575,ok,1,0,0,exact,internal,2,86938b48ab88
BIOMD0000001091,R_R05576,ok,3,0,0,exact,internal,2,86938b48ab88
BIOMD0000001091,R_R05590,unconstrained_candidate_set,0,12312,0,exact,internal,0,86938b48ab88
BIOMD0000001091,R_R05594,unconstrained_candidate_set,0,12312,0,exact,internal,0,86938b48ab88
BIOMD0000001091,R_R05614,unconstrained_candidate_set,0,12312,0,exact,internal,0,86938b48ab88
BIOMD0000001091,R_R05643,unconstrained_candidate_set,0,12312,0,exact,internal,0,86938b48ab88
BIOMD0000001091,R_R05649,unconstrained_candidate_set,0,12312,0,exact,internal,0,86938b48ab88
BIOMD0000001091,R_R05701,unconstrained_candidate_set,0,12312,0,exact,internal,0,86938b48ab88
BIOMD0000001091,R_R05783,unconstrained_candidate_set,0,12312,0,exact,internal,0,86938b48ab88
BIOMD0000001091,R_R05807,ok,1,0,0,exact,internal,3,86938b48ab88
BIOMD0000001091,R_R05835,unconstrained_candidate_set,0,12312,0,exact,internal,0,86938b48ab88
BIOMD0000001091,R_R05884,unconstrained_candidate_set,0,12312,0,exact,internal,0,86938b48ab88
BIOMD0000001091,R_R05940,unconstrained_candidate_set,0,12312,0,exact,internal,0,86938b48ab88
BIOMD0000001091,R_R05998,unconstrained_candidate_set,0,12312,0,exact,internal,0,86938b48ab88
BIOMD0000001091,R_R06000,unconstrained_candidate_set,0,12312,0,exact,internal,0,86938b48ab88
BIOMD0000001091,R_R06005,unconstrained_candidate_set,0,12312,0,exact,internal,0,86938b48ab88
BIOMD0000001091,R_R06009,unconstrained_candidate_set,0,12312,0,exact,internal,0,86938b48ab88
BIOMD0000001091,R_R06012,unconstrained_candidate_set,0,12312,0,exact,internal,0,86938b48ab88
BIOMD0000001091,R_R06063,unconstrained_candidate_set,0,12312,0,exact,internal,0,86938b48ab88
BIOMD0000001091,R_R06064,unconstrained_candidate_set,0,12312,0,exact,internal,0,86938b48ab88
BIOMD0000001091,R_R06092,unconstrained_candidate_set,0,12312,0,exact,internal,0,86938b48ab88
BIOMD0000001091,R_R06134,unconstrained_candidate_set,0,12312,0,exact,internal,0,86938b48ab88
BIOMD0000001091,R_R06146,unconstrained_candidate_set,0,12312,0,exact,internal,0,86938b48ab88
BIOMD0000001091,R_R06147,unconstrained_candidate_set,0,12312,0,exact,internal,0,86938b48ab88
BIOMD0000001091,R_R06364,unconstrained_candidate_set,0,12312,0,exact,internal,0,86938b48ab88
BIOMD0000001091,R_R06371,unconstrained_candidate_set,0,12312,0,exact,internal,0,86938b48ab88
BIOMD0000001091,R_R06407,unconstrained_candidate_set,0,12312,0,exact,internal,0,86938b48ab88
BIOMD0000001091,R_R06408,unconstrained_candidate_set,0,12312,0,exact,internal,0,86938b48ab88
BIOMD0000001091,R_R06447,unconstrained_candidate_set,0,12312,0,exact,internal,0,86938b48ab88
BIOMD0000001091,R_R06558,unconstrained_candidate_set,0,12312,0,exact,internal,0,86938b48ab88
BIOMD0000001091,R_R06601,unconstrained_candidate_set,0,12312,0,exact,internal,0,86938b48ab88
BIOMD0000001091,R_R06602,ok,1,0,0,exact,internal,3,86938b48ab88
BIOMD0000001091,R_R06605,ok,1,0,0,exact,internal,3,86938b48ab88
BIOMD0000001091,R_R06736,ok,1,0,0,exact,internal,4,86938b48ab88
BIOMD0000001091,R_R06843,unconstrained_candidate_set,0,12312,0,exact,internal,0,86938b48ab88
BIOMD0000001091,R_R06858,unconstrained_candidate_set,0,12312,0,exact,internal,0,86938b48ab88
BIOMD0000001091,R_R06861,ok,1,0,0,exact,internal,4,86938b48ab88
BIOMD0000001091,R_R06862,ok,1,0,0,exact,internal,4,86938b48ab88
BIOMD0000001091,R_R06903,ok,1,0,0,exact,internal,3,86938b48ab88
BIOMD0000001091,R_R06914,unconstrained_candidate_set,0,12312,0,exact,internal,0,86938b48ab88
BIOMD0000001091,R_R06917,ok,1,0,0,exact,internal,2,86938b48ab88
BIOMD0000001091,R_R06918,unconstrained_candidate_set,0,12312,0,exact,internal,0,86938b48ab88
BIOMD0000001091,R_R06927,ok,1,0,0,exact,internal,2,86938b48ab88
BIOMD0000001091,R_R06928,unconstrained_candidate_set,0,12312,0,exact,internal,0,86938b48ab88
BIOMD0000001091,R_R06935,unconstrained_candidate_set,0,12312,0,exact,internal,0,86938b48ab88
BIOMD0000001091,R_R06941,unconstrained_candidate_set,0,12312,0,exact,internal,0,86938b48ab88
BIOMD0000001091,R_R06948,ok,1,0,0,exact,internal,2,86938b48ab88
BIOMD0000001091,R_R06951,unconstrained_candidate_set,0,12312,0,exact,internal,0,86938b48ab88
BIOMD0000001091,R_R06970,unconstrained_candidate_set,0,12312,0,exact,internal,0,86938b48ab88
BIOMD0000001091,R_R06971,unconstrained_candidate_set,0,12312,0,exact,internal,0,86938b48ab88
BIOMD0000001091,R_R06972,unconstrained_candidate_set,0,12312,0,exact,internal,0,86938b48ab88
BIOMD0000001091,R_R07034,unconstrained_candidate_set,0,12312,0,exact,internal,0,86938b48ab88
BIOMD0000001091,R_R07035,unconstrained_candidate_set,0,12312,0,exact,internal,0,86938b48ab88
BIOMD0000001091,R_R07105,unconstrained_candidate_set,0,12312,0,exact,internal,0,86938b48ab88
BIOMD0000001091,R_R07180,unconstrained_candidate_set,0,12312,0,exact,internal,0,86938b48ab88
BIOMD0000001091,R_R07208,unconstrained_candidate_set,0,12312,0,exact,internal,0,86938b48ab88
BIOMD0000001091,R_R07219,unconstrained_candidate_set,0,12312,0,exact,internal,0,86938b48ab88
BIOMD0000001091,R_R07237,unconstrained_candidate_set,0,12312,0,exact,internal,0,86938b48ab88
BIOMD0000001091,R_R07238,ok,1,0,0,exact,internal,4,86938b48ab88
BIOMD0000001091,R_R07245,unconstrained_candidate_set,0,12312,0,exact,internal,0,86938b48ab88
BIOMD0000001091,R_R07263,unconstrained_candidate_set,0,12312,0,exact,internal,0,86938b48ab88
BIOMD0000001091,R_R07302,unconstrained_candidate_set,0,12312,0,exact,internal,0,86938b48ab88
BIOMD0000001091,R_R07307,unconstrained_candidate_set,0,12312,0,exact,internal,0,86938b48ab88
BIOMD0000001091,R_R07311,unconstrained_candidate_set,0,12312,0,exact,internal,0,86938b48ab88
BIOMD0000001091,R_R07384,unconstrained_candidate_set,0,12312,0,exact,internal,0,86938b48ab88
BIOMD0000001091,R_R07417,unconstrained_candidate_set,0,12312,0,exact,internal,0,86938b48ab88
BIOMD0000001091,R_R07441,unconstrained_candidate_set,0,12312,0,exact,internal,0,86938b48ab88
BIOMD0000001091,R_R07442,unconstrained_candidate_set,0,12312,0,exact,internal,0,86938b48ab88
BIOMD0000001091,R_R07456,unconstrained_candidate_set,0,12312,0,exact,internal,0,86938b48ab88
BIOMD0000001091,R_R07463,unconstrained_candidate_set,0,12312,0,exact,internal,0,86938b48ab88
BIOMD0000001091,R_R07481,unconstrained_candidate_set,0,12312,0,exact,internal,0,86938b48ab88
BIOMD0000001091,R_R07515,unconstrained_candidate_set,0,12312,0,exact,internal,0,86938b48ab88
BIOMD0000001091,R_R07599,unconstrained_candidate_set,0,12312,0,exact,internal,0,86938b48ab88
BIOMD0000001091,R_R07600,unconstrained_candidate_set,0,12312,0,exact,internal,0,86938b48ab88
BIOMD0000001091,R_R07601,unconstrained_candidate_set,0,12312,0,exact,internal,0,86938b48ab88
BIOMD0000001091,R_R07602,unconstrained_candidate_set,0,12312,0,exact,internal,0,86938b48ab88
BIOMD0000001091,R_R07603,unconstrained_candidate_set,0,12312,0,exact,internal,0,86938b48ab88
BIOMD0000001091,R_R07604,unconstrained_candidate_set,0,12312,0,exact,internal,0,86938b48ab88
BIOMD0000001091,R_R07632,unconstrained_candidate_set,0,12312,0,exact,internal,0,86938b48ab88
BIOMD0000001091,R_R07633,unconstrained_candidate_set,0,12312,0,exact,internal,0,86938b48ab88
BIOMD0000001091,R_R07638,unconstrained_candidate_set,0,12312,0,exact,internal,0,86938b48ab88
BIOMD0000001091,R_R07765,ok,1,0,0,exact,internal,2,86938b48ab88
BIOMD0000001091,R_R07802,unconstrained_candidate_set,0,12312,0,exact,internal,0,86938b48ab88
BIOMD0000001091,R_R07831,unconstrained_candidate_set,0,12312,0,exact,internal,0,86938b48ab88
BIOMD0000001091,R_R07880,ok,1,0,0,exact,internal,4,86938b48ab88
BIOMD0000001091,R_R07882,ok,1,0,0,exact,internal,4,86938b48ab88
BIOMD0000001091,R_R07883,ok,1,0,0,exact,internal,4,86938b48ab88
BIOMD0000001091,R_R07890,ok,1,0,0,exact,internal,2,86938b48ab88
BIOMD0000001091,R_R07894,ok,1,0,0,exact,internal,2,86938b48ab88
BIOMD0000001091,R_R07898,ok,1,0,0,exact,internal,2,86938b48ab88
BIOMD0000001091,R_R07930,ok,1,0,0,exact,internal,4,86938b48ab88
BIOMD0000001091,R_R07931,ok,1,0,0,exact,internal,4,86938b48ab88
BIOMD0000001091,R_R07944,ok,1,0,0,exact,internal,4,86938b48ab88
BIOMD0000001091,R_R08051,unconstrained_candidate_set,0,12312,0,exact,internal,0,86938b48ab88
BIOMD0000001091,R_R08052,unconstrained_candidate_set,0,12312,0,exact,internal,0,86938b48ab88
BIOMD0000001091,R_R08059,ok,1,0,0,exact,internal,2,86938b48ab88
BIOMD0000001091,R_R08086,unconstrained_candidate_set,0,12312,0,exact,internal,0,86938b48ab88
BIOMD0000001091,R_R08087,unconstrained_candidate_set,0,12312,0,exact,internal,0,86938b48ab88
BIOMD0000001091,R_R08094,ok,1,0,0,exact,internal,2,86938b48ab88
BIOMD0000001091,R_R08096,unconstrained_candidate_set,0,12312,0,exact,internal,0,86938b48ab88
BIOMD0000001091,R_R08165,unconstrained_candidate_set,0,12312,0,exact,internal,0,86938b48ab88
BIOMD0000001091,R_R08166,ok,1,0,0,exact,internal,3,86938b48ab88
BIOMD0000001091,R_R08221,unconstrained_candidate_set,0,12312,0,exact,internal,0,86938b48ab88
BIOMD0000001091,R_R08227,unconstrained_candidate_set,0,12312,0,exact,internal,0,86938b48ab88
BIOMD0000001091,R_R08231,ok,1,0,0,exact,internal,3,86938b48ab88
BIOMD0000001091,R_R08281,ok,1,0,0,exact,internal,2,86938b48ab88
BIOMD0000001091,R_R08306,ok,1,0,0,exact,internal,2,86938b48ab88
BIOMD0000001091,R_R08310,ok,1,0,0,exact,internal,2,86938b48ab88
BIOMD0000001091,R_R08349,unconstrained_candidate_set,0,12312,0,exact,internal,0,86938b48ab88
BIOMD0000001091,R_R08362,unconstrained_candidate_set,0,12312,0,exact,internal,0,86938b48ab88
BIOMD0000001091,R_R08381,ok,1,0,0,exact,internal,4,86938b48ab88
BIOMD0000001091,R_R08385,unconstrained_candidate_set,0,12312,0,exact,internal,0,86938b48ab88
BIOMD0000001091,R_R08408,unconstrained_candidate_set,0,12312,0,exact,internal,0,86938b48ab88
BIOMD0000001091,R_R08504,unconstrained_candidate_set,0,12312,0,exact,internal,0,86938b48ab88
BIOMD0000001091,R_R08510,ok,1,0,0,exact,internal,2,86938b48ab88
BIOMD0000001091,R_R08515,ok,1,0,0,exact,internal,2,86938b48ab88
BIOMD0000001091,R_R08548,unconstrained_candidate_set,0,12312,0,exact,internal,0,86938b48ab88
BIOMD0000001091,R_R08558,ok,1,0,0,exact,internal,2,86938b48ab88
BIOMD0000001091,R_R08583,ok,1,0,0,exact,internal,2,86938b48ab88
BIOMD0000001091,R_R08657,ok,1,0,0,exact,internal,4,86938b48ab88
BIOMD0000001091,R_R08696,unconstrained_candidate_set,0,12312,0,exact,internal,0,86938b48ab88
BIOMD0000001091,R_R08713,unconstrained_candidate_set,0,12312,0,exact,internal,0,86938b48ab88
BIOMD0000001091,R_R08944,unconstrained_candidate_set,0,12312,0,exact,internal,0,86938b48ab88
BIOMD0000001091,R_R08951,unconstrained_candidate_set,0,12312,0,exact,internal,0,86938b48ab88
BIOMD0000001091,R_R08952,unconstrained_candidate_set,0,12312,0,exact,internal,0,86938b48ab88
BIOMD0000001091,R_R10221,ok,1,0,0,exact,internal,3,86938b48ab88
BIOMD0000001091,R_RAFGH,unconstrained_candidate_set,0,12312,0,exact,internal,0,86938b48ab88
BIOMD0000001091,R_RBFK,unconstrained_candidate_set,0,12312,0,exact,internal,0,86938b48ab88
BIOMD0000001091,R_RBK_Dr,unconstrained_candidate_set,0,12312,0,exact,internal,0,86938b48ab88
BIOMD0000001091,R_RBKr,unconstrained_candidate_set,0,12312,0,exact,internal,0,86938b48ab88
BIOMD0000001091,R_RBZP,unconstrained_candidate_set,0,12312,0,exact,internal,0,86938b48ab88
BIOMD0000001091,R_RIB1,unconstrained_candidate_set,0,12312,0,exact,internal,0,86938b48ab88
BIOMD0000001091,R_RIB5,unconstrained_candidate_set,0,12312,0,exact,internal,0,86938b48ab88
BIOMD0000001091,R_RIB7_1,unconstrained_candidate_set,0,12312,0,exact,internal,0,86938b48ab88
BIOMD0000001091,R_RIB7_2,ok,1,0,0,exact,internal,2,86938b48ab88
BIOMD0000001091,R_RIOR,unconstrained_candidate_set,0,12312,0,exact,internal,0,86938b48ab88
BIOMD0000001091,R_RNDR1,unconstrained_candidate_set,0,12312,0,exact,internal,0,86938b48ab88
BIOMD0000001091,R_RNDR2n,unconstrained_candidate_set,0,12312,0,exact,internal,0,86938b48ab88
BIOMD0000001091,R_RNDR3,unconstrained_candidate_set,0,12312,0,exact,internal,0,86938b48ab88
BIOMD0000001091,R_RNDR4n,unconstrained_candidate_set,0,12312,0,exact,internal,0,86938b48ab88
BIOMD0000001091,R_RNMK,unconstrained_candidate_set,0,12312,0,exact,internal,0,86938b48ab88
BIOMD0000001091,R_RPE,ok,1,0,0,exact,internal,2,86938b48ab88
BIOMD0000001091,R_SAH1,unconstrained_candidate_set,0,12312,0,exact,internal,0,86938b48ab88
BIOMD0000001091,R_SALADC2,unconstrained_candidate_set,0,12312,0,exact,internal,0,86938b48ab88
BIOMD0000001091,R_SAM24MT,unconstrained_candidate_set,0,12312,0,exact,internal,0,86938b48ab88
BIOMD0000001091,R_SCT1_2,ok,1,0,0,exact,internal,4,86938b48ab88
BIOMD0000001091,R_SDH3_1,unconstrained_candidate_set,0,12312,0,exact,internal,0,86938b48ab88
BIOMD0000001091,R_SEC53,ok,1,0,0,exact,internal,2,86938b48ab88
BIOMD0000001091,R_SELCYSS,unconstrained_candidate_set,0,12312,0,exact,internal,0,86938b48ab88
BIOMD0000001091,R_SER1_2,ok,1,0,0,exact,internal,4,86938b48ab88
BIOMD0000001091,R_SER3,ok,1,0,0,exact,internal,2,86938b48ab88
BIOMD0000001091,R_SERAT,ok,1,0,0,exact,internal,4,86938b48ab88
BIOMD0000001091,R_SER_AL,ok,4,0,0,exact,internal,3,86938b48ab88
BIOMD0000001091,R_SHCHD2,ok,1,0,0,exact,internal,2,86938b48ab88
BIOMD0000001091,R_SHCHF,ok,1,0,0,exact,internal,3,86938b48ab88
BIOMD0000001091,R_SHK3Dr,ok,1,0,0,exact,internal,2,86938b48ab88
BIOMD0000001091,R_SHKK,unconstrained_candidate_set,0,12312,0,exact,internal,0,86938b48ab88
BIOMD0000001091,R_SHM1,unconstrained_candidate_set,0,12312,0,exact,internal,0,86938b48ab88
BIOMD0000001091,R_SHSL1r,unconstrained_candidate_set,0,12312,0,exact,internal,0,86938b48ab88
BIOMD0000001091,R_SHSL2,unconstrained_candidate_set,0,12312,0,exact,internal,0,86938b48ab88
BIOMD0000001091,R_SODr,ok,1,0,0,exact,internal,4,86938b48ab88
BIOMD0000001091,R_SPE2,ok,1,0,0,exact,internal,3,86938b48ab88
BIOMD0000001091,R_SPMS,unconstrained_candidate_set,0,12312,0,exact,internal,0,86938b48ab88
BIOMD0000001091,R_SQLEer,unconstrained_candidate_set,0,12312,0,exact,internal,0,86938b48ab88
BIOMD0000001091,R_SUC2,unconstrained_candidate_set,0,12312,0,exact,internal,0,86938b48ab88
BIOMD0000001091,R_SUCBZL,unconstrained_candidate_set,0,12312,0,exact,internal,0,86938b48ab88
BIOMD0000001091,R_SUCOAS,ok,1,0,0,exact,internal,3,86938b48ab88
BIOMD0000001091,R_SULR,unconstrained_candidate_set,0,12312,0,exact,internal,0,86938b48ab88
BIOMD0000001091,R_TALA,ok,2,0,0,exact,internal,4,86938b48ab88
BIOMD0000001091,R_TARTDC,unconstrained_candidate_set,0,12312,0,exact,internal,0,86938b48ab88
BIOMD0000001091,R_TARTRDH,ok,1,0,0,exact,internal,2,86938b48ab88
BIOMD0000001091,R_TARTRDH2,ok,1,0,0,exact,internal,2,86938b48ab88
BIOMD0000001091,R_TDP,unconstrained_candidate_set,0,12312,0,exact,internal,0,86938b48ab88
BIOMD0000001091,R_THFATm,unconstrained_candidate_set,0,12312,0,exact,internal,0,86938b48ab88
BIOMD0000001091,R_THFGLUS,unconstrained_candidate_set,0,12312,0,exact,internal,0,86938b48ab88
BIOMD0000001091,R_THI20_2,unconstrained_candidate_set,0,12312,0,exact,internal,0,86938b48ab88
BIOMD0000001091,R_THI21,unconstrained_candidate_set,0,12312,0,exact,internal,0,86938b48ab88
BIOMD0000001091,R_THI6_2,ok,1,0,0,exact,internal,3,86938b48ab88
BIOMD0000001091,R_THI80_1,unconstrained_candidate_set,0,12312,0,exact,internal,0,86938b48ab88
BIOMD0000001091,R_THR1,unconstrained_candidate_set,0,12312,0,exact,internal,0,86938b48ab88
BIOMD0000001091,R_THR4_1,unconstrained_candidate_set,0,12312,0,exact,internal,0,86938b48ab88
BIOMD0000001091,R_THR4_2,unconstrained_candidate_set,0,12312,0,exact,internal,0,86938b48ab88
BIOMD0000001091,R_THRPD,unconstrained_candidate_set,0,12312,0,exact,internal,0,86938b48ab88
BIOMD0000001091,R_TKT1,ok,1,0,0,exact,internal,4,86938b48ab88
BIOMD0000001091,R_TKT2,ok,2,0,0,exact,internal,4,86938b48ab88
BIOMD0000001091,R_TMDPP,ok,1,0,0,exact,internal,3,86938b48ab88
BIOMD0000001091,R_TMN,unconstrained_candidate_set,0,12312,0,exact,internal,0,86938b48ab88
BIOMD0000001091,R_TPI,ok,2,0,0,exact,internal,2,86938b48ab88
BIOMD0000001091,R_TPRDCOAS,ok,1,0,0,exact,internal,3,86938b48ab88
BIOMD0000001091,R_TRDR,unconstrained_candidate_set,0,12312,0,exact,internal,0,86938b48ab88
BIOMD0000001091,R_TRE6PH,unconstrained_candidate_set,0,12312,0,exact,internal,0,86938b48ab88
BIOMD0000001091,R_TRIA,unconstrained_candidate_set,0,12312,0,exact,internal,0,86938b48ab88
BIOMD0000001091,R_TRP2_2,ok,1,0,0,exact,internal,3,86938b48ab88
BIOMD0000001091,R_TRPO2,ok,1,0,0,exact,internal,2,86938b48ab88
BIOMD0000001091,R_TRPS1r,unconstrained_candidate_set,0,12312,0,exact,internal,0,86938b48ab88
BIOMD0000001091,R_TRPS2,unconstrained_candidate_set,0,12312,0,exact,internal,0,86938b48ab88
BIOMD0000001091,R_TRPS3r,ok,1,0,0,exact,internal,3,86938b48ab88
BIOMD0000001091,R_TYR1,ok,1,0,0,exact,internal,3,86938b48ab88
BIOMD0000001091,R_U15,unconstrained_candidate_set,0,12312,0,exact,internal,0,86938b48ab88
BIOMD0000001091,R_U16,unconstrained_candidate_set,0,12312,0,exact,internal,0,86938b48ab88
BIOMD0000001091,R_U17,unconstrained_candidate_set,0,12312,0,exact,internal,0,86938b48ab88
BIOMD0000001091,R_U18,unconstrained_candidate_set,0,12312,0,exact,internal,0,86938b48ab88
BIOMD0000001091,R_U19,unconstrained_candidate_set,0,12312,0,exact,internal,0,86938b48ab88
BIOMD0000001091,R_U26,unconstrained_candidate_set,0,12312,0,exact,internal,0,86938b48ab88
BIOMD0000001091,R_U31,unconstrained_candidate_set,0,12312,0,exact,internal,0,86938b48ab88
BIOMD0000001091,R_U32,unconstrained_candidate_set,0,12312,0,exact,internal,0,86938b48ab88
BIOMD0000001091,R_U33,unconstrained_candidate_set,0,12312,0,exact,internal,0,86938b48ab88
BIOMD0000001091,R_U52,ok,1,0,0,exact,internal,3,86938b48ab88
BIOMD0000001091,R_U53,unconstrained_candidate_set,0,12312,0,exact,internal,0,86938b48ab88
BIOMD0000001091,R_U56,unconstrained_candidate_set,0,12312,0,exact,internal,0,86938b48ab88
BIOMD0000001091,R_U78,unconstrained_candidate_set,0,12312,0,exact,internal,0,86938b48ab88
BIOMD0000001091,R_U79,unconstrained_candidate_set,0,12312,0,exact,internal,0,86938b48ab88
BIOMD0000001091,R_U82,unconstrained_candidate_set,0,12312,0,exact,internal,0,86938b48ab88
BIOMD0000001091,R_U83,unconstrained_candidate_set,0,12312,0,exact,internal,0,86938b48ab88
BIOMD0000001091,R_U89,unconstrained_candidate_set,0,12312,0,exact,internal,0,86938b48ab88
BIOMD0000001091,R_U92,unconstrained_candidate_set,0,12312,0,exact,internal,0,86938b48ab88
BIOMD0000001091,R_U98,unconstrained_candidate_set,0,12312,0,exact,internal,0,86938b48ab88
BIOMD0000001091,R_UAAGDS,unconstrained_candidate_set,0,12312,0,exact,internal,0,86938b48ab88
BIOMD0000001091,R_UAAGLS1,unconstrained_candidate_set,0,12312,0,exact,internal,0,86938b48ab88
BIOMD0000001091,R_UAG2E,ok,1,0,0,exact,internal,2,86938b48ab88
BIOMD0000001091,R_UAG2EMA,unconstrained_candidate_set,0,12312,0,exact,internal,0,86938b48ab88
BIOMD0000001091,R_UAG4E,ok,1,0,0,exact,internal,2,86938b48ab88
BIOMD0000001091,R_UAGCVT,ok,1,0,0,exact,internal,3,86938b48ab88
BIOMD0000001091,R_UAGDPr,ok,1,0,0,exact,internal,3,86938b48ab88
BIOMD0000001091,R_UAGPT2,ok,1,0,0,exact,internal,4,86938b48ab88
BIOMD0000001091,R_UAMAGS,unconstrained_candidate_set,0,12312,0,exact,internal,0,86938b48ab88
BIOMD0000001091,R_UAMAS,unconstrained_candidate_set,0,12312,0,exact,internal,0,86938b48ab88
BIOMD0000001091,R_UAPGR,ok,1,0,0,exact,internal,2,86938b48ab88
BIOMD0000001091,R_UDCPDP,unconstrained_candidate_set,0,12312,0,exact,internal,0,86938b48ab88
BIOMD0000001091,R_UDPGALM,ok,1,0,0,exact,internal,2,86938b48ab88
BIOMD0000001091,R_UDPGDi,unconstrained_candidate_set,0,12312,0,exact,internal,0,86938b48ab88
BIOMD0000001091,R_UGMDDS,unconstrained_candidate_set,0,12312,0,exact,internal,0,86938b48ab88
BIOMD0000001091,R_UNK3,ok,1,0,0,exact,internal,4,86938b48ab88
BIOMD0000001091,R_UPP3S,unconstrained_candidate_set,0,12312,0,exact,internal,0,86938b48ab88
BIOMD0000001091,R_UPPDC1,unconstrained_candidate_set,0,12312,0,exact,internal,0,86938b48ab88
BIOMD0000001091,R_UPPDC2,unconstrained_candidate_set,0,12312,0,exact,internal,0,86938b48ab88
BIOMD0000001091,R_URA3,unconstrained_candidate_set,0,12312,0,exact,internal,0,86938b48ab88
BIOMD0000001091,R_URA4,unconstrained_candidate_set,0,12312,0,exact,internal,0,86938b48ab88
BIOMD0000001091,R_URA5,unconstrained_candidate_set,0,12312,0,exact,internal,0,86938b48ab88
BIOMD0000001091,R_URA6_1,unconstrained_candidate_set,0,12312,0,exact,internal,0,86938b48ab88
BIOMD0000001091,R_URA7_2,unconstrained_candidate_set,0,12312,0,exact,internal,0,86938b48ab88
BIOMD0000001091,R_URA8_1,unconstrained_candidate_set,0,12312,0,exact,internal,0,86938b48ab88
BIOMD0000001091,R_URCN,unconstrained_candidate_set,0,12312,0,exact,internal,0,86938b48ab88
BIOMD0000001091,R_UREA2,unconstrained_candidate_set,0,12312,0,exact,internal,0,86938b48ab88
BIOMD0000001091,R_URFGTT,unconstrained_candidate_set,0,12312,0,exact,internal,0,86938b48ab88
BIOMD0000001091,R_URIDK3,unconstrained_candidate_set,0,12312,0,exact,internal,0,86938b48ab88
BIOMD0000001091,R_URIK2,unconstrained_candidate_set,0,12312,0,exact,internal,0,86938b48ab88
BIOMD0000001091,R_URIK3,unconstrained_candidate_set,0,12312,0,exact,internal,0,86938b48ab88
BIOMD0000001091,R_URK1_2,unconstrained_candidate_set,0,12312,0,exact,internal,0,86938b48ab88
BIOMD0000001091,R_URK1_3,unconstrained_candidate_set,0,12312,0,exact,internal,0,86938b48ab88
BIOMD0000001091,R_UTR1_1,unconstrained_candidate_set,0,12312,0,exact,internal,0,86938b48ab88
BIOMD0000001091,R_XAND,unconstrained_candidate_set,0,12312,0,exact,internal,0,86938b48ab88
BIOMD0000001091,R_XANDa,unconstrained_candidate_set,0,12312,0,exact,internal,0,86938b48ab88
BIOMD0000001091,R_XPPT,unconstrained_candidate_set,0,12312,0,exact,internal,0,86938b48ab88
BIOMD0000001091,R_XYLI1,ok,1,0,0,exact,internal,2,86938b48ab88
BIOMD0000001091,R_XYLI2i,unconstrained_candidate_set,0,12312,0,exact,internal,0,86938b48ab88
BIOMD0000001091,R_YBR184W_2,unconstrained_candidate_set,0,12312,0,exact,internal,0,86938b48ab88
BIOMD0000001091,R_YDR531W,unconstrained_candidate_set,0,12312,0,exact,internal,0,86938b48ab88
BIOMD0000001091,R_YGR287C,unconstrained_candidate_set,0,12312,0,exact,internal,0,86938b48ab88
BIOMD0000001091,R_YHL012W,ok,1,0,0,exact,internal,3,86938b48ab88
BIOMD0000001091,R_YIL145C,unconstrained_candidate_set,0,12312,0,exact,internal,0,86938b48ab88
BIOMD0000001091,R_YJR105W,unconstrained_candidate_set,0,12312,0,exact,internal,0,86938b48ab88
BIOMD0000001091,R_YLR328W_3,ok,1,0,0,exact,internal,4,86938b48ab88
BIOMD0000001091,R_YML082W,unconstrained_candidate_set,0,12312,0,exact,internal,0,86938b48ab88
BIOMD0000001091,R_YMR293C,unconstrained_candidate_set,0,12312,0,exact,internal,0,86938b48ab88
BIOMD0000001091,R_YNK1_1,ok,1,0,0,exact,internal,2,86938b48ab88
BIOMD0000001091,R_YNK1_2,ok,1,0,0,exact,internal,2,86938b48ab88
BIOMD0000001091,R_YNK1_6,ok,1,0,0,exact,internal,2,86938b48ab88
BIOMD0000001091,R_YNK1_7,ok,1,0,0,exact,internal,2,86938b48ab88
BIOMD0000001091,R_YPL276W,ok,2,0,0,exact,internal,2,86938b48ab88
BIOMD0000001091,R_or_NDC,unconstrained_candidate_set,0,12312,0,exact,internal,0,86938b48ab88
BIOMD0000001092,R_ACALD,no_candidates,0,0,1,up,internal,4,86938b48ab88
BIOMD0000001092,R_ACCOAC,no_candidates,0,0,0,exact,internal,4,86938b48ab88
BIOMD0000001092,R_ACGK,ok,1,0,0,exact,internal,2,86938b48ab88
BIOMD0000001092,R_ACHBS,no_candidates,0,0,0,exact,internal,4,86938b48ab88
BIOMD0000001092,R_ACKr,ok,1,0,0,exact,internal,2,86938b48ab88
BIOMD0000001092,R_ACLS,no_candidates,0,0,2,up,internal,4,86938b48ab88
BIOMD0000001092,R_ACOATA,no_candidates,0,0,0,exact,internal,4,86938b48ab88
BIOMD0000001092,R_ACONT,ok,1,0,1,down+up,internal,6,86938b48ab88
BIOMD0000001092,R_ACOTA,ok,1,0,2,up,internal,7,86938b48ab88
BIOMD0000001092,R_ACYP_2,no_candidates,0,0,0,exact,internal,3,86938b48ab88
BIOMD0000001092,R_ADA,no_candidates,0,0,2,up,internal,6,86938b48ab88
BIOMD0000001092,R_ADAPAT,no_candidates,0,0,2,up,internal,7,86938b48ab88
BIOMD0000001092,R_ADCL,no_candidates,0,0,0,exact,internal,3,86938b48ab88
BIOMD0000001092,R_ADCS,ok,2,0,2,up,internal,8,86938b48ab88
BIOMD0000001092,R_ADK1,ok,1,0,0,exact,internal,3,86938b48ab88
BIOMD0000001092,R_ADMDC,ok,1,0,0,exact,internal,3,86938b48ab88
BIOMD0000001092,R_ADPT,no_candidates,0,0,2,up,internal,4,86938b48ab88
BIOMD0000001092,R_ADSK,no_candidates,0,0,0,exact,internal,2,86938b48ab88
BIOMD0000001092,R_ADSL1r,no_candidates,0,0,2,up,internal,5,86938b48ab88
BIOMD0000001092,R_ADSL2r,no_candidates,0,0,2,up,internal,4,86938b48ab88
BIOMD0000001092,R_ADSS,no_candidates,0,0,0,exact,internal,6,86938b48ab88
BIOMD0000001092,R_AGPR,no_candidates,0,0,1,down+up,internal,3,86938b48ab88
BIOMD0000001092,R_AHCYSNS,no_candidates,0,0,0,exact,internal,4,86938b48ab88
BIOMD0000001092,R_AHSERL2,no_candidates,0,0,0,exact,internal,5,86938b48ab88
BIOMD0000001092,R_AICART,ok,1,0,0,exact,internal,4,86938b48ab88
BIOMD0000001092,R_AKGDH,no_candidates,0,0,1,up,internal,5,86938b48ab88
BIOMD0000001092,R_AKP1,no_candidates,0,0,0,exact,internal,3,86938b48ab88
BIOMD0000001092,R_ALAALAr,no_candidates,0,0,0,exact,internal,2,86938b48ab88
BIOMD0000001092,R_ALAR,ok,1,0,2,up,internal,6,86938b48ab88
BIOMD0000001092,R_ALCD19,no_candidates,0,0,1,up,internal,3,86938b48ab88
BIOMD0000001092,R_ALKP,no_candidates,0,0,0,exact,internal,3,86938b48ab88
BIOMD0000001092,R_AMAOTr,ok,1,0,0,exact,internal,4,86938b48ab88
BIOMD0000001092,R_AMPDAPT,ok,4,0,0,exact,internal,2,86938b48ab88
BIOMD0000001092,R_AMSPAT,ok,4,0,0,exact,internal,2,86938b48ab88
BIOMD0000001092,R_AMSPNAT,ok,4,0,0,exact,internal,2,86938b48ab88
BIOMD0000001092,R_ANPRT,no_candidates,0,0,0,exact,internal,3,86938b48ab88
BIOMD0000001092,R_ANS,no_candidates,0,0,2,up,internal,9,86938b48ab88
BIOMD0000001092,R_AOXSr2,no_candidates,0,0,2,up,internal,9,86938b48ab88
BIOMD0000001092,R_APRAUR,no_candidates,0,0,1,down+up,internal,3,86938b48ab88
BIOMD0000001092,R_ARGSL,no_candidates,0,0,2,up,internal,5,86938b48ab88
BIOMD0000001092,R_ARGSS,no_candidates,0,0,2,up,internal,6,86938b48ab88
BIOMD0000001092,R_ASAD,no_candidates,0,0,1,down+up,internal,3,86938b48ab88
BIOMD0000001092,R_ASNS1,no_candidates,0,0,2,up,internal,13,86938b48ab88
BIOMD0000001092,R_ASNS2,no_candidates,0,0,2,up,internal,9,86938b48ab88
BIOMD0000001092,R_ASNabc,no_candidates,0,0,0,exact,internal,3,86938b48ab88
BIOMD0000001092,R_ASP1DC,no_candidates,0,0,0,exact,internal,4,86938b48ab88
BIOMD0000001092,R_ASPCT,no_candidates,0,0,0,exact,internal,4,86938b48ab88
BIOMD0000001092,R_ASPK,ok,1,0,0,exact,internal,3,86938b48ab88
BIOMD0000001092,R_ASPO2,no_candidates,0,0,1,up,internal,4,86938b48ab88
BIOMD0000001092,R_ASPT,no_candidates,0,0,2,up,internal,7,86938b48ab88
BIOMD0000001092,R_ASPTA,ok,1,0,2,up,internal,8,86938b48ab88
BIOMD0000001092,R_ASPTA6,ok,1,0,2,up,internal,9,86938b48ab88
BIOMD0000001092,R_ASPabc,no_candidates,0,0,0,exact,internal,3,86938b48ab88
BIOMD0000001092,R_ATPM,no_candidates,0,0,0,exact,internal,6,86938b48ab88
BIOMD0000001092,R_ATPPRT,no_candidates,0,0,0,exact,internal,2,86938b48ab88
BIOMD0000001092,R_BGLA,no_candidates,0,0,2,up,internal,7,86938b48ab88
BIOMD0000001092,R_BPNT,no_candidates,0,0,2,up,internal,4,86938b48ab88
BIOMD0000001092,R_CBPS,no_candidates,0,0,2,up,internal,10,86938b48ab88
BIOMD0000001092,R_CDPMEK,no_candidates,0,0,0,exact,internal,2,86938b48ab88
BIOMD0000001092,R_CEPA,no_candidates,0,0,2,down+up,internal,8,86938b48ab88
BIOMD0000001092,R_CHORM,ok,1,0,0,exact,internal,2,86938b48ab88
BIOMD0000001092,R_CHORS,ok,1,0,0,exact,internal,2,86938b48ab88
BIOMD0000001092,R_CS,no_candidates,0,0,2,up,internal,6,86938b48ab88
BIOMD0000001092,R_CTPS2,no_candidates,0,0,2,up,internal,9,86938b48ab88
BIOMD0000001092,R_CYSS,no_candidates,0,0,0,exact,internal,5,86938b48ab88
BIOMD0000001092,R_CYSTL,no_candidates,0,0,2,up,internal,8,86938b48ab88
BIOMD0000001092,R_CYTD,no_candidates,0,0,2,up,internal,6,86938b48ab88
BIOMD0000001092,R_CYTDK2,no_candidates,0,0,0,exact,internal,4,86938b48ab88
BIOMD0000001092,R_CYTK1,ok,1,0,0,exact,internal,2,86938b48ab88
BIOMD0000001092,R_CYTK2,ok,1,0,0,exact,internal,2,86938b48ab88
BIOMD0000001092,R_DABAAT,no_candidates,0,0,2,up,internal,7,86938b48ab88
BIOMD0000001092,R_DABC,no_candidates,0,0,0,exact,internal,3,86938b48ab88
BIOMD0000001092,R_DAPDA,no_candidates,0,0,0,exact,internal,4,86938b48ab88
BIOMD0000001092,R_DAPDC,no_candidates,0,0,0,exact,internal,4,86938b48ab88
BIOMD0000001092,R_DAPE,ok,1,0,0,exact,internal,2,86938b48ab88
BIOMD0000001092,R_DB4PS,no_candidates,0,0,1,down,internal,4,86938b48ab88
BIOMD0000001092,R_DBTS,no_candidates,0,0,2,up,internal,5,86938b48ab88
BIOMD0000001092,R_DCMPDA,no_candidates,0,0,2,up,internal,6,86938b48ab88
BIOMD0000001092,R_DCYTD,no_candidates,0,0,2,up,internal,6,86938b48ab88
BIOMD0000001092,R_DDGLK,no_candidates,0,0,1,up,internal,3,86938b48ab88
BIOMD0000001092,R_DDPA,no_candidates,0,0,1,up,internal,5,86938b48ab88
BIOMD0000001092,R_DHAD1,no_candidates,0,0,0,exact,internal,3,86938b48ab88
BIOMD0000001092,R_DHAD2,no_candidates,0,0,0,exact,internal,3,86938b48ab88
BIOMD0000001092,R_DHFR,no_candidates,0,0,1,down+up,internal,3,86938b48ab88
BIOMD0000001092,R_DHFS,no_candidates,0,0,2,up,internal,6,86938b48ab88
BIOMD0000001092,R_DHORD_NAD,no_candidates,0,0,2,up,internal,4,86938b48ab88
BIOMD0000001092,R_DHORTS,no_candidates,0,0,2,up,internal,4,86938b48ab88
BIOMD0000001092,R_DHQS,no_candidates,0,0,1,up,internal,3,86938b48ab88
BIOMD0000001092,R_DHQTi,no_candidates,0,0,0,exact,internal,3,86938b48ab88
BIOMD0000001092,R_DMATT,ok,1,0,0,exact,internal,4,86938b48ab88
BIOMD0000001092,R_DNMPPA,no_candidates,0,0,0,exact,internal,3,86938b48ab88
BIOMD0000001092,R_DNTPPA,no_candidates,0,0,0,exact,internal,3,86938b48ab88
BIOMD0000001092,R_DPCOAK,no_candidates,0,0,0,exact,internal,2,86938b48ab88
BIOMD0000001092,R_DPR,no_candidates,0,0,1,down+up,internal,3,86938b48ab88
BIOMD0000001092,R_DP_octe_9,no_candidates,0,0,0,exact,internal,2,86938b48ab88
BIOMD0000001092,R_DRPA,ok,1,0,0,exact,internal,4,86938b48ab88
BIOMD0000001092,R_DTMPK,ok,1,0,0,exact,internal,2,86938b48ab88
BIOMD0000001092,R_DURIK1,no_candidates,0,0,0,exact,internal,2,86938b48ab88
BIOMD0000001092,R_DUTPDP,no_candidates,0,0,0,exact,internal,3,86938b48ab88
BIOMD0000001092,R_DXPRIi,no_candidates,0,0,1,down+up,internal,3,86938b48ab88
BIOMD0000001092,R_DXPS,no_candidates,0,0,0,exact,internal,5,86938b48ab88
BIOMD0000001092,R_EDA,no_candidates,0,0,1,up,internal,5,86938b48ab88
BIOMD0000001092,R_EDD,no_candidates,0,0,1,up,internal,4,86938b48ab88
BIOMD0000001092,R_EGMER,no_candidates,0,0,1,down+up,internal,3,86938b48ab88
BIOMD0000001092,R_ENO,no_candidates,0,0,2,up,internal,4,86938b48ab88
BIOMD0000001092,R_EPMER,no_candidates,0,0,1,down+up,internal,3,86938b48ab88
BIOMD0000001092,R_FBA,ok,2,0,0,exact,internal,4,86938b48ab88
BIOMD0000001092,R_FBA2,ok,1,0,0,exact,internal,3,86938b48ab88
BIOMD0000001092,R_FMNAT,no_candidates,0,0,0,exact,internal,2,86938b48ab88
BIOMD0000001092,R_FTHFLi,ok,1,0,0,exact,internal,3,86938b48ab88
BIOMD0000001092,R_FUM,no_candidates,0,0,2,up,internal,4,86938b48ab88
BIOMD0000001092,R_G3PD1ir,no_candidates,0,0,1,up,internal,3,86938b48ab88
BIOMD0000001092,R_G5SADs,no_candidates,0,0,0,exact,internal,4,86938b48ab88
BIOMD0000001092,R_G5SD,no_candidates,0,0,1,down+up,internal,3,86938b48ab88
BIOMD0000001092,R_G6PDA,no_candidates,0,0,2,up,internal,6,86938b48ab88
BIOMD0000001092,R_G6PDH2r,no_candidates,0,0,2,down+up,internal,5,86938b48ab88
BIOMD0000001092,R_GALKr,no_candidates,0,0,2,up,internal,6,86938b48ab88
BIOMD0000001092,R_GALT,no_candidates,0,0,0,exact,internal,4,86938b48ab88
BIOMD0000001092,R_GALUi,no_candidates,0,0,1,down+up,internal,5,86938b48ab88
BIOMD0000001092,R_GAPD,no_candidates,0,0,1,up,internal,4,86938b48ab88
BIOMD0000001092,R_GARFT,no_candidates,0,0,0,exact,internal,4,86938b48ab88
BIOMD0000001092,R_GDH1,no_candidates,0,0,2,up,internal,10,86938b48ab88
BIOMD0000001092,R_GHMT2r,no_candidates,0,0,0,exact,internal,6,86938b48ab88
BIOMD0000001092,R_GK1,ok,1,0,0,exact,internal,2,86938b48ab88
BIOMD0000001092,R_GLGC,no_candidates,0,0,1,down+up,internal,4,86938b48ab88
BIOMD0000001092,R_GLNS,no_candidates,0,0,2,up,internal,9,86938b48ab88
BIOMD0000001092,R_GLU5K,ok,1,0,2,up,internal,5,86938b48ab88
BIOMD0000001092,R_GLUCYS,no_candidates,0,0,2,up,internal,7,86938b48ab88
BIOMD0000001092,R_GLUDxi,no_candidates,0,0,2,up,internal,10,86938b48ab88
BIOMD0000001092,R_GLUDy,no_candidates,0,0,2,down+up,internal,10,86938b48ab88
BIOMD0000001092,R_GLUN,no_candidates,0,0,2,up,internal,10,86938b48ab88
BIOMD0000001092,R_GLUPRT,no_candidates,0,0,2,up,internal,9,86938b48ab88
BIOMD0000001092,R_GLUR,no_candidates,0,0,2,up,internal,5,86938b48ab88
BIOMD0000001092,R_GLUSy,no_candidates,0,0,2,down+up,internal,8,86938b48ab88
BIOMD0000001092,R_GLYCDx,no_candidates,0,0,1,up,internal,3,86938b48ab88
BIOMD0000001092,R_GLYCK2,no_candidates,0,0,2,up,internal,3,86938b48ab88
BIOMD0000001092,R_GLYCL,no_candidates,0,0,2,up,internal,8,86938b48ab88
BIOMD0000001092,R_GLYCL_2,no_candidates,0,0,2,up,internal,8,86938b48ab88
BIOMD0000001092,R_GLYK,no_candidates,0,0,0,exact,internal,2,86938b48ab88
BIOMD0000001092,R_GMPS2,no_candidates,0,0,2,up,internal,11,86938b48ab88
BIOMD0000001092,R_GND,no_candidates,0,0,1,down+up,internal,6,86938b48ab88
BIOMD0000001092,R_GRTT,no_candidates,0,0,2,up,internal,5,86938b48ab88
BIOMD0000001092,R_GTHS,no_candidates,0,0,0,exact,internal,3,86938b48ab88
BIOMD0000001092,R_GTPCI,no_candidates,0,0,0,exact,internal,4,86938b48ab88
BIOMD0000001092,R_GUAPRT,no_candidates,0,0,0,exact,internal,3,86938b48ab88
BIOMD0000001092,R_GUI1,no_candidates,0,0,1,up,internal,3,86938b48ab88
BIOMD0000001092,R_Glycogent,no_candidates,0,0,1,up,internal,2,86938b48ab88
BIOMD0000001092,R_HCO3E,no_candidates,0,0,0,exact,internal,4,86938b48ab88
BIOMD0000001092,R_HEX1,no_candidates,0,0,2,up,internal,6,86938b48ab88
BIOMD0000001092,R_HEX4,no_candidates,0,0,2,up,internal,4,86938b48ab88
BIOMD0000001092,R_HEX7,no_candidates,0,0,0,exact,internal,5,86938b48ab88
BIOMD0000001092,R_HISTD,no_candidates,0,0,2,up,internal,6,86938b48ab88
BIOMD0000001092,R_HISTP,no_candidates,0,0,2,up,internal,4,86938b48ab88
BIOMD0000001092,R_HPYRRx,no_candidates,0,0,2,up,internal,4,86938b48ab88
BIOMD0000001092,R_HSDy,no_candidates,0,0,1,down+up,internal,3,86938b48ab88
BIOMD0000001092,R_HSERTA,ok,1,0,0,exact,internal,4,86938b48ab88
BIOMD0000001092,R_HSK,no_candidates,0,0,0,exact,internal,2,86938b48ab88
BIOMD0000001092,R_HSTPT,no_candidates,0,0,2,up,internal,7,86938b48ab88
BIOMD0000001092,R_HXPRT,no_candidates,0,0,0,exact,internal,3,86938b48ab88
BIOMD0000001092,R_ICDHyr,no_candidates,0,0,1,down+up,internal,4,86938b48ab88
BIOMD0000001092,R_IG3PS,no_candidates,0,0,2,up,internal,9,86938b48ab88
BIOMD0000001092,R_IGPDH,no_candidates,0,0,0,exact,internal,3,86938b48ab88
BIOMD0000001092,R_IGPS,no_candidates,0,0,1,up,internal,5,86938b48ab88
BIOMD0000001092,R_ILETA,ok,1,0,2,up,internal,8,86938b48ab88
BIOMD0000001092,R_IMPC,no_candidates,0,0,0,exact,internal,3,86938b48ab88
BIOMD0000001092,R_IMPD,no_candidates,0,0,1,up,internal,4,86938b48ab88
BIOMD0000001092,R_IPDDI,ok,1,0,0,exact,internal,3,86938b48ab88
BIOMD0000001092,R_IPMD,no_candidates,0,0,2,up,internal,5,86938b48ab88
BIOMD0000001092,R_IPPMIa,no_candidates,0,0,2,up,internal,5,86938b48ab88
BIOMD0000001092,R_IPPMIb,no_candidates,0,0,0,exact,internal,3,86938b48ab88
BIOMD0000001092,R_IPPS,no_candidates,0,0,0,exact,internal,5,86938b48ab88
BIOMD0000001092,R_KARA1,no_candidates,0,0,2,down+up,internal,4,86938b48ab88
BIOMD0000001092,R_KAS14,ok,1,0,0,exact,internal,4,86938b48ab88
BIOMD0000001092,R_LACZ,no_candidates,0,0,2,up,internal,9,86938b48ab88
BIOMD0000001092,R_LCADi,no_candidates,0,0,1,up,internal,5,86938b48ab88
BIOMD0000001092,R_LDH_L,no_candidates,0,0,1,up,internal,3,86938b48ab88
BIOMD0000001092,R_LEUTA,ok,1,0,2,up,internal,8,86938b48ab88
BIOMD0000001092,R_LYSDC,no_candidates,0,0,0,exact,internal,4,86938b48ab88
BIOMD0000001092,R_MALT,no_candidates,0,0,2,up,internal,6,86938b48ab88
BIOMD0000001092,R_MAN6PI,ok,2,0,0,exact,internal,2,86938b48ab88
BIOMD0000001092,R_MANAO,no_candidates,0,0,1,up,internal,3,86938b48ab88
BIOMD0000001092,R_MCOATA,ok,1,0,0,exact,internal,3,86938b48ab88
BIOMD0000001092,R_MDH,no_candidates,0,0,1,up,internal,3,86938b48ab88
BIOMD0000001092,R_ME1,no_candidates,0,0,1,up,internal,4,86938b48ab88
BIOMD0000001092,R_MECDPS,ok,1,0,0,exact,internal,3,86938b48ab88
BIOMD0000001092,R_MEPCT,no_candidates,0,0,0,exact,internal,3,86938b48ab88
BIOMD0000001092,R_METAT,no_candidates,0,0,2,up,internal,5,86938b48ab88
BIOMD0000001092,R_METB1,no_candidates,0,0,0,exact,internal,5,86938b48ab88
BIOMD0000001092,R_METS,no_candidates,0,0,0,exact,internal,6,86938b48ab88
BIOMD0000001092,R_MNLDH2,no_candidates,0,0,2,up,internal,7,86938b48ab88
BIOMD0000001092,R_MNLDHr,no_candidates,0,0,2,up,internal,6,86938b48ab88
BIOMD0000001092,R_MNNH,no_candidates,0,0,0,exact,internal,3,86938b48ab88
BIOMD0000001092,R_MOHMT,no_candidates,0,0,0,exact,internal,5,86938b48ab88
BIOMD0000001092,R_MTHFC,no_candidates,0,0,0,exact,internal,3,86938b48ab88
BIOMD0000001092,R_MTHFD,no_candidates,0,0,1,down+up,internal,3,86938b48ab88
BIOMD0000001092,R_MTHFR2,no_candidates,0,0,1,up,internal,3,86938b48ab88
BIOMD0000001092,R_NADK,no_candidates,0,0,1,down,internal,6,86938b48ab88
BIOMD0000001092,R_NADS1,no_candidates,0,0,2,up,internal,7,86938b48ab88
BIOMD0000001092,R_NAMNPP,no_candidates,0,0,0,exact,internal,4,86938b48ab88
BIOMD0000001092,R_NDPK1,ok,1,0,0,exact,internal,2,86938b48ab88
BIOMD0000001092,R_NDPK2,ok,1,0,0,exact,internal,2,86938b48ab88
BIOMD0000001092,R_NDPK3,ok,1,0,0,exact,internal,2,86938b48ab88
BIOMD0000001092,R_NDPK4,ok,1,0,0,exact,internal,2,86938b48ab88
BIOMD0000001092,R_NDPK5,ok,1,0,0,exact,internal,2,86938b48ab88
BIOMD0000001092,R_NDPK7,ok,1,0,0,exact,internal,2,86938b48ab88
BIOMD0000001092,R_NDPK8,ok,1,0,0,exact,internal,2,86938b48ab88
BIOMD0000001092,R_NMNAT,no_candidates,0,0,0,exact,internal,5,86938b48ab88
BIOMD0000001092,R_NMNHYD,no_candidates,0,0,0,exact,internal,3,86938b48ab88
BIOMD0000001092,R_NNAM,no_candidates,0,0,2,up,internal,6,86938b48ab88
BIOMD0000001092,R_NNATr,no_candidates,0,0,2,up,internal,3,86938b48ab88
BIOMD0000001092,R_NNDPR,no_candidates,0,0,0,exact,internal,4,86938b48ab88
BIOMD0000001092,R_NNOR,no_candidates,0,0,1,down+up,internal,1,86938b48ab88
BIOMD0000001092,R_NP1,no_candidates,0,0,0,exact,internal,3,86938b48ab88
BIOMD0000001092,R_NT5C,no_candidates,0,0,0,exact,internal,3,86938b48ab88
BIOMD0000001092,R_NTD1,no_candidates,0,0,0,exact,internal,3,86938b48ab88
BIOMD0000001092,R_NTD10,no_candidates,0,0,0,exact,internal,3,86938b48ab88
BIOMD0000001092,R_NTD11,no_candidates,0,0,0,exact,internal,3,86938b48ab88
BIOMD0000001092,R_NTD2,no_candidates,0,0,0,exact,internal,3,86938b48ab88
BIOMD0000001092,R_NTD3,no_candidates,0,0,0,exact,internal,3,86938b48ab88
BIOMD0000001092,R_NTD4,no_candidates,0,0,0,exact,internal,3,86938b48ab88
BIOMD0000001092,R_NTD5,no_candidates,0,0,0,exact,internal,3,86938b48ab88
BIOMD0000001092,R_NTD6,no_candidates,0,0,0,exact,internal,3,86938b48ab88
BIOMD0000001092,R_NTD7,no_candidates,0,0,2,up,internal,4,86938b48ab88
BIOMD0000001092,R_NTD8,no_candidates,0,0,2,up,internal,5,86938b48ab88
BIOMD0000001092,R_NTD9,no_candidates,0,0,0,exact,internal,3,86938b48ab88
BIOMD0000001092,R_NTPP1,no_candidates,0,0,2,up,internal,5,86938b48ab88
BIOMD0000001092,R_NTPP2,no_candidates,0,0,0,exact,internal,3,86938b48ab88
BIOMD0000001092,R_NTPP3,no_candidates,0,0,0,exact,internal,3,86938b48ab88
BIOMD0000001092,R_NTPP4,no_candidates,0,0,0,exact,internal,3,86938b48ab88
BIOMD0000001092,R_NTPP6,no_candidates,0,0,2,up,internal,3,86938b48ab88
BIOMD0000001092,R_NTPP7,no_candidates,0,0,0,exact,internal,3,86938b48ab88
BIOMD0000001092,R_NTPP8,no_candidates,0,0,0,exact,internal,3,86938b48ab88
BIOMD0000001092,R_OAADC,no_candidates,0,0,0,exact,internal,3,86938b48ab88
BIOMD0000001092,R_OCBT,no_candidates,0,0,0,exact,internal,4,86938b48ab88
BIOMD0000001092,R_OGMES,no_candidates,0,0,2,up,internal,7,86938b48ab88
BIOMD0000001092,R_OMCDC,no_candidates,0,0,0,exact,internal,3,86938b48ab88
BIOMD0000001092,R_OMPDC,no_candidates,0,0,0,exact,internal,3,86938b48ab88
BIOMD0000001092,R_ORNDC,no_candidates,0,0,0,exact,internal,4,86938b48ab88
BIOMD0000001092,R_ORNTA,ok,1,0,2,up,internal,8,86938b48ab88
BIOMD0000001092,R_ORNTAC,ok,1,0,2,up,internal,8,86938b48ab88
BIOMD0000001092,R_ORPT,ok,1,0,1,up,internal,4,86938b48ab88
BIOMD0000001092,R_OXADC,no_candidates,0,0,0,exact,internal,3,86938b48ab88
BIOMD0000001092,R_P5CR,no_candidates,0,0,1,down+up,internal,5,86938b48ab88
BIOMD0000001092,R_PANTS,no_candidates,0,0,2,up,internal,6,86938b48ab88
BIOMD0000001092,R_PAPSR,no_candidates,0,0,1,down,internal,7,86938b48ab88
BIOMD0000001092,R_PC,no_candidates,0,0,0,exact,internal,4,86938b48ab88
BIOMD0000001092,R_PGAMT,no_candidates,0,0,0,exact,internal,2,86938b48ab88
BIOMD0000001092,R_PGK,ok,1,0,1,up,internal,5,86938b48ab88
BIOMD0000001092,R_PGL,no_candidates,0,0,1,up,internal,4,86938b48ab88
BIOMD0000001092,R_PGM,ok,1,0,1,up,internal,3,86938b48ab88
BIOMD0000001092,R_PGMT,no_candidates,0,0,2,down+up,internal,5,86938b48ab88
BIOMD0000001092,R_PHETA1,ok,1,0,2,up,internal,8,86938b48ab88
BIOMD0000001092,R_PLS_RQ7,no_candidates,0,0,1,up,internal,2,86938b48ab88
BIOMD0000001092,R_PMDPHT,no_candidates,0,0,0,exact,internal,3,86938b48ab88
BIOMD0000001092,R_PNP,no_candidates,0,0,0,exact,internal,3,86938b48ab88
BIOMD0000001092,R_PNTK,no_candidates,0,0,1,up,internal,3,86938b48ab88
BIOMD0000001092,R_PPA,no_candidates,0,0,0,exact,internal,5,86938b48ab88
BIOMD0000001092,R_PPCDC,no_candidates,0,0,0,exact,internal,3,86938b48ab88
BIOMD0000001092,R_PPDK,no_candidates,0,0,2,up,internal,5,86938b48ab88
BIOMD0000001092,R_PPM2,ok,1,0,0,exact,internal,2,86938b48ab88
BIOMD0000001092,R_PPNCL2,no_candidates,0,0,0,exact,internal,6,86938b48ab88
BIOMD0000001092,R_PPND,no_candidates,0,0,2,up,internal,5,86938b48ab88
BIOMD0000001092,R_PPNDH,no_candidates,0,0,2,up,internal,5,86938b48ab88
BIOMD0000001092,R_PRAGSr,no_candidates,0,0,0,exact,internal,3,86938b48ab88
BIOMD0000001092,R_PRAIi,no_candidates,0,0,1,up,internal,3,86938b48ab88
BIOMD0000001092,R_PRAMPC,no_candidates,0,0,0,exact,internal,3,86938b48ab88
BIOMD0000001092,R_PRASCSi,no_candidates,0,0,2,up,internal,5,86938b48ab88
BIOMD0000001092,R_PRATPP,no_candidates,0,0,0,exact,internal,3,86938b48ab88
BIOMD0000001092,R_PRMICI,ok,1,0,0,exact,internal,2,86938b48ab88
BIOMD0000001092,R_PSCVT,ok,1,0,2,up,internal,4,86938b48ab88
BIOMD0000001092,R_PTAr,ok,1,0,0,exact,internal,3,86938b48ab88
BIOMD0000001092,R_PTPATi,no_candidates,0,0,0,exact,internal,2,86938b48ab88
BIOMD0000001092,R_PUNP1,ok,1,0,0,exact,internal,3,86938b48ab88
BIOMD0000001092,R_PUNP2,ok,1,0,0,exact,internal,3,86938b48ab88
BIOMD0000001092,R_PUNP3,ok,1,0,0,exact,internal,3,86938b48ab88
BIOMD0000001092,R_PUNP4,ok,1,0,0,exact,internal,3,86938b48ab88
BIOMD0000001092,R_PUNP5,ok,1,0,0,exact,internal,3,86938b48ab88
BIOMD0000001092,R_PYK,no_candidates,0,0,1,up,internal,3,86938b48ab88
BIOMD0000001092,R_PYNP1,no_candidates,0,0,0,exact,internal,3,86938b48ab88
BIOMD0000001092,R_QULNS,no_candidates,0,0,0,exact,internal,4,86938b48ab88
BIOMD0000001092,R_RBFK,no_candidates,0,0,0,exact,internal,2,86938b48ab88
BIOMD0000001092,R_RBFSa,no_candidates,0,0,0,exact,internal,4,86938b48ab88
BIOMD0000001092,R_RBFSb,ok,1,0,0,exact,internal,3,86938b48ab88
BIOMD0000001092,R_RBK_L1,no_candidates,0,0,0,exact,internal,2,86938b48ab88
BIOMD0000001092,R_RBP4E,no_candidates,0,0,1,down,internal,3,86938b48ab88
BIOMD0000001092,R_RMI,no_candidates,0,0,1,up,internal,3,86938b48ab88
BIOMD0000001092,R_RMK,no_candidates,0,0,0,exact,internal,2,86938b48ab88
BIOMD0000001092,R_RMPA,ok,1,0,0,exact,internal,4,86938b48ab88
BIOMD0000001092,R_RNDR1,no_candidates,0,0,0,exact,internal,4,86938b48ab88
BIOMD0000001092,R_RNDR2,no_candidates,0,0,0,exact,internal,5,86938b48ab88
BIOMD0000001092,R_RNDR3,no_candidates,0,0,0,exact,internal,5,86938b48ab88
BIOMD0000001092,R_RNDR4,no_candidates,0,0,0,exact,internal,5,86938b48ab88
BIOMD0000001092,R_RNTR1,no_candidates,0,0,0,exact,internal,4,86938b48ab88
BIOMD0000001092,R_RNTR2,no_candidates,0,0,0,exact,internal,5,86938b48ab88
BIOMD0000001092,R_RNTR3,no_candidates,0,0,0,exact,internal,5,86938b48ab88
BIOMD0000001092,R_RNTR4,no_candidates,0,0,0,exact,internal,5,86938b48ab88
BIOMD0000001092,R_RPE,no_candidates,0,0,1,down,internal,4,86938b48ab88
BIOMD0000001092,R_SADT,no_candidates,0,0,0,exact,internal,2,86938b48ab88
BIOMD0000001092,R_SERAT,ok,1,0,0,exact,internal,5,86938b48ab88
BIOMD0000001092,R_SERD_L,no_candidates,0,0,2,up,internal,6,86938b48ab88
BIOMD0000001092,R_SHK3Dr,no_candidates,0,0,2,down+up,internal,4,86938b48ab88
BIOMD0000001092,R_SHKK,no_candidates,0,0,2,up,internal,3,86938b48ab88
BIOMD0000001092,R_SHSL1,no_candidates,0,0,2,up,internal,7,86938b48ab88
BIOMD0000001092,R_SHSL2r,no_candidates,0,0,2,up,internal,7,86938b48ab88
BIOMD0000001092,R_SHSL4r,no_candidates,0,0,2,up,internal,9,86938b48ab88
BIOMD0000001092,R_SPMS,no_candidates,0,0,2,up,internal,6,86938b48ab88
BIOMD0000001092,R_SPRMS,no_candidates,0,0,2,up,internal,6,86938b48ab88
BIOMD0000001092,R_SPTc,ok,1,0,2,up,internal,9,86938b48ab88
BIOMD0000001092,R_SUCR,no_candidates,0,0,2,up,internal,9,86938b48ab88
BIOMD0000001092,R_SULR,no_candidates,0,0,1,down+up,internal,6,86938b48ab88
BIOMD0000001092,R_TALA,ok,2,0,0,exact,internal,5,86938b48ab88
BIOMD0000001092,R_THPAT,no_candidates,0,0,2,up,internal,6,86938b48ab88
BIOMD0000001092,R_THRA,ok,1,0,2,up,internal,5,86938b48ab88
BIOMD0000001092,R_THRS,no_candidates,0,0,2,up,internal,5,86938b48ab88
BIOMD0000001092,R_TKT2,no_candidates,0,0,1,down,internal,6,86938b48ab88
BIOMD0000001092,R_TMDK1,no_candidates,0,0,0,exact,internal,2,86938b48ab88
BIOMD0000001092,R_TMDS3,no_candidates,0,0,1,down+up,internal,5,86938b48ab88
BIOMD0000001092,R_TMPK,no_candidates,0,0,2,up,internal,3,86938b48ab88
BIOMD0000001092,R_TMPPP,no_candidates,0,0,2,up,internal,4,86938b48ab88
BIOMD0000001092,R_TPI,no_candidates,0,0,0,exact,internal,3,86938b48ab88
BIOMD0000001092,R_TRDR,no_candidates,0,0,1,down+up,internal,3,86938b48ab88
BIOMD0000001092,R_TREH,no_candidates,0,0,2,up,internal,5,86938b48ab88
BIOMD0000001092,R_TRPAS2,no_candidates,0,0,2,up,internal,8,86938b48ab88
BIOMD0000001092,R_TRPS1,no_candidates,0,0,0,exact,internal,8,86938b48ab88
BIOMD0000001092,R_TRPS2,no_candidates,0,0,0,exact,internal,6,86938b48ab88
BIOMD0000001092,R_TRPS3,ok,1,0,0,exact,internal,4,86938b48ab88
BIOMD0000001092,R_TRQ7_GL2,no_candidates,0,0,1,up,internal,6,86938b48ab88
BIOMD0000001092,R_TYRTA,ok,1,0,2,up,internal,8,86938b48ab88
BIOMD0000001092,R_UAAGLS2,no_candidates,0,0,0,exact,internal,4,86938b48ab88
BIOMD0000001092,R_UAGCVT,ok,1,0,1,up,internal,4,86938b48ab88
BIOMD0000001092,R_UAGPT2,no_candidates,0,0,0,exact,internal,4,86938b48ab88
BIOMD0000001092,R_UAMAGS,no_candidates,0,0,0,exact,internal,3,86938b48ab88
BIOMD0000001092,R_UAMAS,no_candidates,0,0,2,up,internal,9,86938b48ab88
BIOMD0000001092,R_UAPGR,no_candidates,0,0,2,down+up,internal,5,86938b48ab88
BIOMD0000001092,R_UDPG4E,no_candidates,0,0,1,up,internal,3,86938b48ab88
BIOMD0000001092,R_UDPGD,no_candidates,0,0,1,up,internal,5,86938b48ab88
BIOMD0000001092,R_UMPK,ok,1,0,0,exact,internal,2,86938b48ab88
BIOMD0000001092,R_UPPRT,no_candidates,0,0,0,exact,internal,3,86938b48ab88
BIOMD0000001092,R_URIDK2r,ok,1,0,0,exact,internal,2,86938b48ab88
BIOMD0000001092,R_URIK1,no_candidates,0,0,0,exact,internal,2,86938b48ab88
BIOMD0000001092,R_URIK2,no_candidates,0,0,0,exact,internal,4,86938b48ab88
BIOMD0000001092,R_VALTA,ok,1,0,2,up,internal,9,86938b48ab88
BIOMD0000001092,R_XPPT,no_candidates,0,0,2,up,internal,5,86938b48ab88
BIOMD0000001092,R_XYLI1,ok,1,0,1,up,internal,3,86938b48ab88
BIOMD0000001092,R_XYLI2,no_candidates,0,0,2,up,internal,7,86938b48ab88
BIOMD0000001092,R_XYLK,no_candidates,0,0,1,down,internal,3,86938b48ab88
BIOMD0000001093,R_1PPDCRc,no_candidates,0,0,2,down+up,internal,4,86938b48ab88
BIOMD0000001093,R_2DHGLCK,no_candidates,0,0,0,exact,internal,2,86938b48ab88
BIOMD0000001093,R_34HPPOR,ok,1,0,0,exact,internal,3,86938b48ab88
BIOMD0000001093,R_3HAD100,no_candidates,0,0,0,exact,internal,3,86938b48ab88
BIOMD0000001093,R_3HAD120,no_candidates,0,0,0,exact,internal,3,86938b48ab88
BIOMD0000001093,R_3HAD140,no_candidates,0,0,0,exact,internal,3,86938b48ab88
BIOMD0000001093,R_3HAD160,no_candidates,0,0,0,exact,internal,3,86938b48ab88
BIOMD0000001093,R_3HAD180,no_candidates,0,0,0,exact,internal,3,86938b48ab88
BIOMD0000001093,R_3HAD60,no_candidates,0,0,0,exact,internal,3,86938b48ab88
BIOMD0000001093,R_3HAD80,no_candidates,0,0,0,exact,internal,3,86938b48ab88
BIOMD0000001093,R_3MBZALDH,no_candidates,0,0,1,up,internal,3,86938b48ab88
BIOMD0000001093,R_3MCAT23DOX,no_candidates,0,0,0,exact,internal,2,86938b48ab88
BIOMD0000001093,R_3OADPCOAT,ok,1,0,2,up,internal,6,86938b48ab88
BIOMD0000001093,R_3OAR100,no_candidates,0,0,1,down+up,internal,3,86938b48ab88
BIOMD0000001093,R_3OAR120,no_candidates,0,0,1,down+up,internal,3,86938b48ab88
BIOMD0000001093,R_3OAR140,no_candidates,0,0,1,down+up,internal,3,86938b48ab88
BIOMD0000001093,R_3OAR160,no_candidates,0,0,1,down+up,internal,3,86938b48ab88
BIOMD0000001093,R_3OAR60,no_candidates,0,0,1,down+up,internal,3,86938b48ab88
BIOMD0000001093,R_3OAR80,no_candidates,0,0,1,down+up,internal,3,86938b48ab88
BIOMD0000001093,R_3OXCOAT,no_candidates,0,0,0,exact,internal,4,86938b48ab88
BIOMD0000001093,R_4CMCOAS,no_candidates,0,0,2,down+up,internal,7,86938b48ab88
BIOMD0000001093,R_4CMLCL_kt,no_candidates,0,0,1,up,internal,4,86938b48ab88
BIOMD0000001093,R_4HBHYOX,no_candidates,0,0,1,down+up,internal,4,86938b48ab88
BIOMD0000001093,R_4HTHRS,no_candidates,0,0,0,exact,internal,3,86938b48ab88
BIOMD0000001093,R_4MBZALDH,no_candidates,0,0,1,up,internal,3,86938b48ab88
BIOMD0000001093,R_4MCAT23DOX,no_candidates,0,0,0,exact,internal,2,86938b48ab88
BIOMD0000001093,R_4OD2,no_candidates,0,0,0,exact,internal,3,86938b48ab88
BIOMD0000001093,R_4OT,ok,1,0,2,up,internal,4,86938b48ab88
BIOMD0000001093,R_4OT2,ok,1,0,0,exact,internal,2,86938b48ab88
BIOMD0000001093,R_6HNACMO,no_candidates,0,0,1,up,internal,6,86938b48ab88
BIOMD0000001093,R_A5PISO,no_candidates,0,0,1,down,internal,3,86938b48ab88
BIOMD0000001093,R_AACOAT,no_candidates,0,0,2,up,internal,6,86938b48ab88
BIOMD0000001093,R_AACTOOR,no_candidates,0,0,2,up,internal,7,86938b48ab88
BIOMD0000001093,R_AADSACYCL,no_candidates,0,0,2,up,internal,6,86938b48ab88
BIOMD0000001093,R_AASAD3,no_candidates,0,0,2,up,internal,6,86938b48ab88
BIOMD0000001093,R_AATA,no_candidates,0,0,2,up,internal,7,86938b48ab88
BIOMD0000001093,R_ABTA,no_candidates,0,0,2,up,internal,9,86938b48ab88
BIOMD0000001093,R_ABUTD,no_candidates,0,0,2,up,internal,6,86938b48ab88
BIOMD0000001093,R_ACACT1r,ok,4,0,0,exact,internal,3,86938b48ab88
BIOMD0000001093,R_ACALD,no_candidates,0,0,1,up,internal,4,86938b48ab88
BIOMD0000001093,R_ACBIPGT,no_candidates,0,0,0,exact,internal,3,86938b48ab88
BIOMD0000001093,R_ACCOAC,no_candidates,0,0,0,exact,internal,4,86938b48ab88
BIOMD0000001093,R_ACGK,ok,1,0,0,exact,internal,2,86938b48ab88
BIOMD0000001093,R_ACGS,no_candidates,0,0,2,up,internal,7,86938b48ab88
BIOMD0000001093,R_ACHBS,no_candidates,0,0,0,exact,internal,4,86938b48ab88
BIOMD0000001093,R_ACLS,no_candidates,0,0,2,up,internal,4,86938b48ab88
BIOMD0000001093,R_ACOAD1f,ok,1,0,0,exact,internal,4,86938b48ab88
BIOMD0000001093,R_ACOAD3f,ok,1,0,0,exact,internal,4,86938b48ab88
BIOMD0000001093,R_ACOAD5f,ok,1,0,0,exact,internal,4,86938b48ab88
BIOMD0000001093,R_ACOAD6f,ok,1,0,0,exact,internal,4,86938b48ab88
BIOMD0000001093,R_ACOAD7f,ok,1,0,1,up,internal,6,86938b48ab88
BIOMD0000001093,R_ACOATA,ok,1,0,0,exact,internal,4,86938b48ab88
BIOMD0000001093,R_ACODA,no_candidates,0,0,0,exact,internal,5,86938b48ab88
BIOMD0000001093,R_ACONIs,no_candidates,0,0,1,down,internal,2,86938b48ab88
BIOMD0000001093,R_ACONMT,no_candidates,0,0,2,down+up,internal,6,86938b48ab88
BIOMD0000001093,R_ACONTa,no_candidates,0,0,2,up,internal,4,86938b48ab88
BIOMD0000001093,R_ACONTb,no_candidates,0,0,0,exact,internal,3,86938b48ab88
BIOMD0000001093,R_ACOTA,ok,1,0,2,up,internal,7,86938b48ab88
BIOMD0000001093,R_ACS,ok,1,0,1,up,internal,7,86938b48ab88
BIOMD0000001093,R_ADA,no_candidates,0,0,2,up,internal,6,86938b48ab88
BIOMD0000001093,R_ADCL,no_candidates,0,0,0,exact,internal,3,86938b48ab88
BIOMD0000001093,R_ADCPS1,no_candidates,0,0,2,up,internal,6,86938b48ab88
BIOMD0000001093,R_ADCPS2,no_candidates,0,0,2,up,internal,4,86938b48ab88
BIOMD0000001093,R_ADCS,ok,2,0,2,up,internal,8,86938b48ab88
BIOMD0000001093,R_ADD,no_candidates,0,0,2,up,internal,6,86938b48ab88
BIOMD0000001093,R_ADK1,ok,1,0,0,exact,internal,3,86938b48ab88
BIOMD0000001093,R_ADNCYC,ok,1,0,0,exact,internal,3,86938b48ab88
BIOMD0000001093,R_ADNK1,no_candidates,0,0,2,up,internal,3,86938b48ab88
BIOMD0000001093,R_ADNUC,no_candidates,0,0,1,down,internal,6,86938b48ab88
BIOMD0000001093,R_ADOCBIK,no_candidates,0,0,0,exact,internal,2,86938b48ab88
BIOMD0000001093,R_ADOCBLS,no_candidates,0,0,0,exact,internal,4,86938b48ab88
BIOMD0000001093,R_ADPT,no_candidates,0,0,2,up,internal,4,86938b48ab88
BIOMD0000001093,R_ADSK,no_candidates,0,0,0,exact,internal,2,86938b48ab88
BIOMD0000001093,R_ADSL1r,no_candidates,0,0,2,up,internal,5,86938b48ab88
BIOMD0000001093,R_ADSL2r,no_candidates,0,0,2,up,internal,4,86938b48ab88
BIOMD0000001093,R_ADSS,no_candidates,0,0,0,exact,internal,6,86938b48ab88
BIOMD0000001093,R_AGMDA,no_candidates,0,0,2,up,internal,7,86938b48ab88
BIOMD0000001093,R_AGMHE,ok,1,0,0,exact,internal,2,86938b48ab88
BIOMD0000001093,R_AGMT,no_candidates,0,0,0,exact,internal,4,86938b48ab88
BIOMD0000001093,R_AGPOP,no_candidates,0,0,1,up,internal,5,86938b48ab88
BIOMD0000001093,R_AGPR,no_candidates,0,0,1,down+up,internal,3,86938b48ab88
BIOMD0000001093,R_AHCi,no_candidates,0,0,0,exact,internal,5,86938b48ab88
BIOMD0000001093,R_AHSERL2,no_candidates,0,0,0,exact,internal,5,86938b48ab88
BIOMD0000001093,R_AICART,ok,1,0,0,exact,internal,4,86938b48ab88
BIOMD0000001093,R_AIRC3,no_candidates,0,0,2,up,internal,3,86938b48ab88
BIOMD0000001093,R_AKGDH,no_candidates,0,0,1,up,internal,5,86938b48ab88
BIOMD0000001093,R_ALAALAr,no_candidates,0,0,0,exact,internal,2,86938b48ab88
BIOMD0000001093,R_ALAR,ok,1,0,2,up,internal,6,86938b48ab88
BIOMD0000001093,R_ALATA_L,ok,1,0,2,up,internal,9,86938b48ab88
BIOMD0000001093,R_ALCD19,no_candidates,0,0,1,up,internal,3,86938b48ab88
BIOMD0000001093,R_ALCD2x,no_candidates,0,0,1,up,internal,3,86938b48ab88
BIOMD0000001093,R_ALDD1,no_candidates,0,0,1,up,internal,4,86938b48ab88
BIOMD0000001093,R_ALDD19xr,no_candidates,0,0,1,up,internal,7,86938b48ab88
BIOMD0000001093,R_ALDD20x,no_candidates,0,0,2,up,internal,5,86938b48ab88
BIOMD0000001093,R_ALDD2x,no_candidates,0,0,1,up,internal,4,86938b48ab88
BIOMD0000001093,R_ALDD2y,no_candidates,0,0,1,down+up,internal,4,86938b48ab88
BIOMD0000001093,R_ALTRH,no_candidates,0,0,0,exact,internal,3,86938b48ab88
BIOMD0000001093,R_AMAOTr,ok,1,0,0,exact,internal,4,86938b48ab88
BIOMD0000001093,R_AMID4,no_candidates,0,0,2,up,internal,6,86938b48ab88
BIOMD0000001093,R_AMPTASECG,no_candidates,0,0,0,exact,internal,5,86938b48ab88
BIOMD0000001093,R_ANPRT,no_candidates,0,0,0,exact,internal,3,86938b48ab88
BIOMD0000001093,R_ANS,no_candidates,0,0,2,up,internal,9,86938b48ab88
BIOMD0000001093,R_ANS2,no_candidates,0,0,2,up,internal,7,86938b48ab88
BIOMD0000001093,R_AOBUTDs,no_candidates,0,0,2,up,internal,5,86938b48ab88
BIOMD0000001093,R_AOXHEXCYCL,no_candidates,0,0,2,up,internal,4,86938b48ab88
BIOMD0000001093,R_AOXSr2,ok,1,0,2,up,internal,9,86938b48ab88
BIOMD0000001093,R_AP4AH,no_candidates,0,0,0,exact,internal,5,86938b48ab88
BIOMD0000001093,R_APATr,no_candidates,0,0,2,up,internal,8,86938b48ab88
BIOMD0000001093,R_APPAT,no_candidates,0,0,0,exact,internal,2,86938b48ab88
BIOMD0000001093,R_APPLDHr,no_candidates,0,0,2,up,internal,6,86938b48ab88
BIOMD0000001093,R_APRAUR,no_candidates,0,0,1,down+up,internal,3,86938b48ab88
BIOMD0000001093,R_APSR,no_candidates,0,0,2,down+up,internal,8,86938b48ab88
BIOMD0000001093,R_APTNAT,ok,1,0,2,up,internal,7,86938b48ab88
BIOMD0000001093,R_ARGDC,no_candidates,0,0,0,exact,internal,4,86938b48ab88
BIOMD0000001093,R_ARGDCpp,no_candidates,0,0,0,exact,internal,4,86938b48ab88
BIOMD0000001093,R_ARGDI,no_candidates,0,0,2,up,internal,7,86938b48ab88
BIOMD0000001093,R_ARGDr,no_candidates,0,0,2,up,internal,7,86938b48ab88
BIOMD0000001093,R_ARGSL,no_candidates,0,0,2,up,internal,5,86938b48ab88
BIOMD0000001093,R_ARGSS,no_candidates,0,0,2,up,internal,6,86938b48ab88
BIOMD0000001093,R_ARGTRS,no_candidates,0,0,2,up,internal,6,86938b48ab88
BIOMD0000001093,R_AROH,no_candidates,0,0,2,up,internal,7,86938b48ab88
BIOMD0000001093,R_ARUH,ok,1,0,2,up,internal,9,86938b48ab88
BIOMD0000001093,R_ASAD,no_candidates,0,0,1,down+up,internal,3,86938b48ab88
BIOMD0000001093,R_ASNN,no_candidates,0,0,2,up,internal,8,86938b48ab88
BIOMD0000001093,R_ASNNpp,no_candidates,0,0,2,up,internal,8,86938b48ab88
BIOMD0000001093,R_ASNS1,no_candidates,0,0,2,up,internal,13,86938b48ab88
BIOMD0000001093,R_ASPCT,no_candidates,0,0,0,exact,internal,4,86938b48ab88
BIOMD0000001093,R_ASPK,ok,1,0,0,exact,internal,3,86938b48ab88
BIOMD0000001093,R_ASPO1,no_candidates,0,0,2,up,internal,7,86938b48ab88
BIOMD0000001093,R_ASPO6,no_candidates,0,0,0,exact,internal,3,86938b48ab88
BIOMD0000001093,R_ASPT,no_candidates,0,0,2,up,internal,7,86938b48ab88
BIOMD0000001093,R_ASPTA,ok,1,0,2,up,internal,8,86938b48ab88
BIOMD0000001093,R_ASPTRS,no_candidates,0,0,2,up,internal,6,86938b48ab88
BIOMD0000001093,R_AST,no_candidates,0,0,0,exact,internal,5,86938b48ab88
BIOMD0000001093,R_ATHRDHr,no_candidates,0,0,2,down+up,internal,5,86938b48ab88
BIOMD0000001093,R_ATPHs,no_candidates,0,0,2,up,internal,5,86938b48ab88
BIOMD0000001093,R_ATPM,no_candidates,0,0,0,exact,internal,6,86938b48ab88
BIOMD0000001093,R_ATPPRT,no_candidates,0,0,0,exact,internal,2,86938b48ab88
BIOMD0000001093,R_BDH,no_candidates,0,0,1,up,internal,4,86938b48ab88
BIOMD0000001093,R_BETALDHx,no_candidates,0,0,1,up,internal,5,86938b48ab88
BIOMD0000001093,R_BETALDHy,no_candidates,0,0,1,down+up,internal,5,86938b48ab88
BIOMD0000001093,R_BPNT,no_candidates,0,0,2,up,internal,4,86938b48ab88
BIOMD0000001093,R_BZ12DOX,no_candidates,0,0,2,up,internal,5,86938b48ab88
BIOMD0000001093,R_BZALDH,no_candidates,0,0,2,up,internal,6,86938b48ab88
BIOMD0000001093,R_BZDH,no_candidates,0,0,1,up,internal,6,86938b48ab88
BIOMD0000001093,R_BZDIOLDH,no_candidates,0,0,2,up,internal,7,86938b48ab88
BIOMD0000001093,R_CAFFCOA,ok,1,0,1,up,internal,8,86938b48ab88
BIOMD0000001093,R_CAT,no_candidates,0,0,0,exact,internal,4,86938b48ab88
BIOMD0000001093,R_CAT23DOX,ok,1,0,0,exact,internal,4,86938b48ab88
BIOMD0000001093,R_CATDOX,no_candidates,0,0,0,exact,internal,4,86938b48ab88
BIOMD0000001093,R_CBLAT,no_candidates,0,0,0,exact,internal,3,86938b48ab88
BIOMD0000001093,R_CBMKr,no_candidates,0,0,2,up,internal,5,86938b48ab88
BIOMD0000001093,R_CBPS,no_candidates,0,0,2,up,internal,10,86938b48ab88
BIOMD0000001093,R_CCGS,no_candidates,0,0,2,up,internal,7,86938b48ab88
BIOMD0000001093,R_CDGR,no_candidates,0,0,2,down+up,internal,4,86938b48ab88
BIOMD0000001093,R_CDGS,no_candidates,0,0,2,up,internal,6,86938b48ab88
BIOMD0000001093,R_CDPMEK,no_candidates,0,0,0,exact,internal,2,86938b48ab88
BIOMD0000001093,R_CHLP,no_candidates,0,0,2,up,internal,4,86938b48ab88
BIOMD0000001093,R_CHOLD,no_candidates,0,0,2,up,internal,4,86938b48ab88
BIOMD0000001093,R_CHOLSH,no_candidates,0,0,2,up,internal,5,86938b48ab88
BIOMD0000001093,R_CHORM,ok,1,0,0,exact,internal,2,86938b48ab88
BIOMD0000001093,R_CHORS,ok,1,0,0,exact,internal,2,86938b48ab88
BIOMD0000001093,R_CHRPL,no_candidates,0,0,0,exact,internal,3,86938b48ab88
BIOMD0000001093,R_COALDDH,no_candidates,0,0,1,up,internal,5,86938b48ab88
BIOMD0000001093,R_COCHL,no_candidates,0,0,0,exact,internal,4,86938b48ab88
BIOMD0000001093,R_CPH4S,no_candidates,0,0,1,up,internal,6,86938b48ab88
BIOMD0000001093,R_CPPPGO,no_candidates,0,0,0,exact,internal,4,86938b48ab88
BIOMD0000001093,R_CPPPGO2,no_candidates,0,0,2,up,internal,8,86938b48ab88
BIOMD0000001093,R_CS,no_candidates,0,0,2,up,internal,6,86938b48ab88
BIOMD0000001093,R_CSND,no_candidates,0,0,2,up,internal,6,86938b48ab88
BIOMD0000001093,R_CSPMDDC,no_candidates,0,0,2,up,internal,5,86938b48ab88
BIOMD0000001093,R_CSPMDDH,no_candidates,0,0,1,down+up,internal,5,86938b48ab88
BIOMD0000001093,R_CTPS1,no_candidates,0,0,2,up,internal,5,86938b48ab88
BIOMD0000001093,R_CTPS2,no_candidates,0,0,2,up,internal,9,86938b48ab88
BIOMD0000001093,R_CYANST,no_candidates,0,0,1,down+up,internal,9,86938b48ab88
BIOMD0000001093,R_CYSDS,no_candidates,0,0,2,up,internal,8,86938b48ab88
BIOMD0000001093,R_CYSS,no_candidates,0,0,0,exact,internal,5,86938b48ab88
BIOMD0000001093,R_CYSSADS,no_candidates,0,0,2,up,internal,7,86938b48ab88
BIOMD0000001093,R_CYSTGL,no_candidates,0,0,2,up,internal,8,86938b48ab88
BIOMD0000001093,R_CYSTL,no_candidates,0,0,2,up,internal,8,86938b48ab88
BIOMD0000001093,R_CYSTRS,no_candidates,0,0,2,up,internal,6,86938b48ab88
BIOMD0000001093,R_CYSTS,no_candidates,0,0,0,exact,internal,6,86938b48ab88
BIOMD0000001093,R_CYTDH,no_candidates,0,0,1,down,internal,6,86938b48ab88
BIOMD0000001093,R_CYTK1,ok,1,0,0,exact,internal,2,86938b48ab88
BIOMD0000001093,R_CYTK2,ok,1,0,0,exact,internal,2,86938b48ab88
BIOMD0000001093,R_DADA,no_candidates,0,0,2,up,internal,6,86938b48ab88
BIOMD0000001093,R_DADK,ok,1,0,0,exact,internal,2,86938b48ab88
BIOMD0000001093,R_DAPDC,no_candidates,0,0,0,exact,internal,4,86938b48ab88
BIOMD0000001093,R_DAPE,ok,1,0,0,exact,internal,2,86938b48ab88
BIOMD0000001093,R_DB4PS,no_candidates,0,0,1,down,internal,4,86938b48ab88
BIOMD0000001093,R_DBTS,no_candidates,0,0,2,up,internal,5,86938b48ab88
BIOMD0000001093,R_DCTPD,no_candidates,0,0,2,up,internal,6,86938b48ab88
BIOMD0000001093,R_DCTPD2,no_candidates,0,0,2,up,internal,6,86938b48ab88
BIOMD0000001093,R_DDGLK,no_candidates,0,0,1,up,internal,3,86938b48ab88
BIOMD0000001093,R_DDPA,no_candidates,0,0,1,up,internal,5,86938b48ab88
BIOMD0000001093,R_DGK1,ok,1,0,2,up,internal,4,86938b48ab88
BIOMD0000001093,R_DH3MCHCDH,no_candidates,0,0,1,up,internal,4,86938b48ab88
BIOMD0000001093,R_DH4MCHCDH,no_candidates,0,0,2,up,internal,5,86938b48ab88
BIOMD0000001093,R_DHAD1_copy1,no_candidates,0,0,0,exact,internal,3,86938b48ab88
BIOMD0000001093,R_DHAD1_copy2,no_candidates,0,0,0,exact,internal,3,86938b48ab88
BIOMD0000001093,R_DHAD2,no_candidates,0,0,0,exact,internal,3,86938b48ab88
BIOMD0000001093,R_DHFR,no_candidates,0,0,1,down+up,internal,3,86938b48ab88
BIOMD0000001093,R_DHFS,no_candidates,0,0,2,up,internal,6,86938b48ab88
BIOMD0000001093,R_DHORDfum,no_candidates,0,0,2,up,internal,7,86938b48ab88
BIOMD0000001093,R_DHORTS,no_candidates,0,0,2,up,internal,4,86938b48ab88
BIOMD0000001093,R_DHPM1,no_candidates,0,0,1,up,internal,4,86938b48ab88
BIOMD0000001093,R_DHPPDA2,no_candidates,0,0,2,up,internal,6,86938b48ab88
BIOMD0000001093,R_DHQS,no_candidates,0,0,1,up,internal,3,86938b48ab88
BIOMD0000001093,R_DHQTi_copy1,no_candidates,0,0,0,exact,internal,3,86938b48ab88
BIOMD0000001093,R_DHQTi_copy2,no_candidates,0,0,0,exact,internal,3,86938b48ab88
BIOMD0000001093,R_DHSKDH,no_candidates,0,0,0,exact,internal,3,86938b48ab88
BIOMD0000001093,R_DMALRED,ok,1,0,0,exact,internal,4,86938b48ab88
BIOMD0000001093,R_DMATT,ok,1,0,0,exact,internal,4,86938b48ab88
BIOMD0000001093,R_DNMPPA,no_candidates,0,0,0,exact,internal,3,86938b48ab88
BIOMD0000001093,R_DNTPPA,no_candidates,0,0,0,exact,internal,3,86938b48ab88
BIOMD0000001093,R_DPCOAK,no_candidates,0,0,0,exact,internal,2,86938b48ab88
BIOMD0000001093,R_DPR,no_candidates,0,0,1,down+up,internal,3,86938b48ab88
BIOMD0000001093,R_DTMPK,ok,1,0,0,exact,internal,2,86938b48ab88
BIOMD0000001093,R_DURAD,no_candidates,0,0,1,down+up,internal,3,86938b48ab88
BIOMD0000001093,R_DUTPDP,no_candidates,0,0,0,exact,internal,3,86938b48ab88
BIOMD0000001093,R_DXPRIi,no_candidates,0,0,1,down+up,internal,3,86938b48ab88
BIOMD0000001093,R_DXPS,no_candidates,0,0,0,exact,internal,5,86938b48ab88
BIOMD0000001093,R_E4PD,no_candidates,0,0,2,up,internal,5,86938b48ab88
BIOMD0000001093,R_ECOAH1,no_candidates,0,0,0,exact,internal,3,86938b48ab88
BIOMD0000001093,R_ECOAH12,no_candidates,0,0,0,exact,internal,3,86938b48ab88
BIOMD0000001093,R_ECOAH2,no_candidates,0,0,0,exact,internal,3,86938b48ab88
BIOMD0000001093,R_ECOAH3,no_candidates,0,0,0,exact,internal,3,86938b48ab88
BIOMD0000001093,R_ECOAH4,no_candidates,0,0,0,exact,internal,3,86938b48ab88
BIOMD0000001093,R_ECOAH5,no_candidates,0,0,0,exact,internal,3,86938b48ab88
BIOMD0000001093,R_ECOAH6,no_candidates,0,0,0,exact,internal,3,86938b48ab88
BIOMD0000001093,R_ECOAH7,no_candidates,0,0,2,up,internal,4,86938b48ab88
BIOMD0000001093,R_ECOAH9ir,no_candidates,0,0,1,up,internal,4,86938b48ab88
BIOMD0000001093,R_EDA,no_candidates,0,0,1,up,internal,5,86938b48ab88
BIOMD0000001093,R_EDD,no_candidates,0,0,1,up,internal,4,86938b48ab88
BIOMD0000001093,R_EGMEACPR,no_candidates,0,0,1,down+up,internal,3,86938b48ab88
BIOMD0000001093,R_ENO,no_candidates,0,0,2,up,internal,4,86938b48ab88
BIOMD0000001093,R_EPMEACPR,no_candidates,0,0,1,down+up,internal,3,86938b48ab88
BIOMD0000001093,R_ETHAAL,no_candidates,0,0,2,up,internal,5,86938b48ab88
BIOMD0000001093,R_ETHP,no_candidates,0,0,2,up,internal,4,86938b48ab88
BIOMD0000001093,R_FACOAE160,no_candidates,0,0,2,up,internal,5,86938b48ab88
BIOMD0000001093,R_FACOAE180,no_candidates,0,0,0,exact,internal,4,86938b48ab88
BIOMD0000001093,R_FACOAE1829Z12Z,no_candidates,0,0,0,exact,internal,4,86938b48ab88
BIOMD0000001093,R_FACOAL160,ok,2,0,1,up,internal,7,86938b48ab88
BIOMD0000001093,R_FALDH2,no_candidates,0,0,1,up,internal,3,86938b48ab88
BIOMD0000001093,R_FALGTHLs,ok,1,0,0,exact,internal,3,86938b48ab88
BIOMD0000001093,R_FBA,ok,2,0,0,exact,internal,4,86938b48ab88
BIOMD0000001093,R_FCLT,ok,1,0,0,exact,internal,3,86938b48ab88
BIOMD0000001093,R_FDH,no_candidates,0,0,1,up,internal,3,86938b48ab88
BIOMD0000001093,R_FDMO2,no_candidates,0,0,1,down+up,internal,9,86938b48ab88
BIOMD0000001093,R_FEROpp,no_candidates,0,0,0,exact,internal,3,86938b48ab88
BIOMD0000001093,R_FERULCOAS,no_candidates,0,0,2,up,internal,7,86938b48ab88
BIOMD0000001093,R_FMETTRS,no_candidates,0,0,0,exact,internal,4,86938b48ab88
BIOMD0000001093,R_FMNAT,no_candidates,0,0,0,exact,internal,2,86938b48ab88
BIOMD0000001093,R_FMNRx,no_candidates,0,0,1,up,internal,3,86938b48ab88
BIOMD0000001093,R_FMNRx2_copy1,no_candidates,0,0,1,down+up,internal,3,86938b48ab88
BIOMD0000001093,R_FMNRx2_copy2,no_candidates,0,0,1,down+up,internal,3,86938b48ab88
BIOMD0000001093,R_FOMETRi,no_candidates,0,0,0,exact,internal,3,86938b48ab88
BIOMD0000001093,R_FTHFCL,ok,1,0,0,exact,internal,2,86938b48ab88
BIOMD0000001093,R_FTHFD,no_candidates,0,0,0,exact,internal,4,86938b48ab88
BIOMD0000001093,R_FUM,no_candidates,0,0,2,up,internal,4,86938b48ab88
BIOMD0000001093,R_FUMAC,no_candidates,0,0,2,up,internal,6,86938b48ab88
BIOMD0000001093,R_G1PTT,no_candidates,0,0,1,down,internal,4,86938b48ab88
BIOMD0000001093,R_G1SAT,no_candidates,0,0,1,up,internal,3,86938b48ab88
BIOMD0000001093,R_G2PP,no_candidates,0,0,0,exact,internal,3,86938b48ab88
BIOMD0000001093,R_G3PD2,no_candidates,0,0,1,down+up,internal,3,86938b48ab88
BIOMD0000001093,R_G5SADs,no_candidates,0,0,0,exact,internal,4,86938b48ab88
BIOMD0000001093,R_G5SD_copy1,no_candidates,0,0,1,down+up,internal,3,86938b48ab88
BIOMD0000001093,R_G5SD_copy2,no_candidates,0,0,1,down+up,internal,3,86938b48ab88
BIOMD0000001093,R_G6PBDH,no_candidates,0,0,1,down+up,internal,3,86938b48ab88
BIOMD0000001093,R_G6PDH2r,no_candidates,0,0,2,down+up,internal,5,86938b48ab88
BIOMD0000001093,R_GALCTD,no_candidates,0,0,0,exact,internal,3,86938b48ab88
BIOMD0000001093,R_GALUi,no_candidates,0,0,1,down+up,internal,5,86938b48ab88
BIOMD0000001093,R_GAPD,no_candidates,0,0,1,up,internal,4,86938b48ab88
BIOMD0000001093,R_GAPDi_nadp,no_candidates,0,0,1,down+up,internal,4,86938b48ab88
BIOMD0000001093,R_GARFT,no_candidates,0,0,0,exact,internal,4,86938b48ab88
BIOMD0000001093,R_GART,no_candidates,0,0,0,exact,internal,3,86938b48ab88
BIOMD0000001093,R_GCALDD,no_candidates,0,0,1,up,internal,4,86938b48ab88
BIOMD0000001093,R_GDBTALDH,no_candidates,0,0,1,up,internal,5,86938b48ab88
BIOMD0000001093,R_GGGABAH,no_candidates,0,0,2,up,internal,7,86938b48ab88
BIOMD0000001093,R_GHMT2r,no_candidates,0,0,0,exact,internal,6,86938b48ab88
BIOMD0000001093,R_GK1,ok,1,0,0,exact,internal,2,86938b48ab88
BIOMD0000001093,R_GLCOAS,ok,1,0,0,exact,internal,3,86938b48ab88
BIOMD0000001093,R_GLCRD,no_candidates,0,0,0,exact,internal,3,86938b48ab88
BIOMD0000001093,R_GLGC,no_candidates,0,0,1,down+up,internal,4,86938b48ab88
BIOMD0000001093,R_GLNS_copy1,no_candidates,0,0,2,up,internal,9,86938b48ab88
BIOMD0000001093,R_GLNS_copy2,no_candidates,0,0,2,up,internal,9,86938b48ab88
BIOMD0000001093,R_GLNTRAT,no_candidates,0,0,2,up,internal,9,86938b48ab88
BIOMD0000001093,R_GLNTRS,no_candidates,0,0,2,up,internal,6,86938b48ab88
BIOMD0000001093,R_GLU5K,ok,1,0,2,up,internal,5,86938b48ab88
BIOMD0000001093,R_GLUCYS_copy1,no_candidates,0,0,2,up,internal,7,86938b48ab88
BIOMD0000001093,R_GLUCYS_copy2,no_candidates,0,0,2,up,internal,7,86938b48ab88
BIOMD0000001093,R_GLUDxi,no_candidates,0,0,2,up,internal,10,86938b48ab88
BIOMD0000001093,R_GLUDy,no_candidates,0,0,2,down+up,internal,10,86938b48ab88
BIOMD0000001093,R_GLUNpp,no_candidates,0,0,2,up,internal,10,86938b48ab88
BIOMD0000001093,R_GLUPRT,no_candidates,0,0,2,up,internal,9,86938b48ab88
BIOMD0000001093,R_GLUR,no_candidates,0,0,2,up,internal,5,86938b48ab88
BIOMD0000001093,R_GLUSy,no_candidates,0,0,2,down+up,internal,8,86938b48ab88
BIOMD0000001093,R_GLUTCOADHc,no_candidates,0,0,0,exact,internal,5,86938b48ab88
BIOMD0000001093,R_GLUTRR,no_candidates,0,0,1,down+up,internal,5,86938b48ab88
BIOMD0000001093,R_GLUTRS,no_candidates,0,0,2,up,internal,8,86938b48ab88
BIOMD0000001093,R_GLXCL,no_candidates,0,0,2,up,internal,4,86938b48ab88
BIOMD0000001093,R_GLXO3r,no_candidates,0,0,0,exact,internal,3,86938b48ab88
BIOMD0000001093,R_GLYALDDr,no_candidates,0,0,2,up,internal,5,86938b48ab88
BIOMD0000001093,R_GLYCK,no_candidates,0,0,2,up,internal,3,86938b48ab88
BIOMD0000001093,R_GLYCL,no_candidates,0,0,2,up,internal,8,86938b48ab88
BIOMD0000001093,R_GLYCLTDx,no_candidates,0,0,1,up,internal,3,86938b48ab88
BIOMD0000001093,R_GLYCLTDy,no_candidates,0,0,1,down+up,internal,3,86938b48ab88
BIOMD0000001093,R_GLYCTO1,ok,1,0,0,exact,internal,2,86938b48ab88
BIOMD0000001093,R_GLYK,no_candidates,0,0,0,exact,internal,2,86938b48ab88
BIOMD0000001093,R_GLYO1,no_candidates,0,0,2,up,internal,6,86938b48ab88
BIOMD0000001093,R_GLYOX,no_candidates,0,0,0,exact,internal,4,86938b48ab88
BIOMD0000001093,R_GLYTRS,ok,1,0,1,up,internal,8,86938b48ab88
BIOMD0000001093,R_GMAND,no_candidates,0,0,0,exact,internal,3,86938b48ab88
BIOMD0000001093,R_GMHEPAT,no_candidates,0,0,0,exact,internal,2,86938b48ab88
BIOMD0000001093,R_GMPS2,no_candidates,0,0,2,up,internal,11,86938b48ab88
BIOMD0000001093,R_GND,no_candidates,0,0,1,down+up,internal,6,86938b48ab88
BIOMD0000001093,R_GNK,no_candidates,0,0,1,up,internal,3,86938b48ab88
BIOMD0000001093,R_GNNUC,no_candidates,0,0,1,down,internal,6,86938b48ab88
BIOMD0000001093,R_GPDDA2,no_candidates,0,0,0,exact,internal,4,86938b48ab88
BIOMD0000001093,R_GRTT,no_candidates,0,0,2,up,internal,5,86938b48ab88
BIOMD0000001093,R_GTHOr,no_candidates,0,0,1,down+up,internal,3,86938b48ab88
BIOMD0000001093,R_GTHPi,no_candidates,0,0,0,exact,internal,3,86938b48ab88
BIOMD0000001093,R_GTHRDHpp,no_candidates,0,0,2,up,internal,7,86938b48ab88
BIOMD0000001093,R_GTHS,no_candidates,0,0,0,exact,internal,3,86938b48ab88
BIOMD0000001093,R_GTPCI,no_candidates,0,0,0,exact,internal,4,86938b48ab88
BIOMD0000001093,R_GTPCII2,no_candidates,0,0,0,exact,internal,4,86938b48ab88
BIOMD0000001093,R_GTPDPDP,no_candidates,0,0,0,exact,internal,3,86938b48ab88
BIOMD0000001093,R_GTPDPK,no_candidates,0,0,2,up,internal,4,86938b48ab88
BIOMD0000001093,R_GUACYC,ok,1,0,0,exact,internal,2,86938b48ab88
BIOMD0000001093,R_GUAD,no_candidates,0,0,2,up,internal,8,86938b48ab88
BIOMD0000001093,R_GUAPRT,no_candidates,0,0,0,exact,internal,3,86938b48ab88
BIOMD0000001093,R_GUDBUTNAH,no_candidates,0,0,1,up,internal,5,86938b48ab88
BIOMD0000001093,R_HACD1i,no_candidates,0,0,1,up,internal,3,86938b48ab88
BIOMD0000001093,R_HACD2i,no_candidates,0,0,1,up,internal,3,86938b48ab88
BIOMD0000001093,R_HACD3i,no_candidates,0,0,1,up,internal,3,86938b48ab88
BIOMD0000001093,R_HACD4i,no_candidates,0,0,1,up,internal,3,86938b48ab88
BIOMD0000001093,R_HACD5i,no_candidates,0,0,1,up,internal,3,86938b48ab88
BIOMD0000001093,R_HACD6i,no_candidates,0,0,1,up,internal,3,86938b48ab88
BIOMD0000001093,R_HACD7i,no_candidates,0,0,1,up,internal,3,86938b48ab88
BIOMD0000001093,R_HACD9,no_candidates,0,0,1,up,internal,3,86938b48ab88
BIOMD0000001093,R_HADPCOADH3,no_candidates,0,0,1,up,internal,3,86938b48ab88
BIOMD0000001093,R_HBZOPT,no_candidates,0,0,2,up,internal,6,86938b48ab88
BIOMD0000001093,R_HCO3E,no_candidates,0,0,0,exact,internal,4,86938b48ab88
BIOMD0000001093,R_HCYSMT,no_candidates,0,0,2,up,internal,7,86938b48ab88
BIOMD0000001093,R_HCYSMT2,no_candidates,0,0,0,exact,internal,5,86938b48ab88
BIOMD0000001093,R_HDH,no_candidates,0,0,2,up,internal,6,86938b48ab88
BIOMD0000001093,R_HEMEOS,no_candidates,0,0,2,up,internal,6,86938b48ab88
BIOMD0000001093,R_HEX1,no_candidates,0,0,2,up,internal,6,86938b48ab88
BIOMD0000001093,R_HGNTOR,no_candidates,0,0,2,up,internal,3,86938b48ab88
BIOMD0000001093,R_HISDr,no_candidates,0,0,2,up,internal,7,86938b48ab88
BIOMD0000001093,R_HISTD,no_candidates,0,0,2,up,internal,6,86938b48ab88
BIOMD0000001093,R_HISTP,no_candidates,0,0,2,up,internal,4,86938b48ab88
BIOMD0000001093,R_HISTRS,no_candidates,0,0,2,up,internal,6,86938b48ab88
BIOMD0000001093,R_HMBS,no_candidates,0,0,2,up,internal,6,86938b48ab88
BIOMD0000001093,R_HMSD,no_candidates,0,0,2,up,internal,7,86938b48ab88
BIOMD0000001093,R_HMSD2,no_candidates,0,0,1,up,internal,4,86938b48ab88
BIOMD0000001093,R_HMSH2,no_candidates,0,0,0,exact,internal,4,86938b48ab88
BIOMD0000001093,R_HOPNTAL,no_candidates,0,0,2,up,internal,4,86938b48ab88
BIOMD0000001093,R_HOPNTAL2,no_candidates,0,0,0,exact,internal,3,86938b48ab88
BIOMD0000001093,R_HPYRI,ok,1,0,1,up,internal,5,86938b48ab88
BIOMD0000001093,R_HPYRRx,no_candidates,0,0,2,up,internal,4,86938b48ab88
BIOMD0000001093,R_HPYRRy,no_candidates,0,0,2,down+up,internal,4,86938b48ab88
BIOMD0000001093,R_HSDy,no_candidates,0,0,1,down+up,internal,3,86938b48ab88
BIOMD0000001093,R_HSERTA,ok,1,0,0,exact,internal,4,86938b48ab88
BIOMD0000001093,R_HSK,no_candidates,0,0,0,exact,internal,2,86938b48ab88
BIOMD0000001093,R_HSTPT,no_candidates,0,0,2,up,internal,7,86938b48ab88
BIOMD0000001093,R_HXAND,no_candidates,0,0,2,up,internal,6,86938b48ab88
BIOMD0000001093,R_HXPRT,no_candidates,0,0,0,exact,internal,3,86938b48ab88
BIOMD0000001093,R_ICDHyr,no_candidates,0,0,1,down+up,internal,4,86938b48ab88
BIOMD0000001093,R_ICL,ok,1,0,2,up,internal,5,86938b48ab88
BIOMD0000001093,R_IG3PS,no_candidates,0,0,2,up,internal,9,86938b48ab88
BIOMD0000001093,R_IGPDH,no_candidates,0,0,0,exact,internal,3,86938b48ab88
BIOMD0000001093,R_IGPS,no_candidates,0,0,1,up,internal,5,86938b48ab88
BIOMD0000001093,R_ILETA,ok,1,0,2,up,internal,8,86938b48ab88
BIOMD0000001093,R_ILETRS,no_candidates,0,0,2,up,internal,8,86938b48ab88
BIOMD0000001093,R_IMPC,no_candidates,0,0,0,exact,internal,3,86938b48ab88
BIOMD0000001093,R_IMPD,no_candidates,0,0,1,up,internal,4,86938b48ab88
BIOMD0000001093,R_INSH,no_candidates,0,0,1,down,internal,6,86938b48ab88
BIOMD0000001093,R_IPDDI,ok,1,0,0,exact,internal,3,86938b48ab88
BIOMD0000001093,R_IPMD,no_candidates,0,0,2,up,internal,5,86938b48ab88
BIOMD0000001093,R_IPPMIa,no_candidates,0,0,2,up,internal,5,86938b48ab88
BIOMD0000001093,R_IPPMIb,no_candidates,0,0,0,exact,internal,3,86938b48ab88
BIOMD0000001093,R_IPPS,no_candidates,0,0,0,exact,internal,5,86938b48ab88
BIOMD0000001093,R_IZPN,no_candidates,0,0,1,up,internal,4,86938b48ab88
BIOMD0000001093,R_KARA1,no_candidates,0,0,2,down+up,internal,4,86938b48ab88
BIOMD0000001093,R_KAS14,no_candidates,0,0,0,exact,internal,5,86938b48ab88
BIOMD0000001093,R_KAS15,no_candidates,0,0,0,exact,internal,5,86938b48ab88
BIOMD0000001093,R_KAT1,no_candidates,0,0,0,exact,internal,3,86938b48ab88
BIOMD0000001093,R_KDOPS,no_candidates,0,0,1,up,internal,5,86938b48ab88
BIOMD0000001093,R_LCADi,no_candidates,0,0,1,up,internal,5,86938b48ab88
BIOMD0000001093,R_LDH_D,no_candidates,0,0,1,up,internal,3,86938b48ab88
BIOMD0000001093,R_LEUTA,ok,1,0,2,up,internal,8,86938b48ab88
BIOMD0000001093,R_LEUTRS,no_candidates,0,0,2,up,internal,6,86938b48ab88
BIOMD0000001093,R_LGTHL,no_candidates,0,0,0,exact,internal,3,86938b48ab88
BIOMD0000001093,R_LLEUDr,no_candidates,0,0,2,up,internal,8,86938b48ab88
BIOMD0000001093,R_LPCOXc,no_candidates,0,0,1,up,internal,3,86938b48ab88
BIOMD0000001093,R_LSERDHr,no_candidates,0,0,1,down+up,internal,4,86938b48ab88
BIOMD0000001093,R_LTDCL,no_candidates,0,0,2,up,internal,5,86938b48ab88
BIOMD0000001093,R_LYSDC,no_candidates,0,0,0,exact,internal,4,86938b48ab88
BIOMD0000001093,R_LYSMO,no_candidates,0,0,2,up,internal,7,86938b48ab88
BIOMD0000001093,R_LYSRC,ok,1,0,0,exact,internal,3,86938b48ab88
BIOMD0000001093,R_LYSTRS,no_candidates,0,0,2,up,internal,6,86938b48ab88
BIOMD0000001093,R_MACACI,ok,1,0,2,up,internal,3,86938b48ab88
BIOMD0000001093,R_MACCOAT,no_candidates,0,0,0,exact,internal,4,86938b48ab88
BIOMD0000001093,R_MACPD,no_candidates,0,0,0,exact,internal,3,86938b48ab88
BIOMD0000001093,R_MALEI,no_candidates,0,0,2,up,internal,3,86938b48ab88
BIOMD0000001093,R_MALS,no_candidates,0,0,0,exact,internal,5,86938b48ab88
BIOMD0000001093,R_MAN1PT,no_candidates,0,0,0,exact,internal,3,86938b48ab88
BIOMD0000001093,R_MAN1PT2,no_candidates,0,0,0,exact,internal,3,86938b48ab88
BIOMD0000001093,R_MAN6PI,ok,2,0,0,exact,internal,2,86938b48ab88
BIOMD0000001093,R_MBCOAi,ok,1,0,0,exact,internal,4,86938b48ab88
BIOMD0000001093,R_MCCC,no_candidates,0,0,0,exact,internal,4,86938b48ab88
BIOMD0000001093,R_MCITD,no_candidates,0,0,0,exact,internal,3,86938b48ab88
BIOMD0000001093,R_MCITL2,ok,1,0,2,up,internal,5,86938b48ab88
BIOMD0000001093,R_MCITS,no_candidates,0,0,0,exact,internal,5,86938b48ab88
BIOMD0000001093,R_MCOATA,ok,1,0,0,exact,internal,4,86938b48ab88
BIOMD0000001093,R_MCSNAH,no_candidates,0,0,2,up,internal,6,86938b48ab88
BIOMD0000001093,R_MDH,no_candidates,0,0,1,up,internal,3,86938b48ab88
BIOMD0000001093,R_ME2,no_candidates,0,0,1,down+up,internal,4,86938b48ab88
BIOMD0000001093,R_MECDPS_copy1,ok,1,0,0,exact,internal,3,86938b48ab88
BIOMD0000001093,R_MECDPS_copy2,ok,1,0,0,exact,internal,3,86938b48ab88
BIOMD0000001093,R_MEPCT,no_candidates,0,0,0,exact,internal,3,86938b48ab88
BIOMD0000001093,R_METAT,no_candidates,0,0,2,up,internal,5,86938b48ab88
BIOMD0000001093,R_METGL,no_candidates,0,0,2,up,internal,8,86938b48ab88
BIOMD0000001093,R_METS,no_candidates,0,0,0,exact,internal,6,86938b48ab88
BIOMD0000001093,R_METSOXR1,no_candidates,0,0,0,exact,internal,6,86938b48ab88
BIOMD0000001093,R_METSOXR2,no_candidates,0,0,0,exact,internal,6,86938b48ab88
BIOMD0000001093,R_METTRS,no_candidates,0,0,2,up,internal,6,86938b48ab88
BIOMD0000001093,R_MI1PP,no_candidates,0,0,1,down,internal,6,86938b48ab88
BIOMD0000001093,R_MICITDr,no_candidates,0,0,0,exact,internal,3,86938b48ab88
BIOMD0000001093,R_MMSAD3,no_candidates,0,0,1,up,internal,5,86938b48ab88
BIOMD0000001093,R_MMTSAO,no_candidates,0,0,1,up,internal,5,86938b48ab88
BIOMD0000001093,R_MOHMT,no_candidates,0,0,0,exact,internal,5,86938b48ab88
BIOMD0000001093,R_MPTAT,no_candidates,0,0,2,up,internal,3,86938b48ab88
BIOMD0000001093,R_MTHFC,no_candidates,0,0,0,exact,internal,3,86938b48ab88
BIOMD0000001093,R_MTHFD,no_candidates,0,0,1,down+up,internal,3,86938b48ab88
BIOMD0000001093,R_MTHFR2,no_candidates,0,0,1,up,internal,3,86938b48ab88
BIOMD0000001093,R_MTI,no_candidates,0,0,0,exact,internal,3,86938b48ab88
BIOMD0000001093,R_MTOLDOX,no_candidates,0,0,1,up,internal,3,86938b48ab88
BIOMD0000001093,R_MTRI,ok,1,0,0,exact,internal,2,86938b48ab88
BIOMD0000001093,R_MUCCYCI,no_candidates,0,0,1,up,internal,3,86938b48ab88
BIOMD0000001093,R_MUCCY_kt,no_candidates,0,0,0,exact,internal,2,86938b48ab88
BIOMD0000001093,R_MUCLI,no_candidates,0,0,1,up,internal,3,86938b48ab88
BIOMD0000001093,R_MXMO,no_candidates,0,0,1,up,internal,4,86938b48ab88
BIOMD0000001093,R_NADDP,no_candidates,0,0,2,up,internal,4,86938b48ab88
BIOMD0000001093,R_NADHPO,no_candidates,0,0,1,up,internal,2,86938b48ab88
BIOMD0000001093,R_NADK,no_candidates,0,0,1,down,internal,6,86938b48ab88
BIOMD0000001093,R_NADN,no_candidates,0,0,0,exact,internal,4,86938b48ab88
BIOMD0000001093,R_NADS1,no_candidates,0,0,2,up,internal,7,86938b48ab88
BIOMD0000001093,R_NADTRHD,no_candidates,0,0,1,down+up,internal,1,86938b48ab88
BIOMD0000001093,R_NAMNPP,no_candidates,0,0,0,exact,internal,4,86938b48ab88
BIOMD0000001093,R_NDPK1,ok,1,0,0,exact,internal,2,86938b48ab88
BIOMD0000001093,R_NDPK2,ok,1,0,0,exact,internal,2,86938b48ab88
BIOMD0000001093,R_NDPK3,ok,1,0,0,exact,internal,2,86938b48ab88
BIOMD0000001093,R_NDPK4,ok,1,0,0,exact,internal,2,86938b48ab88
BIOMD0000001093,R_NDPK5,ok,1,0,0,exact,internal,2,86938b48ab88
BIOMD0000001093,R_NDPK6,ok,1,0,0,exact,internal,2,86938b48ab88
BIOMD0000001093,R_NDPK7,ok,1,0,0,exact,internal,2,86938b48ab88
BIOMD0000001093,R_NDPK8,ok,1,0,0,exact,internal,2,86938b48ab88
BIOMD0000001093,R_NFMLDF,no_candidates,0,0,1,up,internal,5,86938b48ab88
BIOMD0000001093,R_NITR,no_candidates,0,0,2,up,internal,5,86938b48ab88
BIOMD0000001093,R_NMNAT,no_candidates,0,0,0,exact,internal,5,86938b48ab88
BIOMD0000001093,R_NMNDA,no_candidates,0,0,2,up,internal,6,86938b48ab88
BIOMD0000001093,R_NNATr,no_candidates,0,0,2,up,internal,3,86938b48ab88
BIOMD0000001093,R_NNDMBRT,ok,1,0,0,exact,internal,4,86938b48ab88
BIOMD0000001093,R_NNDPR,no_candidates,0,0,0,exact,internal,4,86938b48ab88
BIOMD0000001093,R_NODOx,no_candidates,0,0,2,up,internal,4,86938b48ab88
BIOMD0000001093,R_NODOy,no_candidates,0,0,2,down+up,internal,4,86938b48ab88
BIOMD0000001093,R_NTD1,no_candidates,0,0,0,exact,internal,3,86938b48ab88
BIOMD0000001093,R_NTD10,no_candidates,0,0,0,exact,internal,3,86938b48ab88
BIOMD0000001093,R_NTD10pp,no_candidates,0,0,0,exact,internal,3,86938b48ab88
BIOMD0000001093,R_NTD11,no_candidates,0,0,0,exact,internal,3,86938b48ab88
BIOMD0000001093,R_NTD11pp,no_candidates,0,0,0,exact,internal,3,86938b48ab88
BIOMD0000001093,R_NTD1pp,no_candidates,0,0,0,exact,internal,3,86938b48ab88
BIOMD0000001093,R_NTD2,no_candidates,0,0,0,exact,internal,3,86938b48ab88
BIOMD0000001093,R_NTD2pp,no_candidates,0,0,0,exact,internal,3,86938b48ab88
BIOMD0000001093,R_NTD3,no_candidates,0,0,0,exact,internal,3,86938b48ab88
BIOMD0000001093,R_NTD3pp,no_candidates,0,0,0,exact,internal,3,86938b48ab88
BIOMD0000001093,R_NTD4,no_candidates,0,0,0,exact,internal,3,86938b48ab88
BIOMD0000001093,R_NTD4pp,no_candidates,0,0,0,exact,internal,3,86938b48ab88
BIOMD0000001093,R_NTD5,no_candidates,0,0,0,exact,internal,3,86938b48ab88
BIOMD0000001093,R_NTD5pp,no_candidates,0,0,0,exact,internal,3,86938b48ab88
BIOMD0000001093,R_NTD6,no_candidates,0,0,0,exact,internal,3,86938b48ab88
BIOMD0000001093,R_NTD6pp,no_candidates,0,0,0,exact,internal,3,86938b48ab88
BIOMD0000001093,R_NTD7,no_candidates,0,0,2,up,internal,4,86938b48ab88
BIOMD0000001093,R_NTD7pp,no_candidates,0,0,2,up,internal,4,86938b48ab88
BIOMD0000001093,R_NTD8,no_candidates,0,0,2,up,internal,5,86938b48ab88
BIOMD0000001093,R_NTD8pp,no_candidates,0,0,2,up,internal,5,86938b48ab88
BIOMD0000001093,R_NTD9,no_candidates,0,0,0,exact,internal,3,86938b48ab88
BIOMD0000001093,R_NTD9pp,no_candidates,0,0,0,exact,internal,3,86938b48ab88
BIOMD0000001093,R_NTP1,no_candidates,0,0,0,exact,internal,6,86938b48ab88
BIOMD0000001093,R_NTP10,no_candidates,0,0,0,exact,internal,3,86938b48ab88
BIOMD0000001093,R_NTP3,no_candidates,0,0,0,exact,internal,3,86938b48ab88
BIOMD0000001093,R_NTP5,no_candidates,0,0,0,exact,internal,3,86938b48ab88
BIOMD0000001093,R_NTPP1,no_candidates,0,0,2,up,internal,5,86938b48ab88
BIOMD0000001093,R_NTPP10,no_candidates,0,0,0,exact,internal,3,86938b48ab88
BIOMD0000001093,R_NTPP11,no_candidates,0,0,0,exact,internal,3,86938b48ab88
BIOMD0000001093,R_NTPP2,no_candidates,0,0,0,exact,internal,3,86938b48ab88
BIOMD0000001093,R_NTPP3,no_candidates,0,0,0,exact,internal,3,86938b48ab88
BIOMD0000001093,R_NTPP4,no_candidates,0,0,0,exact,internal,3,86938b48ab88
BIOMD0000001093,R_NTPP6,no_candidates,0,0,2,up,internal,3,86938b48ab88
BIOMD0000001093,R_NTPP7,no_candidates,0,0,0,exact,internal,3,86938b48ab88
BIOMD0000001093,R_NTPP8,no_candidates,0,0,0,exact,internal,3,86938b48ab88
BIOMD0000001093,R_NTPP9,no_candidates,0,0,0,exact,internal,3,86938b48ab88
BIOMD0000001093,R_NTPTP1,no_candidates,0,0,0,exact,internal,4,86938b48ab88
BIOMD0000001093,R_NTRIR2x,no_candidates,0,0,2,up,internal,6,86938b48ab88
BIOMD0000001093,R_OAADC,no_candidates,0,0,0,exact,internal,3,86938b48ab88
BIOMD0000001093,R_OARGDC,no_candidates,0,0,0,exact,internal,3,86938b48ab88
BIOMD0000001093,R_OCBT,no_candidates,0,0,0,exact,internal,4,86938b48ab88
BIOMD0000001093,R_OCOAT1,no_candidates,0,0,2,up,internal,7,86938b48ab88
BIOMD0000001093,R_OCTDPS,no_candidates,0,0,2,up,internal,5,86938b48ab88
BIOMD0000001093,R_OGMEACPD,no_candidates,0,0,0,exact,internal,3,86938b48ab88
BIOMD0000001093,R_OHPBAT,no_candidates,0,0,2,up,internal,7,86938b48ab88
BIOMD0000001093,R_OHPHM,no_candidates,0,0,2,up,internal,5,86938b48ab88
BIOMD0000001093,R_OIVD1r,no_candidates,0,0,1,up,internal,5,86938b48ab88
BIOMD0000001093,R_OIVD2,no_candidates,0,0,1,up,internal,5,86938b48ab88
BIOMD0000001093,R_OMCDC,no_candidates,0,0,0,exact,internal,3,86938b48ab88
BIOMD0000001093,R_OMPDC,no_candidates,0,0,0,exact,internal,3,86938b48ab88
BIOMD0000001093,R_OP4ENH2,no_candidates,0,0,0,exact,internal,3,86938b48ab88
BIOMD0000001093,R_OPAH,no_candidates,0,0,2,down+up,internal,7,86938b48ab88
BIOMD0000001093,R_OPHBDC,no_candidates,0,0,1,up,internal,4,86938b48ab88
BIOMD0000001093,R_OPMEACPD,no_candidates,0,0,0,exact,internal,3,86938b48ab88
BIOMD0000001093,R_ORNCD,no_candidates,0,0,2,up,internal,7,86938b48ab88
BIOMD0000001093,R_ORNDC,no_candidates,0,0,0,exact,internal,4,86938b48ab88
BIOMD0000001093,R_ORPT,ok,1,0,1,up,internal,4,86938b48ab88
BIOMD0000001093,R_OXOAEL,no_candidates,0,0,1,up,internal,4,86938b48ab88
BIOMD0000001093,R_OXPTNDH,no_candidates,0,0,1,up,internal,4,86938b48ab88
BIOMD0000001093,R_P5CD,no_candidates,0,0,2,up,internal,8,86938b48ab88
BIOMD0000001093,R_P5CR,no_candidates,0,0,1,down+up,internal,5,86938b48ab88
BIOMD0000001093,R_PACCOAL,no_candidates,0,0,2,up,internal,8,86938b48ab88
BIOMD0000001093,R_PANTS,no_candidates,0,0,2,up,internal,6,86938b48ab88
BIOMD0000001093,R_PAPSR,no_candidates,0,0,1,down,internal,7,86938b48ab88
BIOMD0000001093,R_PC,no_candidates,0,0,0,exact,internal,4,86938b48ab88
BIOMD0000001093,R_PC11M,no_candidates,0,0,2,up,internal,5,86938b48ab88
BIOMD0000001093,R_PC17M,no_candidates,0,0,2,up,internal,5,86938b48ab88
BIOMD0000001093,R_PC20M,ok,1,0,1,up,internal,5,86938b48ab88
BIOMD0000001093,R_PC6AR,no_candidates,0,0,1,down+up,internal,3,86938b48ab88
BIOMD0000001093,R_PC6YM,no_candidates,0,0,2,up,internal,6,86938b48ab88
BIOMD0000001093,R_PC8XM,no_candidates,0,0,0,exact,internal,2,86938b48ab88
BIOMD0000001093,R_PCADYOX,no_candidates,0,0,0,exact,internal,2,86938b48ab88
BIOMD0000001093,R_PDE1,no_candidates,0,0,2,up,internal,4,86938b48ab88
BIOMD0000001093,R_PDE4,no_candidates,0,0,0,exact,internal,3,86938b48ab88
BIOMD0000001093,R_PDH,no_candidates,0,0,1,up,internal,5,86938b48ab88
BIOMD0000001093,R_PDHcr,no_candidates,0,0,1,up,internal,3,86938b48ab88
BIOMD0000001093,R_PDX5POi,ok,1,0,0,exact,internal,2,86938b48ab88
BIOMD0000001093,R_PERD,no_candidates,0,0,2,up,internal,4,86938b48ab88
BIOMD0000001093,R_PGAMT,ok,1,0,0,exact,internal,2,86938b48ab88
BIOMD0000001093,R_PGCD,no_candidates,0,0,2,up,internal,4,86938b48ab88
BIOMD0000001093,R_PGK,ok,1,0,1,up,internal,5,86938b48ab88
BIOMD0000001093,R_PGL,no_candidates,0,0,1,up,internal,4,86938b48ab88
BIOMD0000001093,R_PGLCNDH,no_candidates,0,0,1,down+up,internal,4,86938b48ab88
BIOMD0000001093,R_PGLYCP,no_candidates,0,0,1,up,internal,4,86938b48ab88
BIOMD0000001093,R_PGM,ok,1,0,1,up,internal,3,86938b48ab88
BIOMD0000001093,R_PGMT,no_candidates,0,0,2,down+up,internal,5,86938b48ab88
BIOMD0000001093,R_PHETA1,ok,1,0,2,up,internal,8,86938b48ab88
BIOMD0000001093,R_PHETRS,no_candidates,0,0,2,up,internal,8,86938b48ab88
BIOMD0000001093,R_PMANM,no_candidates,0,0,0,exact,internal,2,86938b48ab88
BIOMD0000001093,R_PMDPHT,no_candidates,0,0,0,exact,internal,3,86938b48ab88
BIOMD0000001093,R_PMEACPE,no_candidates,0,0,0,exact,internal,4,86938b48ab88
BIOMD0000001093,R_PNTK,no_candidates,0,0,1,up,internal,3,86938b48ab88
BIOMD0000001093,R_PPA,no_candidates,0,0,0,exact,internal,5,86938b48ab88
BIOMD0000001093,R_PPA2,no_candidates,0,0,0,exact,internal,6,86938b48ab88
BIOMD0000001093,R_PPBNGS,no_candidates,0,0,1,up,internal,4,86938b48ab88
BIOMD0000001093,R_PPC,no_candidates,0,0,1,up,internal,5,86938b48ab88
BIOMD0000001093,R_PPCDC,no_candidates,0,0,0,exact,internal,3,86938b48ab88
BIOMD0000001093,R_PPCK,ok,1,0,1,up,internal,4,86938b48ab88
BIOMD0000001093,R_PPGPPDP,no_candidates,0,0,0,exact,internal,3,86938b48ab88
BIOMD0000001093,R_PPNCL2,no_candidates,0,0,0,exact,internal,6,86938b48ab88
BIOMD0000001093,R_PPND,no_candidates,0,0,2,up,internal,5,86938b48ab88
BIOMD0000001093,R_PPNDH,no_candidates,0,0,2,up,internal,5,86938b48ab88
BIOMD0000001093,R_PPRGL,no_candidates,0,0,0,exact,internal,3,86938b48ab88
BIOMD0000001093,R_PPS,no_candidates,0,0,2,up,internal,6,86938b48ab88
BIOMD0000001093,R_PPYRDC,no_candidates,0,0,0,exact,internal,3,86938b48ab88
BIOMD0000001093,R_PRAIi_copy1,no_candidates,0,0,1,up,internal,3,86938b48ab88
BIOMD0000001093,R_PRAIi_copy2,no_candidates,0,0,1,up,internal,3,86938b48ab88
BIOMD0000001093,R_PRAMPC_copy1,no_candidates,0,0,0,exact,internal,3,86938b48ab88
BIOMD0000001093,R_PRAMPC_copy2,no_candidates,0,0,0,exact,internal,3,86938b48ab88
BIOMD0000001093,R_PRASCSi_copy1,no_candidates,0,0,2,up,internal,5,86938b48ab88
BIOMD0000001093,R_PRASCSi_copy2,no_candidates,0,0,2,up,internal,5,86938b48ab88
BIOMD0000001093,R_PRATPP,no_candidates,0,0,0,exact,internal,3,86938b48ab88
BIOMD0000001093,R_PRMICI_copy1,ok,1,0,0,exact,internal,2,86938b48ab88
BIOMD0000001093,R_PRMICI_copy2,ok,1,0,0,exact,internal,2,86938b48ab88
BIOMD0000001093,R_PROD2,no_candidates,0,0,0,exact,internal,6,86938b48ab88
BIOMD0000001093,R_PROTRS,no_candidates,0,0,2,up,internal,6,86938b48ab88
BIOMD0000001093,R_PSCVT_copy1,ok,1,0,2,up,internal,4,86938b48ab88
BIOMD0000001093,R_PSCVT_copy2,ok,1,0,2,up,internal,4,86938b48ab88
BIOMD0000001093,R_PSERT,no_candidates,0,0,2,up,internal,7,86938b48ab88
BIOMD0000001093,R_PSP_L,no_candidates,0,0,0,exact,internal,4,86938b48ab88
BIOMD0000001093,R_PTA2,ok,1,0,0,exact,internal,3,86938b48ab88
BIOMD0000001093,R_PTAr,ok,1,0,0,exact,internal,3,86938b48ab88
BIOMD0000001093,R_PTOLDOX,no_candidates,0,0,2,up,internal,4,86938b48ab88
BIOMD0000001093,R_PTPATi,no_candidates,0,0,0,exact,internal,2,86938b48ab88
BIOMD0000001093,R_PTRCTA,no_candidates,0,0,2,up,internal,9,86938b48ab88
BIOMD0000001093,R_PUTA3,no_candidates,0,0,2,up,internal,7,86938b48ab88
BIOMD0000001093,R_PXMO,no_candidates,0,0,1,up,internal,4,86938b48ab88
BIOMD0000001093,R_PYAM5PO,no_candidates,0,0,2,up,internal,6,86938b48ab88
BIOMD0000001093,R_PYDAMK,no_candidates,0,0,2,up,internal,4,86938b48ab88
BIOMD0000001093,R_PYDXK,no_candidates,0,0,0,exact,internal,2,86938b48ab88
BIOMD0000001093,R_PYDXNK,no_candidates,0,0,0,exact,internal,2,86938b48ab88
BIOMD0000001093,R_PYK,no_candidates,0,0,1,up,internal,3,86938b48ab88
BIOMD0000001093,R_PYNP2r,ok,1,0,0,exact,internal,3,86938b48ab88
BIOMD0000001093,R_PYRDOX,no_candidates,0,0,1,up,internal,3,86938b48ab88
BIOMD0000001093,R_PYRZAM,no_candidates,0,0,2,up,internal,7,86938b48ab88
BIOMD0000001093,R_QUIDH,ok,1,0,0,exact,internal,4,86938b48ab88
BIOMD0000001093,R_QULNS,no_candidates,0,0,0,exact,internal,4,86938b48ab88
BIOMD0000001093,R_R05219,no_candidates,0,0,2,up,internal,7,86938b48ab88
BIOMD0000001093,R_R15BPK,ok,1,0,0,exact,internal,2,86938b48ab88
BIOMD0000001093,R_RBFK,no_candidates,0,0,0,exact,internal,2,86938b48ab88
BIOMD0000001093,R_RBFSa,no_candidates,0,0,0,exact,internal,4,86938b48ab88
BIOMD0000001093,R_RBFSb,ok,1,0,0,exact,internal,3,86938b48ab88
BIOMD0000001093,R_RNDR1,no_candidates,0,0,0,exact,internal,4,86938b48ab88
BIOMD0000001093,R_RNDR2,no_candidates,0,0,0,exact,internal,5,86938b48ab88
BIOMD0000001093,R_RNDR3,no_candidates,0,0,0,exact,internal,5,86938b48ab88
BIOMD0000001093,R_RNDR4,no_candidates,0,0,0,exact,internal,5,86938b48ab88
BIOMD0000001093,R_RPE,no_candidates,0,0,1,down,internal,4,86938b48ab88
BIOMD0000001093,R_RZ5PP,no_candidates,0,0,0,exact,internal,3,86938b48ab88
BIOMD0000001093,R_S7PI,ok,1,0,0,exact,internal,2,86938b48ab88
BIOMD0000001093,R_SADH,no_candidates,0,0,2,up,internal,7,86938b48ab88
BIOMD0000001093,R_SADT,no_candidates,0,0,0,exact,internal,2,86938b48ab88
BIOMD0000001093,R_SARCOX,no_candidates,0,0,0,exact,internal,4,86938b48ab88
BIOMD0000001093,R_SDPDS,no_candidates,0,0,2,up,internal,6,86938b48ab88
BIOMD0000001093,R_SDPTA,ok,1,0,2,up,internal,7,86938b48ab88
BIOMD0000001093,R_SELCYSS,no_candidates,0,0,0,exact,internal,3,86938b48ab88
BIOMD0000001093,R_SELGTHR,no_candidates,0,0,0,exact,internal,5,86938b48ab88
BIOMD0000001093,R_SELMETAT,no_candidates,0,0,2,up,internal,4,86938b48ab88
BIOMD0000001093,R_SELNPS,no_candidates,0,0,2,up,internal,5,86938b48ab88
BIOMD0000001093,R_SERAT_copy1,ok,1,0,0,exact,internal,5,86938b48ab88
BIOMD0000001093,R_SERAT_copy2,ok,1,0,0,exact,internal,5,86938b48ab88
BIOMD0000001093,R_SERD_L,no_candidates,0,0,2,up,internal,6,86938b48ab88
BIOMD0000001093,R_SERTRS,no_candidates,0,0,2,up,internal,6,86938b48ab88
BIOMD0000001093,R_SFGTHi,no_candidates,0,0,0,exact,internal,4,86938b48ab88
BIOMD0000001093,R_SGDS,no_candidates,0,0,2,up,internal,9,86938b48ab88
BIOMD0000001093,R_SGSAD,no_candidates,0,0,1,up,internal,4,86938b48ab88
BIOMD0000001093,R_SHCHD2,no_candidates,0,0,1,up,internal,3,86938b48ab88
BIOMD0000001093,R_SHCHF,no_candidates,0,0,1,up,internal,4,86938b48ab88
BIOMD0000001093,R_SHK3Dr,no_candidates,0,0,2,down+up,internal,4,86938b48ab88
BIOMD0000001093,R_SHKK,no_candidates,0,0,2,up,internal,3,86938b48ab88
BIOMD0000001093,R_SHSL1,no_candidates,0,0,2,up,internal,7,86938b48ab88
BIOMD0000001093,R_SHSL2r,no_candidates,0,0,2,up,internal,7,86938b48ab88
BIOMD0000001093,R_SLCYSS,no_candidates,0,0,1,up,internal,6,86938b48ab88
BIOMD0000001093,R_SOTA,ok,1,0,2,up,internal,7,86938b48ab88
BIOMD0000001093,R_SPODM,ok,1,0,0,exact,internal,4,86938b48ab88
BIOMD0000001093,R_SSALx,no_candidates,0,0,2,up,internal,8,86938b48ab88
BIOMD0000001093,R_SSALy,no_candidates,0,0,2,down+up,internal,8,86938b48ab88
BIOMD0000001093,R_SUCOAS,ok,1,0,2,up,internal,5,86938b48ab88
BIOMD0000001093,R_SULR,no_candidates,0,0,1,down+up,internal,6,86938b48ab88
BIOMD0000001093,R_TALA,ok,2,0,0,exact,internal,5,86938b48ab88
BIOMD0000001093,R_TAUDO,no_candidates,0,0,2,down+up,internal,13,86938b48ab88
BIOMD0000001093,R_TDP,no_candidates,0,0,2,up,internal,4,86938b48ab88
BIOMD0000001093,R_TDPDRE,ok,1,0,0,exact,internal,2,86938b48ab88
BIOMD0000001093,R_TDPDRR,no_candidates,0,0,1,down+up,internal,3,86938b48ab88
BIOMD0000001093,R_TDPGDH,no_candidates,0,0,0,exact,internal,3,86938b48ab88
BIOMD0000001093,R_THDPS,no_candidates,0,0,2,up,internal,6,86938b48ab88
BIOMD0000001093,R_THFAT,no_candidates,0,0,0,exact,internal,3,86938b48ab88
BIOMD0000001093,R_THRA,ok,1,0,2,up,internal,5,86938b48ab88
BIOMD0000001093,R_THRD_L,no_candidates,0,0,2,up,internal,7,86938b48ab88
BIOMD0000001093,R_THRS,no_candidates,0,0,2,up,internal,5,86938b48ab88
BIOMD0000001093,R_THRTRS,no_candidates,0,0,2,up,internal,7,86938b48ab88
BIOMD0000001093,R_TKT2,no_candidates,0,0,1,down,internal,6,86938b48ab88
BIOMD0000001093,R_TMDS,ok,1,0,0,exact,internal,4,86938b48ab88
BIOMD0000001093,R_TMPK,no_candidates,0,0,2,up,internal,3,86938b48ab88
BIOMD0000001093,R_TMPPP,no_candidates,0,0,2,up,internal,4,86938b48ab88
BIOMD0000001093,R_TPI,no_candidates,0,0,0,exact,internal,3,86938b48ab88
BIOMD0000001093,R_TRDR,no_candidates,0,0,1,down+up,internal,3,86938b48ab88
BIOMD0000001093,R_TRPS1_copy1,no_candidates,0,0,0,exact,internal,8,86938b48ab88
BIOMD0000001093,R_TRPS1_copy2,no_candidates,0,0,0,exact,internal,8,86938b48ab88
BIOMD0000001093,R_TRPS2,no_candidates,0,0,0,exact,internal,6,86938b48ab88
BIOMD0000001093,R_TRPS3,ok,1,0,0,exact,internal,4,86938b48ab88
BIOMD0000001093,R_TRPTRS,no_candidates,0,0,2,up,internal,6,86938b48ab88
BIOMD0000001093,R_TRSARr,no_candidates,0,0,2,up,internal,4,86938b48ab88
BIOMD0000001093,R_TRYPTAOX,no_candidates,0,0,2,up,internal,6,86938b48ab88
BIOMD0000001093,R_TYRTA,ok,1,0,2,up,internal,8,86938b48ab88
BIOMD0000001093,R_TYRTRS,no_candidates,0,0,2,up,internal,6,86938b48ab88
BIOMD0000001093,R_UAG2E,ok,1,0,0,exact,internal,2,86938b48ab88
BIOMD0000001093,R_UAGCVT,ok,1,0,1,up,internal,4,86938b48ab88
BIOMD0000001093,R_UAGPT3,no_candidates,0,0,0,exact,internal,4,86938b48ab88
BIOMD0000001093,R_UAMAGS,no_candidates,0,0,0,exact,internal,3,86938b48ab88
BIOMD0000001093,R_UAMAS,no_candidates,0,0,2,up,internal,9,86938b48ab88
BIOMD0000001093,R_UAPGR,no_candidates,0,0,2,down+up,internal,5,86938b48ab88
BIOMD0000001093,R_UDPG4E,no_candidates,0,0,1,up,internal,3,86938b48ab88
BIOMD0000001093,R_UGLYCH,no_candidates,0,0,2,up,internal,9,86938b48ab88
BIOMD0000001093,R_UMPK,ok,1,0,0,exact,internal,2,86938b48ab88
BIOMD0000001093,R_UNK3,ok,1,0,2,up,internal,8,86938b48ab88
BIOMD0000001093,R_UPP3MT,no_candidates,0,0,2,up,internal,5,86938b48ab88
BIOMD0000001093,R_UPP3S,no_candidates,0,0,0,exact,internal,3,86938b48ab88
BIOMD0000001093,R_UPPDC1,no_candidates,0,0,0,exact,internal,3,86938b48ab88
BIOMD0000001093,R_UPPN,no_candidates,0,0,2,up,internal,8,86938b48ab88
BIOMD0000001093,R_UPPRT,no_candidates,0,0,0,exact,internal,3,86938b48ab88
BIOMD0000001093,R_URCN,no_candidates,0,0,2,up,internal,4,86938b48ab88
BIOMD0000001093,R_UREA,no_candidates,0,0,2,up,internal,6,86938b48ab88
BIOMD0000001093,R_URIDK2r,ok,1,0,0,exact,internal,2,86938b48ab88
BIOMD0000001093,R_URIH,no_candidates,0,0,1,down,internal,6,86938b48ab88
BIOMD0000001093,R_VALDHr,no_candidates,0,0,2,up,internal,11,86938b48ab88
BIOMD0000001093,R_VALTA,ok,1,0,2,up,internal,9,86938b48ab88
BIOMD0000001093,R_VALTRS_copy1,no_candidates,0,0,2,up,internal,9,86938b48ab88
BIOMD0000001093,R_VALTRS_copy2,no_candidates,0,0,2,up,internal,9,86938b48ab88
BIOMD0000001093,R_VNDH,no_candidates,0,0,1,up,internal,4,86938b48ab88
BIOMD0000001093,R_VNDH_2,no_candidates,0,0,1,up,internal,4,86938b48ab88
BIOMD0000001093,R_VNTDM,no_candidates,0,0,1,up,internal,5,86938b48ab88
BIOMD0000001093,R_XAND,no_candidates,0,0,2,up,internal,6,86938b48ab88
BIOMD0000001093,R_XPPT,no_candidates,0,0,2,up,internal,5,86938b48ab88
BIOMD0000001093,R_XTSNH,no_candidates,0,0,2,down+up,internal,8,86938b48ab88
