model_id,model_title,model_notes,sbml_level,sbml_version,num_species,num_reactions_total
BIOMD0000000013,Poolman2004_CalvinCycle,"This a model from the article: Applications of metabolic modelling to plant metabolism. Poolman MG ,Assmus HE, Fell DA J. Exp. Bot. [2004 May; Volume: 55 (Issue: 400 )]: 1177-86 15073223 , Abstract: In this paper some of the general concepts underpinning the computer modelling of metabolic systems are introduced. The difference between kinetic and structural modelling is emphasized, and the more important techniques from both, along with the physiological implications, are described. These approaches are then illustrated by descriptions of other work, in which they have been applied to models of the Calvin cycle, sucrose metabolism in sugar cane, and starch metabolism in potatoes. This model describes the non oxidative Calvin cycle as depicted in Poolman et al; J Exp Bot (2004) 55:1177-1186, fig 2. Reaction E20: E4P + F6P ↔ S7P + GAP, is depicted in the figure, but not included in the model. The light reaction: ADP + P i → ATP, is included in the model, but only mentioned in the figure caption. The parameters and initial concentrations are the same as in Poolman, 1999, Computer Modelling Applied to the Calvin Cycle, PhD Thesis, Oxford Brookes University, Appendix A (available at at http://mudshark.brookes.ac.uk/index.php/Publications/Theses/Mark ) © Mark Poolman (mgpoolman@brookes.ac.uk) 1995-2002 Based on a description by Pettersson 1988, Eur. J. Biochem. 175, 661-672 Differences are: 1 - Reactions assumed by Pettersson to be in equilibrium have fast mass action kinetics. 2 - Introduction of the parameter PGAxpMult to modulate PGA export through TPT. 3 - Introduction of Starch phosphorylase reaction. This file may be freely copied or translated into other formats provided: 1 - This notice is reproduced in its entirety 2 - Published material making use of (information gained from) this model cites at least: (a) Poolman, 1999, Computer Modelling Applied to the Calvin Cycle, PhD Thesis, Oxford Brookes University (b) Poolman, Fell, and Thomas. 2000, Modelling Photosynthesis and its control, J. Exp. Bot. 51, 319-328 or (c) Poolman et al. 2001, Computer modelling and experimental evidence for two steady states in the photosynthetic Calvin cycle. Eur. J. Biochem. 268, 2810-2816 Further related information may be found at http://mudshark.brookes.ac.uk . This model originates from BioModels Database: A Database of Annotated Published Models (http://www.ebi.ac.uk/biomodels/). It is copyright (c) 2005-2012 The BioModels.net Team. For more information see the terms of use . To cite BioModels Database, please use: Li C, Donizelli M, Rodriguez N, Dharuri H, Endler L, Chelliah V, Li L, He E, Henry A, Stefan MI, Snoep JL, Hucka M, Le Novère N, Laibe C (2010) BioModels Database: An enhanced, curated and annotated resource for published quantitative kinetic models. BMC Syst Biol., 4:92.",2,1,27,21
BIOMD0000000015,Curto1998 - purine metabolism,"Curto1998 - purine metabolism This is a purine metabolism model that is geared toward studies of gout. The model uses Generalized Mass Action (GMA; i.e. power law) descriptions of reaction rate laws. Such descriptions are local approximations that assume independent substrate binding. This model is described in the article: Mathematical models of purine metabolism in man. Curto R, Voit EO, Sorribas A, Cascante M. Math Biosci 1998 Jul; 151(1): 1-49 Abstract: Experimental and clinical data on purine metabolism are collated and analyzed with three mathematical models. The first model is the result of an attempt to construct a traditional kinetic model based on Michaelis-Menten rate laws. This attempt is only partially successful, since kinetic information, while extensive, is not complete, and since qualitative information is difficult to incorporate into this type of model. The data gaps necessitate the complementation of the Michaelis-Menten model with other functional forms that can incorporate different types of data. The most convenient and established representations for this purpose are rate laws formulated as power-law functions, and these are used to construct a Complemented Michaelis-Menten (CMM) model. The other two models are pure power-law-representations, one in the form of a Generalized Mass Action (GMA) system, and the other one in the form of an S-system. The first part of the paper contains a compendium of experimental data necessary for any model of purine metabolism. This is followed by the formulation of the three models and a comparative analysis. For physiological and moderately pathological perturbations in metabolites or enzymes, the results of the three models are very similar and consistent with clinical findings. This is an encouraging result since the three models have different structures and data requirements and are based on different mathematical assumptions. Significant enzyme deficiencies are not so well modeled by the S-system model. The CMM model captures the dynamics better, but judging by comparisons with clinical observations, the best model in this case is the GMA model. The model results are discussed in some detail, along with advantages and disadvantages of each modeling strategy. This model is hosted on BioModels Database and identified by: BIOMD0000000015 . To cite BioModels Database, please use: BioModels Database: An enhanced, curated and annotated resource for published quantitative kinetic models . To the extent possible under law, all copyright and related or neighbouring rights to this encoded model have been dedicated to the public domain worldwide. Please refer to CC0 Public Domain Dedication for more information.",2,1,18,37
BIOMD0000000017,Hoefnagel2002_PyruvateBranches,"This a model from the article: Metabolic engineering of lactic acid bacteria, the combined approach: kinetic modelling, metabolic control and experimental analysis. Hoefnagel MH, Starrenburg MJ, Martens DE, Hugenholtz J, Kleerebezem M, Van Swam II, Bongers R, Westerhoff HV, Snoep JL Microbiology 2002 Apr; 148(4):1003-13 11932446 , Abstract: Everyone who has ever tried to radically change metabolic fluxes knows that it is often harder to determine which enzymes have to be modified than it is to actually implement these changes. In the more traditional genetic engineering approaches ’bottle-necks’ are pinpointed using qualitative, intuitive approaches, but the alleviation of suspected ’rate-limiting’ steps has not often been successful. Here the authors demonstrate that a model of pyruvate distribution in Lactococcus lactis based on enzyme kinetics in combination with metabolic control analysis clearly indicates the key control points in the flux to acetoin and diacetyl, important flavour compounds. The model presented here (available at http://jjj.biochem.sun.ac.za/wcfs.html) showed that the enzymes with the greatest effect on this flux resided outside the acetolactate synthase branch itself. Experiments confirmed the predictions of the model, i.e. knocking out lactate dehydrogenase and overexpressing NADH oxidase increased the flux through the acetolactate synthase branch from 0 to 75% of measured product formation rates. The paper does not have any figure to be put as a curation figure in the BioModels database. The model does reproduce the fluxes and control-coefficients given in Figure 2 and Table 4. To reproduce the results, the model was changed from the description in the article according to the model on JWS: the parameter Kmpyr was changed to 2.5 from 25. The equillibrium constant for PTA reaction (R4) was changed from 0.0281 to 0.0065. The Km for oxygen in the NOX reaction (R13) was changed from 0.01 to 0.2. Slight deviations between the values in the article and the model results may stem from different algorithms used for finding the steady state. This model originates from BioModels Database: A Database of Annotated Published Models (http://www.ebi.ac.uk/biomodels/). It is copyright (c) 2005-2010 The BioModels.net Team. For more information see the terms of use . To cite BioModels Database, please use: Li C, Donizelli M, Rodriguez N, Dharuri H, Endler L, Chelliah V, Li L, He E, Henry A, Stefan MI, Snoep JL, Hucka M, Le Novère N, Laibe C (2010) BioModels Database: An enhanced, curated and annotated resource for published quantitative kinetic models. BMC Syst Biol., 4:92.",2,4,19,14
BIOMD0000000018,Morrison1989 - Folate Cycle,"Morrison1989 - Folate Cycle The model describes the folate cycle kinetics in breast cancer cells. This model is described in the article: Folate cycle kinetics in human breast cancer cells. Morrison PF, Allegra CJ. J. Biol. Chem. 1989 Jun; 264(18): 10552-10566 Abstract: A mathematical description of polyglutamated folate kinetics for human breast carcinoma cells (MCF-7) has been formulated based upon experimental folate, methotrexate (MTX), purine, and pyrimidine pool sizes as well as reaction rate parameters obtained from intact MCF-7 cells and their enzyme isolates. The schema accounts for the interconversion of highly polyglutamated tetrahydrofolate, 5-methyl-FH4, 5-10-CH2FH4, dihydrofolate (FH2), 10-formyl-FH4 (FFH4), and 10-formyl-FH2 (FFH2), as well as formation and transport of the MTX polyglutamates. Inhibition mechanisms have been chosen to reproduce all observed non-, un-, and pure competition inhibition patterns. Steady state folate concentrations and thymidylate and purine synthesis rates in drug-free intact cells were used to determine normal folate Vmax values. The resulting average-cell folate model, examined for its ability to predict folate pool behavior following exposure to 1 microM MTX over 21 h, agreed well with the experiment, including a relative preservation of the FFH4 and CH2FH4 pools. The results depend strongly on thymidylate synthase (TS) reaction mechanism, especially the assumption that MTX di- and triglutamates inhibit TS synthesis as greatly in the intact cell as they do with purified enzyme. The effects of cell cycle dependence of TS and dihydrofolate reductase activities were also examined by introducing G- to S-phase activity ratios of these enzymes into the model. For activity ratios down to at least 5%, cell population averaged folate pools were only slightly affected, while CH2FH4 pools in S-phase cells were reduced to as little as 10% of control values. Significantly, these folate pool dynamics were indicated to arise from both direct inhibition by MTX polyglutamates as well as inhibition by elevated levels of polyglutamated FH2 and FFH2. Note: two flow BCs were converted into two downstream concentration BCs, thus removing the GAR and dUMP state variables. This dropped the number of ODEs from 21 to 19. This model is hosted on BioModels Database and identified by: BIOMD0000000018 . To cite BioModels Database, please use: BioModels Database: An enhanced, curated and annotated resource for published quantitative kinetic models . To the extent possible under law, all copyright and related or neighbouring rights to this encoded model have been dedicated to the public domain worldwide. Please refer to CC0 Public Domain Dedication for more information.",2,1,33,47
BIOMD0000000023,Rohwer2001_Sucrose,"SBML Level 2 code generated for the JWS Online project by Jacky Snoep using PySCeS . Run this model online at http://jjj.biochem.sun.ac.za . To cite JWS Online please refer to: Olivier, B.G. and Snoep, J.L. (2004) Web-based modelling using JWS Online , Bioinformatics, 20:2143-2144. This model originates from BioModels Database: A Database of Annotated Published Models. It is copyright (c) 2005-2010 The BioModels Team. For more information see the terms of use . To cite BioModels Database, please use Le Novère N., Bornstein B., Broicher A., Courtot M., Donizelli M., Dharuri H., Li L., Sauro H., Schilstra M., Shapiro B., Snoep J.L., Hucka M. (2006) BioModels Database: A Free, Centralized Database of Curated, Published, Quantitative Kinetic Models of Biochemical and Cellular Systems Nucleic Acids Res., 34: D689-D691. To the extent possible under law, all copyright and related or neighbouring rights to this encoded model have been dedicated to the public domain worldwide. Please refer to CC0 Public Domain Dedication for more information. In summary, you are entitled to use this encoded model in absolutely any manner you deem suitable, verbatim, or with modification, alone or embedded it in a larger context, redistribute it, commercially or not, in a restricted way or not.",2,4,13,11
BIOMD0000000038,Rohwer2000_Phosphotransferase_System,"SBML level 2 code generated for the JWS Online project by Jacky Snoep using PySCeS Run this model online at http://jjj.biochem.sun.ac.za To cite JWS Online please refer to: Olivier, B.G. and Snoep, J.L. (2004) Web-based modelling using JWS Online , Bioinformatics, 20:2143-2144",2,1,17,10
BIOMD0000000042,Nielsen1998_Glycolysis,"This model was automatically converted from model BIOMD0000000042 by using libSBML . According to the BioModels Database terms of use , this generated model is not related with model BIOMD0000000042 any more.",2,4,15,25
BIOMD0000000046,Olsen2003_peroxidase,"Notes of the BioModels curators: The current model reproduce the figure 7, panel B of the paper. Note that there is a typo in the figure. The ordinates represent the concentration of peroxyde, as stated in the legend, and not of oxygen. The model has been tested in COPASI (http://www.copasi.org/, build 13). Notes of the original version of the SBML file: SBML level 2 code generated for the JWS Online project by Jacky Snoep using PySCeS Run this model online at http://jjj.biochem.sun.ac.za To cite JWS Online please refer to: Olivier, B.G. and Snoep, J.L. (2004) Web-based modelling using JWS Online , Bioinformatics, 20:2143-2144 To the extent possible under law, all copyright and related or neighbouring rights to this encoded model have been dedicated to the public domain worldwide. Please refer to CC0 Public Domain Dedication for more information. In summary, you are entitled to use this encoded model in absolutely any manner you deem suitable, verbatim, or with modification, alone or embedded it in a larger context, redistribute it, commercially or not, in a restricted way or not. To cite BioModels Database, please use: Li C, Donizelli M, Rodriguez N, Dharuri H, Endler L, Chelliah V, Li L, He E, Henry A, Stefan MI, Snoep JL, Hucka M, Le Novère N, Laibe C (2010) BioModels Database: An enhanced, curated and annotated resource for published quantitative kinetic models. BMC Syst Biol., 4:92.",2,1,16,15
BIOMD0000000051,Chassagnole2002_Carbon_Metabolism,"The model reproduces Figures 4,5 and 6 of the publication. The analytical functions for cometabolites Catp, Camp, Cnadph, and Cnadp slightly differ from the equations given in the paper. These changes were made in consultation with Dr. Christophe Chassagnole and are essential for reproducing the figures. The dependency of the rate of change of extracellular glucose concentration on the ratio of biomass concentration to specific weight of biomass (Cx*rPTS/Rhox) is taken into account by appropriately adjusting the stoichiometries of the species involved in the phosphotransferase system (rPTS). The rmax values for the various reactions are obtained from experiments and are not provided in the paper. However, these were personally communicated to the JWS repository. The model has been successfully tested on MathSBML. SBML level 2 code generated for the JWS Online project by Jacky Snoep using PySCeS Run this model online at http://jjj.biochem.sun.ac.za To cite JWS Online please refer to: Olivier, B.G. and Snoep, J.L. (2004) Web-based modelling using JWS Online , Bioinformatics, 20:2143-2144 To the extent possible under law, all copyright and related or neighbouring rights to this encoded model have been dedicated to the public domain worldwide. Please refer to CC0 Public Domain Dedication for more information. In summary, you are entitled to use this encoded model in absolutely any manner you deem suitable, verbatim, or with modification, alone or embedded it in a larger context, redistribute it, commercially or not, in a restricted way or not. To cite BioModels Database, please use: Li C, Donizelli M, Rodriguez N, Dharuri H, Endler L, Chelliah V, Li L, He E, Henry A, Stefan MI, Snoep JL, Hucka M, Le Novère N, Laibe C (2010) BioModels Database: An enhanced, curated and annotated resource for published quantitative kinetic models. BMC Syst Biol., 4:92.",2,4,18,48
BIOMD0000000061,Hynne2001_Glycolysis,"The model reproduces Fig 6 of the paper. The stoichiometry and rate of reactions involving uptake of metabolites from extracellular medium have been changed corresponding to Yvol (ratio of extracellular volume to cytosolic volume) mentioned in the publication. The extracellular and cytosolic compartments have been set to 1. Concentration of extracellular glucose, GlcX, is set to 6.7 according to the equation for cellular glucose uptake rate in Table 7 of the paper. The model was successfully tested on MathSBML and Jarnac . . . SBML level 2 code generated for the JWS Online project by Jacky Snoep using PySCeS Run this model online at http://jjj.biochem.sun.ac.za To cite JWS Online please refer to: Olivier, B.G. and Snoep, J.L. (2004) Web-based modelling using JWS Online , Bioinformatics, 20:2143-2144 . . . . . . This model originates from BioModels Database: A Database of Annotated Published Models. It is copyright (c) 2005-2009 The BioModels Team. For more information see the terms of use . To cite BioModels Database, please use Le Novère N., Bornstein B., Broicher A., Courtot M., Donizelli M., Dharuri H., Li L., Sauro H., Schilstra M., Shapiro B., Snoep J.L., Hucka M. (2006) BioModels Database: A Free, Centralized Database of Curated, Published, Quantitative Kinetic Models of Biochemical and Cellular Systems Nucleic Acids Res., 34: D689-D691.",2,1,25,24
BIOMD0000000063,Galazzo1990_FermentationPathwayKinetics,"This a model from the article: Fermentation pathway kinetics and metabolic flux control in suspended and immobilized Saccharomyces cerevisiae Jorge L. Galazzo and James E. Bailey Enzyme and Microbial Technology Volume 12, Issue 3, 1990, Pages 162-172. DOI: 10.1016/0141-0229(90)90033-M Abstract: Measurements of rates of glucose uptake and of glycerol and ethanol formation combined with knowledge of the metabolic pathways involved in S. cerevisiae were employed to obtain in vivo rates of reaction catalysed by pathway enzymes for suspended and alginate-entrapped cells at pH 4.5 and 5.5. Intracellular concentrations of substrates and effectors for most key pathway enzymes were estimated from in vivo phosphorus-31 nuclear magnetic resonance measurements. These data show the validity in vivo of kinetic models previously proposed for phosphofructokinase and pyruvate kinase based on in vitro studies. Kinetic representations of hexokinase, glycogen synthetase, and glyceraldehyde 3-phosphate dehydrogenase, which incorporate major regulatory properties of these enzymes, are all consistent with the in vivo data. This detailed model of pathway kinetics and these data on intracellular metabolite concentrations allow evaluation of flux-control coefficients for all key enzymes involved in glucose catabolism under the four different cell environments examined. This analysis indicates that alginate entrapment increases the glucose uptake rate and shifts the step most influencing ethanol production from glucose uptake to phosphofructokinase. The rate of ATP utilization in these nongrowing cells strongly limits ethanol production at pH 5.5 but is relatively insignificant at pH 4.5. SBML level 2 code generated for the JWS Online project by Jacky Snoep using PySCeS Run this model online at http://jjj.biochem.sun.ac.za To cite JWS Online please refer to: Olivier, B.G. and Snoep, J.L. (2004) Web-based modelling using JWS Online , Bioinformatics, 20:2143-2144 . . . . . . Biomodels Curation: The model reproduces Fig 2 of the paper. However, it appears that the figures are swapped, hence the plot for V/Vmax vs Glucose actually represnts V/Vmax vs ATP and the vice versa is true for the other figure. The rate of hexokinase reaction that is obtained upon simulation of the model is 17.24 mM/min, therefore V/Vmax has a value of 17.24/68.5=0.25. For steady state values of Glucose and ATP (0.038 and 1.213 mM respectively), the V/Vmax values correctly correspond to 0.25, if we were to assume that the figures are swapped. BioModels Curation updated on 25 th November 2010: Figure 3 of the reference publication has been reproduced and added as a curation figure for the model. This model originates from BioModels Database: A Database of Annotated Published Models (http://www.ebi.ac.uk/biomodels/). It is copyright (c) 2005-2011 The BioModels.net Team. For more information see the terms of use . To cite BioModels Database, please use: Li C, Donizelli M, Rodriguez N, Dharuri H, Endler L, Chelliah V, Li L, He E, Henry A, Stefan MI, Snoep JL, Hucka M, Le Novère N, Laibe C (2010) BioModels Database: An enhanced, curated and annotated resource for published quantitative kinetic models. BMC Syst Biol., 4:92.",2,4,9,8
BIOMD0000000064,Teusink2000_Glycolysis,"Can yeast glycolysis be understood in terms of in vitro kinetics of the constituent enzymes? Testing biochemistry. Teusink,B et al.: Eur J Biochem 2000 Sep;267(17):5313-29. The model reproduces the steady-state fluxes and metabolite concentrations of the branched model as given in Table 4 of the paper. It is derived from the model on JWS online, but has the ATP consumption in the succinate branch with the same stoichiometrie as in the publication. The model was successfully tested on copasi v.4.4(build 26). For Vmax values, please note that there is a conversion factor of approx. 270 to convert from U/mg-protein as shown in Table 1 of the paper to mmol/(min*L_cytosol). The equilibrium constant for the ADH reaction in the paper is given for the reverse reaction (Keq = 1.45*10 4 ). The value used in this model is for the forward reaction: 1/Keq = 6.9*10 -5 . Vmax parameters values used (in [mM/min] except VmGLT): VmGLT 97.264 mmol/min VmGLK 226.45 VmPGI 339.667 VmPFK 182.903 VmALD 322.258 VmGAPDH_f 1184.52 VmGAPDH_r 6549.68 VmPGK 1306.45 VmPGM 2525.81 VmENO 365.806 VmPYK 1088.71 VmPDC 174.194 VmG3PDH 70.15 The result of the G6P steady state concentration (marked in red) differs slightly from the one given in table 4. of the publication Results for steady state: orig. article this model Fluxes[mM/min] Glucose 88 88 Ethanol 129 129 Glycogen 6 6 Trehalose 4.8 4.8 (G6P flux through trehalose branch) Glycerol 18.2 18.2 Succinate 3.6 3.6 Conc.[mM] G6P 1.07 1.03 F6P 0.11 0.11 F1,6P 0.6 0.6 DHAP 0.74 0.74 3PGA 0.36 0.36 2PGA 0.04 0.04 PEP 0.07 0.07 PYR 8.52 8.52 AcAld 0.17 0.17 ATP 2.51 2.51 ADP 1.29 1.29 AMP 0.3 0.3 NAD 1.55 1.55 NADH 0.04 0.04 Authors of the publication also mentioned a few misprints in the original article: in the kinetic law for ADH : the species a should denote NAD and b Ethanol the last term in the equation should read bpq /( K ib K iq K p ) in the kinetic law for PFK : R = 1 + λ 1 + λ 2 + g r λ 1 λ 2 equation L should read: L = L0*(..) 2 *(..) 2 *(..) 2 not L = L0*(..) 2 *(..) 2 *(..) To make the model easier to curate, the species ATP , ADP and AMP were added. These are calculated via assignment rules from the active phosphate species, P , and the sum of all AXP , SUM_P . To the extent possible under law, all copyright and related or neighbouring rights to this encoded model have been dedicated to the public domain worldwide. Please refer to CC0 Public Domain Dedication for more information. In summary, you are entitled to use this encoded model in absolutely any manner you deem suitable, verbatim, or with modification, alone or embedded it in a larger context, redistribute it, commercially or not, in a restricted way or not. To cite BioModels Database, please use: Li C, Donizelli M, Rodriguez N, Dharuri H, Endler L, Chelliah V, Li L, He E, Henry A, Stefan MI, Snoep JL, Hucka M, Le Novère N, Laibe C (2010) BioModels Database: An enhanced, curated and annotated resource for published quantitative kinetic models. BMC Syst Biol., 4:92.",2,4,26,17
BIOMD0000000066,Chassagnole2001_Threonine Synthesis,". . . SBML level 2 code generated for the JWS Online project by Jacky Snoep using PySCeS Run this model online at http://jjj.biochem.sun.ac.za To cite JWS Online please refer to: Olivier, B.G. and Snoep, J.L. (2004) Web-based modelling using JWS Online , Bioinformatics, 20:2143-2144 . . . . . . Biomodels Curation: The model reproduces Fig 2f of the paper. The Vmax values for different reactions are obtained by multiplying the specific activites given in Table 3 of the paper with the protein concentration and an assay correction factor that was provided by the authors. The protein concentration is 202 mg/litre. The specific activities that need to be taken into consideration are those given for &quot;variable threonine&quot; in Table 3. The following are the assay correction factors provided by the authors: vak1=1.49; vak3=1.12; vasd=1.14; vhsd=1.42; vts=1.15; vhk=1.13. The model was successfully tested on MathSBML and Jarnac",2,1,11,7
BIOMD0000000067,Fung2005_Metabolic_Oscillator,"A Synthetic Gene-Metabolic Oscillator Reference: Fung et al; Nature (2005) 435:118-122 Name of kinetic law Reaction Glycolytic flux, V_gly: nil -&gt; AcCoA; Flux to TCA cycle/ETOH, V_TCA: AcCoA -&gt; TCA/EtOH; HOAc ex/import,reversible, V_out: HOAc -&gt; HOAc_E V_Pta: AcCoA + Pi -&gt; AcP + CoA reversible, V_Ack: AcP + ADP -&gt; OAc + ATP V_Acs: OAC + ATP -&gt; AcCoA +PPi Acetic acid-base equillibrium, reversible, V_Ace: OAC + H -&gt; HOAc Expression of LacI, R_LacI: nil -&gt; LacI Expression of Acs, R_Acs: nil -&gt; Acs Expression of Pta, R_Pta: nil -&gt; Pta LacI degradation, R_dLacI: LacI -&gt; nil Acs degradation, R_dAcs: Acs -&gt; nil Pta degradation, R_dPta: Pta -&gt; nil For this model the differential equation for V_Ace was changed from: C*(AcP*H-K_eq*OAC) with C = 100 in the supplemental material to C*(OAc*H-K_eq*HOAc) with C = 100, as in Bulter et. al; PNAS(2004),101,2299-2304 , and a value for K_eq of 5*10^-4 after communication with the authors. translated to SBML by: Lukas Endler(luen at tbi.univie.ac.at), Christoph Flamm (xtof at tbi.univie.ac.at) Biomodels Curation The model reproduces 3a of the paper for glycolytic flux Vgly = 0.5. The authors have agreed that the values on Y-axis are marked wrong and hence there is a discrepancy between model simulation results and the figure. Also, note that the values of concentration and time are in dimensionless units. The model was successfully tested on MathSBML and Jarnac.",2,1,8,13
BIOMD0000000068,Curien2003_MetThr_synthesis,"This a model from the article: A kinetic model of the branch-point between the methionine and threonine biosynthesis pathways in Arabidopsis thaliana. Curien G, Ravanel S, Dumas R Eur. J. Biochem. 2003 Dec; Volume: 270 (Issue: 23 )]:4615-27 14622248 , Abstract: This work proposes a model of the metabolic branch-point between the methionine and threonine biosynthesis pathways in Arabidopsis thaliana which involves kinetic competition for phosphohomoserine between the allosteric enzyme threonine synthase and the two-substrate enzyme cystathionine gamma-synthase. Threonine synthase is activated by S-adenosylmethionine and inhibited by AMP. Cystathionine gamma-synthase condenses phosphohomoserine to cysteine via a ping-pong mechanism. Reactions are irreversible and inhibited by inorganic phosphate. The modelling procedure included an examination of the kinetic links, the determination of the operating conditions in chloroplasts and the establishment of a computer model using the enzyme rate equations. To test the model, the branch-point was reconstituted with purified enzymes. The computer model showed a partial agreement with the in vitro results. The model was subsequently improved and was then found consistent with flux partition in vitro and in vivo. Under near physiological conditions, S-adenosylmethionine, but not AMP, modulates the partition of a steady-state flux of phosphohomoserine. The computer model indicates a high sensitivity of cystathionine flux to enzyme and S-adenosylmethionine concentrations. Cystathionine flux is sensitive to modulation of threonine flux whereas the reverse is not true. The cystathionine gamma-synthase kinetic mechanism favours a low sensitivity of the fluxes to cysteine. Though sensitivity to inorganic phosphate is low, its concentration conditions the dynamics of the system. Threonine synthase and cystathionine gamma-synthase display similar kinetic efficiencies in the metabolic context considered and are first-order for the phosphohomoserine substrate. Under these conditions outflows are coordinated. SBML level 2 code generated for the JWS Online project by Jacky Snoep using PySCeS Run this model online at http://jjj.biochem.sun.ac.za To cite JWS Online please refer to: Olivier, B.G. and Snoep, J.L. (2004) Web-based modelling using JWS Online , Bioinformatics, 20:2143-2144 Biomodels Curation The model simulates the flux for TS and CGS under conditions given in Table 2 and reproduces the dotted lines given in Table 3 of the paper. There is a typo in the equation for the apparent specificity constant for Phser, Kts (equation13). This was changed after communication with the authors to be: Kts = 5.9E-4+6.2E-2*pow(AdoMet,2.9)/(pow(32,2.9)+pow(AdoMet,2.9)). The model was successfully tested on Jarnac and Copasi. Due to a suggestion from Pedro Mendez the parameter AdoMet, TS and CGS where made constant species. This model originates from BioModels Database: A Database of Annotated Published Models (http://www.ebi.ac.uk/biomodels/). It is copyright (c) 2005-2010 The BioModels.net Team. For more information see the terms of use . To cite BioModels Database, please use: Li C, Donizelli M, Rodriguez N, Dharuri H, Endler L, Chelliah V, Li L, He E, Henry A, Stefan MI, Snoep JL, Hucka M, Le Novère N, Laibe C (2010) BioModels Database: An enhanced, curated and annotated resource for published quantitative kinetic models. BMC Syst Biol., 4:92.",2,1,9,3
BIOMD0000000070,Holzhutter2004_Erythrocyte_Metabolism,". . . SBML level 2 code generated for the JWS Online project by Jacky Snoep using PySCeS Run this model online at http://jjj.biochem.sun.ac.za To cite JWS Online please refer to: Olivier, B.G. and Snoep, J.L. (2004) Web-based modelling using JWS Online , Bioinformatics, 20:2143-2144 . . . . . . Biomodels Curation The model simulates the flux values as given for &quot;kinetic model&quot; in Table 1 of the paper. The model was successfully tested on Jarnac.",2,1,45,38
BIOMD0000000071,Bakker2001_Glycolysis,". . . SBML level 2 code generated for the JWS Online project by Jacky Snoep using PySCeS Run this model online at http://jjj.biochem.sun.ac.za To cite JWS Online please refer to: Olivier, B.G. and Snoep, J.L. (2004) Web-based modelling using JWS Online , Bioinformatics, 20:2143-2144 . . Biomodels Curation: The paper refers to the model equations present in Bakker et al&apos;s &quot; Glycolysis in bloodstream from Trypanosoma brucei can be understood in terms of the kinetics of glycolytic enzymes&quot; (Pubmed ID: 9013556), also, the authors claim that some of the modifications in these equations were made based on the experimental results from the paper &quot;Contribution of glucose transport in the control of glycolytic flux in Trypanosoma brucei&quot; (Pubmed ID: 10468568). The model reproduces the various flux values in Fig 3 for 100% TPI activity. It also matches with the values provided in Table 2 of the paper. The model was successfully tested with Copasi and SBML ODE Solver. The volumes are set to the values containing 1 mg of total protein per microlitre total cell volume. To change the protein concentration use Vt , the total cell volume in micro litre per mg protein. To change the TPI activity use the global parameter TPIact . To the extent possible under law, all copyright and related or neighbouring rights to this encoded model have been dedicated to the public domain worldwide. Please refer to CC0 Public Domain Dedication for more information. In summary, you are entitled to use this encoded model in absolutely any manner you deem suitable, verbatim, or with modification, alone or embedded it in a larger context, redistribute it, commercially or not, in a restricted way or not. To cite BioModels Database, please use: Li C, Donizelli M, Rodriguez N, Dharuri H, Endler L, Chelliah V, Li L, He E, Henry A, Stefan MI, Snoep JL, Hucka M, Le Novère N, Laibe C (2010) BioModels Database: An enhanced, curated and annotated resource for published quantitative kinetic models. BMC Syst Biol., 4:92.",2,1,27,14
BIOMD0000000076,Cronwright2002_Glycerol_Synthesis,". . . SBML level 2 code generated for the JWS Online project by Jacky Snoep using PySCeS Run this model online at http://jjj.biochem.sun.ac.za To cite JWS Online please refer to: Olivier, B.G. and Snoep, J.L. (2004) Web-based modelling using JWS Online , Bioinformatics, 20:2143-2144 . . . . . . Biomodels Curation The model reproduces the flux value of &quot;Gpp p&quot; (rate of Glycerol synthesis) as depicted in Fig 3 of the paper. The model reproduces the flux for early exponential phase , however it can be used to reproduce the values for other phases by plugging in appropriate values for maximal rates as given in Table 1 and metabolite concentrations as given in Table 2 of the paper. The model was succesfully reproduced using Jarnac.",2,1,3,2
BIOMD0000000081,Suh2004_KCNQ_Regulation,"The model reproduces FIG 11A and FIG 11B of the paper. However, please note that FIG 11B is a plot of normalised amounts versus time. The &quot;stoichiometry&quot; field has been used to convert fluxes from membrane species to volume species. The value of 0.0009967 is a product of (Surface to Volume_M*(1/Avagadro&apos;s number)*1E21. 0.6 is the surface to volume ratio of the plasma membrane, 1E21 is required for a unit surface to volume ratio and the Avagadro&apos;s number is present in the denominator to convert molecules to moles. The model was successfully tested using MathSBML and SBML ODESolver. All the kinetic laws have the unit items per second , which requires the one reaction taking place in the cytoplasm - IP3Phosphatase - to include an explicit conversion factor both in the kinetic law and the stoichiometry of IP3_C . The kinetic law is multiplied and the stoichiometry divided by the number of molecules per micro-mole. This conversion factor is only required for correct units and can be replaced by 1, if it should lead to numerical problems. To the extent possible under law, all copyright and related or neighbouring rights to this encoded model have been dedicated to the public domain worldwide. Please refer to CC0 Public Domain Dedication for more information. In summary, you are entitled to use this encoded model in absolutely any manner you deem suitable, verbatim, or with modification, alone or embedded it in a larger context, redistribute it, commercially or not, in a restricted way or not. To cite BioModels Database, please use: Li C, Donizelli M, Rodriguez N, Dharuri H, Endler L, Chelliah V, Li L, He E, Henry A, Stefan MI, Snoep JL, Hucka M, Le Novère N, Laibe C (2010) BioModels Database: An enhanced, curated and annotated resource for published quantitative kinetic models. BMC Syst Biol., 4:92.",3,1,23,15
BIOMD0000000088,Maeda2006_MyosinPhosphorylation,"The model reproduces Fig 2B, D, F, and 2H. The dynamics correspond to a stimulus of 1 U/ml of thrombin which is equal to 0.01 uM. Phosphorylated MLC is the sum of pMLC (s359) and ppMLC (s360). A slight discrepancy in peak values of species between the figure in the paper and simulation result might be due to different initial conditions in the two sets. The model was successfully tested on MathSBML. It is possible to simulate the model on other software that do not support &quot;Events&quot; at this time by removing the &quot;listOfEvents&quot; and substituting a value of 0.01 for thrombin (s2). This does not change the model very much. With the latter format, the model was also successfully tested on Copasi. To the extent possible under law, all copyright and related or neighbouring rights to this encoded model have been dedicated to the public domain worldwide. Please refer to CC0 Public Domain Dedication for more information. In summary, you are entitled to use this encoded model in absolutely any manner you deem suitable, verbatim, or with modification, alone or embedded it in a larger context, redistribute it, commercially or not, in a restricted way or not. To cite BioModels Database, please use: Li C, Donizelli M, Rodriguez N, Dharuri H, Endler L, Chelliah V, Li L, He E, Henry A, Stefan MI, Snoep JL, Hucka M, Le Novère N, Laibe C (2010) BioModels Database: An enhanced, curated and annotated resource for published quantitative kinetic models. BMC Syst Biol., 4:92.",2,1,105,110
BIOMD0000000093,Yamada2003_JAK_STAT_pathway,"NCBS Curation Comments This model shows the control mechanism of Jak-Stat pathway, here SOCS1 (Suppressor of cytokine signaling-I) was identified as the negative regulator of Jak and STAT signal transduction pathway. Note: There are a few ambiguities in the paper like initial concentration of IFN and some reactions were missing in the paper that were employed for obtaining the results. The graphs are almost similar to the graphs as shown in the paper but still some ambiguities regarding the concentration are there. Thanks to Dr Satoshi Yamada for clarifying some of those ambiguities and providing the values used in simulations. Biomodels Curation Comments The model reproduces Fig 2 (A,C,E,G,I,K,M) of the paper. The set of equations present in the paper are inadequate to reproduce the figures mentioned . The model appears to have been fine tuned after correspondence between the curators at NCBS and the authors. There is however a slight discrepancy between the simulation results and the plots in the paper. The model was tested on MathSBML. This model originates from BioModels Database: A Database of Annotated Published Models. It is copyright (c) 2005-2006 The BioModels Team. For more information see the terms of use .",2,1,34,46
BIOMD0000000094,Yamada2003_JAK_STAT_SOCS1_knockout,"NCBS Curation Comments: This model shows the control mechanism of Jak-Stat pathway, here SOCS1 (Suppressor of cytokine signaling-I) was identified as the negative regulator of Jak and STAT signal transduction pathway. This is the knockout version of Jak-Stat pathway in this model the SOCS1 has been knocked out i.e it formation is not shown. The graphs are almost similar to the graphs as shown in the paper but STAT1n graph has some ambiguities. Thanks to Dr Satoshi Yamada for clarifying some of those ambiguities and providing the values used in simulations. Biomodels Curation Comments: The model reproduces the figures 2 (B,D,F,H,J,L,N) corresponding to JAK/STAT activation in SOCS1 knock out cells. The model was successfully tested on MathSBML This model originates from BioModels Database: A Database of Annotated Published Models. It is copyright (c) 2005-2006 The BioModels Team. For more information see the terms of use .",2,1,34,45
BIOMD0000000108,Kowald2006_SOD,"This model is according to the paper from Axel Kowald Alternative pathways as mechanism for the negative effects associated with overexpression of superoxide dismutase. Reactions from 1 to 17 are listed in the paper, note that for clarity species whose concentrations are assumed to be constant (e.g.water, oxygen,protons, metal ions) are omitted from the diagram. In the paper, v16 is a fast reaction, but we do not use fast reaction in the model. Figure2 has been reproduced by both SBMLodeSolver and Copasi4.0.20(development) . Figure 3 has been obtained with Copasi4.0.20(development) using parameter scan. The steady-state of [LOO*] a little bit lower than showed on the paper, I guess it may be the simulation method used in the paper use fast reaction and also the reaction (5) listed on Page 831 on the paper is slightly different from equation (2) on Page 832. The rest of them are the quite the same. To the extent possible under law, all copyright and related or neighbouring rights to this encoded model have been dedicated to the public domain worldwide. Please refer to CC0 Public Domain Dedication for more information. In summary, you are entitled to use this encoded model in absolutely any manner you deem suitable, verbatim, or with modification, alone or embedded it in a larger context, redistribute it, commercially or not, in a restricted way or not. To cite BioModels Database, please use: Li C, Donizelli M, Rodriguez N, Dharuri H, Endler L, Chelliah V, Li L, He E, Henry A, Stefan MI, Snoep JL, Hucka M, Le Novère N, Laibe C (2010) BioModels Database: An enhanced, curated and annotated resource for published quantitative kinetic models. BMC Syst Biol., 4:92.",2,1,9,17
BIOMD0000000122,Fisher2006_Ca_Oscillation_dpdnt_NFAT_dynamics,"The model reproduces the calcium oscillation dependent activation-deactivation kinetics of nuclear factor of activated T cells (NFAT) as depicted in Fig 4a of the paper. A simple algorithm in the events section takes care of the calcium oscillation. The model was successfully tested on MathSBML. To the extent possible under law, all copyright and related or neighbouring rights to this encoded model have been dedicated to the public domain worldwide. Please refer to CC0 Public Domain Dedication for more information. In summary, you are entitled to use this encoded model in absolutely any manner you deem suitable, verbatim, or with modification, alone or embedded it in a larger context, redistribute it, commercially or not, in a restricted way or not. To cite BioModels Database, please use: Li C, Donizelli M, Rodriguez N, Dharuri H, Endler L, Chelliah V, Li L, He E, Henry A, Stefan MI, Snoep JL, Hucka M, Le Novère N, Laibe C (2010) BioModels Database: An enhanced, curated and annotated resource for published quantitative kinetic models. BMC Syst Biol., 4:92.",2,1,14,17
BIOMD0000000123,Fisher2006_NFAT_Activation,"The model reproduces the kinetics of the nuclear factor of activated cells (NFAT) as depicted in Figure 3a of the paper. Model was successfully tested on Jarnac and MathSBML To the extent possible under law, all copyright and related or neighbouring rights to this encoded model have been dedicated to the public domain worldwide. Please refer to CC0 Public Domain Dedication for more information. In summary, you are entitled to use this encoded model in absolutely any manner you deem suitable, verbatim, or with modification, alone or embedded it in a larger context, redistribute it, commercially or not, in a restricted way or not. To cite BioModels Database, please use: Li C, Donizelli M, Rodriguez N, Dharuri H, Endler L, Chelliah V, Li L, He E, Henry A, Stefan MI, Snoep JL, Hucka M, Le Novère N, Laibe C (2010) BioModels Database: An enhanced, curated and annotated resource for published quantitative kinetic models. BMC Syst Biol., 4:92.",2,1,14,17
BIOMD0000000137,Sedaghat2002_InsulinSignalling_noFeedback,"Model reproduces the various plots in Figure 6 and 7 of the paper. It was successfully tested on MathSBML. To the extent possible under law, all copyright and related or neighbouring rights to this encoded model have been dedicated to the public domain worldwide. Please refer to CC0 Public Domain Dedication for more information. In summary, you are entitled to use this encoded model in absolutely any manner you deem suitable, verbatim, or with modification, alone or embedded it in a larger context, redistribute it, commercially or not, in a restricted way or not. To cite BioModels Database, please use: Li C, Donizelli M, Rodriguez N, Dharuri H, Endler L, Chelliah V, Li L, He E, Henry A, Stefan MI, Snoep JL, Hucka M, Le Novère N, Laibe C (2010) BioModels Database: An enhanced, curated and annotated resource for published quantitative kinetic models. BMC Syst Biol., 4:92.",2,1,21,20
BIOMD0000000143,Olsen2003_neutrophil_oscillatory_metabolism,"Olsen2003_neutrophil_oscillatory_metabolism This model is described in the article: A model of the oscillatory metabolism of activated neutrophils. Olsen LF, Kummer U, Kindzelskii AL, Petty HR. Biophys. J. 2003 Jan; 84(1): 69-81 Abstract: We present a two-compartment model to explain the oscillatory behavior observed experimentally in activated neutrophils. Our model is based mainly on the peroxidase-oxidase reaction catalyzed by myeloperoxidase with melatonin as a cofactor and NADPH oxidase, a major protein in the phagosome membrane of the leukocyte. The model predicts that after activation of a neutrophil, an increase in the activity of the hexose monophosphate shunt and the delivery of myeloperoxidase into the phagosome results in oscillations in oxygen and NAD(P)H concentration. The period of oscillation changes from &gt;200 s to 10-30 s. The model is consistent with previously reported oscillations in cell metabolism and oxidant production. Key features and predictions of the model were confirmed experimentally. The requirement of the hexose monophosphate pathway for 10 s oscillations was verified using 6-aminonicotinamide and dexamethasone, which are inhibitors of glucose-6-phosphate dehydrogenase. The role of the NADPH oxidase in promoting oscillations was confirmed by dose-response studies of the effect of diphenylene iodonium, an inhibitor of the NADPH oxidase. Moreover, the model predicted an increase in the amplitude of NADPH oscillations in the presence of melatonin, which was confirmed experimentally. Successful computer modeling of complex chemical dynamics within cells and their chemical perturbation will enhance our ability to identify new antiinflammatory compounds. This model is hosted on BioModels Database and identified by: BIOMD0000000143 . To cite BioModels Database, please use: BioModels Database: An enhanced, curated and annotated resource for published quantitative kinetic models . To the extent possible under law, all copyright and related or neighbouring rights to this encoded model have been dedicated to the public domain worldwide. Please refer to CC0 Public Domain Dedication for more information.",2,1,20,20
BIOMD0000000171,Leloup1998_CircClock_LD,"Leloup and Goldbeter, 1998 This model was created after the article by Leloup and Goldbeter, J Biol Rhythms 1998, Vol:13(1),pp70-87, pubmedID: 9486845 A Model for Circadian Rhythms in Drosophila Incorporating the Formation of a Complex between the PER and TIM Proteins The parameters and initial concentrations are taken to reproduce figs. 4 D,E,F in the publication. For a simulation without light dependent degradation of TIM_pp, change the the parameter v_dT_fac to 1. The light/dark phases length can be set using the parameter l_d . To the extent possible under law, all copyright and related or neighbouring rights to this encoded model have been dedicated to the public domain worldwide. Please refer to CC0 Public Domain Dedication for more information. In summary, you are entitled to use this encoded model in absolutely any manner you deem suitable, verbatim, or with modification, alone or embedded it in a larger context, redistribute it, commercially or not, in a restricted way or not. To cite BioModels Database, please use: Li C, Donizelli M, Rodriguez N, Dharuri H, Endler L, Chelliah V, Li L, He E, Henry A, Stefan MI, Snoep JL, Hucka M, Le Novère N, Laibe C (2010) BioModels Database: An enhanced, curated and annotated resource for published quantitative kinetic models. BMC Syst Biol., 4:92.",2,1,12,26
BIOMD0000000172,Pritchard2002_glycolysis,"from: Schemes of fluc control in a model of Saccharomyces cerevisiae glycolysis Pritchard, L and Kell, DB Eur. J. Biochem. 269(2002), 3894-3904. It represents a modified version of Teusink et al. Eur. J. Biochem. 267(2000), 5313-5329. The model is a translation from the GEPASI file encoded by Leighton Pritchard. This version uses the Vmaxes found by the best fit (R1) of Table 1 of the Pritchard and Kell paper and simulates a decrease of external glucose concentration from 100 to 2 mM. To reproduce the values in table 2 of the publication, set GLCo to 50 mM and compute the steady state. To the extent possible under law, all copyright and related or neighbouring rights to this encoded model have been dedicated to the public domain worldwide. Please refer to CC0 Public Domain Dedication for more information. In summary, you are entitled to use this encoded model in absolutely any manner you deem suitable, verbatim, or with modification, alone or embedded it in a larger context, redistribute it, commercially or not, in a restricted way or not. To cite BioModels Database, please use: Li C, Donizelli M, Rodriguez N, Dharuri H, Endler L, Chelliah V, Li L, He E, Henry A, Stefan MI, Snoep JL, Hucka M, Le Novère N, Laibe C (2010) BioModels Database: An enhanced, curated and annotated resource for published quantitative kinetic models. BMC Syst Biol., 4:92.",2,1,25,19
BIOMD0000000176,Conant2007_WGD_glycolysis_2A3AB,"This a model from the article: Increased glycolytic flux as an outcome of whole-genome duplication in yeast. Conant GC, Wolfe KH Mol. Syst. Biol. [2007 ; Volume: 3 (Issue: )]: 129 17667951 , Abstract: After whole-genome duplication (WGD), deletions return most loci to single copy. However, duplicate loci may survive through selection for increased dosage. Here, we show how the WGD increased copy number of some glycolytic genes could have conferred an almost immediate selective advantage to an ancestor of Saccharomyces cerevisiae, providing a rationale for the success of the WGD. We propose that the loss of other redundant genes throughout the genome resulted in incremental dosage increases for the surviving duplicated glycolytic genes. This increase gave post-WGD yeasts a growth advantage through rapid glucose fermentation; one of this lineage&apos;s many adaptations to glucose-rich environments. Our hypothesis is supported by data from enzyme kinetics and comparative genomics. Because changes in gene dosage follow directly from post-WGD deletions, dosage selection can confer an almost instantaneous benefit after WGD, unlike neofunctionalization or subfunctionalization, which require specific mutations. We also show theoretically that increased fermentative capacity is of greatest advantage when glucose resources are both large and dense, an observation potentially related to the appearance of angiosperms around the time of WGD. The original model submitted by the authors was slightly altered and now comprises the models originally submitted as MODEL2426780967, MODEL2427021978, MODEL2427095802. It reproduces figures 2A,3A and 3B from the publication. This model uses the glycolysis model from Pritchard and Kell (2002) with an additional parameter, WGD_E , to adjust for the differing enzyme conzentrations before the whole genome duplication (WGD) and parameters fV_xxx that adjust the Vmax of the different reactions (xxx eg. HXT or PYK). Figure 3A from the article can be reproduced by changing the value of the parameters fV_xxx to 0.9 indiviually, with xxx signifying the different enzymes (HXT, HXK ...) Figure 3B from the publication can be reproduced by setting the parameter WGD_E to 0.75 and individually setting the parameters fV_xxx to 1.333. To reproduce figure 2A from the article change the parameter WGD_E in the range between 0.65 and 1.0. This model originates from BioModels Database: A Database of Annotated Published Models (http://www.ebi.ac.uk/biomodels/). It is copyright (c) 2005-2012 The BioModels.net Team. For more information see the terms of use . To cite BioModels Database, please use: Li C, Donizelli M, Rodriguez N, Dharuri H, Endler L, Chelliah V, Li L, He E, Henry A, Stefan MI, Snoep JL, Hucka M, Le Novère N, Laibe C (2010) BioModels Database: An enhanced, curated and annotated resource for published quantitative kinetic models. BMC Syst Biol., 4:92.",2,1,25,19
BIOMD0000000177,Conant2007_glycolysis_2C,"This a model from the article: Increased glycolytic flux as an outcome of whole-genome duplication in yeast. Conant GC, Wolfe KH Mol. Syst. Biol. [2007 ; Volume: 3 (Issue: )]: 129 17667951 , Abstract: After whole-genome duplication (WGD), deletions return most loci to single copy. However, duplicate loci may survive through selection for increased dosage. Here, we show how the WGD increased copy number of some glycolytic genes could have conferred an almost immediate selective advantage to an ancestor of Saccharomyces cerevisiae, providing a rationale for the success of the WGD. We propose that the loss of other redundant genes throughout the genome resulted in incremental dosage increases for the surviving duplicated glycolytic genes. This increase gave post-WGD yeasts a growth advantage through rapid glucose fermentation; one of this lineage&apos;s many adaptations to glucose-rich environments. Our hypothesis is supported by data from enzyme kinetics and comparative genomics. Because changes in gene dosage follow directly from post-WGD deletions, dosage selection can confer an almost instantaneous benefit after WGD, unlike neofunctionalization or subfunctionalization, which require specific mutations. We also show theoretically that increased fermentative capacity is of greatest advantage when glucose resources are both large and dense, an observation potentially related to the appearance of angiosperms around the time of WGD. This model reproduces fig. 2C from the corrigendum to the publication The parameter Vmax_PDH was corrected by a factor 60 from 6.32 mM/min in the publication to 379.2 mM/min in accordance with the authors. see the corrigendum at msb or its pubmed entry (pmid:18594520) This model comprises the glycolysis model from Pritchard and Kell (2002) with an extension for the metabolisation of pyruvate in the mitochondria by pyruvate dehydrogenase and an additional parameter, WGD_E , to adjust for the differing enzyme concentrations before the whole genome duplication (WGD). To switch off transport of pyruvate to the mitochondria, set the parameter t_m = 0. Figure 2C from the article can be reproduced by manually changing the value of parameter WGD_E in the range between 0.65 and 1.0 and calculating the ratios of ratio of PDC/PDH fluxes in the altered model to the one of the model with WGD_E = 1. This model originates from BioModels Database: A Database of Annotated Published Models (http://www.ebi.ac.uk/biomodels/). It is copyright (c) 2005-2012 The BioModels.net Team. For more information see the terms of use . To cite BioModels Database, please use: Li C, Donizelli M, Rodriguez N, Dharuri H, Endler L, Chelliah V, Li L, He E, Henry A, Stefan MI, Snoep JL, Hucka M, Le Novère N, Laibe C (2010) BioModels Database: An enhanced, curated and annotated resource for published quantitative kinetic models. BMC Syst Biol., 4:92.",2,1,28,21
BIOMD0000000190,Rodriguez-Caso2006_Polyamine_Metabolism,"SBML creators: Armando Reyes-Palomares * , Carlos Rodríguez-Caso +, Raul Montañez * , Marta Cascante $, Francisca Sánchez-Jiménez * , Miguel A. Medina * * ProCel Group, Department of Molecular Biology and Biochemistry, Faculty of Sciences, Campus de Teatinos, University of Malaga and CIBER de Enfermedades Raras (CIBER-ER). + Complex Systems Lab (ICREA-UPF), Barcelona Biomedical Research Park (PRBB-GRIB). $ Department of Biochemistry and Molecular Biology, Faculty of Biology, Universitat de Barcelona. http://asp.uma.es Metabolic modeling of polyamine metabolism in mammals. Rodríguez-Caso,C et al.: J Biol Chem 2006 : 281:21799-812. The model reproduces the dynamical behavior of the polyamine metabolism in mammals. In this model there are some additions and corrections to the publication. All perturbations and analysis have produced results very close to the published experiments. The model was successfully tested on CoPaSi v.4.4 (build 26). Parameters not included in the publication: 1. Parameters for SSAT kinetic constants: KmAcCoA = 1.5 µM KmCoA = 40 µM 2. Parameters for equation MAT (table 1): Vmax_MAT = 0.45 µM/min Km_MAT = 41 µM Ki_MET_MAT = 50 µM 3. Erratum.: The corrected ODE for time-dependent variable Antz is: KsANTZ*(1-1/(1+Keq*0.01*([D]+[S])))-KdANTZ*[Antz] According to these modifications the new steady-state analysis results are: Metabolites: [P]= 104.681 µM [D]= 76.7492 µM [S]= 58.0135 µM [SAM]= 52.327 µM [A]= 0.0101962 µM [aS]= 0.0245375 µM [aD]= 0.832236 µM Time-dependent global parameters: [Antz] = 0.574038 µM Vmaxodc = 1.28315 µM/min Vmaxssat = 0.673814 µM/min Vmaxsamdc = 0.36829 µM/min To the extent possible under law, all copyright and related or neighbouring rights to this encoded model have been dedicated to the public domain worldwide. Please refer to CC0 Public Domain Dedication for more information. In summary, you are entitled to use this encoded model in absolutely any manner you deem suitable, verbatim, or with modification, alone or embedded it in a larger context, redistribute it, commercially or not, in a restricted way or not. To cite BioModels Database, please use: Li C, Donizelli M, Rodriguez N, Dharuri H, Endler L, Chelliah V, Li L, He E, Henry A, Stefan MI, Snoep JL, Hucka M, Le Novère N, Laibe C (2010) BioModels Database: An enhanced, curated and annotated resource for published quantitative kinetic models. BMC Syst Biol., 4:92.",2,3,11,13
BIOMD0000000191,Montañez2008_Arginine_catabolism,"SBML creators: Armando Reyes-Palomares * , Raul Montañez *, Carlos Rodriguez-Caso +, Francisca Sanchez-Jimenez * , Miguel A. Medina * * ProCel Group, Department of Molecular Biology and Biochemistry, Faculty of Sciences, Campus de Teatinos, University of Malaga and CIBER de Enfermedades Raras (CIBER-ER). + Complex Systems Lab (ICREA-UPF), Barcelona Biomedical Research Park (PRBB-GRIB). http://asp.uma.es In silico analysis of arginine catabolism as a source of nitric oxide or polyamines in endothelial cells. Montañez, R et al.: Amino Acids. 2008 Feb;34(2):223-9. The model reproduces the dynamical behavior of the arginine catabolism and transport in relation to the nitric oxide production. In this model there are some additions and corrections to the publication. All perturbations and analysis have produced results very close to the published experiments. The model was successfully tested on CoPaSi v.4.4 (build 26). Erratum: parameters values modificated respect to the publication to reach the steady-state: Kmodc=90 µM (60 µM in the paper) Kiornhat (is equivalent to the parameter Kmefflhat Eq ) = 360 µM (380 µM in the paper) To the extent possible under law, all copyright and related or neighbouring rights to this encoded model have been dedicated to the public domain worldwide. Please refer to CC0 Public Domain Dedication for more information. In summary, you are entitled to use this encoded model in absolutely any manner you deem suitable, verbatim, or with modification, alone or embedded it in a larger context, redistribute it, commercially or not, in a restricted way or not. To cite BioModels Database, please use: Li C, Donizelli M, Rodriguez N, Dharuri H, Endler L, Chelliah V, Li L, He E, Henry A, Stefan MI, Snoep JL, Hucka M, Le Novère N, Laibe C (2010) BioModels Database: An enhanced, curated and annotated resource for published quantitative kinetic models. BMC Syst Biol., 4:92.",2,3,3,5
BIOMD0000000206,Wolf2000_Glycolytic_Oscillations,"Model reproduces the dynamics of ATP and NADH as depicted in Fig 4 of the paper. Model successfully tested on Jarnac and MathSBML. To the extent possible under law, all copyright and related or neighbouring rights to this encoded model have been dedicated to the public domain worldwide. Please refer to CC0 Public Domain Dedication for more information. In summary, you are entitled to use this encoded model in absolutely any manner you deem suitable, verbatim, or with modification, alone or embedded it in a larger context, redistribute it, commercially or not, in a restricted way or not. To cite BioModels Database, please use: Li C, Donizelli M, Rodriguez N, Dharuri H, Endler L, Chelliah V, Li L, He E, Henry A, Stefan MI, Snoep JL, Hucka M, Le Novère N, Laibe C (2010) BioModels Database: An enhanced, curated and annotated resource for published quantitative kinetic models. BMC Syst Biol., 4:92.",2,3,9,11
BIOMD0000000211,Albert2005_Glycolysis,"This model is from the article: Experimental and in silico analyses of glycolytic flux control in bloodstream form Trypanosoma brucei. Albert MA, Haanstra JR, Hannaert V, Van Roy J, Opperdoes FR, Bakker BM, Michels PA. J Biol Chem 2005 Aug 5;280(31):28306-15. 15955817 , Abstract: A mathematical model of glycolysis in bloodstream form Trypanosoma brucei was developed previously on the basis of all available enzyme kinetic data (Bakker, B. M., Michels, P. A. M., Opperdoes, F. R., and Westerhoff, H. V. (1997) J. Biol. Chem. 272, 3207-3215). The model predicted correctly the fluxes and cellular metabolite concentrations as measured in non-growing trypanosomes and the major contribution to the flux control exerted by the plasma membrane glucose transporter. Surprisingly, a large overcapacity was predicted for hexokinase (HXK), phosphofructokinase (PFK), and pyruvate kinase (PYK). Here, we present our further analysis of the control of glycolytic flux in bloodstream form T. brucei. First, the model was optimized and extended with recent information about the kinetics of enzymes and their activities as measured in lysates of in vitro cultured growing trypanosomes. Second, the concentrations of five glycolytic enzymes (HXK, PFK, phosphoglycerate mutase, enolase, and PYK) in trypanosomes were changed by RNA interference. The effects of the knockdown of these enzymes on the growth, activities, and levels of various enzymes and glycolytic flux were studied and compared with model predictions. Data thus obtained support the conclusion from the in silico analysis that HXK, PFK, and PYK are in excess, albeit less than predicted. Interestingly, depletion of PFK and enolase had an effect on the activity (but not, or to a lesser extent, expression) of some other glycolytic enzymes. Enzymes located both in the glycosomes (the peroxisome-like organelles harboring the first seven enzymes of the glycolytic pathway of trypanosomes) and in the cytosol were affected. These data suggest the existence of novel regulatory mechanisms operating in trypanosome glycolysis. This model originates from BioModels Database: A Database of Annotated Published Models. It is copyright (c) 2005-2012 The BioModels.net Team. For more information see the terms of use . To cite BioModels Database, please use: Li C, Donizelli M, Rodriguez N, Dharuri H, Endler L, Chelliah V, Li L, He E, Henry A, Stefan MI, Snoep JL, Hucka M, Le Novère N, Laibe C (2010) BioModels Database: An enhanced, curated and annotated resource for published quantitative kinetic models. BMC Syst Biol., 4:92.",2,3,27,21
BIOMD0000000212,Curien2009_Aspartate_Metabolism,"This a model described in the article: Understanding the regulation of aspartate metabolism using a model based on measured kinetic parameters. Curien G, Bastien O, Robert-Genthon M, Cornish-Bowden A, Cárdenas ML, Dumas R. Mol Syst Biol. 2009;5:271. Epub 2009 May 19. PMID: 19455135 , doi: 10.1038/msb.2009.29 Abstract: The aspartate-derived amino-acid pathway from plants is well suited for analysing the function of the allosteric network of interactions in branched pathways. For this purpose, a detailed kinetic model of the system in the plant model Arabidopsis was constructed on the basis of in vitro kinetic measurements. The data, assembled into a mathematical model, reproduce in vivo measurements and also provide non-intuitive predictions. A crucial result is the identification of allosteric interactions whose function is not to couple demand and supply but to maintain a high independence between fluxes in competing pathways. In addition, the model shows that enzyme isoforms are not functionally redundant, because they contribute unequally to the flux and its regulation. Another result is the identification of the threonine concentration as the most sensitive variable in the system, suggesting a regulatory role for threonine at a higher level of integration. The limiting rates for the tRNA synthetase reactions, V_Lys_RS, V_Thr_RS and V_Ile_RS, are all assigned a joined value, Vmax_AA_RS, to facilitate reproduction of the results in the publication. To alter these rates seperately these assignments have to be changed or removed. This model originates from BioModels Database: A Database of Annotated Published Models. It is copyright (c) 2005-2009 The BioModels Team. For more information see the terms of use . To cite BioModels Database, please use Le Novère N., Bornstein B., Broicher A., Courtot M., Donizelli M., Dharuri H., Li L., Sauro H., Schilstra M., Shapiro B., Snoep J.L., Hucka M. (2006) BioModels Database: A Free, Centralized Database of Curated, Published, Quantitative Kinetic Models of Biochemical and Cellular Systems Nucleic Acids Res., 34: D689-D691.",2,4,31,18
BIOMD0000000213,Nijhout2004_Folate_Cycle,"This is an SBML version of the folate cycle model model from: A mathematical model of the folate cycle: new insights into folate homeostasis. Nijhout HF, Reed MC, Budu P, Ulrich CM J. Biol. Chem.,2004, 279 (53),55008-16 pubmedID: 15496403 Abstract: A mathematical model is developed for the folate cycle based on standard biochemical kinetics. We use the model to provide new insights into several different mechanisms of folate homeostasis. The model reproduces the known pool sizes of folate substrates and the fluxes through each of the loops of the folate cycle and has the qualitative behavior observed in a variety of experimental studies. Vitamin B(12) deficiency, modeled as a reduction in the V(max) of the methionine synthase reaction, results in a secondary folate deficiency via the accumulation of folate as 5-methyltetrahydrofolate (the &quot;methyl trap&quot;). One form of homeostasis is revealed by the fact that a 100-fold up-regulation of thymidylate synthase and dihydrofolate reductase (known to occur at the G(1)/S transition) dramatically increases pyrimidine production without affecting the other reactions of the folate cycle. The model also predicts that an almost total inhibition of dihydrofolate reductase is required to significantly inhibit the thymidylate synthase reaction, consistent with experimental and clinical studies on the effects of methotrexate. Sensitivity to variation in enzymatic parameters tends to be local in the cycle and inversely proportional to the number of reactions that interconvert two folate substrates. Another form of homeostasis is a consequence of the nonenzymatic binding of folate substrates to folate enzymes. Without folate binding, the velocities of the reactions decrease approximately linearly as total folate is decreased. In the presence of folate binding and allosteric inhibition, the velocities show a remarkable constancy as total folate is decreased. This model was encoded by Michal Galdzicki from a MatLab file send to him by Prof. Michael Reed. There some differences in this model compared to the one described in the article, possible due to typos in the publication: 1) reaction NE (THF + H2CO &lt;=&gt; 5,10-CH2-THF) in the article has H2C=O as a reactant and is mentioned to display pseudo first order mass action kinetics, while in the matlab file formic acid, also used in reaction FTS, is included in the rate law for the forward reaction. 2) the reaction MS is modeled after Reed et al. 2004, which is not explicitly mentioned in the article, although Kd and the parameters from Reed et al. 2004 are given. 3) in the kinetic law of the SHTM reaction (THF + Ser &lt;=&gt; 5,10-CH2-THF + Gly), there are separate values given for Km,Gly and Km,5,10-CH2-THF in the article. in the matlab file and the SBML model Km,Ser and Km,THF are used instead of Km,Gly and Km,5,10-CH2-THF for the backwards reaction. To the extent possible under law, all copyright and related or neighbouring rights to this encoded model have been dedicated to the public domain worldwide. Please refer to CC0 Public Domain Dedication for more information. In summary, you are entitled to use this encoded model in absolutely any manner you deem suitable, verbatim, or with modification, alone or embedded it in a larger context, redistribute it, commercially or not, in a restricted way or not. To cite BioModels Database, please use: Li C, Donizelli M, Rodriguez N, Dharuri H, Endler L, Chelliah V, Li L, He E, Henry A, Stefan MI, Snoep JL, Hucka M, Le Novère N, Laibe C (2010) BioModels Database: An enhanced, curated and annotated resource for published quantitative kinetic models. BMC Syst Biol., 4:92.",2,3,14,12
BIOMD0000000218,Singh2006_TCA_mtu_model2,"This a model from the article: Kinetic modeling of tricarboxylic acid cycle and glyoxylate bypass in Mycobacterium tuberculosis, and its application to assessment of drug targets. Singh VK , Ghosh I Theor Biol Med Model 2006 Aug 3;3:27 16887020 , Abstract: BACKGROUND: Targeting persistent tubercule bacilli has become an important challenge in the development of anti-tuberculous drugs. As the glyoxylate bypass is essential for persistent bacilli, interference with it holds the potential for designing new antibacterial drugs. We have developed kinetic models of the tricarboxylic acid cycle and glyoxylate bypass in Escherichia coli and Mycobacterium tuberculosis, and studied the effects of inhibition of various enzymes in the M. tuberculosis model. RESULTS: We used E. coli to validate the pathway-modeling protocol and showed that changes in metabolic flux can be estimated from gene expression data. The M. tuberculosis model reproduced the observation that deletion of one ofthe two isocitrate lyase genes has little effect on bacterial growth in macrophages, but deletion of both genes leads to the elimination of the bacilli from the lungs. It also substantiated the inhibition of isocitrate lyases by 3-nitropropionate. On the basis of our simulation studies, we propose that: (i) fractional inactivation of both isocitrate dehydrogenase 1 and isocitrate dehydrogenase 2 is required for a flux through the glyoxylate bypass in persistent mycobacteria; and (ii) increasing the amount of active isocitrate dehydrogenases can stop the flux through the glyoxylate bypass, so the kinase that inactivates isocitrate dehydrogenase 1 and/or the proposed inactivator of isocitrate dehydrogenase 2 is a potential target for drugs against persistent mycobacteria. In addition, competitive inhibition of isocitrate lyases along with a reduction in the inactivation of isocitrate dehydrogenases appears to be a feasible strategy for targeting persistent mycobacteria. CONCLUSION: We used kinetic modeling of biochemical pathways to assess various potential anti-tuberculous drug targets that interfere with the glyoxylate bypass flux, and indicated the type of inhibition needed to eliminate the pathogen. The advantage of such an approach to the assessment of drug targets is that it facilitates the study of systemic effect(s) of the modulation of the target enzyme(s) in the cellular environment. To the extent possible under law, all copyright and related or neighbouring rights to this encoded model have been dedicated to the public domain worldwide. Please refer to CC0 Public Domain Dedication for more information. In summary, you are entitled to use this encoded model in absolutely any manner you deem suitable, verbatim, or with modification, alone or embedded it in a larger context, redistribute it, commercially or not, in a restricted way or not. To cite BioModels Database, please use: Li C, Donizelli M, Rodriguez N, Dharuri H, Endler L, Chelliah V, Li L, He E, Henry A, Stefan MI, Snoep JL, Hucka M, Le Novère N, Laibe C (2010) BioModels Database: An enhanced, curated and annotated resource for published quantitative kinetic models. BMC Syst Biol., 4:92.",2,4,13,14
BIOMD0000000219,Singh2006_TCA_mtu_model1,"This a model from the article: Kinetic modeling of tricarboxylic acid cycle and glyoxylate bypass in Mycobacterium tuberculosis, and its application to assessment of drug targets. Singh VK , Ghosh I Theor Biol Med Model 2006 Aug 3;3:27 16887020 , Abstract: BACKGROUND: Targeting persistent tubercule bacilli has become an important challenge in the development of anti-tuberculous drugs. As the glyoxylate bypass is essential for persistent bacilli, interference with it holds the potential for designing new antibacterial drugs. We have developed kinetic models of the tricarboxylic acid cycle and glyoxylate bypass in Escherichia coli and Mycobacterium tuberculosis, and studied the effects of inhibition of various enzymes in the M. tuberculosis model. RESULTS: We used E. coli to validate the pathway-modeling protocol and showed that changes in metabolic flux can be estimated from gene expression data. The M. tuberculosis model reproduced the observation that deletion of one of the two isocitrate lyase genes has little effect on bacterial growth in macrophages, but deletion of both genes leads to the elimination of the bacilli from the lungs. It also substantiated the inhibition of isocitrate lyases by 3-nitropropionate. On the basis of our simulation studies, we propose that: (i) fractional inactivation of both isocitrate dehydrogenase 1 and isocitrate dehydrogenase 2 is required for a flux through the glyoxylate bypass in persistent mycobacteria; and (ii) increasing the amount of active isocitrate dehydrogenases can stop the flux through the glyoxylate bypass, so the kinase that inactivates isocitrate dehydrogenase 1 and/or the proposed inactivator of isocitrate dehydrogenase 2 is a potential target for drugs against persistent mycobacteria. In addition, competitive inhibition of isocitrate lyases along with a reduction in the inactivation of isocitrate dehydrogenases appears to be a feasible strategy for targeting persistent mycobacteria. CONCLUSION: We used kinetic modeling of biochemical pathways to assess various potential anti-tuberculous drug targets that interfere with the glyoxylate bypass flux, and indicated the type of inhibition needed to eliminate the pathogen. The advantage of such an approach to the assessment of drug targets is that it facilitates the study of systemic effect(s) of the modulation of the target enzyme(s) in the cellular environment. This model originates from BioModels Database: A Database of Annotated Published Models (http://www.ebi.ac.uk/biomodels/). It is copyright (c) 2005-2010 The BioModels.net Team. For more information see the terms of use . To cite BioModels Database, please use: Li C, Donizelli M, Rodriguez N, Dharuri H, Endler L, Chelliah V, Li L, He E, Henry A, Stefan MI, Snoep JL, Hucka M, Le Novère N, Laibe C (2010) BioModels Database: An enhanced, curated and annotated resource for published quantitative kinetic models. BMC Syst Biol., 4:92.",2,4,13,15
BIOMD0000000221,Singh2006_TCA_Ecoli_acetate,"This a model from the article: Kinetic modeling of tricarboxylic acid cycle and glyoxylate bypass in Mycobacterium tuberculosis, and its application to assessment of drug targets. Singh VK , Ghosh I Theor Biol Med Model 2006 Aug 3;3:27 16887020 , Abstract: BACKGROUND: Targeting persistent tubercule bacilli has become an important challenge in the development of anti-tuberculous drugs. As the glyoxylate bypass is essential for persistent bacilli, interference with it holds the potential for designing new antibacterial drugs. We have developed kinetic models of the tricarboxylic acid cycle and glyoxylate bypass in Escherichia coli and Mycobacterium tuberculosis, and studied the effects of inhibition of various enzymes in the M. tuberculosis model. RESULTS: We used E. coli to validate the pathway-modeling protocol and showed that changes in metabolic flux can be estimated from gene expression data. The M. tuberculosis model reproduced the observation that deletion of one ofthe two isocitrate lyase genes has little effect on bacterial growth in macrophages, but deletion of both genes leads to the elimination of the bacilli from the lungs. It also substantiated the inhibition of isocitrate lyases by 3-nitropropionate. On the basis of our simulation studies, we propose that: (i) fractional inactivation of both isocitrate dehydrogenase 1 and isocitrate dehydrogenase 2 is required for a flux through the glyoxylate bypass in persistent mycobacteria; and (ii) increasing the amount of active isocitrate dehydrogenases can stop the flux through the glyoxylate bypass, so the kinase that inactivates isocitrate dehydrogenase 1 and/or the proposed inactivator of isocitrate dehydrogenase 2 is a potential target for drugs against persistent mycobacteria. In addition, competitive inhibition of isocitrate lyases along with a reduction in the inactivation of isocitrate dehydrogenases appears to be a feasible strategy for targeting persistent mycobacteria. CONCLUSION: We used kinetic modeling of biochemical pathways to assess various potential anti-tuberculous drug targets that interfere with the glyoxylate bypass flux, and indicated the type of inhibition needed to eliminate the pathogen. The advantage of such an approach to the assessment of drug targets is that it facilitates the study of systemic effect(s) of the modulation of the target enzyme(s) in the cellular environment. To the extent possible under law, all copyright and related or neighbouring rights to this encoded model have been dedicated to the public domain worldwide. Please refer to CC0 Public Domain Dedication for more information. In summary, you are entitled to use this encoded model in absolutely any manner you deem suitable, verbatim, or with modification, alone or embedded it in a larger context, redistribute it, commercially or not, in a restricted way or not. To cite BioModels Database, please use: Li C, Donizelli M, Rodriguez N, Dharuri H, Endler L, Chelliah V, Li L, He E, Henry A, Stefan MI, Snoep JL, Hucka M, Le Novère N, Laibe C (2010) BioModels Database: An enhanced, curated and annotated resource for published quantitative kinetic models. BMC Syst Biol., 4:92.",2,4,12,11
BIOMD0000000222,Singh2006_TCA_Ecoli_glucose,"This a model from the article: Kinetic modeling of tricarboxylic acid cycle and glyoxylate bypass in Mycobacterium tuberculosis, and its application to assessment of drugtargets. Singh VK , Ghosh I Theor Biol Med Model 2006 Aug 3;3:27 16887020 , Abstract: BACKGROUND: Targeting persistent tubercule bacilli has become an important challenge in the development of anti-tuberculous drugs. As the glyoxylate bypass is essential for persistent bacilli, interference with it holds the potential for designing new antibacterial drugs. We have developed kinetic models of the tricarboxylic acid cycle and glyoxylate bypass in Escherichia coli and Mycobacterium tuberculosis, and studied the effects of inhibition of various enzymes in the M. tuberculosis model. RESULTS: We used E. coli to validate the pathway-modeling protocol and showed that changes in metabolic flux can be estimated from gene expression data. The M. tuberculosis model reproduced the observation that deletion of one of the two isocitrate lyase genes has little effect on bacterial growth in macrophages, but deletion of both genes leads to the elimination of the bacilli from the lungs. It also substantiated the inhibition of isocitrate lyases by 3-nitropropionate. On the basis of our simulation studies, we propose that: (i) fractional inactivation of both isocitrate dehydrogenase 1 and isocitrate dehydrogenase 2 is required for a flux through the glyoxylate bypass in persistent mycobacteria; and (ii) increasing the amountof active isocitrate dehydrogenases can stop the flux through the glyoxylate bypass, so the kinase that inactivates isocitrate dehydrogenase 1 and/or the proposed inactivator of isocitrate dehydrogenase 2 is a potential target for drugs against persistent mycobacteria. In addition, competitive inhibition of isocitrate lyases along with a reduction in the inactivation of isocitrate dehydrogenases appears to be a feasible strategy for targeting persistent mycobacteria. CONCLUSION: We used kinetic modeling of biochemical pathways to assess various potential anti-tuberculous drug targets that interfere with the glyoxylate bypass flux, and indicated the type of inhibition needed to eliminate the pathogen. The advantage of such an approach to the assessment of drug targets is that it facilitates the study of systemic effect(s) of the modulation of the target enzyme(s) in the cellular environment. This model originates from BioModels Database: A Database of Annotated Published Models (http://www.ebi.ac.uk/biomodels/). It is copyright (c) 2005-2010 The BioModels.net Team. For more information see the terms of use . To cite BioModels Database, please use: Li C, Donizelli M, Rodriguez N, Dharuri H, Endler L, Chelliah V, Li L, He E, Henry A, Stefan MI, Snoep JL, Hucka M, Le Novère N, Laibe C (2010) BioModels Database: An enhanced, curated and annotated resource for published quantitative kinetic models. BMC Syst Biol., 4:92.",2,4,12,11
BIOMD0000000225,Westermark2003_Pancreatic_GlycOsc_basic,"This is the basic model described in eq. 1 of the article: A model of phosphofructokinase and glycolytic oscillations in the pancreatic beta-cell. Westermark PO and Lansner A. Biophys J. 2003 Jul;85(1):126-39. PMID: 12829470 , doi: 10.1016/S0006-3495(03)74460-9 Abstract: We have constructed a model of the upper part of the glycolysis in the pancreatic beta-cell. The model comprises the enzymatic reactions from glucokinase to glyceraldehyde-3-phosphate dehydrogenase (GAPD). Our results show, for a substantial part of the parameter space, an oscillatory behavior of the glycolysis for a large range of glucose concentrations. We show how the occurrence of oscillations depends on glucokinase, aldolase and/or GAPD activities, and how the oscillation period depends on the phosphofructokinase activity. We propose that the ratio of glucokinase and aldolase and/or GAPD activities are adequate as characteristics of the glucose responsiveness, rather than only the glucokinase activity. We also propose that the rapid equilibrium between different oligomeric forms of phosphofructokinase may reduce the oscillation period sensitivity to phosphofructokinase activity. Methodologically, we show that a satisfying description of phosphofructokinase kinetics can be achieved using the irreversible Hill equation with allosteric modifiers. We emphasize the use of parameter ranges rather than fixed values, and the use of operationally well-defined parameters in order for this methodology to be feasible. The theoretical results presented in this study apply to the study of insulin secretion mechanisms, since glycolytic oscillations have been proposed as a cause of oscillations in the ATP/ADP ratio which is linked to insulin secretion. This model originates from BioModels Database: A Database of Annotated Published Models. It is copyright (c) 2005-2009 The BioModels Team. For more information see the terms of use . To cite BioModels Database, please use Le Novère N., Bornstein B., Broicher A., Courtot M., Donizelli M., Dharuri H., Li L., Sauro H., Schilstra M., Shapiro B., Snoep J.L., Hucka M. (2006) BioModels Database: A Free, Centralized Database of Curated, Published, Quantitative Kinetic Models of Biochemical and Cellular Systems Nucleic Acids Res., 34: D689-D691.",2,4,5,3
BIOMD0000000231,Valero2006_Adenine_TernaryCycle,"This a model from the article: A kinetic study of a ternary cycle between adenine nucleotides. Valero E, Varón R, García-Carmona F FEBS J. [2006 Aug;273(15):3598-613 16884499 , Abstract: In the present paper, a kinetic study is made of the behavior of a moiety-conserved ternary cycle between the adenine nucleotides. The system contains the enzymes S-acetyl coenzyme A synthetase, adenylate kinase and pyruvate kinase, and converts ATP into AMP, then into ADP and finally back to ATP. L-Lactate dehydrogenase is added to the system to enable continuous monitoring of the progress of the reaction. The cycle cannot work when the only recycling substrate in the reaction medium is AMP. A mathematical model is proposed whose kinetic behavior has been analyzed both numerically by integration of the nonlinear differential equations describing the kinetics of the reactions involved, and analytically under steady-state conditions, with good agreement with the experimental results being obtained. The data obtained showed that there is a threshold value of the S-acetyl coenzyme A synthetase/adenylate kinase ratio, above which the cycle stops because all the recycling substrate has been accumulated as AMP, never reaching the steady state. In addition, the concept of adenylate energy charge has been applied to the system, obtaining the enabled values of the rate constants for a fixed adenylate energy charge value and vice versa.",2,4,6,4
BIOMD0000000232,Nazaret2009_TCA_RC_ATP,"This a model from the article: Mitochondrial energetic metabolism: a simplified model of TCA cycle with ATP production. Nazaret C, Heiske M, Thurley K, Mazat JP J. Theor. Biol. 2009 Jun;258(3):455-64 19007794 , Abstract: Mitochondria play a central role in cellular energetic metabolism. The essential parts of this metabolism are the tricarboxylic acid (TCA) cycle, the respiratory chain and the adenosine triphosphate (ATP) synthesis machinery. Here a simplified model of these three metabolic components with a limited set of differential equations is presented. The existence of a steady state is demonstrated and results of numerical simulations are presented. The relevance of a simple model to represent actual in vivo behavior is discussed.",2,4,14,12
BIOMD0000000236,Westermark2003_Pancreatic_GlycOsc_extended,"This is the extended model described in eq. 2 of the article: A model of phosphofructokinase and glycolytic oscillations in the pancreatic beta-cell. Westermark PO and Lansner A. Biophys J. 2003 Jul;85(1):126-39. PMID: 12829470 , doi: 10.1016/S0006-3495(03)74460-9 Abstract: We have constructed a model of the upper part of the glycolysis in the pancreatic beta-cell. The model comprises the enzymatic reactions from glucokinase to glyceraldehyde-3-phosphate dehydrogenase (GAPD). Our results show, for a substantial part of the parameter space, an oscillatory behavior of the glycolysis for a large range of glucose concentrations. We show how the occurrence of oscillations depends on glucokinase, aldolase and/or GAPD activities, and how the oscillation period depends on the phosphofructokinase activity. We propose that the ratio of glucokinase and aldolase and/or GAPD activities are adequate as characteristics of the glucose responsiveness, rather than only the glucokinase activity. We also propose that the rapid equilibrium between different oligomeric forms of phosphofructokinase may reduce the oscillation period sensitivity to phosphofructokinase activity. Methodologically, we show that a satisfying description of phosphofructokinase kinetics can be achieved using the irreversible Hill equation with allosteric modifiers. We emphasize the use of parameter ranges rather than fixed values, and the use of operationally well-defined parameters in order for this methodology to be feasible. The theoretical results presented in this study apply to the study of insulin secretion mechanisms, since glycolytic oscillations have been proposed as a cause of oscillations in the ATP/ADP ratio which is linked to insulin secretion. This model originates from BioModels Database: A Database of Annotated Published Models. It is copyright (c) 2005-2009 The BioModels Team. For more information see the terms of use . To cite BioModels Database, please use Le Novère N., Bornstein B., Broicher A., Courtot M., Donizelli M., Dharuri H., Li L., Sauro H., Schilstra M., Shapiro B., Snoep J.L., Hucka M. (2006) BioModels Database: A Free, Centralized Database of Curated, Published, Quantitative Kinetic Models of Biochemical and Cellular Systems Nucleic Acids Res., 34: D689-D691.",2,4,7,4
BIOMD0000000244,Kotte2010_Ecoli_Metabolic_Adaption,"This is the model described in: Bacterial adaptation through distributed sensing of metabolic fluxes Oliver Kotte, Judith B Zaugg and Matthias Heinemann; Mol Sys Biol 2010; 6 :355. doi: 10.1038/msb.2010.10 ; Abstract: The recognition of carbon sources and the regulatory adjustments to recognized changes are of particular importance for bacterial survival in fluctuating environments. Despite a thorough knowledge base of Escherichia coli&apos;s central metabolism and its regulation, fundamental aspects of the employed sensing and regulatory adjustment mechanisms remain unclear. In this paper, using a differential equation model that couples enzymatic and transcriptional regulation of E. coli&apos;s central metabolism, we show that the interplay of known interactions explains in molecular-level detail the system-wide adjustments of metabolic operation between glycolytic and gluconeogenic carbon sources. We show that these adaptations are enabled by an indirect recognition of carbon sources through a mechanism we termed distributed sensing of intracellular metabolic fluxes. This mechanism uses two general motifs to establish flux-signaling metabolites, whose bindings to transcription factors form flux sensors. As these sensors are embedded in global feedback loop architectures, closed-loop self-regulation can emerge within metabolism itself and therefore, metabolic operation may adapt itself autonomously (not requiring upstream sensing and signaling) to fluctuating carbon sources. In its current form this SBML model is parametrized for the glucose to acetate transition and to simulate the extended diauxic shift as shown in figure 3 and scenario 6 of the attached matlab file. In this scenario the cells first are grown from an OD600 (BM) of 0.03 with a starting glucose concentration of 0.5 g/l for 8.15 h (29340 sec). Then a medium containing 5 g/l acetate is inoculated with these cells to an OD600 of 0.03 and grown for another 19.7 hours (70920 sec). Finally the cells are shifted to a medium containing both glucose and acetate at a concentration of 3 g/l with a starting OD600 of 0.0005. The shifts where implemented using events triggering at the times determined by the parameters shift1 and shift2 (in hours). To simulate other scenarios the initial conditions need to be changed as described in the supplemental materials ( supplement 1 ) The original SBML model and the MATLAB file used for the calculations can be down loaded as supplementary materials of the publication from the MSB website. ( supplement 2 ). The units of the external metabolites are in [g/l], those of the biomass in optical density,OD 600 , taken as dimensionless, and [micromole/(gramm dry weight)] for all intracellular metabolites. As the latter cannot be implemented in SBML, it was chosen to be micromole only and the units of the parameters are left mostly undefined. This model originates from BioModels Database: A Database of Annotated Published Models. It is copyright (c) 2005-2010 The BioModels Team. For more information see the terms of use . To cite BioModels Database, please use Le Novère N., Bornstein B., Broicher A., Courtot M., Donizelli M., Dharuri H., Li L., Sauro H., Schilstra M., Shapiro B., Snoep J.L., Hucka M. (2006) BioModels Database: A Free, Centralized Database of Curated, Published, Quantitative Kinetic Models of Biochemical and Cellular Systems Nucleic Acids Res., 34: D689-D691.",2,4,47,109
BIOMD0000000245,Lei2001_Yeast_Aerobic_Metabolism,"This the model from the article: A biochemically structured model for Saccharomyces cerevisiae. Lei F, Rotbøll M, Jørgensen SB. J Biotechnol. 2001 Jul 12;88(3):205-21. PMID: 11434967 ,DOI: 10.1016/S0168-1656(01)00269-3 Abstract: A biochemically structured model for the aerobic growth of Saccharomyces cerevisiae on glucose and ethanol is presented. The model focuses on the pyruvate and acetaldehyde branch points where overflow metabolism occurs when the growth changes from oxidative to oxido-reductive. The model is designed to describe the onset of aerobic alcoholic fermentation during steady-state as well as under dynamical conditions, by triggering an increase in the glycolytic flux using a key signalling component which is assumed to be closely related to acetaldehyde. An investigation of the modelled process dynamics in a continuous cultivation revealed multiple steady states in a region of dilution rates around the transition between oxidative and oxido-reductive growth. A bifurcation analysis using the two external variables, the dilution rate, D, and the inlet concentration of glucose, S(f), as parameters, showed that a fold bifurcation occurs close to the critical dilution rate resulting in multiple steady-states. The region of dilution rates within which multiple steady states may occur depends strongly on the substrate feed concentration. Consequently a single steady state may prevail at low feed concentrations, whereas multiple steady states may occur over a relatively wide range of dilution rates at higher feed concentrations. This model originates from BioModels Database: A Database of Annotated Published Models. It is copyright (c) 2005-2010 The BioModels Team. For more information see the terms of use . To cite BioModels Database, please use Le Novère N., Bornstein B., Broicher A., Courtot M., Donizelli M., Dharuri H., Li L., Sauro H., Schilstra M., Shapiro B., Snoep J.L., Hucka M. (2006) BioModels Database: A Free, Centralized Database of Curated, Published, Quantitative Kinetic Models of Biochemical and Cellular Systems Nucleic Acids Res., 34: D689-D691.",2,4,11,20
BIOMD0000000247,Ralser2007_Carbohydrate_Rerouting_ROS,"This is the model with unfitted parameters described in the article Dynamic rerouting of the carbohydrate flux is key to counteracting oxidative stress Markus Ralser, Mirjam M Wamelink, Axel Kowald, Birgit Gerisch, Gino Heeren, Eduard A Struys, Edda Klipp, Cornelis Jakobs, Michael Breitenbach, Hans Lehrach and Sylvia Krobitsch, J Biol 2007 6(4):10; PMID: 18154684 , doi: 10.1186/jbiol61 Abstract: BACKGROUND: Eukaryotic cells have evolved various response mechanisms to counteract the deleterious consequences of oxidative stress. Among these processes, metabolic alterations seem to play an important role. RESULTS: We recently discovered that yeast cells with reduced activity of the key glycolytic enzyme triosephosphate isomerase exhibit an increased resistance to the thiol-oxidizing reagent diamide. Here we show that this phenotype is conserved in Caenorhabditis elegans and that the underlying mechanism is based on a redirection of the metabolic flux from glycolysis to the pentose phosphate pathway, altering the redox equilibrium of the cytoplasmic NADP(H) pool. Remarkably, another key glycolytic enzyme, glyceraldehyde-3-phosphate dehydrogenase (GAPDH), is known to be inactivated in response to various oxidant treatments, and we show that this provokes a similar redirection of the metabolic flux. CONCLUSION: The naturally occurring inactivation of GAPDH functions as a metabolic switch for rerouting the carbohydrate flux to counteract oxidative stress. As a consequence, altering the homoeostasis of cytoplasmic metabolites is a fundamental mechanism for balancing the redox state of eukaryotic cells under stress conditions. Different realtive enzyme velocities can be simulated by varying the parameters k_rel_TPI and k_rel_GAPDH . This model originates from BioModels Database: A Database of Annotated Published Models. It is copyright (c) 2005-2010 The BioModels Team. For more information see the terms of use . To cite BioModels Database, please use Le Novère N., Bornstein B., Broicher A., Courtot M., Donizelli M., Dharuri H., Li L., Sauro H., Schilstra M., Shapiro B., Snoep J.L., Hucka M. (2006) BioModels Database: A Free, Centralized Database of Curated, Published, Quantitative Kinetic Models of Biochemical and Cellular Systems Nucleic Acids Res., 34: D689-D691.",2,4,31,25
BIOMD0000000248,Lai2007_O2_Transport_Metabolism,"This file describes the SBML version of the mathematical model in the following journal article: Linking Pulmonary Oxygen Uptake, Muscle Oxygen Utilization and Cellular Metabolism during Exercise, Ann Biomed Eng. 2007 Jun;35(6):956-69. (Pubmed ID: 17380394). This mathematical model simulates oxygen transport and metabolism in skeletal muscle in response to a step change from a warm-up steady state to a higher work rate corresponding to exercise at different levels of intensity: moderate (M), heavy (H) and very heavy (VH). The model parameter values are listed in the tables of this article. The parameter values that are independent of the exercise level are reported in Table 2. The parameter values that depend on the exercise level are reported in Tables 1A, 3 and 4. The model simulations (Figures 2, 3, 4 and 5) were obtained for a representative subject with a set of parameter values different from those in Table 1A, 3 and 4. In the sbml model, these model parameters are used to simulate exercise at a very heavy (VH) intensity for the representative subject. Additionally, the parameter values needed to simulate exercise at moderate (M) and heavy (H) intensity are reported in the list of parameters of the file. The model simulates dynamics of (1) the concentrations of free (F) and total (T) oxygen concentration in blood (CFcap, CTcap) and tissue (CFtis, CTtis), Adenosine Triphosphate (ATP), Adenosine Diphosphate (ADP), Phosphocreatine (PCr) and Creatine (Cr); (2) the metabolic flux of oxidative phosphorylation, creatine kinase and ATPase; (3) the oxygen uptake in blood and oxygen transport rate from blood to tissue during exercise. The simulation also computes muscle oxygen saturation (StO2m) and relative muscle oxygen saturation (RStO2m) in order to compare simulated and experimental responses of human muscle oxygenation during exercise. The model was successfully tested with Roadrunner of the Systems Biology Workbench (SBW). The model simulations obtained with Roadrunner match those obtained with the mathematical model represented in Fortran and Matlab for relative and absolute tolerance smaller than 10-7. To allow for simulations at varying levels of exercise, the parameter exercise_level was introduced. A value of 1 means medium, 2 heavy and 3 very heavy exercise. Setting this parameter assigns the parameters Vmax , KatpaseE , dQMm and tauQm with the relevant parameters. The warmup steady state is influenced by the parameter changes for this representative subject and the model has to be brought into steady state after each change of exercise level. This model originates from BioModels Database: A Database of Annotated Published Models. It is copyright (c) 2005-2010 The BioModels Team. For more information see the terms of use . To cite BioModels Database, please use Le Nov��re N., Bornstein B., Broicher A., Courtot M., Donizelli M., Dharuri H., Li L., Sauro H., Schilstra M., Shapiro B., Snoep J.L., Hucka M. (2006) BioModels Database: A Free, Centralized Database of Curated, Published, Quantitative Kinetic Models of Biochemical and Cellular Systems Nucleic Acids Res., 34: D689-D691.",2,4,9,5
BIOMD0000000253,Teusink1998_Glycolysis_TurboDesign,"This is the model described in the article: The danger of metabolic pathways with turbo design Teusink B, Walsh MC, van Dam K, Westerhoff HV Trends Biochem. Sci. 1998 May; Volume: 23 (Issue: 5 ): 162-9 9612078 , Abstract: Many catabolic pathways begin with an ATP-requiring activation step, after which further metabolism yields a surplus of ATP. Such a &apos;turbo&apos; principle is useful but also contains an inherent risk. This is illustrated by a detailed kinetic analysis of a paradoxical Saccharomyces cerevisiae mutant; the mutant fails to grow on glucose because of overactive initial enzymes of glycolysis, but is defective only in an enzyme (trehalose 6-phosphate synthase) that appears to have little relevance to glycolysis. The ubiquity of pathways that possess an initial activation step, suggests that there might be many more genes that, when deleted, cause rather paradoxical regulation phenotypes (i.e. growth defects caused by enhanced utilization of growth substrate). The model represents the wild-type cell: &apos;guarded&apos; glycolysis, which is the inhibition of the HK module by hexose monophosphate. The model reproduces figures 3c and 3d of the reference publication. To reproduce unguarded glycolysis, set parameter wild_type to &apos;0&apos;. This model originates from BioModels Database: A Database of Annotated Published Models (http://www.ebi.ac.uk/biomodels/). It is copyright (c) 2005-2010 The BioModels.net Team. For more information see the terms of use . To cite BioModels Database, please use: Li C, Donizelli M, Rodriguez N, Dharuri H, Endler L, Chelliah V, Li L, He E, Henry A, Stefan MI, Snoep JL, Hucka M, Le Novère N, Laibe C (2010) BioModels Database: An enhanced, curated and annotated resource for published quantitative kinetic models. BMC Syst Biol., 4:92.",2,4,6,4
BIOMD0000000268,Reed2008_Glutathione_Metabolism,"This is the model described in the article: A mathematical model of glutathione metabolism. Michael C Reed, Rachel L Thomas, Jovana Pavisic, S. Jill James, Cornelia M Ulrich and H. Frederik Nijhout, Theor Biol Med Model 2008,5:8; PubmedID: 18442411 ; DOI: 10.1186/1742-4682-5-8 ; Abstract: BACKGROUND: Glutathione (GSH) plays an important role in anti-oxidant defense and detoxification reactions. It is primarily synthesized in the liver by the transsulfuration pathway and exported to provide precursors for in situ GSH synthesis by other tissues. Deficits in glutathione have been implicated in aging and a host of diseases including Alzheimer&apos;s disease, Parkinson&apos;s disease, cardiovascular disease, cancer, Down syndrome and autism. APPROACH: We explore the properties of glutathione metabolism in the liver by experimenting with a mathematical model of one-carbon metabolism, the transsulfuration pathway, and glutathione synthesis, transport, and breakdown. The model is based on known properties of the enzymes and the regulation of those enzymes by oxidative stress. We explore the half-life of glutathione, the regulation of glutathione synthesis, and its sensitivity to fluctuations in amino acid input. We use the model to simulate the metabolic profiles previously observed in Down syndrome and autism and compare the model results to clinical data. CONCLUSION: We show that the glutathione pools in hepatic cells and in the blood are quite insensitive to fluctuations in amino acid input and offer an explanation based on model predictions. In contrast, we show that hepatic glutathione pools are highly sensitive to the level of oxidative stress. The model shows that overexpression of genes on chromosome 21 and an increase in oxidative stress can explain the metabolic profile of Down syndrome. The model also correctly simulates the metabolic profile of autism when oxidative stress is substantially increased and the adenosine concentration is raised. Finally, we discuss how individual variation arises and its consequences for one-carbon and glutathione metabolism. parameter orig. article this model Vm_CBS 700000 420000 Vm_GNMT 245 260 K_sam_GNMT 32 63 Vr_MTD(mito) 600000 595000 V_CBS kinetic law rearranged V_bmetc 913 913.4 Vm_GR 8925 892.5 This version of the model contains a feeding rhythm as used in figure 5 of the original article. Four parameters, breakfast , lunch dinner and fasting , describe the relative level of amino acids, described by the parameter aa_input or Aminoacid_input , in the blood. To remove the daily feeding rhythm, either set the parameters for meals and fasting to 1 (or for figure 3 to 0.333), or remove the assignment rule for the Aminoacid_input . For the steady state evaluations for figure 6, the mealtime parameters were set to one, which, while making Copasi complain about explicit time dependency, still gives valid results. This version of the model differs slightly from the version described in the supplement, in which contains some typos. It was corrected using the version of JWS-online , created using the original matlab files, thankfully provided by the articles authors. Many thanks to Jacky Snoep for his help and support. In the SBML version of the model the volumes of the mitochondrion, the cytoplasm and the cell were all set to one to obtain the same equations as described in the supplemental materials of the article. The total folate is equally split between the cytosol and the mitochondrion and divided by 3/4 for the cytosol and 1/4 for the mitochondrion, respectively. To obtain an SBML model in which the volumes of the compartments, cytosol and mito , are used, the model needs to be altered as follows: for the initial distribution of folate the terms 3/4 and 1/4 have to be replaced by volumes of cytosol and mitochondria respectively in the transport reactions between mitochondrion and cytosol the stoichiometry of the mitochondrial reactants has to be set from 3 to 1 and in the first part of the according rate laws the factor mito/3 should simply be replaced with mito . the stoichiometries of src and dmg have to be changed to cell/mito for mitchondrial and cell/cytosol for cytosolic reactions involving these two species (for the relative volumes used in the article this would be 4 for mitochondrial reactions and 1.33333 for cytosolic ones). While the concentrations stay the same after these alteration, the reaction fluxes change by a factor of cytosol and mito for cytosolic and mitchondrial reactions, respectively. Originally created by libAntimony v1.3 (using libSBML 3.4.1)",2,4,44,61
BIOMD0000000281,Chance1960_Glycolysis_Respiration,"This model is described inthe article: Metabolic control mechanisms. 5. A solution for the equations representing interaction between glycolysis and respiration in ascites tumor cells. Britton Chance, David Garfinkel, Joseph Higgins and Benno Hess, J Biol Chem. 1960 35:2426-2439. PubmedID: 13692276 Abstract: The other papers of this series present experimental evidence for possible relationships between the kinetics of oxygen, glucose, adenosine diphosphate, adenosine triphosphate, and phosphate and those of the cytochromes and pyridine nucleotides of the ascites tumor cell. From these general experiments we are able to formulate, under the law of mass action, a minimum hypothesis under which the four metabolic regulations previously described can be observed. In brief, the system can be represented by the known enzyme systems, a relatively higher ADP affinity in respiration than in glycolysis, the mitochondrial membrane, a segregation of ATP into two compartments, and an ATP-utilizing system that is responsive to small decreases of the intracellular ADP level. The chemical equations for the pathway from glucose to oxygen are solved by a digital computer method so that the responses of the chemical equations and of the living cell can be accurately compared. For reasons already described, we greatly prefer a com- puter representation based upon a physical or chemical law representing the action of the system to a model simulating the operation of the chemical system but not based upon funda- mental laws for the reactions involved; such a representation would not adequately represent the kinetics of the system, as in an electric circuit network or in some types of hydraulic ana- logues. The model gives solutions of the reaction kinetics for three types of metabolism: 0 - 64s, metabolism of endogenous substrate 64s - 119s, metabolism of added glucose, illustrating the activated and inhibited aspects of glucose metabolism 119s - 153s, relief of glucose and oxygen inhibition by the addition of an uncoupling agent This model originates from BioModels Database: A Database of Annotated Published Models (http://www.ebi.ac.uk/biomodels/). It is copyright (c) 2005-2011 The BioModels.net Team. For more information see the terms of use . To cite BioModels Database, please use: Li C, Donizelli M, Rodriguez N, Dharuri H, Endler L, Chelliah V, Li L, He E, Henry A, Stefan MI, Snoep JL, Hucka M, Le Novère N, Laibe C (2010) BioModels Database: An enhanced, curated and annotated resource for published quantitative kinetic models. BMC Syst Biol., 4:92.",2,4,32,22
BIOMD0000000292,Rovers1995_Photsynthetic_Oscillations,"This is the model described in the article: Photosynthetic oscillations and the interdependence of photophosphorylation and electron transport as studied by a mathematical model. Rovers W, Giersch C. Biosystems. 1995;35(1):63-73. PMID: 7772723 Abstract: A simple mathematical model of photosynthetic carbon metabolism as driven by ATP and NADPH has been formulated to analyse photosynthetic oscillations. Two essential assumptions of this model are: (i) reduction of 3-phosphoglycerate to triosephosphate in the Clavin cycle is limited by ATP, not by NADPH, and (ii) photophosphorylation is affected by the availability of both ADP and NADP, while electron transport is limited by NADP only. The model produces oscillations of observed damping and period in ATP and NADP concentrations which are about 180 degrees out of phase, while three alternative proposals regarding coupling of electron transport and photophosphorylation do not produce oscillatory model solutions. The phases of ATP and NADPH are in reasonable agreement with the available experimental data. The model (which assumes that redox control of photophosphorylation is part of the oscillatory mechanism) is compared with an alternative proposal (that oscillations are due to interdependence of turnover of adenylates and Calvin cycle intermediates). From the similarity of the mathematical structures of both models it is inviting to speculate that both models are partial aspects of the oscillatory mechanism. To the extent possible under law, all copyright and related or neighbouring rights to this encoded model have been dedicated to the public domain worldwide. Please refer to CC0 Public Domain Dedication for more information. In summary, you are entitled to use this encoded model in absolutely any manner you deem suitable, verbatim, or with modification, alone or embedded it in a larger context, redistribute it, commercially or not, in a restricted way or not. To cite BioModels Database, please use: Li C, Donizelli M, Rodriguez N, Dharuri H, Endler L, Chelliah V, Li L, He E, Henry A, Stefan MI, Snoep JL, Hucka M, Le Novère N, Laibe C (2010) BioModels Database: An enhanced, curated and annotated resource for published quantitative kinetic models. BMC Syst Biol., 4:92.",2,4,6,4
BIOMD0000000450,Reyes-Palomares2012 -  a combined model hepatic polyamine and sulfur aminoacid metabolism - version2,"Reyes-Palomares2012 - a combined model hepatic polyamine and sulfur aminoacid metabolism - version2 Mammalian polyamine metabolism consists of a bi-cycle with two required entrances, omithine and S-adenosyl methionine (SAM), and several alternative exists. The relevant regulatory roles of the short half-life enzymes ornithine decarboxylase (ODC), S-adenosyl methione decarboxylase (SAMDC) and spermindine/spermine acetyl transferase (SSAT) in polyamine metabolism are well studied, and has been modelled here. This model is described in the article: A combined model of hepatic polyamine and sulfur amino acid metabolism to analyze S-adenosyl methionine availability. Reyes-Palomares A, Montañez R, Sánchez-Jiménez F, Medina MA Amino Acids, February 2012, Volume 42, Issue 2-3, pp 597-610 Abstract: Many molecular details remain to be uncovered concerning the regulation of polyamine metabolism. A previous model of mammalian polyamine metabolism showed that S-adenosyl methionine availability could play a key role in polyamine homeostasis. To get a deeper insight in this prediction, we have built a combined model by integration of the previously published polyamine model and one-carbon and glutathione metabolism model, published by different research groups. The combined model is robust and it is able to achieve physiological steady-state values, as well as to reproduce the predictions of the individual models. Furthermore, a transition between two versions of our model with new regulatory factors added properly simulates the switch in methionine adenosyl transferase isozymes occurring when the liver enters in proliferative conditions. The combined model is useful to support the previous prediction on the role of S-adenosyl methionine availability in polyamine homeostasis. Furthermore, it could be easily adapted to get deeper insights on the connections of polyamines with energy metabolism. Notes by the author: This model combines BIOMD0000000190 and BIOMD0000000268 from BioModels Database, both models include corrections respect to their originals publications. To simulate a MATI/MATIII switch to MATII in proliferating liver: We set to 0 the Vmax parameters of MATI and MATIII We included MATII reaction equation. We add a regulation factor dependent of SAM levels in ODC and SAMDCe rates of synthesis (66.5/[SAM]). H2O2 was increased in a 50 % according to an initial state ofproliferating and regenerating liver. This model is hosted on BioModels Database and identified by: MODEL1305060001 . To cite BioModels Database, please use: BioModels Database: An enhanced, curated and annotated resource for published quantitative kinetic models . To the extent possible under law, all copyright and related or neighbouring rights to this encoded model have been dedicated to the public domain worldwide. Please refer to CC0 Public Domain Dedication for more information.",2,4,53,74
BIOMD0000000471,Smallbone2013 - Yeast metabolic model with linlog rate law,,2,4,657,282
BIOMD0000000472,Smallbone2013 - Yeast metabolic model with modular rate law,,2,4,657,282
BIOMD0000000473,"Smallbone2013 - Yeast metabolic model with modular rate law, merged with Pritchard 2002",,2,4,713,298
BIOMD0000000503,Messiha2013 - combined glycolysis and pentose phosphate pathway model,"Messiha2013 - combined glycolysis and pentose phosphate pathway model BIOMD0000000502 and MODEL1303260018 are combined to examine the response to oxidative stress. This model is described in the article: Enzyme characterisation and kinetic modelling of pentose phosphate pathway in yeast. Hanan L. Messiha, Edward Kent, Naglis Malys, Kathleen M. Carroll, Pedro Mendes, Kieran Smallbone PeerJ PrePrints 1:e146v2 Abstract: We present the quantification and kinetic characterisation of the enzymes of the pentose phosphate pathway in Saccharomyces cerevisiae. The data are combined into a mathematical model that describes the dynamics of this system and allows for the predicting changes in metabolite concentrations and fluxes in response to perturbations. We use the model to study the response of yeast to a glucose pulse. We then combine the model with an existing glycolysis one to study the effect of oxidative stress on carbohydrate metabolism. The combination of these two models was made possible by the standardized enzyme kinetic experiments carried out in both studies. This work demonstrates the feasibility of constructing larger network models by merging smaller pathway models. This model is hosted on BioModels Database and identified by: BIOMD0000000503 . To cite BioModels Database, please use: BioModels Database: An enhanced, curated and annotated resource for published quantitative kinetic models . To the extent possible under law, all copyright and related or neighbouring rights to this encoded model have been dedicated to the public domain worldwide. Please refer to CC0 Public Domain Dedication for more information.",2,4,76,34
BIOMD0000000590,Hermansen2015 - denovo biosynthesis of pyrimidines in yeast,"Hermansen2015 - denovo biosynthesis of pyrimidines in yeast This model is described in the article: Characterizing selective pressures on the pathway for de novo biosynthesis of pyrimidines in yeast. Hermansen RA , Mannakee BK , Knecht W , Liberles DA , Gutenkunst RN BMC Evolutionary Biology. 2015, 15:232 Abstract: Selection on proteins is typically measured with the assumption that each protein acts independently. However, selection more likely acts at higher levels of biological organization, requiring an integrative view of protein function. Here, we built a kinetic model for de novo pyrimidine biosynthesis in the yeast Saccharomyces cerevisiae to relate pathway function to selective pressures on individual protein-encoding genes.Gene families across yeast were constructed for each member of the pathway and the ratio of nonsynonymous to synonymous nucleotide substitution rates (dN/dS) was estimated for each enzyme from S. cerevisiae and closely related species. We found a positive relationship between the influence that each enzyme has on pathway function and its selective constraint.We expect this trend to be locally present for enzymes that have pathway control, but over longer evolutionary timescales we expect that mutation-selection balance may change the enzymes that have pathway control. This model is hosted on BioModels Database and identified by: MODEL1512160000 . To cite BioModels Database, please use: BioModels Database: An enhanced, curated and annotated resource for published quantitative kinetic models . To the extent possible under law, all copyright and related or neighbouring rights to this encoded model have been dedicated to the public domain worldwide. Please refer to CC0 Public Domain Dedication for more information.",2,4,9,20
BIOMD0000000602,Stavrum2013 - Tryptophan Metabolism in Liver,"Stavrum2013 - Tryptophan Metabolism in Liver This model is described in the article: Model of tryptophan metabolism, readily scalable using tissue-specific gene expression data. Stavrum AK, Heiland I, Schuster S, Puntervoll P, Ziegler M. J. Biol. Chem. 2013 Nov; 288(48): 34555-34566 Abstract: Tryptophan is utilized in various metabolic routes including protein synthesis, serotonin, and melatonin synthesis and the kynurenine pathway. Perturbations in these pathways have been associated with neurodegenerative diseases and cancer. Here we present a comprehensive kinetic model of the complex network of human tryptophan metabolism based upon existing kinetic data for all enzymatic conversions and transporters. By integrating tissue-specific expression data, modeling tryptophan metabolism in liver and brain returned intermediate metabolite concentrations in the physiological range. Sensitivity and metabolic control analyses identified expected key enzymes to govern fluxes in the branches of the network. Combining tissue-specific models revealed a considerable impact of the kynurenine pathway in liver on the concentrations of neuroactive derivatives in the brain. Moreover, using expression data from a cancer study predicted metabolite changes that resembled the experimental observations. We conclude that the combination of the kinetic model with expression data represents a powerful diagnostic tool to predict alterations in tryptophan metabolism. The model is readily scalable to include more tissues, thereby enabling assessment of organismal tryptophan metabolism in health and disease. This model is hosted on BioModels Database and identified by: BIOMD0000000602 . To cite BioModels Database, please use: BioModels Database: An enhanced, curated and annotated resource for published quantitative kinetic models . To the extent possible under law, all copyright and related or neighbouring rights to this encoded model have been dedicated to the public domain worldwide. Please refer to CC0 Public Domain Dedication for more information.",2,4,56,42
BIOMD0000000627,Winter2017 - Brain Energy Metabolism with PPP,"Winter2017 - Brain Energy Metabolism with PPP This model is described in the article: Mathematical analysis of the influence of brain metabolism on the BOLD signal in Alzheimer&apos;s disease Felix Winter1,2, Catrin Bludszuweit-Philipp1 and Olaf Wolkenhauer2,3 Journal of Cerebral Blood Flow &amp; Metabolism Abstract: Blood oxygen level-dependent functional magnetic resonance imaging (BOLD-fMRI) is a standard clinical tool for the detection of brain activation. In Alzheimer’s disease (AD), task-related and resting state fMRI have been used to detect brain dysfunction. It has been shown that the shape of the BOLD response is affected in early AD. To correctly interpret these changes, the mechanisms responsible for the observed behaviour need to be known. The parameters of the canonical hemodynamic response function (HRF) commonly used in the analysis of fMRI data have no direct biological interpretation and cannot be used to answer this question. We here present a model that allows relating AD-specific changes in the BOLD shape to changes in the underlying energy metabolism. According to our findings, the classic view that differences in the BOLD shape are only attributed to changes in strength and duration of the stimulus does not hold. Instead, peak height, peak timing and full width at half maximum are sensitive to changes in the reaction rate of several metabolic reactions. Our systems-theoretic approach allows the use of patient-specific clinical data to predict dementia- driven changes in the HRF, which can be used to improve the results of fMRI analyses in AD patients. This model is hosted on BioModels Database and identified by: BIOMD0000000627 . To cite BioModels Database, please use: BioModels Database: An enhanced, curated and annotated resource for published quantitative kinetic models . To the extent possible under law, all copyright and related or neighbouring rights to this encoded model have been dedicated to the public domain worldwide. Please refer to CC0 Public Domain Dedication for more information.",2,3,65,64
BIOMD0000000633,Bulik2016 - Regulation of hepatic glucose metabolism,"Bulik2016 - Regulation of hepatic glucose metabolism This model is described in the article: The relative importance of kinetic mechanisms and variable enzyme abundances for the regulation of hepatic glucose metabolism--insights from mathematical modeling. Bulik S, Holzhütter HG, Berndt N. BMC Biol. 2016 Mar; 14: 15 Abstract: Adaptation of the cellular metabolism to varying external conditions is brought about by regulated changes in the activity of enzymes and transporters. Hormone-dependent reversible enzyme phosphorylation and concentration changes of reactants and allosteric effectors are the major types of rapid kinetic enzyme regulation, whereas on longer time scales changes in protein abundance may also become operative. Here, we used a comprehensive mathematical model of the hepatic glucose metabolism of rat hepatocytes to decipher the relative importance of different regulatory modes and their mutual interdependencies in the hepatic control of plasma glucose homeostasis.Model simulations reveal significant differences in the capability of liver metabolism to counteract variations of plasma glucose in different physiological settings (starvation, ad libitum nutrient supply, diabetes). Changes in enzyme abundances adjust the metabolic output to the anticipated physiological demand but may turn into a regulatory disadvantage if sudden unexpected changes of the external conditions occur. Allosteric and hormonal control of enzyme activities allow the liver to assume a broad range of metabolic states and may even fully reverse flux changes resulting from changes of enzyme abundances alone. Metabolic control analysis reveals that control of the hepatic glucose metabolism is mainly exerted by enzymes alone, which are differently controlled by alterations in enzyme abundance, reversible phosphorylation, and allosteric effects.In hepatic glucose metabolism, regulation of enzyme activities by changes of reactants, allosteric effects, and reversible phosphorylation is equally important as changes in protein abundance of key regulatory enzymes. This model is hosted on BioModels Database and identified by: BIOMD0000000633 . To cite BioModels Database, please use: BioModels Database: An enhanced, curated and annotated resource for published quantitative kinetic models . To the extent possible under law, all copyright and related or neighbouring rights to this encoded model have been dedicated to the public domain worldwide. Please refer to CC0 Public Domain Dedication for more information.",2,4,50,35
BIOMD0000000674,Reyes-Palomares2012 - a combined model hepatic polyamine and sulfur aminoacid metabolism - version1,"Reyes-Palomares2012 - a combined model hepatic polyamine and sulfur aminoacid metabolism - version1 Mammalian polyamine metabolism consists of a bi-cycle with two required entrances, omithine and S-adenosyl methionine (SAM), and several alternative exists. The relevant regulatory roles of the short half-life enzymes ornithine decarboxylase (ODC), S-adenosyl methione decarboxylase (SAMDC) and spermindine/spermine acetyl transferase (SSAT) in polyamine metabolism are well studied, and has been modelled here. This model is described in the article: A combined model of hepatic polyamine and sulfur amino acid metabolism to analyze S-adenosyl methionine availability. Reyes-Palomares A, Montañez R, Sánchez-Jiménez F, Medina MA. Amino Acids 2012 Feb; 42(2-3): 597-610 Abstract: Many molecular details remain to be uncovered concerning the regulation of polyamine metabolism. A previous model of mammalian polyamine metabolism showed that S-adenosyl methionine availability could play a key role in polyamine homeostasis. To get a deeper insight in this prediction, we have built a combined model by integration of the previously published polyamine model and one-carbon and glutathione metabolism model, published by different research groups. The combined model is robust and it is able to achieve physiological steady-state values, as well as to reproduce the predictions of the individual models. Furthermore, a transition between two versions of our model with new regulatory factors added properly simulates the switch in methionine adenosyl transferase isozymes occurring when the liver enters in proliferative conditions. The combined model is useful to support the previous prediction on the role of S-adenosyl methionine availability in polyamine homeostasis. Furthermore, it could be easily adapted to get deeper insights on the connections of polyamines with energy metabolism. Notes by the author: This model combines BIOMD0000000190 and BIOMD0000000268 from BioModels Database, both models include corrections respect to their originals publications. This model is hosted on BioModels Database and identified by: BIOMD0000000674 . To cite BioModels Database, please use: Chelliah V et al. BioModels: ten-year anniversary. Nucl. Acids Res. 2015, 43(Database issue):D542-8 . To the extent possible under law, all copyright and related or neighbouring rights to this encoded model have been dedicated to the public domain worldwide. Please refer to CC0 Public Domain Dedication for more information.",2,4,53,73
BIOMD0000000689,Thiaville2016 - Folate pathway model (PanB overexpression),"Henry2016 Folate pathway model with induced PanB reaction This model is described in the article: Experimental and Metabolic Modeling Evidence for a Folate-Cleaving Side-Activity of Ketopantoate Hydroxymethyltransferase (PanB). Thiaville JJ, Frelin O, García-Salinas C, Harrison K, Hasnain G, Horenstein NA, Díaz de la Garza RI, Henry CS, Hanson AD, de Crécy-Lagard V. Front Microbiol 2016; 7: 431 Abstract: Tetrahydrofolate (THF) and its one-carbon derivatives, collectively termed folates, are essential cofactors, but are inherently unstable. While it is clear that chemical oxidation can cleave folates or damage their pterin precursors, very little is known about enzymatic damage to these molecules or about whether the folate biosynthesis pathway responds adaptively to damage to its end-products. The presence of a duplication of the gene encoding the folate biosynthesis enzyme 6-hydroxymethyl-7,8-dihydropterin pyrophosphokinase (FolK) in many sequenced bacterial genomes combined with a strong chromosomal clustering of the folK gene with panB, encoding the 5,10-methylene-THF-dependent enzyme ketopantoate hydroxymethyltransferase, led us to infer that PanB has a side activity that cleaves 5,10-methylene-THF, yielding a pterin product that is recycled by FolK. Genetic and metabolic analyses of Escherichia coli strains showed that overexpression of PanB leads to accumulation of the likely folate cleavage product 6-hydroxymethylpterin and other pterins in cells and medium, and-unexpectedly-to a 46% increase in total folate content. In silico modeling of the folate biosynthesis pathway showed that these observations are consistent with the in vivo cleavage of 5,10-methylene-THF by a side-activity of PanB, with FolK-mediated recycling of the pterin cleavage product, and with regulation of folate biosynthesis by folates or their damage products. This model is hosted on BioModels Database and identified by: MODEL1602280002 . To cite BioModels Database, please use: BioModels Database: An enhanced, curated and annotated resource for published quantitative kinetic models . To the extent possible under law, all copyright and related or neighbouring rights to this encoded model have been dedicated to the public domain worldwide. Please refer to CC0 Public Domain Dedication for more information.",2,4,17,10
BIOMD0000000690,Thiaville2016 - Folate pathway model (PanB overexpression and THF regulation),"Henry2016 Folate pathway model with induced PanB reaction This model is described in the article: Experimental and Metabolic Modeling Evidence for a Folate-Cleaving Side-Activity of Ketopantoate Hydroxymethyltransferase (PanB). Thiaville JJ, Frelin O, García-Salinas C, Harrison K, Hasnain G, Horenstein NA, Díaz de la Garza RI, Henry CS, Hanson AD, de Crécy-Lagard V. Front Microbiol 2016; 7: 431 Abstract: Tetrahydrofolate (THF) and its one-carbon derivatives, collectively termed folates, are essential cofactors, but are inherently unstable. While it is clear that chemical oxidation can cleave folates or damage their pterin precursors, very little is known about enzymatic damage to these molecules or about whether the folate biosynthesis pathway responds adaptively to damage to its end-products. The presence of a duplication of the gene encoding the folate biosynthesis enzyme 6-hydroxymethyl-7,8-dihydropterin pyrophosphokinase (FolK) in many sequenced bacterial genomes combined with a strong chromosomal clustering of the folK gene with panB, encoding the 5,10-methylene-THF-dependent enzyme ketopantoate hydroxymethyltransferase, led us to infer that PanB has a side activity that cleaves 5,10-methylene-THF, yielding a pterin product that is recycled by FolK. Genetic and metabolic analyses of Escherichia coli strains showed that overexpression of PanB leads to accumulation of the likely folate cleavage product 6-hydroxymethylpterin and other pterins in cells and medium, and-unexpectedly-to a 46% increase in total folate content. In silico modeling of the folate biosynthesis pathway showed that these observations are consistent with the in vivo cleavage of 5,10-methylene-THF by a side-activity of PanB, with FolK-mediated recycling of the pterin cleavage product, and with regulation of folate biosynthesis by folates or their damage products. This model is hosted on BioModels Database and identified by: MODEL1602280002 . To cite BioModels Database, please use: BioModels Database: An enhanced, curated and annotated resource for published quantitative kinetic models . To the extent possible under law, all copyright and related or neighbouring rights to this encoded model have been dedicated to the public domain worldwide. Please refer to CC0 Public Domain Dedication for more information.",2,4,17,10
BIOMD0000000691,Wolf2000 - Cellular interaction on glycolytic oscillations in yeast,"Wolf2000 - Cellular interaction on glycolytic oscillations in yeast A two-cell model of glycolysis. This model is described in the article: Effect of cellular interaction on glycolytic oscillations in yeast: a theoretical investigation. Wolf J, Heinrich R. Biochem. J. 2000 Jan; 345 Pt 2: 321-334 Abstract: On the basis of a detailed model of yeast glycolysis, the effect of intercellular dynamics is analysed theoretically. The model includes the main steps of anaerobic glycolysis, and the production of ethanol and glycerol. Transmembrane diffusion of acetaldehyde is included, since it has been hypothesized that this substance mediates the interaction. Depending on the kinetic parameter, the single-cell model shows both stationary and oscillatory behaviour. This agrees with experimental data with respect to metabolite concentrations and phase shifts. The inclusion of intercellular coupling leads to a variety of dynamical modes, such as synchronous oscillations, and different kinds of asynchronous behavior. These oscillations can co-exist, leading to bi- and tri-rhythmicity. The corresponding parameter regions have been identified by a bifurcation analysis. The oscillatory dynamics of synchronized cell populations are investigated by calculating the phase responses to acetaldehyde pulses. Simulations are performed with respect to the synchronization of two subpopulations that are oscillating out of phase before mixing. The effect of the various process on synchronization is characterized quantitatively. While continuous exchange of acetaldehyde might synchronize the oscillations for appropriate sets of parameter values, the calculated synchronization time is longer than that observed experimentally. It is concluded either that addition to the transmembrane exchange of acetaldehyde, other processes may contribute to intercellular coupling, or that intracellular regulator feedback plays a role in the acceleration of the synchronization. for appropriate sets of parameter values, the calculated synchronization time is longer than that observed experimentally. It is concluded either that addition to the transmembrane exchange of acetaldehyde, other processes may contribute to intercellular coupling, or that intracellular regulator feedback plays a role in the acceleration of the synchronization. This model is hosted on BioModels Database and identified by: BIOMD0000000691 . To cite BioModels Database, please use: Chelliah V et al. BioModels: ten-year anniversary. Nucl. Acids Res. 2015, 43(Database issue):D542-8 . To the extent possible under law, all copyright and related or neighbouring rights to this encoded model have been dedicated to the public domain worldwide. Please refer to CC0 Public Domain Dedication for more information.",2,4,19,18
BIOMD0000000725,Salcedo-Sora2016 - Microbial folate biosynthesis and utilisation,"Salcedo-Sora2016 - Microbial folate biosynthesis and utilisation This model is described in the article: A mathematical model of microbial folate biosynthesis and utilisation: implications for antifolate development. Enrique Salcedo-Sora J, Mc Auley MT. Mol Biosyst. 2016 Jan 21. Abstract: The metabolic biochemistry of folate biosynthesis and utilisation has evolved into a complex network of reactions. Although this complexity represents challenges to the field of folate research it has also provided a renewed source for antimetabolite targets. A range of improved folate chemotherapy continues to be developed and applied particularly to cancer and chronic inflammatory diseases. However, new or better antifolates against infectious diseases remain much more elusive. In this paper we describe the assembly of a generic deterministic mathematical model of microbial folate metabolism. Our aim is to explore how a mathematical model could be used to explore the dynamics of this inherently complex set of biochemical reactions. Using the model it was found that: (1) a particular small set of folate intermediates are overrepresented, (2) inhibitory profiles can be quantified by the level of key folate products, (3) using the model to scan for the most effective combinatorial inhibitions of folate enzymes we identified specific targets which could complement current antifolates, and (4) the model substantiates the case for a substrate cycle in the folinic acid biosynthesis reaction. Our model is coded in the systems biology markup language and has been deposited in the BioModels Database (MODEL1511020000), this makes it accessible to the community as a whole. This model is hosted on BioModels Database and identified by: MODEL1511020000 . To cite BioModels Database, please use: BioModels Database: An enhanced, curated and annotated resource for published quantitative kinetic models . To the extent possible under law, all copyright and related or neighbouring rights to this encoded model have been dedicated to the public domain worldwide. Please refer to CC0 Public Domain Dedication for more information.",2,4,51,31
BIOMD0000001061,Canto-Encalada2022-FBA of simultaneous degradation of ammonia and pollutants,"The ammonia-oxidizing bacterium Nitrosomonas europaea has been widely recognized as an important player in the nitrogen cycle as well as one of the most abundant members in microbial communities for the treatment of industrial or sewage wastewater. Its natural metabolic versatility and extraordinary ability to degrade environmental pollutants enable it to thrive under various harsh environmental conditions. This model of N. europaea (iGC535) is the most accurate metabolic model for a nitrifying organism to date, reaching an average prediction accuracy of over 90% under several growth conditions. The manually curated model can predict phenotypes under chemolithotrophic and chemolithoorganotrophic conditions while oxidating methane and wastewater pollutants. It is the first upload of the model.",3,1,1114,1149
BIOMD0000001062,Kim2021 - Development of a Genome-Scale Metabolic Model and Phenome Analysis of the Probiotic Escherichia coli Strain Nissle 1917,"Escherichia coli Nissle 1917 (EcN) is an intestinal probiotic that is effective for the treatment of intestinal disorders, such as inflammatory bowel disease and ulcerative colitis. EcN is a representative Gram-negative probiotic in biomedical research and is an intensively studied probiotic. However, to date, its genome-wide metabolic network model has not been developed. Here, we developed a comprehensive and highly curated EcN metabolic model, referred to as iDK1463, based on genome comparison and phenome analysis. The model was improved and validated by comparing the simulation results with experimental results from phenotype microarray tests. iDK1463 comprises 1463 genes, 1313 unique metabolites, and 2984 metabolic reactions. Phenome data of EcN were compared with those of Escherichia coli intestinal commensal K-12 MG1655. iDK1463 was simulated to identify the genetic determinants responsible for the observed phenotypic differences between EcN and K-12. Further, the model was simulated for gene essentiality analysis and utilization of nutrient sources under anaerobic growth conditions. These analyses provided insights into the metabolic mechanisms by which EcN colonizes and persists in the gut. iDK1463 will contribute to the system-level understanding of the functional capacity of gut microbes and their interactions with microbiota and human hosts, as well as the development of live microbial therapeutics.",3,1,2112,2984
BIOMD0000001063,Lu2019 - Genome scale metabolic model for Saccharomyces cerevisiae - yeastGEM8.5.0,"yeast-GEM: The consensus genome-scale metabolic model of Saccharomyces cerevisiae. Further curations of this model will be tracked in the GitHub repository:https://github.com/SysBioChalmers/yeast-GEM For you use yeast-GEM, please cite the yeast8 paper: Lu, H. et al. A consensus S. cerevisiae metabolic model Yeast8 and its ecosystem for comprehensively probing cellular metabolism. Nature Communications 10, 3586 (2019). https://doi.org/10.1038/s41467-019-11581-3. FROG analysis was performed with the yeastGEM_rich_medium.mat, which is with rich medium setup.",3,1,2742,4058
BIOMD0000001090,Dias2019 - GSM model of S. pneumoniae R6,Phenotypically Reconciled Genome-scale Metabolic Model for the Metabolism of Streptococcus pneumoniae Strain R6.,3,1,422,529
BIOMD0000001091,Kulyashov2020 - Genome-Scale Metabolic Model for Geobacillus icigianus,"Here we present a genome-scale metabolic model iMK1321 for Geobacillus icigianus constructed using an auto-generating pipeline with consequent thorough manual curation. The model contains 1321 genes and includes 1676 reactions and 1589 metabolites, representing the most-complete and publicly available model of the genus Geobacillus.",3,1,1589,1676
BIOMD0000001092,Gautam2020-Metabolic network of Thermotoga sp. Strain RQ7,As in DOI: 10.1007/s12010-020-03470-z,3,1,538,692
BIOMD0000001093,Nogales2020 - Genome-scale metabolic network of Pseudomonas putida (iJN1462),"iJN1462 (i) incorporates several hundred additional genes and associated reactions resulting in new predictive capabilities, including new nutrients supporting growth; (ii) was validated by in vivo growth screens that included previously untested carbon (48) and nitrogen (41) sources; (iii) yielded gene essentiality predictions showing large accuracy when compared with a knock-out library and Bar-seq data; and (iv) allowed mapping of its network to 82 P. putida sequenced strains revealing functional core that reflect the large metabolic versatility of this species, including aromatic compounds derived from lignin.",3,1,2153,2927
