model_id,reaction_id,reaction_equation,ground_truth_kegg_all,ground_truth_kegg_primary,num_ground_truth_ids,invalid_ground_truth_ids,species_source,num_species_annotations,is_exchange_ssx,included_in_eval,exclusion_reason,num_candidates,candidates_json
BIOMD0000000013,E1,RuBP_ch + x_CO2 => 2 PGA_ch,R00024,R00024,1,,chebi,22,False,True,,0,
BIOMD0000000013,E10,S7P_ch + GAP_ch <=> R5P_ch + X5P_ch,R01641,R01641,1,,chebi,22,False,True,,0,
BIOMD0000000013,E11,R5P_ch <=> Ru5P_ch,R01056,R01056,1,,chebi,22,False,True,,0,
BIOMD0000000013,E12,X5P_ch <=> Ru5P_ch,R01429,R01429,1,,chebi,22,False,True,,0,
BIOMD0000000013,E13,Ru5P_ch + ATP_ch => RuBP_ch + ADP_ch,R01423,R01423,1,,chebi,22,False,True,,0,
BIOMD0000000013,E14,F6P_ch <=> G6P_ch,R00771,R00771,1,,chebi,22,False,True,,0,
BIOMD0000000013,E15,G6P_ch <=> G1P_ch,R00959,R00959,1,,chebi,22,False,True,,0,
BIOMD0000000013,E16,ATP_ch + G1P_ch => x_Starch_ch + ADP_ch + 2 Pi_ch,R02111,R02111,1,,chebi,22,False,True,,0,
BIOMD0000000013,E17,x_Starch_ch + Pi_ch => G1P_ch,R02111,R02111,1,,chebi,22,False,True,,0,
BIOMD0000000013,E2,PGA_ch + ATP_ch => BPGA_ch + ADP_ch,R01512,R01512,1,,chebi,22,False,True,,0,
BIOMD0000000013,E3,x_NADPH_ch + BPGA_ch + x_Proton_ch => x_NADP_ch + GAP_ch + Pi_ch,R01063,R01063,1,,chebi,22,False,True,,0,
BIOMD0000000013,E4,GAP_ch <=> DHAP_ch,R01015,R01015,1,,chebi,22,False,True,,0,
BIOMD0000000013,E5,GAP_ch + DHAP_ch <=> FBP_ch,R01070,R01070,1,,chebi,22,False,True,,0,
BIOMD0000000013,E6,FBP_ch => F6P_ch + Pi_ch,R04780,R04780,1,,chebi,22,False,True,,0,
BIOMD0000000013,E7,GAP_ch + F6P_ch <=> X5P_ch + E4P_ch,R01830,R01830,1,,chebi,22,False,True,,0,
BIOMD0000000013,E8,DHAP_ch + E4P_ch <=> SBP_ch,R01829,R01829,1,,chebi,22,False,True,,0,
BIOMD0000000013,E9,SBP_ch => Pi_ch + S7P_ch,R01845,R01845,1,,chebi,22,False,True,,0,
BIOMD0000000015,ada,ATP => HX,R01560,R01560,1,,chebi,31,False,True,,0,
BIOMD0000000015,adna,dATP => DNA,R00375,R00375,1,,chebi,31,False,True,,0,
BIOMD0000000015,adrnr,ATP => dATP,R02014;R02017,R02014,2,,chebi,31,False,True,,0,
BIOMD0000000015,ampd,ATP => IMP,R00181,R00181,1,,chebi,31,False,True,,0,
BIOMD0000000015,aprt,PRPP + Ade => ATP,R00190,R00190,1,,chebi,31,False,True,,0,
BIOMD0000000015,arna,ATP => RNA,R00435,R00435,1,,chebi,31,False,True,,0,
BIOMD0000000015,asli,SAMP => ATP,R01083,R01083,1,,chebi,31,False,True,,0,
BIOMD0000000015,asuc,IMP => SAMP,R01135,R01135,1,,chebi,31,False,True,,0,
BIOMD0000000015,dada,dATP => HX,R02556,R02556,1,,chebi,31,False,True,,0,
BIOMD0000000015,den,PRPP => IMP,R01072;R01127;R04144;R04208;R04209;R04325;R04463;R04559;R04560;R04591,R01072,10,,chebi,31,False,True,,0,
BIOMD0000000015,dgnuc,dGTP => Gua,R01968,R01968,1,,chebi,31,False,True,,0,
BIOMD0000000015,gdna,dGTP => DNA,R00376,R00376,1,,chebi,31,False,True,,0,
BIOMD0000000015,gdrnr,GTP => dGTP,R02019;R02020,R02019,2,,chebi,31,False,True,,0,
BIOMD0000000015,gmpr,GTP => IMP,R01134,R01134,1,,chebi,31,False,True,,0,
BIOMD0000000015,gmps,XMP => GTP,R01231,R01231,1,,chebi,31,False,True,,0,
BIOMD0000000015,gnuc,GTP => Gua,R01227,R01227,1,,chebi,31,False,True,,0,
BIOMD0000000015,gprt,Gua + PRPP => GTP,R01229,R01229,1,,chebi,31,False,True,,0,
BIOMD0000000015,grna,GTP => RNA,R00441,R00441,1,,chebi,31,False,True,,0,
BIOMD0000000015,gua,Gua => Xa,R01676,R01676,1,,chebi,31,False,True,,0,
BIOMD0000000015,hprt,HX + PRPP => IMP,R01132,R01132,1,,chebi,31,False,True,,0,
BIOMD0000000015,hxd,HX => Xa,R01769,R01769,1,,chebi,31,False,True,,0,
BIOMD0000000015,impd,IMP => XMP,R01130,R01130,1,,chebi,31,False,True,,0,
BIOMD0000000015,inuc,IMP => HX,R01126,R01126,1,,chebi,31,False,True,,0,
BIOMD0000000015,mat,ATP => SAM,R00177,R00177,1,,chebi,31,False,True,,0,
BIOMD0000000015,polyam,SAM => Ade,R00178;R01401;R02869,R00178,3,,chebi,31,False,True,,0,
BIOMD0000000015,prpps,R5P => PRPP,R01049,R01049,1,,chebi,31,False,True,,0,
BIOMD0000000015,pyr,PRPP =>,R01870,R01870,1,,chebi,31,True,False,exchange_ssx,0,
BIOMD0000000015,xd,Xa => UA,R02107,R02107,1,,chebi,31,False,True,,0,
BIOMD0000000017,R11,NADH + AcetoinIn => NAD + Butanediol,R02344;R02946,R02344,2,,chebi,19,False,True,,0,
BIOMD0000000017,R2,NADH + pyruvate => NAD + lactate,R00703;R00704,R00703,2,,chebi,19,False,True,,0,
BIOMD0000000017,R3,NAD + pyruvate + CoA => NADH + AcCoA,R00209,R00209,1,,chebi,19,False,True,,0,
BIOMD0000000017,R4,AcCoA + PO4 => CoA + AcP,R00230,R00230,1,,chebi,19,False,True,,0,
BIOMD0000000017,R5,ADP + AcP => ATP + Ac,R00315,R00315,1,,chebi,19,False,True,,0,
BIOMD0000000017,R6,NADH + AcCoA => NAD + CoA + AcO,R00228,R00228,1,,chebi,19,False,True,,0,
BIOMD0000000017,R7,NADH + AcO => NAD + EtOH,R00754,R00754,1,,chebi,19,False,True,,0,
BIOMD0000000017,R8,2 pyruvate => AcLac,R00006,R00006,1,,chebi,19,False,True,,0,
BIOMD0000000017,R9,AcLac => AcetoinIn,R02947,R02947,1,,chebi,19,False,True,,0,
BIOMD0000000018,ATIC12,FFH2 + AICAR => FH2f,R04560,R04560,1,,chebi,18,False,True,,0,
BIOMD0000000018,ATIC7,CHOFH4 + AICAR => FH4,R04560,R04560,1,,chebi,18,False,True,,0,
BIOMD0000000018,DHFReductase,FH2f => FH4,R00939,R00939,1,,chebi,18,False,True,,0,
BIOMD0000000018,FFH2syn,FH2f => FFH2,R02238,R02238,1,,chebi,18,False,True,,0,
BIOMD0000000018,GARFT,CHOFH4 + GAR => FGAR + FH4,R04325,R04325,1,,chebi,18,False,True,,0,
BIOMD0000000018,HCOOHtoCHOFH4,FH4 + formate + ATP => CHOFH4,R00943,R00943,1,,chebi,18,False,True,,0,
BIOMD0000000018,MTHFD,CH2FH4 + NADP => CHOFH4,R01220;R01655,R01220,2,,chebi,18,False,True,,0,
BIOMD0000000018,MTHFR,CH2FH4 + NADPH => CH3FH4,R01224,R01224,1,,chebi,18,False,True,,0,
BIOMD0000000018,MTR,CH3FH4 + homocysteine => FH4,R00946,R00946,1,,chebi,18,False,True,,0,
BIOMD0000000018,SHMT,FH4 + serine => CH2FH4,R00945,R00945,1,,chebi,18,False,True,,0,
BIOMD0000000018,SHMTr,CH2FH4 => FH4,R00945,R00945,1,,chebi,18,False,True,,0,
BIOMD0000000018,TYMS,CH2FH4 + dUMP => FH2f,R02101,R02101,1,,chebi,18,False,True,,0,
BIOMD0000000023,v3,ATP + Glc <=> HexP + ADP,R00299,R00299,1,,chebi,16,False,True,,0,
BIOMD0000000023,v4,Fru + ATP <=> HexP + ADP,R00760;R03920,R00760,2,,chebi,16,False,True,,0,
BIOMD0000000023,v5,Fru + ATP <=> HexP + ADP,R00760,R00760,1,,chebi,16,False,True,,0,
BIOMD0000000023,v6,2 HexP <=> UDP + Suc6P,R00766,R00766,1,,chebi,16,False,True,,0,
BIOMD0000000023,v7,Suc6P <=> Suc + phos,R00805,R00805,1,,chebi,16,False,True,,0,
BIOMD0000000023,v8,HexP + Fru <=> Suc + UDP,R00806,R00806,1,,chebi,16,False,True,,0,
BIOMD0000000023,v9,Suc <=> Fru + Glc,R00802,R00802,1,,chebi,16,False,True,,0,
BIOMD0000000038,v1,PEP + EI <=> PyrPI,R02628,R02628,1,,chebi,6,False,True,,0,
BIOMD0000000038,v2,PyrPI <=> EIP + Pyr,R02628,R02628,1,,chebi,6,False,True,,0,
BIOMD0000000042,reaction_1,GLC + ATP => F6P + ADP,R00299;R00771,R00299,2,,chebi,14,False,True,,0,
BIOMD0000000042,reaction_2,F6P + ATP => FBP + ADP,R00756,R00756,1,,chebi,14,False,True,,0,
BIOMD0000000042,reaction_3,FBP <=> 2 GAP,R01015;R01070,R01015,2,,chebi,14,False,True,,0,
BIOMD0000000042,reaction_4,GAP + NAD => DPG + NADH,R01061,R01061,1,,chebi,14,False,True,,0,
BIOMD0000000042,reaction_5,DPG + ADP <=> PEP + ATP,R00658;R01512;R01518,R00658,3,,chebi,14,False,True,,0,
BIOMD0000000042,reaction_6,PEP + ADP => PYR + ATP,R00200,R00200,1,,chebi,14,False,True,,0,
BIOMD0000000042,reaction_7,PYR => ACA,R00224,R00224,1,,chebi,14,False,True,,0,
BIOMD0000000042,reaction_8,ACA + NADH <=> EtOH + NAD,R00754,R00754,1,,chebi,14,False,True,,0,
BIOMD0000000042,reaction_9,AMP + ATP <=> 2 ADP,R00127,R00127,1,,chebi,14,False,True,,0,
BIOMD0000000046,v1,NADH + O2 => H2O2 + NAD,R07171,R07171,1,,chebi,13,False,True,,0,
BIOMD0000000046,v7,2 super => H2O2 + O2,R00275,R00275,1,,chebi,13,False,True,,0,
BIOMD0000000051,vALDO,cfdp <=> cdhap + cgap,R01070,R01070,1,,chebi,20,False,True,,0,
BIOMD0000000051,vDAHPS,ce4p + cpep <=>,R01826,R01826,1,,chebi,20,True,False,exchange_ssx,0,
BIOMD0000000051,vENO,cpg2 <=> cpep,R00658,R00658,1,,chebi,20,False,True,,0,
BIOMD0000000051,vG1PAT,cg1p <=>,R00948,R00948,1,,chebi,20,True,False,exchange_ssx,0,
BIOMD0000000051,vG3PDH,cdhap <=>,R00842,R00842,1,,chebi,20,True,False,exchange_ssx,0,
BIOMD0000000051,vG6PDH,cg6p <=> cpg,R00835;R02035,R00835,2,,chebi,20,False,True,,0,
BIOMD0000000051,vGAPDH,cgap <=> cpgp,R01061,R01061,1,,chebi,20,False,True,,0,
BIOMD0000000051,vPDH,cpyr <=>,R00209,R00209,1,,chebi,20,True,False,exchange_ssx,0,
BIOMD0000000051,vPFK,cf6p <=> cfdp,R00756,R00756,1,,chebi,20,False,True,,0,
BIOMD0000000051,vPGDH,cpg <=> cribu5p,R01528,R01528,1,,chebi,20,False,True,,0,
BIOMD0000000051,vPGI,cg6p <=> cf6p,R00771,R00771,1,,chebi,20,False,True,,0,
BIOMD0000000051,vPGK,cpgp <=> cpg3,R01512,R01512,1,,chebi,20,False,True,,0,
BIOMD0000000051,vPGM,cg6p <=> cg1p,R00959,R00959,1,,chebi,20,False,True,,0,
BIOMD0000000051,vPK,cpep <=> cpyr,R00200,R00200,1,,chebi,20,False,True,,0,
BIOMD0000000051,vPPK,crib5p <=>,R01049,R01049,1,,chebi,20,True,False,exchange_ssx,0,
BIOMD0000000051,vR5PI,cribu5p <=> crib5p,R01056,R01056,1,,chebi,20,False,True,,0,
BIOMD0000000051,vRu5P,cribu5p <=> cxyl5p,R01529,R01529,1,,chebi,20,False,True,,0,
BIOMD0000000051,vTA,cgap + csed7p <=> cf6p + ce4p,R01827,R01827,1,,chebi,20,False,True,,0,
BIOMD0000000051,vTIS,cdhap <=> cgap,R01015,R01015,1,,chebi,20,False,True,,0,
BIOMD0000000051,vTKA,crib5p + cxyl5p <=> cgap + csed7p,R01641,R01641,1,,chebi,20,False,True,,0,
BIOMD0000000051,vTKB,ce4p + cxyl5p <=> cgap + cf6p,R01067,R01067,1,,chebi,20,False,True,,0,
BIOMD0000000051,vpepCxylase,cpep <=>,R00345,R00345,1,,chebi,20,True,False,exchange_ssx,0,
BIOMD0000000051,vrpGluMu,cpg3 <=> cpg2,R01518,R01518,1,,chebi,20,False,True,,0,
BIOMD0000000061,vADH,NADH + ACA <=> NAD + EtOH,R00754,R00754,1,,chebi,25,False,True,,0,
BIOMD0000000061,vALD,FBP <=> GAP + DHAP,R01070,R01070,1,,chebi,25,False,True,,0,
BIOMD0000000061,vGAPDH,GAP + NAD <=> NADH + BPG,R01061,R01061,1,,chebi,25,False,True,,0,
BIOMD0000000061,vHK,ATP + Glc <=> G6P + ADP,R00299,R00299,1,,chebi,25,False,True,,0,
BIOMD0000000061,vPDC,Pyr <=> ACA,R00224,R00224,1,,chebi,25,False,True,,0,
BIOMD0000000061,vPFK,F6P + ATP <=> FBP + ADP,R00756,R00756,1,,chebi,25,False,True,,0,
BIOMD0000000061,vPGI,G6P <=> F6P,R00771,R00771,1,,chebi,25,False,True,,0,
BIOMD0000000061,vPK,ADP + PEP <=> Pyr + ATP,R00200,R00200,1,,chebi,25,False,True,,0,
BIOMD0000000061,vTIM,DHAP <=> GAP,R01015,R01015,1,,chebi,25,False,True,,0,
BIOMD0000000061,vlpGlyc,DHAP + NADH <=> Glyc + NAD,R01011;R01034,R01011,2,,chebi,25,False,True,,0,
BIOMD0000000061,vlpPEP,BPG + ADP <=> PEP + ATP,R00658;R01512;R01518,R00658,3,,chebi,25,False,True,,0,
BIOMD0000000063,Vgapd,FDP <=> 2 ATP + 2 PEP,R00658;R01015;R01061;R01070;R01512;R01518,R00658,6,,chebi,10,False,True,,0,
BIOMD0000000063,Vhk,ATP + Glci <=> G6P,R00299,R00299,1,,chebi,10,False,True,,0,
BIOMD0000000063,Vpfk,ATP + G6P <=> FDP,R00756;R00771,R00756,2,,chebi,10,False,True,,0,
BIOMD0000000064,vADH,ACE + NADH <=> NAD + ETOH,R00746,R00746,1,,chebi,31,False,True,,0,
BIOMD0000000064,vALD,F16P <=> 2 TRIO,R01070,R01070,1,,chebi,31,False,True,,0,
BIOMD0000000064,vENO,P2G <=> PEP,R00658,R00658,1,,chebi,31,False,True,,0,
BIOMD0000000064,vGAPDH,TRIO + NAD <=> BPG + NADH,R01061,R01061,1,,chebi,31,False,True,,0,
BIOMD0000000064,vGLK,GLCi + P <=> G6P,R00299,R00299,1,,chebi,31,False,True,,0,
BIOMD0000000064,vPDC,PYR => ACE + CO2,R00224,R00224,1,,chebi,31,False,True,,0,
BIOMD0000000064,vPFK,F6P + P => F16P,R00756,R00756,1,,chebi,31,False,True,,0,
BIOMD0000000064,vPGI,G6P <=> F6P,R00771,R00771,1,,chebi,31,False,True,,0,
BIOMD0000000064,vPGK,BPG <=> P3G + P,R01512,R01512,1,,chebi,31,False,True,,0,
BIOMD0000000064,vPGM,P3G <=> P2G,R01518,R01518,1,,chebi,31,False,True,,0,
BIOMD0000000064,vPYK,PEP <=> PYR + P,R00200,R00200,1,,chebi,31,False,True,,0,
BIOMD0000000066,vak,atp + asp <=> aspp + adp,R00480,R00480,1,,chebi,11,False,True,,0,
BIOMD0000000066,vasd,nadph + aspp <=> nadp + phos + asa,R02291,R02291,1,,chebi,11,False,True,,0,
BIOMD0000000066,vhdh,nadph + asa <=> hs + nadp,R01775,R01775,1,,chebi,11,False,True,,0,
BIOMD0000000066,vhk,hs + atp <=> hsp + adp,R01771,R01771,1,,chebi,11,False,True,,0,
BIOMD0000000066,vtsy,hsp <=> thr + phos,R01466,R01466,1,,chebi,11,False,True,,0,
BIOMD0000000067,V_Acs,OAc => AcCoA,R00235,R00235,1,,chebi,5,False,True,,0,
BIOMD0000000067,V_Pta,AcCoA => AcP,R00230,R00230,1,,chebi,5,False,True,,0,
BIOMD0000000068,v1,Hser <=> Phser,R01775,R01775,1,,chebi,7,False,True,,0,
BIOMD0000000068,vThr,Phser <=> Thr + Phi,R01466,R01466,1,,chebi,7,False,True,,0,
BIOMD0000000070,vAK,MgATP + AMPf <=> ADPf + MgADP,R00127,R00127,1,,chebi,60,False,True,,0,
BIOMD0000000070,vALD,Fru16P2 <=> GraP + DHAP,R01070,R01070,1,,chebi,60,False,True,,0,
BIOMD0000000070,vATPase,MgATP <=> Phi + MgADP,R00086,R00086,1,,chebi,60,False,True,,0,
BIOMD0000000070,vBPGM,Gri13P2 <=> Gri23P2f,R01662,R01662,1,,chebi,60,False,True,,0,
BIOMD0000000070,vBPGP,Gri23P2f <=> Gri3P + Phi,R01516,R01516,1,,chebi,60,False,True,,0,
BIOMD0000000070,vENO,Gri2P <=> PEP,R00658,R00658,1,,chebi,60,False,True,,0,
BIOMD0000000070,vG6PDH,Glc6P + NADPf <=> GlcA6P + NADPHf,R00835,R00835,1,,chebi,60,False,True,,0,
BIOMD0000000070,vGAPDH,GraP + Phi + NAD <=> NADH + Gri13P2,R01061,R01061,1,,chebi,60,False,True,,0,
BIOMD0000000070,vGPI,Glc6P <=> Fru6P,R00771,R00771,1,,chebi,60,False,True,,0,
BIOMD0000000070,vGSSGRD,GSSG + NADPHf <=> 2 GSH + NADPf,R00094,R00094,1,,chebi,60,False,True,,0,
BIOMD0000000070,vHEX,Glcin + MgATP <=> Glc6P + MgADP,R00299,R00299,1,,chebi,60,False,True,,0,
BIOMD0000000070,vLDHNADH,NADH + Pyr <=> Lac + NAD,R00703,R00703,1,,chebi,60,False,True,,0,
BIOMD0000000070,vPFK,MgATP + Fru6P <=> Fru16P2 + MgADP,R00756,R00756,1,,chebi,60,False,True,,0,
BIOMD0000000070,vPGK,MgADP + Gri13P2 <=> MgATP + Gri3P,R01512,R01512,1,,chebi,60,False,True,,0,
BIOMD0000000070,vPGLDH,GlcA6P + NADPf <=> Rul5P + NADPHf,R01528;R02035,R01528,2,,chebi,60,False,True,,0,
BIOMD0000000070,vPGM,Gri3P <=> Gri2P,R01518,R01518,1,,chebi,60,False,True,,0,
BIOMD0000000070,vPK,PEP + MgADP <=> MgATP + Pyr,R00200,R00200,1,,chebi,60,False,True,,0,
BIOMD0000000070,vPPRPPS,MgATP + Rib5P <=> MgAMP + PRPP,R01049,R01049,1,,chebi,60,False,True,,0,
BIOMD0000000070,vRibPepi,Rul5P <=> Xul5P,R01529,R01529,1,,chebi,60,False,True,,0,
BIOMD0000000070,vRibPiso,Rul5P <=> Rib5P,R01056,R01056,1,,chebi,60,False,True,,0,
BIOMD0000000070,vTPI,DHAP <=> GraP,R01015,R01015,1,,chebi,60,False,True,,0,
BIOMD0000000070,vTrAld,GraP + Sed7P <=> E4P + Fru6P,R01827,R01827,1,,chebi,60,False,True,,0,
BIOMD0000000070,vTrKet1,Xul5P + Rib5P <=> GraP + Sed7P,R01641,R01641,1,,chebi,60,False,True,,0,
BIOMD0000000070,vTrKet2,Xul5P + E4P <=> GraP + Fru6P,R01830,R01830,1,,chebi,60,False,True,,0,
BIOMD0000000071,vALD,Fru16BP <=> GAP + DHAP,R01070,R01070,1,,chebi,29,False,True,,0,
BIOMD0000000071,vGAPdh,GAP + NAD <=> NADH + BPGA13,R01061,R01061,1,,chebi,29,False,True,,0,
BIOMD0000000071,vGDH,DHAP + NADH <=> NAD + Gly3P,R00841,R00841,1,,chebi,29,False,True,,0,
BIOMD0000000071,vGPO,Gly3P => DHAP,R00846,R00846,1,,chebi,29,False,True,,0,
BIOMD0000000071,vGlyK,Gly3P <=> Pg + Gly,R00847,R00847,1,,chebi,29,False,True,,0,
BIOMD0000000071,vHK,Pg + GlcI => Glc6P,R00299,R00299,1,,chebi,29,False,True,,0,
BIOMD0000000071,vPFK,Pg + Fru6P => Fru16BP,R00756,R00756,1,,chebi,29,False,True,,0,
BIOMD0000000071,vPGI,Glc6P <=> Fru6P,R00771,R00771,1,,chebi,29,False,True,,0,
BIOMD0000000071,vPK,Nb => Pc + Pyr,R00200,R00200,1,,chebi,29,False,True,,0,
BIOMD0000000071,vTPI,DHAP <=> GAP,R01015,R01015,1,,chebi,29,False,True,,0,
BIOMD0000000076,Gpd_p,DHAP <=> G3P,R00842,R00842,1,,chebi,3,False,True,,0,
BIOMD0000000076,Gpp_p,G3P <=> Gly,R00841,R00841,1,,chebi,3,False,True,,0,
BIOMD0000000081,IP3Phosphatase,0 ip3_C <=>,R03394,R03394,1,,chebi,29,True,False,exchange_ssx,0,
BIOMD0000000081,PI4Kinase,0.0009967 ATP_C + PI_M <=> PIP_M,R03361,R03361,1,,chebi,29,False,True,,0,
BIOMD0000000081,PIP2_5Pase,PIP2_M <=> PIP_M,R04404,R04404,1,,chebi,29,False,True,,0,
BIOMD0000000081,PIP5kinase,0.0009967 ATP_C + PIP_M <=> PIP2_M,R03469,R03469,1,,chebi,29,False,True,,0,
BIOMD0000000081,PLC,PIP2_M <=> 0.0009967 ip3_C,R03435,R03435,1,,chebi,29,False,True,,0,
BIOMD0000000088,re137,s467 => s359 + s570,R03151,R03151,1,,chebi,54,False,True,,0,
BIOMD0000000088,re138,s470 => s359 + s351,R03151,R03151,1,,chebi,54,False,True,,0,
BIOMD0000000088,re139,s477 => s358 + s570,R03151,R03151,1,,chebi,54,False,True,,0,
BIOMD0000000088,re140,s480 => s358 + s351,R03151,R03151,1,,chebi,54,False,True,,0,
BIOMD0000000088,re156,s487 => s359 + s289,R03150,R03150,1,,chebi,54,False,True,,0,
BIOMD0000000088,re157,s491 => s360 + s289,R03150,R03150,1,,chebi,54,False,True,,0,
BIOMD0000000088,re158,s358 + s292 <=> s551,R03150,R03150,1,,chebi,54,False,True,,0,
BIOMD0000000088,re159,s358 + s293 <=> s539,R03150,R03150,1,,chebi,54,False,True,,0,
BIOMD0000000088,re160,s358 + s294 <=> s520,R03150,R03150,1,,chebi,54,False,True,,0,
BIOMD0000000088,re161,s358 + s295 <=> s513,R03150,R03150,1,,chebi,54,False,True,,0,
BIOMD0000000088,re162,s359 + s292 <=> s546,R03150,R03150,1,,chebi,54,False,True,,0,
BIOMD0000000088,re163,s359 + s293 <=> s526,R03150,R03150,1,,chebi,54,False,True,,0,
BIOMD0000000088,re164,s359 + s294 <=> s512,R03150,R03150,1,,chebi,54,False,True,,0,
BIOMD0000000088,re165,s359 + s295 <=> s506,R03150,R03150,1,,chebi,54,False,True,,0,
BIOMD0000000088,re166,s506 => s360 + s295,R03150,R03150,1,,chebi,54,False,True,,0,
BIOMD0000000088,re167,s513 => s359 + s295,R03150,R03150,1,,chebi,54,False,True,,0,
BIOMD0000000088,re168,s512 => s360 + s294,R03150,R03150,1,,chebi,54,False,True,,0,
BIOMD0000000088,re169,s520 => s359 + s294,R03150,R03150,1,,chebi,54,False,True,,0,
BIOMD0000000088,re170,s526 => s360 + s293,R03150,R03150,1,,chebi,54,False,True,,0,
BIOMD0000000088,re171,s539 => s359 + s293,R03150,R03150,1,,chebi,54,False,True,,0,
BIOMD0000000088,re172,s546 => s360 + s292,R03150,R03150,1,,chebi,54,False,True,,0,
BIOMD0000000088,re173,s551 => s359 + s292,R03150,R03150,1,,chebi,54,False,True,,0,
BIOMD0000000088,re55,s569 + s151 <=> s568,R03435,R03435,1,,chebi,54,False,True,,0,
BIOMD0000000088,re56,s564 + s151 <=> s567,R03435,R03435,1,,chebi,54,False,True,,0,
BIOMD0000000088,re57,s568 => s152 + s153 + s569,R03435,R03435,1,,chebi,54,False,True,,0,
BIOMD0000000088,re58,s567 => s153 + s152 + s564,R03435,R03435,1,,chebi,54,False,True,,0,
BIOMD0000000093,v10,IFNRJ2_star_SHP2 => SHP2 + IFNRJ2,R02585,R02585,1,,chebi,2,False,True,,0,
BIOMD0000000093,v4,IFNRJ2 => IFNRJ2_star,R02584,R02584,1,,chebi,2,False,True,,0,
BIOMD0000000094,v10,IFNRJ2_star_SHP2 => SHP2 + IFNRJ2,R02585,R02585,1,,chebi,2,False,True,,0,
BIOMD0000000094,v4,IFNRJ2 => IFNRJ2_star,R02584,R02584,1,,chebi,2,False,True,,0,
BIOMD0000000108,reaction_1,species_0000001 => species_0000006 + species_0000002,R05743,R05743,1,,chebi,5,False,True,,0,
BIOMD0000000122,R1,NFAT_Pi_Nuc + Act_C_Nuc <=> Act_C_Nuc + NFAT_Nuc,R00164,R00164,1,,chebi,2,False,True,,0,
BIOMD0000000123,R1,NFAT_Pi_Nuc + Act_C_Nuc <=> Act_C_Nuc + NFAT_Nuc,R00164,R00164,1,,chebi,2,False,True,,0,
BIOMD0000000137,R14,x14 <=> x13,R04545,R04545,1,,chebi,3,False,True,,0,
BIOMD0000000143,R5,2 O2minus_p + 2 H_p => O2_p + H2O2_p,R00275,R00275,1,,chebi,16,False,True,,0,
BIOMD0000000143,R7,O2_c + NADPH_c => H2O2_c + NADPplus_c,R07172,R07172,1,,chebi,16,False,True,,0,
BIOMD0000000143,R9,2 O2minus_c + 2 H_c => O2_c + H2O2_c,R00275,R00275,1,,chebi,16,False,True,,0,
BIOMD0000000171,P1_pho,P1 => P2,R00162,R00162,1,,chebi,2,False,True,,0,
BIOMD0000000171,P_pho,P0 => P1,R00162,R00162,1,,chebi,2,False,True,,0,
BIOMD0000000171,T1_pho,T1 => T2,R00162,R00162,1,,chebi,2,False,True,,0,
BIOMD0000000171,T_pho,T0 => T1,R00162,R00162,1,,chebi,2,False,True,,0,
BIOMD0000000172,ADH,NAD + EtOH <=> NADH + AcAld,R00754,R00754,1,,chebi,25,False,True,,0,
BIOMD0000000172,AK,2 ADP <=> ATP + AMP,R00127,R00127,1,,chebi,25,False,True,,0,
BIOMD0000000172,ALD,F16bP <=> DHAP + GAP,R01068,R01068,1,,chebi,25,False,True,,0,
BIOMD0000000172,ENO,P2G <=> PEP,R00658,R00658,1,,chebi,25,False,True,,0,
BIOMD0000000172,G3PDH,DHAP + NADH => NAD + Glycerol,R00842;R07298,R00842,2,,chebi,25,False,True,,0,
BIOMD0000000172,GAPDH,GAP + NAD <=> BPG + NADH,R01061,R01061,1,,chebi,25,False,True,,0,
BIOMD0000000172,HK,GLCi + ATP <=> G6P + ADP,R02848,R02848,1,,chebi,25,False,True,,0,
BIOMD0000000172,PDC,PYR => AcAld + CO2,R00636,R00636,1,,chebi,25,False,True,,0,
BIOMD0000000172,PFK,ATP + F6P => ADP + F16bP,R00756,R00756,1,,chebi,25,False,True,,0,
BIOMD0000000172,PGI,G6P <=> F6P,R00771,R00771,1,,chebi,25,False,True,,0,
BIOMD0000000172,PGK,ADP + BPG <=> ATP + P3G,R01512,R01512,1,,chebi,25,False,True,,0,
BIOMD0000000172,PGM,P3G <=> P2G,R01518,R01518,1,,chebi,25,False,True,,0,
BIOMD0000000172,PYK,ADP + PEP <=> ATP + PYR,R00200,R00200,1,,chebi,25,False,True,,0,
BIOMD0000000172,TPI,DHAP <=> GAP,R01015,R01015,1,,chebi,25,False,True,,0,
BIOMD0000000176,ADH,NAD + EtOH <=> NADH + AcAld,R00754,R00754,1,,chebi,25,False,True,,0,
BIOMD0000000176,AK,2 ADP <=> ATP + AMP,R00127,R00127,1,,chebi,25,False,True,,0,
BIOMD0000000176,ENO,P2G <=> PEP,R00658,R00658,1,,chebi,25,False,True,,0,
BIOMD0000000176,FBA,F16bP <=> DHAP + GAP,R01068,R01068,1,,chebi,25,False,True,,0,
BIOMD0000000176,G3PDH,DHAP + NADH <=> NAD + Glycerol,R00842;R07298,R00842,2,,chebi,25,False,True,,0,
BIOMD0000000176,GPM,P3G <=> P2G,R01518,R01518,1,,chebi,25,False,True,,0,
BIOMD0000000176,HXK,GLCi + ATP <=> G6P + ADP,R02848,R02848,1,,chebi,25,False,True,,0,
BIOMD0000000176,PDC,PYR => AcAld + CO2,R00636,R00636,1,,chebi,25,False,True,,0,
BIOMD0000000176,PFK,ATP + F6P => ADP + F16bP,R00756,R00756,1,,chebi,25,False,True,,0,
BIOMD0000000176,PGI,G6P <=> F6P,R00771,R00771,1,,chebi,25,False,True,,0,
BIOMD0000000176,PGK,ADP + BPG <=> ATP + P3G,R01512,R01512,1,,chebi,25,False,True,,0,
BIOMD0000000176,PYK,ADP + PEP <=> ATP + PYR,R00200,R00200,1,,chebi,25,False,True,,0,
BIOMD0000000176,TDH,GAP + NAD <=> BPG + NADH,R01061,R01061,1,,chebi,25,False,True,,0,
BIOMD0000000176,TPI,DHAP <=> GAP,R01015,R01015,1,,chebi,25,False,True,,0,
BIOMD0000000177,ADH,NAD + EtOH <=> NADH + AcAld,R00754,R00754,1,,chebi,27,False,True,,0,
BIOMD0000000177,AK,2 ADP <=> ATP + AMP,R00127,R00127,1,,chebi,27,False,True,,0,
BIOMD0000000177,ENO,P2G <=> PEP,R00658,R00658,1,,chebi,27,False,True,,0,
BIOMD0000000177,FBA,F16bP <=> DHAP + GAP,R01068,R01068,1,,chebi,27,False,True,,0,
BIOMD0000000177,G3PDH,DHAP + NADH <=> NAD + Glycerol,R00842;R07298,R00842,2,,chebi,27,False,True,,0,
BIOMD0000000177,HXK,GLCi + ATP <=> G6P + ADP,R02848,R02848,1,,chebi,27,False,True,,0,
BIOMD0000000177,PDC,PYR => AcAld + CO2,R00636,R00636,1,,chebi,27,False,True,,0,
BIOMD0000000177,PDH,PYRmito => AcCoA + CO2mito,R00209,R00209,1,,chebi,27,False,True,,0,
BIOMD0000000177,PFK,ATP + F6P => ADP + F16bP,R00756,R00756,1,,chebi,27,False,True,,0,
BIOMD0000000177,PGI,G6P <=> F6P,R00771,R00771,1,,chebi,27,False,True,,0,
BIOMD0000000177,PGK,ADP + BPG <=> ATP + P3G,R01512,R01512,1,,chebi,27,False,True,,0,
BIOMD0000000177,PGM,P3G <=> P2G,R01518,R01518,1,,chebi,27,False,True,,0,
BIOMD0000000177,PYK,ADP + PEP <=> ATP + PYR,R00200,R00200,1,,chebi,27,False,True,,0,
BIOMD0000000177,TDH,GAP + NAD <=> BPG + NADH,R01061,R01061,1,,chebi,27,False,True,,0,
BIOMD0000000177,TPI,DHAP <=> GAP,R01015,R01015,1,,chebi,27,False,True,,0,
BIOMD0000000190,MAT,Met => SAM,R00177,R00177,1,,chebi,11,False,True,,0,
BIOMD0000000190,ODC,ORN => P,R00670,R00670,1,,chebi,11,False,True,,0,
BIOMD0000000190,PAO_for_aD,aD => P,R03899,R03899,1,,chebi,11,False,True,,0,
BIOMD0000000190,PAO_for_aS,aS => D,R03899,R03899,1,,chebi,11,False,True,,0,
BIOMD0000000190,SAMdc,SAM => A,R00178,R00178,1,,chebi,11,False,True,,0,
BIOMD0000000190,SSAT_for_D,D + AcCoA => aD + CoA,R03910,R03910,1,,chebi,11,False,True,,0,
BIOMD0000000190,SSAT_for_S,S + AcCoA => aS + CoA,R03910,R03910,1,,chebi,11,False,True,,0,
BIOMD0000000190,SpdS,A + P => D,R01920,R01920,1,,chebi,11,False,True,,0,
BIOMD0000000190,SpmS,A + D => S,R02869,R02869,1,,chebi,11,False,True,,0,
BIOMD0000000191,Arginase,ARGin => ORN,R00551,R00551,1,,chebi,3,False,True,,0,
BIOMD0000000191,NOS,ARGin =>,R00557,R00557,1,,chebi,3,True,False,exchange_ssx,0,
BIOMD0000000191,ODC,ORN =>,R00670,R00670,1,,chebi,3,True,False,exchange_ssx,0,
BIOMD0000000206,v1,s1 + 2 at <=> s2,R00299;R00756,R00299,2,,chebi,11,False,True,,0,
BIOMD0000000206,v2,s2 <=> 2 s3,R01070,R01070,1,,chebi,11,False,True,,0,
BIOMD0000000206,v4,s4 <=> s5 + at,R00200;R00658,R00200,2,,chebi,11,False,True,,0,
BIOMD0000000206,v5,s5 <=> s6,R00224,R00224,1,,chebi,11,False,True,,0,
BIOMD0000000206,v6,s6 <=> na,R00754,R00754,1,,chebi,11,False,True,,0,
BIOMD0000000206,v8,s3 <=> na,R05679,R05679,1,,chebi,11,False,True,,0,
BIOMD0000000211,vAKc,species_3 + species_6 <=> 2 species_2,R00127,R00127,1,,chebi,28,False,True,,0,
BIOMD0000000211,vAKg,species_11 + species_13 <=> 2 species_12,R00127,R00127,1,,chebi,28,False,True,,0,
BIOMD0000000211,vALD,species_16 <=> species_17 + species_18,R01070,R01070,1,,chebi,28,False,True,,0,
BIOMD0000000211,vENO,species_5 <=> species_4,R00658,R00658,1,,chebi,28,False,True,,0,
BIOMD0000000211,vGAPDH,species_18 + species_19 <=> species_21 + species_20,R01061,R01061,1,,chebi,28,False,True,,0,
BIOMD0000000211,vGK,species_22 + species_12 <=> species_24 + species_11,R00847,R00847,1,,chebi,28,False,True,,0,
BIOMD0000000211,vGPDH,species_17 + species_20 <=> species_19 + species_22,R00841,R00841,1,,chebi,28,False,True,,0,
BIOMD0000000211,vGPO,species_9 => species_8,R00846,R00846,1,,chebi,28,False,True,,0,
BIOMD0000000211,vHK,species_10 + species_11 <=> species_14 + species_12,R00299,R00299,1,,chebi,28,False,True,,0,
BIOMD0000000211,vPFK,species_15 + species_11 <=> species_16 + species_12,R00756,R00756,1,,chebi,28,False,True,,0,
BIOMD0000000211,vPGI,species_14 <=> species_15,R00771,R00771,1,,chebi,28,False,True,,0,
BIOMD0000000211,vPGK,species_21 + species_12 <=> species_23 + species_11,R01512,R01512,1,,chebi,28,False,True,,0,
BIOMD0000000211,vPGM,species_7 <=> species_5,R01518,R01518,1,,chebi,28,False,True,,0,
BIOMD0000000211,vPK,species_4 + species_2 <=> species_1 + species_3,R00200,R00200,1,,chebi,28,False,True,,0,
BIOMD0000000211,vTPI,species_17 <=> species_18,R01015,R01015,1,,chebi,28,False,True,,0,
BIOMD0000000212,Vak1,Asp <=> AspP,R00480,R00480,1,,chebi,18,False,True,,0,
BIOMD0000000212,Vak2,Asp <=> AspP,R00480,R00480,1,,chebi,18,False,True,,0,
BIOMD0000000212,VakI,Asp <=> AspP,R00480,R00480,1,,chebi,18,False,True,,0,
BIOMD0000000212,VakII,Asp <=> AspP,R00480,R00480,1,,chebi,18,False,True,,0,
BIOMD0000000212,Vasadh,AspP <=> ASA,R02291,R02291,1,,chebi,18,False,True,,0,
BIOMD0000000212,Vcgs,PHser => Cysta,R03260,R03260,1,,chebi,18,False,True,,0,
BIOMD0000000212,Vhsdh1,ASA <=> Hser,R01775,R01775,1,,chebi,18,False,True,,0,
BIOMD0000000212,Vhsdh2,ASA <=> Hser,R01775,R01775,1,,chebi,18,False,True,,0,
BIOMD0000000212,Vhsk,Hser => PHser,R01771,R01771,1,,chebi,18,False,True,,0,
BIOMD0000000212,VileTRNA,Ile => IleTRNA,R03656,R03656,1,,chebi,18,False,True,,0,
BIOMD0000000212,VlysKR,Lys => Sacc,R00716,R00716,1,,chebi,18,False,True,,0,
BIOMD0000000212,VlysTRNA,Lys => LysTRNA,R03658,R03658,1,,chebi,18,False,True,,0,
BIOMD0000000212,Vtha,Thr => Gly,R00751,R00751,1,,chebi,18,False,True,,0,
BIOMD0000000212,VthrTRNA,Thr => ThrTRNA,R03663,R03663,1,,chebi,18,False,True,,0,
BIOMD0000000212,Vts1,PHser => Thr,R01466,R01466,1,,chebi,18,False,True,,0,
BIOMD0000000213,V_AICART,_10fTHF => THF,R04560,R04560,1,,chebi,15,False,True,,0,
BIOMD0000000213,V_DHFR,DHF => THF,R00939,R00939,1,,chebi,15,False,True,,0,
BIOMD0000000213,V_FTD,_10fTHF => THF,R00941,R00941,1,,chebi,15,False,True,,0,
BIOMD0000000213,V_FTS,THF => _10fTHF,R00943,R00943,1,,chebi,15,False,True,,0,
BIOMD0000000213,V_MS,_5mTHF => THF,R00946,R00946,1,,chebi,15,False,True,,0,
BIOMD0000000213,V_MTCH,_5_10_CHTHF => _10fTHF,R01655,R01655,1,,chebi,15,False,True,,0,
BIOMD0000000213,V_MTD,_5_10_CH2THF => _5_10_CHTHF,R01220,R01220,1,,chebi,15,False,True,,0,
BIOMD0000000213,V_MTHFR,_5_10_CH2THF => _5mTHF,R01224,R01224,1,,chebi,15,False,True,,0,
BIOMD0000000213,V_PGT,_10fTHF => THF,R04325,R04325,1,,chebi,15,False,True,,0,
BIOMD0000000213,V_SHMT,THF => _5_10_CH2THF,R00945,R00945,1,,chebi,15,False,True,,0,
BIOMD0000000213,V_TS,_5_10_CH2THF => DHF,R02101,R02101,1,,chebi,15,False,True,,0,
BIOMD0000000218,ACN,cit <=> icit,R01324,R01324,1,,chebi,12,False,True,,0,
BIOMD0000000218,CS,aca + oaa <=> coa + cit,R00351,R00351,1,,chebi,12,False,True,,0,
BIOMD0000000218,FUM,fa <=> mal,R01082,R01082,1,,chebi,12,False,True,,0,
BIOMD0000000218,ICD1,icit <=> akg,R00709,R00709,1,,chebi,12,False,True,,0,
BIOMD0000000218,ICD2,icit <=> akg,R00709,R00709,1,,chebi,12,False,True,,0,
BIOMD0000000218,ICL1,icit <=> suc + gly,R00479,R00479,1,,chebi,12,False,True,,0,
BIOMD0000000218,ICL2,icit <=> suc + gly,R00479,R00479,1,,chebi,12,False,True,,0,
BIOMD0000000218,KGD,akg <=> ssa,R00272,R00272,1,,chebi,12,False,True,,0,
BIOMD0000000218,MDH,mal <=> oaa,R00342,R00342,1,,chebi,12,False,True,,0,
BIOMD0000000218,MS,gly + aca <=> mal + coa,R00472,R00472,1,,chebi,12,False,True,,0,
BIOMD0000000218,SDH,suc <=> fa,R00402,R00402,1,,chebi,12,False,True,,0,
BIOMD0000000218,SSADH,ssa <=> suc,R00713,R00713,1,,chebi,12,False,True,,0,
BIOMD0000000218,ScAS,sca <=> suc,R00407,R00407,1,,chebi,12,False,True,,0,
BIOMD0000000219,ACN,cit <=> icit,R01324,R01324,1,,chebi,12,False,True,,0,
BIOMD0000000219,CS,aca + oaa <=> coa + cit,R00351,R00351,1,,chebi,12,False,True,,0,
BIOMD0000000219,FUM,fa <=> mal,R01082,R01082,1,,chebi,12,False,True,,0,
BIOMD0000000219,ICD1,icit <=> akg,R00709,R00709,1,,chebi,12,False,True,,0,
BIOMD0000000219,ICD2,icit <=> akg,R00709,R00709,1,,chebi,12,False,True,,0,
BIOMD0000000219,ICL1,icit <=> suc + gly,R00479,R00479,1,,chebi,12,False,True,,0,
BIOMD0000000219,ICL2,icit <=> suc + gly,R00479,R00479,1,,chebi,12,False,True,,0,
BIOMD0000000219,KDH,akg <=> sca,R08549,R08549,1,,chebi,12,False,True,,0,
BIOMD0000000219,KGD,akg <=> ssa,R00272,R00272,1,,chebi,12,False,True,,0,
BIOMD0000000219,MDH,mal <=> oaa,R00342,R00342,1,,chebi,12,False,True,,0,
BIOMD0000000219,MS,gly + aca <=> mal + coa,R00472,R00472,1,,chebi,12,False,True,,0,
BIOMD0000000219,SDH,suc <=> fa,R00402,R00402,1,,chebi,12,False,True,,0,
BIOMD0000000219,SSADH,ssa <=> suc,R00714,R00714,1,,chebi,12,False,True,,0,
BIOMD0000000219,ScAS,sca <=> suc,R00407,R00407,1,,chebi,12,False,True,,0,
BIOMD0000000221,ACN,cit <=> icit,R01324,R01324,1,,chebi,11,False,True,,0,
BIOMD0000000221,CS,aca + oaa <=> coa + cit,R00351,R00351,1,,chebi,11,False,True,,0,
BIOMD0000000221,FUM,fa <=> mal,R01082,R01082,1,,chebi,11,False,True,,0,
BIOMD0000000221,ICD,icit <=> akg,R00709,R00709,1,,chebi,11,False,True,,0,
BIOMD0000000221,ICL,icit <=> suc + gly,R00479,R00479,1,,chebi,11,False,True,,0,
BIOMD0000000221,KDH,akg <=> sca,R08549,R08549,1,,chebi,11,False,True,,0,
BIOMD0000000221,MDH,mal <=> oaa,R00342,R00342,1,,chebi,11,False,True,,0,
BIOMD0000000221,MS,gly + aca <=> mal + coa,R00472,R00472,1,,chebi,11,False,True,,0,
BIOMD0000000221,SDH,suc <=> fa,R00402,R00402,1,,chebi,11,False,True,,0,
BIOMD0000000221,ScAS,sca <=> suc,R00407,R00407,1,,chebi,11,False,True,,0,
BIOMD0000000222,ACN,cit <=> icit,R01324,R01324,1,,chebi,11,False,True,,0,
BIOMD0000000222,CS,aca + oaa <=> coa + cit,R00351,R00351,1,,chebi,11,False,True,,0,
BIOMD0000000222,FUM,fa <=> mal,R01082,R01082,1,,chebi,11,False,True,,0,
BIOMD0000000222,ICD,icit <=> akg,R00709,R00709,1,,chebi,11,False,True,,0,
BIOMD0000000222,ICL,icit <=> suc + gly,R00479,R00479,1,,chebi,11,False,True,,0,
BIOMD0000000222,KDH,akg <=> sca,R08549,R08549,1,,chebi,11,False,True,,0,
BIOMD0000000222,MDH,mal <=> oaa,R00342,R00342,1,,chebi,11,False,True,,0,
BIOMD0000000222,MS,gly + aca <=> mal + coa,R00472,R00472,1,,chebi,11,False,True,,0,
BIOMD0000000222,SDH,suc <=> fa,R00402,R00402,1,,chebi,11,False,True,,0,
BIOMD0000000222,ScAS,sca <=> suc,R00407,R00407,1,,chebi,11,False,True,,0,
BIOMD0000000225,vfba,FBP => G3P,R01068,R01068,1,,chebi,6,False,True,,0,
BIOMD0000000225,vgk,GLC => G6P_F6P,R00725;R00771,R00725,2,,chebi,6,False,True,,0,
BIOMD0000000225,vpfk,G6P_F6P => FBP,R00756,R00756,1,,chebi,6,False,True,,0,
BIOMD0000000231,v1,ATP <=> AMP,R00086,R00086,1,,chebi,4,False,True,,0,
BIOMD0000000231,v2,ATP + AMP <=> 2 ADP,R00127,R00127,1,,chebi,4,False,True,,0,
BIOMD0000000231,v3,ADP <=> ATP + Pyr,R00200,R00200,1,,chebi,4,False,True,,0,
BIOMD0000000231,v4,Pyr + NADH <=> Lac,R00703,R00703,1,,chebi,4,False,True,,0,
BIOMD0000000232,v2,Pyr + NAD => AcCoA + NADH,R00209,R00209,1,,chebi,14,False,True,,0,
BIOMD0000000232,v3,OAA + AcCoA => Cit,R00351,R00351,1,,chebi,14,False,True,,0,
BIOMD0000000232,v4,Cit + NAD => KG + NADH,R00709,R00709,1,,chebi,14,False,True,,0,
BIOMD0000000232,v5,KG + ADP + 2 NAD => OAA + ATP + 2 NADH,R00355,R00355,1,,chebi,14,False,True,,0,
BIOMD0000000232,v6,OAA <=> KG,R00355,R00355,1,,chebi,14,False,True,,0,
BIOMD0000000232,v7,Pyr + ATP => OAA + ADP,R00344,R00344,1,,chebi,14,False,True,,0,
BIOMD0000000232,vANT,ATP => ADP,R00086,R00086,1,,chebi,14,False,True,,0,
BIOMD0000000232,vATP,ADP + iP + 3 He <=> ATP + H2O + 3 H,R05227,R05227,1,,chebi,14,False,True,,0,
BIOMD0000000232,vresp,NADH + 0.5 O2 + 11 H => NAD + H2O + 10 He,R07171,R07171,1,,chebi,14,False,True,,0,
BIOMD0000000236,vfba,FBP <=> 2 DHAP_G3P,R01068,R01068,1,,chebi,10,False,True,,0,
BIOMD0000000236,vgapdh,DHAP_G3P =>,R01061,R01061,1,,chebi,10,True,False,exchange_ssx,0,
BIOMD0000000236,vgk,GLC <=> G6P_F6P,R00725;R00771,R00725,2,,chebi,10,False,True,,0,
BIOMD0000000236,vpfk,G6P_F6P <=> FBP,R00756,R00756,1,,chebi,10,False,True,,0,
BIOMD0000000244,e_AceA,ICT => AKG + GLX,R00267;R00479,R00267,2,,chebi,17,False,True,,0,
BIOMD0000000244,e_AceB,ACoA + GLX => MAL,R00472,R00472,1,,chebi,17,False,True,,0,
BIOMD0000000244,e_Acoa2act,ACoA =>,R00227,R00227,1,,chebi,17,True,False,exchange_ssx,0,
BIOMD0000000245,r3,s_pyr => 0.5 s_acetald + 0.33 CO2,R00209,R00209,1,,chebi,8,False,True,,0,
BIOMD0000000245,r4,s_acetald => 1.363 s_acetate + 0.363 Red,R00710,R00710,1,,chebi,8,False,True,,0,
BIOMD0000000245,r6,s_acetald + 0.363 Red <=> 1.045 s_EtOH,R00754,R00754,1,,chebi,8,False,True,,0,
BIOMD0000000247,v6PGL,D6PGluconoLactone => D6PGluconate,R02035,R02035,1,,chebi,31,False,True,,0,
BIOMD0000000247,vADH,ACE + NADH <=> ETOH + NAD,R00746,R00746,1,,chebi,31,False,True,,0,
BIOMD0000000247,vALD,F16P <=> DHAP + GA3P,R01070,R01070,1,,chebi,31,False,True,,0,
BIOMD0000000247,vENO,P2G <=> PEP,R00658,R00658,1,,chebi,31,False,True,,0,
BIOMD0000000247,vG6PDH,G6P + NADP => D6PGluconoLactone + NADPH,R00835,R00835,1,,chebi,31,False,True,,0,
BIOMD0000000247,vGAPDH,GA3P + NAD <=> BPG + NADH,R01061,R01061,1,,chebi,31,False,True,,0,
BIOMD0000000247,vGLK,GLCi + P <=> G6P,R00299,R00299,1,,chebi,31,False,True,,0,
BIOMD0000000247,vGluDH,D6PGluconate + NADP => Ribulose5P + NADPH,R01528,R01528,1,,chebi,31,False,True,,0,
BIOMD0000000247,vPDC,PYR <=> ACE + CO2,R00224,R00224,1,,chebi,31,False,True,,0,
BIOMD0000000247,vPFK,F6P + P <=> F16P,R00756,R00756,1,,chebi,31,False,True,,0,
BIOMD0000000247,vPGI,G6P <=> F6P,R00771,R00771,1,,chebi,31,False,True,,0,
BIOMD0000000247,vPGK,BPG <=> P3G + P,R01512,R01512,1,,chebi,31,False,True,,0,
BIOMD0000000247,vPGM,P3G <=> P2G,R01518,R01518,1,,chebi,31,False,True,,0,
BIOMD0000000247,vPPI,Ribulose5P <=> Ribose5P,R01056,R01056,1,,chebi,31,False,True,,0,
BIOMD0000000247,vPYK,PEP <=> PYR + P,R00200,R00200,1,,chebi,31,False,True,,0,
BIOMD0000000247,vTPI,GA3P <=> DHAP,R01015,R01015,1,,chebi,31,False,True,,0,
BIOMD0000000247,vTransald,Seduhept7P + GA3P <=> F6P + Erythrose4P,R01827,R01827,1,,chebi,31,False,True,,0,
BIOMD0000000247,vTransk1,Ribose5P + Xyl5P <=> GA3P + Seduhept7P,R01641,R01641,1,,chebi,31,False,True,,0,
BIOMD0000000247,vTransk2,Xyl5P + Erythrose4P <=> GA3P + F6P,R01830,R01830,1,,chebi,31,False,True,,0,
BIOMD0000000248,CreatineKinase,ADP + PCr <=> ATP + Cr,R01881,R01881,1,,chebi,11,False,True,,0,
BIOMD0000000253,HK,Glc + ATP => HMP,R02848,R02848,1,,chebi,7,False,True,,0,
BIOMD0000000253,PFK,HMP + ATP => Fru16P2,R00756,R00756,1,,chebi,7,False,True,,0,
BIOMD0000000253,lower,Fru16P2 + 4 ADP => 4 ATP,R00200;R00658;R01015;R01061;R01070;R01512;R01518,R00200,7,,chebi,7,False,True,,0,
BIOMD0000000268,V_ART,c_10f + aic <=> c_thf,R04560,R04560,1,,chebi,41,False,True,,0,
BIOMD0000000268,V_BHMT,hcy + BET <=> met + dmg,R02821,R02821,1,,chebi,41,False,True,,0,
BIOMD0000000268,V_CBS,hcy + c_ser <=> cyt,R01289,R01289,1,,chebi,41,False,True,,0,
BIOMD0000000268,V_CTGL,cyt <=> c_cys,R00894,R00894,1,,chebi,41,False,True,,0,
BIOMD0000000268,V_DNMT,sam <=> sah,R00649,R00649,1,,chebi,41,False,True,,0,
BIOMD0000000268,V_GCS,c_cys + c_glu <=> glc,R00894,R00894,1,,chebi,41,False,True,,0,
BIOMD0000000268,V_GNMT,sam + c_gly <=> sah + src,R00367,R00367,1,,chebi,41,False,True,,0,
BIOMD0000000268,V_GPX,2 c_gsh + H2O2 <=> c_gsg,R00274,R00274,1,,chebi,41,False,True,,0,
BIOMD0000000268,V_GR,c_gsg + NADPH <=> 2 c_gsh,R00115,R00115,1,,chebi,41,False,True,,0,
BIOMD0000000268,V_GS,glc + c_gly <=> c_gsh,R00497,R00497,1,,chebi,41,False,True,,0,
BIOMD0000000268,V_MATI,met <=> sam,R00650,R00650,1,,chebi,41,False,True,,0,
BIOMD0000000268,V_MATIII,met <=> sam,R00650,R00650,1,,chebi,41,False,True,,0,
BIOMD0000000268,V_MTHFR,c_2cf + NADPH <=> c_5mf,R01220,R01220,1,,chebi,41,False,True,,0,
BIOMD0000000268,V_SAHH,sah <=> hcy,R00192,R00192,1,,chebi,41,False,True,,0,
BIOMD0000000268,V_TS,DUMP + c_2cf <=> c_dhf,R02101,R02101,1,,chebi,41,False,True,,0,
BIOMD0000000268,VcMTCH,c_1cf <=> c_10f,R01655,R01655,1,,chebi,41,False,True,,0,
BIOMD0000000268,VcMTD,c_2cf <=> c_1cf + NADPH,R01220,R01220,1,,chebi,41,False,True,,0,
BIOMD0000000268,VmFTD,m_10f <=> m_thf,R00941,R00941,1,,chebi,41,False,True,,0,
BIOMD0000000268,VmFTS,m_thf + m_coo <=> m_10f,R00944,R00944,1,,chebi,41,False,True,,0,
BIOMD0000000268,VmNE,m_thf + HCHO <=> m_2cf,R09093,R09093,1,,chebi,41,False,True,,0,
BIOMD0000000268,VmSHMT,m_thf + m_ser <=> m_gly + m_2cf,R00945,R00945,1,,chebi,41,False,True,,0,
BIOMD0000000268,gluconeogenesis_ser,c_ser <=>,,,0,R0006565,chebi,41,True,False,invalid_ground_truth_id,0,
BIOMD0000000281,r_1,GLU + ENZ => ENG,R00299,R00299,1,,chebi,27,False,True,,0,
BIOMD0000000281,r_10,MOX + DPN => MOD,R01061,R01061,1,,chebi,27,False,True,,0,
BIOMD0000000281,r_11,DGA + ADP => TP1 + PGA,R01512,R01512,1,,chebi,27,False,True,,0,
BIOMD0000000281,r_12,PGA + ADP => TP1 + PYR,R00200;R00658,R00200,2,,chebi,27,False,True,,0,
BIOMD0000000281,r_13,PYR + DPH => LAC + DPN,R00703,R00703,1,,chebi,27,False,True,,0,
BIOMD0000000281,r_14,LAC + DPN => PYR + DPH,R00703,R00703,1,,chebi,27,False,True,,0,
BIOMD0000000281,r_2,ENG + TP1 => ADP + GLP + ENZ,R00299,R00299,1,,chebi,27,False,True,,0,
BIOMD0000000281,r_3,GLP + ETZ => ETG,R04779,R04779,1,,chebi,27,False,True,,0,
BIOMD0000000281,r_4,ETG + TP1 => GPP + ETZ + ADP,R04779,R04779,1,,chebi,27,False,True,,0,
BIOMD0000000281,r_5,GPP => GAP + DHA,R01068,R01068,1,,chebi,27,False,True,,0,
BIOMD0000000281,r_6,DHA + DPH => AGP + DPN,R00842,R00842,1,,chebi,27,False,True,,0,
BIOMD0000000281,r_7,AGP + DPN => DHA + DPH,R00842,R00842,1,,chebi,27,False,True,,0,
BIOMD0000000281,r_8,GAP + MOD => MOB + DPH,R01061,R01061,1,,chebi,27,False,True,,0,
BIOMD0000000281,r_9,MOB + PID => DGA + MOX,R01061,R01061,1,,chebi,27,False,True,,0,
BIOMD0000000292,v1,X + ATP => Y + ADP,R01523,R01523,1,,chebi,15,False,True,,0,
BIOMD0000000292,v2,Y + NADPH + ATP => X + ADP + NADP,R01063;R01512,R01063,2,,chebi,15,False,True,,0,
BIOMD0000000450,V_ART,c_10f + aic <=> c_thf,R04560,R04560,1,,chebi,50,False,True,,0,
BIOMD0000000450,V_BHMT,hcy + BET <=> met + dmg,R02821,R02821,1,,chebi,50,False,True,,0,
BIOMD0000000450,V_CBS,hcy + c_ser <=> cyt,R01289,R01289,1,,chebi,50,False,True,,0,
BIOMD0000000450,V_CTGL,cyt <=> c_cys,R00894,R00894,1,,chebi,50,False,True,,0,
BIOMD0000000450,V_DNMT,sam <=> sah,R00649,R00649,1,,chebi,50,False,True,,0,
BIOMD0000000450,V_GCS,c_cys + c_glu <=> glc,R00894,R00894,1,,chebi,50,False,True,,0,
BIOMD0000000450,V_GNMT,sam + c_gly <=> sah + src,R00367,R00367,1,,chebi,50,False,True,,0,
BIOMD0000000450,V_GPX,2 c_gsh + H2O2 <=> c_gsg,R00274,R00274,1,,chebi,50,False,True,,0,
BIOMD0000000450,V_GR,c_gsg + NADPH <=> 2 c_gsh,R00115,R00115,1,,chebi,50,False,True,,0,
BIOMD0000000450,V_GS,glc + c_gly <=> c_gsh,R00497,R00497,1,,chebi,50,False,True,,0,
BIOMD0000000450,V_MATI,met <=> sam,R00650,R00650,1,,chebi,50,False,True,,0,
BIOMD0000000450,V_MATIII,met <=> sam,R00650,R00650,1,,chebi,50,False,True,,0,
BIOMD0000000450,V_MTHFR,c_2cf + NADPH <=> c_5mf,R01220,R01220,1,,chebi,50,False,True,,0,
BIOMD0000000450,V_SAHH,sah <=> hcy,R00192,R00192,1,,chebi,50,False,True,,0,
BIOMD0000000450,V_TS,DUMP + c_2cf <=> c_dhf,R02101,R02101,1,,chebi,50,False,True,,0,
BIOMD0000000450,VcMTCH,c_1cf <=> c_10f,R01655,R01655,1,,chebi,50,False,True,,0,
BIOMD0000000450,VcMTD,c_2cf <=> c_1cf + NADPH,R01220,R01220,1,,chebi,50,False,True,,0,
BIOMD0000000450,VmFTD,m_10f <=> m_thf,R00941,R00941,1,,chebi,50,False,True,,0,
BIOMD0000000450,VmFTS,m_thf + m_coo <=> m_10f,R00944,R00944,1,,chebi,50,False,True,,0,
BIOMD0000000450,VmNE,m_thf + HCHO <=> m_2cf,R09093,R09093,1,,chebi,50,False,True,,0,
BIOMD0000000450,VmSHMT,m_thf + m_ser <=> m_gly + m_2cf,R00945,R00945,1,,chebi,50,False,True,,0,
BIOMD0000000450,gluconeogenesis_ser,c_ser <=>,,,0,R0006565,chebi,50,True,False,invalid_ground_truth_id,0,
BIOMD0000000471,r_0005,s_1543 <=> s_0002 + s_1538,R03118,R03118,1,,chebi,310,False,True,,0,
BIOMD0000000471,r_0007,s_0077 <=> s_0312,R04640,R04640,1,,chebi,310,False,True,,0,
BIOMD0000000471,r_0008,s_0082 + s_0380 <=> s_0529 + s_1331,R02241,R02241,1,,chebi,310,False,True,,0,
BIOMD0000000471,r_0015,s_0141 + s_1212 <=> s_0142 + s_1207,R09376,R09376,1,,chebi,310,False,True,,0,
BIOMD0000000471,r_0016,s_0178 + s_1399 <=> s_0039 + s_0456,R08648,R08648,1,,chebi,310,False,True,,0,
BIOMD0000000471,r_0018,s_0176 + s_0991 <=> s_0180 + s_0953,R01939,R01939,1,,chebi,310,False,True,,0,
BIOMD0000000471,r_0020,s_0551 + s_1360 <=> s_0349 + s_1322,R01826,R01826,1,,chebi,310,False,True,,0,
BIOMD0000000471,r_0023,s_0162 <=> s_0165,R03968,R03968,1,,chebi,310,False,True,,0,
BIOMD0000000471,r_0024,s_0232 + s_0373 <=> s_0162 + s_0529,R01213,R01213,1,,chebi,310,False,True,,0,
BIOMD0000000471,r_0027,s_0835 <=> s_0454,R03444,R03444,1,,chebi,310,False,True,,0,
BIOMD0000000471,r_0029,s_0010 <=> s_0291 + s_0456,R01652,R01652,1,,chebi,310,False,True,,0,
BIOMD0000000471,r_0032,s_0390 <=> s_0423 + s_1322,R00188,R00188,1,,chebi,310,False,True,,0,
BIOMD0000000471,r_0038,s_0577 <=> s_0158 + s_0722,R07281,R07281,1,,chebi,310,False,True,,0,
BIOMD0000000471,r_0039,s_0210 <=> s_0211,R03084,R03084,1,,chebi,310,False,True,,0,
BIOMD0000000471,r_0040,s_0349 <=> s_0210 + s_1322,R03083,R03083,1,,chebi,310,False,True,,0,
BIOMD0000000471,r_0041,s_0231 + s_1212 <=> s_1207 + s_1445,R02978,R02978,1,,chebi,310,False,True,,0,
BIOMD0000000471,r_0060,s_0165 <=> s_0009,R04001,R04001,1,,chebi,310,False,True,,0,
BIOMD0000000471,r_0061,s_0009 + s_1198 <=> s_0010 + s_1203,R04426,R04426,1,,chebi,310,False,True,,0,
BIOMD0000000471,r_0065,s_0261 + s_1360 <=> s_0324 + s_1322,R03460,R03460,1,,chebi,310,False,True,,0,
BIOMD0000000471,r_0079,s_0301 + s_0434 + s_0999 <=> s_0302 + s_0394 + s_0991 + s_1322,R04463,R04463,1,,chebi,310,False,True,,0,
BIOMD0000000471,r_0080,s_0306 + s_1212 <=> s_0322 + s_1207,R01224,R01224,1,,chebi,310,False,True,,0,
BIOMD0000000471,r_0097,2 s_1399 <=> s_0146 + s_0456,R00006,R00006,1,,chebi,310,False,True,,0,
BIOMD0000000471,r_0108,s_0373 + s_0434 + s_0445 <=> s_0394 + s_1101 + s_1322,R00742,R00742,1,,chebi,310,False,True,,0,
BIOMD0000000471,r_0115,s_0434 + s_1192 <=> s_0394 + s_1191,R02649,R02649,1,,chebi,310,False,True,,0,
BIOMD0000000471,r_0118,s_0145 + s_0991 <=> s_0180 + s_1182,R02283,R02283,1,,chebi,310,False,True,,0,
BIOMD0000000471,r_0142,s_0386 + s_0434 <=> s_0394 + s_0423,R00185,R00185,1,,chebi,310,False,True,,0,
BIOMD0000000471,r_0144,s_1413 <=> s_0386 + s_1012,R00192,R00192,1,,chebi,310,False,True,,0,
BIOMD0000000471,r_0148,s_0423 + s_0434 <=> 2 s_0394,R00127,R00127,1,,chebi,310,False,True,,0,
BIOMD0000000471,r_0151,s_0299 <=> s_0403 + s_0725,R04559,R04559,1,,chebi,310,False,True,,0,
BIOMD0000000471,r_0152,s_0393 <=> s_0423 + s_0725,R01083,R01083,1,,chebi,310,False,True,,0,
BIOMD0000000471,r_0153,s_0785 + s_0849 + s_0973 <=> s_0393 + s_0739 + s_1322,R01135,R01135,1,,chebi,310,False,True,,0,
BIOMD0000000471,r_0154,s_0298 + s_0434 <=> s_0201 + s_0394,R00509,R00509,1,,chebi,310,False,True,,0,
BIOMD0000000471,r_0157,s_0434 + s_0955 + s_1582 <=> s_0404 + s_0423 + s_0633,R03038,R03038,1,,chebi,310,False,True,,0,
BIOMD0000000471,r_0195,s_0568 + s_1543 <=> s_0409 + s_1538,R00836,R00836,1,,chebi,310,False,True,,0,
BIOMD0000000471,r_0202,s_0427 + s_1386 <=> s_0633 + s_1187,R01073,R01073,1,,chebi,310,False,True,,0,
BIOMD0000000471,r_0203,s_0515 + s_0999 <=> s_0427 + s_0991 + s_1399,R00986,R00986,1,,chebi,310,False,True,,0,
BIOMD0000000471,r_0207,s_0015 <=> s_0725 + s_0965,R01086,R01086,1,,chebi,310,False,True,,0,
BIOMD0000000471,r_0208,s_0434 + s_0973 + s_0979 <=> s_0015 + s_0423 + s_0633,R01954,R01954,1,,chebi,310,False,True,,0,
BIOMD0000000471,r_0209,s_0434 + s_0965 + s_1583 <=> s_0423 + s_0428 + s_0633,R03646,R03646,1,,chebi,310,False,True,,0,
BIOMD0000000471,r_0211,s_0434 + s_0973 + s_0999 <=> s_0423 + s_0633 + s_0969 + s_0991,R00578,R00578,1,,chebi,310,False,True,,0,
BIOMD0000000471,r_0212,s_0434 + s_0969 + s_1585 <=> s_0423 + s_0430 + s_0633,R03648,R03648,1,,chebi,310,False,True,,0,
BIOMD0000000471,r_0214,s_0455 + s_0973 <=> s_1194 + s_1322,R01397,R01397,1,,chebi,310,False,True,,0,
BIOMD0000000471,r_0215,s_0434 + s_0973 <=> s_0295 + s_0394,R00480,R00480,1,,chebi,310,False,True,,0,
BIOMD0000000471,r_0216,s_0991 + s_1271 <=> s_0180 + s_0973,R00355,R00355,1,,chebi,310,False,True,,0,
BIOMD0000000471,r_0219,s_0295 + s_1212 <=> s_0978 + s_1207 + s_1322,R02291,R02291,1,,chebi,310,False,True,,0,
BIOMD0000000471,r_0220,s_0434 + s_0973 + s_1587 <=> s_0423 + s_0432 + s_0633,R05577,R05577,1,,chebi,310,False,True,,0,
BIOMD0000000471,r_0225,s_0434 + s_1386 <=> s_0326 + s_0633,R01071,R01071,1,,chebi,310,False,True,,0,
BIOMD0000000471,r_0231,s_0262 + s_1212 <=> s_0122 + s_1207,R05639,R05639,1,,chebi,310,False,True,,0,
BIOMD0000000471,r_0236,s_0209 + s_1212 <=> s_0296 + s_1207,R07495,R07495,1,,chebi,310,False,True,,0,
BIOMD0000000471,r_0241,s_0122 + 3 s_1212 + 3 s_1275 <=> s_0297 + 3 s_1207,R07509,R07509,1,,chebi,310,False,True,,0,
BIOMD0000000471,r_0243,s_0700 <=> s_0657,R07497,R07497,1,,chebi,310,False,True,,0,
BIOMD0000000471,r_0244,s_0662 + s_1212 <=> s_0666 + s_1207,R05641,R05641,1,,chebi,310,False,True,,0,
BIOMD0000000471,r_0250,2 s_0434 + s_0445 + s_0999 <=> 2 s_0394 + s_0455 + s_0991 + s_1322,R00575,R00575,1,,chebi,310,False,True,,0,
BIOMD0000000471,r_0257,s_0539 + s_1331 <=> s_0471 + s_0633,R01799,R01799,1,,chebi,310,False,True,,0,
BIOMD0000000471,r_0278,s_0515 <=> s_1377,R01715,R01715,1,,chebi,310,False,True,,0,
BIOMD0000000471,r_0279,s_0324 <=> s_0515 + s_1322,R01714,R01714,1,,chebi,310,False,True,,0,
BIOMD0000000471,r_0280,s_0516 <=> s_0940,R01900,R01900,1,,chebi,310,False,True,,0,
BIOMD0000000471,r_0302,s_0522 <=> s_0516,R01325,R01325,1,,chebi,310,False,True,,0,
BIOMD0000000471,r_0309,s_1012 + s_1039 <=> s_0980,R01290,R01290,1,,chebi,310,False,True,,0,
BIOMD0000000471,r_0311,s_0981 + s_1233 <=> s_0362 + s_0980,R03217,R03217,1,,chebi,310,False,True,,0,
BIOMD0000000471,r_0313,s_0434 + s_0981 + s_1589 <=> s_0423 + s_0542 + s_0633,R03650,R03650,1,,chebi,310,False,True,,0,
BIOMD0000000471,r_0317,s_1059 + 3 s_1212 + 3 s_1275 <=> s_0262 + s_0722 + 3 s_1207,R05640,R05640,1,,chebi,310,False,True,,0,
BIOMD0000000471,r_0330,s_0394 + s_0613 <=> s_0434 + s_0615,R02090,R02090,1,,chebi,310,False,True,,0,
BIOMD0000000471,r_0344,s_0625 + s_1212 <=> s_1207 + s_1487,R00939,R00939,1,,chebi,310,False,True,,0,
BIOMD0000000471,r_0349,s_1194 <=> s_0061,R01993,R01993,1,,chebi,310,False,True,,0,
BIOMD0000000471,r_0352,s_0016 <=> s_0232,R04441,R04441,1,,chebi,310,False,True,,0,
BIOMD0000000471,r_0353,s_0008 <=> s_0056,R05070,R05070,1,,chebi,310,False,True,,0,
BIOMD0000000471,r_0355,s_0943 + s_1376 <=> s_0633 + s_0745,R01658,R01658,1,,chebi,310,False,True,,0,
BIOMD0000000471,r_0361,s_0645 + s_0743 <=> s_0644 + s_0739,R01009,R01009,1,,chebi,310,False,True,,0,
BIOMD0000000471,r_0364,s_0656 <=> s_0633 + s_0654,R02100,R02100,1,,chebi,310,False,True,,0,
BIOMD0000000471,r_0366,s_0188 <=> s_1360,R00658,R00658,1,,chebi,310,False,True,,0,
BIOMD0000000471,r_0438,4 s_0710 + s_1275 <=> 4 s_0709,R00081,R00081,1,,chebi,310,False,True,,0,
BIOMD0000000471,r_0446,s_0120 + s_0394 + s_1322 <=> s_0434 + s_0722 + s_1487,R00943,R00943,1,,chebi,310,False,True,,0,
BIOMD0000000471,r_0451,s_0725 <=> s_0066,R01082,R01082,1,,chebi,310,False,True,,0,
BIOMD0000000471,r_0462,s_0745 + s_0943 <=> s_0190 + s_0633,R02003,R02003,1,,chebi,310,False,True,,0,
BIOMD0000000471,r_0467,s_0568 <=> s_0557,R00771,R00771,1,,chebi,310,False,True,,0,
BIOMD0000000471,r_0478,s_0434 + s_0999 + s_1590 <=> s_0423 + s_0633 + s_0747,R03652,R03652,1,,chebi,310,False,True,,0,
BIOMD0000000471,r_0479,s_0434 + s_0991 + s_1591 <=> s_0423 + s_0633 + s_0748,R05578,R05578,1,,chebi,310,False,True,,0,
BIOMD0000000471,r_0481,s_0754 + s_1212 <=> 2 s_0750 + s_1207,R00115,R00115,1,,chebi,310,False,True,,0,
BIOMD0000000471,r_0483,2 s_0750 + s_0837 <=> s_0754,R00274,R00274,1,,chebi,310,False,True,,0,
BIOMD0000000471,r_0491,s_0629 + s_1203 <=> s_0767 + s_1198,R00842,R00842,1,,chebi,310,False,True,,0,
BIOMD0000000471,r_0495,s_0380 + s_0767 <=> s_0082 + s_0529,R00851,R00851,1,,chebi,310,False,True,,0,
BIOMD0000000471,r_0499,s_0120 + s_0325 <=> s_0301 + s_1487,R04325,R04325,1,,chebi,310,False,True,,0,
BIOMD0000000471,r_0502,s_1039 + s_1487 <=> s_0306 + s_1003,R00945,R00945,1,,chebi,310,False,True,,0,
BIOMD0000000471,r_0512,s_0434 + s_1003 + s_1593 <=> s_0423 + s_0633 + s_0757,R03654,R03654,1,,chebi,310,False,True,,0,
BIOMD0000000471,r_0514,s_0434 + s_0999 + s_1565 <=> s_0423 + s_0633 + s_0782 + s_0991,R01231,R01231,1,,chebi,310,False,True,,0,
BIOMD0000000471,r_0525,s_0785 <=> s_0141 + s_0633 + s_0722,R00425,R00425,1,,chebi,310,False,True,,0,
BIOMD0000000471,r_0528,s_0434 + s_0782 <=> s_0394 + s_0739,R00332,R00332,1,,chebi,310,False,True,,0,
BIOMD0000000471,r_0534,s_0434 + s_0563 <=> s_0394 + s_0568,R00299,R00299,1,,chebi,310,False,True,,0,
BIOMD0000000471,r_0536,s_1010 + 2 s_1198 <=> s_1006 + 2 s_1203,R01158,R01158,1,,chebi,310,False,True,,0,
BIOMD0000000471,r_0537,s_1011 <=> s_1010 + s_1322,R03013,R03013,1,,chebi,310,False,True,,0,
BIOMD0000000471,r_0538,s_0207 + s_0991 <=> s_0180 + s_1011,R03243,R03243,1,,chebi,310,False,True,,0,
BIOMD0000000471,r_0539,s_0434 + s_1006 + s_1594 <=> s_0423 + s_0633 + s_0832,R03655,R03655,1,,chebi,310,False,True,,0,
BIOMD0000000471,r_0542,s_0454 <=> s_0836,R04371,R04371,1,,chebi,310,False,True,,0,
BIOMD0000000471,r_0543,s_0180 + s_0373 <=> s_0529 + s_0835,R00271,R00271,1,,chebi,310,False,True,,0,
BIOMD0000000471,r_0547,s_0978 + s_1212 <=> s_1014 + s_1207,R01775,R01775,1,,chebi,310,False,True,,0,
BIOMD0000000471,r_0548,s_0434 + s_1014 <=> s_0394 + s_1238,R01771,R01771,1,,chebi,310,False,True,,0,
BIOMD0000000471,r_0549,s_0373 + s_1014 <=> s_0529 + s_1233,R01776,R01776,1,,chebi,310,False,True,,0,
BIOMD0000000471,r_0558,s_0218 + 2 s_1212 <=> s_0028 + s_0529 + 2 s_1207,R02082,R02082,1,,chebi,310,False,True,,0,
BIOMD0000000471,r_0559,s_0367 + s_0373 <=> s_0218 + s_0529,R01978,R01978,1,,chebi,310,False,True,,0,
BIOMD0000000471,r_0563,s_0312 + s_0999 <=> s_0403 + s_0550 + s_0991,R04558,R04558,1,,chebi,310,False,True,,0,
BIOMD0000000471,r_0564,s_0550 <=> s_0207,R03457,R03457,1,,chebi,310,False,True,,0,
BIOMD0000000471,r_0565,s_0849 + s_1198 <=> s_1203 + s_1565,R01130,R01130,1,,chebi,310,False,True,,0,
BIOMD0000000471,r_0566,s_0076 <=> s_0086 + s_0456,R03508,R03508,1,,chebi,310,False,True,,0,
BIOMD0000000471,r_0570,s_1365 <=> s_0849,R01127,R01127,1,,chebi,310,False,True,,0,
BIOMD0000000471,r_0594,s_0089 + s_0499 <=> s_0619 + s_0918,R03364,R03364,1,,chebi,310,False,True,,0,
BIOMD0000000471,r_0658,s_0940 + s_1198 <=> s_0180 + s_0456 + s_1203,R00709,R00709,1,,chebi,310,False,True,,0,
BIOMD0000000471,r_0661,s_0940 + s_1207 <=> s_0180 + s_0456 + s_1212,R00267,R00267,1,,chebi,310,False,True,,0,
BIOMD0000000471,r_0663,s_0056 + s_0991 <=> s_0180 + s_1016,R02199,R02199,1,,chebi,310,False,True,,0,
BIOMD0000000471,r_0665,s_0434 + s_1016 + s_1596 <=> s_0423 + s_0633 + s_0847,R03656,R03656,1,,chebi,310,False,True,,0,
BIOMD0000000471,r_0667,s_0943 <=> s_1376,R01123,R01123,1,,chebi,310,False,True,,0,
BIOMD0000000471,r_0674,s_0991 + s_1399 <=> s_0180 + s_0955,R00258,R00258,1,,chebi,310,False,True,,0,
BIOMD0000000471,r_0698,s_0037 <=> s_1059,R03199,R03199,1,,chebi,310,False,True,,0,
BIOMD0000000471,r_0699,s_0291 + s_0991 <=> s_0180 + s_1021,R01090,R01090,1,,chebi,310,False,True,,0,
BIOMD0000000471,r_0701,s_0434 + s_1021 + s_1598 <=> s_0423 + s_0633 + s_1077,R03657,R03657,1,,chebi,310,False,True,,0,
BIOMD0000000471,r_0711,s_0434 + s_1025 + s_1600 <=> s_0423 + s_0633 + s_1099,R03658,R03658,1,,chebi,310,False,True,,0,
BIOMD0000000471,r_0713,s_0066 + s_1198 <=> s_1203 + s_1271,R00342,R00342,1,,chebi,310,False,True,,0,
BIOMD0000000471,r_0722,s_0573 + s_0785 <=> s_0633 + s_0743,R00885,R00885,1,,chebi,310,False,True,,0,
BIOMD0000000471,r_0723,s_0557 <=> s_0574,R00772,R00772,1,,chebi,310,False,True,,0,
BIOMD0000000471,r_0724,s_0304 <=> s_0120,R01655,R01655,1,,chebi,310,False,True,,0,
BIOMD0000000471,r_0726,s_0434 + s_1029 <=> s_0633 + s_1322 + s_1416,R00177,R00177,1,,chebi,310,False,True,,0,
BIOMD0000000471,r_0727,s_0322 + s_1012 <=> s_1029 + s_1487,R00946,R00946,1,,chebi,310,False,True,,0,
BIOMD0000000471,r_0729,s_0434 + s_1029 + s_1602 <=> s_0423 + s_0633 + s_1148,R03659,R03659,1,,chebi,310,False,True,,0,
BIOMD0000000471,r_0731,s_0306 + s_1198 <=> s_0304 + s_1203,R01218,R01218,1,,chebi,310,False,True,,0,
BIOMD0000000471,r_0732,s_0306 + s_1207 <=> s_0304 + s_1212,R01220,R01220,1,,chebi,310,False,True,,0,
BIOMD0000000471,r_0739,s_0018 + s_0434 <=> s_0394 + s_0456 + s_0943 + s_1322,R01121,R01121,1,,chebi,310,False,True,,0,
BIOMD0000000471,r_0757,s_0126 <=> s_1153 + s_1322,R01185,R01185,1,,chebi,310,False,True,,0,
BIOMD0000000471,r_0759,s_1191 + s_1212 <=> s_0145 + s_1207 + s_1322,R03443,R03443,1,,chebi,310,False,True,,0,
BIOMD0000000471,r_0792,s_0467 <=> s_0526 + s_1322,R00514,R00514,1,,chebi,310,False,True,,0,
BIOMD0000000471,r_0800,s_0434 + s_0739 <=> s_0394 + s_0785,R00330,R00330,1,,chebi,310,False,True,,0,
BIOMD0000000471,r_0811,s_0434 + s_1538 <=> s_0394 + s_1559,R00156,R00156,1,,chebi,310,False,True,,0,
BIOMD0000000471,r_0813,s_0841 + s_1233 <=> s_0362 + s_1012,R01287,R01287,1,,chebi,310,False,True,,0,
BIOMD0000000471,r_0820,s_1269 + s_1386 <=> s_0633 + s_1270,R01870,R01870,1,,chebi,310,False,True,,0,
BIOMD0000000471,r_0821,s_1270 <=> s_0456 + s_1545,R00965,R00965,1,,chebi,310,False,True,,0,
BIOMD0000000471,r_0851,s_0951 + s_0991 <=> s_0180 + s_1032,R00694,R00694,1,,chebi,310,False,True,,0,
BIOMD0000000471,r_0852,s_0434 + s_1032 + s_1604 <=> s_0423 + s_0633 + s_1314,R03660,R03660,1,,chebi,310,False,True,,0,
BIOMD0000000471,r_0855,s_0302 + s_0434 <=> s_0300 + s_0394 + s_1322,R04208,R04208,1,,chebi,310,False,True,,0,
BIOMD0000000471,r_0858,s_1351 + s_1416 <=> s_1343 + s_1413,R02056,R02056,1,,chebi,310,False,True,,0,
BIOMD0000000471,r_0874,s_0471 + s_1153 <=> s_0089 + s_0526,R01802,R01802,1,,chebi,310,False,True,,0,
BIOMD0000000471,r_0877,s_1337 <=> s_0456 + s_1351,R02055,R02055,1,,chebi,310,False,True,,0,
BIOMD0000000471,r_0880,s_0471 + s_1039 <=> s_0526 + s_1337,R01800,R01800,1,,chebi,310,False,True,,0,
BIOMD0000000471,r_0886,s_0434 + s_0557 <=> s_0394 + s_0555,R00756,R00756,1,,chebi,310,False,True,,0,
BIOMD0000000471,r_0888,s_0568 <=> s_0567,R08639,R08639,1,,chebi,310,False,True,,0,
BIOMD0000000471,r_0891,s_0260 + s_1198 <=> s_0258 + s_1203,R01513,R01513,1,,chebi,310,False,True,,0,
BIOMD0000000471,r_0892,s_0075 + s_0394 <=> s_0260 + s_0434,R01512,R01512,1,,chebi,310,False,True,,0,
BIOMD0000000471,r_0893,s_0260 <=> s_0188,R01518,R01518,1,,chebi,310,False,True,,0,
BIOMD0000000471,r_0900,s_1342 + s_1416 <=> s_1346 + s_1413,R01320,R01320,1,,chebi,310,False,True,,0,
BIOMD0000000471,r_0901,s_1343 + s_1416 <=> s_1342 + s_1413,R03424,R03424,1,,chebi,310,False,True,,0,
BIOMD0000000471,r_0902,s_0574 <=> s_0573,R01818,R01818,1,,chebi,310,False,True,,0,
BIOMD0000000471,r_0904,s_0019 + s_0434 <=> s_0018 + s_0394,R03245,R03245,1,,chebi,310,False,True,,0,
BIOMD0000000471,r_0908,s_0434 + s_0973 + s_1364 <=> s_0299 + s_0394 + s_1322,R04591,R04591,1,,chebi,310,False,True,,0,
BIOMD0000000471,r_0909,s_0078 <=> s_0077,R04037,R04037,1,,chebi,310,False,True,,0,
BIOMD0000000471,r_0910,s_0326 <=> s_0078 + s_0633,R04035,R04035,1,,chebi,310,False,True,,0,
BIOMD0000000471,r_0911,s_0300 + s_0456 + s_0434 <=> s_1364 + s_0394 + s_1322,R04209,R04209,1,,chebi,310,False,True,,0,
BIOMD0000000471,r_0912,s_0120 + s_0403 <=> s_1365 + s_1487,R04560,R04560,1,,chebi,310,False,True,,0,
BIOMD0000000471,r_0913,s_1187 <=> s_0076,R03509,R03509,1,,chebi,310,False,True,,0,
BIOMD0000000471,r_0914,s_0327 + s_0434 + s_1003 <=> s_0325 + s_0394 + s_1322,R04144,R04144,1,,chebi,310,False,True,,0,
BIOMD0000000471,r_0915,s_0999 + s_1386 <=> s_0327 + s_0633 + s_0991,R01072,R01072,1,,chebi,310,False,True,,0,
BIOMD0000000471,r_0917,s_0259 <=> s_1039 + s_1322,R00582,R00582,1,,chebi,310,False,True,,0,
BIOMD0000000471,r_0918,s_0258 + s_0991 <=> s_0180 + s_0259,R04173,R04173,1,,chebi,310,False,True,,0,
BIOMD0000000471,r_0922,s_1212 + s_1275 + s_1445 <=> s_1207 + s_1366,R06525,R06525,1,,chebi,310,False,True,,0,
BIOMD0000000471,r_0938,s_1377 <=> s_0456 + s_0951,R01373,R01373,1,,chebi,310,False,True,,0,
BIOMD0000000471,r_0939,s_1207 + s_1377 <=> s_0204 + s_0456 + s_1212,R01730,R01730,1,,chebi,310,False,True,,0,
BIOMD0000000471,r_0941,s_0434 + s_1035 + s_1606 <=> s_0423 + s_0633 + s_1379,R03661,R03661,1,,chebi,310,False,True,,0,
BIOMD0000000471,r_0958,s_0434 + s_0445 + s_1399 <=> s_0394 + s_1271 + s_1322,R00344,R00344,1,,chebi,310,False,True,,0,
BIOMD0000000471,r_0961,s_0529 + s_1198 + s_1399 <=> s_0373 + s_0456 + s_1203,R00209,R00209,1,,chebi,310,False,True,,0,
BIOMD0000000471,r_0962,s_0394 + s_1360 <=> s_0434 + s_1399,R00200,R00200,1,,chebi,310,False,True,,0,
BIOMD0000000471,r_0967,s_0158 + s_0314 <=> s_0328 + s_1322,R04457,R04457,1,,chebi,310,False,True,,0,
BIOMD0000000471,r_0968,2 s_0328 <=> s_0314 + s_1405,R00066,R00066,1,,chebi,310,False,True,,0,
BIOMD0000000471,r_0970,s_0434 + s_1616 <=> s_0586 + s_1620,R02014,R02014,1,,chebi,310,False,True,,0,
BIOMD0000000471,r_0973,s_1559 + s_1616 <=> s_0656 + s_1620,R02023,R02023,1,,chebi,310,False,True,,0,
BIOMD0000000471,r_0974,s_0394 + s_1616 <=> s_0582 + s_1620,R02017,R02017,1,,chebi,310,False,True,,0,
BIOMD0000000471,r_0976,s_0467 + s_1616 <=> s_0587 + s_1620,R02024,R02024,1,,chebi,310,False,True,,0,
BIOMD0000000471,r_0978,s_0739 + s_1616 <=> s_0613 + s_1620,R02019,R02019,1,,chebi,310,False,True,,0,
BIOMD0000000471,r_0984,s_0581 <=> s_0577,R01529,R01529,1,,chebi,310,False,True,,0,
BIOMD0000000471,r_0986,s_1416 + s_1569 <=> s_0700 + s_1413,R04427,R04427,1,,chebi,310,False,True,,0,
BIOMD0000000471,r_0988,s_1038 + s_1198 <=> s_0180 + s_1025 + s_1203,R00715,R00715,1,,chebi,310,False,True,,0,
BIOMD0000000471,r_0989,s_0959 + s_0991 + s_1212 <=> s_1038 + s_1207,R02315,R02315,1,,chebi,310,False,True,,0,
BIOMD0000000471,r_0993,s_1039 + s_1302 <=> s_0231 + s_0456 + s_0529,R01281,R01281,1,,chebi,310,False,True,,0,
BIOMD0000000471,r_0995,s_0434 + s_1039 + s_1607 <=> s_0423 + s_0633 + s_1428,R03662,R03662,1,,chebi,310,False,True,,0,
BIOMD0000000471,r_0996,s_0211 + s_1212 <=> s_1207 + s_1429,R02413,R02413,1,,chebi,310,False,True,,0,
BIOMD0000000471,r_0997,s_0434 + s_1429 <=> s_0261 + s_0394,R02412,R02412,1,,chebi,310,False,True,,0,
BIOMD0000000471,r_1011,s_1212 + s_1275 + s_1447 <=> s_0037 + s_1207,R02874,R02874,1,,chebi,310,False,True,,0,
BIOMD0000000471,r_1012,2 s_0190 + s_1212 <=> 2 s_0633 + s_1207 + s_1447,R06223,R06223,1,,chebi,310,False,True,,0,
BIOMD0000000471,r_1026,s_0394 + s_1467 <=> s_0298 + s_1322,R00530,R00530,1,,chebi,310,False,True,,0,
BIOMD0000000471,r_1038,s_1212 + s_1620 <=> s_1207 + s_1616,R02016,R02016,1,,chebi,310,False,True,,0,
BIOMD0000000471,r_1041,s_1238 <=> s_1045 + s_1322,R01466,R01466,1,,chebi,310,False,True,,0,
BIOMD0000000471,r_1042,s_0434 + s_1045 + s_1608 <=> s_0423 + s_0633 + s_1491,R03663,R03663,1,,chebi,310,False,True,,0,
BIOMD0000000471,r_1045,s_0306 + s_0654 <=> s_0625 + s_0649,R02101,R02101,1,,chebi,310,False,True,,0,
BIOMD0000000471,r_1051,s_0409 <=> s_1322 + s_1520,R02778,R02778,1,,chebi,310,False,True,,0,
BIOMD0000000471,r_1057,s_0434 + s_1048 + s_1610 <=> s_0423 + s_0633 + s_1527,R03664,R03664,1,,chebi,310,False,True,,0,
BIOMD0000000471,r_1063,s_0204 + s_0991 <=> s_0180 + s_1051,R00734,R00734,1,,chebi,310,False,True,,0,
BIOMD0000000471,r_1066,s_0434 + s_1051 + s_1612 <=> s_0423 + s_0633 + s_1533,R02918,R02918,1,,chebi,310,False,True,,0,
BIOMD0000000471,r_1072,s_0434 + s_1545 <=> s_0394 + s_1538,R00158,R00158,1,,chebi,310,False,True,,0,
BIOMD0000000471,r_1084,s_0567 + s_1559 <=> s_0633 + s_1543,R00289,R00289,1,,chebi,310,False,True,,0,
BIOMD0000000471,r_1087,s_0232 + s_0991 <=> s_0180 + s_1056,R01214,R01214,1,,chebi,310,False,True,,0,
BIOMD0000000471,r_1089,s_0434 + s_1056 + s_1614 <=> s_0423 + s_0633 + s_1561,R03665,R03665,1,,chebi,310,False,True,,0,
BIOMD0000000472,r_0005,s_1543 <=> s_0002 + s_1538,R03118,R03118,1,,chebi,310,False,True,,0,
BIOMD0000000472,r_0007,s_0077 <=> s_0312,R04640,R04640,1,,chebi,310,False,True,,0,
BIOMD0000000472,r_0008,s_0082 + s_0380 <=> s_0529 + s_1331,R02241,R02241,1,,chebi,310,False,True,,0,
BIOMD0000000472,r_0015,s_0141 + s_1212 <=> s_0142 + s_1207,R09376,R09376,1,,chebi,310,False,True,,0,
BIOMD0000000472,r_0016,s_0178 + s_1399 <=> s_0039 + s_0456,R08648,R08648,1,,chebi,310,False,True,,0,
BIOMD0000000472,r_0018,s_0176 + s_0991 <=> s_0180 + s_0953,R01939,R01939,1,,chebi,310,False,True,,0,
BIOMD0000000472,r_0020,s_0551 + s_1360 <=> s_0349 + s_1322,R01826,R01826,1,,chebi,310,False,True,,0,
BIOMD0000000472,r_0023,s_0162 <=> s_0165,R03968,R03968,1,,chebi,310,False,True,,0,
BIOMD0000000472,r_0024,s_0232 + s_0373 <=> s_0162 + s_0529,R01213,R01213,1,,chebi,310,False,True,,0,
BIOMD0000000472,r_0027,s_0835 <=> s_0454,R03444,R03444,1,,chebi,310,False,True,,0,
BIOMD0000000472,r_0029,s_0010 <=> s_0291 + s_0456,R01652,R01652,1,,chebi,310,False,True,,0,
BIOMD0000000472,r_0032,s_0390 <=> s_0423 + s_1322,R00188,R00188,1,,chebi,310,False,True,,0,
BIOMD0000000472,r_0038,s_0577 <=> s_0158 + s_0722,R07281,R07281,1,,chebi,310,False,True,,0,
BIOMD0000000472,r_0039,s_0210 <=> s_0211,R03084,R03084,1,,chebi,310,False,True,,0,
BIOMD0000000472,r_0040,s_0349 <=> s_0210 + s_1322,R03083,R03083,1,,chebi,310,False,True,,0,
BIOMD0000000472,r_0041,s_0231 + s_1212 <=> s_1207 + s_1445,R02978,R02978,1,,chebi,310,False,True,,0,
BIOMD0000000472,r_0060,s_0165 <=> s_0009,R04001,R04001,1,,chebi,310,False,True,,0,
BIOMD0000000472,r_0061,s_0009 + s_1198 <=> s_0010 + s_1203,R04426,R04426,1,,chebi,310,False,True,,0,
BIOMD0000000472,r_0065,s_0261 + s_1360 <=> s_0324 + s_1322,R03460,R03460,1,,chebi,310,False,True,,0,
BIOMD0000000472,r_0079,s_0301 + s_0434 + s_0999 <=> s_0302 + s_0394 + s_0991 + s_1322,R04463,R04463,1,,chebi,310,False,True,,0,
BIOMD0000000472,r_0080,s_0306 + s_1212 <=> s_0322 + s_1207,R01224,R01224,1,,chebi,310,False,True,,0,
BIOMD0000000472,r_0097,2 s_1399 <=> s_0146 + s_0456,R00006,R00006,1,,chebi,310,False,True,,0,
BIOMD0000000472,r_0108,s_0373 + s_0434 + s_0445 <=> s_0394 + s_1101 + s_1322,R00742,R00742,1,,chebi,310,False,True,,0,
BIOMD0000000472,r_0115,s_0434 + s_1192 <=> s_0394 + s_1191,R02649,R02649,1,,chebi,310,False,True,,0,
BIOMD0000000472,r_0118,s_0145 + s_0991 <=> s_0180 + s_1182,R02283,R02283,1,,chebi,310,False,True,,0,
BIOMD0000000472,r_0142,s_0386 + s_0434 <=> s_0394 + s_0423,R00185,R00185,1,,chebi,310,False,True,,0,
BIOMD0000000472,r_0144,s_1413 <=> s_0386 + s_1012,R00192,R00192,1,,chebi,310,False,True,,0,
BIOMD0000000472,r_0148,s_0423 + s_0434 <=> 2 s_0394,R00127,R00127,1,,chebi,310,False,True,,0,
BIOMD0000000472,r_0151,s_0299 <=> s_0403 + s_0725,R04559,R04559,1,,chebi,310,False,True,,0,
BIOMD0000000472,r_0152,s_0393 <=> s_0423 + s_0725,R01083,R01083,1,,chebi,310,False,True,,0,
BIOMD0000000472,r_0153,s_0785 + s_0849 + s_0973 <=> s_0393 + s_0739 + s_1322,R01135,R01135,1,,chebi,310,False,True,,0,
BIOMD0000000472,r_0154,s_0298 + s_0434 <=> s_0201 + s_0394,R00509,R00509,1,,chebi,310,False,True,,0,
BIOMD0000000472,r_0157,s_0434 + s_0955 + s_1582 <=> s_0404 + s_0423 + s_0633,R03038,R03038,1,,chebi,310,False,True,,0,
BIOMD0000000472,r_0195,s_0568 + s_1543 <=> s_0409 + s_1538,R00836,R00836,1,,chebi,310,False,True,,0,
BIOMD0000000472,r_0202,s_0427 + s_1386 <=> s_0633 + s_1187,R01073,R01073,1,,chebi,310,False,True,,0,
BIOMD0000000472,r_0203,s_0515 + s_0999 <=> s_0427 + s_0991 + s_1399,R00986,R00986,1,,chebi,310,False,True,,0,
BIOMD0000000472,r_0207,s_0015 <=> s_0725 + s_0965,R01086,R01086,1,,chebi,310,False,True,,0,
BIOMD0000000472,r_0208,s_0434 + s_0973 + s_0979 <=> s_0015 + s_0423 + s_0633,R01954,R01954,1,,chebi,310,False,True,,0,
BIOMD0000000472,r_0209,s_0434 + s_0965 + s_1583 <=> s_0423 + s_0428 + s_0633,R03646,R03646,1,,chebi,310,False,True,,0,
BIOMD0000000472,r_0211,s_0434 + s_0973 + s_0999 <=> s_0423 + s_0633 + s_0969 + s_0991,R00578,R00578,1,,chebi,310,False,True,,0,
BIOMD0000000472,r_0212,s_0434 + s_0969 + s_1585 <=> s_0423 + s_0430 + s_0633,R03648,R03648,1,,chebi,310,False,True,,0,
BIOMD0000000472,r_0214,s_0455 + s_0973 <=> s_1194 + s_1322,R01397,R01397,1,,chebi,310,False,True,,0,
BIOMD0000000472,r_0215,s_0434 + s_0973 <=> s_0295 + s_0394,R00480,R00480,1,,chebi,310,False,True,,0,
BIOMD0000000472,r_0216,s_0991 + s_1271 <=> s_0180 + s_0973,R00355,R00355,1,,chebi,310,False,True,,0,
BIOMD0000000472,r_0219,s_0295 + s_1212 <=> s_0978 + s_1207 + s_1322,R02291,R02291,1,,chebi,310,False,True,,0,
BIOMD0000000472,r_0220,s_0434 + s_0973 + s_1587 <=> s_0423 + s_0432 + s_0633,R05577,R05577,1,,chebi,310,False,True,,0,
BIOMD0000000472,r_0225,s_0434 + s_1386 <=> s_0326 + s_0633,R01071,R01071,1,,chebi,310,False,True,,0,
BIOMD0000000472,r_0231,s_0262 + s_1212 <=> s_0122 + s_1207,R05639,R05639,1,,chebi,310,False,True,,0,
BIOMD0000000472,r_0236,s_0209 + s_1212 <=> s_0296 + s_1207,R07495,R07495,1,,chebi,310,False,True,,0,
BIOMD0000000472,r_0241,s_0122 + 3 s_1212 + 3 s_1275 <=> s_0297 + 3 s_1207,R07509,R07509,1,,chebi,310,False,True,,0,
BIOMD0000000472,r_0243,s_0700 <=> s_0657,R07497,R07497,1,,chebi,310,False,True,,0,
BIOMD0000000472,r_0244,s_0662 + s_1212 <=> s_0666 + s_1207,R05641,R05641,1,,chebi,310,False,True,,0,
BIOMD0000000472,r_0250,2 s_0434 + s_0445 + s_0999 <=> 2 s_0394 + s_0455 + s_0991 + s_1322,R00575,R00575,1,,chebi,310,False,True,,0,
BIOMD0000000472,r_0257,s_0539 + s_1331 <=> s_0471 + s_0633,R01799,R01799,1,,chebi,310,False,True,,0,
BIOMD0000000472,r_0278,s_0515 <=> s_1377,R01715,R01715,1,,chebi,310,False,True,,0,
BIOMD0000000472,r_0279,s_0324 <=> s_0515 + s_1322,R01714,R01714,1,,chebi,310,False,True,,0,
BIOMD0000000472,r_0280,s_0516 <=> s_0940,R01900,R01900,1,,chebi,310,False,True,,0,
BIOMD0000000472,r_0302,s_0522 <=> s_0516,R01325,R01325,1,,chebi,310,False,True,,0,
BIOMD0000000472,r_0309,s_1012 + s_1039 <=> s_0980,R01290,R01290,1,,chebi,310,False,True,,0,
BIOMD0000000472,r_0311,s_0981 + s_1233 <=> s_0362 + s_0980,R03217,R03217,1,,chebi,310,False,True,,0,
BIOMD0000000472,r_0313,s_0434 + s_0981 + s_1589 <=> s_0423 + s_0542 + s_0633,R03650,R03650,1,,chebi,310,False,True,,0,
BIOMD0000000472,r_0317,s_1059 + 3 s_1212 + 3 s_1275 <=> s_0262 + s_0722 + 3 s_1207,R05640,R05640,1,,chebi,310,False,True,,0,
BIOMD0000000472,r_0330,s_0394 + s_0613 <=> s_0434 + s_0615,R02090,R02090,1,,chebi,310,False,True,,0,
BIOMD0000000472,r_0344,s_0625 + s_1212 <=> s_1207 + s_1487,R00939,R00939,1,,chebi,310,False,True,,0,
BIOMD0000000472,r_0349,s_1194 <=> s_0061,R01993,R01993,1,,chebi,310,False,True,,0,
BIOMD0000000472,r_0352,s_0016 <=> s_0232,R04441,R04441,1,,chebi,310,False,True,,0,
BIOMD0000000472,r_0353,s_0008 <=> s_0056,R05070,R05070,1,,chebi,310,False,True,,0,
BIOMD0000000472,r_0355,s_0943 + s_1376 <=> s_0633 + s_0745,R01658,R01658,1,,chebi,310,False,True,,0,
BIOMD0000000472,r_0361,s_0645 + s_0743 <=> s_0644 + s_0739,R01009,R01009,1,,chebi,310,False,True,,0,
BIOMD0000000472,r_0364,s_0656 <=> s_0633 + s_0654,R02100,R02100,1,,chebi,310,False,True,,0,
BIOMD0000000472,r_0366,s_0188 <=> s_1360,R00658,R00658,1,,chebi,310,False,True,,0,
BIOMD0000000472,r_0438,4 s_0710 + s_1275 <=> 4 s_0709,R00081,R00081,1,,chebi,310,False,True,,0,
BIOMD0000000472,r_0446,s_0120 + s_0394 + s_1322 <=> s_0434 + s_0722 + s_1487,R00943,R00943,1,,chebi,310,False,True,,0,
BIOMD0000000472,r_0451,s_0725 <=> s_0066,R01082,R01082,1,,chebi,310,False,True,,0,
BIOMD0000000472,r_0462,s_0745 + s_0943 <=> s_0190 + s_0633,R02003,R02003,1,,chebi,310,False,True,,0,
BIOMD0000000472,r_0467,s_0568 <=> s_0557,R00771,R00771,1,,chebi,310,False,True,,0,
BIOMD0000000472,r_0478,s_0434 + s_0999 + s_1590 <=> s_0423 + s_0633 + s_0747,R03652,R03652,1,,chebi,310,False,True,,0,
BIOMD0000000472,r_0479,s_0434 + s_0991 + s_1591 <=> s_0423 + s_0633 + s_0748,R05578,R05578,1,,chebi,310,False,True,,0,
BIOMD0000000472,r_0481,s_0754 + s_1212 <=> 2 s_0750 + s_1207,R00115,R00115,1,,chebi,310,False,True,,0,
BIOMD0000000472,r_0483,2 s_0750 + s_0837 <=> s_0754,R00274,R00274,1,,chebi,310,False,True,,0,
BIOMD0000000472,r_0491,s_0629 + s_1203 <=> s_0767 + s_1198,R00842,R00842,1,,chebi,310,False,True,,0,
BIOMD0000000472,r_0495,s_0380 + s_0767 <=> s_0082 + s_0529,R00851,R00851,1,,chebi,310,False,True,,0,
BIOMD0000000472,r_0499,s_0120 + s_0325 <=> s_0301 + s_1487,R04325,R04325,1,,chebi,310,False,True,,0,
BIOMD0000000472,r_0502,s_1039 + s_1487 <=> s_0306 + s_1003,R00945,R00945,1,,chebi,310,False,True,,0,
BIOMD0000000472,r_0512,s_0434 + s_1003 + s_1593 <=> s_0423 + s_0633 + s_0757,R03654,R03654,1,,chebi,310,False,True,,0,
BIOMD0000000472,r_0514,s_0434 + s_0999 + s_1565 <=> s_0423 + s_0633 + s_0782 + s_0991,R01231,R01231,1,,chebi,310,False,True,,0,
BIOMD0000000472,r_0525,s_0785 <=> s_0141 + s_0633 + s_0722,R00425,R00425,1,,chebi,310,False,True,,0,
BIOMD0000000472,r_0528,s_0434 + s_0782 <=> s_0394 + s_0739,R00332,R00332,1,,chebi,310,False,True,,0,
BIOMD0000000472,r_0534,s_0434 + s_0563 <=> s_0394 + s_0568,R00299,R00299,1,,chebi,310,False,True,,0,
BIOMD0000000472,r_0536,s_1010 + 2 s_1198 <=> s_1006 + 2 s_1203,R01158,R01158,1,,chebi,310,False,True,,0,
BIOMD0000000472,r_0537,s_1011 <=> s_1010 + s_1322,R03013,R03013,1,,chebi,310,False,True,,0,
BIOMD0000000472,r_0538,s_0207 + s_0991 <=> s_0180 + s_1011,R03243,R03243,1,,chebi,310,False,True,,0,
BIOMD0000000472,r_0539,s_0434 + s_1006 + s_1594 <=> s_0423 + s_0633 + s_0832,R03655,R03655,1,,chebi,310,False,True,,0,
BIOMD0000000472,r_0542,s_0454 <=> s_0836,R04371,R04371,1,,chebi,310,False,True,,0,
BIOMD0000000472,r_0543,s_0180 + s_0373 <=> s_0529 + s_0835,R00271,R00271,1,,chebi,310,False,True,,0,
BIOMD0000000472,r_0547,s_0978 + s_1212 <=> s_1014 + s_1207,R01775,R01775,1,,chebi,310,False,True,,0,
BIOMD0000000472,r_0548,s_0434 + s_1014 <=> s_0394 + s_1238,R01771,R01771,1,,chebi,310,False,True,,0,
BIOMD0000000472,r_0549,s_0373 + s_1014 <=> s_0529 + s_1233,R01776,R01776,1,,chebi,310,False,True,,0,
BIOMD0000000472,r_0558,s_0218 + 2 s_1212 <=> s_0028 + s_0529 + 2 s_1207,R02082,R02082,1,,chebi,310,False,True,,0,
BIOMD0000000472,r_0559,s_0367 + s_0373 <=> s_0218 + s_0529,R01978,R01978,1,,chebi,310,False,True,,0,
BIOMD0000000472,r_0563,s_0312 + s_0999 <=> s_0403 + s_0550 + s_0991,R04558,R04558,1,,chebi,310,False,True,,0,
BIOMD0000000472,r_0564,s_0550 <=> s_0207,R03457,R03457,1,,chebi,310,False,True,,0,
BIOMD0000000472,r_0565,s_0849 + s_1198 <=> s_1203 + s_1565,R01130,R01130,1,,chebi,310,False,True,,0,
BIOMD0000000472,r_0566,s_0076 <=> s_0086 + s_0456,R03508,R03508,1,,chebi,310,False,True,,0,
BIOMD0000000472,r_0570,s_1365 <=> s_0849,R01127,R01127,1,,chebi,310,False,True,,0,
BIOMD0000000472,r_0594,s_0089 + s_0499 <=> s_0619 + s_0918,R03364,R03364,1,,chebi,310,False,True,,0,
BIOMD0000000472,r_0658,s_0940 + s_1198 <=> s_0180 + s_0456 + s_1203,R00709,R00709,1,,chebi,310,False,True,,0,
BIOMD0000000472,r_0661,s_0940 + s_1207 <=> s_0180 + s_0456 + s_1212,R00267,R00267,1,,chebi,310,False,True,,0,
BIOMD0000000472,r_0663,s_0056 + s_0991 <=> s_0180 + s_1016,R02199,R02199,1,,chebi,310,False,True,,0,
BIOMD0000000472,r_0665,s_0434 + s_1016 + s_1596 <=> s_0423 + s_0633 + s_0847,R03656,R03656,1,,chebi,310,False,True,,0,
BIOMD0000000472,r_0667,s_0943 <=> s_1376,R01123,R01123,1,,chebi,310,False,True,,0,
BIOMD0000000472,r_0674,s_0991 + s_1399 <=> s_0180 + s_0955,R00258,R00258,1,,chebi,310,False,True,,0,
BIOMD0000000472,r_0698,s_0037 <=> s_1059,R03199,R03199,1,,chebi,310,False,True,,0,
BIOMD0000000472,r_0699,s_0291 + s_0991 <=> s_0180 + s_1021,R01090,R01090,1,,chebi,310,False,True,,0,
BIOMD0000000472,r_0701,s_0434 + s_1021 + s_1598 <=> s_0423 + s_0633 + s_1077,R03657,R03657,1,,chebi,310,False,True,,0,
BIOMD0000000472,r_0711,s_0434 + s_1025 + s_1600 <=> s_0423 + s_0633 + s_1099,R03658,R03658,1,,chebi,310,False,True,,0,
BIOMD0000000472,r_0713,s_0066 + s_1198 <=> s_1203 + s_1271,R00342,R00342,1,,chebi,310,False,True,,0,
BIOMD0000000472,r_0722,s_0573 + s_0785 <=> s_0633 + s_0743,R00885,R00885,1,,chebi,310,False,True,,0,
BIOMD0000000472,r_0723,s_0557 <=> s_0574,R00772,R00772,1,,chebi,310,False,True,,0,
BIOMD0000000472,r_0724,s_0304 <=> s_0120,R01655,R01655,1,,chebi,310,False,True,,0,
BIOMD0000000472,r_0726,s_0434 + s_1029 <=> s_0633 + s_1322 + s_1416,R00177,R00177,1,,chebi,310,False,True,,0,
BIOMD0000000472,r_0727,s_0322 + s_1012 <=> s_1029 + s_1487,R00946,R00946,1,,chebi,310,False,True,,0,
BIOMD0000000472,r_0729,s_0434 + s_1029 + s_1602 <=> s_0423 + s_0633 + s_1148,R03659,R03659,1,,chebi,310,False,True,,0,
BIOMD0000000472,r_0731,s_0306 + s_1198 <=> s_0304 + s_1203,R01218,R01218,1,,chebi,310,False,True,,0,
BIOMD0000000472,r_0732,s_0306 + s_1207 <=> s_0304 + s_1212,R01220,R01220,1,,chebi,310,False,True,,0,
BIOMD0000000472,r_0739,s_0018 + s_0434 <=> s_0394 + s_0456 + s_0943 + s_1322,R01121,R01121,1,,chebi,310,False,True,,0,
BIOMD0000000472,r_0757,s_0126 <=> s_1153 + s_1322,R01185,R01185,1,,chebi,310,False,True,,0,
BIOMD0000000472,r_0759,s_1191 + s_1212 <=> s_0145 + s_1207 + s_1322,R03443,R03443,1,,chebi,310,False,True,,0,
BIOMD0000000472,r_0792,s_0467 <=> s_0526 + s_1322,R00514,R00514,1,,chebi,310,False,True,,0,
BIOMD0000000472,r_0800,s_0434 + s_0739 <=> s_0394 + s_0785,R00330,R00330,1,,chebi,310,False,True,,0,
BIOMD0000000472,r_0811,s_0434 + s_1538 <=> s_0394 + s_1559,R00156,R00156,1,,chebi,310,False,True,,0,
BIOMD0000000472,r_0813,s_0841 + s_1233 <=> s_0362 + s_1012,R01287,R01287,1,,chebi,310,False,True,,0,
BIOMD0000000472,r_0820,s_1269 + s_1386 <=> s_0633 + s_1270,R01870,R01870,1,,chebi,310,False,True,,0,
BIOMD0000000472,r_0821,s_1270 <=> s_0456 + s_1545,R00965,R00965,1,,chebi,310,False,True,,0,
BIOMD0000000472,r_0851,s_0951 + s_0991 <=> s_0180 + s_1032,R00694,R00694,1,,chebi,310,False,True,,0,
BIOMD0000000472,r_0852,s_0434 + s_1032 + s_1604 <=> s_0423 + s_0633 + s_1314,R03660,R03660,1,,chebi,310,False,True,,0,
BIOMD0000000472,r_0855,s_0302 + s_0434 <=> s_0300 + s_0394 + s_1322,R04208,R04208,1,,chebi,310,False,True,,0,
BIOMD0000000472,r_0858,s_1351 + s_1416 <=> s_1343 + s_1413,R02056,R02056,1,,chebi,310,False,True,,0,
BIOMD0000000472,r_0874,s_0471 + s_1153 <=> s_0089 + s_0526,R01802,R01802,1,,chebi,310,False,True,,0,
BIOMD0000000472,r_0877,s_1337 <=> s_0456 + s_1351,R02055,R02055,1,,chebi,310,False,True,,0,
BIOMD0000000472,r_0880,s_0471 + s_1039 <=> s_0526 + s_1337,R01800,R01800,1,,chebi,310,False,True,,0,
BIOMD0000000472,r_0886,s_0434 + s_0557 <=> s_0394 + s_0555,R00756,R00756,1,,chebi,310,False,True,,0,
BIOMD0000000472,r_0888,s_0568 <=> s_0567,R08639,R08639,1,,chebi,310,False,True,,0,
BIOMD0000000472,r_0891,s_0260 + s_1198 <=> s_0258 + s_1203,R01513,R01513,1,,chebi,310,False,True,,0,
BIOMD0000000472,r_0892,s_0075 + s_0394 <=> s_0260 + s_0434,R01512,R01512,1,,chebi,310,False,True,,0,
BIOMD0000000472,r_0893,s_0260 <=> s_0188,R01518,R01518,1,,chebi,310,False,True,,0,
BIOMD0000000472,r_0900,s_1342 + s_1416 <=> s_1346 + s_1413,R01320,R01320,1,,chebi,310,False,True,,0,
BIOMD0000000472,r_0901,s_1343 + s_1416 <=> s_1342 + s_1413,R03424,R03424,1,,chebi,310,False,True,,0,
BIOMD0000000472,r_0902,s_0574 <=> s_0573,R01818,R01818,1,,chebi,310,False,True,,0,
BIOMD0000000472,r_0904,s_0019 + s_0434 <=> s_0018 + s_0394,R03245,R03245,1,,chebi,310,False,True,,0,
BIOMD0000000472,r_0908,s_0434 + s_0973 + s_1364 <=> s_0299 + s_0394 + s_1322,R04591,R04591,1,,chebi,310,False,True,,0,
BIOMD0000000472,r_0909,s_0078 <=> s_0077,R04037,R04037,1,,chebi,310,False,True,,0,
BIOMD0000000472,r_0910,s_0326 <=> s_0078 + s_0633,R04035,R04035,1,,chebi,310,False,True,,0,
BIOMD0000000472,r_0911,s_0300 + s_0456 + s_0434 <=> s_1364 + s_0394 + s_1322,R04209,R04209,1,,chebi,310,False,True,,0,
BIOMD0000000472,r_0912,s_0120 + s_0403 <=> s_1365 + s_1487,R04560,R04560,1,,chebi,310,False,True,,0,
BIOMD0000000472,r_0913,s_1187 <=> s_0076,R03509,R03509,1,,chebi,310,False,True,,0,
BIOMD0000000472,r_0914,s_0327 + s_0434 + s_1003 <=> s_0325 + s_0394 + s_1322,R04144,R04144,1,,chebi,310,False,True,,0,
BIOMD0000000472,r_0915,s_0999 + s_1386 <=> s_0327 + s_0633 + s_0991,R01072,R01072,1,,chebi,310,False,True,,0,
BIOMD0000000472,r_0917,s_0259 <=> s_1039 + s_1322,R00582,R00582,1,,chebi,310,False,True,,0,
BIOMD0000000472,r_0918,s_0258 + s_0991 <=> s_0180 + s_0259,R04173,R04173,1,,chebi,310,False,True,,0,
BIOMD0000000472,r_0922,s_1212 + s_1275 + s_1445 <=> s_1207 + s_1366,R06525,R06525,1,,chebi,310,False,True,,0,
BIOMD0000000472,r_0938,s_1377 <=> s_0456 + s_0951,R01373,R01373,1,,chebi,310,False,True,,0,
BIOMD0000000472,r_0939,s_1207 + s_1377 <=> s_0204 + s_0456 + s_1212,R01730,R01730,1,,chebi,310,False,True,,0,
BIOMD0000000472,r_0941,s_0434 + s_1035 + s_1606 <=> s_0423 + s_0633 + s_1379,R03661,R03661,1,,chebi,310,False,True,,0,
BIOMD0000000472,r_0958,s_0434 + s_0445 + s_1399 <=> s_0394 + s_1271 + s_1322,R00344,R00344,1,,chebi,310,False,True,,0,
BIOMD0000000472,r_0961,s_0529 + s_1198 + s_1399 <=> s_0373 + s_0456 + s_1203,R00209,R00209,1,,chebi,310,False,True,,0,
BIOMD0000000472,r_0962,s_0394 + s_1360 <=> s_0434 + s_1399,R00200,R00200,1,,chebi,310,False,True,,0,
BIOMD0000000472,r_0967,s_0158 + s_0314 <=> s_0328 + s_1322,R04457,R04457,1,,chebi,310,False,True,,0,
BIOMD0000000472,r_0968,2 s_0328 <=> s_0314 + s_1405,R00066,R00066,1,,chebi,310,False,True,,0,
BIOMD0000000472,r_0970,s_0434 + s_1616 <=> s_0586 + s_1620,R02014,R02014,1,,chebi,310,False,True,,0,
BIOMD0000000472,r_0973,s_1559 + s_1616 <=> s_0656 + s_1620,R02023,R02023,1,,chebi,310,False,True,,0,
BIOMD0000000472,r_0974,s_0394 + s_1616 <=> s_0582 + s_1620,R02017,R02017,1,,chebi,310,False,True,,0,
BIOMD0000000472,r_0976,s_0467 + s_1616 <=> s_0587 + s_1620,R02024,R02024,1,,chebi,310,False,True,,0,
BIOMD0000000472,r_0978,s_0739 + s_1616 <=> s_0613 + s_1620,R02019,R02019,1,,chebi,310,False,True,,0,
BIOMD0000000472,r_0984,s_0581 <=> s_0577,R01529,R01529,1,,chebi,310,False,True,,0,
BIOMD0000000472,r_0986,s_1416 + s_1569 <=> s_0700 + s_1413,R04427,R04427,1,,chebi,310,False,True,,0,
BIOMD0000000472,r_0988,s_1038 + s_1198 <=> s_0180 + s_1025 + s_1203,R00715,R00715,1,,chebi,310,False,True,,0,
BIOMD0000000472,r_0989,s_0959 + s_0991 + s_1212 <=> s_1038 + s_1207,R02315,R02315,1,,chebi,310,False,True,,0,
BIOMD0000000472,r_0993,s_1039 + s_1302 <=> s_0231 + s_0456 + s_0529,R01281,R01281,1,,chebi,310,False,True,,0,
BIOMD0000000472,r_0995,s_0434 + s_1039 + s_1607 <=> s_0423 + s_0633 + s_1428,R03662,R03662,1,,chebi,310,False,True,,0,
BIOMD0000000472,r_0996,s_0211 + s_1212 <=> s_1207 + s_1429,R02413,R02413,1,,chebi,310,False,True,,0,
BIOMD0000000472,r_0997,s_0434 + s_1429 <=> s_0261 + s_0394,R02412,R02412,1,,chebi,310,False,True,,0,
BIOMD0000000472,r_1011,s_1212 + s_1275 + s_1447 <=> s_0037 + s_1207,R02874,R02874,1,,chebi,310,False,True,,0,
BIOMD0000000472,r_1012,2 s_0190 + s_1212 <=> 2 s_0633 + s_1207 + s_1447,R06223,R06223,1,,chebi,310,False,True,,0,
BIOMD0000000472,r_1026,s_0394 + s_1467 <=> s_0298 + s_1322,R00530,R00530,1,,chebi,310,False,True,,0,
BIOMD0000000472,r_1038,s_1212 + s_1620 <=> s_1207 + s_1616,R02016,R02016,1,,chebi,310,False,True,,0,
BIOMD0000000472,r_1041,s_1238 <=> s_1045 + s_1322,R01466,R01466,1,,chebi,310,False,True,,0,
BIOMD0000000472,r_1042,s_0434 + s_1045 + s_1608 <=> s_0423 + s_0633 + s_1491,R03663,R03663,1,,chebi,310,False,True,,0,
BIOMD0000000472,r_1045,s_0306 + s_0654 <=> s_0625 + s_0649,R02101,R02101,1,,chebi,310,False,True,,0,
BIOMD0000000472,r_1051,s_0409 <=> s_1322 + s_1520,R02778,R02778,1,,chebi,310,False,True,,0,
BIOMD0000000472,r_1057,s_0434 + s_1048 + s_1610 <=> s_0423 + s_0633 + s_1527,R03664,R03664,1,,chebi,310,False,True,,0,
BIOMD0000000472,r_1063,s_0204 + s_0991 <=> s_0180 + s_1051,R00734,R00734,1,,chebi,310,False,True,,0,
BIOMD0000000472,r_1066,s_0434 + s_1051 + s_1612 <=> s_0423 + s_0633 + s_1533,R02918,R02918,1,,chebi,310,False,True,,0,
BIOMD0000000472,r_1072,s_0434 + s_1545 <=> s_0394 + s_1538,R00158,R00158,1,,chebi,310,False,True,,0,
BIOMD0000000472,r_1084,s_0567 + s_1559 <=> s_0633 + s_1543,R00289,R00289,1,,chebi,310,False,True,,0,
BIOMD0000000472,r_1087,s_0232 + s_0991 <=> s_0180 + s_1056,R01214,R01214,1,,chebi,310,False,True,,0,
BIOMD0000000472,r_1089,s_0434 + s_1056 + s_1614 <=> s_0423 + s_0633 + s_1561,R03665,R03665,1,,chebi,310,False,True,,0,
BIOMD0000000473,ADH,AcAld + NADH <=> EtOH + NAD,R00754,R00754,1,,chebi,320,False,True,,0,
BIOMD0000000473,AK,2 ADP <=> AMP + ATP,R00127,R00127,1,,chebi,320,False,True,,0,
BIOMD0000000473,ENO,P2G <=> PEP,R00658,R00658,1,,chebi,320,False,True,,0,
BIOMD0000000473,GPM,P3G <=> P2G,R01518,R01518,1,,chebi,320,False,True,,0,
BIOMD0000000473,HXK,ATP + GLC <=> ADP + G6P,R00299,R00299,1,,chebi,320,False,True,,0,
BIOMD0000000473,PDC,PYR <=> AcAld + CO2,R00224,R00224,1,,chebi,320,False,True,,0,
BIOMD0000000473,PFK,ATP + F6P <=> ADP + F16bP,R00756,R00756,1,,chebi,320,False,True,,0,
BIOMD0000000473,PGI,G6P <=> F6P,R00771,R00771,1,,chebi,320,False,True,,0,
BIOMD0000000473,PGK,BPG + ADP <=> P3G + ATP,R01512,R01512,1,,chebi,320,False,True,,0,
BIOMD0000000473,PYK,ADP + PEP <=> ATP + PYR,R00200,R00200,1,,chebi,320,False,True,,0,
BIOMD0000000473,r_0001,s_0025 + 2 s_0709 <=> 2 s_0710 + PYR,R00197,R00197,1,,chebi,320,False,True,,0,
BIOMD0000000473,r_0004,s_0063 + 2 s_0709 <=> 2 s_0710 + PYR,R00196,R00196,1,,chebi,320,False,True,,0,
BIOMD0000000473,r_0005,s_1543 <=> s_0002 + s_1538,R03118,R03118,1,,chebi,320,False,True,,0,
BIOMD0000000473,r_0007,s_0077 <=> s_0312,R04640,R04640,1,,chebi,320,False,True,,0,
BIOMD0000000473,r_0008,s_0082 + s_0380 <=> s_0529 + s_1331,R02241,R02241,1,,chebi,320,False,True,,0,
BIOMD0000000473,r_0015,s_0141 + s_1212 <=> s_0142 + s_1207,R09376,R09376,1,,chebi,320,False,True,,0,
BIOMD0000000473,r_0016,s_0178 + PYR <=> s_0039 + CO2,R08648,R08648,1,,chebi,320,False,True,,0,
BIOMD0000000473,r_0018,s_0176 + s_0991 <=> s_0180 + s_0953,R01939,R01939,1,,chebi,320,False,True,,0,
BIOMD0000000473,r_0020,s_0551 + PEP <=> s_0349 + PHO,R01826,R01826,1,,chebi,320,False,True,,0,
BIOMD0000000473,r_0023,s_0162 <=> s_0165,R03968,R03968,1,,chebi,320,False,True,,0,
BIOMD0000000473,r_0024,s_0232 + s_0373 <=> s_0162 + s_0529,R01213,R01213,1,,chebi,320,False,True,,0,
BIOMD0000000473,r_0027,s_0835 <=> s_0454,R03444,R03444,1,,chebi,320,False,True,,0,
BIOMD0000000473,r_0029,s_0010 <=> s_0291 + CO2,R01652,R01652,1,,chebi,320,False,True,,0,
BIOMD0000000473,r_0032,s_0390 <=> AMP + PHO,R00188,R00188,1,,chebi,320,False,True,,0,
BIOMD0000000473,r_0038,s_0577 <=> s_0158 + s_0722,R07281,R07281,1,,chebi,320,False,True,,0,
BIOMD0000000473,r_0039,s_0210 <=> s_0211,R03084,R03084,1,,chebi,320,False,True,,0,
BIOMD0000000473,r_0040,s_0349 <=> s_0210 + PHO,R03083,R03083,1,,chebi,320,False,True,,0,
BIOMD0000000473,r_0041,s_0231 + s_1212 <=> s_1207 + s_1445,R02978,R02978,1,,chebi,320,False,True,,0,
BIOMD0000000473,r_0060,s_0165 <=> s_0009,R04001,R04001,1,,chebi,320,False,True,,0,
BIOMD0000000473,r_0061,s_0009 + NAD <=> s_0010 + NADH,R04426,R04426,1,,chebi,320,False,True,,0,
BIOMD0000000473,r_0065,s_0261 + PEP <=> s_0324 + PHO,R03460,R03460,1,,chebi,320,False,True,,0,
BIOMD0000000473,r_0079,s_0301 + ATP + s_0999 <=> s_0302 + ADP + s_0991 + PHO,R04463,R04463,1,,chebi,320,False,True,,0,
BIOMD0000000473,r_0080,s_0306 + s_1212 <=> s_0322 + s_1207,R01224,R01224,1,,chebi,320,False,True,,0,
BIOMD0000000473,r_0091,s_0335 <=> s_0340,R02035,R02035,1,,chebi,320,False,True,,0,
BIOMD0000000473,r_0097,2 PYR <=> s_0146 + CO2,R00006,R00006,1,,chebi,320,False,True,,0,
BIOMD0000000473,r_0108,s_0373 + ATP + s_0445 <=> ADP + s_1101 + PHO,R00742,R00742,1,,chebi,320,False,True,,0,
BIOMD0000000473,r_0115,ATP + s_1192 <=> ADP + s_1191,R02649,R02649,1,,chebi,320,False,True,,0,
BIOMD0000000473,r_0118,s_0145 + s_0991 <=> s_0180 + s_1182,R02283,R02283,1,,chebi,320,False,True,,0,
BIOMD0000000473,r_0142,s_0386 + ATP <=> ADP + AMP,R00185,R00185,1,,chebi,320,False,True,,0,
BIOMD0000000473,r_0144,s_1413 <=> s_0386 + s_1012,R00192,R00192,1,,chebi,320,False,True,,0,
BIOMD0000000473,r_0151,s_0299 <=> s_0403 + s_0725,R04559,R04559,1,,chebi,320,False,True,,0,
BIOMD0000000473,r_0152,s_0393 <=> AMP + s_0725,R01083,R01083,1,,chebi,320,False,True,,0,
BIOMD0000000473,r_0153,s_0785 + s_0849 + s_0973 <=> s_0393 + s_0739 + PHO,R01135,R01135,1,,chebi,320,False,True,,0,
BIOMD0000000473,r_0154,s_0298 + ATP <=> s_0201 + ADP,R00509,R00509,1,,chebi,320,False,True,,0,
BIOMD0000000473,r_0156,s_0779 + s_0955 <=> s_1003 + PYR,R00369,R00369,1,,chebi,320,False,True,,0,
BIOMD0000000473,r_0157,ATP + s_0955 + s_1582 <=> s_0404 + AMP + s_0633,R03038,R03038,1,,chebi,320,False,True,,0,
BIOMD0000000473,r_0173,AcAld + s_1207 <=> s_0362 + s_1212,R00711,R00711,1,,chebi,320,False,True,,0,
BIOMD0000000473,r_0174,AcAld + NAD <=> s_0362 + NADH,R00710,R00710,1,,chebi,320,False,True,,0,
BIOMD0000000473,r_0195,G6P + s_1543 <=> s_0409 + s_1538,R00836,R00836,1,,chebi,320,False,True,,0,
BIOMD0000000473,r_0202,s_0427 + s_1386 <=> s_0633 + s_1187,R01073,R01073,1,,chebi,320,False,True,,0,
BIOMD0000000473,r_0203,s_0515 + s_0999 <=> s_0427 + s_0991 + PYR,R00986,R00986,1,,chebi,320,False,True,,0,
BIOMD0000000473,r_0207,s_0015 <=> s_0725 + s_0965,R01086,R01086,1,,chebi,320,False,True,,0,
BIOMD0000000473,r_0208,ATP + s_0973 + s_0979 <=> s_0015 + AMP + s_0633,R01954,R01954,1,,chebi,320,False,True,,0,
BIOMD0000000473,r_0209,ATP + s_0965 + s_1583 <=> AMP + s_0428 + s_0633,R03646,R03646,1,,chebi,320,False,True,,0,
BIOMD0000000473,r_0211,ATP + s_0973 + s_0999 <=> AMP + s_0633 + s_0969 + s_0991,R00578,R00578,1,,chebi,320,False,True,,0,
BIOMD0000000473,r_0212,ATP + s_0969 + s_1585 <=> AMP + s_0430 + s_0633,R03648,R03648,1,,chebi,320,False,True,,0,
BIOMD0000000473,r_0214,s_0455 + s_0973 <=> s_1194 + PHO,R01397,R01397,1,,chebi,320,False,True,,0,
BIOMD0000000473,r_0215,ATP + s_0973 <=> s_0295 + ADP,R00480,R00480,1,,chebi,320,False,True,,0,
BIOMD0000000473,r_0216,s_0991 + s_1271 <=> s_0180 + s_0973,R00355,R00355,1,,chebi,320,False,True,,0,
BIOMD0000000473,r_0219,s_0295 + s_1212 <=> s_0978 + s_1207 + PHO,R02291,R02291,1,,chebi,320,False,True,,0,
BIOMD0000000473,r_0220,ATP + s_0973 + s_1587 <=> AMP + s_0432 + s_0633,R05577,R05577,1,,chebi,320,False,True,,0,
BIOMD0000000473,r_0225,ATP + s_1386 <=> s_0326 + s_0633,R01071,R01071,1,,chebi,320,False,True,,0,
BIOMD0000000473,r_0231,s_0262 + s_1212 <=> s_0122 + s_1207,R05639,R05639,1,,chebi,320,False,True,,0,
BIOMD0000000473,r_0236,s_0209 + s_1212 <=> s_0296 + s_1207,R07495,R07495,1,,chebi,320,False,True,,0,
BIOMD0000000473,r_0241,s_0122 + 3 s_1212 + 3 s_1275 <=> s_0297 + 3 s_1207,R07509,R07509,1,,chebi,320,False,True,,0,
BIOMD0000000473,r_0243,s_0700 <=> s_0657,R07497,R07497,1,,chebi,320,False,True,,0,
BIOMD0000000473,r_0244,s_0662 + s_1212 <=> s_0666 + s_1207,R05641,R05641,1,,chebi,320,False,True,,0,
BIOMD0000000473,r_0250,2 ATP + s_0445 + s_0999 <=> 2 ADP + s_0455 + s_0991 + PHO,R00575,R00575,1,,chebi,320,False,True,,0,
BIOMD0000000473,r_0257,s_0539 + s_1331 <=> s_0471 + s_0633,R01799,R01799,1,,chebi,320,False,True,,0,
BIOMD0000000473,r_0264,s_0816 + s_1445 <=> s_0478 + s_0529,R06517,R06517,1,,chebi,320,False,True,,0,
BIOMD0000000473,r_0278,s_0515 <=> s_1377,R01715,R01715,1,,chebi,320,False,True,,0,
BIOMD0000000473,r_0279,s_0324 <=> s_0515 + PHO,R01714,R01714,1,,chebi,320,False,True,,0,
BIOMD0000000473,r_0280,s_0516 <=> s_0940,R01900,R01900,1,,chebi,320,False,True,,0,
BIOMD0000000473,r_0302,s_0522 <=> s_0516,R01325,R01325,1,,chebi,320,False,True,,0,
BIOMD0000000473,r_0309,s_1012 + s_1039 <=> s_0980,R01290,R01290,1,,chebi,320,False,True,,0,
BIOMD0000000473,r_0311,s_0981 + s_1233 <=> s_0362 + s_0980,R03217,R03217,1,,chebi,320,False,True,,0,
BIOMD0000000473,r_0313,ATP + s_0981 + s_1589 <=> AMP + s_0542 + s_0633,R03650,R03650,1,,chebi,320,False,True,,0,
BIOMD0000000473,r_0317,s_1059 + 3 s_1212 + 3 s_1275 <=> s_0262 + s_0722 + 3 s_1207,R05640,R05640,1,,chebi,320,False,True,,0,
BIOMD0000000473,r_0330,ADP + s_0613 <=> ATP + s_0615,R02090,R02090,1,,chebi,320,False,True,,0,
BIOMD0000000473,r_0344,s_0625 + s_1212 <=> s_1207 + s_1487,R00939,R00939,1,,chebi,320,False,True,,0,
BIOMD0000000473,r_0349,s_1194 <=> s_0061,R01993,R01993,1,,chebi,320,False,True,,0,
BIOMD0000000473,r_0352,s_0016 <=> s_0232,R04441,R04441,1,,chebi,320,False,True,,0,
BIOMD0000000473,r_0353,s_0008 <=> s_0056,R05070,R05070,1,,chebi,320,False,True,,0,
BIOMD0000000473,r_0355,s_0943 + s_1376 <=> s_0633 + s_0745,R01658,R01658,1,,chebi,320,False,True,,0,
BIOMD0000000473,r_0361,s_0645 + s_0743 <=> s_0644 + s_0739,R01009,R01009,1,,chebi,320,False,True,,0,
BIOMD0000000473,r_0364,s_0656 <=> s_0633 + s_0654,R02100,R02100,1,,chebi,320,False,True,,0,
BIOMD0000000473,r_0438,4 s_0710 + s_1275 <=> 4 s_0709,R00081,R00081,1,,chebi,320,False,True,,0,
BIOMD0000000473,r_0446,ATP + s_0722 + s_1487 <=> s_0120 + ADP + PHO,R00943,R00943,1,,chebi,320,False,True,,0,
BIOMD0000000473,r_0451,s_0725 <=> s_0066,R01082,R01082,1,,chebi,320,False,True,,0,
BIOMD0000000473,r_0462,s_0745 + s_0943 <=> s_0190 + s_0633,R02003,R02003,1,,chebi,320,False,True,,0,
BIOMD0000000473,r_0466,G6P + s_1207 <=> s_0335 + s_1212,R00835,R00835,1,,chebi,320,False,True,,0,
BIOMD0000000473,r_0478,ATP + s_0999 + s_1590 <=> AMP + s_0633 + s_0747,R03652,R03652,1,,chebi,320,False,True,,0,
BIOMD0000000473,r_0479,ATP + s_0991 + s_1591 <=> AMP + s_0633 + s_0748,R05578,R05578,1,,chebi,320,False,True,,0,
BIOMD0000000473,r_0489,s_0767 <=> GLY + PHO,R00841,R00841,1,,chebi,320,False,True,,0,
BIOMD0000000473,r_0491,DHAP + NADH <=> s_0767 + NAD,R00842,R00842,1,,chebi,320,False,True,,0,
BIOMD0000000473,r_0495,s_0380 + s_0767 <=> s_0082 + s_0529,R00851,R00851,1,,chebi,320,False,True,,0,
BIOMD0000000473,r_0499,s_0120 + s_0325 <=> s_0301 + s_1487,R04325,R04325,1,,chebi,320,False,True,,0,
BIOMD0000000473,r_0502,s_0306 + s_1003 <=> s_1039 + s_1487,R00945,R00945,1,,chebi,320,False,True,,0,
BIOMD0000000473,r_0512,ATP + s_1003 + s_1593 <=> AMP + s_0633 + s_0757,R03654,R03654,1,,chebi,320,False,True,,0,
BIOMD0000000473,r_0514,ATP + s_0999 + s_1565 <=> AMP + s_0633 + s_0782 + s_0991,R01231,R01231,1,,chebi,320,False,True,,0,
BIOMD0000000473,r_0525,s_0785 <=> s_0141 + s_0633 + s_0722,R00425,R00425,1,,chebi,320,False,True,,0,
BIOMD0000000473,r_0528,ATP + s_0782 <=> ADP + s_0739,R00332,R00332,1,,chebi,320,False,True,,0,
BIOMD0000000473,r_0536,s_1010 + 2 NAD <=> s_1006 + 2 NADH,R01158,R01158,1,,chebi,320,False,True,,0,
BIOMD0000000473,r_0537,s_1011 <=> s_1010 + PHO,R03013,R03013,1,,chebi,320,False,True,,0,
BIOMD0000000473,r_0538,s_0207 + s_0991 <=> s_0180 + s_1011,R03243,R03243,1,,chebi,320,False,True,,0,
BIOMD0000000473,r_0539,ATP + s_1006 + s_1594 <=> AMP + s_0633 + s_0832,R03655,R03655,1,,chebi,320,False,True,,0,
BIOMD0000000473,r_0542,s_0454 <=> s_0836,R04371,R04371,1,,chebi,320,False,True,,0,
BIOMD0000000473,r_0543,s_0180 + s_0373 <=> s_0529 + s_0835,R00271,R00271,1,,chebi,320,False,True,,0,
BIOMD0000000473,r_0547,s_0978 + s_1212 <=> s_1014 + s_1207,R01775,R01775,1,,chebi,320,False,True,,0,
BIOMD0000000473,r_0548,ATP + s_1014 <=> ADP + s_1238,R01771,R01771,1,,chebi,320,False,True,,0,
BIOMD0000000473,r_0549,s_0373 + s_1014 <=> s_0529 + s_1233,R01776,R01776,1,,chebi,320,False,True,,0,
BIOMD0000000473,r_0553,s_0033 <=> s_0025 + s_0750,R01736,R01736,1,,chebi,320,False,True,,0,
BIOMD0000000473,r_0558,s_0218 + 2 s_1212 <=> s_0028 + s_0529 + 2 s_1207,R02082,R02082,1,,chebi,320,False,True,,0,
BIOMD0000000473,r_0559,s_0367 + s_0373 <=> s_0218 + s_0529,R01978,R01978,1,,chebi,320,False,True,,0,
BIOMD0000000473,r_0563,s_0312 + s_0999 <=> s_0403 + s_0550 + s_0991,R04558,R04558,1,,chebi,320,False,True,,0,
BIOMD0000000473,r_0564,s_0550 <=> s_0207,R03457,R03457,1,,chebi,320,False,True,,0,
BIOMD0000000473,r_0565,s_0849 + NAD <=> NADH + s_1565,R01130,R01130,1,,chebi,320,False,True,,0,
BIOMD0000000473,r_0566,s_0076 <=> s_0086 + CO2,R03508,R03508,1,,chebi,320,False,True,,0,
BIOMD0000000473,r_0570,s_1365 <=> s_0849,R01127,R01127,1,,chebi,320,False,True,,0,
BIOMD0000000473,r_0591,s_0089 + s_0478 <=> s_0619 + s_0897,R03364,R03364,1,,chebi,320,False,True,,0,
BIOMD0000000473,r_0658,s_0940 + NAD <=> s_0180 + CO2 + NADH,R00709,R00709,1,,chebi,320,False,True,,0,
BIOMD0000000473,r_0661,s_0940 + s_1207 <=> s_0180 + CO2 + s_1212,R00267,R00267,1,,chebi,320,False,True,,0,
BIOMD0000000473,r_0662,s_0940 <=> s_0779 + s_1458,R00479,R00479,1,,chebi,320,False,True,,0,
BIOMD0000000473,r_0663,s_0056 + s_0991 <=> s_0180 + s_1016,R02199,R02199,1,,chebi,320,False,True,,0,
BIOMD0000000473,r_0665,ATP + s_1016 + s_1596 <=> AMP + s_0633 + s_0847,R03656,R03656,1,,chebi,320,False,True,,0,
BIOMD0000000473,r_0667,s_0943 <=> s_1376,R01123,R01123,1,,chebi,320,False,True,,0,
BIOMD0000000473,r_0674,s_0991 + PYR <=> s_0180 + s_0955,R00258,R00258,1,,chebi,320,False,True,,0,
BIOMD0000000473,r_0688,s_1151 + s_1212 <=> s_0062 + s_1207,R02260,R02260,1,,chebi,320,False,True,,0,
BIOMD0000000473,r_0696,s_0062 + NAD <=> s_0063 + NADH,R01446,R01446,1,,chebi,320,False,True,,0,
BIOMD0000000473,r_0697,s_0750 + s_1151 <=> s_0033,R02530,R02530,1,,chebi,320,False,True,,0,
BIOMD0000000473,r_0698,s_0037 <=> s_1059,R03199,R03199,1,,chebi,320,False,True,,0,
BIOMD0000000473,r_0699,s_0291 + s_0991 <=> s_0180 + s_1021,R01090,R01090,1,,chebi,320,False,True,,0,
BIOMD0000000473,r_0701,ATP + s_1021 + s_1598 <=> AMP + s_0633 + s_1077,R03657,R03657,1,,chebi,320,False,True,,0,
BIOMD0000000473,r_0711,ATP + s_1025 + s_1600 <=> AMP + s_0633 + s_1099,R03658,R03658,1,,chebi,320,False,True,,0,
BIOMD0000000473,r_0713,s_0066 + NAD <=> NADH + s_1271,R00342,R00342,1,,chebi,320,False,True,,0,
BIOMD0000000473,r_0722,s_0573 + s_0785 <=> s_0633 + s_0743,R00885,R00885,1,,chebi,320,False,True,,0,
BIOMD0000000473,r_0723,F6P <=> s_0574,R00772,R00772,1,,chebi,320,False,True,,0,
BIOMD0000000473,r_0724,s_0304 <=> s_0120,R01655,R01655,1,,chebi,320,False,True,,0,
BIOMD0000000473,r_0726,ATP + s_1029 <=> s_0633 + PHO + s_1416,R00177,R00177,1,,chebi,320,False,True,,0,
BIOMD0000000473,r_0727,s_0322 + s_1012 <=> s_1029 + s_1487,R00946,R00946,1,,chebi,320,False,True,,0,
BIOMD0000000473,r_0729,ATP + s_1029 + s_1602 <=> AMP + s_0633 + s_1148,R03659,R03659,1,,chebi,320,False,True,,0,
BIOMD0000000473,r_0731,s_0304 + NADH <=> s_0306 + NAD,R01218,R01218,1,,chebi,320,False,True,,0,
BIOMD0000000473,r_0732,s_0306 + s_1207 <=> s_0304 + s_1212,R01220,R01220,1,,chebi,320,False,True,,0,
BIOMD0000000473,r_0735,s_0028 + ATP <=> s_0019 + ADP,R02245,R02245,1,,chebi,320,False,True,,0,
BIOMD0000000473,r_0739,s_0018 + ATP <=> ADP + CO2 + s_0943 + PHO,R01121,R01121,1,,chebi,320,False,True,,0,
BIOMD0000000473,r_0757,s_0126 <=> s_1153 + PHO,R01185,R01185,1,,chebi,320,False,True,,0,
BIOMD0000000473,r_0759,s_1191 + s_1212 <=> s_0145 + s_1207 + PHO,R03443,R03443,1,,chebi,320,False,True,,0,
BIOMD0000000473,r_0792,s_0467 <=> s_0526 + PHO,R00514,R00514,1,,chebi,320,False,True,,0,
BIOMD0000000473,r_0800,ATP + s_0739 <=> ADP + s_0785,R00330,R00330,1,,chebi,320,False,True,,0,
BIOMD0000000473,r_0811,ATP + s_1538 <=> ADP + s_1559,R00156,R00156,1,,chebi,320,False,True,,0,
BIOMD0000000473,r_0813,s_0841 + s_1233 <=> s_0362 + s_1012,R01287,R01287,1,,chebi,320,False,True,,0,
BIOMD0000000473,r_0820,s_1269 + s_1386 <=> s_0633 + s_1270,R01870,R01870,1,,chebi,320,False,True,,0,
BIOMD0000000473,r_0821,s_1270 <=> CO2 + s_1545,R00965,R00965,1,,chebi,320,False,True,,0,
BIOMD0000000473,r_0851,s_0951 + s_0991 <=> s_0180 + s_1032,R00694,R00694,1,,chebi,320,False,True,,0,
BIOMD0000000473,r_0852,ATP + s_1032 + s_1604 <=> AMP + s_0633 + s_1314,R03660,R03660,1,,chebi,320,False,True,,0,
BIOMD0000000473,r_0855,s_0302 + ATP <=> s_0300 + ADP + PHO,R04208,R04208,1,,chebi,320,False,True,,0,
BIOMD0000000473,r_0858,s_1351 + s_1416 <=> s_1343 + s_1413,R02056,R02056,1,,chebi,320,False,True,,0,
BIOMD0000000473,r_0874,s_0471 + s_1153 <=> s_0089 + s_0526,R01802,R01802,1,,chebi,320,False,True,,0,
BIOMD0000000473,r_0877,s_1337 <=> CO2 + s_1351,R02055,R02055,1,,chebi,320,False,True,,0,
BIOMD0000000473,r_0880,s_0471 + s_1039 <=> s_0526 + s_1337,R01800,R01800,1,,chebi,320,False,True,,0,
BIOMD0000000473,r_0884,ATP + s_1271 <=> ADP + CO2 + PEP,R00341,R00341,1,,chebi,320,False,True,,0,
BIOMD0000000473,r_0888,G6P <=> s_0567,R08639,R08639,1,,chebi,320,False,True,,0,
BIOMD0000000473,r_0889,s_0340 + s_1207 <=> CO2 + s_0577 + s_1212,R01528,R01528,1,,chebi,320,False,True,,0,
BIOMD0000000473,r_0900,s_1342 + s_1416 <=> s_1346 + s_1413,R01320,R01320,1,,chebi,320,False,True,,0,
BIOMD0000000473,r_0901,s_1343 + s_1416 <=> s_1342 + s_1413,R03424,R03424,1,,chebi,320,False,True,,0,
BIOMD0000000473,r_0902,s_0574 <=> s_0573,R01818,R01818,1,,chebi,320,False,True,,0,
BIOMD0000000473,r_0904,s_0019 + ATP <=> s_0018 + ADP,R03245,R03245,1,,chebi,320,False,True,,0,
BIOMD0000000473,r_0908,ATP + s_0973 + s_1364 <=> s_0299 + ADP + PHO,R04591,R04591,1,,chebi,320,False,True,,0,
BIOMD0000000473,r_0909,s_0078 <=> s_0077,R04037,R04037,1,,chebi,320,False,True,,0,
BIOMD0000000473,r_0910,s_0326 <=> s_0078 + s_0633,R04035,R04035,1,,chebi,320,False,True,,0,
BIOMD0000000473,r_0911,s_0300 + CO2 + ATP <=> s_1364 + ADP + PHO,R04209,R04209,1,,chebi,320,False,True,,0,
BIOMD0000000473,r_0912,s_0120 + s_0403 <=> s_1365 + s_1487,R04560,R04560,1,,chebi,320,False,True,,0,
BIOMD0000000473,r_0913,s_1187 <=> s_0076,R03509,R03509,1,,chebi,320,False,True,,0,
BIOMD0000000473,r_0914,s_0327 + ATP + s_1003 <=> s_0325 + ADP + PHO,R04144,R04144,1,,chebi,320,False,True,,0,
BIOMD0000000473,r_0915,s_0999 + s_1386 <=> s_0327 + s_0633 + s_0991,R01072,R01072,1,,chebi,320,False,True,,0,
BIOMD0000000473,r_0938,s_1377 <=> CO2 + s_0951,R01373,R01373,1,,chebi,320,False,True,,0,
BIOMD0000000473,r_0939,s_1207 + s_1377 <=> s_0204 + CO2 + s_1212,R01730,R01730,1,,chebi,320,False,True,,0,
BIOMD0000000473,r_0941,ATP + s_1035 + s_1606 <=> AMP + s_0633 + s_1379,R03661,R03661,1,,chebi,320,False,True,,0,
BIOMD0000000473,r_0958,ATP + s_0445 + PYR <=> ADP + s_1271 + PHO,R00344,R00344,1,,chebi,320,False,True,,0,
BIOMD0000000473,r_0967,s_0158 + s_0314 <=> s_0328 + PHO,R04457,R04457,1,,chebi,320,False,True,,0,
BIOMD0000000473,r_0968,2 s_0328 <=> s_0314 + s_1405,R00066,R00066,1,,chebi,320,False,True,,0,
BIOMD0000000473,r_0970,ATP + s_1616 <=> s_0586 + s_1620,R02014,R02014,1,,chebi,320,False,True,,0,
BIOMD0000000473,r_0973,s_1559 + s_1616 <=> s_0656 + s_1620,R02023,R02023,1,,chebi,320,False,True,,0,
BIOMD0000000473,r_0974,ADP + s_1616 <=> s_0582 + s_1620,R02017,R02017,1,,chebi,320,False,True,,0,
BIOMD0000000473,r_0976,s_0467 + s_1616 <=> s_0587 + s_1620,R02024,R02024,1,,chebi,320,False,True,,0,
BIOMD0000000473,r_0978,s_0739 + s_1616 <=> s_0613 + s_1620,R02019,R02019,1,,chebi,320,False,True,,0,
BIOMD0000000473,r_0984,s_0577 <=> s_0581,R01529,R01529,1,,chebi,320,False,True,,0,
BIOMD0000000473,r_0986,s_1416 + s_1569 <=> s_0700 + s_1413,R04427,R04427,1,,chebi,320,False,True,,0,
BIOMD0000000473,r_0988,s_1038 + NAD <=> s_0180 + s_1025 + NADH,R00715,R00715,1,,chebi,320,False,True,,0,
BIOMD0000000473,r_0989,s_0959 + s_0991 + s_1212 <=> s_1038 + s_1207,R02315,R02315,1,,chebi,320,False,True,,0,
BIOMD0000000473,r_0990,s_0551 + DHAP <=> s_1426,R01829,R01829,1,,chebi,320,False,True,,0,
BIOMD0000000473,r_0993,s_1039 + s_1302 <=> s_0231 + CO2 + s_0529,R01281,R01281,1,,chebi,320,False,True,,0,
BIOMD0000000473,r_0995,ATP + s_1039 + s_1607 <=> AMP + s_0633 + s_1428,R03662,R03662,1,,chebi,320,False,True,,0,
BIOMD0000000473,r_0996,s_0211 + s_1212 <=> s_1207 + s_1429,R02413,R02413,1,,chebi,320,False,True,,0,
BIOMD0000000473,r_0997,ATP + s_1429 <=> s_0261 + ADP,R02412,R02412,1,,chebi,320,False,True,,0,
BIOMD0000000473,r_1012,2 s_0190 + s_1212 <=> 2 s_0633 + s_1207 + s_1447,R06223,R06223,1,,chebi,320,False,True,,0,
BIOMD0000000473,r_1026,ADP + s_1467 <=> s_0298 + PHO,R00530,R00530,1,,chebi,320,False,True,,0,
BIOMD0000000473,r_1038,s_1212 + s_1620 <=> s_1207 + s_1616,R02016,R02016,1,,chebi,320,False,True,,0,
BIOMD0000000473,r_1040,s_1045 <=> AcAld + s_1003,R00751,R00751,1,,chebi,320,False,True,,0,
BIOMD0000000473,r_1041,s_1238 <=> s_1045 + PHO,R01466,R01466,1,,chebi,320,False,True,,0,
BIOMD0000000473,r_1042,ATP + s_1045 + s_1608 <=> AMP + s_0633 + s_1491,R03663,R03663,1,,chebi,320,False,True,,0,
BIOMD0000000473,r_1045,s_0306 + s_0654 <=> s_0625 + s_0649,R02101,R02101,1,,chebi,320,False,True,,0,
BIOMD0000000473,r_1051,s_0409 <=> PHO + s_1520,R02778,R02778,1,,chebi,320,False,True,,0,
BIOMD0000000473,r_1057,ATP + s_1048 + s_1610 <=> AMP + s_0633 + s_1527,R03664,R03664,1,,chebi,320,False,True,,0,
BIOMD0000000473,r_1063,s_0204 + s_0991 <=> s_0180 + s_1051,R00734,R00734,1,,chebi,320,False,True,,0,
BIOMD0000000473,r_1066,ATP + s_1051 + s_1612 <=> AMP + s_0633 + s_1533,R02918,R02918,1,,chebi,320,False,True,,0,
BIOMD0000000473,r_1072,ATP + s_1545 <=> ADP + s_1538,R00158,R00158,1,,chebi,320,False,True,,0,
BIOMD0000000473,r_1084,s_0567 + s_1559 <=> s_0633 + s_1543,R00289,R00289,1,,chebi,320,False,True,,0,
BIOMD0000000473,r_1087,s_0232 + s_0991 <=> s_0180 + s_1056,R01214,R01214,1,,chebi,320,False,True,,0,
BIOMD0000000473,r_1089,ATP + s_1056 + s_1614 <=> AMP + s_0633 + s_1561,R03665,R03665,1,,chebi,320,False,True,,0,
BIOMD0000000473,r_2126,s_1426 <=> s_1427 + PHO,R01845,R01845,1,,chebi,320,False,True,,0,
BIOMD0000000473,r_2127,s_0061 + NAD <=> s_1269 + NADH,R01869,R01869,1,,chebi,320,False,True,,0,
BIOMD0000000503,ADH,AcAld + NADH <=> EtOH + NAD,R00754,R00754,1,,chebi,39,False,True,,0,
BIOMD0000000503,AK,2 ADP <=> ATP + AMP,R00127,R00127,1,,chebi,39,False,True,,0,
BIOMD0000000503,ENO,P2G <=> PEP,R00658,R00658,1,,chebi,39,False,True,,0,
BIOMD0000000503,FBA,F16bP <=> DHAP + GAP,R01068,R01068,1,,chebi,39,False,True,,0,
BIOMD0000000503,GPD,DHAP + NADH <=> G3P + NAD,R00842,R00842,1,,chebi,39,False,True,,0,
BIOMD0000000503,GPM,P3G <=> P2G,R01518,R01518,1,,chebi,39,False,True,,0,
BIOMD0000000503,GPP,G3P => GLY,R00841,R00841,1,,chebi,39,False,True,,0,
BIOMD0000000503,HXK,GLC + ATP <=> G6P + ADP,R02848,R02848,1,,chebi,39,False,True,,0,
BIOMD0000000503,PDC,PYR => AcAld,R00636,R00636,1,,chebi,39,False,True,,0,
BIOMD0000000503,PFK,ATP + F6P => ADP + F16bP,R00756,R00756,1,,chebi,39,False,True,,0,
BIOMD0000000503,PGI,G6P <=> F6P,R00771,R00771,1,,chebi,39,False,True,,0,
BIOMD0000000503,PGK,ADP + BPG <=> ATP + P3G,R01512,R01512,1,,chebi,39,False,True,,0,
BIOMD0000000503,PYK,ADP + PEP <=> ATP + PYR,R00200,R00200,1,,chebi,39,False,True,,0,
BIOMD0000000503,TDH,GAP + NAD <=> BPG + NADH,R01061,R01061,1,,chebi,39,False,True,,0,
BIOMD0000000503,TPI,DHAP <=> GAP,R01015,R01015,1,,chebi,39,False,True,,0,
BIOMD0000000590,r1,<=> cp,R00575,R00575,1,,chebi,9,True,False,exchange_ssx,0,
BIOMD0000000590,r10,ump <=> udp,R00158,R00158,1,,chebi,9,False,True,,0,
BIOMD0000000590,r2,cp <=> ca,R01397,R01397,1,,chebi,9,False,True,,0,
BIOMD0000000590,r3,ca <=> dho,R01993,R01993,1,,chebi,9,False,True,,0,
BIOMD0000000590,r4,dho <=> oro,R01866,R01866,1,,chebi,9,False,True,,0,
BIOMD0000000590,r5,oro <=> omp,R01870,R01870,1,,chebi,9,False,True,,0,
BIOMD0000000590,r6,omp <=> ump,R00965,R00965,1,,chebi,9,False,True,,0,
BIOMD0000000590,r7,udp <=> utp,R00156,R00156,1,,chebi,9,False,True,,0,
BIOMD0000000590,r8,utp <=> ctp,R00573,R00573,1,,chebi,9,False,True,,0,
BIOMD0000000602,R00677,M_trp_DASH_L_c + M_h2o_c + M_o2_c => M_indpyr_c + M_nh4_c + M_h2o2_c,R00677,R00677,1,,chebi,56,False,True,,0,
BIOMD0000000602,R00678_Indo,M_trp_DASH_L_c + M_o2_c => M_Lfmkynr_c,R00678,R00678,1,,chebi,56,False,True,,0,
BIOMD0000000602,R00678_Tdo,M_trp_DASH_L_c + M_o2_c => M_Lfmkynr_c,R00678,R00678,1,,chebi,56,False,True,,0,
BIOMD0000000602,R00685,M_trp_DASH_L_c => M_trypta_c + M_co2_c,R00685,R00685,1,,chebi,56,False,True,,0,
BIOMD0000000602,R00987,M_Lkynr_c + M_h2o_c => M_anth_c + M_ala_DASH_L_c,R00987,R00987,1,,chebi,56,False,True,,0,
BIOMD0000000602,R00988,M_nformanth_c + M_h2o_c => M_for_c + M_anth_c,R00988,R00988,1,,chebi,56,False,True,,0,
BIOMD0000000602,R01814_Tph1,M_thbpt + M_trp_DASH_L_c + M_o2_c => M_5htrp_c + M_dhbpt_c + M_h2o_c,R01814,R01814,1,,chebi,56,False,True,,0,
BIOMD0000000602,R01814_Tph2,M_thbpt + M_trp_DASH_L_c + M_o2_c => M_5htrp_c + M_dhbpt_c + M_h2o_c,R01814,R01814,1,,chebi,56,False,True,,0,
BIOMD0000000602,R01956_Kat1,M_Lkynr_c + M_akg_c => M_kynate_c + M_glu_DASH_L_c,R01956,R01956,1,,chebi,56,False,True,,0,
BIOMD0000000602,R01956_Kat2,M_hLkynr_c + M_akg_c => M_Xanthurenate + M_glu_DASH_L_c,R04171,R04171,1,,chebi,56,False,True,,0,
BIOMD0000000602,R01956_Kat3,M_hLkynr_c + M_akg_c => M_Xanthurenate + M_glu_DASH_L_c,R04171,R04171,1,,chebi,56,False,True,,0,
BIOMD0000000602,R01959,M_Lfmkynr_c + M_h2o_c => M_for_c + M_Lkynr_c,R01959,R01959,1,,chebi,56,False,True,,0,
BIOMD0000000602,R01960,M_Lkynr_c + M_o2_c + M_nadph_c + M_h_c => M_hLkynr_c + M_nadp_c + M_h2o_c,R01960,R01960,1,,chebi,56,False,True,,0,
BIOMD0000000602,R02173_Maoa,M_trypta_c + M_h2o_c + M_o2_c => M_id3acald_c + M_nh4_c + M_h2o2_c,R02173,R02173,1,,chebi,56,False,True,,0,
BIOMD0000000602,R02173_Maob,M_trypta_c + M_h2o_c + M_o2_c => M_id3acald_c + M_nh4_c + M_h2o2_c,R02173,R02173,1,,chebi,56,False,True,,0,
BIOMD0000000602,R02174,M_amet_c + M_trypta_c => M_ahcys_c + M_nmtrpta_c,R02174,R02174,1,,chebi,56,False,True,,0,
BIOMD0000000602,R02665,M_3hanthrn_c + M_o2_c => M_cmusa_c,R02665,R02665,1,,chebi,56,False,True,,0,
BIOMD0000000602,R02668,M_hLkynr_c + M_h2o_c => M_3hanthrn_c + M_ala_DASH_L_c,R02668,R02668,1,,chebi,56,False,True,,0,
BIOMD0000000602,R02670,2 M_3hanthrn_c + 4 M_o2_c => M_Cinnavalininate_c + 2 M_o2s_c + 2 M_h2o2_c + 2 M_h_c,R02670,R02670,1,,chebi,56,False,True,,0,
BIOMD0000000602,R02701,M_5htrp_c => M_srtn_c + M_co2_c,R02701,R02701,1,,chebi,56,False,True,,0,
BIOMD0000000602,R02702,M_5htrp_c + M_o2_c => M_5hoxnfkyn_c,R02702,R02702,1,,chebi,56,False,True,,0,
BIOMD0000000602,R02908_Maoa,M_srtn_c + M_h2o_c + M_o2_c => M_5hoxindact_c + M_h2o2_c + M_nh4_c,R02908,R02908,1,,chebi,56,False,True,,0,
BIOMD0000000602,R02908_Maob,M_srtn_c + M_h2o_c + M_o2_c => M_5hoxindact_c + M_h2o2_c + M_nh4_c,R02908,R02908,1,,chebi,56,False,True,,0,
BIOMD0000000602,R02909,M_srtn_c + M_o2_c => M_f5hoxkyn_c,R02909,R02909,1,,chebi,56,False,True,,0,
BIOMD0000000602,R02910,M_amet_c + M_srtn_c => M_ahcys_c + M_nmsrtn_c,R02910,R02910,1,,chebi,56,False,True,,0,
BIOMD0000000602,R02911,M_accoa_c + M_srtn_c => M_Nacsertn_c + M_coa_c + M_h_c,R02911,R02911,1,,chebi,56,False,True,,0,
BIOMD0000000602,R03005,M_atp_c + M_h_c + M_nicrnt_c => M_dnad_c + M_ppi_c,R03005,R03005,1,,chebi,56,False,True,,0,
BIOMD0000000602,R03348,M_h_c + M_prpp_c + M_quln_c => M_co2_c + M_nicrnt_c + M_ppi_c,R03348,R03348,1,,chebi,56,False,True,,0,
BIOMD0000000602,R03664,M_atp_c + M_trp_DASH_L_c + M_trna_trp_c => M_amp_c + M_ppi_c + M_trp_L_trna_c,R03664,R03664,1,,chebi,56,False,True,,0,
BIOMD0000000602,R03936,M_Lfmkynr_c + M_h2o_c => M_nformanth_c + M_ala_DASH_L_c,R03936,R03936,1,,chebi,56,False,True,,0,
BIOMD0000000602,R04171_Kat1,M_hLkynr_c + M_akg_c => M_Xanthurenate + M_glu_DASH_L_c,R04171,R04171,1,,chebi,56,False,True,,0,
BIOMD0000000602,R04171_Kat2,M_Lkynr_c + M_akg_c => M_kynate_c + M_glu_DASH_L_c,R01956,R01956,1,,chebi,56,False,True,,0,
BIOMD0000000602,R04171_Kat3,M_Lkynr_c + M_akg_c => M_kynate_c + M_glu_DASH_L_c,R01956,R01956,1,,chebi,56,False,True,,0,
BIOMD0000000602,R04323,M_cmusa_c => M_am6sa_c + M_co2_c,R04323,R04323,1,,chebi,56,False,True,,0,
BIOMD0000000602,R04911,M_5hoxnfkyn_c + M_h2o_c => M_5hxkyn_c + M_for_c,R04911,R04911,1,,chebi,56,False,True,,0,
BIOMD0000000627,AK_astrocytes,2 ADP_astrocytes <=> species_5 + AMP_astrocytes,R00127,R00127,1,,chebi,65,False,True,,0,
BIOMD0000000627,AK_neurons,2 ADP_neurons <=> species_3 + AMP_neurons,R00127,R00127,1,,chebi,65,False,True,,0,
BIOMD0000000627,CK_astrocytes_forward__R01881,ADP_astrocytes + species_22 <=> species_5 + Cr_astrocytes,R01881,R01881,1,,chebi,65,False,True,,0,
BIOMD0000000627,CK_neurons_forward__R01881,species_21 + ADP_neurons <=> species_3 + Cr_neurons,R01881,R01881,1,,chebi,65,False,True,,0,
BIOMD0000000627,GND_astrocytes__R01528,P6G_astrocytes + NADP_astrocytes => Ru5P_astrocytes + NADPH_astrocytes,R01528,R01528,1,,chebi,65,False,True,,0,
BIOMD0000000627,GND_neurons___R01528,P6G_neurons + NADP_neurons <=> Ru5P_neurons + NADPH_neurons,R01528,R01528,1,,chebi,65,False,True,,0,
BIOMD0000000627,HK_neurons__R01786___HeinrichSchuster,species_3 + species_1 => species_2 + ADP_neurons,R01786,R01786,1,,chebi,65,False,True,,0,
BIOMD0000000627,LDH_astrocytes_forward__R00703,species_17 + species_13 <=> species_19 + NAD_astrocytes,R00703,R00703,1,,chebi,65,False,True,,0,
BIOMD0000000627,LDH_neurons_forward__R00703,species_15 + species_11 <=> species_18 + NAD_neurons,R00703,R00703,1,,chebi,65,False,True,,0,
BIOMD0000000627,PGI_astrocytes__R02740___HS,species_6 <=> species_8,R02740,R02740,1,,chebi,65,False,True,,0,
BIOMD0000000627,PGI_neurons__R02740___HS,species_2 <=> species_7,R02740,R02740,1,,chebi,65,False,True,,0,
BIOMD0000000627,RKI_astrocytes__R01056,Ru5P_astrocytes <=> R5P_astrocytes,R01056,R01056,1,,chebi,65,False,True,,0,
BIOMD0000000627,RKI_neurons__R01056,Ru5P_neurons <=> R5P_neurons,R01056,R01056,1,,chebi,65,False,True,,0,
BIOMD0000000627,RPE_astrocytes__R01529,Ru5P_astrocytes <=> X5P_astrocytes,R01528,R01528,1,,chebi,65,False,True,,0,
BIOMD0000000627,RPE_neurons__R01529,Ru5P_neurons <=> X5P_neurons,R01528,R01528,1,,chebi,65,False,True,,0,
BIOMD0000000627,SOL_astrocytes__R02035,G6L_astrocytes => P6G_astrocytes,R02035,R02035,1,,chebi,65,False,True,,0,
BIOMD0000000627,SOL_neurons__R02035,G6L_neurons => P6G_neurons,R02035,R02035,1,,chebi,65,False,True,,0,
BIOMD0000000627,TAL_astrocytes__R01827,species_10 + S7P_astrocytes <=> species_8 + E4P_astrocytes,R01827,R01827,1,,chebi,65,False,True,,0,
BIOMD0000000627,TAL_neurons__R01827,species_9 + S7P_neurons <=> species_7 + E4P_neurons,R01827,R01827,1,,chebi,65,False,True,,0,
BIOMD0000000627,TKL_1_astrocytes__R01641,X5P_astrocytes + R5P_astrocytes => species_10 + S7P_astrocytes,R01641,R01641,1,,chebi,65,False,True,,0,
BIOMD0000000627,TKL_1_neurons__R01641,X5P_neurons + R5P_neurons => species_9 + S7P_neurons,R01641,R01641,1,,chebi,65,False,True,,0,
BIOMD0000000627,TKL_2_astrocytes__R01830,species_8 + species_10 => X5P_astrocytes + E4P_astrocytes,R01830,R01830,1,,chebi,65,False,True,,0,
BIOMD0000000627,TKL_2_neurons__R01830,species_7 + species_9 => X5P_neurons + E4P_neurons,R01830,R01830,1,,chebi,65,False,True,,0,
BIOMD0000000627,ZWF_astrocytes__R02736,species_6 + NADP_astrocytes => G6L_astrocytes + NADPH_astrocytes,R02736,R02736,1,,chebi,65,False,True,,0,
BIOMD0000000627,ZWF_neurons__R02736,species_2 + NADP_neurons => G6L_neurons + NADPH_neurons,R02736,R02736,1,,chebi,65,False,True,,0,
BIOMD0000000627,reaction_10,species_14 + ADP_astrocytes => species_5 + species_17,R00200,R00200,1,,chebi,65,False,True,,0,
BIOMD0000000627,reaction_2,species_5 + species_4 => species_6 + ADP_astrocytes,R01786,R01786,1,,chebi,65,False,True,,0,
BIOMD0000000627,reaction_5,species_7 + species_3 => 2 species_9 + ADP_neurons,R01015;R01070;R04779,R01015,3,,chebi,65,False,True,,0,
BIOMD0000000627,reaction_6,species_8 + species_5 => 2 species_10 + ADP_astrocytes,R01015;R01070;R04779,R01015,3,,chebi,65,False,True,,0,
BIOMD0000000627,reaction_7,species_9 + ADP_neurons + NAD_neurons => species_11 + species_12 + species_3,R00658;R01061;R01512;R01518,R00658,4,,chebi,65,False,True,,0,
BIOMD0000000627,reaction_8,species_10 + ADP_astrocytes + NAD_astrocytes => species_13 + species_14 + species_5,R00658;R01061;R01512;R01518,R00658,4,,chebi,65,False,True,,0,
BIOMD0000000627,reaction_9,species_12 + ADP_neurons => species_3 + species_15,R00200,R00200,1,,chebi,65,False,True,,0,
BIOMD0000000633,ALD,fru16bp <=> gap + dhap,R01068,R01068,1,,chebi,6,False,True,,0,
BIOMD0000000633,EN,pg2 <=> pep,R00658,R00658,1,,chebi,6,False,True,,0,
BIOMD0000000633,FBP1,fru16bp <=> fru6p,R00762,R00762,1,,chebi,6,False,True,,0,
BIOMD0000000633,FBP2,fru26bp <=> fru6p,R00763,R00763,1,,chebi,6,False,True,,0,
BIOMD0000000633,G1PI,glc1p <=> glc6p,R08639,R08639,1,,chebi,6,False,True,,0,
BIOMD0000000633,G6P_ER,glc6p_er <=> glc_er,R00303,R00303,1,,chebi,6,False,True,,0,
BIOMD0000000633,GAPDH,gap <=> bpg13,R01061,R01061,1,,chebi,6,False,True,,0,
BIOMD0000000633,GK,glc <=> glc6p,R00299,R00299,1,,chebi,6,False,True,,0,
BIOMD0000000633,GP,glyglc <=> glc1p,R02111,R02111,1,,chebi,6,False,True,,0,
BIOMD0000000633,GPI,glc6p <=> fru6p,R00771,R00771,1,,chebi,6,False,True,,0,
BIOMD0000000633,GS,udpglc <=> glyglc + udp,R00292,R00292,1,,chebi,6,False,True,,0,
BIOMD0000000633,LDH,pyr <=> lac,R00703,R00703,1,,chebi,6,False,True,,0,
BIOMD0000000633,MDH,mal <=> oa,R00342,R00342,1,,chebi,6,False,True,,0,
BIOMD0000000633,MDH_mito,mal_mito <=> oa_mito,R00342,R00342,1,,chebi,6,False,True,,0,
BIOMD0000000633,NDK_GTP,gdp <=> gtp,R00330,R00330,1,,chebi,6,False,True,,0,
BIOMD0000000633,NDK_GTP_mito,gdp_mito <=> gtp_mito,R00330,R00330,1,,chebi,6,False,True,,0,
BIOMD0000000633,NDK_UTP,udp <=> utp,R00156,R00156,1,,chebi,6,False,True,,0,
BIOMD0000000633,PC,pyr_mito <=> oa_mito,R00344,R00344,1,,chebi,6,False,True,,0,
BIOMD0000000633,PEPCK,oa + gtp <=> pep + gdp,R00431,R00431,1,,chebi,6,False,True,,0,
BIOMD0000000633,PEPCK_mito,oa_mito + gtp_mito <=> pep_mito + gdp_mito,R00431,R00431,1,,chebi,6,False,True,,0,
BIOMD0000000633,PFK1,fru6p <=> fru16bp,R00756,R00756,1,,chebi,6,False,True,,0,
BIOMD0000000633,PFK2,fru6p <=> fru26bp,R02732,R02732,1,,chebi,6,False,True,,0,
BIOMD0000000633,PGK,bpg13 <=> pg3,R01512,R01512,1,,chebi,6,False,True,,0,
BIOMD0000000633,PGM,pg3 <=> pg2,R01518,R01518,1,,chebi,6,False,True,,0,
BIOMD0000000633,PK,pep <=> pyr,R00200,R00200,1,,chebi,6,False,True,,0,
BIOMD0000000633,TPI,dhap <=> gap,R01015,R01015,1,,chebi,6,False,True,,0,
BIOMD0000000633,UGT,utp + glc1p <=> udpglc,R00289,R00289,1,,chebi,6,False,True,,0,
BIOMD0000000674,V_ART,c_10f + aic <=> c_thf,R04560,R04560,1,,chebi,50,False,True,,0,
BIOMD0000000674,V_BHMT,hcy + BET <=> met + dmg,R02821,R02821,1,,chebi,50,False,True,,0,
BIOMD0000000674,V_CBS,hcy + c_ser <=> cyt,R01289,R01289,1,,chebi,50,False,True,,0,
BIOMD0000000674,V_CTGL,cyt <=> c_cys,R00894,R00894,1,,chebi,50,False,True,,0,
BIOMD0000000674,V_DNMT,sam <=> sah,R00649,R00649,1,,chebi,50,False,True,,0,
BIOMD0000000674,V_GCS,c_cys + c_glu <=> glc,R00894,R00894,1,,chebi,50,False,True,,0,
BIOMD0000000674,V_GNMT,sam + c_gly <=> sah + src,R00367,R00367,1,,chebi,50,False,True,,0,
BIOMD0000000674,V_GPX,2 c_gsh + H2O2 <=> c_gsg,R00274,R00274,1,,chebi,50,False,True,,0,
BIOMD0000000674,V_GR,c_gsg + NADPH <=> 2 c_gsh,R00115,R00115,1,,chebi,50,False,True,,0,
BIOMD0000000674,V_GS,glc + c_gly <=> c_gsh,R00497,R00497,1,,chebi,50,False,True,,0,
BIOMD0000000674,V_MATI,met <=> sam,R00650,R00650,1,,chebi,50,False,True,,0,
BIOMD0000000674,V_MATIII,met <=> sam,R00650,R00650,1,,chebi,50,False,True,,0,
BIOMD0000000674,V_MTHFR,c_2cf + NADPH <=> c_5mf,R01220,R01220,1,,chebi,50,False,True,,0,
BIOMD0000000674,V_SAHH,sah <=> hcy,R00192,R00192,1,,chebi,50,False,True,,0,
BIOMD0000000674,V_TS,DUMP + c_2cf <=> c_dhf,R02101,R02101,1,,chebi,50,False,True,,0,
BIOMD0000000674,VcMTCH,c_1cf <=> c_10f,R01655,R01655,1,,chebi,50,False,True,,0,
BIOMD0000000674,VcMTD,c_2cf <=> c_1cf + NADPH,R01220,R01220,1,,chebi,50,False,True,,0,
BIOMD0000000674,VmFTD,m_10f <=> m_thf,R00941,R00941,1,,chebi,50,False,True,,0,
BIOMD0000000674,VmFTS,m_thf + m_coo <=> m_10f,R00944,R00944,1,,chebi,50,False,True,,0,
BIOMD0000000674,VmNE,m_thf + HCHO <=> m_2cf,R09093,R09093,1,,chebi,50,False,True,,0,
BIOMD0000000674,VmSHMT,m_thf + m_ser <=> m_gly + m_2cf,R00945,R00945,1,,chebi,50,False,True,,0,
BIOMD0000000674,gluconeogenesis_ser,c_ser <=>,,,0,R0006565,chebi,50,True,False,invalid_ground_truth_id,0,
BIOMD0000000689,FolA,DHF + NADPH => NADP + THF,R00939,R00939,1,,chebi,16,False,True,,0,
BIOMD0000000689,FolC,L_Glutamate + ATP + H2_Pteroate => DHF + ADP + Phosphate,R02237,R02237,1,,chebi,16,False,True,,0,
BIOMD0000000689,FolK,ATP + H2_HMPt => AMP + H2_HMPterinPP,R03503,R03503,1,,chebi,16,False,True,,0,
BIOMD0000000689,FolP,p_ABA + H2_HMPterinPP => PPi + H2_Pteroate,R03067,R03067,1,,chebi,16,False,True,,0,
BIOMD0000000689,GlyA,THF + L_serine <=> CH2_THF + Glycine,R00945,R00945,1,,chebi,16,False,True,,0,
BIOMD0000000689,PanB,CH2_THF => H2_HMPt + p_ABA,R03066,R03066,1,,chebi,16,False,True,,0,
BIOMD0000000690,FolA,DHF + NADPH => NADP + THF,R00939,R00939,1,,chebi,16,False,True,,0,
BIOMD0000000690,FolC,L_Glutamate + ATP + H2_Pteroate => DHF + ADP + Phosphate,R02237,R02237,1,,chebi,16,False,True,,0,
BIOMD0000000690,FolK,ATP + H2_HMPt => AMP + H2_HMPterinPP,R03503,R03503,1,,chebi,16,False,True,,0,
BIOMD0000000690,FolP,p_ABA + H2_HMPterinPP => PPi + H2_Pteroate,R03067,R03067,1,,chebi,16,False,True,,0,
BIOMD0000000690,GlyA,THF + L_serine <=> CH2_THF + Glycine,R00945,R00945,1,,chebi,16,False,True,,0,
BIOMD0000000690,PanB,CH2_THF => H2_HMPt + p_ABA,R03066,R03066,1,,chebi,16,False,True,,0,
BIOMD0000000691,v1_cell_1,S1__Cell_1_ + 2 A3__Cell_1_ => 2 S2__Cell_1_,R01015;R01070;R01786;R02740;R04779,R01015,5,,chebi,12,False,True,,0,
BIOMD0000000691,v1_cell_2,S1__Cell_2_ + 2 A3__Cell_2_ => 2 S2__Cell_2_,R01015;R01070;R01786;R02740;R04779,R01015,5,,chebi,12,False,True,,0,
BIOMD0000000691,v2_cell_1,S2__Cell_1_ + N1__Cell_1_ => S3__Cell_1_ + N2__Cell_1_,R01061,R01061,1,,chebi,12,False,True,,0,
BIOMD0000000691,v2_cell_2,S2__Cell_2_ + N1__Cell_2_ => S3__Cell_2_ + N2__Cell_2_,R01061,R01061,1,,chebi,12,False,True,,0,
BIOMD0000000691,v3_cell_1,S3__Cell_1_ + A2__Cell_1_ => S4__Cell_1_ + 2 A3__Cell_1_,R00200;R00658;R01512;R01518,R00200,4,,chebi,12,False,True,,0,
BIOMD0000000691,v3_cell_2,S3__Cell_2_ + A2__Cell_2_ => S4__Cell_2_ + 2 A3__Cell_2_,R00200;R00658;R01512;R01518,R00200,4,,chebi,12,False,True,,0,
BIOMD0000000691,v4_cell_1,S4__Cell_1_ + N2__Cell_1_ =>,R00754,R00754,1,,chebi,12,True,False,exchange_ssx,0,
BIOMD0000000691,v4_cell_2,S4__Cell_2_ + N2__Cell_2_ =>,R00754,R00754,1,,chebi,12,True,False,exchange_ssx,0,
BIOMD0000000691,v6_cell_1,S2__Cell_1_ + N2__Cell_1_ =>,R01036,R01036,1,,chebi,12,True,False,exchange_ssx,0,
BIOMD0000000691,v6_cell_2,S2__Cell_2_ + N2__Cell_2_ =>,R01036,R01036,1,,chebi,12,True,False,exchange_ssx,0,
BIOMD0000000725,R1,PEP + EP => DAHP + Pi,R01826,R01826,1,,none,0,False,True,,0,
BIOMD0000000725,R10,GTP => DHNTP + Formyl,R00424,R00424,1,,none,0,False,True,,0,
BIOMD0000000725,R11,DHNTP => AHMDHP + HAD + Pi,R03504,R03504,1,,none,0,False,True,,0,
BIOMD0000000725,R12,AHMDHP + ATP => AHMDPP + AMP,R03503,R03503,1,,none,0,False,True,,0,
BIOMD0000000725,R13,AHMDPP + pABA => DHP + Pi,R03067,R03067,1,,none,0,False,True,,0,
BIOMD0000000725,R14,DHP + Glu + ATP => DHF + ADP + Pi,R02237,R02237,1,,none,0,False,True,,0,
BIOMD0000000725,R15,DHF + NADPH => THF + NADP,R00939,R00939,1,,none,0,False,True,,0,
BIOMD0000000725,R16,THF + Glu + ATP => THFGlu + ADP + Pi,R04241,R04241,1,,none,0,False,True,,0,
BIOMD0000000725,R17,THFGlu + Ser <=> myTHFGlu + Gly,R00945,R00945,1,,none,0,False,True,,0,
BIOMD0000000725,R18a,Lp + NADH <=> DLp + NAD,R03815,R03815,1,,none,0,False,True,,0,
BIOMD0000000725,R18b,DLp + Gly <=> SAmDLp + COTwo,R03425,R03425,1,,none,0,False,True,,0,
BIOMD0000000725,R18c,THFGlu + SAmDLp <=> myTHFGlu + Lp + Ammonia,R04125,R04125,1,,none,0,False,True,,0,
BIOMD0000000725,R19,myTHFGlu + NADPH => MTHFGlu + NADP,R01224,R01224,1,,none,0,False,True,,0,
BIOMD0000000725,R2,DAHP => DHQ + Pi,R03083,R03083,1,,none,0,False,True,,0,
BIOMD0000000725,R20,MTHFGlu + Hcy => THFGlu + Met,R00946,R00946,1,,none,0,False,True,,0,
BIOMD0000000725,R21,myTHFGlu + dUMP => dTMP + DHF,R02101,R02101,1,,none,0,False,True,,0,
BIOMD0000000725,R22,myTHFGlu + NADP <=> meTHFGlu + NADPH,R01220,R01220,1,,none,0,False,True,,0,
BIOMD0000000725,R23,meTHFGlu <=> fTHFGlu,R01655,R01655,1,,none,0,False,True,,0,
BIOMD0000000725,R24,fTHFGlu + ADP + Pi <=> THFGlu + ATP + Formyl,R00943,R00943,1,,none,0,False,True,,0,
BIOMD0000000725,R25,fTHFGlu + mtRNA <=> fmtRNA + THFGlu,R03940,R03940,1,,none,0,False,True,,0,
BIOMD0000000725,R26,fTHFGlu + NADP <=> THFGlu + COTwo + NADPH,R00941,R00941,1,,none,0,False,True,,0,
BIOMD0000000725,R27,DHNTP => PTHP + Pi,R04286,R04286,1,,none,0,False,True,,0,
BIOMD0000000725,R28,meTHFGlu => ffTHFGlu,R02300,R02300,1,,none,0,False,True,,0,
BIOMD0000000725,R29,ATP + ffTHFGlu => ADP + Pi + meTHFGlu,R02301,R02301,1,,none,0,False,True,,0,
BIOMD0000000725,R3,DHQ => DHSK,R03084,R03084,1,,none,0,False,True,,0,
BIOMD0000000725,R4,DHSK + NADPH => SK + NADP,R02413,R02413,1,,none,0,False,True,,0,
BIOMD0000000725,R5,SK + ATP => SKP + ADP + Pi,R02412,R02412,1,,none,0,False,True,,0,
BIOMD0000000725,R6,SKP + PEP => CVPSK + Pi,R03460,R03460,1,,none,0,False,True,,0,
BIOMD0000000725,R7,CVPSK => CM + Pi,R01714,R01714,1,,none,0,False,True,,0,
BIOMD0000000725,R8,CM + Gln => ADC + Glu,R01716,R01716,1,,none,0,False,True,,0,
BIOMD0000000725,R9,ADC => pABA + Pyr,R05553,R05553,1,,none,0,False,True,,0,
BIOMD0000001061,R_3HAD100,M_3hdecACP_c => M_h2o_c + M_tdec2eACP_c,R04535,R04535,1,,chebi,5361,False,True,,0,
BIOMD0000001061,R_3HAD120,M_3hddecACP_c => M_h2o_c + M_tddec2eACP_c,R04965,R04965,1,,chebi,5361,False,True,,0,
BIOMD0000001061,R_3HAD140,M_3hmrsACP_c => M_h2o_c + M_tmrs2eACP_c,R04568,R04568,1,,chebi,5361,False,True,,0,
BIOMD0000001061,R_3HAD160,M_3hpalmACP_c => M_h2o_c + M_tpalm2eACP_c,R04544,R04544,1,,chebi,5361,False,True,,0,
BIOMD0000001061,R_3HAD180,M_3hoctaACP_c => M_h2o_c + M_toctd2eACP_c,R07764,R07764,1,,chebi,5361,False,True,,0,
BIOMD0000001061,R_3HAD60,M_3hhexACP_c => M_h2o_c + M_thex2eACP_c,R04954,R04954,1,,chebi,5361,False,True,,0,
BIOMD0000001061,R_3HAD80,M_3hoctACP_c => M_h2o_c + M_toct2eACP_c,R04537,R04537,1,,chebi,5361,False,True,,0,
BIOMD0000001061,R_3OAR100,M_3odecACP_c + M_h_c + M_nadph_c <=> M_3hdecACP_c + M_nadp_c,R04534,R04534,1,,chebi,5361,False,True,,0,
BIOMD0000001061,R_3OAR120,M_3oddecACP_c + M_h_c + M_nadph_c <=> M_3hddecACP_c + M_nadp_c,R04964,R04964,1,,chebi,5361,False,True,,0,
BIOMD0000001061,R_3OAR140,M_3omrsACP_c + M_h_c + M_nadph_c <=> M_3hmrsACP_c + M_nadp_c,R04566,R04566,1,,chebi,5361,False,True,,0,
BIOMD0000001061,R_3OAR160,M_3opalmACP_c + M_h_c + M_nadph_c <=> M_3hpalmACP_c + M_nadp_c,R04543,R04543,1,,chebi,5361,False,True,,0,
BIOMD0000001061,R_3OAR60,M_3ohexACP_c + M_h_c + M_nadph_c <=> M_3hhexACP_c + M_nadp_c,R04953,R04953,1,,chebi,5361,False,True,,0,
BIOMD0000001061,R_3OAR80,M_3ooctACP_c + M_h_c + M_nadph_c <=> M_3hoctACP_c + M_nadp_c,R04536,R04536,1,,chebi,5361,False,True,,0,
BIOMD0000001061,R_3OXCOAT,M_coa_c + M_oxadpcoa_c => M_accoa_c + M_succoa_c,R00829,R00829,1,,chebi,5361,False,True,,0,
BIOMD0000001061,R_4HTHRS,M_h2o_c + M_phthr_c => M_4hthr_c + M_pi_c,R05086,R05086,1,,chebi,5361,False,True,,0,
BIOMD0000001061,R_ABTA,M_4abut_c + M_akg_c => M_glu__L_c + M_sucsal_c,R01648,R01648,1,,chebi,5361,False,True,,0,
BIOMD0000001061,R_ACACT1r,2 M_accoa_c <=> M_coa_c + M_aacoa_c,R00238,R00238,1,,chebi,5361,False,True,,0,
BIOMD0000001061,R_ACACT2r,M_accoa_c + M_btcoa_c <=> M_coa_c + M_3ohcoa_c,R01177,R01177,1,,chebi,5361,False,True,,0,
BIOMD0000001061,R_ACACT4r,M_accoa_c + M_occoa_c <=> M_coa_c + M_3odcoa_c,R03778,R03778,1,,chebi,5361,False,True,,0,
BIOMD0000001061,R_ACACT6r,M_accoa_c + M_ddcacoa_c <=> M_coa_c + M_3otdcoa_c,R03858,R03858,1,,chebi,5361,False,True,,0,
BIOMD0000001061,R_ACACT7r,M_accoa_c + M_tdcoa_c <=> M_coa_c + M_3ohdcoa_c,R03991,R03991,1,,chebi,5361,False,True,,0,
BIOMD0000001061,R_ACBIPGT,M_adocbip_c + M_gtp_c + M_h_c => M_agdpcbi_c + M_ppi_c,R05222,R05222,1,,chebi,5361,False,True,,0,
BIOMD0000001061,R_ACCOAC,M_hco3_c + M_accoa_c + M_atp_c => M_adp_c + M_h_c + M_malcoa_c + M_pi_c,R00742,R00742,1,,chebi,5361,False,True,,0,
BIOMD0000001061,R_ACGK,M_acglu_c + M_atp_c => M_acg5p_c + M_adp_c,R02649,R02649,1,,chebi,5361,False,True,,0,
BIOMD0000001061,R_ACGS,M_accoa_c + M_glu__L_c => M_acglu_c + M_coa_c + M_h_c,R00259,R00259,1,,chebi,5361,False,True,,0,
BIOMD0000001061,R_ACHBS,M_2obut_c + M_h_c + M_pyr_c => M_2ahbut_c + M_co2_c,R08648,R08648,1,,chebi,5361,False,True,,0,
BIOMD0000001061,R_ACKr,M_ac_c + M_atp_c <=> M_actp_c + M_adp_c,R00315,R00315,1,,chebi,5361,False,True,,0,
BIOMD0000001061,R_ACLS,M_h_c + 2 M_pyr_c => M_alac__S_c + M_co2_c,R00226,R00226,1,,chebi,5361,False,True,,0,
BIOMD0000001061,R_ACOAD1f,M_fad_c + M_btcoa_c => M_fadh2_c + M_b2coa_c,R01175,R01175,1,,chebi,5361,False,True,,0,
BIOMD0000001061,R_ACOAD3f,M_fad_c + M_occoa_c <=> M_fadh2_c + M_oc2coa_c,R03777,R03777,1,,chebi,5361,False,True,,0,
BIOMD0000001061,R_ACOAD5f,M_fad_c + M_ddcacoa_c <=> M_fadh2_c + M_dd2coa_c,R03857,R03857,1,,chebi,5361,False,True,,0,
BIOMD0000001061,R_ACOAD6f,M_fad_c + M_tdcoa_c <=> M_fadh2_c + M_td2coa_c,R03990,R03990,1,,chebi,5361,False,True,,0,
BIOMD0000001061,R_ACOAD7f,M_fad_c + M_pmtcoa_c <=> M_fadh2_c + M_hdd2coa_c,R01279,R01279,1,,chebi,5361,False,True,,0,
BIOMD0000001061,R_ACOATA,M_ACP_c + M_accoa_c <=> M_acACP_c + M_coa_c,R01624,R01624,1,,chebi,5361,False,True,,0,
BIOMD0000001061,R_ACONT,M_cit_c <=> M_icit_c,R01324,R01324,1,,chebi,5361,False,True,,0,
BIOMD0000001061,R_ACOTA,M_acorn_c + M_akg_c <=> M_acg5sa_c + M_glu__L_c,R02283,R02283,1,,chebi,5361,False,True,,0,
BIOMD0000001061,R_ACS,M_ac_c + M_atp_c + M_coa_c => M_accoa_c + M_amp_c + M_ppi_c,R00235,R00235,1,,chebi,5361,False,True,,0,
BIOMD0000001061,R_ADCL,M_4adcho_c => M_4abz_c + M_h_c + M_pyr_c,R05553,R05553,1,,chebi,5361,False,True,,0,
BIOMD0000001061,R_ADCPS2,M_adcobhex_c + M_applp_c + M_atp_c => M_adocbip_c + M_adp_c + M_h_c + M_pi_c,R06529,R06529,1,,chebi,5361,False,True,,0,
BIOMD0000001061,R_ADCS,M_chor_c + M_gln__L_c => M_4adcho_c + M_glu__L_c,R01716,R01716,1,,chebi,5361,False,True,,0,
BIOMD0000001061,R_ADK1,M_amp_c + M_atp_c <=> 2 M_adp_c,R00127,R00127,1,,chebi,5361,False,True,,0,
BIOMD0000001061,R_ADNK1,M_atp_c + M_adn_c => M_adp_c + M_amp_c + M_h_c,R00185,R00185,1,,chebi,5361,False,True,,0,
BIOMD0000001061,R_ADOCBLS,M_agdpcbi_c + M_rdmbzi_c => M_adocbl_c + M_gmp_c + M_h_c,R05223,R05223,1,,chebi,5361,False,True,,0,
BIOMD0000001061,R_ADPT,M_ade_c + M_prpp_c => M_amp_c + M_ppi_c,R00190,R00190,1,,chebi,5361,False,True,,0,
BIOMD0000001061,R_ADSL1r,M_dcamp_c => M_amp_c + M_fum_c,R01083,R01083,1,,chebi,5361,False,True,,0,
BIOMD0000001061,R_ADSL2r,M_25aics_c => M_aicar_c + M_fum_c,R04559,R04559,1,,chebi,5361,False,True,,0,
BIOMD0000001061,R_ADSS,M_asp__L_c + M_gtp_c + M_imp_c => M_dcamp_c + M_gdp_c + 2 M_h_c + M_pi_c,R01135,R01135,1,,chebi,5361,False,True,,0,
BIOMD0000001061,R_AGMT,M_h2o_c + M_agm_c => M_ptrc_c + M_urea_c,R01157,R01157,1,,chebi,5361,False,True,,0,
BIOMD0000001061,R_AGPR,M_acg5sa_c + M_nadp_c + M_pi_c <=> M_acg5p_c + M_h_c + M_nadph_c,R03443,R03443,1,,chebi,5361,False,True,,0,
BIOMD0000001061,R_AGTi,M_ala__L_c + M_glx_c => M_gly_c + M_pyr_c,R00369,R00369,1,,chebi,5361,False,True,,0,
BIOMD0000001061,R_AHCYSNS,M_ahcys_c + M_h2o_c => M_ade_c + M_rhcys_c,R00194,R00194,1,,chebi,5361,False,True,,0,
BIOMD0000001061,R_AHSERL2,M_achms_c + M_h2s_c => M_ac_c + M_h_c + M_hcys__L_c,R01287,R01287,1,,chebi,5361,False,True,,0,
BIOMD0000001061,R_AICART,M_10fthf_c + M_aicar_c <=> M_fprica_c + M_thf_c,R04560,R04560,1,,chebi,5361,False,True,,0,
BIOMD0000001061,R_AIRC3,M_5aizc_c <=> M_5caiz_c,R07405,R07405,1,,chebi,5361,False,True,,0,
BIOMD0000001061,R_AKGDH,M_akg_c + M_coa_c + M_nad_c => M_co2_c + M_nadh_c + M_succoa_c,R08549,R08549,1,,chebi,5361,False,True,,0,
BIOMD0000001061,R_ALAALAr,2 M_ala__D_c + M_atp_c <=> M_adp_c + M_alaala_c + M_h_c + M_pi_c,R01150,R01150,1,,chebi,5361,False,True,,0,
BIOMD0000001061,R_ALAR,M_ala__L_c <=> M_ala__D_c,R00401,R00401,1,,chebi,5361,False,True,,0,
BIOMD0000001061,R_ALATA_D2,M_ala__D_c + M_pydx5p_c => M_pyr_c + M_pyam5p_c,R01147,R01147,1,,chebi,5361,False,True,,0,
BIOMD0000001061,R_ALATA_L,M_akg_c + M_ala__L_c <=> M_glu__L_c + M_pyr_c,R00258,R00258,1,,chebi,5361,False,True,,0,
BIOMD0000001061,R_ALCD19,M_h_c + M_nadh_c + M_glyald_c <=> M_glyc_c + M_nad_c,R01036,R01036,1,,chebi,5361,False,True,,0,
BIOMD0000001061,R_ALCD2x,M_nad_c + M_etoh_c <=> M_acald_c + M_h_c + M_nadh_c,R00754,R00754,1,,chebi,5361,False,True,,0,
BIOMD0000001061,R_ALDD2y,M_acald_c + M_h2o_c + M_nadp_c => M_ac_c + 2 M_h_c + M_nadph_c,R00711,R00711,1,,chebi,5361,False,True,,0,
BIOMD0000001061,R_AMAOTr,M_amet_c + M_8aonn_c <=> M_dann_c + M_amob_c,R03231,R03231,1,,chebi,5361,False,True,,0,
BIOMD0000001061,R_AMO,M_o2_p + 2 M_h_c + M_q8h2_c + M_nh4_p => M_h2o_p + M_q8_c + 3 M_h_p + M_ham_p,R02529,R02529,1,,chebi,5361,False,True,,0,
BIOMD0000001061,R_AMPTASECG,M_h2o_c + M_cgly_c => M_cys__L_c + M_gly_c,R00899,R00899,1,,chebi,5361,False,True,,0,
BIOMD0000001061,R_ANPRT,M_anth_c + M_prpp_c => M_ppi_c + M_pran_c,R01073,R01073,1,,chebi,5361,False,True,,0,
BIOMD0000001061,R_ANS,M_chor_c + M_gln__L_c => M_anth_c + M_glu__L_c + M_h_c + M_pyr_c,R00986,R00986,1,,chebi,5361,False,True,,0,
BIOMD0000001061,R_ANS2,M_chor_c + M_nh4_c => M_anth_c + M_h_c + M_h2o_c + M_pyr_c,R00985,R00985,1,,chebi,5361,False,True,,0,
BIOMD0000001061,R_AOXSr,M_ala__L_c + M_h_c + M_pmcoa_c <=> M_co2_c + M_coa_c + M_8aonn_c,R03210,R03210,1,,chebi,5361,False,True,,0,
BIOMD0000001061,R_AOXSr2,M_ala__L_c + M_pimACP_c => M_ACP_c + M_co2_c + M_8aonn_c,R10124,R10124,1,,chebi,5361,False,True,,0,
BIOMD0000001061,R_AP4AH,M_h2o_c + M_ap4a_c => 2 M_adp_c + 2 M_h_c,R00125,R00125,1,,chebi,5361,False,True,,0,
BIOMD0000001061,R_AP5AH,M_h2o_c + M_ap5a_c => M_adp_c + M_atp_c + 2 M_h_c,R09880,R09880,1,,chebi,5361,False,True,,0,
BIOMD0000001061,R_APRAUR,M_5apru_c + M_h_c + M_nadph_c => M_5aprbu_c + M_nadp_c,R03458,R03458,1,,chebi,5361,False,True,,0,
BIOMD0000001061,R_APSR,M_aps_c + M_trdrd_c <=> M_amp_c + 2 M_h_c + M_so3_c + M_trdox_c,R07176,R07176,1,,chebi,5361,False,True,,0,
BIOMD0000001061,R_ARGSL,M_argsuc_c <=> M_arg__L_c + M_fum_c,R01086,R01086,1,,chebi,5361,False,True,,0,
BIOMD0000001061,R_ARGSS,M_asp__L_c + M_atp_c + M_citr__L_c => M_amp_c + M_argsuc_c + M_h_c + M_ppi_c,R01954,R01954,1,,chebi,5361,False,True,,0,
BIOMD0000001061,R_ASAD,M_aspsa_c + M_nadp_c + M_pi_c <=> M_4pasp_c + M_h_c + M_nadph_c,R02291,R02291,1,,chebi,5361,False,True,,0,
BIOMD0000001061,R_ASNS1,M_asp__L_c + M_atp_c + M_gln__L_c + M_h2o_c => M_amp_c + M_asn__L_c + M_glu__L_c + M_h_c + M_ppi_c,R00578,R00578,1,,chebi,5361,False,True,,0,
BIOMD0000001061,R_ASP1DC,M_asp__L_c + M_h_c => M_ala_B_c + M_co2_c,R00489,R00489,1,,chebi,5361,False,True,,0,
BIOMD0000001061,R_ASPCT,M_asp__L_c + M_cbp_c => M_cbasp_c + M_h_c + M_pi_c,R01397,R01397,1,,chebi,5361,False,True,,0,
BIOMD0000001061,R_ASPK,M_asp__L_c + M_atp_c <=> M_4pasp_c + M_adp_c,R00480,R00480,1,,chebi,5361,False,True,,0,
BIOMD0000001061,R_ASPO2,M_asp__L_c + M_nad_c => 2 M_h_c + M_iasp_c + M_nadh_c,R07410,R07410,1,,chebi,5361,False,True,,0,
BIOMD0000001061,R_ASPO2y,M_asp__L_c + M_nadp_c => 2 M_h_c + M_iasp_c + M_nadph_c,R07407,R07407,1,,chebi,5361,False,True,,0,
BIOMD0000001061,R_ASPO6,M_o2_c + M_asp__L_c => M_h_c + M_iasp_c + M_h2o2_c,R00481,R00481,1,,chebi,5361,False,True,,0,
BIOMD0000001061,R_ASPT,M_asp__L_c => M_fum_c + M_nh4_c,R00490,R00490,1,,chebi,5361,False,True,,0,
BIOMD0000001061,R_ASPTA,M_akg_c + M_asp__L_c <=> M_glu__L_c + M_oaa_c,R00355,R00355,1,,chebi,5361,False,True,,0,
BIOMD0000001061,R_ASPTRS,M_asp__L_c + M_atp_c + M_trnaasp_c => M_amp_c + M_ppi_c + M_asptrna_c,R05577,R05577,1,,chebi,5361,False,True,,0,
BIOMD0000001061,R_ATPM,M_atp_c + M_h2o_c => M_adp_c + M_h_c + M_pi_c,R00086,R00086,1,,chebi,5361,False,True,,0,
BIOMD0000001061,R_ATPPRT,M_atp_c + M_prpp_c => M_ppi_c + M_prbatp_c,R01071,R01071,1,,chebi,5361,False,True,,0,
BIOMD0000001061,R_CAT,2 M_h2o2_c => M_o2_c + 2 M_h2o_c,R00009,R00009,1,,chebi,5361,False,True,,0,
BIOMD0000001061,R_CBLAT,M_atp_c + M_h_c + M_cbl1_c <=> M_adocbl_c + M_pppi_c,R01492,R01492,1,,chebi,5361,False,True,,0,
BIOMD0000001061,R_CBPS,M_hco3_c + 2 M_atp_c + M_gln__L_c + M_h2o_c => 2 M_adp_c + M_cbp_c + M_glu__L_c + 2 M_h_c + M_pi_c,R00575,R00575,1,,chebi,5361,False,True,,0,
BIOMD0000001061,R_CDPMEK,M_4c2me_c + M_atp_c => M_2p4c2me_c + M_adp_c + M_h_c,R05634,R05634,1,,chebi,5361,False,True,,0,
BIOMD0000001061,R_CHORM,M_chor_c => M_pphn_c,R01715,R01715,1,,chebi,5361,False,True,,0,
BIOMD0000001061,R_CHORS,M_3psme_c => M_chor_c + M_pi_c,R01714,R01714,1,,chebi,5361,False,True,,0,
BIOMD0000001061,R_CITL,M_cit_c => M_ac_c + M_oaa_c,R00362,R00362,1,,chebi,5361,False,True,,0,
BIOMD0000001061,R_CPC3MT,M_amet_c + M_copre3_c => M_ahcys_c + M_copre4_c,R05809,R05809,1,,chebi,5361,False,True,,0,
BIOMD0000001061,R_CPC5MT,M_amet_c + M_copre5_c + M_h2o_c => M_acald_c + M_ahcys_c + M_copre6_c + M_h_c,R05811,R05811,1,,chebi,5361,False,True,,0,
BIOMD0000001061,R_CPC6MT,2 M_amet_c + M_codhpre6_c => 2 M_ahcys_c + M_co2_c + M_copre8_c + M_h_c,R05813,R05813,1,,chebi,5361,False,True,,0,
BIOMD0000001061,R_CPC8MM,M_copre8_c <=> M_cobya_c,R05814,R05814,1,,chebi,5361,False,True,,0,
BIOMD0000001061,R_CPPPGO,M_o2_c + M_cpppg3_c + 2 M_h_c => 2 M_co2_c + 2 M_h2o_c + M_pppg9_c,R03220,R03220,1,,chebi,5361,False,True,,0,
BIOMD0000001061,R_CPPPGO2,2 M_amet_c + M_cpppg3_c => 2 M_co2_c + 2 M_dad_5_c + 2 M_met__L_c + M_pppg9_c,R06895,R06895,1,,chebi,5361,False,True,,0,
BIOMD0000001061,R_CS,M_accoa_c + M_h2o_c + M_oaa_c => M_cit_c + M_coa_c + M_h_c,R00351,R00351,1,,chebi,5361,False,True,,0,
BIOMD0000001061,R_CTPS1,M_atp_c + M_nh4_c + M_utp_c => M_adp_c + M_ctp_c + 2 M_h_c + M_pi_c,R00571,R00571,1,,chebi,5361,False,True,,0,
BIOMD0000001061,R_CTPS2,M_atp_c + M_gln__L_c + M_h2o_c + M_utp_c => M_adp_c + M_ctp_c + M_glu__L_c + 2 M_h_c + M_pi_c,R00573,R00573,1,,chebi,5361,False,True,,0,
BIOMD0000001061,R_CYSDS,M_cys__L_c + M_h2o_c => M_h2s_c + M_nh4_c + M_pyr_c,R00782,R00782,1,,chebi,5361,False,True,,0,
BIOMD0000001061,R_CYSS,M_acser_c + M_h2s_c => M_ac_c + M_cys__L_c + M_h_c,R00897,R00897,1,,chebi,5361,False,True,,0,
BIOMD0000001061,R_CYSSADS,2 M_h_c + M_3sala_c => M_ala__L_c + M_so2_c,R00863,R00863,1,,chebi,5361,False,True,,0,
BIOMD0000001061,R_CYSTGL,M_cyst__L_c + M_h2o_c => M_2obut_c + M_cys__L_c + M_nh4_c,R01001,R01001,1,,chebi,5361,False,True,,0,
BIOMD0000001061,R_CYSTL,M_cyst__L_c + M_h2o_c => M_hcys__L_c + M_nh4_c + M_pyr_c,R01286,R01286,1,,chebi,5361,False,True,,0,
BIOMD0000001061,R_CYSTRS,M_atp_c + M_cys__L_c + M_trnacys_c => M_amp_c + M_ppi_c + M_cystrna_c,R03650,R03650,1,,chebi,5361,False,True,,0,
BIOMD0000001061,R_CYSTS,M_hcys__L_c + M_ser__L_c => M_cyst__L_c + M_h2o_c,R01290,R01290,1,,chebi,5361,False,True,,0,
BIOMD0000001061,R_CYTK1,M_atp_c + M_cmp_c <=> M_adp_c + M_cdp_c,R00512,R00512,1,,chebi,5361,False,True,,0,
BIOMD0000001061,R_CYTK2,M_atp_c + M_dcmp_c <=> M_adp_c + M_dcdp_c,R01665,R01665,1,,chebi,5361,False,True,,0,
BIOMD0000001061,R_DADK,M_atp_c + M_damp_c <=> M_adp_c + M_dadp_c,R01547,R01547,1,,chebi,5361,False,True,,0,
BIOMD0000001061,R_DAPDC,M_26dap__M_c + M_h_c => M_co2_c + M_lys__L_c,R00451,R00451,1,,chebi,5361,False,True,,0,
BIOMD0000001061,R_DAPE,M_26dap_LL_c <=> M_26dap__M_c,R02735,R02735,1,,chebi,5361,False,True,,0,
BIOMD0000001061,R_DB4PS,M_ru5p__D_c => M_db4p_c + M_for_c + M_h_c,R07281,R07281,1,,chebi,5361,False,True,,0,
BIOMD0000001061,R_DBTS,M_atp_c + M_co2_c + M_dann_c => M_adp_c + 3 M_h_c + M_pi_c + M_dtbt_c,R03182,R03182,1,,chebi,5361,False,True,,0,
BIOMD0000001061,R_DDPA,M_e4p_c + M_h2o_c + M_pep_c => M_2dda7p_c + M_pi_c,R01826,R01826,1,,chebi,5361,False,True,,0,
BIOMD0000001061,R_DGK1,M_atp_c + M_dgmp_c <=> M_adp_c + M_dgdp_c,R02090,R02090,1,,chebi,5361,False,True,,0,
BIOMD0000001061,R_DHAD1,M_23dhmb_c => M_3mob_c + M_h2o_c,R04441,R04441,1,,chebi,5361,False,True,,0,
BIOMD0000001061,R_DHAD2,M_23dhmp_c => M_3mop_c + M_h2o_c,R05070,R05070,1,,chebi,5361,False,True,,0,
BIOMD0000001061,R_DHFR,M_dhf_c + M_h_c + M_nadph_c <=> M_nadp_c + M_thf_c,R00939,R00939,1,,chebi,5361,False,True,,0,
BIOMD0000001061,R_DHFS,M_atp_c + M_dhpt_c + M_glu__L_c => M_adp_c + M_dhf_c + M_h_c + M_pi_c,R02237,R02237,1,,chebi,5361,False,True,,0,
BIOMD0000001061,R_DHNPA2r,M_dhnpt_c <=> M_gcald_c + M_6hmhpt_c,R03504,R03504,1,,chebi,5361,False,True,,0,
BIOMD0000001061,R_DHORTS,M_dhor__S_c + M_h2o_c <=> M_cbasp_c + M_h_c,R01993,R01993,1,,chebi,5361,False,True,,0,
BIOMD0000001061,R_DHPPDA2,M_h_c + M_h2o_c + M_25drapp_c => M_5apru_c + M_nh4_c,R03459,R03459,1,,chebi,5361,False,True,,0,
BIOMD0000001061,R_DHPS2,M_4abz_c + M_6hmhptpp_c => M_dhpt_c + M_ppi_c,R03067,R03067,1,,chebi,5361,False,True,,0,
BIOMD0000001061,R_DHQS,M_2dda7p_c => M_3dhq_c + M_pi_c,R03083,R03083,1,,chebi,5361,False,True,,0,
BIOMD0000001061,R_DHQTi,M_3dhq_c <=> M_3dhsk_c + M_h2o_c,R03084,R03084,1,,chebi,5361,False,True,,0,
BIOMD0000001061,R_DMATT,M_dmpp_c + M_ipdp_c => M_grdp_c + M_ppi_c,R01658,R01658,1,,chebi,5361,False,True,,0,
BIOMD0000001061,R_DNMPPA,M_h2o_c + M_dhpmp_c => M_dhnpt_c + M_pi_c,R04621,R04621,1,,chebi,5361,False,True,,0,
BIOMD0000001061,R_DNTPPA,M_h2o_c + M_ahdt_c => M_h_c + M_ppi_c + M_dhpmp_c,R04638,R04638,1,,chebi,5361,False,True,,0,
BIOMD0000001061,R_DPCOAK,M_atp_c + M_dpcoa_c => M_adp_c + M_coa_c + M_h_c,R00130,R00130,1,,chebi,5361,False,True,,0,
BIOMD0000001061,R_DPR,M_2dhp_c + M_h_c + M_nadph_c => M_nadp_c + M_pant__R_c,R02472,R02472,1,,chebi,5361,False,True,,0,
BIOMD0000001061,R_DTMPK,M_atp_c + M_dtmp_c <=> M_adp_c + M_dtdp_c,R02094,R02094,1,,chebi,5361,False,True,,0,
BIOMD0000001061,R_DUTPDP,M_h2o_c + M_dutp_c => M_dump_c + M_h_c + M_ppi_c,R02100,R02100,1,,chebi,5361,False,True,,0,
BIOMD0000001061,R_DXPRIi,M_dxyl5p_c + M_h_c + M_nadph_c => M_2me4p_c + M_nadp_c,R05688,R05688,1,,chebi,5361,False,True,,0,
BIOMD0000001061,R_DXPS,M_g3p_c + M_h_c + M_pyr_c => M_co2_c + M_dxyl5p_c,R05636,R05636,1,,chebi,5361,False,True,,0,
BIOMD0000001061,R_E4PD,M_e4p_c + M_h2o_c + M_nad_c <=> 2 M_h_c + M_nadh_c + M_4per_c,R01825,R01825,1,,chebi,5361,False,True,,0,
BIOMD0000001061,R_EGMEACPR,M_h_c + M_nadph_c + M_egmeACP_c => M_nadp_c + M_gmeACP_c,R10118,R10118,1,,chebi,5361,False,True,,0,
BIOMD0000001061,R_ENO,M_2pg_c <=> M_h2o_c + M_pep_c,R00658,R00658,1,,chebi,5361,False,True,,0,
BIOMD0000001061,R_EPMEACPR,M_h_c + M_nadph_c + M_epmeACP_c => M_nadp_c + M_pmeACP_c,R10122,R10122,1,,chebi,5361,False,True,,0,
BIOMD0000001061,R_FACOAL160,M_atp_c + M_coa_c + M_hdca_c <=> M_amp_c + M_pmtcoa_c + M_ppi_c,R01280,R01280,1,,chebi,5361,False,True,,0,
BIOMD0000001061,R_FADRx2,M_fad_c + M_h_c + M_nadph_c => M_nadp_c + M_fadh2_c,R09520,R09520,1,,chebi,5361,False,True,,0,
BIOMD0000001061,R_FALDH2,M_nad_c + M_hmgth_c <=> M_h_c + M_nadh_c + M_Sfglutth_c,R06983,R06983,1,,chebi,5361,False,True,,0,
BIOMD0000001061,R_FBA,M_fdp_c <=> M_dhap_c + M_g3p_c,R01068,R01068,1,,chebi,5361,False,True,,0,
BIOMD0000001061,R_FBA2,M_f1p_c <=> M_dhap_c + M_glyald_c,R02568,R02568,1,,chebi,5361,False,True,,0,
BIOMD0000001061,R_FBA3,M_s17bp_c <=> M_dhap_c + M_e4p_c,R01829,R01829,1,,chebi,5361,False,True,,0,
BIOMD0000001061,R_FCLT,M_fe2_c + M_ppp9_c => 2 M_h_c + M_pheme_c,R00310,R00310,1,,chebi,5361,False,True,,0,
BIOMD0000001061,R_FEROpp,M_o2_p + 4 M_h_p + 4 M_fe2_p => 2 M_h2o_p + 4 M_fe3_p,R00078,R00078,1,,chebi,5361,False,True,,0,
BIOMD0000001061,R_FLVR,M_h_c + M_nadph_c + M_ribflv_c => M_nadp_c + M_rbflvrd_c,R05707,R05707,1,,chebi,5361,False,True,,0,
BIOMD0000001061,R_FMETTRS,M_10fthf_c + M_mettrna_c => M_h_c + M_thf_c + M_fmettrna_c,R03940,R03940,1,,chebi,5361,False,True,,0,
BIOMD0000001061,R_FMNAT,M_atp_c + M_fmn_c + M_h_c => M_fad_c + M_ppi_c,R00161,R00161,1,,chebi,5361,False,True,,0,
BIOMD0000001061,R_FMNRx2,M_fmn_c + M_h_c + M_nadph_c => M_nadp_c + M_fmnh2_c,R05706,R05706,1,,chebi,5361,False,True,,0,
BIOMD0000001061,R_FOLR2,M_fol_c + M_nadph_c => M_dhf_c + M_nadp_c,R02236,R02236,1,,chebi,5361,False,True,,0,
BIOMD0000001061,R_FRTT,M_frdp_c + M_ipdp_c => M_ggdp_c + M_ppi_c,R02061,R02061,1,,chebi,5361,False,True,,0,
BIOMD0000001061,R_FTHFLi,M_atp_c + M_for_c + M_thf_c => M_10fthf_c + M_adp_c + M_pi_c,R00943,R00943,1,,chebi,5361,False,True,,0,
BIOMD0000001061,R_FUM,M_fum_c + M_h2o_c <=> M_mal__L_c,R01082,R01082,1,,chebi,5361,False,True,,0,
BIOMD0000001061,R_G1PTT,M_dttp_c + M_g1p_c + M_h_c => M_dtdpglu_c + M_ppi_c,R02328,R02328,1,,chebi,5361,False,True,,0,
BIOMD0000001061,R_G1SAT,M_glu1sa_c <=> M_5aop_c,R02272,R02272,1,,chebi,5361,False,True,,0,
BIOMD0000001061,R_G2PP,M_h2o_c + M_glyc2p_c => M_glyc_c + M_pi_c,R01043,R01043,1,,chebi,5361,False,True,,0,
BIOMD0000001061,R_G3PCT,M_ctp_c + M_glyc3p_c + M_h_c => M_cdpglyc_c + M_ppi_c,R00856,R00856,1,,chebi,5361,False,True,,0,
BIOMD0000001061,R_G3PD2,M_glyc3p_c + M_nadp_c <=> M_dhap_c + M_h_c + M_nadph_c,R00844,R00844,1,,chebi,5361,False,True,,0,
BIOMD0000001061,R_G5SADs,M_glu5sa_c <=> M_1pyr5c_c + M_h_c + M_h2o_c,R03314,R03314,1,,chebi,5361,False,True,,0,
BIOMD0000001061,R_G5SD,M_glu5p_c + M_h_c + M_nadph_c => M_glu5sa_c + M_nadp_c + M_pi_c,R03313,R03313,1,,chebi,5361,False,True,,0,
BIOMD0000001061,R_G6PDH2r,M_nadp_c + M_g6p_c <=> M_h_c + M_nadph_c + M_6pgl_c,R00835,R00835,1,,chebi,5361,False,True,,0,
BIOMD0000001061,R_GAPD,M_g3p_c + M_nad_c + M_pi_c <=> M_13dpg_c + M_h_c + M_nadh_c,R01061,R01061,1,,chebi,5361,False,True,,0,
BIOMD0000001061,R_GARFT,M_10fthf_c + M_gar_c <=> M_fgam_c + M_h_c + M_thf_c,R04325,R04325,1,,chebi,5361,False,True,,0,
BIOMD0000001061,R_GCALDD,M_gcald_c + M_h2o_c + M_nad_c => 2 M_h_c + M_nadh_c + M_glyclt_c,R01333,R01333,1,,chebi,5361,False,True,,0,
BIOMD0000001061,R_GCCa,M_gly_c + M_h_c + M_lpro_c => M_alpro_c + M_co2_c,R03425,R03425,1,,chebi,5361,False,True,,0,
BIOMD0000001061,R_GCCb,M_alpro_c + M_thf_c => M_dhlpro_c + M_mlthf_c + M_nh4_c,R04125,R04125,1,,chebi,5361,False,True,,0,
BIOMD0000001061,R_GCCc,M_dhlpro_c + M_nad_c => M_h_c + M_lpro_c + M_nadh_c,R03815,R03815,1,,chebi,5361,False,True,,0,
BIOMD0000001061,R_GHMT2r,M_ser__L_c + M_thf_c <=> M_gly_c + M_h2o_c + M_mlthf_c,R00945,R00945,1,,chebi,5361,False,True,,0,
BIOMD0000001061,R_GK1,M_atp_c + M_gmp_c <=> M_adp_c + M_gdp_c,R00332,R00332,1,,chebi,5361,False,True,,0,
BIOMD0000001061,R_GLGC,M_atp_c + M_g1p_c + M_h_c => M_ppi_c + M_adpglc_c,R00948,R00948,1,,chebi,5361,False,True,,0,
BIOMD0000001061,R_GLNS,M_atp_c + M_glu__L_c + M_nh4_c => M_adp_c + M_gln__L_c + M_h_c + M_pi_c,R00253,R00253,1,,chebi,5361,False,True,,0,
BIOMD0000001061,R_GLNTRS,M_atp_c + M_gln__L_c + M_trnagln_c => M_amp_c + M_ppi_c + M_glntrna_c,R03652,R03652,1,,chebi,5361,False,True,,0,
BIOMD0000001061,R_GLU5K,M_atp_c + M_glu__L_c => M_adp_c + M_glu5p_c,R00239,R00239,1,,chebi,5361,False,True,,0,
BIOMD0000001061,R_GLUDy,M_glu__L_c + M_h2o_c + M_nadp_c <=> M_akg_c + M_h_c + M_nadph_c + M_nh4_c,R00248,R00248,1,,chebi,5361,False,True,,0,
BIOMD0000001061,R_GLUPRT,M_gln__L_c + M_h2o_c + M_prpp_c => M_glu__L_c + M_ppi_c + M_pram_c,R01072,R01072,1,,chebi,5361,False,True,,0,
BIOMD0000001061,R_GLUR,M_glu__D_c <=> M_glu__L_c,R00260,R00260,1,,chebi,5361,False,True,,0,
BIOMD0000001061,R_GLUSy,M_akg_c + M_gln__L_c + M_h_c + M_nadph_c => 2 M_glu__L_c + M_nadp_c,R00114,R00114,1,,chebi,5361,False,True,,0,
BIOMD0000001061,R_GLUTRR,M_glutrna_c + M_h_c + M_nadph_c => M_glu1sa_c + M_nadp_c + M_trnaglu_c,R04109,R04109,1,,chebi,5361,False,True,,0,
BIOMD0000001061,R_GLUTRS,M_atp_c + M_glu__L_c + M_trnaglu_c => M_amp_c + M_glutrna_c + M_ppi_c,R05578,R05578,1,,chebi,5361,False,True,,0,
BIOMD0000001061,R_GLYCL,M_gly_c + M_nad_c + M_thf_c => M_co2_c + M_mlthf_c + M_nadh_c + M_nh4_c,R01221,R01221,1,,chebi,5361,False,True,,0,
BIOMD0000001061,R_GLYCTO1,M_o2_c + M_glyclt_c => M_h2o2_c + M_glx_c,R00475,R00475,1,,chebi,5361,False,True,,0,
BIOMD0000001061,R_GLYK,M_atp_c + M_glyc_c => M_adp_c + M_glyc3p_c + M_h_c,R00847,R00847,1,,chebi,5361,False,True,,0,
BIOMD0000001061,R_GLYOX,M_h2o_c + M_lgt__S_c => M_h_c + M_lac__D_c + M_gthrd_c,R01736,R01736,1,,chebi,5361,False,True,,0,
BIOMD0000001061,R_GLYOX_1,M_lgt__S_c <=> M_gthrd_c + M_mthgxl_c,R02530,R02530,1,,chebi,5361,False,True,,0,
BIOMD0000001061,R_GLYTRS,M_atp_c + M_gly_c + M_trnagly_c => M_amp_c + M_ppi_c + M_glytrna_c,R03654,R03654,1,,chebi,5361,False,True,,0,
BIOMD0000001061,R_GMPS,M_atp_c + M_nh4_c + M_xmp_c => M_amp_c + M_gmp_c + 2 M_h_c + M_ppi_c,R01230,R01230,1,,chebi,5361,False,True,,0,
BIOMD0000001061,R_GMPS2,M_atp_c + M_gln__L_c + M_h2o_c + M_xmp_c => M_amp_c + M_glu__L_c + M_gmp_c + 2 M_h_c + M_ppi_c,R01231,R01231,1,,chebi,5361,False,True,,0,
BIOMD0000001061,R_GND,M_6pgc_c + M_nadp_c => M_co2_c + M_nadph_c + M_ru5p__D_c,R01528,R01528,1,,chebi,5361,False,True,,0,
BIOMD0000001061,R_GRTT,M_grdp_c + M_ipdp_c => M_frdp_c + M_ppi_c,R02003,R02003,1,,chebi,5361,False,True,,0,
BIOMD0000001061,R_GTHPi,M_h2o2_c + 2 M_gthrd_c => 2 M_h2o_c + M_gthox_c,R00274,R00274,1,,chebi,5361,False,True,,0,
BIOMD0000001061,R_GTHS,M_atp_c + M_gly_c + M_glucys_c => M_adp_c + M_h_c + M_pi_c + M_gthrd_c,R00497,R00497,1,,chebi,5361,False,True,,0,
BIOMD0000001061,R_GTPCI,M_gtp_c + M_h2o_c => M_for_c + M_h_c + M_ahdt_c,R00424,R00424,1,,chebi,5361,False,True,,0,
BIOMD0000001061,R_GTPDPK,M_atp_c + M_gtp_c => M_amp_c + M_gdptp_c + M_h_c,R00429,R00429,1,,chebi,5361,False,True,,0,
BIOMD0000001061,R_HBZOPT,M_octdp_c + M_4hbz_c => M_ppi_c + M_3ophb_c,R05615,R05615,1,,chebi,5361,False,True,,0,
BIOMD0000001061,R_HCO3E,M_co2_c + M_h2o_c <=> M_hco3_c + M_h_c,R00132;R10092,R00132,2,,chebi,5361,False,True,,0,
BIOMD0000001061,R_HISTD,M_h2o_c + M_histd_c + 2 M_nad_c => 3 M_h_c + M_his__L_c + 2 M_nadh_c,R01158,R01158,1,,chebi,5361,False,True,,0,
BIOMD0000001061,R_HISTP,M_h2o_c + M_hisp_c => M_histd_c + M_pi_c,R03013,R03013,1,,chebi,5361,False,True,,0,
BIOMD0000001061,R_HISTRS,M_atp_c + M_his__L_c + M_trnahis_c => M_amp_c + M_ppi_c + M_histrna_c,R03655,R03655,1,,chebi,5361,False,True,,0,
BIOMD0000001061,R_HMBS,M_h2o_c + 4 M_ppbng_c => M_hmbil_c + 4 M_nh4_c,R00084,R00084,1,,chebi,5361,False,True,,0,
BIOMD0000001061,R_HPPK2,M_atp_c + M_6hmhpt_c => M_6hmhptpp_c + M_amp_c + M_h_c,R03503,R03503,1,,chebi,5361,False,True,,0,
BIOMD0000001061,R_HSDy,M_hom__L_c + M_nadp_c <=> M_aspsa_c + M_h_c + M_nadph_c,R01775,R01775,1,,chebi,5361,False,True,,0,
BIOMD0000001061,R_HSERTA,M_accoa_c + M_hom__L_c <=> M_achms_c + M_coa_c,R01776,R01776,1,,chebi,5361,False,True,,0,
BIOMD0000001061,R_HSK,M_atp_c + M_hom__L_c => M_adp_c + M_h_c + M_phom_c,R01771,R01771,1,,chebi,5361,False,True,,0,
BIOMD0000001061,R_HSTPT,M_glu__L_c + M_imacp_c => M_akg_c + M_hisp_c,R03243,R03243,1,,chebi,5361,False,True,,0,
BIOMD0000001061,R_ICDHyr,M_icit_c + M_nadp_c <=> M_akg_c + M_co2_c + M_nadph_c,R00267,R00267,1,,chebi,5361,False,True,,0,
BIOMD0000001061,R_IG3PS,M_gln__L_c + M_prlp_c => M_aicar_c + M_eig3p_c + M_glu__L_c + M_h_c,R04558,R04558,1,,chebi,5361,False,True,,0,
BIOMD0000001061,R_IGPDH,M_eig3p_c => M_h2o_c + M_imacp_c,R03457,R03457,1,,chebi,5361,False,True,,0,
BIOMD0000001061,R_IGPS,M_2cpr5p_c + M_h_c => M_3ig3p_c + M_co2_c + M_h2o_c,R03508,R03508,1,,chebi,5361,False,True,,0,
BIOMD0000001061,R_ILETA,M_akg_c + M_ile__L_c <=> M_3mop_c + M_glu__L_c,R02199,R02199,1,,chebi,5361,False,True,,0,
BIOMD0000001061,R_ILETRS,M_atp_c + M_ile__L_c + M_trnaile_c => M_amp_c + M_iletrna_c + M_ppi_c,R03656,R03656,1,,chebi,5361,False,True,,0,
BIOMD0000001061,R_IMPC,M_h2o_c + M_imp_c <=> M_fprica_c,R01127,R01127,1,,chebi,5361,False,True,,0,
BIOMD0000001061,R_IMPD,M_h2o_c + M_imp_c + M_nad_c => M_h_c + M_nadh_c + M_xmp_c,R01130,R01130,1,,chebi,5361,False,True,,0,
BIOMD0000001061,R_IPMD,M_3c2hmp_c + M_nad_c => M_3c4mop_c + M_h_c + M_nadh_c,R04426,R04426,1,,chebi,5361,False,True,,0,
BIOMD0000001061,R_IPPMIa,M_3c2hmp_c <=> M_2ippm_c + M_h2o_c,R04001,R04001,1,,chebi,5361,False,True,,0,
BIOMD0000001061,R_IPPMIb,M_2ippm_c + M_h2o_c <=> M_3c3hmp_c,R03968,R03968,1,,chebi,5361,False,True,,0,
BIOMD0000001061,R_IPPS,M_3mob_c + M_accoa_c + M_h2o_c => M_3c3hmp_c + M_coa_c + M_h_c,R01213,R01213,1,,chebi,5361,False,True,,0,
BIOMD0000001061,R_KARA1,M_23dhmb_c + M_nadp_c <=> M_alac__S_c + M_h_c + M_nadph_c,R04439,R04439,1,,chebi,5361,False,True,,0,
BIOMD0000001061,R_KAS14,M_acACP_c + M_h_c + M_malACP_c => M_ACP_c + M_actACP_c + M_co2_c,R04355,R04355,1,,chebi,5361,False,True,,0,
BIOMD0000001061,R_KAS15,M_accoa_c + M_h_c + M_malACP_c => M_actACP_c + M_co2_c + M_coa_c,R10707,R10707,1,,chebi,5361,False,True,,0,
BIOMD0000001061,R_LCARS,M_h_c + M_lald__L_c + M_nadh_c <=> M_12ppd__S_c + M_nad_c,R02258,R02258,1,,chebi,5361,False,True,,0,
BIOMD0000001061,R_LDH_D,M_lac__D_c + M_nad_c <=> M_h_c + M_nadh_c + M_pyr_c,R00704,R00704,1,,chebi,5361,False,True,,0,
BIOMD0000001061,R_LEUTAi,M_4mop_c + M_glu__L_c => M_akg_c + M_leu__L_c,R01090,R01090,1,,chebi,5361,False,True,,0,
BIOMD0000001061,R_LEUTRS,M_atp_c + M_leu__L_c + M_trnaleu_c => M_amp_c + M_leutrna_c + M_ppi_c,R03657,R03657,1,,chebi,5361,False,True,,0,
BIOMD0000001061,R_LYSTRS,M_atp_c + M_lys__L_c + M_trnalys_c => M_amp_c + M_ppi_c + M_lystrna_c,R03658,R03658,1,,chebi,5361,False,True,,0,
BIOMD0000001061,R_MAN1PT2,M_gdp_c + M_h_c + M_man1p_c => M_gdpmann_c + M_pi_c,R00883,R00883,1,,chebi,5361,False,True,,0,
BIOMD0000001061,R_MAN6PI,M_man6p_c <=> M_f6p_c,R01819,R01819,1,,chebi,5361,False,True,,0,
BIOMD0000001061,R_MCOATA,M_ACP_c + M_malcoa_c <=> M_coa_c + M_malACP_c,R01626,R01626,1,,chebi,5361,False,True,,0,
BIOMD0000001061,R_MDH,M_mal__L_c + M_nad_c <=> M_h_c + M_nadh_c + M_oaa_c,R00342,R00342,1,,chebi,5361,False,True,,0,
BIOMD0000001061,R_ME1,M_mal__L_c + M_nad_c => M_co2_c + M_nadh_c + M_pyr_c,R00214,R00214,1,,chebi,5361,False,True,,0,
BIOMD0000001061,R_MECDPS,M_2p4c2me_c => M_2mecdp_c + M_cmp_c,R05637,R05637,1,,chebi,5361,False,True,,0,
BIOMD0000001061,R_MEPCT,M_2me4p_c + M_ctp_c + M_h_c => M_4c2me_c + M_ppi_c,R05633,R05633,1,,chebi,5361,False,True,,0,
BIOMD0000001061,R_METAT,M_atp_c + M_h2o_c + M_met__L_c => M_amet_c + M_pi_c + M_ppi_c,R00177,R00177,1,,chebi,5361,False,True,,0,
BIOMD0000001061,R_METS,M_5mthf_c + M_hcys__L_c => M_h_c + M_met__L_c + M_thf_c,R00946,R00946,1,,chebi,5361,False,True,,0,
BIOMD0000001061,R_METSOXR1,M_trdrd_c + M_metsox_S__L_c => M_h2o_c + M_met__L_c + M_trdox_c,R02025,R02025,1,,chebi,5361,False,True,,0,
BIOMD0000001061,R_METSOXR2,M_trdrd_c + M_metsox_R__L_c => M_h2o_c + M_met__L_c + M_trdox_c,R07608,R07608,1,,chebi,5361,False,True,,0,
BIOMD0000001061,R_METTRS,M_atp_c + M_met__L_c + M_trnamet_c => M_amp_c + M_mettrna_c + M_ppi_c,R03659,R03659,1,,chebi,5361,False,True,,0,
BIOMD0000001061,R_MI1PP,M_h2o_c + M_mi1p__D_c => M_pi_c + M_inost_c,R01185,R01185,1,,chebi,5361,False,True,,0,
BIOMD0000001061,R_MOHMT,M_3mob_c + M_h2o_c + M_mlthf_c => M_2dhp_c + M_thf_c,R01226,R01226,1,,chebi,5361,False,True,,0,
BIOMD0000001061,R_MTHFC,M_h2o_c + M_methf_c <=> M_10fthf_c + M_h_c,R01655,R01655,1,,chebi,5361,False,True,,0,
BIOMD0000001061,R_MTHFD,M_mlthf_c + M_nadp_c <=> M_methf_c + M_nadph_c,R01220,R01220,1,,chebi,5361,False,True,,0,
BIOMD0000001061,R_MTHFR2,2 M_h_c + M_mlthf_c + M_nadh_c => M_5mthf_c + M_nad_c,R07168,R07168,1,,chebi,5361,False,True,,0,
BIOMD0000001061,R_NADDP,M_h2o_c + M_nad_c => M_amp_c + 2 M_h_c + M_nmn_c,R00103,R00103,1,,chebi,5361,False,True,,0,
BIOMD0000001061,R_NADHPO,M_h_c + M_nadh_c + M_h2o2_c => 2 M_h2o_c + M_nad_c,R00090,R00090,1,,chebi,5361,False,True,,0,
BIOMD0000001061,R_NADK,M_atp_c + M_nad_c => M_adp_c + M_h_c + M_nadp_c,R00104,R00104,1,,chebi,5361,False,True,,0,
BIOMD0000001061,R_NADS1,M_atp_c + M_dnad_c + M_nh4_c => M_amp_c + M_h_c + M_nad_c + M_ppi_c,R00189,R00189,1,,chebi,5361,False,True,,0,
BIOMD0000001061,R_NADS2,M_atp_c + M_dnad_c + M_gln__L_c + M_h2o_c => M_amp_c + M_glu__L_c + M_h_c + M_nad_c + M_ppi_c,R00257,R00257,1,,chebi,5361,False,True,,0,
BIOMD0000001061,R_NADTRHD,M_nad_c + M_nadph_c => M_nadh_c + M_nadp_c,R00112,R00112,1,,chebi,5361,False,True,,0,
BIOMD0000001061,R_NDPK1,M_atp_c + M_gdp_c <=> M_adp_c + M_gtp_c,R00330,R00330,1,,chebi,5361,False,True,,0,
BIOMD0000001061,R_NDPK2,M_atp_c + M_udp_c <=> M_adp_c + M_utp_c,R00156,R00156,1,,chebi,5361,False,True,,0,
BIOMD0000001061,R_NDPK3,M_atp_c + M_cdp_c <=> M_adp_c + M_ctp_c,R00570,R00570,1,,chebi,5361,False,True,,0,
BIOMD0000001061,R_NDPK4,M_atp_c + M_dtdp_c <=> M_adp_c + M_dttp_c,R02093,R02093,1,,chebi,5361,False,True,,0,
BIOMD0000001061,R_NDPK5,M_atp_c + M_dgdp_c <=> M_adp_c + M_dgtp_c,R01857,R01857,1,,chebi,5361,False,True,,0,
BIOMD0000001061,R_NDPK6,M_atp_c + M_dudp_c <=> M_adp_c + M_dutp_c,R02331,R02331,1,,chebi,5361,False,True,,0,
BIOMD0000001061,R_NDPK7,M_atp_c + M_dcdp_c <=> M_adp_c + M_dctp_c,R02326,R02326,1,,chebi,5361,False,True,,0,
BIOMD0000001061,R_NDPK8,M_atp_c + M_dadp_c <=> M_adp_c + M_datp_c,R01137,R01137,1,,chebi,5361,False,True,,0,
BIOMD0000001061,R_NMNDA,M_h2o_c + M_nmn_c => M_nh4_c + M_nicrnt_c,R02322,R02322,1,,chebi,5361,False,True,,0,
BIOMD0000001061,R_NNATr,M_atp_c + M_h_c + M_nicrnt_c => M_dnad_c + M_ppi_c,R03005,R03005,1,,chebi,5361,False,True,,0,
BIOMD0000001061,R_NNDMBRT,M_dmbzid_c + M_nicrnt_c => M_5prdmbz_c + M_h_c + M_nac_c,R04148,R04148,1,,chebi,5361,False,True,,0,
BIOMD0000001061,R_NNDPR,2 M_h_c + M_prpp_c + M_quln_c => M_co2_c + M_nicrnt_c + M_ppi_c,R03348,R03348,1,,chebi,5361,False,True,,0,
BIOMD0000001061,R_NTD1,M_dump_c + M_h2o_c => M_pi_c + M_duri_c,R02102,R02102,1,,chebi,5361,False,True,,0,
BIOMD0000001061,R_NTD10,M_h2o_c + M_xmp_c => M_pi_c + M_xtsn_c,R02719,R02719,1,,chebi,5361,False,True,,0,
BIOMD0000001061,R_NTD11,M_h2o_c + M_imp_c => M_pi_c + M_ins_c,R01126,R01126,1,,chebi,5361,False,True,,0,
BIOMD0000001061,R_NTD2,M_h2o_c + M_ump_c => M_pi_c + M_uri_c,R00963,R00963,1,,chebi,5361,False,True,,0,
BIOMD0000001061,R_NTD3,M_dcmp_c + M_h2o_c => M_pi_c + M_dcyt_c,R01664,R01664,1,,chebi,5361,False,True,,0,
BIOMD0000001061,R_NTD4,M_cmp_c + M_h2o_c => M_pi_c + M_cytd_c,R00511,R00511,1,,chebi,5361,False,True,,0,
BIOMD0000001061,R_NTD5,M_dtmp_c + M_h2o_c => M_pi_c + M_thymd_c,R01569,R01569,1,,chebi,5361,False,True,,0,
BIOMD0000001061,R_NTD6,M_damp_c + M_h2o_c => M_pi_c + M_dad_2_c,R02088,R02088,1,,chebi,5361,False,True,,0,
BIOMD0000001061,R_NTD7,M_amp_c + M_h2o_c => M_pi_c + M_adn_c,R00183,R00183,1,,chebi,5361,False,True,,0,
BIOMD0000001061,R_NTD8,M_dgmp_c + M_h2o_c => M_pi_c + M_dgsn_c,R01968,R01968,1,,chebi,5361,False,True,,0,
BIOMD0000001061,R_NTD9,M_gmp_c + M_h2o_c => M_pi_c + M_gsn_c,R01227,R01227,1,,chebi,5361,False,True,,0,
BIOMD0000001061,R_NTP1,M_atp_c + M_h2o_c => M_adp_c + M_h_c + M_pi_c,R00086,R00086,1,,chebi,5361,False,True,,0,
BIOMD0000001061,R_NTP10,M_h2o_c + M_itp_c => M_h_c + M_pi_c + M_idp_c,R00719,R00719,1,,chebi,5361,False,True,,0,
BIOMD0000001061,R_NTP3,M_gtp_c + M_h2o_c => M_gdp_c + M_h_c + M_pi_c,R00335,R00335,1,,chebi,5361,False,True,,0,
BIOMD0000001061,R_NTP5,M_ctp_c + M_h2o_c => M_cdp_c + M_h_c + M_pi_c,R00569,R00569,1,,chebi,5361,False,True,,0,
BIOMD0000001061,R_NTPP10,M_h2o_c + M_ditp_c => M_h_c + M_ppi_c + M_dimp_c,R03531,R03531,1,,chebi,5361,False,True,,0,
BIOMD0000001061,R_NTPP11,M_h2o_c + M_xtp_c => M_h_c + M_ppi_c + M_xmp_c,R02720,R02720,1,,chebi,5361,False,True,,0,
BIOMD0000001061,R_NTPP7,M_dttp_c + M_h2o_c => M_dtmp_c + M_h_c + M_ppi_c,R11323,R11323,1,,chebi,5361,False,True,,0,
BIOMD0000001061,R_NTPP8,M_h2o_c + M_utp_c => M_h_c + M_ppi_c + M_ump_c,R00662,R00662,1,,chebi,5361,False,True,,0,
BIOMD0000001061,R_NTPP9,M_h2o_c + M_itp_c => M_h_c + M_imp_c + M_ppi_c,R00720,R00720,1,,chebi,5361,False,True,,0,
BIOMD0000001061,R_OCBT,M_cbp_c + M_orn_c <=> M_citr__L_c + M_h_c + M_pi_c,R01398,R01398,1,,chebi,5361,False,True,,0,
BIOMD0000001061,R_OCTDPS,M_frdp_c + 5 M_ipdp_c => M_octdp_c + 5 M_ppi_c,R09248,R09248,1,,chebi,5361,False,True,,0,
BIOMD0000001061,R_OGMEACPD,M_hgmeACP_c => M_h2o_c + M_egmeACP_c,R10117,R10117,1,,chebi,5361,False,True,,0,
BIOMD0000001061,R_OHPBAT,M_glu__L_c + M_ohpb_c <=> M_akg_c + M_phthr_c,R05085,R05085,1,,chebi,5361,False,True,,0,
BIOMD0000001061,R_OHPHM,M_amet_c + M_2ohph_c => M_ahcys_c + M_h_c + M_2omph_c,R04988,R04988,1,,chebi,5361,False,True,,0,
BIOMD0000001061,R_OMCDC,M_3c4mop_c + M_h_c => M_4mop_c + M_co2_c,R01652,R01652,1,,chebi,5361,False,True,,0,
BIOMD0000001061,R_OMPDC,M_h_c + M_orot5p_c => M_co2_c + M_ump_c,R00965,R00965,1,,chebi,5361,False,True,,0,
BIOMD0000001061,R_OPHBDC,M_h_c + M_3ophb_c => M_co2_c + M_2oph_c,R04986,R04986,1,,chebi,5361,False,True,,0,
BIOMD0000001061,R_OPMEACPD,M_hpmeACP_c => M_h2o_c + M_epmeACP_c,R10121,R10121,1,,chebi,5361,False,True,,0,
BIOMD0000001061,R_ORNTAC,M_acorn_c + M_glu__L_c <=> M_acglu_c + M_orn_c,R02282,R02282,1,,chebi,5361,False,True,,0,
BIOMD0000001061,R_ORPT,M_orot5p_c + M_ppi_c <=> M_orot_c + M_prpp_c,R01870,R01870,1,,chebi,5361,False,True,,0,
BIOMD0000001061,R_P5CR,M_1pyr5c_c + 2 M_h_c + M_nadph_c => M_nadp_c + M_pro__L_c,R01251,R01251,1,,chebi,5361,False,True,,0,
BIOMD0000001061,R_P5CRx,M_1pyr5c_c + 2 M_h_c + M_nadh_c => M_nad_c + M_pro__L_c,R01248,R01248,1,,chebi,5361,False,True,,0,
BIOMD0000001061,R_PANTS,M_ala_B_c + M_atp_c + M_pant__R_c => M_amp_c + M_h_c + M_pnto__R_c + M_ppi_c,R02473,R02473,1,,chebi,5361,False,True,,0,
BIOMD0000001061,R_PAPSR,M_trdrd_c + M_paps_c => 2 M_h_c + M_so3_c + M_trdox_c + M_pap_c,R02021,R02021,1,,chebi,5361,False,True,,0,
BIOMD0000001061,R_PDH,M_coa_c + M_nad_c + M_pyr_c => M_accoa_c + M_co2_c + M_nadh_c,R00209,R00209,1,,chebi,5361,False,True,,0,
BIOMD0000001061,R_PDX5POi,M_o2_c + M_pdx5p_c => M_pydx5p_c + M_h2o2_c,R00278,R00278,1,,chebi,5361,False,True,,0,
BIOMD0000001061,R_PERD,M_nad_c + M_4per_c <=> M_h_c + M_nadh_c + M_ohpb_c,R04210,R04210,1,,chebi,5361,False,True,,0,
BIOMD0000001061,R_PGAMT,M_gam1p_c <=> M_gam6p_c,R02060,R02060,1,,chebi,5361,False,True,,0,
BIOMD0000001061,R_PGCD,M_3pg_c + M_nad_c => M_3php_c + M_h_c + M_nadh_c,R01513,R01513,1,,chebi,5361,False,True,,0,
BIOMD0000001061,R_PGK,M_3pg_c + M_atp_c <=> M_13dpg_c + M_adp_c,R01512,R01512,1,,chebi,5361,False,True,,0,
BIOMD0000001061,R_PGL,M_h2o_c + M_6pgl_c => M_6pgc_c + M_h_c,R02035,R02035,1,,chebi,5361,False,True,,0,
BIOMD0000001061,R_PGLYCP,M_h2o_c + M_2pglyc_c => M_pi_c + M_glyclt_c,R01334,R01334,1,,chebi,5361,False,True,,0,
BIOMD0000001061,R_PGM,M_2pg_c <=> M_3pg_c,R01518,R01518,1,,chebi,5361,False,True,,0,
BIOMD0000001061,R_PHETA1,M_akg_c + M_phe__L_c <=> M_glu__L_c + M_phpyr_c,R00694,R00694,1,,chebi,5361,False,True,,0,
BIOMD0000001061,R_PHETRS,M_atp_c + M_phe__L_c + M_trnaphe_c => M_amp_c + M_phetrna_c + M_ppi_c,R03660,R03660,1,,chebi,5361,False,True,,0,
BIOMD0000001061,R_PMDPHT,M_5aprbu_c + M_h2o_c => M_4r5au_c + M_pi_c,R07280,R07280,1,,chebi,5361,False,True,,0,
BIOMD0000001061,R_PMEACPE,M_h2o_c + M_pmeACP_c => M_pimACP_c + M_meoh_c,R09725,R09725,1,,chebi,5361,False,True,,0,
BIOMD0000001061,R_PNTK,M_atp_c + M_pnto__R_c => M_4ppan_c + M_adp_c + M_h_c,R03018,R03018,1,,chebi,5361,False,True,,0,
BIOMD0000001061,R_PPA,M_h2o_c + M_ppi_c => M_h_c + 2 M_pi_c,R00004,R00004,1,,chebi,5361,False,True,,0,
BIOMD0000001061,R_PPA2,M_h2o_c + M_pppi_c => M_h_c + M_pi_c + M_ppi_c,R00138,R00138,1,,chebi,5361,False,True,,0,
BIOMD0000001061,R_PPBNGS,2 M_5aop_c => M_h_c + 2 M_h2o_c + M_ppbng_c,R00036,R00036,1,,chebi,5361,False,True,,0,
BIOMD0000001061,R_PPC,M_co2_c + M_h2o_c + M_pep_c => M_h_c + M_oaa_c + M_pi_c,R00345,R00345,1,,chebi,5361,False,True,,0,
BIOMD0000001061,R_PPCDC,M_4ppcys_c + M_h_c => M_co2_c + M_pan4p_c,R03269,R03269,1,,chebi,5361,False,True,,0,
BIOMD0000001061,R_PPDK,M_atp_c + M_pi_c + M_pyr_c => M_amp_c + M_h_c + M_pep_c + M_ppi_c,R00206,R00206,1,,chebi,5361,False,True,,0,
BIOMD0000001061,R_PPGPPDP,M_h2o_c + M_ppgpp_c => M_gdp_c + M_ppi_c,R00336,R00336,1,,chebi,5361,False,True,,0,
BIOMD0000001061,R_PPNCL2,M_4ppan_c + M_ctp_c + M_cys__L_c => M_4ppcys_c + M_cmp_c + M_h_c + M_ppi_c,R04231,R04231,1,,chebi,5361,False,True,,0,
BIOMD0000001061,R_PPND,M_nad_c + M_pphn_c => M_34hpp_c + M_co2_c + M_nadh_c,R01728,R01728,1,,chebi,5361,False,True,,0,
BIOMD0000001061,R_PPNDH,M_h_c + M_pphn_c => M_co2_c + M_h2o_c + M_phpyr_c,R01373,R01373,1,,chebi,5361,False,True,,0,
BIOMD0000001061,R_PPS,M_atp_c + M_h2o_c + M_pyr_c => M_amp_c + 2 M_h_c + M_pep_c + M_pi_c,R00199,R00199,1,,chebi,5361,False,True,,0,
BIOMD0000001061,R_PRAGSr,M_atp_c + M_gly_c + M_pram_c => M_adp_c + M_gar_c + M_h_c + M_pi_c,R04144,R04144,1,,chebi,5361,False,True,,0,
BIOMD0000001061,R_PRAIi,M_pran_c <=> M_2cpr5p_c,R03509,R03509,1,,chebi,5361,False,True,,0,
BIOMD0000001061,R_PRAMPC,M_h2o_c + M_prbamp_c => M_prfp_c,R04037,R04037,1,,chebi,5361,False,True,,0,
BIOMD0000001061,R_PRASCSi,M_5aizc_c + M_asp__L_c + M_atp_c <=> M_25aics_c + M_adp_c + M_h_c + M_pi_c,R04591,R04591,1,,chebi,5361,False,True,,0,
BIOMD0000001061,R_PRATPP,M_h2o_c + M_prbatp_c => M_h_c + M_ppi_c + M_prbamp_c,R04035,R04035,1,,chebi,5361,False,True,,0,
BIOMD0000001061,R_PRMICI,M_prfp_c <=> M_prlp_c,R04640,R04640,1,,chebi,5361,False,True,,0,
BIOMD0000001061,R_PROTRS,M_atp_c + M_pro__L_c + M_trnapro_c => M_amp_c + M_ppi_c + M_protrna_c,R03661,R03661,1,,chebi,5361,False,True,,0,
BIOMD0000001061,R_PRUK,M_atp_c + M_ru5p__D_c => M_adp_c + M_h_c + M_rb15bp_c,R01523,R01523,1,,chebi,5361,False,True,,0,
BIOMD0000001061,R_PSCVT,M_pep_c + M_skm5p_c <=> M_3psme_c + M_pi_c,R03460,R03460,1,,chebi,5361,False,True,,0,
BIOMD0000001061,R_PSERT,M_3php_c + M_glu__L_c => M_akg_c + M_pser__L_c,R04173,R04173,1,,chebi,5361,False,True,,0,
BIOMD0000001061,R_PSP_L,M_h2o_c + M_pser__L_c => M_pi_c + M_ser__L_c,R00582,R00582,1,,chebi,5361,False,True,,0,
BIOMD0000001061,R_PTA2,M_pi_c + M_ppcoa_c => M_coa_c + M_ppap_c,R00921,R00921,1,,chebi,5361,False,True,,0,
BIOMD0000001061,R_PTAr,M_accoa_c + M_pi_c <=> M_actp_c + M_coa_c,R00230,R00230,1,,chebi,5361,False,True,,0,
BIOMD0000001061,R_PTPATi,M_atp_c + M_h_c + M_pan4p_c => M_dpcoa_c + M_ppi_c,R03035,R03035,1,,chebi,5361,False,True,,0,
BIOMD0000001061,R_PTRCTA,M_akg_c + M_ptrc_c => M_4abutn_c + M_glu__L_c,R01155,R01155,1,,chebi,5361,False,True,,0,
BIOMD0000001061,R_PYK,M_adp_c + M_h_c + M_pep_c => M_atp_c + M_pyr_c,R00200,R00200,1,,chebi,5361,False,True,,0,
BIOMD0000001061,R_PYK2,M_h_c + M_pep_c + M_udp_c => M_pyr_c + M_utp_c,R00659,R00659,1,,chebi,5361,False,True,,0,
BIOMD0000001061,R_PYK3,M_gdp_c + M_h_c + M_pep_c => M_gtp_c + M_pyr_c,R00430,R00430,1,,chebi,5361,False,True,,0,
BIOMD0000001061,R_PYK4,M_cdp_c + M_h_c + M_pep_c => M_ctp_c + M_pyr_c,R00572,R00572,1,,chebi,5361,False,True,,0,
BIOMD0000001061,R_QULNS,M_dhap_c + M_iasp_c => 2 M_h2o_c + M_pi_c + M_quln_c,R04292,R04292,1,,chebi,5361,False,True,,0,
BIOMD0000001061,R_RBCh,M_o2_c + M_rb15bp_c => M_3pg_c + 2 M_h_c + M_2pglyc_c,R03140,R03140,1,,chebi,5361,False,True,,0,
BIOMD0000001061,R_RBFK,M_atp_c + M_ribflv_c => M_adp_c + M_fmn_c + M_h_c,R00549,R00549,1,,chebi,5361,False,True,,0,
BIOMD0000001061,R_RBFSa,M_4r5au_c + M_db4p_c => M_dmlz_c + 2 M_h2o_c + M_pi_c,R04457,R04457,1,,chebi,5361,False,True,,0,
BIOMD0000001061,R_RBFSb,2 M_dmlz_c => M_4r5au_c + M_ribflv_c,R00066,R00066,1,,chebi,5361,False,True,,0,
BIOMD0000001061,R_RBPC,M_co2_c + M_h2o_c + M_rb15bp_c => 2 M_3pg_c + 2 M_h_c,R00024,R00024,1,,chebi,5361,False,True,,0,
BIOMD0000001061,R_RNDR1,M_adp_c + M_trdrd_c => M_dadp_c + M_h2o_c + M_trdox_c,R02017,R02017,1,,chebi,5361,False,True,,0,
BIOMD0000001061,R_RNDR2,M_gdp_c + M_trdrd_c => M_dgdp_c + M_h2o_c + M_trdox_c,R02019,R02019,1,,chebi,5361,False,True,,0,
BIOMD0000001061,R_RNDR3,M_cdp_c + M_trdrd_c => M_dcdp_c + M_h2o_c + M_trdox_c,R02024,R02024,1,,chebi,5361,False,True,,0,
BIOMD0000001061,R_RNDR4,M_trdrd_c + M_udp_c => M_dudp_c + M_h2o_c + M_trdox_c,R02018,R02018,1,,chebi,5361,False,True,,0,
BIOMD0000001061,R_RNTR1,M_atp_c + M_trdrd_c => M_datp_c + M_h2o_c + M_trdox_c,R02014,R02014,1,,chebi,5361,False,True,,0,
BIOMD0000001061,R_RNTR2,M_gtp_c + M_trdrd_c => M_dgtp_c + M_h2o_c + M_trdox_c,R02020,R02020,1,,chebi,5361,False,True,,0,
BIOMD0000001061,R_RNTR3,M_ctp_c + M_trdrd_c => M_dctp_c + M_h2o_c + M_trdox_c,R02022,R02022,1,,chebi,5361,False,True,,0,
BIOMD0000001061,R_RPE,M_ru5p__D_c <=> M_xu5p__D_c,R01529,R01529,1,,chebi,5361,False,True,,0,
BIOMD0000001061,R_RZ5PP,M_5prdmbz_c + M_h2o_c => M_pi_c + M_rdmbzi_c,R04594,R04594,1,,chebi,5361,False,True,,0,
BIOMD0000001061,R_SBP,M_h2o_c + M_s17bp_c => M_pi_c + M_s7p_c,R01845,R01845,1,,chebi,5361,False,True,,0,
BIOMD0000001061,R_SDPDS,M_h2o_c + M_sl26da_c => M_26dap_LL_c + M_succ_c,R02734,R02734,1,,chebi,5361,False,True,,0,
BIOMD0000001061,R_SDPTA,M_akg_c + M_sl26da_c <=> M_glu__L_c + M_sl2a6o_c,R04475,R04475,1,,chebi,5361,False,True,,0,
BIOMD0000001061,R_SELNPS,M_atp_c + M_h2o_c + M_seln_c => M_amp_c + M_pi_c + M_selnp_c,R03595,R03595,1,,chebi,5361,False,True,,0,
BIOMD0000001061,R_SERAT,M_accoa_c + M_ser__L_c <=> M_acser_c + M_coa_c,R00586,R00586,1,,chebi,5361,False,True,,0,
BIOMD0000001061,R_SERD_L,M_ser__L_c => M_nh4_c + M_pyr_c,R00220;R00223,R00220,2,,chebi,5361,False,True,,0,
BIOMD0000001061,R_SERTRS,M_atp_c + M_ser__L_c + M_trnaser_c => M_amp_c + M_ppi_c + M_sertrna_c,R03662,R03662,1,,chebi,5361,False,True,,0,
BIOMD0000001061,R_SFGTHi,M_h2o_c + M_Sfglutth_c => M_for_c + M_h_c + M_gthrd_c,R00527,R00527,1,,chebi,5361,False,True,,0,
BIOMD0000001061,R_SHCHD2,M_dscl_c + M_nad_c => M_h_c + M_nadh_c + M_scl_c,R03947,R03947,1,,chebi,5361,False,True,,0,
BIOMD0000001061,R_SHCHF,M_fe2_c + M_scl_c => 3 M_h_c + M_sheme_c,R02864,R02864,1,,chebi,5361,False,True,,0,
BIOMD0000001061,R_SHK3Dr,M_3dhsk_c + M_h_c + M_nadph_c <=> M_nadp_c + M_skm_c,R02413,R02413,1,,chebi,5361,False,True,,0,
BIOMD0000001061,R_SHKK,M_atp_c + M_skm_c => M_adp_c + M_h_c + M_skm5p_c,R02412,R02412,1,,chebi,5361,False,True,,0,
BIOMD0000001061,R_SHSL2r,M_h2s_c + M_suchms_c <=> M_h_c + M_hcys__L_c + M_succ_c,R01288,R01288,1,,chebi,5361,False,True,,0,
BIOMD0000001061,R_SPMS,M_ametam_c + M_ptrc_c => M_5mta_c + M_h_c + M_spmd_c,R01920,R01920,1,,chebi,5361,False,True,,0,
BIOMD0000001061,R_SPODM,2 M_h_c + 2 M_o2s_c => M_o2_c + M_h2o2_c,R00275,R00275,1,,chebi,5361,False,True,,0,
BIOMD0000001061,R_SSALx,M_h2o_c + M_nad_c + M_sucsal_c => 2 M_h_c + M_nadh_c + M_succ_c,R00713,R00713,1,,chebi,5361,False,True,,0,
BIOMD0000001061,R_SSALy,M_h2o_c + M_nadp_c + M_sucsal_c => 2 M_h_c + M_nadph_c + M_succ_c,R00714,R00714,1,,chebi,5361,False,True,,0,
BIOMD0000001061,R_SUCOAS,M_atp_c + M_coa_c + M_succ_c <=> M_adp_c + M_pi_c + M_succoa_c,R00405,R00405,1,,chebi,5361,False,True,,0,
BIOMD0000001061,R_SULR,5 M_h_c + 3 M_nadph_c + M_so3_c => 3 M_h2o_c + M_h2s_c + 3 M_nadp_c,R00858,R00858,1,,chebi,5361,False,True,,0,
BIOMD0000001061,R_TALA,M_g3p_c + M_s7p_c <=> M_e4p_c + M_f6p_c,R01827,R01827,1,,chebi,5361,False,True,,0,
BIOMD0000001061,R_TDPAGTA,M_dtdp4d6dg_c + M_glu__L_c => M_akg_c + M_dtdp4addg_c,R04438,R04438,1,,chebi,5361,False,True,,0,
BIOMD0000001061,R_TDPDRE,M_dtdp4d6dg_c => M_dtdp4d6dm_c,R06514,R06514,1,,chebi,5361,False,True,,0,
BIOMD0000001061,R_TDPDRR,M_dtdp4d6dm_c + M_h_c + M_nadph_c => M_dtdprmn_c + M_nadp_c,R02777,R02777,1,,chebi,5361,False,True,,0,
BIOMD0000001061,R_TDPGDH,M_dtdpglu_c => M_dtdp4d6dg_c + M_h2o_c,R06513,R06513,1,,chebi,5361,False,True,,0,
BIOMD0000001061,R_THDPS,M_h2o_c + M_thdp_c + M_succoa_c => M_coa_c + M_sl2a6o_c,R04365,R04365,1,,chebi,5361,False,True,,0,
BIOMD0000001061,R_THFAT,M_h2o_c + M_methf_c => M_h_c + M_5fthf_c,R02300,R02300,1,,chebi,5361,False,True,,0,
BIOMD0000001061,R_THFGLUS,M_atp_c + M_glu__L_c + M_thf_c <=> M_adp_c + M_h_c + M_pi_c + M_thfglu_c,R00942,R00942,1,,chebi,5361,False,True,,0,
BIOMD0000001061,R_THRA,M_thr__L_c <=> M_acald_c + M_gly_c,R00751,R00751,1,,chebi,5361,False,True,,0,
BIOMD0000001061,R_THRD_L,M_thr__L_c => M_2obut_c + M_nh4_c,R00996,R00996,1,,chebi,5361,False,True,,0,
BIOMD0000001061,R_THRPDC,M_h_c + M_thrp_c => M_applp_c + M_co2_c,R06530,R06530,1,,chebi,5361,False,True,,0,
BIOMD0000001061,R_THRS,M_h2o_c + M_phom_c => M_pi_c + M_thr__L_c,R01466,R01466,1,,chebi,5361,False,True,,0,
BIOMD0000001061,R_THRTRS,M_atp_c + M_thr__L_c + M_trnathr_c => M_amp_c + M_ppi_c + M_thrtrna_c,R03663,R03663,1,,chebi,5361,False,True,,0,
BIOMD0000001061,R_TKT2,M_e4p_c + M_xu5p__D_c <=> M_f6p_c + M_g3p_c,R01830,R01830,1,,chebi,5361,False,True,,0,
BIOMD0000001061,R_TMDS,M_dump_c + M_mlthf_c => M_dhf_c + M_dtmp_c,R02101,R02101,1,,chebi,5361,False,True,,0,
BIOMD0000001061,R_TMPK,M_atp_c + M_thmmp_c => M_adp_c + M_thmpp_c,R00617,R00617,1,,chebi,5361,False,True,,0,
BIOMD0000001061,R_TMPPP,M_2mahmp_c + M_4mpetz_c + M_h_c => M_ppi_c + M_thmmp_c,R03223,R03223,1,,chebi,5361,False,True,,0,
BIOMD0000001061,R_TPI,M_dhap_c <=> M_g3p_c,R01015,R01015,1,,chebi,5361,False,True,,0,
BIOMD0000001061,R_TRDR,M_h_c + M_nadph_c + M_trdox_c => M_nadp_c + M_trdrd_c,R02016,R02016,1,,chebi,5361,False,True,,0,
BIOMD0000001061,R_TRPS1,M_3ig3p_c + M_ser__L_c => M_g3p_c + M_h2o_c + M_trp__L_c,R02722,R02722,1,,chebi,5361,False,True,,0,
BIOMD0000001061,R_TRPS2,M_indole_c + M_ser__L_c => M_h2o_c + M_trp__L_c,R00674,R00674,1,,chebi,5361,False,True,,0,
BIOMD0000001061,R_TRPS3,M_3ig3p_c => M_g3p_c + M_indole_c,R02340,R02340,1,,chebi,5361,False,True,,0,
BIOMD0000001061,R_TRSARr,M_2h3oppan_c + M_h_c + M_nadh_c <=> M_glyc__R_c + M_nad_c,R01745,R01745,1,,chebi,5361,False,True,,0,
BIOMD0000001061,R_TYRTA,M_akg_c + M_tyr__L_c <=> M_34hpp_c + M_glu__L_c,R00734,R00734,1,,chebi,5361,False,True,,0,
BIOMD0000001061,R_UAG2E,M_uacgam_c <=> M_uacmam_c,R00420,R00420,1,,chebi,5361,False,True,,0,
BIOMD0000001061,R_UAG2EMA,M_h2o_c + M_uacgam_c <=> M_acmana_c + M_h_c + M_udp_c,R00414,R00414,1,,chebi,5361,False,True,,0,
BIOMD0000001061,R_UAGCVT,M_pep_c + M_uacgam_c => M_pi_c + M_uaccg_c,R00660,R00660,1,,chebi,5361,False,True,,0,
BIOMD0000001061,R_UAGPT3,M_uacgam_c + M_uagmda_c => M_h_c + M_uaagmda_c + M_udp_c,R05032;R06174,R05032,2,,chebi,5361,False,True,,0,
BIOMD0000001061,R_UAMAGS,M_atp_c + M_glu__D_c + M_uama_c => M_adp_c + M_h_c + M_pi_c + M_uamag_c,R02783,R02783,1,,chebi,5361,False,True,,0,
BIOMD0000001061,R_UAMAS,M_ala__L_c + M_atp_c + M_uamr_c => M_adp_c + M_h_c + M_pi_c + M_uama_c,R03193,R03193,1,,chebi,5361,False,True,,0,
BIOMD0000001061,R_UAPGR,M_h_c + M_nadph_c + M_uaccg_c => M_nadp_c + M_uamr_c,R03192,R03192,1,,chebi,5361,False,True,,0,
BIOMD0000001061,R_UDPG4E,M_udpg_c <=> M_udpgal_c,R00291,R00291,1,,chebi,5361,False,True,,0,
BIOMD0000001061,R_UDPGD,M_h2o_c + 2 M_nad_c + M_udpg_c => 3 M_h_c + 2 M_nadh_c + M_udpglcur_c,R00286,R00286,1,,chebi,5361,False,True,,0,
BIOMD0000001061,R_UMPK,M_atp_c + M_ump_c <=> M_adp_c + M_udp_c,R00158,R00158,1,,chebi,5361,False,True,,0,
BIOMD0000001061,R_UPP3MT,2 M_amet_c + M_uppg3_c => 2 M_ahcys_c + M_dscl_c + M_h_c,R03194,R03194,1,,chebi,5361,False,True,,0,
BIOMD0000001061,R_UPP3S,M_hmbil_c => M_h2o_c + M_uppg3_c,R03165,R03165,1,,chebi,5361,False,True,,0,
BIOMD0000001061,R_UPPDC1,4 M_h_c + M_uppg3_c => 4 M_co2_c + M_cpppg3_c,R03197,R03197,1,,chebi,5361,False,True,,0,
BIOMD0000001061,R_URIDK2r,M_atp_c + M_dump_c <=> M_adp_c + M_dudp_c,R02098,R02098,1,,chebi,5361,False,True,,0,
BIOMD0000001061,R_VALTA,M_akg_c + M_val__L_c <=> M_3mob_c + M_glu__L_c,R01214,R01214,1,,chebi,5361,False,True,,0,
BIOMD0000001061,R_VALTRS,M_atp_c + M_trnaval_c + M_val__L_c => M_amp_c + M_ppi_c + M_valtrna_c,R03665,R03665,1,,chebi,5361,False,True,,0,
BIOMD0000001062,R_23PDE2pp,M_23cump_p + M_h2o_p => M_3ump_p + M_h_p,R03538,R03538,1,,chebi,10127,False,True,,0,
BIOMD0000001062,R_23PDE4pp,M_23ccmp_p + M_h2o_p => M_3cmp_p + M_h_p,R03929,R03929,1,,chebi,10127,False,True,,0,
BIOMD0000001062,R_23PDE7pp,M_23camp_p + M_h2o_p => M_3amp_p + M_h_p,R03537,R03537,1,,chebi,10127,False,True,,0,
BIOMD0000001062,R_23PDE9pp,M_23cgmp_p + M_h2o_p => M_3gmp_p + M_h_p,R05135,R05135,1,,chebi,10127,False,True,,0,
BIOMD0000001062,R_2DOXG6PP,M_2doxg6p_c + M_h2o_c => M_2dglc_c + M_pi_c,R02587,R02587,1,,chebi,10127,False,True,,0,
BIOMD0000001062,R_3AMACHYD,M_3amac_c + M_h2o_c + M_h_c => M_msa_c + M_nh4_c,R09983,R09983,1,,chebi,10127,False,True,,0,
BIOMD0000001062,R_3HAD100,M_3hdecACP_c => M_h2o_c + M_tdec2eACP_c,R04535,R04535,1,,chebi,10127,False,True,,0,
BIOMD0000001062,R_3HAD120,M_3hddecACP_c => M_tddec2eACP_c + M_h2o_c,R04965,R04965,1,,chebi,10127,False,True,,0,
BIOMD0000001062,R_3HAD140,M_3hmrsACP_c => M_h2o_c + M_tmrs2eACP_c,R04568,R04568,1,,chebi,10127,False,True,,0,
BIOMD0000001062,R_3HAD160,M_3hpalmACP_c => M_h2o_c + M_tpalm2eACP_c,R04544,R04544,1,,chebi,10127,False,True,,0,
BIOMD0000001062,R_3HAD180,M_3hoctaACP_c => M_h2o_c + M_toctd2eACP_c,R07764,R07764,1,,chebi,10127,False,True,,0,
BIOMD0000001062,R_3HAD60,M_3hhexACP_c => M_thex2eACP_c + M_h2o_c,R04954,R04954,1,,chebi,10127,False,True,,0,
BIOMD0000001062,R_3HAD80,M_3hoctACP_c => M_toct2eACP_c + M_h2o_c,R04537,R04537,1,,chebi,10127,False,True,,0,
BIOMD0000001062,R_3KGK,M_3dhguln_c + M_atp_c => M_3dhgulnp_c + M_adp_c + M_h_c,R07127,R07127,1,,chebi,10127,False,True,,0,
BIOMD0000001062,R_3NTD2pp,M_3ump_p + M_h2o_p => M_pi_p + M_uri_p,R01877,R01877,1,,chebi,10127,False,True,,0,
BIOMD0000001062,R_3NTD4pp,M_3cmp_p + M_h2o_p => M_cytd_p + M_pi_p,R02370,R02370,1,,chebi,10127,False,True,,0,
BIOMD0000001062,R_3NTD7pp,M_3amp_p + M_h2o_p => M_adn_p + M_pi_p,R01562,R01562,1,,chebi,10127,False,True,,0,
BIOMD0000001062,R_3NTD9pp,M_3gmp_p + M_h2o_p => M_gsn_p + M_pi_p,R02148,R02148,1,,chebi,10127,False,True,,0,
BIOMD0000001062,R_3OAR100,M_3odecACP_c + M_h_c + M_nadph_c <=> M_3hdecACP_c + M_nadp_c,R04534,R04534,1,,chebi,10127,False,True,,0,
BIOMD0000001062,R_3OAR120,M_3oddecACP_c + M_h_c + M_nadph_c <=> M_3hddecACP_c + M_nadp_c,R04964,R04964,1,,chebi,10127,False,True,,0,
BIOMD0000001062,R_3OAR140,M_3omrsACP_c + M_h_c + M_nadph_c <=> M_3hmrsACP_c + M_nadp_c,R04566,R04566,1,,chebi,10127,False,True,,0,
BIOMD0000001062,R_3OAR160,M_3opalmACP_c + M_h_c + M_nadph_c <=> M_3hpalmACP_c + M_nadp_c,R04543,R04543,1,,chebi,10127,False,True,,0,
BIOMD0000001062,R_3OAR60,M_3ohexACP_c + M_h_c + M_nadph_c <=> M_3hhexACP_c + M_nadp_c,R04953,R04953,1,,chebi,10127,False,True,,0,
BIOMD0000001062,R_3OAR80,M_3ooctACP_c + M_h_c + M_nadph_c <=> M_3hoctACP_c + M_nadp_c,R04536,R04536,1,,chebi,10127,False,True,,0,
BIOMD0000001062,R_3OXCOAT,M_oxadpcoa_c + M_coa_c => M_accoa_c + M_succoa_c,R00829,R00829,1,,chebi,10127,False,True,,0,
BIOMD0000001062,R_4HTHRS,M_phthr_c + M_h2o_c => M_4hthr_c + M_pi_c,R05086,R05086,1,,chebi,10127,False,True,,0,
BIOMD0000001062,R_5DGLCNR,M_5dglcn_c + M_h_c + M_nadph_c => M_glcn_c + M_nadp_c,R01740,R01740,1,,chebi,10127,False,True,,0,
BIOMD0000001062,R_A5PISO,M_ru5p__D_c <=> M_ara5p_c,R01530,R01530,1,,chebi,10127,False,True,,0,
BIOMD0000001062,R_AACTOOR,M_aact_c + M_h2o_c + M_o2_c => M_h2o2_c + M_mthgxl_c + M_nh4_c,R02529,R02529,1,,chebi,10127,False,True,,0,
BIOMD0000001062,R_AATA,M_2oxoadp_c + M_glu__L_c <=> M_L2aadp_c + M_akg_c,R01939,R01939,1,,chebi,10127,False,True,,0,
BIOMD0000001062,R_ABTA,M_4abut_c + M_akg_c => M_sucsal_c + M_glu__L_c,R01648,R01648,1,,chebi,10127,False,True,,0,
BIOMD0000001062,R_ABUTD,M_4abutn_c + M_h2o_c + M_nad_c => M_4abut_c + 2 M_h_c + M_nadh_c,R02549,R02549,1,,chebi,10127,False,True,,0,
BIOMD0000001062,R_ACACCT,M_acac_c + M_accoa_c => M_aacoa_c + M_ac_c,R01359,R01359,1,,chebi,10127,False,True,,0,
BIOMD0000001062,R_ACACT1r,2 M_accoa_c <=> M_aacoa_c + M_coa_c,R00238,R00238,1,,chebi,10127,False,True,,0,
BIOMD0000001062,R_ACACT2r,M_accoa_c + M_btcoa_c <=> M_3ohcoa_c + M_coa_c,R01177,R01177,1,,chebi,10127,False,True,,0,
BIOMD0000001062,R_ACACT4r,M_occoa_c + M_accoa_c <=> M_3odcoa_c + M_coa_c,R03778,R03778,1,,chebi,10127,False,True,,0,
BIOMD0000001062,R_ACACT6r,M_ddcacoa_c + M_accoa_c <=> M_3otdcoa_c + M_coa_c,R03858,R03858,1,,chebi,10127,False,True,,0,
BIOMD0000001062,R_ACACT7r,M_tdcoa_c + M_accoa_c <=> M_3ohdcoa_c + M_coa_c,R03991,R03991,1,,chebi,10127,False,True,,0,
BIOMD0000001062,R_ACALD,M_acald_c + M_nad_c + M_coa_c <=> M_nadh_c + M_accoa_c + M_h_c,R00228,R00228,1,,chebi,10127,False,True,,0,
BIOMD0000001062,R_ACBIPGT,M_adocbip_c + M_gtp_c + M_h_c => M_agdpcbi_c + M_ppi_c,R05222,R05222,1,,chebi,10127,False,True,,0,
BIOMD0000001062,R_ACCOAC,M_accoa_c + M_atp_c + M_hco3_c => M_malcoa_c + M_adp_c + M_h_c + M_pi_c,R00742,R00742,1,,chebi,10127,False,True,,0,
BIOMD0000001062,R_ACGAMK,M_acgam_c + M_atp_c => M_acgam6p_c + M_adp_c + M_h_c,R01201,R01201,1,,chebi,10127,False,True,,0,
BIOMD0000001062,R_ACGK,M_acglu_c + M_atp_c => M_acg5p_c + M_adp_c,R02649,R02649,1,,chebi,10127,False,True,,0,
BIOMD0000001062,R_ACGS,M_accoa_c + M_glu__L_c => M_acglu_c + M_coa_c + M_h_c,R00259,R00259,1,,chebi,10127,False,True,,0,
BIOMD0000001062,R_ACHBS,M_2obut_c + M_h_c + M_pyr_c => M_2ahbut_c + M_co2_c,R08648,R08648,1,,chebi,10127,False,True,,0,
BIOMD0000001062,R_ACKr,M_ac_c + M_atp_c <=> M_actp_c + M_adp_c,R00315,R00315,1,,chebi,10127,False,True,,0,
BIOMD0000001062,R_ACLS,M_h_c + 2 M_pyr_c => M_alac__S_c + M_co2_c,R00226,R00226,1,,chebi,10127,False,True,,0,
BIOMD0000001062,R_ACM6PH,M_acmum6p_c + M_h2o_c => M_lac__D_c + M_acgam6p_c,R08555,R08555,1,,chebi,10127,False,True,,0,
BIOMD0000001062,R_ACMAMUT,M_unaga_c + M_uacmamu_c => M_unagamu_c + M_h_c + M_udp_c,R04477,R04477,1,,chebi,10127,False,True,,0,
BIOMD0000001062,R_ACNML,M_acnam_c => M_acmana_c + M_pyr_c,R01811,R01811,1,,chebi,10127,False,True,,0,
BIOMD0000001062,R_ACOAD1f,M_btcoa_c + M_fad_c => M_b2coa_c + M_fadh2_c,R01175,R01175,1,,chebi,10127,False,True,,0,
BIOMD0000001062,R_ACOAD3f,M_fad_c + M_occoa_c <=> M_fadh2_c + M_oc2coa_c,R03777,R03777,1,,chebi,10127,False,True,,0,
BIOMD0000001062,R_ACOAD5f,M_ddcacoa_c + M_fad_c <=> M_dd2coa_c + M_fadh2_c,R03857,R03857,1,,chebi,10127,False,True,,0,
BIOMD0000001062,R_ACOAD6f,M_fad_c + M_tdcoa_c <=> M_fadh2_c + M_td2coa_c,R03990,R03990,1,,chebi,10127,False,True,,0,
BIOMD0000001062,R_ACOAD7f,M_fad_c + M_pmtcoa_c <=> M_fadh2_c + M_hdd2coa_c,R01279,R01279,1,,chebi,10127,False,True,,0,
BIOMD0000001062,R_ACOATA,M_ACP_c + M_accoa_c <=> M_acACP_c + M_coa_c,R01624,R01624,1,,chebi,10127,False,True,,0,
BIOMD0000001062,R_ACODA,M_acorn_c + M_h2o_c => M_orn_c + M_ac_c,R00669,R00669,1,,chebi,10127,False,True,,0,
BIOMD0000001062,R_ACONIs,M_acon_T_c <=> M_acon_C_c,R02244,R02244,1,,chebi,10127,False,True,,0,
BIOMD0000001062,R_ACONMT,M_acon_T_c + M_amet_c => M_aconm_c + M_ahcys_c,R05763,R05763,1,,chebi,10127,False,True,,0,
BIOMD0000001062,R_ACONTa,M_cit_c <=> M_acon_C_c + M_h2o_c,R01325,R01325,1,,chebi,10127,False,True,,0,
BIOMD0000001062,R_ACONTb,M_acon_C_c + M_h2o_c <=> M_icit_c,R01900,R01900,1,,chebi,10127,False,True,,0,
BIOMD0000001062,R_ACOTA,M_acorn_c + M_akg_c <=> M_acg5sa_c + M_glu__L_c,R02283,R02283,1,,chebi,10127,False,True,,0,
BIOMD0000001062,R_ACP1_FMN,M_fmn_c + M_h2o_c => M_pi_c + M_ribflv_c,R00548,R00548,1,,chebi,10127,False,True,,0,
BIOMD0000001062,R_ACS,M_ac_c + M_atp_c + M_coa_c => M_amp_c + M_accoa_c + M_ppi_c,R00235,R00235,1,,chebi,10127,False,True,,0,
BIOMD0000001062,R_ADA,M_adn_c + M_h2o_c + M_h_c => M_ins_c + M_nh4_c,R01560,R01560,1,,chebi,10127,False,True,,0,
BIOMD0000001062,R_ADCL,M_4adcho_c => M_4abz_c + M_h_c + M_pyr_c,R05553,R05553,1,,chebi,10127,False,True,,0,
BIOMD0000001062,R_ADCS,M_chor_c + M_gln__L_c => M_4adcho_c + M_glu__L_c,R01716,R01716,1,,chebi,10127,False,True,,0,
BIOMD0000001062,R_ADD,M_ade_c + M_h2o_c + M_h_c => M_hxan_c + M_nh4_c,R01244,R01244,1,,chebi,10127,False,True,,0,
BIOMD0000001062,R_ADK1,M_amp_c + M_atp_c <=> 2 M_adp_c,R00127,R00127,1,,chebi,10127,False,True,,0,
BIOMD0000001062,R_ADMDC,M_amet_c + M_h_c => M_ametam_c + M_co2_c,R00178,R00178,1,,chebi,10127,False,True,,0,
BIOMD0000001062,R_ADNCYC,M_atp_c => M_camp_c + M_ppi_c,R00089,R00089,1,,chebi,10127,False,True,,0,
BIOMD0000001062,R_ADNK1,M_adn_c + M_atp_c => M_adp_c + M_amp_c + M_h_c,R00185,R00185,1,,chebi,10127,False,True,,0,
BIOMD0000001062,R_ADNUC,M_adn_c + M_h2o_c => M_ade_c + M_rib__D_c,R01245,R01245,1,,chebi,10127,False,True,,0,
BIOMD0000001062,R_ADOCBIK,M_adocbi_c + M_atp_c => M_adocbip_c + M_adp_c + M_h_c,R05221,R05221,1,,chebi,10127,False,True,,0,
BIOMD0000001062,R_ADOCBLS,M_agdpcbi_c + M_rdmbzi_c => M_adocbl_c + M_gmp_c + M_h_c,R05223,R05223,1,,chebi,10127,False,True,,0,
BIOMD0000001062,R_ADPT,M_ade_c + M_prpp_c => M_amp_c + M_ppi_c,R00190,R00190,1,,chebi,10127,False,True,,0,
BIOMD0000001062,R_ADSK,M_aps_c + M_atp_c => M_adp_c + M_h_c + M_paps_c,R00509,R00509,1,,chebi,10127,False,True,,0,
BIOMD0000001062,R_ADSL1r,M_dcamp_c <=> M_amp_c + M_fum_c,R01083,R01083,1,,chebi,10127,False,True,,0,
BIOMD0000001062,R_ADSL2r,M_25aics_c <=> M_aicar_c + M_fum_c,R04559,R04559,1,,chebi,10127,False,True,,0,
BIOMD0000001062,R_ADSS,M_asp__L_c + M_gtp_c + M_imp_c => M_dcamp_c + M_gdp_c + 2 M_h_c + M_pi_c,R01135,R01135,1,,chebi,10127,False,True,,0,
BIOMD0000001062,R_AGDC,M_acgam6p_c + M_h2o_c => M_ac_c + M_gam6p_c,R02059,R02059,1,,chebi,10127,False,True,,0,
BIOMD0000001062,R_AGMHE,M_adphep_DD_c => M_adphep_LD_c,R05176,R05176,1,,chebi,10127,False,True,,0,
BIOMD0000001062,R_AGMT,M_agm_c + M_h2o_c => M_urea_c + M_ptrc_c,R01157,R01157,1,,chebi,10127,False,True,,0,
BIOMD0000001062,R_AGPR,M_acg5sa_c + M_nadp_c + M_pi_c <=> M_acg5p_c + M_h_c + M_nadph_c,R03443,R03443,1,,chebi,10127,False,True,,0,
BIOMD0000001062,R_AHCYSNS,M_ahcys_c + M_h2o_c => M_ade_c + M_rhcys_c,R00194,R00194,1,,chebi,10127,False,True,,0,
BIOMD0000001062,R_AICART,M_10fthf_c + M_aicar_c <=> M_fprica_c + M_thf_c,R04560,R04560,1,,chebi,10127,False,True,,0,
BIOMD0000001062,R_AIRC3,M_5aizc_c <=> M_5caiz_c,R07405,R07405,1,,chebi,10127,False,True,,0,
BIOMD0000001062,R_AKGDH,M_akg_c + M_coa_c + M_nad_c => M_co2_c + M_nadh_c + M_succoa_c,R08549,R08549,1,,chebi,10127,False,True,,0,
BIOMD0000001062,R_AKGDH2,M_akg_c + M_coa_c + M_nad_c => M_co2_c + M_nadh_c + M_succoa_c,R08549,R08549,1,,chebi,10127,False,True,,0,
BIOMD0000001062,R_ALAALAr,2 M_ala__D_c + M_atp_c <=> M_adp_c + M_alaala_c + M_h_c + M_pi_c,R01150,R01150,1,,chebi,10127,False,True,,0,
BIOMD0000001062,R_ALAGLUE,M_LalaDglu_c <=> M_LalaLglu_c,R10938,R10938,1,,chebi,10127,False,True,,0,
BIOMD0000001062,R_ALAR,M_ala__L_c <=> M_ala__D_c,R00401,R00401,1,,chebi,10127,False,True,,0,
BIOMD0000001062,R_ALATA_D2,M_ala__D_c + M_pydx5p_c => M_pyam5p_c + M_pyr_c,R01147,R01147,1,,chebi,10127,False,True,,0,
BIOMD0000001062,R_ALATA_L,M_akg_c + M_ala__L_c <=> M_glu__L_c + M_pyr_c,R00258,R00258,1,,chebi,10127,False,True,,0,
BIOMD0000001062,R_ALCD19,M_glyald_c + M_h_c + M_nadh_c <=> M_glyc_c + M_nad_c,R01036,R01036,1,,chebi,10127,False,True,,0,
BIOMD0000001062,R_ALCD2x,M_etoh_c + M_nad_c <=> M_acald_c + M_h_c + M_nadh_c,R00754,R00754,1,,chebi,10127,False,True,,0,
BIOMD0000001062,R_ALDD2y,M_acald_c + M_h2o_c + M_nadp_c => M_ac_c + 2 M_h_c + M_nadph_c,R00711,R00711,1,,chebi,10127,False,True,,0,
BIOMD0000001062,R_ALKP,M_dhap_c + M_h2o_c => M_dha_c + M_pi_c,R01010,R01010,1,,chebi,10127,False,True,,0,
BIOMD0000001062,R_ALLK,M_all__D_c + M_atp_c => M_adp_c + M_all6p_c + M_h_c,R03576,R03576,1,,chebi,10127,False,True,,0,
BIOMD0000001062,R_ALLPI,M_all6p_c <=> M_allul6p_c,R09030,R09030,1,,chebi,10127,False,True,,0,
BIOMD0000001062,R_ALLULPE,M_allul6p_c <=> M_f6p_c,R09031,R09031,1,,chebi,10127,False,True,,0,
BIOMD0000001062,R_ALR2,M_h_c + M_mthgxl_c + M_nadph_c => M_acetol_c + M_nadp_c,R02528,R02528,1,,chebi,10127,False,True,,0,
BIOMD0000001062,R_ALTRH,M_altrn_c => M_2ddglcn_c + M_h2o_c,R01540,R01540,1,,chebi,10127,False,True,,0,
BIOMD0000001062,R_AMANAPEr,M_acmanap_c <=> M_acgam6p_c,R02087,R02087,1,,chebi,10127,False,True,,0,
BIOMD0000001062,R_AMANK,M_acmana_c + M_atp_c => M_acmanap_c + M_adp_c + M_h_c,R02705,R02705,1,,chebi,10127,False,True,,0,
BIOMD0000001062,R_AMAOTr,M_8aonn_c + M_amet_c <=> M_amob_c + M_dann_c,R03231,R03231,1,,chebi,10127,False,True,,0,
BIOMD0000001062,R_AMPTASECG,M_cgly_c + M_h2o_c => M_cys__L_c + M_gly_c,R00899,R00899,1,,chebi,10127,False,True,,0,
BIOMD0000001062,R_ANPRT,M_anth_c + M_prpp_c => M_pran_c + M_ppi_c,R01073,R01073,1,,chebi,10127,False,True,,0,
BIOMD0000001062,R_ANS,M_chor_c + M_gln__L_c => M_anth_c + M_glu__L_c + M_h_c + M_pyr_c,R00986,R00986,1,,chebi,10127,False,True,,0,
BIOMD0000001062,R_AOBUTDs,M_2aobut_c + M_h_c => M_aact_c + M_co2_c,R03758,R03758,1,,chebi,10127,False,True,,0,
BIOMD0000001062,R_AOXSr,M_pmcoa_c + M_ala__L_c + M_h_c => M_8aonn_c + M_co2_c + M_coa_c,R03210,R03210,1,,chebi,10127,False,True,,0,
BIOMD0000001062,R_AOXSr2,M_pimACP_c + M_ala__L_c => M_8aonn_c + M_ACP_c + M_co2_c,R10124,R10124,1,,chebi,10127,False,True,,0,
BIOMD0000001062,R_AP4AH,M_ap4a_c + M_h2o_c => 2 M_adp_c + 2 M_h_c,R00125,R00125,1,,chebi,10127,False,True,,0,
BIOMD0000001062,R_AP5AH,M_ap5a_c + M_h2o_c => M_adp_c + M_atp_c + 2 M_h_c,R09880,R09880,1,,chebi,10127,False,True,,0,
BIOMD0000001062,R_APCS,M_15dap_c + M_ametam_c => M_na15dap_c + M_5mta_c + M_h_c,R08359,R08359,1,,chebi,10127,False,True,,0,
BIOMD0000001062,R_APPLDHr,M_aact_c + M_h_c + M_nadh_c <=> M_appl_c + M_nad_c,R03759,R03759,1,,chebi,10127,False,True,,0,
BIOMD0000001062,R_APRAUR,M_5apru_c + M_h_c + M_nadph_c => M_5aprbu_c + M_nadp_c,R03458,R03458,1,,chebi,10127,False,True,,0,
BIOMD0000001062,R_ARABDI,M_arab__D_c <=> M_rbl__D_c,R01577,R01577,1,,chebi,10127,False,True,,0,
BIOMD0000001062,R_ARGDC,M_arg__L_c + M_h_c => M_agm_c + M_co2_c,R00566,R00566,1,,chebi,10127,False,True,,0,
BIOMD0000001062,R_ARGDCpp,M_arg__L_p + M_h_p => M_agm_p + M_co2_p,R00566,R00566,1,,chebi,10127,False,True,,0,
BIOMD0000001062,R_ARGDr,M_arg__L_c + M_h2o_c => M_citr__L_c + M_nh4_c,R00552,R00552,1,,chebi,10127,False,True,,0,
BIOMD0000001062,R_ARGSL,M_argsuc_c <=> M_arg__L_c + M_fum_c,R01086,R01086,1,,chebi,10127,False,True,,0,
BIOMD0000001062,R_ARGSS,M_citr__L_c + M_asp__L_c + M_atp_c => M_argsuc_c + M_amp_c + M_h_c + M_ppi_c,R01954,R01954,1,,chebi,10127,False,True,,0,
BIOMD0000001062,R_ARGTRS,M_trnaarg_c + M_arg__L_c + M_atp_c => M_argtrna_c + M_amp_c + M_ppi_c,R03646,R03646,1,,chebi,10127,False,True,,0,
BIOMD0000001062,R_ASAD,M_aspsa_c + M_nadp_c + M_pi_c <=> M_4pasp_c + M_h_c + M_nadph_c,R02291,R02291,1,,chebi,10127,False,True,,0,
BIOMD0000001062,R_ASCBPL,M_ascb6p_c + M_h2o_c => M_3dhgulnp_c + M_h_c,R07677,R07677,1,,chebi,10127,False,True,,0,
BIOMD0000001062,R_ASNN,M_asn__L_c + M_h2o_c => M_asp__L_c + M_nh4_c,R00485,R00485,1,,chebi,10127,False,True,,0,
BIOMD0000001062,R_ASNNpp,M_asn__L_p + M_h2o_p => M_asp__L_p + M_nh4_p,R00485,R00485,1,,chebi,10127,False,True,,0,
BIOMD0000001062,R_ASNS1,M_asp__L_c + M_atp_c + M_gln__L_c + M_h2o_c => M_amp_c + M_asn__L_c + M_glu__L_c + M_h_c + M_ppi_c,R00578,R00578,1,,chebi,10127,False,True,,0,
BIOMD0000001062,R_ASNS2,M_asp__L_c + M_atp_c + M_nh4_c => M_amp_c + M_asn__L_c + M_h_c + M_ppi_c,R00483,R00483,1,,chebi,10127,False,True,,0,
BIOMD0000001062,R_ASNTRS,M_trnaasn_c + M_asn__L_c + M_atp_c => M_asntrna_c + M_amp_c + M_ppi_c,R03648,R03648,1,,chebi,10127,False,True,,0,
BIOMD0000001062,R_ASP1DC,M_asp__L_c + M_h_c => M_ala_B_c + M_co2_c,R00489,R00489,1,,chebi,10127,False,True,,0,
BIOMD0000001062,R_ASPCT,M_cbp_c + M_asp__L_c => M_cbasp_c + M_h_c + M_pi_c,R01397,R01397,1,,chebi,10127,False,True,,0,
BIOMD0000001062,R_ASPK,M_asp__L_c + M_atp_c <=> M_4pasp_c + M_adp_c,R00480,R00480,1,,chebi,10127,False,True,,0,
BIOMD0000001062,R_ASPO6,M_asp__L_c + M_o2_c => M_h2o2_c + M_h_c + M_iasp_c,R00481,R00481,1,,chebi,10127,False,True,,0,
BIOMD0000001062,R_ASPT,M_asp__L_c => M_fum_c + M_nh4_c,R00490,R00490,1,,chebi,10127,False,True,,0,
BIOMD0000001062,R_ASPTA,M_asp__L_c + M_akg_c <=> M_glu__L_c + M_oaa_c,R00355,R00355,1,,chebi,10127,False,True,,0,
BIOMD0000001062,R_ASPTRS,M_trnaasp_c + M_asp__L_c + M_atp_c => M_asptrna_c + M_amp_c + M_ppi_c,R05577,R05577,1,,chebi,10127,False,True,,0,
BIOMD0000001062,R_AST,M_succoa_c + M_arg__L_c => M_sucarg_c + M_coa_c + M_h_c,R00832,R00832,1,,chebi,10127,False,True,,0,
BIOMD0000001062,R_ATHRDHr,M_athr__L_c + M_nadp_c <=> M_2aobut_c + M_h_c + M_nadph_c,R10851,R10851,1,,chebi,10127,False,True,,0,
BIOMD0000001062,R_ATPHs,M_atp_c + M_h2o_c + M_h_c => M_itp_c + M_nh4_c,R00088,R00088,1,,chebi,10127,False,True,,0,
BIOMD0000001062,R_ATPM,M_atp_c + M_h2o_c => M_adp_c + M_h_c + M_pi_c,R00086,R00086,1,,chebi,10127,False,True,,0,
BIOMD0000001062,R_ATPPRT,M_atp_c + M_prpp_c => M_prbatp_c + M_ppi_c,R01071,R01071,1,,chebi,10127,False,True,,0,
BIOMD0000001062,R_BDH,M_bhb_c + M_nad_c <=> M_acac_c + M_h_c + M_nadh_c,R01361,R01361,1,,chebi,10127,False,True,,0,
BIOMD0000001062,R_BETALDHx,M_betald_c + M_h2o_c + M_nad_c => M_glyb_c + 2 M_h_c + M_nadh_c,R02565,R02565,1,,chebi,10127,False,True,,0,
BIOMD0000001062,R_BETALDHy,M_betald_c + M_h2o_c + M_nadp_c => M_glyb_c + 2 M_h_c + M_nadph_c,R02566,R02566,1,,chebi,10127,False,True,,0,
BIOMD0000001062,R_BPNT,M_h2o_c + M_pap_c => M_amp_c + M_pi_c,R00188,R00188,1,,chebi,10127,False,True,,0,
BIOMD0000001062,R_BSORy,M_btnso_c + M_h_c + M_nadph_c => M_btn_c + M_h2o_c + M_nadp_c,R10127,R10127,1,,chebi,10127,False,True,,0,
BIOMD0000001062,R_CAT,2 M_h2o2_c => 2 M_h2o_c + M_o2_c,R00009,R00009,1,,chebi,10127,False,True,,0,
BIOMD0000001062,R_CBLAT,M_atp_c + M_cbl1_c + M_h_c <=> M_adocbl_c + M_pppi_c,R01492,R01492,1,,chebi,10127,False,True,,0,
BIOMD0000001062,R_CBMD,M_cbm_c + 2 M_h_c => M_co2_c + M_nh4_c,R07316,R07316,1,,chebi,10127,False,True,,0,
BIOMD0000001062,R_CBMKr,M_atp_c + M_co2_c + M_nh4_c <=> M_adp_c + M_cbp_c + 2 M_h_c,R00150,R00150,1,,chebi,10127,False,True,,0,
BIOMD0000001062,R_CBPS,2 M_atp_c + M_gln__L_c + M_h2o_c + M_hco3_c => 2 M_adp_c + M_cbp_c + M_glu__L_c + 2 M_h_c + M_pi_c,R00575,R00575,1,,chebi,10127,False,True,,0,
BIOMD0000001062,R_CCGS,M_cdg_c + M_atp_c + M_nh4_c => M_preq0_c + M_adp_c + M_h2o_c + M_h_c + M_pi_c,R09978,R09978,1,,chebi,10127,False,True,,0,
BIOMD0000001062,R_CDGR,3 M_h_c + 2 M_nadph_c + M_preq0_c => M_preq1_c + 2 M_nadp_c,R07605,R07605,1,,chebi,10127,False,True,,0,
BIOMD0000001062,R_CDGS,M_cph4_c + M_h_c => M_cdg_c + M_nh4_c,R10002,R10002,1,,chebi,10127,False,True,,0,
BIOMD0000001062,R_CDPMEK,M_4c2me_c + M_atp_c => M_2p4c2me_c + M_adp_c + M_h_c,R05634,R05634,1,,chebi,10127,False,True,,0,
BIOMD0000001062,R_CDPPH,M_cdp_c + M_h2o_c => M_cmp_c + M_h_c + M_pi_c,R00514,R00514,1,,chebi,10127,False,True,,0,
BIOMD0000001062,R_CHOLD,M_chol_c + M_nad_c => M_betald_c + M_h_c + M_nadh_c,R08557,R08557,1,,chebi,10127,False,True,,0,
BIOMD0000001062,R_CHORM,M_chor_c => M_pphn_c,R01715,R01715,1,,chebi,10127,False,True,,0,
BIOMD0000001062,R_CHORS,M_3psme_c => M_chor_c + M_pi_c,R01714,R01714,1,,chebi,10127,False,True,,0,
BIOMD0000001062,R_CHRPL,M_chor_c => M_4hbz_c + M_pyr_c,R01302,R01302,1,,chebi,10127,False,True,,0,
BIOMD0000001062,R_CITL,M_cit_c => M_ac_c + M_oaa_c,R00362,R00362,1,,chebi,10127,False,True,,0,
BIOMD0000001062,R_CLB6PH,M_cellb6p_c => M_g6p_c + M_glc__D_c,R00839;R06112,R00839,2,,chebi,10127,False,True,,0,
BIOMD0000001062,R_CPH4S,M_ahdt_c + M_h2o_c => M_acald_c + M_cph4_c + M_h_c + M_pppi_c,R09959,R09959,1,,chebi,10127,False,True,,0,
BIOMD0000001062,R_CPPPGO,M_cpppg3_c + M_o2_c + 2 M_h_c => M_pppg9_c + 2 M_co2_c + 2 M_h2o_c,R03220,R03220,1,,chebi,10127,False,True,,0,
BIOMD0000001062,R_CPPPGO2,2 M_amet_c + M_cpppg3_c => 2 M_dad_5_c + 2 M_co2_c + 2 M_met__L_c + M_pppg9_c,R06895,R06895,1,,chebi,10127,False,True,,0,
BIOMD0000001062,R_CRNBTCT,M_bbtcoa_c + M_crn_c <=> M_crncoa_c + M_gbbtn_c,R10644,R10644,1,,chebi,10127,False,True,,0,
BIOMD0000001062,R_CRNCBCT,M_ctbtcoa_c + M_crn_c <=> M_ctbt_c + M_crncoa_c,R10643,R10643,1,,chebi,10127,False,True,,0,
BIOMD0000001062,R_CRNCDH,M_crncoa_c <=> M_ctbtcoa_c + M_h2o_c,R10675,R10675,1,,chebi,10127,False,True,,0,
BIOMD0000001062,R_CS,M_accoa_c + M_oaa_c + M_h2o_c => M_cit_c + M_coa_c + M_h_c,R00351,R00351,1,,chebi,10127,False,True,,0,
BIOMD0000001062,R_CSND,M_csn_c + M_h2o_c + M_h_c => M_nh4_c + M_ura_c,R00974,R00974,1,,chebi,10127,False,True,,0,
BIOMD0000001062,R_CTPS2,M_atp_c + M_gln__L_c + M_h2o_c + M_utp_c => M_adp_c + M_ctp_c + M_glu__L_c + 2 M_h_c + M_pi_c,R00573,R00573,1,,chebi,10127,False,True,,0,
BIOMD0000001062,R_CYANST,M_cyan_c + M_tsul_c => M_so3_c + M_tcynt_c + M_h_c,R01931,R01931,1,,chebi,10127,False,True,,0,
BIOMD0000001062,R_CYANSTpp,M_cyan_p + M_tsul_p => M_so3_p + M_tcynt_p + M_h_p,R01931,R01931,1,,chebi,10127,False,True,,0,
BIOMD0000001062,R_CYSDDS,M_cys__D_c + M_h2o_c => M_h2s_c + M_nh4_c + M_pyr_c,R01874,R01874,1,,chebi,10127,False,True,,0,
BIOMD0000001062,R_CYSDS,M_cys__L_c + M_h2o_c => M_h2s_c + M_nh4_c + M_pyr_c,R00782,R00782,1,,chebi,10127,False,True,,0,
BIOMD0000001062,R_CYSS,M_acser_c + M_h2s_c => M_ac_c + M_cys__L_c + M_h_c,R00897,R00897,1,,chebi,10127,False,True,,0,
BIOMD0000001062,R_CYSSADS,M_3sala_c + 2 M_h_c => M_so2_c + M_ala__L_c,R00863,R00863,1,,chebi,10127,False,True,,0,
BIOMD0000001062,R_CYSTA,M_akg_c + M_cys__L_c => M_glu__L_c + M_mercppyr_c,R00895;R00896,R00895,2,,chebi,10127,False,True,,0,
BIOMD0000001062,R_CYSTL,M_cyst__L_c + M_h2o_c => M_hcys__L_c + M_nh4_c + M_pyr_c,R01286,R01286,1,,chebi,10127,False,True,,0,
BIOMD0000001062,R_CYSTRS,M_trnacys_c + M_atp_c + M_cys__L_c => M_cystrna_c + M_amp_c + M_ppi_c,R03650,R03650,1,,chebi,10127,False,True,,0,
BIOMD0000001062,R_CYTD,M_cytd_c + M_h2o_c + M_h_c => M_nh4_c + M_uri_c,R01878,R01878,1,,chebi,10127,False,True,,0,
BIOMD0000001062,R_CYTDH,M_cytd_c + M_h2o_c => M_csn_c + M_rib__D_c,R02137,R02137,1,,chebi,10127,False,True,,0,
BIOMD0000001062,R_CYTDK1,M_atp_c + M_cytd_c => M_adp_c + M_cmp_c + M_h_c,R00513,R00513,1,,chebi,10127,False,True,,0,
BIOMD0000001062,R_CYTDK2,M_cytd_c + M_gtp_c => M_cmp_c + M_gdp_c + M_h_c,R00517,R00517,1,,chebi,10127,False,True,,0,
BIOMD0000001062,R_CYTK1,M_atp_c + M_cmp_c <=> M_adp_c + M_cdp_c,R00512,R00512,1,,chebi,10127,False,True,,0,
BIOMD0000001062,R_CYTK2,M_atp_c + M_dcmp_c <=> M_adp_c + M_dcdp_c,R01665,R01665,1,,chebi,10127,False,True,,0,
BIOMD0000001062,R_D5KGPA,M_d5kgp_c => M_dhap_c + M_msa_c,R05378,R05378,1,,chebi,10127,False,True,,0,
BIOMD0000001062,R_DADA,M_dad_2_c + M_h2o_c + M_h_c => M_din_c + M_nh4_c,R02556,R02556,1,,chebi,10127,False,True,,0,
BIOMD0000001062,R_DADK,M_atp_c + M_damp_c <=> M_adp_c + M_dadp_c,R01547,R01547,1,,chebi,10127,False,True,,0,
BIOMD0000001062,R_DADK_copy1,M_damp_c + M_atp_c <=> M_dadp_c + M_adp_c,R01547,R01547,1,,chebi,10127,False,True,,0,
BIOMD0000001062,R_DADK_copy2,M_atp_c + M_damp_c <=> M_adp_c + M_dadp_c,R01547,R01547,1,,chebi,10127,False,True,,0,
BIOMD0000001062,R_DAPAL,M_23dappa_c + M_h2o_c => 2 M_nh4_c + M_pyr_c,R00195,R00195,1,,chebi,10127,False,True,,0,
BIOMD0000001062,R_DAPDC,M_26dap__M_c + M_h_c => M_co2_c + M_lys__L_c,R00451,R00451,1,,chebi,10127,False,True,,0,
BIOMD0000001062,R_DAPE,M_26dap_LL_c <=> M_26dap__M_c,R02735,R02735,1,,chebi,10127,False,True,,0,
BIOMD0000001062,R_DB4PS,M_ru5p__D_c => M_db4p_c + M_for_c + M_h_c,R07281,R07281,1,,chebi,10127,False,True,,0,
BIOMD0000001062,R_DBTS,M_dann_c + M_atp_c + M_co2_c => M_dtbt_c + M_adp_c + 3 M_h_c + M_pi_c,R03182,R03182,1,,chebi,10127,False,True,,0,
BIOMD0000001062,R_DCTPD,M_dctp_c + M_h2o_c + M_h_c => M_dutp_c + M_nh4_c,R02325,R02325,1,,chebi,10127,False,True,,0,
BIOMD0000001062,R_DCYTD,M_dcyt_c + M_h2o_c + M_h_c => M_duri_c + M_nh4_c,R02485,R02485,1,,chebi,10127,False,True,,0,
BIOMD0000001062,R_DDGALK,M_2dh3dgal_c + M_atp_c => M_2dh3dgal6p_c + M_adp_c + M_h_c,R03387,R03387,1,,chebi,10127,False,True,,0,
BIOMD0000001062,R_DDGLK,M_2ddglcn_c + M_atp_c => M_2ddg6p_c + M_adp_c + M_h_c,R01541,R01541,1,,chebi,10127,False,True,,0,
BIOMD0000001062,R_DDPA,M_e4p_c + M_h2o_c + M_pep_c => M_2dda7p_c + M_pi_c,R01826,R01826,1,,chebi,10127,False,True,,0,
BIOMD0000001062,R_DDPGALA,M_2dh3dgal6p_c <=> M_g3p_c + M_pyr_c,R01064,R01064,1,,chebi,10127,False,True,,0,
BIOMD0000001062,R_DGK1,M_atp_c + M_dgmp_c <=> M_adp_c + M_dgdp_c,R02090,R02090,1,,chebi,10127,False,True,,0,
BIOMD0000001062,R_DHAD1,M_23dhmb_c => M_3mob_c + M_h2o_c,R04441,R04441,1,,chebi,10127,False,True,,0,
BIOMD0000001062,R_DHAD2,M_23dhmp_c => M_3mop_c + M_h2o_c,R05070,R05070,1,,chebi,10127,False,True,,0,
BIOMD0000001062,R_DHAPT,M_dha_c + M_pep_c => M_dhap_c + M_pyr_c,R01012,R01012,1,,chebi,10127,False,True,,0,
BIOMD0000001062,R_DHBD,M_23ddhb_c + M_nad_c <=> M_23dhb_c + M_h_c + M_nadh_c,R01505,R01505,1,,chebi,10127,False,True,,0,
BIOMD0000001062,R_DHBS,M_23dhb_c + M_atp_c + M_h_c => M_23dhba_c + M_ppi_c,R01504,R01504,1,,chebi,10127,False,True,,0,
BIOMD0000001062,R_DHFR,M_dhf_c + M_h_c + M_nadph_c <=> M_nadp_c + M_thf_c,R00939,R00939,1,,chebi,10127,False,True,,0,
BIOMD0000001062,R_DHFS,M_dhpt_c + M_atp_c + M_glu__L_c => M_adp_c + M_dhf_c + M_h_c + M_pi_c,R02237,R02237,1,,chebi,10127,False,True,,0,
BIOMD0000001062,R_DHNPA2r,M_dhnpt_c <=> M_6hmhpt_c + M_gcald_c,R03504,R03504,1,,chebi,10127,False,True,,0,
BIOMD0000001062,R_DHORDfum,M_dhor__S_c + M_fum_c => M_orot_c + M_succ_c,R01867,R01867,1,,chebi,10127,False,True,,0,
BIOMD0000001062,R_DHORTS,M_dhor__S_c + M_h2o_c <=> M_cbasp_c + M_h_c,R01993,R01993,1,,chebi,10127,False,True,,0,
BIOMD0000001062,R_DHPPDA2,M_25drapp_c + M_h2o_c + M_h_c => M_5apru_c + M_nh4_c,R03459,R03459,1,,chebi,10127,False,True,,0,
BIOMD0000001062,R_DHPS2,M_4abz_c + M_6hmhptpp_c => M_dhpt_c + M_ppi_c,R03067,R03067,1,,chebi,10127,False,True,,0,
BIOMD0000001062,R_DHPTDNR,M_dhptdn_c + 3 M_h_c + M_nadph_c => M_thptdn_c + M_nadp_c,R07355,R07355,1,,chebi,10127,False,True,,0,
BIOMD0000001062,R_DHPTDNRN,M_dhptdn_c + 3 M_h_c + M_nadh_c => M_nad_c + M_thptdn_c,R07354,R07354,1,,chebi,10127,False,True,,0,
BIOMD0000001062,R_DHQS,M_2dda7p_c => M_3dhq_c + M_pi_c,R03083,R03083,1,,chebi,10127,False,True,,0,
BIOMD0000001062,R_DHQTi,M_3dhq_c => M_3dhsk_c + M_h2o_c,R03084,R03084,1,,chebi,10127,False,True,,0,
BIOMD0000001062,R_DKFPS2,M_fdp_c + M_mthgxl_c => M_dkfp_c + M_g3p_c,R10049,R10049,1,,chebi,10127,False,True,,0,
BIOMD0000001062,R_DKGLCNR2y,M_25dkglcn_c + M_h_c + M_nadph_c => M_5dglcn_c + M_nadp_c,R08879,R08879,1,,chebi,10127,False,True,,0,
BIOMD0000001062,R_DMALRED,M_fad_c + M_mal__L_c => M_fadh2_c + M_oaa_c,R01257,R01257,1,,chebi,10127,False,True,,0,
BIOMD0000001062,R_DMATT,M_dmpp_c + M_ipdp_c => M_grdp_c + M_ppi_c,R01658,R01658,1,,chebi,10127,False,True,,0,
BIOMD0000001062,R_DNMPPA,M_dhpmp_c + M_h2o_c => M_dhnpt_c + M_pi_c,R04621,R04621,1,,chebi,10127,False,True,,0,
BIOMD0000001062,R_DNTPPA,M_ahdt_c + M_h2o_c => M_dhpmp_c + M_h_c + M_ppi_c,R04638,R04638,1,,chebi,10127,False,True,,0,
BIOMD0000001062,R_DOGULNR,M_23doguln_c + M_h_c + M_nadh_c => M_3dhguln_c + M_nad_c,R02637,R02637,1,,chebi,10127,False,True,,0,
BIOMD0000001062,R_DPCOAK,M_atp_c + M_dpcoa_c => M_adp_c + M_coa_c + M_h_c,R00130,R00130,1,,chebi,10127,False,True,,0,
BIOMD0000001062,R_DPR,M_2dhp_c + M_h_c + M_nadph_c => M_pant__R_c + M_nadp_c,R02472,R02472,1,,chebi,10127,False,True,,0,
BIOMD0000001062,R_DRBK,M_drib_c + M_atp_c => M_2dr5p_c + M_adp_c + M_h_c,R02750,R02750,1,,chebi,10127,False,True,,0,
BIOMD0000001062,R_DRPA,M_2dr5p_c => M_acald_c + M_g3p_c,R01066,R01066,1,,chebi,10127,False,True,,0,
BIOMD0000001062,R_DTARTD,M_tartr__D_c => M_h2o_c + M_oaa_c,R00340,R00340,1,,chebi,10127,False,True,,0,
BIOMD0000001062,R_DTMPK,M_atp_c + M_dtmp_c <=> M_adp_c + M_dtdp_c,R02094,R02094,1,,chebi,10127,False,True,,0,
BIOMD0000001062,R_DURADx,M_56dura_c + M_nad_c <=> M_h_c + M_nadh_c + M_ura_c,R00977,R00977,1,,chebi,10127,False,True,,0,
BIOMD0000001062,R_DURIK1,M_atp_c + M_duri_c => M_adp_c + M_dump_c + M_h_c,R02099,R02099,1,,chebi,10127,False,True,,0,
BIOMD0000001062,R_DURIPP,M_duri_c + M_pi_c <=> M_2dr1p_c + M_ura_c,R02484,R02484,1,,chebi,10127,False,True,,0,
BIOMD0000001062,R_DUTPDP,M_dutp_c + M_h2o_c => M_dump_c + M_h_c + M_ppi_c,R02100,R02100,1,,chebi,10127,False,True,,0,
BIOMD0000001062,R_DXPRIi,M_dxyl5p_c + M_h_c + M_nadph_c => M_2me4p_c + M_nadp_c,R05688,R05688,1,,chebi,10127,False,True,,0,
BIOMD0000001062,R_DXPS,M_g3p_c + M_h_c + M_pyr_c => M_dxyl5p_c + M_co2_c,R05636,R05636,1,,chebi,10127,False,True,,0,
BIOMD0000001062,R_E4PD,M_e4p_c + M_h2o_c + M_nad_c <=> M_4per_c + 2 M_h_c + M_nadh_c,R01825,R01825,1,,chebi,10127,False,True,,0,
BIOMD0000001062,R_ECOAH1,M_3hbcoa_c <=> M_b2coa_c + M_h2o_c,R03026,R03026,1,,chebi,10127,False,True,,0,
BIOMD0000001062,R_ECOAH2,M_3hhcoa_c <=> M_hx2coa_c + M_h2o_c,R04749,R04749,1,,chebi,10127,False,True,,0,
BIOMD0000001062,R_ECOAH3,M_3hocoa_c <=> M_oc2coa_c + M_h2o_c,R04746,R04746,1,,chebi,10127,False,True,,0,
BIOMD0000001062,R_ECOAH4,M_3hdcoa_c <=> M_dc2coa_c + M_h2o_c,R04744,R04744,1,,chebi,10127,False,True,,0,
BIOMD0000001062,R_ECOAH5,M_3hddcoa_c <=> M_dd2coa_c + M_h2o_c,R04170,R04170,1,,chebi,10127,False,True,,0,
BIOMD0000001062,R_ECOAH6,M_3htdcoa_c <=> M_td2coa_c + M_h2o_c,R04740,R04740,1,,chebi,10127,False,True,,0,
BIOMD0000001062,R_ECOAH7,M_3hhdcoa_c <=> M_hdd2coa_c + M_h2o_c,R04738,R04738,1,,chebi,10127,False,True,,0,
BIOMD0000001062,R_EDA,M_2ddg6p_c => M_g3p_c + M_pyr_c,R05605,R05605,1,,chebi,10127,False,True,,0,
BIOMD0000001062,R_EDD,M_6pgc_c => M_2ddg6p_c + M_h2o_c,R02036,R02036,1,,chebi,10127,False,True,,0,
BIOMD0000001062,R_EGMEACPR,M_egmeACP_c + M_h_c + M_nadph_c => M_gmeACP_c + M_nadp_c,R10118,R10118,1,,chebi,10127,False,True,,0,
BIOMD0000001062,R_ENO,M_2pg_c <=> M_h2o_c + M_pep_c,R00658,R00658,1,,chebi,10127,False,True,,0,
BIOMD0000001062,R_EPMEACPR,M_epmeACP_c + M_h_c + M_nadph_c => M_pmeACP_c + M_nadp_c,R10122,R10122,1,,chebi,10127,False,True,,0,
BIOMD0000001062,R_ETHAAL,M_etha_c => M_acald_c + M_nh4_c,R00749,R00749,1,,chebi,10127,False,True,,0,
BIOMD0000001062,R_FACOAE160,M_h2o_c + M_pmtcoa_c => M_coa_c + M_h_c + M_hdca_c,R01274,R01274,1,,chebi,10127,False,True,,0,
BIOMD0000001062,R_FACOAE180,M_h2o_c + M_stcoa_c => M_coa_c + M_h_c + M_ocdca_c,R08174,R08174,1,,chebi,10127,False,True,,0,
BIOMD0000001062,R_FADRx,M_fad_c + M_h_c + M_nadh_c => M_fadh2_c + M_nad_c,R09748,R09748,1,,chebi,10127,False,True,,0,
BIOMD0000001062,R_FADRx2,M_fad_c + M_h_c + M_nadph_c => M_fadh2_c + M_nadp_c,R09520,R09520,1,,chebi,10127,False,True,,0,
BIOMD0000001062,R_FALDH2,M_hmgth_c + M_nad_c <=> M_Sfglutth_c + M_h_c + M_nadh_c,R06983,R06983,1,,chebi,10127,False,True,,0,
BIOMD0000001062,R_FALGTHLs,M_fald_c + M_gthrd_c <=> M_hmgth_c,R06982,R06982,1,,chebi,10127,False,True,,0,
BIOMD0000001062,R_FBA,M_fdp_c <=> M_g3p_c + M_dhap_c,R01068,R01068,1,,chebi,10127,False,True,,0,
BIOMD0000001062,R_FBA3,M_s17bp_c <=> M_dhap_c + M_e4p_c,R01829,R01829,1,,chebi,10127,False,True,,0,
BIOMD0000001062,R_FCLK,M_atp_c + M_fcl__L_c => M_fc1p_c + M_adp_c + M_h_c,R03241,R03241,1,,chebi,10127,False,True,,0,
BIOMD0000001062,R_FCLPA,M_fc1p_c <=> M_dhap_c + M_lald__L_c,R02262,R02262,1,,chebi,10127,False,True,,0,
BIOMD0000001062,R_FCLT,M_fe2_c + M_ppp9_c => 2 M_h_c + M_pheme_c,R00310,R00310,1,,chebi,10127,False,True,,0,
BIOMD0000001062,R_FDMO2,M_fmnh2_c + M_mso3_c + M_o2_c => M_fald_c + M_fmn_c + M_h2o_c + M_h_c + M_so3_c,R10206,R10206,1,,chebi,10127,False,True,,0,
BIOMD0000001062,R_FEROpp,4 M_fe2_p + 4 M_h_p + M_o2_p => 4 M_fe3_p + 2 M_h2o_p,R00078,R00078,1,,chebi,10127,False,True,,0,
BIOMD0000001062,R_FLDR,M_fldox_c + M_h_c + M_nadph_c => M_fldrd_c + M_nadp_c,R11485,R11485,1,,chebi,10127,False,True,,0,
BIOMD0000001062,R_FLVR,M_h_c + M_nadph_c + M_ribflv_c => M_nadp_c + M_rbflvrd_c,R05707,R05707,1,,chebi,10127,False,True,,0,
BIOMD0000001062,R_FLVRx,M_h_c + M_nadh_c + M_ribflv_c => M_nad_c + M_rbflvrd_c,R09750,R09750,1,,chebi,10127,False,True,,0,
BIOMD0000001062,R_FMETTRS,M_mettrna_c + M_10fthf_c => M_fmettrna_c + M_h_c + M_thf_c,R03940,R03940,1,,chebi,10127,False,True,,0,
BIOMD0000001062,R_FMNAT,M_atp_c + M_fmn_c + M_h_c => M_fad_c + M_ppi_c,R00161,R00161,1,,chebi,10127,False,True,,0,
BIOMD0000001062,R_FMNRx,M_fmn_c + M_h_c + M_nadh_c => M_fmnh2_c + M_nad_c,R05705,R05705,1,,chebi,10127,False,True,,0,
BIOMD0000001062,R_FMNRx2,M_fmn_c + M_h_c + M_nadph_c => M_fmnh2_c + M_nadp_c,R05706,R05706,1,,chebi,10127,False,True,,0,
BIOMD0000001062,R_FOMETRi,M_5fthf_c + M_h_c => M_h2o_c + M_methf_c,R02300,R02300,1,,chebi,10127,False,True,,0,
BIOMD0000001062,R_FORCT,M_forcoa_c + M_oxa_c <=> M_for_c + M_oxalcoa_c,R07290,R07290,1,,chebi,10127,False,True,,0,
BIOMD0000001062,R_FTHFD,M_10fthf_c + M_h2o_c => M_thf_c + M_for_c + M_h_c,R00944,R00944,1,,chebi,10127,False,True,,0,
BIOMD0000001062,R_FTHFLi,M_atp_c + M_for_c + M_thf_c => M_10fthf_c + M_adp_c + M_pi_c,R00943,R00943,1,,chebi,10127,False,True,,0,
BIOMD0000001062,R_FUM,M_fum_c + M_h2o_c <=> M_mal__L_c,R01082,R01082,1,,chebi,10127,False,True,,0,
BIOMD0000001062,R_G1PP,M_g1p_c + M_h2o_c => M_glc__D_c + M_pi_c,R00304,R00304,1,,chebi,10127,False,True,,0,
BIOMD0000001062,R_G1PPpp,M_g1p_p + M_h2o_p => M_glc__D_p + M_pi_p,R00304,R00304,1,,chebi,10127,False,True,,0,
BIOMD0000001062,R_G1PTT,M_dttp_c + M_g1p_c + M_h_c => M_dtdpglu_c + M_ppi_c,R02328,R02328,1,,chebi,10127,False,True,,0,
BIOMD0000001062,R_G1SAT,M_glu1sa_c <=> M_5aop_c,R02272,R02272,1,,chebi,10127,False,True,,0,
BIOMD0000001062,R_G2PP,M_glyc2p_c + M_h2o_c => M_glyc_c + M_pi_c,R01043,R01043,1,,chebi,10127,False,True,,0,
BIOMD0000001062,R_G2PPpp,M_glyc2p_p + M_h2o_p => M_glyc_p + M_pi_p,R01043,R01043,1,,chebi,10127,False,True,,0,
BIOMD0000001062,R_G3PD2,M_glyc3p_c + M_nadp_c <=> M_dhap_c + M_h_c + M_nadph_c,R00844,R00844,1,,chebi,10127,False,True,,0,
BIOMD0000001062,R_G3PT,M_glyc3p_c + M_h2o_c => M_glyc_c + M_pi_c,R00841,R00841,1,,chebi,10127,False,True,,0,
BIOMD0000001062,R_G5SADs,M_glu5sa_c => M_1pyr5c_c + M_h2o_c + M_h_c,R03314,R03314,1,,chebi,10127,False,True,,0,
BIOMD0000001062,R_G5SD,M_glu5p_c + M_h_c + M_nadph_c => M_glu5sa_c + M_nadp_c + M_pi_c,R03313,R03313,1,,chebi,10127,False,True,,0,
BIOMD0000001062,R_G6PDA,M_gam6p_c + M_h2o_c => M_f6p_c + M_nh4_c,R00765,R00765,1,,chebi,10127,False,True,,0,
BIOMD0000001062,R_G6PDH2r,M_g6p_c + M_nadp_c <=> M_6pgl_c + M_h_c + M_nadph_c,R00835,R00835,1,,chebi,10127,False,True,,0,
BIOMD0000001062,R_G6PP,M_g6p_c + M_h2o_c => M_glc__D_c + M_pi_c,R00303,R00303,1,,chebi,10127,False,True,,0,
BIOMD0000001062,R_GALAM6PISO,M_galam6p_c + M_h2o_c => M_nh4_c + M_tag6p__D_c,R08365,R08365,1,,chebi,10127,False,True,,0,
BIOMD0000001062,R_GALCTD,M_galct__D_c => M_5dh4dglc_c + M_h2o_c,R05608,R05608,1,,chebi,10127,False,True,,0,
BIOMD0000001062,R_GALCTND,M_galctn__D_c => M_2dh3dgal_c + M_h2o_c,R03033,R03033,1,,chebi,10127,False,True,,0,
BIOMD0000001062,R_GALKr,M_atp_c + M_gal_c <=> M_adp_c + M_gal1p_c + M_h_c,R01092,R01092,1,,chebi,10127,False,True,,0,
BIOMD0000001062,R_GALUi,M_g1p_c + M_h_c + M_utp_c => M_ppi_c + M_udpg_c,R00289,R00289,1,,chebi,10127,False,True,,0,
BIOMD0000001062,R_GAPD,M_g3p_c + M_nad_c + M_pi_c <=> M_13dpg_c + M_h_c + M_nadh_c,R01061,R01061,1,,chebi,10127,False,True,,0,
BIOMD0000001062,R_GARFT,M_gar_c + M_10fthf_c <=> M_fgam_c + M_h_c + M_thf_c,R04325,R04325,1,,chebi,10127,False,True,,0,
BIOMD0000001062,R_GCALDD,M_gcald_c + M_h2o_c + M_nad_c => M_glyclt_c + 2 M_h_c + M_nadh_c,R01333,R01333,1,,chebi,10127,False,True,,0,
BIOMD0000001062,R_GDPMNP,M_gdpmann_c + M_h2o_c => M_gmp_c + 2 M_h_c + M_man1p_c,R00881,R00881,1,,chebi,10127,False,True,,0,
BIOMD0000001062,R_GHBDHx,M_h_c + M_nadh_c + M_sucsal_c <=> M_ghb_c + M_nad_c,R01644,R01644,1,,chebi,10127,False,True,,0,
BIOMD0000001062,R_GHMT2r,M_ser__L_c + M_thf_c <=> M_gly_c + M_h2o_c + M_mlthf_c,R00945,R00945,1,,chebi,10127,False,True,,0,
BIOMD0000001062,R_GK1,M_atp_c + M_gmp_c <=> M_adp_c + M_gdp_c,R00332,R00332,1,,chebi,10127,False,True,,0,
BIOMD0000001062,R_GLCOAS,M_atp_c + M_coa_c + M_glutar_c => M_glutcoa_c + M_adp_c + M_pi_c,R02402,R02402,1,,chebi,10127,False,True,,0,
BIOMD0000001062,R_GLCRAL,M_5dh4dglc_c => M_2h3oppan_c + M_pyr_c,R02754,R02754,1,,chebi,10127,False,True,,0,
BIOMD0000001062,R_GLCRD,M_glcr_c => M_5dh4dglc_c + M_h2o_c,R02752,R02752,1,,chebi,10127,False,True,,0,
BIOMD0000001062,R_GLGC,M_g1p_c + M_atp_c + M_h_c => M_adpglc_c + M_ppi_c,R00948,R00948,1,,chebi,10127,False,True,,0,
BIOMD0000001062,R_GLNS,M_atp_c + M_glu__L_c + M_nh4_c => M_adp_c + M_gln__L_c + M_h_c + M_pi_c,R00253,R00253,1,,chebi,10127,False,True,,0,
BIOMD0000001062,R_GLNTRS,M_trnagln_c + M_atp_c + M_gln__L_c => M_glntrna_c + M_amp_c + M_ppi_c,R03652,R03652,1,,chebi,10127,False,True,,0,
BIOMD0000001062,R_GLTPD,M_galt1p_c + M_nad_c <=> M_h_c + M_nadh_c + M_tag6p__D_c,R05571,R05571,1,,chebi,10127,False,True,,0,
BIOMD0000001062,R_GLU5K,M_atp_c + M_glu__L_c => M_adp_c + M_glu5p_c,R00239,R00239,1,,chebi,10127,False,True,,0,
BIOMD0000001062,R_GLUCYS,M_atp_c + M_cys__L_c + M_glu__L_c => M_glucys_c + M_adp_c + M_h_c + M_pi_c,R00894,R00894,1,,chebi,10127,False,True,,0,
BIOMD0000001062,R_GLUDC,M_glu__L_c + M_h_c => M_4abut_c + M_co2_c,R00261,R00261,1,,chebi,10127,False,True,,0,
BIOMD0000001062,R_GLUDy,M_glu__L_c + M_h2o_c + M_nadp_c <=> M_akg_c + M_h_c + M_nadph_c + M_nh4_c,R00248,R00248,1,,chebi,10127,False,True,,0,
BIOMD0000001062,R_GLUN,M_gln__L_c + M_h2o_c => M_glu__L_c + M_nh4_c,R00256,R00256,1,,chebi,10127,False,True,,0,
BIOMD0000001062,R_GLUNpp,M_gln__L_p + M_h2o_p => M_glu__L_p + M_nh4_p,R00256,R00256,1,,chebi,10127,False,True,,0,
BIOMD0000001062,R_GLUPRT,M_gln__L_c + M_h2o_c + M_prpp_c => M_pram_c + M_glu__L_c + M_ppi_c,R01072,R01072,1,,chebi,10127,False,True,,0,
BIOMD0000001062,R_GLUR,M_glu__D_c <=> M_glu__L_c,R00260,R00260,1,,chebi,10127,False,True,,0,
BIOMD0000001062,R_GLUSy,M_akg_c + M_gln__L_c + M_h_c + M_nadph_c => 2 M_glu__L_c + M_nadp_c,R00114,R00114,1,,chebi,10127,False,True,,0,
BIOMD0000001062,R_GLUTRR,M_glutrna_c + M_h_c + M_nadph_c => M_glu1sa_c + M_nadp_c + M_trnaglu_c,R04109,R04109,1,,chebi,10127,False,True,,0,
BIOMD0000001062,R_GLUTRS,M_trnaglu_c + M_atp_c + M_glu__L_c => M_glutrna_c + M_amp_c + M_ppi_c,R05578,R05578,1,,chebi,10127,False,True,,0,
BIOMD0000001062,R_GLXCL,2 M_glx_c + M_h_c => M_2h3oppan_c + M_co2_c,R00013,R00013,1,,chebi,10127,False,True,,0,
BIOMD0000001062,R_GLYAT,M_accoa_c + M_gly_c <=> M_2aobut_c + M_coa_c,R00371,R00371,1,,chebi,10127,False,True,,0,
BIOMD0000001062,R_GLYCDx,M_glyc_c + M_nad_c => M_dha_c + M_h_c + M_nadh_c,R01034,R01034,1,,chebi,10127,False,True,,0,
BIOMD0000001062,R_GLYCK,M_atp_c + M_glyc__R_c => M_3pg_c + M_adp_c + M_h_c,R01514,R01514,1,,chebi,10127,False,True,,0,
BIOMD0000001062,R_GLYCK2,M_atp_c + M_glyc__R_c => M_2pg_c + M_adp_c + M_h_c,R08572,R08572,1,,chebi,10127,False,True,,0,
BIOMD0000001062,R_GLYCL,M_gly_c + M_nad_c + M_thf_c => M_co2_c + M_mlthf_c + M_nadh_c + M_nh4_c,R01221,R01221,1,,chebi,10127,False,True,,0,
BIOMD0000001062,R_GLYCLTDx,M_glx_c + M_h_c + M_nadh_c => M_glyclt_c + M_nad_c,R00717,R00717,1,,chebi,10127,False,True,,0,
BIOMD0000001062,R_GLYCLTDy,M_glx_c + M_h_c + M_nadph_c => M_glyclt_c + M_nadp_c,R00465,R00465,1,,chebi,10127,False,True,,0,
BIOMD0000001062,R_GLYK,M_glyc_c + M_atp_c => M_glyc3p_c + M_adp_c + M_h_c,R00847,R00847,1,,chebi,10127,False,True,,0,
BIOMD0000001062,R_GLYOX,M_h2o_c + M_lgt__S_c => M_gthrd_c + M_h_c + M_lac__D_c,R01736,R01736,1,,chebi,10127,False,True,,0,
BIOMD0000001062,R_GLYOX3,M_h2o_c + M_mthgxl_c => M_h_c + M_lac__D_c,R09796,R09796,1,,chebi,10127,False,True,,0,
BIOMD0000001062,R_GLYTRS,M_trnagly_c + M_atp_c + M_gly_c => M_glytrna_c + M_amp_c + M_ppi_c,R03654,R03654,1,,chebi,10127,False,True,,0,
BIOMD0000001062,R_GMAND,M_gdpmann_c => M_gdpddman_c + M_h2o_c,R00888,R00888,1,,chebi,10127,False,True,,0,
BIOMD0000001062,R_GMHEPAT,M_atp_c + M_gmhep1p_c + M_h_c => M_adphep_DD_c + M_ppi_c,R05644,R05644,1,,chebi,10127,False,True,,0,
BIOMD0000001062,R_GMPR,M_gmp_c + 2 M_h_c + M_nadph_c => M_imp_c + M_nadp_c + M_nh4_c,R01134,R01134,1,,chebi,10127,False,True,,0,
BIOMD0000001062,R_GMPS,M_atp_c + M_nh4_c + M_xmp_c => M_amp_c + M_gmp_c + 2 M_h_c + M_ppi_c,R01230,R01230,1,,chebi,10127,False,True,,0,
BIOMD0000001062,R_GMPS2,M_atp_c + M_gln__L_c + M_h2o_c + M_xmp_c => M_amp_c + M_glu__L_c + M_gmp_c + 2 M_h_c + M_ppi_c,R01231,R01231,1,,chebi,10127,False,True,,0,
BIOMD0000001062,R_GND,M_6pgc_c + M_nadp_c => M_co2_c + M_nadph_c + M_ru5p__D_c,R01528,R01528,1,,chebi,10127,False,True,,0,
BIOMD0000001062,R_GNK,M_glcn_c + M_atp_c => M_6pgc_c + M_adp_c + M_h_c,R01737,R01737,1,,chebi,10127,False,True,,0,
BIOMD0000001062,R_GPDDA1,M_g3pc_c + M_h2o_c => M_chol_c + M_glyc3p_c + M_h_c,R01030,R01030,1,,chebi,10127,False,True,,0,
BIOMD0000001062,R_GPDDA1pp,M_g3pc_p + M_h2o_p => M_chol_p + M_glyc3p_p + M_h_p,R01030,R01030,1,,chebi,10127,False,True,,0,
BIOMD0000001062,R_GPDDA2,M_g3pe_c + M_h2o_c => M_etha_c + M_glyc3p_c + M_h_c,R01470,R01470,1,,chebi,10127,False,True,,0,
BIOMD0000001062,R_GPDDA2pp,M_g3pe_p + M_h2o_p => M_etha_p + M_glyc3p_p + M_h_p,R01470,R01470,1,,chebi,10127,False,True,,0,
BIOMD0000001062,R_GPDDA5,M_g3pi_c + M_h2o_c => M_inost_c + M_glyc3p_c + M_h_c,R01193,R01193,1,,chebi,10127,False,True,,0,
BIOMD0000001062,R_GPDDA5pp,M_g3pi_p + M_h2o_p => M_glyc3p_p + M_h_p + M_inost_p,R01193,R01193,1,,chebi,10127,False,True,,0,
BIOMD0000001062,R_GRTT,M_grdp_c + M_ipdp_c => M_frdp_c + M_ppi_c,R02003,R02003,1,,chebi,10127,False,True,,0,
BIOMD0000001062,R_GSNK,M_atp_c + M_gsn_c => M_adp_c + M_gmp_c + M_h_c,R01228,R01228,1,,chebi,10127,False,True,,0,
BIOMD0000001062,R_GSPMDA,M_gtspmd_c + M_h2o_c => M_gthrd_c + M_spmd_c,R01918,R01918,1,,chebi,10127,False,True,,0,
BIOMD0000001062,R_GSPMDS,M_atp_c + M_gthrd_c + M_spmd_c => M_adp_c + M_gtspmd_c + M_h_c + M_pi_c,R01917,R01917,1,,chebi,10127,False,True,,0,
BIOMD0000001062,R_GTHOr,M_gthox_c + M_h_c + M_nadph_c <=> 2 M_gthrd_c + M_nadp_c,R00115,R00115,1,,chebi,10127,False,True,,0,
BIOMD0000001062,R_GTHPi,2 M_gthrd_c + M_h2o2_c => M_gthox_c + 2 M_h2o_c,R00274,R00274,1,,chebi,10127,False,True,,0,
BIOMD0000001062,R_GTHPi_copy1,2 M_gthrd_c + M_h2o2_c => M_gthox_c + 2 M_h2o_c,R00274,R00274,1,,chebi,10127,False,True,,0,
BIOMD0000001062,R_GTHPi_copy2,2 M_gthrd_c + M_h2o2_c => M_gthox_c + 2 M_h2o_c,R00274,R00274,1,,chebi,10127,False,True,,0,
BIOMD0000001062,R_GTHRDHpp,M_gthrd_p + M_h2o_p => M_cgly_p + M_glu__L_p,R00494,R00494,1,,chebi,10127,False,True,,0,
BIOMD0000001062,R_GTHS,M_atp_c + M_glucys_c + M_gly_c => M_adp_c + M_gthrd_c + M_h_c + M_pi_c,R00497,R00497,1,,chebi,10127,False,True,,0,
BIOMD0000001062,R_GTPCI,M_gtp_c + M_h2o_c => M_ahdt_c + M_for_c + M_h_c,R00424,R00424,1,,chebi,10127,False,True,,0,
BIOMD0000001062,R_GTPCII2,M_gtp_c + 3 M_h2o_c => M_25drapp_c + M_for_c + 2 M_h_c + M_ppi_c,R00425,R00425,1,,chebi,10127,False,True,,0,
BIOMD0000001062,R_GTPDPDP,M_gdptp_c + M_h2o_c => M_h_c + M_pi_c + M_ppgpp_c,R03409,R03409,1,,chebi,10127,False,True,,0,
BIOMD0000001062,R_GTPDPK,M_atp_c + M_gtp_c => M_gdptp_c + M_amp_c + M_h_c,R00429,R00429,1,,chebi,10127,False,True,,0,
BIOMD0000001062,R_GUACYC,M_gtp_c => M_35cgmp_c + M_ppi_c,R00434,R00434,1,,chebi,10127,False,True,,0,
BIOMD0000001062,R_GUAD,M_gua_c + M_h2o_c + M_h_c => M_nh4_c + M_xan_c,R01676,R01676,1,,chebi,10127,False,True,,0,
BIOMD0000001062,R_GUAPRT,M_gua_c + M_prpp_c => M_gmp_c + M_ppi_c,R01229,R01229,1,,chebi,10127,False,True,,0,
BIOMD0000001062,R_GUI1,M_glcur_c <=> M_fruur_c,R01482,R01482,1,,chebi,10127,False,True,,0,
BIOMD0000001062,R_GUI2,M_galur_c <=> M_tagur_c,R01983,R01983,1,,chebi,10127,False,True,,0,
BIOMD0000001062,R_HACD1,M_aacoa_c + M_h_c + M_nadh_c <=> M_3hbcoa_c + M_nad_c,R01975,R01975,1,,chebi,10127,False,True,,0,
BIOMD0000001062,R_HACD1i,M_3hbcoa_c + M_nad_c => M_aacoa_c + M_h_c + M_nadh_c,R01975,R01975,1,,chebi,10127,False,True,,0,
BIOMD0000001062,R_HACD2,M_3ohcoa_c + M_h_c + M_nadh_c <=> M_3hhcoa_c + M_nad_c,R04748,R04748,1,,chebi,10127,False,True,,0,
BIOMD0000001062,R_HACD2i,M_3hhcoa_c + M_nad_c => M_3ohcoa_c + M_h_c + M_nadh_c,R04748,R04748,1,,chebi,10127,False,True,,0,
BIOMD0000001062,R_HACD3,M_3oocoa_c + M_h_c + M_nadh_c <=> M_3hocoa_c + M_nad_c,R04745,R04745,1,,chebi,10127,False,True,,0,
BIOMD0000001062,R_HACD3i,M_3hocoa_c + M_nad_c => M_3oocoa_c + M_h_c + M_nadh_c,R04745,R04745,1,,chebi,10127,False,True,,0,
BIOMD0000001062,R_HACD4,M_3odcoa_c + M_h_c + M_nadh_c <=> M_3hdcoa_c + M_nad_c,R04743,R04743,1,,chebi,10127,False,True,,0,
BIOMD0000001062,R_HACD4i,M_3hdcoa_c + M_nad_c => M_3odcoa_c + M_h_c + M_nadh_c,R04743,R04743,1,,chebi,10127,False,True,,0,
BIOMD0000001062,R_HACD5,M_3oddcoa_c + M_h_c + M_nadh_c <=> M_3hddcoa_c + M_nad_c,R04741,R04741,1,,chebi,10127,False,True,,0,
BIOMD0000001062,R_HACD5i,M_3hddcoa_c + M_nad_c => M_3oddcoa_c + M_h_c + M_nadh_c,R04741,R04741,1,,chebi,10127,False,True,,0,
BIOMD0000001062,R_HACD6,M_3otdcoa_c + M_h_c + M_nadh_c <=> M_3htdcoa_c + M_nad_c,R04739,R04739,1,,chebi,10127,False,True,,0,
BIOMD0000001062,R_HACD6i,M_3htdcoa_c + M_nad_c => M_3otdcoa_c + M_h_c + M_nadh_c,R04739,R04739,1,,chebi,10127,False,True,,0,
BIOMD0000001062,R_HACD7,M_3ohdcoa_c + M_h_c + M_nadh_c <=> M_3hhdcoa_c + M_nad_c,R04737,R04737,1,,chebi,10127,False,True,,0,
BIOMD0000001062,R_HACD7i,M_3hhdcoa_c + M_nad_c => M_3ohdcoa_c + M_h_c + M_nadh_c,R04737,R04737,1,,chebi,10127,False,True,,0,
BIOMD0000001062,R_HBZOPT,M_4hbz_c + M_octdp_c => M_3ophb_c + M_ppi_c,R05615,R05615,1,,chebi,10127,False,True,,0,
BIOMD0000001062,R_HCO3E,M_co2_c + M_h2o_c <=> M_hco3_c + M_h_c,R00132;R10092,R00132,2,,chebi,10127,False,True,,0,
BIOMD0000001062,R_HEMEOS,M_pheme_c + M_frdp_c + M_h2o_c => M_hemeO_c + M_ppi_c,R07411,R07411,1,,chebi,10127,False,True,,0,
BIOMD0000001062,R_HETZK,M_4mhetz_c + M_atp_c => M_4mpetz_c + M_adp_c + M_h_c,R04448,R04448,1,,chebi,10127,False,True,,0,
BIOMD0000001062,R_HEX1,M_atp_c + M_glc__D_c => M_adp_c + M_g6p_c + M_h_c,R00299,R00299,1,,chebi,10127,False,True,,0,
BIOMD0000001062,R_HEX4,M_man_c + M_atp_c => M_adp_c + M_h_c + M_man6p_c,R01326,R01326,1,,chebi,10127,False,True,,0,
BIOMD0000001062,R_HEX7,M_atp_c + M_fru_c => M_adp_c + M_f6p_c + M_h_c,R00867,R00867,1,,chebi,10127,False,True,,0,
BIOMD0000001062,R_HISTD,M_histd_c + M_h2o_c + 2 M_nad_c => M_his__L_c + 3 M_h_c + 2 M_nadh_c,R01158,R01158,1,,chebi,10127,False,True,,0,
BIOMD0000001062,R_HISTP,M_h2o_c + M_hisp_c => M_histd_c + M_pi_c,R03013,R03013,1,,chebi,10127,False,True,,0,
BIOMD0000001062,R_HISTRS,M_trnahis_c + M_atp_c + M_his__L_c => M_histrna_c + M_amp_c + M_ppi_c,R03655,R03655,1,,chebi,10127,False,True,,0,
BIOMD0000001062,R_HMBS,M_h2o_c + 4 M_ppbng_c => M_hmbil_c + 4 M_nh4_c,R00084,R00084,1,,chebi,10127,False,True,,0,
BIOMD0000001062,R_HPPK2,M_6hmhpt_c + M_atp_c => M_6hmhptpp_c + M_amp_c + M_h_c,R03503,R03503,1,,chebi,10127,False,True,,0,
BIOMD0000001062,R_HPYRI,M_hpyr_c <=> M_2h3oppan_c,R01394,R01394,1,,chebi,10127,False,True,,0,
BIOMD0000001062,R_HPYRRx,M_h_c + M_hpyr_c + M_nadh_c => M_glyc__R_c + M_nad_c,R01388,R01388,1,,chebi,10127,False,True,,0,
BIOMD0000001062,R_HPYRRy,M_hpyr_c + M_h_c + M_nadph_c => M_glyc__R_c + M_nadp_c,R01392,R01392,1,,chebi,10127,False,True,,0,
BIOMD0000001062,R_HSDy,M_hom__L_c + M_nadp_c <=> M_aspsa_c + M_h_c + M_nadph_c,R01775,R01775,1,,chebi,10127,False,True,,0,
BIOMD0000001062,R_HSK,M_hom__L_c + M_atp_c => M_phom_c + M_adp_c + M_h_c,R01771,R01771,1,,chebi,10127,False,True,,0,
BIOMD0000001062,R_HSST,M_hom__L_c + M_succoa_c => M_suchms_c + M_coa_c,R01777,R01777,1,,chebi,10127,False,True,,0,
BIOMD0000001062,R_HSTPT,M_glu__L_c + M_imacp_c => M_hisp_c + M_akg_c,R03243,R03243,1,,chebi,10127,False,True,,0,
BIOMD0000001062,R_HXAND,M_h2o_c + M_hxan_c + M_nad_c => M_h_c + M_nadh_c + M_xan_c,R01768,R01768,1,,chebi,10127,False,True,,0,
BIOMD0000001062,R_HXPRT,M_hxan_c + M_prpp_c => M_imp_c + M_ppi_c,R01132,R01132,1,,chebi,10127,False,True,,0,
BIOMD0000001062,R_HYPOE,M_h2o_c + M_pyam5p_c => M_pydam_c + M_pi_c,R02494,R02494,1,,chebi,10127,False,True,,0,
BIOMD0000001062,R_ICDHyr,M_icit_c + M_nadp_c <=> M_akg_c + M_co2_c + M_nadph_c,R00267,R00267,1,,chebi,10127,False,True,,0,
BIOMD0000001062,R_ICHORS_copy1,M_chor_c => M_ichor_c,R01717,R01717,1,,chebi,10127,False,True,,0,
BIOMD0000001062,R_ICHORS_copy2,M_chor_c <=> M_ichor_c,R01717,R01717,1,,chebi,10127,False,True,,0,
BIOMD0000001062,R_ICHORT,M_h2o_c + M_ichor_c => M_23ddhb_c + M_pyr_c,R03037,R03037,1,,chebi,10127,False,True,,0,
BIOMD0000001062,R_ICL,M_icit_c => M_glx_c + M_succ_c,R00479,R00479,1,,chebi,10127,False,True,,0,
BIOMD0000001062,R_IG3PS,M_gln__L_c + M_prlp_c => M_aicar_c + M_eig3p_c + M_glu__L_c + M_h_c,R04558,R04558,1,,chebi,10127,False,True,,0,
BIOMD0000001062,R_IGPDH,M_eig3p_c => M_imacp_c + M_h2o_c,R03457,R03457,1,,chebi,10127,False,True,,0,
BIOMD0000001062,R_IGPS,M_2cpr5p_c + M_h_c => M_3ig3p_c + M_co2_c + M_h2o_c,R03508,R03508,1,,chebi,10127,False,True,,0,
BIOMD0000001062,R_ILETA,M_ile__L_c + M_akg_c <=> M_3mop_c + M_glu__L_c,R02199,R02199,1,,chebi,10127,False,True,,0,
BIOMD0000001062,R_ILETRS,M_trnaile_c + M_atp_c + M_ile__L_c => M_iletrna_c + M_amp_c + M_ppi_c,R03656,R03656,1,,chebi,10127,False,True,,0,
BIOMD0000001062,R_IMPC,M_h2o_c + M_imp_c <=> M_fprica_c,R01127,R01127,1,,chebi,10127,False,True,,0,
BIOMD0000001062,R_IMPD,M_h2o_c + M_imp_c + M_nad_c => M_h_c + M_nadh_c + M_xmp_c,R01130,R01130,1,,chebi,10127,False,True,,0,
BIOMD0000001062,R_INSH,M_h2o_c + M_ins_c => M_hxan_c + M_rib__D_c,R01770,R01770,1,,chebi,10127,False,True,,0,
BIOMD0000001062,R_INSK,M_atp_c + M_ins_c => M_adp_c + M_h_c + M_imp_c,R01131,R01131,1,,chebi,10127,False,True,,0,
BIOMD0000001062,R_IPDDI,M_ipdp_c <=> M_dmpp_c,R01123,R01123,1,,chebi,10127,False,True,,0,
BIOMD0000001062,R_IPMD,M_3c2hmp_c + M_nad_c => M_3c4mop_c + M_h_c + M_nadh_c,R04426,R04426,1,,chebi,10127,False,True,,0,
BIOMD0000001062,R_IPPMIa,M_3c2hmp_c <=> M_2ippm_c + M_h2o_c,R04001,R04001,1,,chebi,10127,False,True,,0,
BIOMD0000001062,R_IPPMIb,M_2ippm_c + M_h2o_c <=> M_3c3hmp_c,R03968,R03968,1,,chebi,10127,False,True,,0,
BIOMD0000001062,R_IPPS,M_3mob_c + M_accoa_c + M_h2o_c => M_3c3hmp_c + M_coa_c + M_h_c,R01213,R01213,1,,chebi,10127,False,True,,0,
BIOMD0000001062,R_KARA1,M_23dhmb_c + M_nadp_c <=> M_alac__S_c + M_h_c + M_nadph_c,R04439,R04439,1,,chebi,10127,False,True,,0,
BIOMD0000001062,R_KAS14,M_acACP_c + M_malACP_c + M_h_c => M_ACP_c + M_actACP_c + M_co2_c,R04355,R04355,1,,chebi,10127,False,True,,0,
BIOMD0000001062,R_KAS15,M_accoa_c + M_h_c + M_malACP_c => M_actACP_c + M_co2_c + M_coa_c,R10707,R10707,1,,chebi,10127,False,True,,0,
BIOMD0000001062,R_KDOPS,M_ara5p_c + M_h2o_c + M_pep_c => M_kdo8p_c + M_pi_c,R03254,R03254,1,,chebi,10127,False,True,,0,
BIOMD0000001062,R_KG6PDC,M_3dhgulnp_c + M_h_c => M_xu5p__L_c + M_co2_c,R07125,R07125,1,,chebi,10127,False,True,,0,
BIOMD0000001062,R_LACZ,M_lcts_c + M_h2o_c => M_gal_c + M_glc__D_c,R01100;R06114,R01100,2,,chebi,10127,False,True,,0,
BIOMD0000001062,R_LACZpp,M_h2o_p + M_lcts_p => M_gal_p + M_glc__D_p,R01100;R06114,R01100,2,,chebi,10127,False,True,,0,
BIOMD0000001062,R_LALDO2x,M_h_c + M_mthgxl_c + M_nadh_c => M_lald__D_c + M_nad_c,R02527,R02527,1,,chebi,10127,False,True,,0,
BIOMD0000001062,R_LALDO3,M_h_c + M_mthgxl_c + M_nadph_c => M_lald__L_c + M_nadp_c,R02260,R02260,1,,chebi,10127,False,True,,0,
BIOMD0000001062,R_LCADi,M_h2o_c + M_lald__L_c + M_nad_c => M_lac__L_c + 2 M_h_c + M_nadh_c,R01446,R01446,1,,chebi,10127,False,True,,0,
BIOMD0000001062,R_LCARR,M_lald__D_c + M_h_c + M_nadh_c <=> M_12ppd__R_c + M_nad_c,R03080,R03080,1,,chebi,10127,False,True,,0,
BIOMD0000001062,R_LCARS,M_lald__L_c + M_h_c + M_nadh_c => M_12ppd__S_c + M_nad_c,R02258,R02258,1,,chebi,10127,False,True,,0,
BIOMD0000001062,R_LDH_D,M_lac__D_c + M_nad_c <=> M_h_c + M_nadh_c + M_pyr_c,R00704,R00704,1,,chebi,10127,False,True,,0,
BIOMD0000001062,R_LEUTAi,M_4mop_c + M_glu__L_c => M_leu__L_c + M_akg_c,R01090,R01090,1,,chebi,10127,False,True,,0,
BIOMD0000001062,R_LEUTRS,M_trnaleu_c + M_atp_c + M_leu__L_c => M_leutrna_c + M_amp_c + M_ppi_c,R03657,R03657,1,,chebi,10127,False,True,,0,
BIOMD0000001062,R_LGTHL,M_gthrd_c + M_mthgxl_c => M_lgt__S_c,R02530,R02530,1,,chebi,10127,False,True,,0,
BIOMD0000001062,R_LIPATPT,M_atp_c + M_lipoate_c => M_lipoamp_c + M_ppi_c,R07770,R07770,1,,chebi,10127,False,True,,0,
BIOMD0000001062,R_LPADSS,M_lipidX_c + M_u23ga_c => M_lipidAds_c + M_h_c + M_udp_c,R04606,R04606,1,,chebi,10127,False,True,,0,
BIOMD0000001062,R_LSERDHr,M_nadp_c + M_ser__L_c <=> M_2amsa_c + M_h_c + M_nadph_c,R06126,R06126,1,,chebi,10127,False,True,,0,
BIOMD0000001062,R_LYSAM,M_lys__L_c <=> M_36dahx_c,R00461,R00461,1,,chebi,10127,False,True,,0,
BIOMD0000001062,R_LYSDC,M_h_c + M_lys__L_c => M_15dap_c + M_co2_c,R00462,R00462,1,,chebi,10127,False,True,,0,
BIOMD0000001062,R_LYSTRS,M_trnalys_c + M_atp_c + M_lys__L_c => M_lystrna_c + M_amp_c + M_ppi_c,R03658,R03658,1,,chebi,10127,False,True,,0,
BIOMD0000001062,R_LYXI,M_lyx__L_c => M_xylu__L_c,R01906,R01906,1,,chebi,10127,False,True,,0,
BIOMD0000001062,R_M1PD,M_mnl1p_c + M_nad_c <=> M_f6p_c + M_h_c + M_nadh_c,R02703,R02703,1,,chebi,10127,False,True,,0,
BIOMD0000001062,R_MACPD,M_h_c + M_malACP_c => M_acACP_c + M_co2_c,R09482,R09482,1,,chebi,10127,False,True,,0,
BIOMD0000001062,R_MALDDH,M_mal__D_c + M_nad_c => M_co2_c + M_nadh_c + M_pyr_c,R00215,R00215,1,,chebi,10127,False,True,,0,
BIOMD0000001062,R_MALS,M_accoa_c + M_glx_c + M_h2o_c => M_coa_c + M_h_c + M_mal__L_c,R00472,R00472,1,,chebi,10127,False,True,,0,
BIOMD0000001062,R_MALTATr,M_accoa_c + M_malt_c <=> M_acmalt_c + M_coa_c,R01556;R06251,R01556,2,,chebi,10127,False,True,,0,
BIOMD0000001062,R_MAN1PT,M_gtp_c + M_h_c + M_man1p_c => M_gdpmann_c + M_ppi_c,R00885,R00885,1,,chebi,10127,False,True,,0,
BIOMD0000001062,R_MAN1PT2,M_gdp_c + M_h_c + M_man1p_c => M_gdpmann_c + M_pi_c,R00883,R00883,1,,chebi,10127,False,True,,0,
BIOMD0000001062,R_MAN6PI,M_man6p_c <=> M_f6p_c,R01819,R01819,1,,chebi,10127,False,True,,0,
BIOMD0000001062,R_MANAO,M_mana_c + M_nad_c <=> M_fruur_c + M_h_c + M_nadh_c,R02454,R02454,1,,chebi,10127,False,True,,0,
BIOMD0000001062,R_MCITD,M_2mcit_c => M_2mcacn_c + M_h2o_c,R04424,R04424,1,,chebi,10127,False,True,,0,
BIOMD0000001062,R_MCITL2,M_micit_c <=> M_pyr_c + M_succ_c,R00409,R00409,1,,chebi,10127,False,True,,0,
BIOMD0000001062,R_MCITS,M_h2o_c + M_oaa_c + M_ppcoa_c => M_2mcit_c + M_coa_c + M_h_c,R00931,R00931,1,,chebi,10127,False,True,,0,
BIOMD0000001062,R_MCOATA,M_ACP_c + M_malcoa_c <=> M_coa_c + M_malACP_c,R01626,R01626,1,,chebi,10127,False,True,,0,
BIOMD0000001062,R_MCPST,M_mercppyr_c + M_cyan_c => M_h_c + M_pyr_c + M_tcynt_c,R03106,R03106,1,,chebi,10127,False,True,,0,
BIOMD0000001062,R_MDH,M_mal__L_c + M_nad_c <=> M_h_c + M_nadh_c + M_oaa_c,R00342,R00342,1,,chebi,10127,False,True,,0,
BIOMD0000001062,R_MDRPD,M_5mdru1p_c => M_dkmpp_c + M_h2o_c,R07392,R07392,1,,chebi,10127,False,True,,0,
BIOMD0000001062,R_ME1,M_mal__L_c + M_nad_c => M_co2_c + M_nadh_c + M_pyr_c,R00214,R00214,1,,chebi,10127,False,True,,0,
BIOMD0000001062,R_ME2,M_mal__L_c + M_nadp_c => M_co2_c + M_nadph_c + M_pyr_c,R00216,R00216,1,,chebi,10127,False,True,,0,
BIOMD0000001062,R_MECDPS,M_2p4c2me_c => M_2mecdp_c + M_cmp_c,R05637,R05637,1,,chebi,10127,False,True,,0,
BIOMD0000001062,R_MEPCT,M_2me4p_c + M_ctp_c + M_h_c => M_4c2me_c + M_ppi_c,R05633,R05633,1,,chebi,10127,False,True,,0,
BIOMD0000001062,R_METAT,M_met__L_c + M_atp_c + M_h2o_c => M_amet_c + M_pi_c + M_ppi_c,R00177,R00177,1,,chebi,10127,False,True,,0,
BIOMD0000001062,R_METS,M_5mthf_c + M_hcys__L_c => M_h_c + M_met__L_c + M_thf_c,R00946,R00946,1,,chebi,10127,False,True,,0,
BIOMD0000001062,R_METSOXR1,M_metsox_S__L_c + M_trdrd_c => M_h2o_c + M_met__L_c + M_trdox_c,R02025,R02025,1,,chebi,10127,False,True,,0,
BIOMD0000001062,R_METSOXR2,M_metsox_R__L_c + M_trdrd_c => M_h2o_c + M_met__L_c + M_trdox_c,R07608,R07608,1,,chebi,10127,False,True,,0,
BIOMD0000001062,R_METTRS,M_trnamet_c + M_atp_c + M_met__L_c => M_amp_c + M_mettrna_c + M_ppi_c,R03659,R03659,1,,chebi,10127,False,True,,0,
BIOMD0000001062,R_MGSA,M_dhap_c => M_mthgxl_c + M_pi_c,R01016,R01016,1,,chebi,10127,False,True,,0,
BIOMD0000001062,R_MI1PP,M_mi1p__D_c + M_h2o_c => M_inost_c + M_pi_c,R01185,R01185,1,,chebi,10127,False,True,,0,
BIOMD0000001062,R_MICITDr,M_2mcacn_c + M_h2o_c <=> M_micit_c,R04425,R04425,1,,chebi,10127,False,True,,0,
BIOMD0000001062,R_MMM2,M_succoa_c => M_mmcoa__R_c,R00833,R00833,1,,chebi,10127,False,True,,0,
BIOMD0000001062,R_MNNH,M_mana_c => M_2ddglcn_c + M_h2o_c,R05606,R05606,1,,chebi,10127,False,True,,0,
BIOMD0000001062,R_MOAT,M_ckdo_c + M_lipidA_c => M_kdolipid4_c + M_cmp_c + M_h_c,R04658,R04658,1,,chebi,10127,False,True,,0,
BIOMD0000001062,R_MOAT2,M_ckdo_c + M_kdolipid4_c => M_cmp_c + M_h_c + M_kdo2lipid4_c,R05074;R06285,R05074,2,,chebi,10127,False,True,,0,
BIOMD0000001062,R_MOHMT,M_3mob_c + M_h2o_c + M_mlthf_c => M_2dhp_c + M_thf_c,R01226,R01226,1,,chebi,10127,False,True,,0,
BIOMD0000001062,R_MOX,M_mal__L_c + M_o2_c => M_h2o2_c + M_oaa_c,R00360,R00360,1,,chebi,10127,False,True,,0,
BIOMD0000001062,R_MPTAT,M_mpt_c + M_atp_c + M_h_c => M_mptamp_c + M_ppi_c,R09726,R09726,1,,chebi,10127,False,True,,0,
BIOMD0000001062,R_MSAR,M_h_c + M_msa_c + M_nadph_c => M_3hpp_c + M_nadp_c,R09289,R09289,1,,chebi,10127,False,True,,0,
BIOMD0000001062,R_MTAN,M_5mta_c + M_h2o_c => M_5mtr_c + M_ade_c,R01401,R01401,1,,chebi,10127,False,True,,0,
BIOMD0000001062,R_MTHFC,M_methf_c + M_h2o_c <=> M_10fthf_c + M_h_c,R01655,R01655,1,,chebi,10127,False,True,,0,
BIOMD0000001062,R_MTHFD,M_mlthf_c + M_nadp_c <=> M_methf_c + M_nadph_c,R01220,R01220,1,,chebi,10127,False,True,,0,
BIOMD0000001062,R_MTHFR2,2 M_h_c + M_mlthf_c + M_nadh_c => M_5mthf_c + M_nad_c,R07168,R07168,1,,chebi,10127,False,True,,0,
BIOMD0000001062,R_MTRI,M_5mdr1p_c => M_5mdru1p_c,R04420,R04420,1,,chebi,10127,False,True,,0,
BIOMD0000001062,R_MTRK,M_5mtr_c + M_atp_c => M_5mdr1p_c + M_adp_c + M_h_c,R04143,R04143,1,,chebi,10127,False,True,,0,
BIOMD0000001062,R_NADDP,M_h2o_c + M_nad_c => M_nmn_c + M_amp_c + 2 M_h_c,R00103,R00103,1,,chebi,10127,False,True,,0,
BIOMD0000001062,R_NADHPO,M_h2o2_c + M_h_c + M_nadh_c => 2 M_h2o_c + M_nad_c,R00090,R00090,1,,chebi,10127,False,True,,0,
BIOMD0000001062,R_NADK,M_atp_c + M_nad_c => M_adp_c + M_h_c + M_nadp_c,R00104,R00104,1,,chebi,10127,False,True,,0,
BIOMD0000001062,R_NADN,M_h2o_c + M_nad_c => M_adprib_c + M_ncam_c + M_h_c,R00102,R00102,1,,chebi,10127,False,True,,0,
BIOMD0000001062,R_NADPPPS,M_h2o_c + M_nadp_c => M_nad_c + M_pi_c,R00118,R00118,1,,chebi,10127,False,True,,0,
BIOMD0000001062,R_NADS1,M_dnad_c + M_atp_c + M_nh4_c => M_amp_c + M_h_c + M_nad_c + M_ppi_c,R00189,R00189,1,,chebi,10127,False,True,,0,
BIOMD0000001062,R_NADTRHD,M_nad_c + M_nadph_c => M_nadh_c + M_nadp_c,R00112,R00112,1,,chebi,10127,False,True,,0,
BIOMD0000001062,R_NAMNPP,M_atp_c + M_h2o_c + M_nac_c + M_prpp_c => M_adp_c + M_nicrnt_c + M_pi_c + M_ppi_c,R01724,R01724,1,,chebi,10127,False,True,,0,
BIOMD0000001062,R_NDP3,M_gdp_c + M_h2o_c => M_gmp_c + M_h_c + M_pi_c,R00328,R00328,1,,chebi,10127,False,True,,0,
BIOMD0000001062,R_NDP7,M_udp_c + M_h2o_c => M_h_c + M_pi_c + M_ump_c,R00155,R00155,1,,chebi,10127,False,True,,0,
BIOMD0000001062,R_NDPK1,M_atp_c + M_gdp_c <=> M_adp_c + M_gtp_c,R00330,R00330,1,,chebi,10127,False,True,,0,
BIOMD0000001062,R_NDPK2,M_atp_c + M_udp_c <=> M_adp_c + M_utp_c,R00156,R00156,1,,chebi,10127,False,True,,0,
BIOMD0000001062,R_NDPK3,M_atp_c + M_cdp_c <=> M_adp_c + M_ctp_c,R00570,R00570,1,,chebi,10127,False,True,,0,
BIOMD0000001062,R_NDPK4,M_dtdp_c + M_atp_c <=> M_adp_c + M_dttp_c,R02093,R02093,1,,chebi,10127,False,True,,0,
BIOMD0000001062,R_NDPK5,M_atp_c + M_dgdp_c <=> M_adp_c + M_dgtp_c,R01857,R01857,1,,chebi,10127,False,True,,0,
BIOMD0000001062,R_NDPK6,M_dudp_c + M_atp_c <=> M_dutp_c + M_adp_c,R02331,R02331,1,,chebi,10127,False,True,,0,
BIOMD0000001062,R_NDPK7,M_atp_c + M_dcdp_c <=> M_dctp_c + M_adp_c,R02326,R02326,1,,chebi,10127,False,True,,0,
BIOMD0000001062,R_NDPK8,M_dadp_c + M_atp_c <=> M_datp_c + M_adp_c,R01137,R01137,1,,chebi,10127,False,True,,0,
BIOMD0000001062,R_NHFRBO,M_h_c + M_nadh_c + 2 M_no_c => M_n2o_c + M_h2o_c + M_nad_c,R02492,R02492,1,,chebi,10127,False,True,,0,
BIOMD0000001062,R_NICRNS,M_nicrns_c + M_atp_c => M_adp_c + M_h_c + M_nicrnt_c,R03347,R03347,1,,chebi,10127,False,True,,0,
BIOMD0000001062,R_NMNAT,M_atp_c + M_h_c + M_nmn_c => M_nad_c + M_ppi_c,R00137,R00137,1,,chebi,10127,False,True,,0,
BIOMD0000001062,R_NMNDA,M_h2o_c + M_nmn_c => M_nh4_c + M_nicrnt_c,R02322,R02322,1,,chebi,10127,False,True,,0,
BIOMD0000001062,R_NMNHYD,M_h2o_c + M_nmn_c => M_pi_c + M_rnam_c,R02323,R02323,1,,chebi,10127,False,True,,0,
BIOMD0000001062,R_NMNR,M_h2o_e + M_nmn_e => M_pi_e + M_rnam_e,R02323,R02323,1,,chebi,10127,False,True,,0,
BIOMD0000001062,R_NNAM,M_h2o_c + M_ncam_c => M_nac_c + M_nh4_c,R01268,R01268,1,,chebi,10127,False,True,,0,
BIOMD0000001062,R_NNATr,M_atp_c + M_h_c + M_nicrnt_c <=> M_dnad_c + M_ppi_c,R03005,R03005,1,,chebi,10127,False,True,,0,
BIOMD0000001062,R_NNDMBRT,M_dmbzid_c + M_nicrnt_c => M_5prdmbz_c + M_h_c + M_nac_c,R04148,R04148,1,,chebi,10127,False,True,,0,
BIOMD0000001062,R_NNDPR,M_quln_c + 2 M_h_c + M_prpp_c => M_nicrnt_c + M_co2_c + M_ppi_c,R03348,R03348,1,,chebi,10127,False,True,,0,
BIOMD0000001062,R_NODOx,M_nadh_c + 2 M_no_c + 2 M_o2_c => M_h_c + M_nad_c + 2 M_no3_c,R05724,R05724,1,,chebi,10127,False,True,,0,
BIOMD0000001062,R_NODOy,2 M_no_c + M_nadph_c + 2 M_o2_c => M_h_c + M_nadp_c + 2 M_no3_c,R05725,R05725,1,,chebi,10127,False,True,,0,
BIOMD0000001062,R_NPHS,M_sbzcoa_c => M_coa_c + M_dhna_c,R04150,R04150,1,,chebi,10127,False,True,,0,
BIOMD0000001062,R_NTD1,M_dump_c + M_h2o_c => M_duri_c + M_pi_c,R02102,R02102,1,,chebi,10127,False,True,,0,
BIOMD0000001062,R_NTD10,M_h2o_c + M_xmp_c => M_pi_c + M_xtsn_c,R02719,R02719,1,,chebi,10127,False,True,,0,
BIOMD0000001062,R_NTD10pp,M_xmp_p + M_h2o_p => M_pi_p + M_xtsn_p,R02719,R02719,1,,chebi,10127,False,True,,0,
BIOMD0000001062,R_NTD11,M_h2o_c + M_imp_c => M_ins_c + M_pi_c,R01126,R01126,1,,chebi,10127,False,True,,0,
BIOMD0000001062,R_NTD11pp,M_imp_p + M_h2o_p => M_ins_p + M_pi_p,R01126,R01126,1,,chebi,10127,False,True,,0,
BIOMD0000001062,R_NTD1pp,M_dump_p + M_h2o_p => M_duri_p + M_pi_p,R02102,R02102,1,,chebi,10127,False,True,,0,
BIOMD0000001062,R_NTD2,M_h2o_c + M_ump_c => M_pi_c + M_uri_c,R00963,R00963,1,,chebi,10127,False,True,,0,
BIOMD0000001062,R_NTD2pp,M_h2o_p + M_ump_p => M_pi_p + M_uri_p,R00963,R00963,1,,chebi,10127,False,True,,0,
BIOMD0000001062,R_NTD3,M_dcmp_c + M_h2o_c => M_dcyt_c + M_pi_c,R01664,R01664,1,,chebi,10127,False,True,,0,
BIOMD0000001062,R_NTD3pp,M_dcmp_p + M_h2o_p => M_dcyt_p + M_pi_p,R01664,R01664,1,,chebi,10127,False,True,,0,
BIOMD0000001062,R_NTD4,M_cmp_c + M_h2o_c => M_cytd_c + M_pi_c,R00511,R00511,1,,chebi,10127,False,True,,0,
BIOMD0000001062,R_NTD4pp,M_cmp_p + M_h2o_p => M_cytd_p + M_pi_p,R00511,R00511,1,,chebi,10127,False,True,,0,
BIOMD0000001062,R_NTD5,M_dtmp_c + M_h2o_c => M_pi_c + M_thymd_c,R01569,R01569,1,,chebi,10127,False,True,,0,
BIOMD0000001062,R_NTD5pp,M_dtmp_p + M_h2o_p => M_pi_p + M_thymd_p,R01569,R01569,1,,chebi,10127,False,True,,0,
BIOMD0000001062,R_NTD6,M_damp_c + M_h2o_c => M_dad_2_c + M_pi_c,R02088,R02088,1,,chebi,10127,False,True,,0,
BIOMD0000001062,R_NTD6pp,M_damp_p + M_h2o_p => M_dad_2_p + M_pi_p,R02088,R02088,1,,chebi,10127,False,True,,0,
BIOMD0000001062,R_NTD7,M_amp_c + M_h2o_c => M_adn_c + M_pi_c,R00183,R00183,1,,chebi,10127,False,True,,0,
BIOMD0000001062,R_NTD7pp,M_amp_p + M_h2o_p => M_adn_p + M_pi_p,R00183,R00183,1,,chebi,10127,False,True,,0,
BIOMD0000001062,R_NTD8,M_dgmp_c + M_h2o_c => M_dgsn_c + M_pi_c,R01968,R01968,1,,chebi,10127,False,True,,0,
BIOMD0000001062,R_NTD8pp,M_dgmp_p + M_h2o_p => M_dgsn_p + M_pi_p,R01968,R01968,1,,chebi,10127,False,True,,0,
BIOMD0000001062,R_NTD9,M_gmp_c + M_h2o_c => M_gsn_c + M_pi_c,R01227,R01227,1,,chebi,10127,False,True,,0,
BIOMD0000001062,R_NTD9pp,M_gmp_p + M_h2o_p => M_gsn_p + M_pi_p,R01227,R01227,1,,chebi,10127,False,True,,0,
BIOMD0000001062,R_NTP1,M_atp_c + M_h2o_c => M_adp_c + M_h_c + M_pi_c,R00086,R00086,1,,chebi,10127,False,True,,0,
BIOMD0000001062,R_NTP10,M_h2o_c + M_itp_c => M_h_c + M_idp_c + M_pi_c,R00719,R00719,1,,chebi,10127,False,True,,0,
BIOMD0000001062,R_NTP3,M_gtp_c + M_h2o_c => M_gdp_c + M_h_c + M_pi_c,R00335,R00335,1,,chebi,10127,False,True,,0,
BIOMD0000001062,R_NTP3pp,M_gtp_p + M_h2o_p => M_gdp_p + M_h_p + M_pi_p,R00335,R00335,1,,chebi,10127,False,True,,0,
BIOMD0000001062,R_NTP5,M_ctp_c + M_h2o_c => M_cdp_c + M_h_c + M_pi_c,R00569,R00569,1,,chebi,10127,False,True,,0,
BIOMD0000001062,R_NTPP1,M_dgtp_c + M_h2o_c => M_dgmp_c + M_h_c + M_ppi_c,R01855,R01855,1,,chebi,10127,False,True,,0,
BIOMD0000001062,R_NTPP10,M_ditp_c + M_h2o_c => M_dimp_c + M_h_c + M_ppi_c,R03531,R03531,1,,chebi,10127,False,True,,0,
BIOMD0000001062,R_NTPP11,M_h2o_c + M_xtp_c => M_h_c + M_ppi_c + M_xmp_c,R02720,R02720,1,,chebi,10127,False,True,,0,
BIOMD0000001062,R_NTPP2,M_gtp_c + M_h2o_c => M_gmp_c + M_h_c + M_ppi_c,R00426,R00426,1,,chebi,10127,False,True,,0,
BIOMD0000001062,R_NTPP3,M_dctp_c + M_h2o_c => M_dcmp_c + M_h_c + M_ppi_c,R01668,R01668,1,,chebi,10127,False,True,,0,
BIOMD0000001062,R_NTPP4,M_ctp_c + M_h2o_c => M_cmp_c + M_h_c + M_ppi_c,R00515,R00515,1,,chebi,10127,False,True,,0,
BIOMD0000001062,R_NTPP6,M_atp_c + M_h2o_c => M_amp_c + M_h_c + M_ppi_c,R00087,R00087,1,,chebi,10127,False,True,,0,
BIOMD0000001062,R_NTPP7,M_dttp_c + M_h2o_c => M_dtmp_c + M_h_c + M_ppi_c,R11323,R11323,1,,chebi,10127,False,True,,0,
BIOMD0000001062,R_NTPP8,M_h2o_c + M_utp_c => M_h_c + M_ppi_c + M_ump_c,R00662,R00662,1,,chebi,10127,False,True,,0,
BIOMD0000001062,R_NTPP9,M_h2o_c + M_itp_c => M_h_c + M_imp_c + M_ppi_c,R00720,R00720,1,,chebi,10127,False,True,,0,
BIOMD0000001062,R_NTPTP1,M_dgtp_c + M_h2o_c => M_dgsn_c + M_pppi_c,R01856,R01856,1,,chebi,10127,False,True,,0,
BIOMD0000001062,R_NTRIR2x,M_no2_c + 5 M_h_c + 3 M_nadh_c => 2 M_h2o_c + 3 M_nad_c + M_nh4_c,R00787,R00787,1,,chebi,10127,False,True,,0,
BIOMD0000001062,R_OAADC,M_h_c + M_oaa_c => M_co2_c + M_pyr_c,R00217,R00217,1,,chebi,10127,False,True,,0,
BIOMD0000001062,R_OBTFL,M_2obut_c + M_coa_c => M_for_c + M_ppcoa_c,R06987,R06987,1,,chebi,10127,False,True,,0,
BIOMD0000001062,R_OCBT,M_cbp_c + M_orn_c <=> M_citr__L_c + M_h_c + M_pi_c,R01398,R01398,1,,chebi,10127,False,True,,0,
BIOMD0000001062,R_OCTDPS,M_frdp_c + 5 M_ipdp_c => M_octdp_c + 5 M_ppi_c,R09248,R09248,1,,chebi,10127,False,True,,0,
BIOMD0000001062,R_OGMEACPD,M_hgmeACP_c => M_egmeACP_c + M_h2o_c,R10117,R10117,1,,chebi,10127,False,True,,0,
BIOMD0000001062,R_OHPBAT,M_ohpb_c + M_glu__L_c <=> M_phthr_c + M_akg_c,R05085,R05085,1,,chebi,10127,False,True,,0,
BIOMD0000001062,R_OHPHM,M_2ohph_c + M_amet_c => M_2omph_c + M_ahcys_c + M_h_c,R04988,R04988,1,,chebi,10127,False,True,,0,
BIOMD0000001062,R_OMCDC,M_3c4mop_c + M_h_c => M_4mop_c + M_co2_c,R01652,R01652,1,,chebi,10127,False,True,,0,
BIOMD0000001062,R_OMPDC,M_orot5p_c + M_h_c => M_co2_c + M_ump_c,R00965,R00965,1,,chebi,10127,False,True,,0,
BIOMD0000001062,R_OPAH,M_5oxpro_c + M_atp_c + 2 M_h2o_c => M_adp_c + M_glu__L_c + M_h_c + M_pi_c,R00251,R00251,1,,chebi,10127,False,True,,0,
BIOMD0000001062,R_OPHBDC,M_3ophb_c + M_h_c => M_2oph_c + M_co2_c,R04986,R04986,1,,chebi,10127,False,True,,0,
BIOMD0000001062,R_OPMEACPD,M_hpmeACP_c => M_epmeACP_c + M_h2o_c,R10121,R10121,1,,chebi,10127,False,True,,0,
BIOMD0000001062,R_ORNDC,M_h_c + M_orn_c => M_co2_c + M_ptrc_c,R00670,R00670,1,,chebi,10127,False,True,,0,
BIOMD0000001062,R_ORPT,M_orot5p_c + M_ppi_c <=> M_orot_c + M_prpp_c,R01870,R01870,1,,chebi,10127,False,True,,0,
BIOMD0000001062,R_OXAMTC,M_oxur_c + M_pi_c => M_oxam_c + M_cbp_c,R02937,R02937,1,,chebi,10127,False,True,,0,
BIOMD0000001062,R_OXCDC,M_oxalcoa_c + M_h_c => M_forcoa_c + M_co2_c,R01908,R01908,1,,chebi,10127,False,True,,0,
BIOMD0000001062,R_OXPTNDH,M_oxptn_c + M_h2o_c + M_nad_c <=> M_glutar_c + 2 M_h_c + M_nadh_c,R02401,R02401,1,,chebi,10127,False,True,,0,
BIOMD0000001062,R_P5CD,M_1pyr5c_c + 2 M_h2o_c + M_nad_c => M_glu__L_c + M_h_c + M_nadh_c,R00707,R00707,1,,chebi,10127,False,True,,0,
BIOMD0000001062,R_P5CR,M_1pyr5c_c + 2 M_h_c + M_nadph_c => M_pro__L_c + M_nadp_c,R01251,R01251,1,,chebi,10127,False,True,,0,
BIOMD0000001062,R_PANTS,M_ala_B_c + M_atp_c + M_pant__R_c => M_amp_c + M_h_c + M_pnto__R_c + M_ppi_c,R02473,R02473,1,,chebi,10127,False,True,,0,
BIOMD0000001062,R_PAPSR,M_paps_c + M_trdrd_c => 2 M_h_c + M_pap_c + M_so3_c + M_trdox_c,R02021,R02021,1,,chebi,10127,False,True,,0,
BIOMD0000001062,R_PCNO,M_nadp_c + M_ppcoa_c <=> M_prpncoa_c + M_h_c + M_nadph_c,R00919,R00919,1,,chebi,10127,False,True,,0,
BIOMD0000001062,R_PDE1,M_camp_c + M_h2o_c => M_amp_c + M_h_c,R00191,R00191,1,,chebi,10127,False,True,,0,
BIOMD0000001062,R_PDH,M_coa_c + M_nad_c + M_pyr_c => M_accoa_c + M_co2_c + M_nadh_c,R00209,R00209,1,,chebi,10127,False,True,,0,
BIOMD0000001062,R_PDHcr,M_dhlam_c + M_nad_c => M_lpam_c + M_h_c + M_nadh_c,R01698,R01698,1,,chebi,10127,False,True,,0,
BIOMD0000001062,R_PDX5POi,M_o2_c + M_pdx5p_c => M_h2o2_c + M_pydx5p_c,R00278,R00278,1,,chebi,10127,False,True,,0,
BIOMD0000001062,R_PDXPP,M_h2o_c + M_pdx5p_c => M_pi_c + M_pydxn_c,R01911,R01911,1,,chebi,10127,False,True,,0,
BIOMD0000001062,R_PERD,M_4per_c + M_nad_c <=> M_h_c + M_nadh_c + M_ohpb_c,R04210,R04210,1,,chebi,10127,False,True,,0,
BIOMD0000001062,R_PFK_2,M_tag6p__D_c + M_atp_c => M_tagdp__D_c + M_adp_c + M_h_c,R03236,R03236,1,,chebi,10127,False,True,,0,
BIOMD0000001062,R_PFK_3,M_s7p_c + M_atp_c => M_s17bp_c + M_adp_c + M_h_c,R01843,R01843,1,,chebi,10127,False,True,,0,
BIOMD0000001062,R_PFL,M_coa_c + M_pyr_c => M_accoa_c + M_for_c,R00212,R00212,1,,chebi,10127,False,True,,0,
BIOMD0000001062,R_PFOR,M_coa_c + M_fldox_c + M_h_c + M_pyr_c => M_accoa_c + M_co2_c + M_fldrd_c,R10866,R10866,1,,chebi,10127,False,True,,0,
BIOMD0000001062,R_PGAMT,M_gam1p_c <=> M_gam6p_c,R02060,R02060,1,,chebi,10127,False,True,,0,
BIOMD0000001062,R_PGCD,M_3pg_c + M_nad_c => M_3php_c + M_h_c + M_nadh_c,R01513,R01513,1,,chebi,10127,False,True,,0,
BIOMD0000001062,R_PGK,M_3pg_c + M_atp_c <=> M_13dpg_c + M_adp_c,R01512,R01512,1,,chebi,10127,False,True,,0,
BIOMD0000001062,R_PGL,M_6pgl_c + M_h2o_c => M_6pgc_c + M_h_c,R02035,R02035,1,,chebi,10127,False,True,,0,
BIOMD0000001062,R_PGLYCP,M_2pglyc_c + M_h2o_c => M_glyclt_c + M_pi_c,R01334,R01334,1,,chebi,10127,False,True,,0,
BIOMD0000001062,R_PGM,M_2pg_c <=> M_3pg_c,R01518,R01518,1,,chebi,10127,False,True,,0,
BIOMD0000001062,R_PGMT,M_g1p_c <=> M_g6p_c,R08639,R08639,1,,chebi,10127,False,True,,0,
BIOMD0000001062,R_PHETA1,M_phe__L_c + M_akg_c <=> M_glu__L_c + M_phpyr_c,R00694,R00694,1,,chebi,10127,False,True,,0,
BIOMD0000001062,R_PMANM,M_man1p_c <=> M_man6p_c,R01818,R01818,1,,chebi,10127,False,True,,0,
BIOMD0000001062,R_PMDPHT,M_5aprbu_c + M_h2o_c => M_4r5au_c + M_pi_c,R07280,R07280,1,,chebi,10127,False,True,,0,
BIOMD0000001062,R_PMEACPE,M_h2o_c + M_pmeACP_c => M_meoh_c + M_pimACP_c,R09725,R09725,1,,chebi,10127,False,True,,0,
BIOMD0000001062,R_PNTK,M_pnto__R_c + M_atp_c => M_4ppan_c + M_adp_c + M_h_c,R03018,R03018,1,,chebi,10127,False,True,,0,
BIOMD0000001062,R_PPA,M_h2o_c + M_ppi_c => M_h_c + 2 M_pi_c,R00004,R00004,1,,chebi,10127,False,True,,0,
BIOMD0000001062,R_PPA2,M_h2o_c + M_pppi_c => M_h_c + M_pi_c + M_ppi_c,R00138,R00138,1,,chebi,10127,False,True,,0,
BIOMD0000001062,R_PPBNGS,2 M_5aop_c => M_ppbng_c + 2 M_h2o_c + M_h_c,R00036,R00036,1,,chebi,10127,False,True,,0,
BIOMD0000001062,R_PPC,M_co2_c + M_h2o_c + M_pep_c => M_h_c + M_oaa_c + M_pi_c,R00345,R00345,1,,chebi,10127,False,True,,0,
BIOMD0000001062,R_PPCDC,M_4ppcys_c + M_h_c => M_pan4p_c + M_co2_c,R03269,R03269,1,,chebi,10127,False,True,,0,
BIOMD0000001062,R_PPCK,M_atp_c + M_oaa_c => M_pep_c + M_adp_c + M_co2_c,R00341,R00341,1,,chebi,10127,False,True,,0,
BIOMD0000001062,R_PPGPPDP,M_ppgpp_c + M_h2o_c => M_gdp_c + M_ppi_c,R00336,R00336,1,,chebi,10127,False,True,,0,
BIOMD0000001062,R_PPM2,M_2dr1p_c <=> M_2dr5p_c,R02749,R02749,1,,chebi,10127,False,True,,0,
BIOMD0000001062,R_PPNCL2,M_4ppan_c + M_ctp_c + M_cys__L_c => M_4ppcys_c + M_cmp_c + M_h_c + M_ppi_c,R04231,R04231,1,,chebi,10127,False,True,,0,
BIOMD0000001062,R_PPND,M_nad_c + M_pphn_c => M_34hpp_c + M_co2_c + M_nadh_c,R01728,R01728,1,,chebi,10127,False,True,,0,
BIOMD0000001062,R_PPNDH,M_h_c + M_pphn_c => M_phpyr_c + M_co2_c + M_h2o_c,R01373,R01373,1,,chebi,10127,False,True,,0,
BIOMD0000001062,R_PPS,M_atp_c + M_h2o_c + M_pyr_c => M_amp_c + 2 M_h_c + M_pep_c + M_pi_c,R00199,R00199,1,,chebi,10127,False,True,,0,
BIOMD0000001062,R_PRAGSr,M_atp_c + M_gly_c + M_pram_c <=> M_adp_c + M_gar_c + M_h_c + M_pi_c,R04144,R04144,1,,chebi,10127,False,True,,0,
BIOMD0000001062,R_PRAIi,M_pran_c => M_2cpr5p_c,R03509,R03509,1,,chebi,10127,False,True,,0,
BIOMD0000001062,R_PRAMPC,M_h2o_c + M_prbamp_c => M_prfp_c,R04037,R04037,1,,chebi,10127,False,True,,0,
BIOMD0000001062,R_PRASCSi,M_5aizc_c + M_asp__L_c + M_atp_c => M_25aics_c + M_adp_c + M_h_c + M_pi_c,R04591,R04591,1,,chebi,10127,False,True,,0,
BIOMD0000001062,R_PRASCSi_copy1,M_5aizc_c + M_asp__L_c + M_atp_c => M_25aics_c + M_adp_c + M_h_c + M_pi_c,R04591,R04591,1,,chebi,10127,False,True,,0,
BIOMD0000001062,R_PRASCSi_copy2,M_5aizc_c + M_asp__L_c + M_atp_c <=> M_25aics_c + M_adp_c + M_h_c + M_pi_c,R04591,R04591,1,,chebi,10127,False,True,,0,
BIOMD0000001062,R_PRATPP,M_h2o_c + M_prbatp_c => M_prbamp_c + M_h_c + M_ppi_c,R04035,R04035,1,,chebi,10127,False,True,,0,
BIOMD0000001062,R_PRMICI,M_prfp_c <=> M_prlp_c,R04640,R04640,1,,chebi,10127,False,True,,0,
BIOMD0000001062,R_PROD2,M_fad_c + M_pro__L_c => M_1pyr5c_c + M_fadh2_c + M_h_c,R10507,R10507,1,,chebi,10127,False,True,,0,
BIOMD0000001062,R_PROTRS,M_trnapro_c + M_atp_c + M_pro__L_c => M_protrna_c + M_amp_c + M_ppi_c,R03661,R03661,1,,chebi,10127,False,True,,0,
BIOMD0000001062,R_PSCVT,M_skm5p_c + M_pep_c <=> M_3psme_c + M_pi_c,R03460,R03460,1,,chebi,10127,False,True,,0,
BIOMD0000001062,R_PSERT,M_3php_c + M_glu__L_c => M_pser__L_c + M_akg_c,R04173,R04173,1,,chebi,10127,False,True,,0,
BIOMD0000001062,R_PSP_L,M_h2o_c + M_pser__L_c => M_pi_c + M_ser__L_c,R00582,R00582,1,,chebi,10127,False,True,,0,
BIOMD0000001062,R_PSP_Lpp,M_h2o_p + M_pser__L_p => M_pi_p + M_ser__L_p,R00582,R00582,1,,chebi,10127,False,True,,0,
BIOMD0000001062,R_PTA2,M_pi_c + M_ppcoa_c => M_ppap_c + M_coa_c,R00921,R00921,1,,chebi,10127,False,True,,0,
BIOMD0000001062,R_PTAr,M_accoa_c + M_pi_c <=> M_actp_c + M_coa_c,R00230,R00230,1,,chebi,10127,False,True,,0,
BIOMD0000001062,R_PTPATi,M_atp_c + M_h_c + M_pan4p_c => M_dpcoa_c + M_ppi_c,R03035,R03035,1,,chebi,10127,False,True,,0,
BIOMD0000001062,R_PTRCTA,M_ptrc_c + M_akg_c => M_4abutn_c + M_glu__L_c,R01155,R01155,1,,chebi,10127,False,True,,0,
BIOMD0000001062,R_PUNP1,M_adn_c + M_pi_c <=> M_ade_c + M_r1p_c,R01561,R01561,1,,chebi,10127,False,True,,0,
BIOMD0000001062,R_PUNP2,M_dad_2_c + M_pi_c <=> M_2dr1p_c + M_ade_c,R02557,R02557,1,,chebi,10127,False,True,,0,
BIOMD0000001062,R_PUNP3,M_gsn_c + M_pi_c <=> M_gua_c + M_r1p_c,R02147,R02147,1,,chebi,10127,False,True,,0,
BIOMD0000001062,R_PUNP4,M_dgsn_c + M_pi_c <=> M_2dr1p_c + M_gua_c,R01969,R01969,1,,chebi,10127,False,True,,0,
BIOMD0000001062,R_PUNP5,M_ins_c + M_pi_c <=> M_hxan_c + M_r1p_c,R01863,R01863,1,,chebi,10127,False,True,,0,
BIOMD0000001062,R_PUNP6,M_din_c + M_pi_c <=> M_2dr1p_c + M_hxan_c,R02748,R02748,1,,chebi,10127,False,True,,0,
BIOMD0000001062,R_PUNP7,M_xtsn_c + M_pi_c <=> M_r1p_c + M_xan_c,R02297,R02297,1,,chebi,10127,False,True,,0,
BIOMD0000001062,R_PYAM5PO,M_h2o_c + M_o2_c + M_pyam5p_c => M_h2o2_c + M_nh4_c + M_pydx5p_c,R00277,R00277,1,,chebi,10127,False,True,,0,
BIOMD0000001062,R_PYDAMK,M_atp_c + M_pydam_c => M_adp_c + M_h_c + M_pyam5p_c,R02493,R02493,1,,chebi,10127,False,True,,0,
BIOMD0000001062,R_PYDXK,M_atp_c + M_pydx_c => M_adp_c + M_h_c + M_pydx5p_c,R00174,R00174,1,,chebi,10127,False,True,,0,
BIOMD0000001062,R_PYDXNK,M_pydxn_c + M_atp_c => M_pdx5p_c + M_adp_c + M_h_c,R01909,R01909,1,,chebi,10127,False,True,,0,
BIOMD0000001062,R_PYDXOR,M_h_c + M_nadph_c + M_pydx_c <=> M_nadp_c + M_pydxn_c,R01708,R01708,1,,chebi,10127,False,True,,0,
BIOMD0000001062,R_PYDXPP,M_h2o_c + M_pydx5p_c => M_pydx_c + M_pi_c,R00173,R00173,1,,chebi,10127,False,True,,0,
BIOMD0000001062,R_PYK,M_adp_c + M_h_c + M_pep_c => M_atp_c + M_pyr_c,R00200,R00200,1,,chebi,10127,False,True,,0,
BIOMD0000001062,R_PYK2,M_h_c + M_pep_c + M_udp_c => M_pyr_c + M_utp_c,R00659,R00659,1,,chebi,10127,False,True,,0,
BIOMD0000001062,R_PYK3,M_gdp_c + M_h_c + M_pep_c => M_gtp_c + M_pyr_c,R00430,R00430,1,,chebi,10127,False,True,,0,
BIOMD0000001062,R_PYK4,M_cdp_c + M_h_c + M_pep_c => M_ctp_c + M_pyr_c,R00572,R00572,1,,chebi,10127,False,True,,0,
BIOMD0000001062,R_PYNP2r,M_pi_c + M_uri_c <=> M_r1p_c + M_ura_c,R01876,R01876,1,,chebi,10127,False,True,,0,
BIOMD0000001062,R_Q23DO,M_quc_c + M_o2_c => M_2pcpgc_c + M_co_c,R02156,R02156,1,,chebi,10127,False,True,,0,
BIOMD0000001062,R_QUINDH,M_nad_c + M_quin_c => M_3dhq_c + 2 M_h_c + M_nadh_c,R01872,R01872,1,,chebi,10127,False,True,,0,
BIOMD0000001062,R_QULNS,M_dhap_c + M_iasp_c => 2 M_h2o_c + M_pi_c + M_quln_c,R04292,R04292,1,,chebi,10127,False,True,,0,
BIOMD0000001062,R_R15BPK,M_atp_c + M_r15bp_c => M_adp_c + M_prpp_c,R06836,R06836,1,,chebi,10127,False,True,,0,
BIOMD0000001062,R_RBFK,M_ribflv_c + M_atp_c => M_fmn_c + M_adp_c + M_h_c,R00549,R00549,1,,chebi,10127,False,True,,0,
BIOMD0000001062,R_RBFSa,M_4r5au_c + M_db4p_c => M_dmlz_c + 2 M_h2o_c + M_pi_c,R04457,R04457,1,,chebi,10127,False,True,,0,
BIOMD0000001062,R_RBFSb,2 M_dmlz_c => M_4r5au_c + M_ribflv_c,R00066,R00066,1,,chebi,10127,False,True,,0,
BIOMD0000001062,R_RBK_L1,M_rbl__L_c + M_atp_c => M_ru5p__L_c + M_adp_c + M_h_c,R02439,R02439,1,,chebi,10127,False,True,,0,
BIOMD0000001062,R_RBP4E,M_ru5p__L_c <=> M_xu5p__D_c,R05850,R05850,1,,chebi,10127,False,True,,0,
BIOMD0000001062,R_RHCCE,M_rhcys_c => M_dhptd_c + M_hcys__L_c,R01291,R01291,1,,chebi,10127,False,True,,0,
BIOMD0000001062,R_RMI,M_rmn_c <=> M_rml_c,R02437,R02437,1,,chebi,10127,False,True,,0,
BIOMD0000001062,R_RMK,M_atp_c + M_rml_c => M_adp_c + M_h_c + M_rml1p_c,R03014,R03014,1,,chebi,10127,False,True,,0,
BIOMD0000001062,R_RMPA,M_rml1p_c <=> M_dhap_c + M_lald__L_c,R02263,R02263,1,,chebi,10127,False,True,,0,
BIOMD0000001062,R_RNDR1,M_trdrd_c + M_adp_c => M_trdox_c + M_dadp_c + M_h2o_c,R02017,R02017,1,,chebi,10127,False,True,,0,
BIOMD0000001062,R_RNDR2,M_gdp_c + M_trdrd_c => M_dgdp_c + M_h2o_c + M_trdox_c,R02019,R02019,1,,chebi,10127,False,True,,0,
BIOMD0000001062,R_RNDR3,M_cdp_c + M_trdrd_c => M_dcdp_c + M_h2o_c + M_trdox_c,R02024,R02024,1,,chebi,10127,False,True,,0,
BIOMD0000001062,R_RNDR4,M_trdrd_c + M_udp_c => M_dudp_c + M_h2o_c + M_trdox_c,R02018,R02018,1,,chebi,10127,False,True,,0,
BIOMD0000001062,R_RNMK,M_atp_c + M_rnam_c => M_adp_c + M_h_c + M_nmn_c,R02324,R02324,1,,chebi,10127,False,True,,0,
BIOMD0000001062,R_RPE,M_ru5p__D_c <=> M_xu5p__D_c,R01529,R01529,1,,chebi,10127,False,True,,0,
BIOMD0000001062,R_RZ5PP,M_5prdmbz_c + M_h2o_c => M_rdmbzi_c + M_pi_c,R04594,R04594,1,,chebi,10127,False,True,,0,
BIOMD0000001062,R_S7PI,M_s7p_c => M_gmhep7p_c,R05645;R09768,R05645,2,,chebi,10127,False,True,,0,
BIOMD0000001062,R_SADH,2 M_h2o_c + 2 M_h_c + M_sucarg_c => M_co2_c + 2 M_nh4_c + M_sucorn_c,R04189,R04189,1,,chebi,10127,False,True,,0,
BIOMD0000001062,R_SALSYN,M_ichor_c => M_salc_c + M_pyr_c,R06602,R06602,1,,chebi,10127,False,True,,0,
BIOMD0000001062,R_SARCOX,M_sarcs_c + M_h2o_c + M_o2_c => M_fald_c + M_gly_c + M_h2o2_c,R00610,R00610,1,,chebi,10127,False,True,,0,
BIOMD0000001062,R_SBTD_D2,M_sbt__D_c + M_nad_c <=> M_fru_c + M_h_c + M_nadh_c,R00875,R00875,1,,chebi,10127,False,True,,0,
BIOMD0000001062,R_SBTPD,M_sbt6p_c + M_nad_c <=> M_f6p_c + M_h_c + M_nadh_c,R05607,R05607,1,,chebi,10127,False,True,,0,
BIOMD0000001062,R_SDPDS,M_sl26da_c + M_h2o_c => M_26dap_LL_c + M_succ_c,R02734,R02734,1,,chebi,10127,False,True,,0,
BIOMD0000001062,R_SDPTA,M_akg_c + M_sl26da_c <=> M_sl2a6o_c + M_glu__L_c,R04475,R04475,1,,chebi,10127,False,True,,0,
BIOMD0000001062,R_SELCYSS,M_sertrna_sec_c + M_selnp_c => M_sectrna_c + M_h_c + M_pi_c,R08219,R08219,1,,chebi,10127,False,True,,0,
BIOMD0000001062,R_SELGTHR,M_slnt_c + 4 M_gthrd_c + 2 M_h_c => M_dgslnt_c + M_gthox_c + 3 M_h2o_c,R09367,R09367,1,,chebi,10127,False,True,,0,
BIOMD0000001062,R_SELNPS,M_seln_c + M_atp_c + M_h2o_c => M_selnp_c + M_amp_c + M_pi_c,R03595,R03595,1,,chebi,10127,False,True,,0,
BIOMD0000001062,R_SEPHCHCS,M_akg_c + M_h_c + M_ichor_c => M_2sephchc_c + M_co2_c,R08165,R08165,1,,chebi,10127,False,True,,0,
BIOMD0000001062,R_SERAT,M_accoa_c + M_ser__L_c <=> M_acser_c + M_coa_c,R00586,R00586,1,,chebi,10127,False,True,,0,
BIOMD0000001062,R_SERD_D,M_ser__D_c => M_nh4_c + M_pyr_c,R00221,R00221,1,,chebi,10127,False,True,,0,
BIOMD0000001062,R_SERD_L,M_ser__L_c => M_nh4_c + M_pyr_c,R00220;R00223,R00220,2,,chebi,10127,False,True,,0,
BIOMD0000001062,R_SERTRS,M_trnaser_c + M_atp_c + M_ser__L_c => M_sertrna_c + M_amp_c + M_ppi_c,R03662,R03662,1,,chebi,10127,False,True,,0,
BIOMD0000001062,R_SFGTHi,M_Sfglutth_c + M_h2o_c => M_for_c + M_gthrd_c + M_h_c,R00527,R00527,1,,chebi,10127,False,True,,0,
BIOMD0000001062,R_SGDS,M_sucglu_c + M_h2o_c => M_glu__L_c + M_succ_c,R00411,R00411,1,,chebi,10127,False,True,,0,
BIOMD0000001062,R_SGSAD,M_h2o_c + M_nad_c + M_sucgsa_c => 2 M_h_c + M_nadh_c + M_sucglu_c,R05049,R05049,1,,chebi,10127,False,True,,0,
BIOMD0000001062,R_SHCHCS3,M_2sephchc_c => M_2shchc_c + M_pyr_c,R08166,R08166,1,,chebi,10127,False,True,,0,
BIOMD0000001062,R_SHCHD2,M_dscl_c + M_nad_c => M_scl_c + M_h_c + M_nadh_c,R03947,R03947,1,,chebi,10127,False,True,,0,
BIOMD0000001062,R_SHCHF,M_fe2_c + M_scl_c => M_sheme_c + 3 M_h_c,R02864,R02864,1,,chebi,10127,False,True,,0,
BIOMD0000001062,R_SHK3Dr,M_3dhsk_c + M_nadph_c + M_h_c <=> M_nadp_c + M_skm_c,R02413,R02413,1,,chebi,10127,False,True,,0,
BIOMD0000001062,R_SHKK,M_atp_c + M_skm_c => M_adp_c + M_h_c + M_skm5p_c,R02412,R02412,1,,chebi,10127,False,True,,0,
BIOMD0000001062,R_SHSL1,M_cys__L_c + M_suchms_c => M_cyst__L_c + M_h_c + M_succ_c,R03260,R03260,1,,chebi,10127,False,True,,0,
BIOMD0000001062,R_SLCYSS,M_acser_c + M_tsul_c => M_ac_c + M_scys__L_c,R03132,R03132,1,,chebi,10127,False,True,,0,
BIOMD0000001062,R_SOTA,M_sucorn_c + M_akg_c => M_sucgsa_c + M_glu__L_c,R04217,R04217,1,,chebi,10127,False,True,,0,
BIOMD0000001062,R_SPMS,M_ametam_c + M_ptrc_c => M_5mta_c + M_spmd_c + M_h_c,R01920,R01920,1,,chebi,10127,False,True,,0,
BIOMD0000001062,R_SPODM,2 M_o2s_c + 2 M_h_c => M_h2o2_c + M_o2_c,R00275,R00275,1,,chebi,10127,False,True,,0,
BIOMD0000001062,R_SPODMpp,2 M_o2s_p + 2 M_h_p => M_h2o2_p + M_o2_p,R00275,R00275,1,,chebi,10127,False,True,,0,
BIOMD0000001062,R_SSALx,M_h2o_c + M_nad_c + M_sucsal_c => 2 M_h_c + M_nadh_c + M_succ_c,R00713,R00713,1,,chebi,10127,False,True,,0,
BIOMD0000001062,R_SSALy,M_h2o_c + M_nadp_c + M_sucsal_c => 2 M_h_c + M_nadph_c + M_succ_c,R00714,R00714,1,,chebi,10127,False,True,,0,
BIOMD0000001062,R_SUCBZL,M_atp_c + M_coa_c + M_sucbz_c => M_sbzcoa_c + M_amp_c + M_ppi_c,R04030,R04030,1,,chebi,10127,False,True,,0,
BIOMD0000001062,R_SUCBZS,M_2shchc_c => M_sucbz_c + M_h2o_c,R04031,R04031,1,,chebi,10127,False,True,,0,
BIOMD0000001062,R_SUCOAS,M_atp_c + M_coa_c + M_succ_c <=> M_adp_c + M_pi_c + M_succoa_c,R00405,R00405,1,,chebi,10127,False,True,,0,
BIOMD0000001062,R_SUCOAS2,M_atp_c + M_coa_c + M_succ_c <=> M_adp_c + M_pi_c + M_succoa_c,R00405,R00405,1,,chebi,10127,False,True,,0,
BIOMD0000001062,R_SULR,5 M_h_c + 3 M_nadph_c + M_so3_c => 3 M_h2o_c + M_h2s_c + 3 M_nadp_c,R00858,R00858,1,,chebi,10127,False,True,,0,
BIOMD0000001062,R_TAGURr,M_altrn_c + M_nad_c <=> M_tagur_c + M_h_c + M_nadh_c,R02555,R02555,1,,chebi,10127,False,True,,0,
BIOMD0000001062,R_TALA,M_g3p_c + M_s7p_c <=> M_e4p_c + M_f6p_c,R01827,R01827,1,,chebi,10127,False,True,,0,
BIOMD0000001062,R_TARTD,M_tartr__L_c => M_h2o_c + M_oaa_c,R00339,R00339,1,,chebi,10127,False,True,,0,
BIOMD0000001062,R_TAUDO,M_taur_c + M_akg_c + M_o2_c => M_aacald_c + M_co2_c + M_h_c + M_so3_c + M_succ_c,R05320,R05320,1,,chebi,10127,False,True,,0,
BIOMD0000001062,R_TDP,M_h2o_c + M_thmpp_c => M_h_c + M_pi_c + M_thmmp_c,R00615,R00615,1,,chebi,10127,False,True,,0,
BIOMD0000001062,R_TDPADGAT,M_dtdp4addg_c + M_accoa_c => M_dtdp4aaddg_c + M_coa_c + M_h_c,R10142,R10142,1,,chebi,10127,False,True,,0,
BIOMD0000001062,R_TDPAGTA,M_dtdp4d6dg_c + M_glu__L_c => M_akg_c + M_dtdp4addg_c,R04438,R04438,1,,chebi,10127,False,True,,0,
BIOMD0000001062,R_TDPGDH,M_dtdpglu_c => M_dtdp4d6dg_c + M_h2o_c,R06513,R06513,1,,chebi,10127,False,True,,0,
BIOMD0000001062,R_TDSK,M_atp_c + M_lipidAds_c => M_adp_c + M_h_c + M_lipidA_c,R04657,R04657,1,,chebi,10127,False,True,,0,
BIOMD0000001062,R_TGBPA,M_tagdp__D_c <=> M_dhap_c + M_g3p_c,R01069,R01069,1,,chebi,10127,False,True,,0,
BIOMD0000001062,R_THDPS,M_h2o_c + M_succoa_c + M_thdp_c => M_coa_c + M_sl2a6o_c,R04365,R04365,1,,chebi,10127,False,True,,0,
BIOMD0000001062,R_THFAT,M_h2o_c + M_methf_c => M_5fthf_c + M_h_c,R02300,R02300,1,,chebi,10127,False,True,,0,
BIOMD0000001062,R_THRA,M_thr__L_c => M_acald_c + M_gly_c,R00751,R00751,1,,chebi,10127,False,True,,0,
BIOMD0000001062,R_THRD,M_thr__L_c + M_nad_c => M_2aobut_c + M_h_c + M_nadh_c,R01465,R01465,1,,chebi,10127,False,True,,0,
BIOMD0000001062,R_THRD_L,M_thr__L_c => M_2obut_c + M_nh4_c,R00996,R00996,1,,chebi,10127,False,True,,0,
BIOMD0000001062,R_THRS,M_h2o_c + M_phom_c => M_pi_c + M_thr__L_c,R01466,R01466,1,,chebi,10127,False,True,,0,
BIOMD0000001062,R_THRTRS,M_trnathr_c + M_atp_c + M_thr__L_c => M_thrtrna_c + M_amp_c + M_ppi_c,R03663,R03663,1,,chebi,10127,False,True,,0,
BIOMD0000001062,R_TKT2,M_e4p_c + M_xu5p__D_c <=> M_f6p_c + M_g3p_c,R01830,R01830,1,,chebi,10127,False,True,,0,
BIOMD0000001062,R_TMDK1,M_atp_c + M_thymd_c => M_adp_c + M_dtmp_c + M_h_c,R01567,R01567,1,,chebi,10127,False,True,,0,
BIOMD0000001062,R_TMDPP,M_thymd_c + M_pi_c <=> M_thym_c + M_2dr1p_c,R01570,R01570,1,,chebi,10127,False,True,,0,
BIOMD0000001062,R_TMDS,M_dump_c + M_mlthf_c => M_dhf_c + M_dtmp_c,R02101,R02101,1,,chebi,10127,False,True,,0,
BIOMD0000001062,R_TMPK,M_atp_c + M_thmmp_c => M_thmpp_c + M_adp_c,R00617,R00617,1,,chebi,10127,False,True,,0,
BIOMD0000001062,R_TMPPP,M_2mahmp_c + M_4mpetz_c + M_h_c => M_thmmp_c + M_ppi_c,R03223,R03223,1,,chebi,10127,False,True,,0,
BIOMD0000001062,R_TPI,M_dhap_c <=> M_g3p_c,R01015,R01015,1,,chebi,10127,False,True,,0,
BIOMD0000001062,R_TPRDCOAS,M_atp_c + M_dpcoa_c => M_2tpr3dpcoa_c + M_ade_c,R09675,R09675,1,,chebi,10127,False,True,,0,
BIOMD0000001062,R_TRDR,M_h_c + M_nadph_c + M_trdox_c => M_nadp_c + M_trdrd_c,R02016,R02016,1,,chebi,10127,False,True,,0,
BIOMD0000001062,R_TRE6PH,M_tre6p_c + M_h2o_c => M_g6p_c + M_glc__D_c,R00837;R06113,R00837,2,,chebi,10127,False,True,,0,
BIOMD0000001062,R_TRE6PP,M_h2o_c + M_tre6p_c => M_tre_c + M_pi_c,R02778;R06228,R02778,2,,chebi,10127,False,True,,0,
BIOMD0000001062,R_TRE6PS,M_g6p_c + M_udpg_c => M_h_c + M_tre6p_c + M_udp_c,R00836;R06043,R00836,2,,chebi,10127,False,True,,0,
BIOMD0000001062,R_TREH,M_h2o_c + M_tre_c => 2 M_glc__D_c,R00010;R06103,R00010,2,,chebi,10127,False,True,,0,
BIOMD0000001062,R_TREHpp,M_h2o_p + M_tre_p => 2 M_glc__D_p,R00010;R06103,R00010,2,,chebi,10127,False,True,,0,
BIOMD0000001062,R_TRPAS2,M_trp__L_c + M_h2o_c <=> M_indole_c + M_nh4_c + M_pyr_c,R00673,R00673,1,,chebi,10127,False,True,,0,
BIOMD0000001062,R_TRPS1,M_3ig3p_c + M_ser__L_c => M_g3p_c + M_h2o_c + M_trp__L_c,R02722,R02722,1,,chebi,10127,False,True,,0,
BIOMD0000001062,R_TRPS2,M_ser__L_c + M_indole_c => M_h2o_c + M_trp__L_c,R00674,R00674,1,,chebi,10127,False,True,,0,
BIOMD0000001062,R_TRPS3,M_3ig3p_c => M_g3p_c + M_indole_c,R02340,R02340,1,,chebi,10127,False,True,,0,
BIOMD0000001062,R_TRPTA,M_akg_c + M_trp__L_c <=> M_indpyr_c + M_glu__L_c,R00684,R00684,1,,chebi,10127,False,True,,0,
BIOMD0000001062,R_TRPTRS,M_trnatrp_c + M_atp_c + M_trp__L_c => M_trptrna_c + M_amp_c + M_ppi_c,R03664,R03664,1,,chebi,10127,False,True,,0,
BIOMD0000001062,R_TRSARr,M_2h3oppan_c + M_h_c + M_nadh_c <=> M_glyc__R_c + M_nad_c,R01745,R01745,1,,chebi,10127,False,True,,0,
BIOMD0000001062,R_TYRTA,M_akg_c + M_tyr__L_c <=> M_34hpp_c + M_glu__L_c,R00734,R00734,1,,chebi,10127,False,True,,0,
BIOMD0000001062,R_TYRTRS,M_trnatyr_c + M_atp_c + M_tyr__L_c => M_tyrtrna_c + M_amp_c + M_ppi_c,R02918,R02918,1,,chebi,10127,False,True,,0,
BIOMD0000001062,R_U23GAAT,M_3hmrsACP_c + M_u3hga_c => M_ACP_c + M_h_c + M_u23ga_c,R04550,R04550,1,,chebi,10127,False,True,,0,
BIOMD0000001062,R_UACMAMO,M_h2o_c + 2 M_nad_c + M_uacmam_c => M_uacmamu_c + 3 M_h_c + 2 M_nadh_c,R03317,R03317,1,,chebi,10127,False,True,,0,
BIOMD0000001062,R_UAG2E,M_uacgam_c <=> M_uacmam_c,R00420,R00420,1,,chebi,10127,False,True,,0,
BIOMD0000001062,R_UAG4Ei_copy1,M_uacgam_c => M_udpacgal_c,R00418,R00418,1,,chebi,10127,False,True,,0,
BIOMD0000001062,R_UAG4Ei_copy2,M_uacgam_c => M_udpacgal_c,R00418,R00418,1,,chebi,10127,False,True,,0,
BIOMD0000001062,R_UAGAAT,M_3hmrsACP_c + M_uacgam_c <=> M_ACP_c + M_u3aga_c,R04567,R04567,1,,chebi,10127,False,True,,0,
BIOMD0000001062,R_UAGCVT,M_pep_c + M_uacgam_c => M_uaccg_c + M_pi_c,R00660,R00660,1,,chebi,10127,False,True,,0,
BIOMD0000001062,R_UAGPT3,M_uacgam_c + M_uagmda_c => M_uaagmda_c + M_h_c + M_udp_c,R05032;R06174,R05032,2,,chebi,10127,False,True,,0,
BIOMD0000001062,R_UAMAGS,M_atp_c + M_glu__D_c + M_uama_c => M_adp_c + M_h_c + M_pi_c + M_uamag_c,R02783,R02783,1,,chebi,10127,False,True,,0,
BIOMD0000001062,R_UAMAS,M_ala__L_c + M_atp_c + M_uamr_c => M_uama_c + M_adp_c + M_h_c + M_pi_c,R03193,R03193,1,,chebi,10127,False,True,,0,
BIOMD0000001062,R_UAPGR,M_h_c + M_nadph_c + M_uaccg_c => M_uamr_c + M_nadp_c,R03192,R03192,1,,chebi,10127,False,True,,0,
BIOMD0000001062,R_UDPG4E,M_udpg_c <=> M_udpgal_c,R00291,R00291,1,,chebi,10127,False,True,,0,
BIOMD0000001062,R_UDPGD,M_h2o_c + 2 M_nad_c + M_udpg_c => M_udpglcur_c + 3 M_h_c + 2 M_nadh_c,R00286,R00286,1,,chebi,10127,False,True,,0,
BIOMD0000001062,R_UDPGDC,M_nad_c + M_udpglcur_c => M_udpLa4o_c + M_co2_c + M_nadh_c,R07658,R07658,1,,chebi,10127,False,True,,0,
BIOMD0000001062,R_UDPGPpp,M_h2o_p + M_udpg_p => M_g1p_p + 2 M_h_p + M_ump_p,R00287,R00287,1,,chebi,10127,False,True,,0,
BIOMD0000001062,R_UDPKAAT,M_glu__L_c + M_udpLa4o_c <=> M_udpLa4n_c + M_akg_c,R07659,R07659,1,,chebi,10127,False,True,,0,
BIOMD0000001062,R_UGLT,M_gal1p_c + M_udpg_c <=> M_udpgal_c + M_g1p_c,R00955,R00955,1,,chebi,10127,False,True,,0,
BIOMD0000001062,R_UGLYCH,M_urdglyc_c + M_h2o_c + 2 M_h_c => M_co2_c + M_glx_c + 2 M_nh4_c,R00469,R00469,1,,chebi,10127,False,True,,0,
BIOMD0000001062,R_UHGADA,M_u3aga_c + M_h2o_c => M_ac_c + M_u3hga_c,R04587,R04587,1,,chebi,10127,False,True,,0,
BIOMD0000001062,R_ULA4NFT,M_10fthf_c + M_udpLa4n_c => M_udpLa4fn_c + M_h_c + M_thf_c,R07660,R07660,1,,chebi,10127,False,True,,0,
BIOMD0000001062,R_UMPK,M_atp_c + M_ump_c <=> M_adp_c + M_udp_c,R00158,R00158,1,,chebi,10127,False,True,,0,
BIOMD0000001062,R_UNK3,M_2kmb_c + M_glu__L_c => M_akg_c + M_met__L_c,R07396,R07396,1,,chebi,10127,False,True,,0,
BIOMD0000001062,R_UPP3MT,2 M_amet_c + M_uppg3_c => 2 M_ahcys_c + M_dscl_c + M_h_c,R03194,R03194,1,,chebi,10127,False,True,,0,
BIOMD0000001062,R_UPP3S,M_hmbil_c => M_uppg3_c + M_h2o_c,R03165,R03165,1,,chebi,10127,False,True,,0,
BIOMD0000001062,R_UPPDC1,4 M_h_c + M_uppg3_c => 4 M_co2_c + M_cpppg3_c,R03197,R03197,1,,chebi,10127,False,True,,0,
BIOMD0000001062,R_UPPRT,M_prpp_c + M_ura_c => M_ppi_c + M_ump_c,R00966,R00966,1,,chebi,10127,False,True,,0,
BIOMD0000001062,R_URACPAH,M_uracp_c + M_h2o_c => M_poaac_c + M_cbm_c + M_h_c,R09947,R09947,1,,chebi,10127,False,True,,0,
BIOMD0000001062,R_URCN,M_urcan_c + M_h2o_c => M_4izp_c,R02914,R02914,1,,chebi,10127,False,True,,0,
BIOMD0000001062,R_URDGLYCD,M_nad_c + M_urdglyc_c => M_oxur_c + M_h_c + M_nadh_c,R02935,R02935,1,,chebi,10127,False,True,,0,
BIOMD0000001062,R_URFGTT,M_2ombz_c + M_amet_c => M_2ommb_c + M_ahcys_c + M_h_c,R04990,R04990,1,,chebi,10127,False,True,,0,
BIOMD0000001062,R_URIDK2r,M_atp_c + M_dump_c <=> M_adp_c + M_dudp_c,R02098,R02098,1,,chebi,10127,False,True,,0,
BIOMD0000001062,R_URIH,M_h2o_c + M_uri_c => M_rib__D_c + M_ura_c,R01080,R01080,1,,chebi,10127,False,True,,0,
BIOMD0000001062,R_URIK1,M_atp_c + M_uri_c => M_adp_c + M_h_c + M_ump_c,R00964,R00964,1,,chebi,10127,False,True,,0,
BIOMD0000001062,R_URIK2,M_gtp_c + M_uri_c => M_gdp_c + M_h_c + M_ump_c,R00968,R00968,1,,chebi,10127,False,True,,0,
BIOMD0000001062,R_USHD,M_u23ga_c + M_h2o_c => M_lipidX_c + 2 M_h_c + M_ump_c,R04549,R04549,1,,chebi,10127,False,True,,0,
BIOMD0000001062,R_VALTA,M_val__L_c + M_akg_c <=> M_3mob_c + M_glu__L_c,R01214,R01214,1,,chebi,10127,False,True,,0,
BIOMD0000001062,R_VALTRS,M_trnaval_c + M_atp_c + M_val__L_c => M_valtrna_c + M_amp_c + M_ppi_c,R03665,R03665,1,,chebi,10127,False,True,,0,
BIOMD0000001062,R_VPAMTr,M_3mob_c + M_ala__L_c <=> M_pyr_c + M_val__L_c,R01215,R01215,1,,chebi,10127,False,True,,0,
BIOMD0000001062,R_X5PL3E,M_xu5p__L_c => M_ru5p__L_c,R03244,R03244,1,,chebi,10127,False,True,,0,
BIOMD0000001062,R_XAND,M_h2o_c + M_nad_c + M_xan_c => M_urate_c + M_h_c + M_nadh_c,R02103,R02103,1,,chebi,10127,False,True,,0,
BIOMD0000001062,R_XPPT,M_prpp_c + M_xan_c => M_ppi_c + M_xmp_c,R02142,R02142,1,,chebi,10127,False,True,,0,
BIOMD0000001062,R_XTSNH,M_h2o_c + M_xtsn_c => M_rib__D_c + M_xan_c,R02143,R02143,1,,chebi,10127,False,True,,0,
BIOMD0000001062,R_XYLI1,M_xyl__D_c <=> M_xylu__D_c,R01432,R01432,1,,chebi,10127,False,True,,0,
BIOMD0000001062,R_XYLI2,M_glc__D_c <=> M_fru_c,R00307,R00307,1,,chebi,10127,False,True,,0,
BIOMD0000001062,R_XYLK,M_xylu__D_c + M_atp_c => M_xu5p__D_c + M_adp_c + M_h_c,R01639,R01639,1,,chebi,10127,False,True,,0,
BIOMD0000001062,R_XYLK2,M_atp_c + M_xylu__L_c => M_adp_c + M_h_c + M_xu5p__L_c,R01901,R01901,1,,chebi,10127,False,True,,0,
BIOMD0000001062,R_XYLTD_D,M_xylt_c + M_nad_c <=> M_h_c + M_nadh_c + M_xylu__D_c,R01896,R01896,1,,chebi,10127,False,True,,0,
BIOMD0000001062,R_r0085,M_HC00591_c + M_h2o_c => M_akg_c + M_nh4_c,R00269,R00269,1,,chebi,10127,False,True,,0,
BIOMD0000001063,r_0001,s_0025__91__c__93__ + 2 s_0709__91__m__93__ => 2 s_0710__91__m__93__ + s_1399__91__c__93__,R00197,R00197,1,,chebi,2342,False,True,,0,
BIOMD0000001063,r_0002,s_0027__91__m__93__ + 2 s_0709__91__m__93__ => 2 s_0710__91__m__93__ + s_1401__91__m__93__,R00197,R00197,1,,chebi,2342,False,True,,0,
BIOMD0000001063,r_0003,s_0035__91__c__93__ + s_1198__91__c__93__ <=> s_0020__91__c__93__ + s_0794__91__c__93__ + s_1203__91__c__93__,R02946,R02946,1,,chebi,2342,False,True,,0,
BIOMD0000001063,r_0004,s_0063__91__c__93__ + 2 s_0709__91__m__93__ => 2 s_0710__91__m__93__ + s_1399__91__c__93__,R00196,R00196,1,,chebi,2342,False,True,,0,
BIOMD0000001063,r_0005,s_1543__91__c__93__ => s_0001__91__ce__93__ + s_0794__91__c__93__ + s_1538__91__c__93__,R03118,R03118,1,,chebi,2342,False,True,,0,
BIOMD0000001063,r_0007,s_0077__91__c__93__ => s_0312__91__c__93__,R04640,R04640,1,,chebi,2342,False,True,,0,
BIOMD0000001063,r_0012,s_0119__91__m__93__ + 2 s_0807__91__m__93__ + s_1200__91__m__93__ => s_0799__91__m__93__ + s_0993__91__m__93__ + s_1205__91__m__93__,R00707,R00707,1,,chebi,2342,False,True,,0,
BIOMD0000001063,r_0014,s_0142__91__c__93__ + s_0794__91__c__93__ + s_0803__91__c__93__ => s_0313__91__c__93__ + s_0419__91__c__93__,R09377,R09377,1,,chebi,2342,False,True,,0,
BIOMD0000001063,r_0015,s_0141__91__c__93__ + s_0794__91__c__93__ + s_1212__91__c__93__ => s_0142__91__c__93__ + s_1207__91__c__93__,R09376,R09376,1,,chebi,2342,False,True,,0,
BIOMD0000001063,r_0016,s_0179__91__m__93__ + s_0799__91__m__93__ + s_1401__91__m__93__ => s_0039__91__m__93__ + s_0460__91__m__93__,R08648,R08648,1,,chebi,2342,False,True,,0,
BIOMD0000001063,r_0017,s_0148__91__m__93__ + s_0437__91__m__93__ => s_0006__91__m__93__ + s_0424__91__m__93__ + s_0799__91__m__93__,R03503,R03503,1,,chebi,2342,False,True,,0,
BIOMD0000001063,r_0018,s_0176__91__c__93__ + s_0991__91__c__93__ <=> s_0180__91__c__93__ + s_0953__91__c__93__,R01939,R01939,1,,chebi,2342,False,True,,0,
BIOMD0000001063,r_0019,s_0149__91__c__93__ + s_0794__91__c__93__ + s_1212__91__c__93__ => s_0030__91__c__93__ + s_1207__91__c__93__,R02472,R02472,1,,chebi,2342,False,True,,0,
BIOMD0000001063,r_0020,s_0552__91__m__93__ + s_0807__91__m__93__ + s_1361__91__m__93__ => s_0350__91__m__93__ + s_1326__91__m__93__,R01826,R01826,1,,chebi,2342,False,True,,0,
BIOMD0000001063,r_0021,s_0155__91__m__93__ + s_1419__91__m__93__ => s_0156__91__m__93__ + s_0799__91__m__93__ + s_1415__91__m__93__,R04983,R04983,1,,chebi,2342,False,True,,0,
BIOMD0000001063,r_0022,s_0157__91__m__93__ + s_1278__91__m__93__ => s_0155__91__m__93__ + s_0807__91__m__93__,R04982,R04982,1,,chebi,2342,False,True,,0,
BIOMD0000001063,r_0023,s_0165__91__c__93__ + s_0803__91__c__93__ <=> s_0162__91__c__93__,R03968,R03968,1,,chebi,2342,False,True,,0,
BIOMD0000001063,r_0024,s_0232__91__c__93__ + s_0373__91__c__93__ + s_0803__91__c__93__ => s_0162__91__c__93__ + s_0529__91__c__93__ + s_0794__91__c__93__,R01213,R01213,1,,chebi,2342,False,True,,0,
BIOMD0000001063,r_0025,s_0233__91__m__93__ + s_0376__91__m__93__ + s_0807__91__m__93__ => s_0164__91__m__93__ + s_0532__91__m__93__ + s_0799__91__m__93__,R01213,R01213,1,,chebi,2342,False,True,,0,
BIOMD0000001063,r_0026,s_0294__91__c__93__ + s_0991__91__c__93__ => s_0180__91__c__93__ + s_1029__91__c__93__,R07396,R07396,1,,chebi,2342,False,True,,0,
BIOMD0000001063,r_0027,s_0834__91__m__93__ <=> s_0454__91__m__93__ + s_0807__91__m__93__,R03444,R03444,1,,chebi,2342,False,True,,0,
BIOMD0000001063,r_0028,s_0807__91__m__93__ + s_1273__91__m__93__ + s_1382__91__m__93__ => s_0174__91__m__93__ + s_0532__91__m__93__ + s_0799__91__m__93__,R00931,R00931,1,,chebi,2342,False,True,,0,
BIOMD0000001063,r_0029,s_0010__91__c__93__ + s_0794__91__c__93__ => s_0291__91__c__93__ + s_0456__91__c__93__,R01652,R01652,1,,chebi,2342,False,True,,0,
BIOMD0000001063,r_0030,s_0011__91__m__93__ + s_0799__91__m__93__ => s_0292__91__m__93__ + s_0460__91__m__93__,R01652,R01652,1,,chebi,2342,False,True,,0,
BIOMD0000001063,r_0032,s_0390__91__c__93__ + s_0803__91__c__93__ => s_0423__91__c__93__ + s_1322__91__c__93__,R00188,R00188,1,,chebi,2342,False,True,,0,
BIOMD0000001063,r_0033,s_0192__91__c__93__ + s_0803__91__c__93__ => s_0423__91__c__93__ + s_0794__91__c__93__,R00191,R00191,1,,chebi,2342,False,True,,0,
BIOMD0000001063,r_0036,s_0195__91__c__93__ + s_0803__91__c__93__ => s_0782__91__c__93__ + s_0794__91__c__93__,R01234,R01234,1,,chebi,2342,False,True,,0,
BIOMD0000001063,r_0038,s_0577__91__c__93__ => s_0158__91__c__93__ + s_0722__91__c__93__ + s_0794__91__c__93__,R07281,R07281,1,,chebi,2342,False,True,,0,
BIOMD0000001063,r_0039,s_0210__91__c__93__ => s_0211__91__c__93__ + s_0803__91__c__93__,R03084,R03084,1,,chebi,2342,False,True,,0,
BIOMD0000001063,r_0040,s_0349__91__c__93__ => s_0210__91__c__93__ + s_1322__91__c__93__,R03083,R03083,1,,chebi,2342,False,True,,0,
BIOMD0000001063,r_0041,s_0231__91__er__93__ + s_0795__91__er__93__ + s_1213__91__er__93__ => s_1208__91__er__93__ + s_1445__91__er__93__,R02978,R02978,1,,chebi,2342,False,True,,0,
BIOMD0000001063,r_0042,s_0551__91__c__93__ + s_0803__91__c__93__ + s_1360__91__c__93__ => s_0349__91__c__93__ + s_1322__91__c__93__,R01826,R01826,1,,chebi,2342,False,True,,0,
BIOMD0000001063,r_0043,s_0215__91__c__93__ + 0.5 s_1275__91__c__93__ => s_0212__91__c__93__,R06865,R06865,1,,chebi,2342,False,True,,0,
BIOMD0000001063,r_0044,s_0214__91__m__93__ + s_0799__91__m__93__ => s_0157__91__m__93__ + s_0460__91__m__93__,R06866,R06866,1,,chebi,2342,False,True,,0,
BIOMD0000001063,r_0045,s_0222__91__c__93__ + s_0803__91__c__93__ => s_0224__91__c__93__ + s_0794__91__c__93__ + s_0955__91__c__93__,R02668,R02668,1,,chebi,2342,False,True,,0,
BIOMD0000001063,r_0057,s_0054__91__p__93__ + s_1202__91__p__93__ => s_0257__91__p__93__ + s_0801__91__p__93__ + s_1206__91__p__93__,R04739,R04739,1,,chebi,2342,False,True,,0,
BIOMD0000001063,r_0058,s_0224__91__c__93__ + s_1275__91__c__93__ => s_0147__91__c__93__,R02665,R02665,1,,chebi,2342,False,True,,0,
BIOMD0000001063,r_0060,s_0009__91__c__93__ <=> s_0165__91__c__93__ + s_0803__91__c__93__,R04001,R04001,1,,chebi,2342,False,True,,0,
BIOMD0000001063,r_0061,s_0009__91__c__93__ + s_1198__91__c__93__ => s_0010__91__c__93__ + s_0794__91__c__93__ + s_1203__91__c__93__,R04426,R04426,1,,chebi,2342,False,True,,0,
BIOMD0000001063,r_0063,s_0233__91__m__93__ + s_0307__91__m__93__ + s_0807__91__m__93__ => s_0150__91__m__93__ + s_1488__91__m__93__,R01226,R01226,1,,chebi,2342,False,True,,0,
BIOMD0000001063,r_0064,s_0056__91__c__93__ + s_0794__91__c__93__ => s_0166__91__c__93__ + s_0456__91__c__93__,R03894,R03894,1,,chebi,2342,False,True,,0,
BIOMD0000001063,r_0065,s_0261__91__c__93__ + s_1360__91__c__93__ => s_0324__91__c__93__ + s_1322__91__c__93__,R03460,R03460,1,,chebi,2342,False,True,,0,
BIOMD0000001063,r_0066,s_0515__91__c__93__ + s_0999__91__c__93__ => s_0269__91__c__93__ + s_0991__91__c__93__,R01716,R01716,1,,chebi,2342,False,True,,0,
BIOMD0000001063,r_0067,s_0269__91__c__93__ => s_0271__91__c__93__ + s_0794__91__c__93__ + s_1399__91__c__93__,R05553,R05553,1,,chebi,2342,False,True,,0,
BIOMD0000001063,r_0068,s_0180__91__c__93__ + s_0734__91__c__93__ => s_0991__91__c__93__ + s_1461__91__c__93__,R01648,R01648,1,,chebi,2342,False,True,,0,
BIOMD0000001063,r_0069,s_0264__91__c__93__ + s_0803__91__c__93__ => s_0285__91__c__93__ + s_1322__91__c__93__,R05086,R05086,1,,chebi,2342,False,True,,0,
BIOMD0000001063,r_0070,s_0290__91__m__93__ + s_0807__91__m__93__ => s_0287__91__m__93__ + s_0532__91__m__93__ + s_0799__91__m__93__,R01301,R01301,1,,chebi,2342,False,True,,0,
BIOMD0000001063,r_0073,s_0279__91__c__93__ + s_0803__91__c__93__ => s_0794__91__c__93__ + s_1158__91__c__93__ + s_1322__91__c__93__,R05779,R05779,1,,chebi,2342,False,True,,0,
BIOMD0000001063,r_0075,s_0303__91__c__93__ + s_1322__91__c__93__ => s_0383__91__c__93__ + s_1422__91__c__93__,R01402,R01402,1,,chebi,2342,False,True,,0,
BIOMD0000001063,r_0076,s_0526__91__c__93__ + s_0803__91__c__93__ => s_0543__91__c__93__ + s_1322__91__c__93__,R00511,R00511,1,,chebi,2342,False,True,,0,
BIOMD0000001063,r_0077,s_0803__91__c__93__ + s_0849__91__c__93__ => s_0856__91__c__93__ + s_1322__91__c__93__,R01126,R01126,1,,chebi,2342,False,True,,0,
BIOMD0000001063,r_0078,s_0803__91__c__93__ + s_1545__91__c__93__ => s_1322__91__c__93__ + s_1556__91__c__93__,R00963,R00963,1,,chebi,2342,False,True,,0,
BIOMD0000001063,r_0079,s_0301__91__c__93__ + s_0434__91__c__93__ + s_0803__91__c__93__ + s_0999__91__c__93__ => s_0302__91__c__93__ + s_0394__91__c__93__ + s_0794__91__c__93__ + s_0991__91__c__93__ + s_1322__91__c__93__,R04463,R04463,1,,chebi,2342,False,True,,0,
BIOMD0000001063,r_0080,s_0306__91__c__93__ + s_0794__91__c__93__ + s_1212__91__c__93__ => s_0322__91__c__93__ + s_1207__91__c__93__,R01224,R01224,1,,chebi,2342,False,True,,0,
BIOMD0000001063,r_0081,s_0799__91__m__93__ + s_1005__91__m__93__ + s_1464__91__m__93__ => s_0317__91__m__93__ + s_0460__91__m__93__ + s_0532__91__m__93__,R00830,R00830,1,,chebi,2342,False,True,,0,
BIOMD0000001063,r_0082,s_0318__91__c__93__ + s_0803__91__c__93__ => s_0794__91__c__93__ + s_1158__91__c__93__ + s_1322__91__c__93__,R05779,R05779,1,,chebi,2342,False,True,,0,
BIOMD0000001063,r_0083,s_0434__91__c__93__ + s_1158__91__c__93__ => s_0318__91__c__93__ + s_0394__91__c__93__,R09087,R09087,1,,chebi,2342,False,True,,0,
BIOMD0000001063,r_0084,s_0319__91__c__93__ + s_0434__91__c__93__ => s_0304__91__c__93__ + s_0394__91__c__93__ + s_1322__91__c__93__,R02301,R02301,1,,chebi,2342,False,True,,0,
BIOMD0000001063,r_0085,s_0323__91__c__93__ + s_1012__91__c__93__ => s_1029__91__c__93__ + s_1486__91__c__93__,R04405,R04405,1,,chebi,2342,False,True,,0,
BIOMD0000001063,r_0086,s_1423__91__c__93__ => s_0311__91__c__93__ + s_0803__91__c__93__,R07392,R07392,1,,chebi,2342,False,True,,0,
BIOMD0000001063,r_0087,s_1422__91__c__93__ <=> s_1423__91__c__93__,R04420,R04420,1,,chebi,2342,False,True,,0,
BIOMD0000001063,r_0091,s_0335__91__c__93__ + s_0803__91__c__93__ => s_0340__91__c__93__ + s_0794__91__c__93__,R02035,R02035,1,,chebi,2342,False,True,,0,
BIOMD0000001063,r_0092,s_0333__91__c__93__ + s_0803__91__c__93__ => s_0794__91__c__93__ + s_1158__91__c__93__ + s_1322__91__c__93__,R05779,R05779,1,,chebi,2342,False,True,,0,
BIOMD0000001063,r_0094,s_0794__91__c__93__ + s_0955__91__c__93__ + s_1368__91__c__93__ => s_0352__91__c__93__ + s_0456__91__c__93__ + s_0529__91__c__93__,R03210,R03210,1,,chebi,2342,False,True,,0,
BIOMD0000001063,r_0097,s_0799__91__m__93__ + 2 s_1401__91__m__93__ => s_0146__91__m__93__ + s_0460__91__m__93__,R00006,R00006,1,,chebi,2342,False,True,,0,
BIOMD0000001063,r_0099,s_0376__91__m__93__ + s_1845__91__m__93__ <=> s_0372__91__m__93__ + s_0532__91__m__93__,R01624,R01624,1,,chebi,2342,False,True,,0,
BIOMD0000001063,r_0102,s_0253__91__p__93__ + s_0534__91__p__93__ => s_0378__91__p__93__ + s_1179__91__p__93__,R03991,R03991,1,,chebi,2342,False,True,,0,
BIOMD0000001063,r_0103,2 s_0373__91__c__93__ <=> s_0367__91__c__93__ + s_0529__91__c__93__,R00238,R00238,1,,chebi,2342,False,True,,0,
BIOMD0000001063,r_0104,2 s_0376__91__m__93__ <=> s_0370__91__m__93__ + s_0532__91__m__93__,R00238,R00238,1,,chebi,2342,False,True,,0,
BIOMD0000001063,r_0105,s_0257__91__p__93__ + s_0534__91__p__93__ => s_0378__91__p__93__ + s_1076__91__p__93__,R03858,R03858,1,,chebi,2342,False,True,,0,
BIOMD0000001063,r_0106,s_0239__91__p__93__ + s_0534__91__p__93__ => s_0378__91__p__93__ + s_1258__91__p__93__,R03778,R03778,1,,chebi,2342,False,True,,0,
BIOMD0000001063,r_0107,s_0247__91__p__93__ + s_0534__91__p__93__ => s_0378__91__p__93__ + s_0605__91__p__93__,R04742,R04742,1,,chebi,2342,False,True,,0,
BIOMD0000001063,r_0108,s_0376__91__m__93__ + s_0437__91__m__93__ + s_0447__91__m__93__ => s_0397__91__m__93__ + s_0799__91__m__93__ + s_1104__91__m__93__ + s_1326__91__m__93__,R00742,R00742,1,,chebi,2342,False,True,,0,
BIOMD0000001063,r_0109,s_0373__91__c__93__ + s_0434__91__c__93__ + s_0445__91__c__93__ => s_0394__91__c__93__ + s_0794__91__c__93__ + s_1101__91__c__93__ + s_1322__91__c__93__,R00742,R00742,1,,chebi,2342,False,True,,0,
BIOMD0000001063,r_0111,s_0376__91__m__93__ + s_0807__91__m__93__ => s_0365__91__m__93__ + s_0532__91__m__93__ + s_0799__91__m__93__,R00227,R00227,1,,chebi,2342,False,True,,0,
BIOMD0000001063,r_0112,s_0362__91__c__93__ + s_0434__91__c__93__ + s_0529__91__c__93__ => s_0373__91__c__93__ + s_0423__91__c__93__ + s_0633__91__c__93__,R00235,R00235,1,,chebi,2342,False,True,,0,
BIOMD0000001063,r_0113,s_0365__91__m__93__ + s_0437__91__m__93__ + s_0532__91__m__93__ => s_0376__91__m__93__ + s_0424__91__m__93__ + s_0636__91__m__93__,R00235,R00235,1,,chebi,2342,False,True,,0,
BIOMD0000001063,r_0114,s_0366__91__n__93__ + s_0438__91__n__93__ + s_0533__91__n__93__ => s_0377__91__n__93__ + s_0425__91__n__93__ + s_0637__91__n__93__,R00235,R00235,1,,chebi,2342,False,True,,0,
BIOMD0000001063,r_0115,s_0437__91__m__93__ + s_1192__91__m__93__ => s_0397__91__m__93__ + s_1191__91__m__93__,R02649,R02649,1,,chebi,2342,False,True,,0,
BIOMD0000001063,r_0116,s_0715__91__e__93__ + s_0805__91__e__93__ => s_1324__91__e__93__ + s_1406__91__e__93__,R00548,R00548,1,,chebi,2342,False,True,,0,
BIOMD0000001063,r_0118,s_0145__91__m__93__ + s_0993__91__m__93__ => s_0182__91__m__93__ + s_1182__91__m__93__,R02283,R02283,1,,chebi,2342,False,True,,0,
BIOMD0000001063,r_0119,s_0532__91__m__93__ + s_0807__91__m__93__ => s_0392__91__m__93__ + 2 s_0799__91__m__93__ + s_1308__91__m__93__,R10747,R10747,1,,chebi,2342,False,True,,0,
BIOMD0000001063,r_0138,s_0383__91__c__93__ + s_0794__91__c__93__ + s_0803__91__c__93__ => s_0419__91__c__93__ + s_0843__91__c__93__,R01244,R01244,1,,chebi,2342,False,True,,0,
BIOMD0000001063,r_0139,s_0383__91__c__93__ + s_1386__91__c__93__ => s_0423__91__c__93__ + s_0633__91__c__93__,R00190,R00190,1,,chebi,2342,False,True,,0,
BIOMD0000001063,r_0140,s_0386__91__c__93__ + s_0794__91__c__93__ + s_0803__91__c__93__ => s_0419__91__c__93__ + s_0856__91__c__93__,R01560,R01560,1,,chebi,2342,False,True,,0,
BIOMD0000001063,r_0142,s_0386__91__c__93__ + s_0434__91__c__93__ => s_0394__91__c__93__ + s_0423__91__c__93__ + s_0794__91__c__93__,R00185,R00185,1,,chebi,2342,False,True,,0,
BIOMD0000001063,r_0143,s_0423__91__c__93__ + s_0794__91__c__93__ + s_0803__91__c__93__ => s_0419__91__c__93__ + s_0849__91__c__93__,R00181,R00181,1,,chebi,2342,False,True,,0,
BIOMD0000001063,r_0144,s_0803__91__c__93__ + s_1413__91__c__93__ => s_0386__91__c__93__ + s_1012__91__c__93__,R00192,R00192,1,,chebi,2342,False,True,,0,
BIOMD0000001063,r_0145,s_0794__91__c__93__ + s_1416__91__c__93__ => s_0456__91__c__93__ + s_1420__91__c__93__,R00178,R00178,1,,chebi,2342,False,True,,0,
BIOMD0000001063,r_0146,s_0352__91__c__93__ + s_1416__91__c__93__ <=> s_0341__91__c__93__ + s_1412__91__c__93__,R03231,R03231,1,,chebi,2342,False,True,,0,
BIOMD0000001063,r_0147,s_0434__91__c__93__ => s_0192__91__c__93__ + s_0633__91__c__93__,R00089,R00089,1,,chebi,2342,False,True,,0,
BIOMD0000001063,r_0148,s_0423__91__c__93__ + s_0434__91__c__93__ => 2 s_0394__91__c__93__,R00127,R00127,1,,chebi,2342,False,True,,0,
BIOMD0000001063,r_0149,s_0424__91__m__93__ + s_0437__91__m__93__ => 2 s_0397__91__m__93__,R00127,R00127,1,,chebi,2342,False,True,,0,
BIOMD0000001063,r_0151,s_0299__91__c__93__ => s_0403__91__c__93__ + s_0725__91__c__93__,R04559,R04559,1,,chebi,2342,False,True,,0,
BIOMD0000001063,r_0152,s_0393__91__c__93__ <=> s_0423__91__c__93__ + s_0725__91__c__93__,R01083,R01083,1,,chebi,2342,False,True,,0,
BIOMD0000001063,r_0153,s_0785__91__c__93__ + s_0849__91__c__93__ + s_0973__91__c__93__ => s_0393__91__c__93__ + s_0739__91__c__93__ + 2 s_0794__91__c__93__ + s_1322__91__c__93__,R01135,R01135,1,,chebi,2342,False,True,,0,
BIOMD0000001063,r_0154,s_0298__91__c__93__ + s_0434__91__c__93__ => s_0201__91__c__93__ + s_0394__91__c__93__ + s_0794__91__c__93__,R00509,R00509,1,,chebi,2342,False,True,,0,
BIOMD0000001063,r_0156,s_0779__91__c__93__ + s_0955__91__c__93__ => s_1003__91__c__93__ + s_1399__91__c__93__,R00369,R00369,1,,chebi,2342,False,True,,0,
BIOMD0000001063,r_0157,s_0434__91__c__93__ + s_0955__91__c__93__ + s_1582__91__c__93__ => s_0404__91__c__93__ + s_0423__91__c__93__ + s_0633__91__c__93__,R03038,R03038,1,,chebi,2342,False,True,,0,
BIOMD0000001063,r_0163,s_0680__91__c__93__ + s_1198__91__c__93__ => s_0359__91__c__93__ + s_0794__91__c__93__ + s_1203__91__c__93__,R00754,R00754,1,,chebi,2342,False,True,,0,
BIOMD0000001063,r_0164,s_0570__91__c__93__ + s_0794__91__c__93__ + s_1212__91__c__93__ => s_0765__91__c__93__ + s_1207__91__c__93__,R01041,R01041,1,,chebi,2342,False,True,,0,
BIOMD0000001063,r_0165,s_0361__91__m__93__ + s_0799__91__m__93__ + s_1205__91__m__93__ => s_0682__91__m__93__ + s_1200__91__m__93__,R00754,R00754,1,,chebi,2342,False,True,,0,
BIOMD0000001063,r_0169,s_0794__91__c__93__ + s_1203__91__c__93__ + s_1318__91__c__93__ => s_0185__91__c__93__ + s_1198__91__c__93__,R02611,R02611,1,,chebi,2342,False,True,,0,
BIOMD0000001063,r_0170,s_0799__91__m__93__ + s_1205__91__m__93__ + s_1320__91__m__93__ => s_0187__91__m__93__ + s_1200__91__m__93__,R02611,R02611,1,,chebi,2342,False,True,,0,
BIOMD0000001063,r_0172,s_0208__91__c__93__ + s_0803__91__c__93__ + s_1198__91__c__93__ => s_0441__91__c__93__ + 2 s_0794__91__c__93__ + s_1203__91__c__93__,R00904,R00904,1,,chebi,2342,False,True,,0,
BIOMD0000001063,r_0173,s_0359__91__c__93__ + s_0803__91__c__93__ + s_1207__91__c__93__ => s_0362__91__c__93__ + 2 s_0794__91__c__93__ + s_1212__91__c__93__,R00711,R00711,1,,chebi,2342,False,True,,0,
BIOMD0000001063,r_0174,s_0361__91__m__93__ + s_0807__91__m__93__ + s_1200__91__m__93__ => s_0365__91__m__93__ + 2 s_0799__91__m__93__ + s_1205__91__m__93__,R00710,R00710,1,,chebi,2342,False,True,,0,
BIOMD0000001063,r_0175,s_0361__91__m__93__ + s_0807__91__m__93__ + s_1210__91__m__93__ => s_0365__91__m__93__ + 2 s_0799__91__m__93__ + s_1214__91__m__93__,R00711,R00711,1,,chebi,2342,False,True,,0,
BIOMD0000001063,r_0176,s_0807__91__m__93__ + s_0852__91__m__93__ + s_1200__91__m__93__ => 2 s_0799__91__m__93__ + s_0854__91__m__93__ + s_1205__91__m__93__,R02678,R02678,1,,chebi,2342,False,True,,0,
BIOMD0000001063,r_0179,s_0234__91__c__93__ + s_0794__91__c__93__ + s_1203__91__c__93__ => s_0929__91__c__93__ + s_1198__91__c__93__,R05685,R05685,1,,chebi,2342,False,True,,0,
BIOMD0000001063,r_0180,s_0236__91__m__93__ + s_0799__91__m__93__ + s_1205__91__m__93__ => s_0931__91__m__93__ + s_1200__91__m__93__,R05685,R05685,1,,chebi,2342,False,True,,0,
BIOMD0000001063,r_0181,s_0234__91__c__93__ + s_0794__91__c__93__ + s_1212__91__c__93__ => s_0929__91__c__93__ + s_1207__91__c__93__,R05686,R05686,1,,chebi,2342,False,True,,0,
BIOMD0000001063,r_0185,s_0803__91__c__93__ + s_1198__91__c__93__ + s_1318__91__c__93__ => 2 s_0794__91__c__93__ + s_1203__91__c__93__ + s_1321__91__c__93__,R02536,R02536,1,,chebi,2342,False,True,,0,
BIOMD0000001063,r_0186,s_0794__91__c__93__ + s_0850__91__c__93__ + s_1203__91__c__93__ => s_1198__91__c__93__ + s_1529__91__c__93__,R02679,R02679,1,,chebi,2342,False,True,,0,
BIOMD0000001063,r_0187,s_0799__91__m__93__ + s_0852__91__m__93__ + s_1205__91__m__93__ => s_1200__91__m__93__ + s_1531__91__m__93__,R02679,R02679,1,,chebi,2342,False,True,,0,
BIOMD0000001063,r_0188,s_0346__91__c__93__ + 3 s_0803__91__c__93__ => s_0343__91__c__93__ + 2 s_0794__91__c__93__ + 3 s_1322__91__c__93__,R04620,R04620,1,,chebi,2342,False,True,,0,
BIOMD0000001063,r_0189,s_0405__91__c__93__ + s_0803__91__c__93__ <=> s_1552__91__c__93__ + s_1555__91__c__93__,R02422,R02422,1,,chebi,2342,False,True,,0,
BIOMD0000001063,r_0190,s_0407__91__c__93__ + s_0803__91__c__93__ <=> s_0405__91__c__93__ + s_0794__91__c__93__,R02424,R02424,1,,chebi,2342,False,True,,0,
BIOMD0000001063,r_0191,3 s_0794__91__c__93__ + s_0803__91__c__93__ + s_1554__91__c__93__ => 2 s_0419__91__c__93__ + 2 s_0456__91__c__93__,R00005,R00005,1,,chebi,2342,False,True,,0,
BIOMD0000001063,r_0192,s_0444__91__g__93__ + s_0744__91__g__93__ + s_0797__91__g__93__ => s_0414__91__g__93__ + s_0740__91__g__93__,R05002,R05002,1,,chebi,2342,False,True,,0,
BIOMD0000001063,r_0193,s_0810__91__v__93__ + s_1522__91__v__93__ => 2 s_0566__91__v__93__,R00010,R00010,1,,chebi,2342,False,True,,0,
BIOMD0000001063,r_0194,s_0803__91__c__93__ + s_1520__91__c__93__ => 2 s_0563__91__c__93__,R00010,R00010,1,,chebi,2342,False,True,,0,
BIOMD0000001063,r_0195,s_0568__91__c__93__ + s_1543__91__c__93__ => s_0409__91__c__93__ + s_0794__91__c__93__ + s_1538__91__c__93__,R00836,R00836,1,,chebi,2342,False,True,,0,
BIOMD0000001063,r_0198,s_0803__91__c__93__ + s_1105__91__c__93__ => 2 s_0563__91__c__93__,R00028,R00028,1,,chebi,2342,False,True,,0,
BIOMD0000001063,r_0199,s_0280__91__c__93__ + s_0803__91__c__93__ => s_0281__91__c__93__ + s_0419__91__c__93__,R03180,R03180,1,,chebi,2342,False,True,,0,
BIOMD0000001063,r_0200,s_0418__91__c__93__ + s_0803__91__c__93__ + s_1275__91__c__93__ => s_0419__91__c__93__ + s_0837__91__c__93__ + s_1151__91__c__93__,R02529,R02529,1,,chebi,2342,False,True,,0,
BIOMD0000001063,r_0201,s_0275__91__m__93__ + s_0807__91__m__93__ + s_1200__91__m__93__ => s_0738__91__m__93__ + 2 s_0799__91__m__93__ + s_1205__91__m__93__,R02549,R02549,1,,chebi,2342,False,True,,0,
BIOMD0000001063,r_0202,s_0427__91__c__93__ + s_1386__91__c__93__ => s_0633__91__c__93__ + s_1187__91__c__93__,R01073,R01073,1,,chebi,2342,False,True,,0,
BIOMD0000001063,r_0203,s_0515__91__c__93__ + s_0999__91__c__93__ => s_0427__91__c__93__ + s_0794__91__c__93__ + s_0991__91__c__93__ + s_1399__91__c__93__,R00986,R00986,1,,chebi,2342,False,True,,0,
BIOMD0000001063,r_0204,s_0803__91__c__93__ + s_1282__91__c__93__ <=> 2 s_0394__91__c__93__ + 2 s_0794__91__c__93__,R00125,R00125,1,,chebi,2342,False,True,,0,
BIOMD0000001063,r_0205,s_0794__91__c__93__ + s_0963__91__c__93__ + s_1212__91__c__93__ => s_0961__91__c__93__ + s_1207__91__c__93__,R01759,R01759,1,,chebi,2342,False,True,,0,
BIOMD0000001063,r_0206,s_0803__91__c__93__ + s_0965__91__c__93__ => s_1266__91__c__93__ + s_1552__91__c__93__,R00551,R00551,1,,chebi,2342,False,True,,0,
BIOMD0000001063,r_0207,s_0015__91__c__93__ <=> s_0725__91__c__93__ + s_0965__91__c__93__,R01086,R01086,1,,chebi,2342,False,True,,0,
BIOMD0000001063,r_0208,s_0434__91__c__93__ + s_0973__91__c__93__ + s_0979__91__c__93__ <=> s_0015__91__c__93__ + s_0423__91__c__93__ + s_0633__91__c__93__ + s_0794__91__c__93__,R01954,R01954,1,,chebi,2342,False,True,,0,
BIOMD0000001063,r_0209,s_0434__91__c__93__ + s_0965__91__c__93__ + s_1583__91__c__93__ => s_0423__91__c__93__ + s_0428__91__c__93__ + s_0633__91__c__93__,R03646,R03646,1,,chebi,2342,False,True,,0,
BIOMD0000001063,r_0210,s_0437__91__m__93__ + s_0967__91__m__93__ + s_1584__91__m__93__ => s_0424__91__m__93__ + s_0429__91__m__93__ + s_0636__91__m__93__,R03646,R03646,1,,chebi,2342,False,True,,0,
BIOMD0000001063,r_0211,s_0434__91__c__93__ + s_0803__91__c__93__ + s_0973__91__c__93__ + s_0999__91__c__93__ => s_0423__91__c__93__ + s_0633__91__c__93__ + s_0794__91__c__93__ + s_0969__91__c__93__ + s_0991__91__c__93__,R00578,R00578,1,,chebi,2342,False,True,,0,
BIOMD0000001063,r_0212,s_0434__91__c__93__ + s_0969__91__c__93__ + s_1585__91__c__93__ => s_0423__91__c__93__ + s_0430__91__c__93__ + s_0633__91__c__93__,R03648,R03648,1,,chebi,2342,False,True,,0,
BIOMD0000001063,r_0213,s_0437__91__m__93__ + s_0971__91__m__93__ + s_1586__91__m__93__ => s_0424__91__m__93__ + s_0431__91__m__93__ + s_0636__91__m__93__,R03648,R03648,1,,chebi,2342,False,True,,0,
BIOMD0000001063,r_0214,s_0455__91__c__93__ + s_0973__91__c__93__ => s_0794__91__c__93__ + s_1194__91__c__93__ + s_1322__91__c__93__,R01397,R01397,1,,chebi,2342,False,True,,0,
BIOMD0000001063,r_0215,s_0434__91__c__93__ + s_0973__91__c__93__ => s_0295__91__c__93__ + s_0394__91__c__93__,R00480,R00480,1,,chebi,2342,False,True,,0,
BIOMD0000001063,r_0216,s_0180__91__c__93__ + s_0973__91__c__93__ <=> s_0991__91__c__93__ + s_1271__91__c__93__,R00355,R00355,1,,chebi,2342,False,True,,0,
BIOMD0000001063,r_0217,s_0993__91__m__93__ + s_1273__91__m__93__ => s_0182__91__m__93__ + s_0975__91__m__93__,R00355,R00355,1,,chebi,2342,False,True,,0,
BIOMD0000001063,r_0218,s_0184__91__p__93__ + s_0976__91__p__93__ <=> s_0995__91__p__93__ + s_1274__91__p__93__,R00355,R00355,1,,chebi,2342,False,True,,0,
BIOMD0000001063,r_0219,s_0295__91__c__93__ + s_0794__91__c__93__ + s_1212__91__c__93__ => s_0978__91__c__93__ + s_1207__91__c__93__ + s_1322__91__c__93__,R02291,R02291,1,,chebi,2342,False,True,,0,
BIOMD0000001063,r_0220,s_0434__91__c__93__ + s_0973__91__c__93__ + s_1587__91__c__93__ => s_0423__91__c__93__ + s_0432__91__c__93__ + s_0633__91__c__93__,R05577,R05577,1,,chebi,2342,False,True,,0,
BIOMD0000001063,r_0221,s_0437__91__m__93__ + s_0975__91__m__93__ + s_1588__91__m__93__ => s_0424__91__m__93__ + s_0433__91__m__93__ + s_0636__91__m__93__,R05577,R05577,1,,chebi,2342,False,True,,0,
BIOMD0000001063,r_0222,s_0394__91__c__93__ + s_0434__91__c__93__ + s_0794__91__c__93__ => s_1282__91__c__93__ + s_1322__91__c__93__,R00126,R00126,1,,chebi,2342,False,True,,0,
BIOMD0000001063,r_0225,s_0434__91__c__93__ + s_1386__91__c__93__ => s_0326__91__c__93__ + s_0633__91__c__93__,R01071,R01071,1,,chebi,2342,False,True,,0,
BIOMD0000001063,r_0227,s_0434__91__c__93__ + s_0803__91__c__93__ => s_0394__91__c__93__ + s_0796__91__e__93__ + s_1322__91__c__93__,R00086,R00086,1,,chebi,2342,False,True,,0,
BIOMD0000001063,r_0228,s_0743__91__c__93__ + s_1184__91__c__93__ => s_0443__91__c__93__ + s_0739__91__c__93__ + s_0794__91__c__93__,R04502,R04502,1,,chebi,2342,False,True,,0,
BIOMD0000001063,r_0230,s_0434__91__c__93__ + s_0451__91__c__93__ + s_0794__91__c__93__ => s_0453__91__c__93__ + s_0633__91__c__93__,R01074,R01074,1,,chebi,2342,False,True,,0,
BIOMD0000001063,r_0231,s_0262__91__c__93__ + s_0794__91__c__93__ + s_1212__91__c__93__ => s_0122__91__c__93__ + s_1207__91__c__93__,R05639,R05639,1,,chebi,2342,False,True,,0,
BIOMD0000001063,r_0233,s_0664__91__c__93__ + s_0794__91__c__93__ + s_1212__91__c__93__ + s_1275__91__c__93__ => s_0662__91__c__93__ + 2 s_0803__91__c__93__ + s_1207__91__c__93__,R07506,R07506,1,,chebi,2342,False,True,,0,
BIOMD0000001063,r_0236,s_0209__91__c__93__ + s_0794__91__c__93__ + s_1212__91__c__93__ => s_0296__91__c__93__ + s_1207__91__c__93__,R07495,R07495,1,,chebi,2342,False,True,,0,
BIOMD0000001063,r_0241,s_0122__91__c__93__ + 5 s_0794__91__c__93__ + 3 s_1275__91__c__93__ + 6 s_4209__91__erm__93__ => s_0297__91__c__93__ + 4 s_0803__91__c__93__ + 6 s_4210__91__erm__93__,R07509,R07509,1,,chebi,2342,False,True,,0,
BIOMD0000001063,r_0243,s_0700__91__c__93__ => s_0657__91__c__93__,R07497,R07497,1,,chebi,2342,False,True,,0,
BIOMD0000001063,r_0244,s_0663__91__er__93__ + s_0795__91__er__93__ + s_1213__91__er__93__ => s_0667__91__er__93__ + s_1208__91__er__93__,R05641,R05641,1,,chebi,2342,False,True,,0,
BIOMD0000001063,r_0249,s_0286__91__c__93__ + s_1231__91__c__93__ => s_0633__91__c__93__ + s_1230__91__c__93__,R07273,R07273,1,,chebi,2342,False,True,,0,
BIOMD0000001063,r_0250,2 s_0434__91__c__93__ + s_0445__91__c__93__ + s_0803__91__c__93__ + s_0999__91__c__93__ => 2 s_0394__91__c__93__ + s_0455__91__c__93__ + 2 s_0794__91__c__93__ + s_0991__91__c__93__ + s_1322__91__c__93__,R00575,R00575,1,,chebi,2342,False,True,,0,
BIOMD0000001063,r_0252,s_0021__91__c__93__ + s_0373__91__c__93__ => s_0529__91__c__93__ + s_1235__91__c__93__,R02396,R02396,1,,chebi,2342,False,True,,0,
BIOMD0000001063,r_0253,s_0024__91__p__93__ + s_0378__91__p__93__ => s_0534__91__p__93__ + s_1237__91__p__93__,R02396,R02396,1,,chebi,2342,False,True,,0,
BIOMD0000001063,r_0254,s_0532__91__m__93__ + s_1236__91__m__93__ => s_0023__91__m__93__ + s_0376__91__m__93__,R02396,R02396,1,,chebi,2342,False,True,,0,
BIOMD0000001063,r_0255,2 s_0837__91__c__93__ => 2 s_0803__91__c__93__ + s_1275__91__c__93__,R00009,R00009,1,,chebi,2342,False,True,,0,
BIOMD0000001063,r_0256,2 s_0840__91__p__93__ => 2 s_0809__91__p__93__ + s_1279__91__p__93__,R00009,R00009,1,,chebi,2342,False,True,,0,
BIOMD0000001063,r_0264,s_0817__91__er__93__ + s_1445__91__er__93__ => s_0478__91__er__93__ + s_0530__91__er__93__ + s_0795__91__er__93__,R06517,R06517,1,,chebi,2342,False,True,,0,
BIOMD0000001063,r_0266,s_0817__91__er__93__ + s_1366__91__er__93__ => s_0484__91__er__93__ + s_0530__91__er__93__ + s_0795__91__er__93__,R06527,R06527,1,,chebi,2342,False,True,,0,
BIOMD0000001063,r_0271,s_0509__91__c__93__ + s_0803__91__c__93__ => s_0362__91__c__93__ + s_0510__91__ce__93__ + s_0794__91__c__93__,R02333,R02333,1,,chebi,2342,False,True,,0,
BIOMD0000001063,r_0272,s_1544__91__c__93__ => s_0509__91__c__93__ + s_0794__91__c__93__ + s_1538__91__c__93__,R02335,R02335,1,,chebi,2342,False,True,,0,
BIOMD0000001063,r_0273,s_0434__91__c__93__ + s_0512__91__c__93__ => s_0394__91__c__93__ + s_0514__91__c__93__ + s_0794__91__c__93__,R01021,R01021,1,,chebi,2342,False,True,,0,
BIOMD0000001063,r_0274,s_0514__91__c__93__ + s_0539__91__c__93__ + s_0794__91__c__93__ => s_0469__91__c__93__ + s_0633__91__c__93__,R01890,R01890,1,,chebi,2342,False,True,,0,
BIOMD0000001063,r_0278,s_0515__91__c__93__ => s_1377__91__c__93__,R01715,R01715,1,,chebi,2342,False,True,,0,
BIOMD0000001063,r_0279,s_0324__91__c__93__ => s_0515__91__c__93__ + s_1322__91__c__93__,R01714,R01714,1,,chebi,2342,False,True,,0,
BIOMD0000001063,r_0280,s_0517__91__m__93__ + s_0807__91__m__93__ <=> s_0941__91__m__93__,R01900,R01900,1,,chebi,2342,False,True,,0,
BIOMD0000001063,r_0281,s_0692__91__lp__93__ + s_0944__91__lp__93__ => s_0635__91__lp__93__ + s_0746__91__lp__93__,R02061,R02061,1,,chebi,2342,False,True,,0,
BIOMD0000001063,r_0282,s_0746__91__lp__93__ + s_0944__91__lp__93__ => s_0635__91__lp__93__ + s_1312__91__lp__93__,R07475,R07475,1,,chebi,2342,False,True,,0,
BIOMD0000001063,r_0283,s_0944__91__lp__93__ + s_1312__91__lp__93__ => s_0635__91__lp__93__ + s_0830__91__lp__93__,R05613,R05613,1,,chebi,2342,False,True,,0,
BIOMD0000001063,r_0284,s_0830__91__lp__93__ + s_0944__91__lp__93__ => s_0635__91__lp__93__ + s_0815__91__lp__93__,R05612,R05612,1,,chebi,2342,False,True,,0,
BIOMD0000001063,r_0285,s_0815__91__lp__93__ + s_0944__91__lp__93__ => s_0635__91__lp__93__ + s_1259__91__lp__93__,R05611,R05611,1,,chebi,2342,False,True,,0,
BIOMD0000001063,r_0286,s_0944__91__lp__93__ + s_1259__91__lp__93__ => s_0635__91__lp__93__ + s_1232__91__lp__93__,R07267,R07267,1,,chebi,2342,False,True,,0,
BIOMD0000001063,r_0287,s_0944__91__lp__93__ + s_1232__91__lp__93__ => s_0606__91__lp__93__ + s_0635__91__lp__93__,R08747,R08747,1,,chebi,2342,False,True,,0,
BIOMD0000001063,r_0300,s_0376__91__m__93__ + s_0807__91__m__93__ + s_1273__91__m__93__ => s_0524__91__m__93__ + s_0532__91__m__93__ + s_0799__91__m__93__,R00351,R00351,1,,chebi,2342,False,True,,0,
BIOMD0000001063,r_0301,s_0378__91__p__93__ + s_0809__91__p__93__ + s_1274__91__p__93__ => s_0525__91__p__93__ + s_0534__91__p__93__ + s_0801__91__p__93__,R00351,R00351,1,,chebi,2342,False,True,,0,
BIOMD0000001063,r_0302,s_0524__91__m__93__ <=> s_0517__91__m__93__ + s_0807__91__m__93__,R01325,R01325,1,,chebi,2342,False,True,,0,
BIOMD0000001063,r_0303,s_0522__91__c__93__ <=> s_0516__91__c__93__ + s_0803__91__c__93__,R01325,R01325,1,,chebi,2342,False,True,,0,
BIOMD0000001063,r_0304,s_0538__91__c__93__ + 2 s_0794__91__c__93__ + s_1275__91__c__93__ => 2 s_0456__91__c__93__ + 2 s_0803__91__c__93__ + s_1384__91__c__93__,R03220,R03220,1,,chebi,2342,False,True,,0,
BIOMD0000001063,r_0306,s_0434__91__c__93__ + s_0803__91__c__93__ + s_0999__91__c__93__ + s_1559__91__c__93__ => s_0394__91__c__93__ + s_0539__91__c__93__ + 2 s_0794__91__c__93__ + s_0991__91__c__93__ + s_1322__91__c__93__,R00573,R00573,1,,chebi,2342,False,True,,0,
BIOMD0000001063,r_0307,s_0419__91__c__93__ + s_0434__91__c__93__ + s_1559__91__c__93__ => s_0394__91__c__93__ + s_0539__91__c__93__ + 2 s_0794__91__c__93__ + s_1322__91__c__93__,R00571,R00571,1,,chebi,2342,False,True,,0,
BIOMD0000001063,r_0308,s_0803__91__c__93__ + s_0980__91__c__93__ => s_0419__91__c__93__ + s_1012__91__c__93__ + s_1399__91__c__93__,R01286,R01286,1,,chebi,2342,False,True,,0,
BIOMD0000001063,r_0309,s_1012__91__c__93__ + s_1039__91__c__93__ => s_0803__91__c__93__ + s_0980__91__c__93__,R01290,R01290,1,,chebi,2342,False,True,,0,
BIOMD0000001063,r_0310,s_0803__91__c__93__ + s_0980__91__c__93__ => s_0178__91__c__93__ + s_0419__91__c__93__ + s_0981__91__c__93__,R01001,R01001,1,,chebi,2342,False,True,,0,
BIOMD0000001063,r_0311,s_0981__91__c__93__ + s_1233__91__c__93__ => s_0362__91__c__93__ + s_0794__91__c__93__ + s_0980__91__c__93__,R03217,R03217,1,,chebi,2342,False,True,,0,
BIOMD0000001063,r_0312,s_0841__91__c__93__ + s_1234__91__c__93__ => s_0362__91__c__93__ + s_0981__91__c__93__,R00897,R00897,1,,chebi,2342,False,True,,0,
BIOMD0000001063,r_0313,s_0434__91__c__93__ + s_0981__91__c__93__ + s_1589__91__c__93__ => s_0423__91__c__93__ + s_0542__91__c__93__ + s_0633__91__c__93__,R03650,R03650,1,,chebi,2342,False,True,,0,
BIOMD0000001063,r_0314,s_0543__91__c__93__ + s_0794__91__c__93__ + s_0803__91__c__93__ => s_0419__91__c__93__ + s_1556__91__c__93__,R01878,R01878,1,,chebi,2342,False,True,,0,
BIOMD0000001063,r_0315,s_0543__91__c__93__ + s_0785__91__c__93__ => s_0526__91__c__93__ + s_0739__91__c__93__ + s_0794__91__c__93__,R00517,R00517,1,,chebi,2342,False,True,,0,
BIOMD0000001063,r_0317,2 s_0794__91__c__93__ + s_1059__91__c__93__ + 3 s_1212__91__c__93__ + 3 s_1275__91__c__93__ => s_0262__91__c__93__ + s_0722__91__c__93__ + 4 s_0803__91__c__93__ + 3 s_1207__91__c__93__,R05640,R05640,1,,chebi,2342,False,True,,0,
BIOMD0000001063,r_0318,s_0545__91__c__93__ + s_0794__91__c__93__ + s_0803__91__c__93__ => s_0419__91__c__93__ + s_1550__91__c__93__,R00974,R00974,1,,chebi,2342,False,True,,0,
BIOMD0000001063,r_0319,s_0547__91__c__93__ + s_1275__91__c__93__ => s_0607__91__c__93__ + s_0794__91__c__93__ + s_0837__91__c__93__,R02715,R02715,1,,chebi,2342,False,True,,0,
BIOMD0000001063,r_0320,s_0548__91__c__93__ + s_1198__91__c__93__ => s_0547__91__c__93__ + s_0794__91__c__93__ + s_1203__91__c__93__,R01574,R01574,1,,chebi,2342,False,True,,0,
BIOMD0000001063,r_0321,s_0548__91__c__93__ + s_1207__91__c__93__ => s_0547__91__c__93__ + s_0794__91__c__93__ + s_1212__91__c__93__,R01575,R01575,1,,chebi,2342,False,True,,0,
BIOMD0000001063,r_0322,s_0556__91__c__93__ <=> s_0570__91__c__93__ + s_0629__91__c__93__,R02568,R02568,1,,chebi,2342,False,True,,0,
BIOMD0000001063,r_0323,s_0561__91__c__93__ + s_1198__91__c__93__ => s_0553__91__c__93__ + s_0794__91__c__93__ + s_1203__91__c__93__,R00875,R00875,1,,chebi,2342,False,True,,0,
BIOMD0000001063,r_0326,s_0589__91__c__93__ + s_0794__91__c__93__ + s_0803__91__c__93__ <=> s_0419__91__c__93__ + s_0654__91__c__93__,R01663,R01663,1,,chebi,2342,False,True,,0,
BIOMD0000001063,r_0327,s_0590__91__c__93__ + s_0794__91__c__93__ + s_0803__91__c__93__ => s_0419__91__c__93__ + s_0656__91__c__93__,R02325,R02325,1,,chebi,2342,False,True,,0,
BIOMD0000001063,r_0328,s_0132__91__c__93__ + s_0794__91__c__93__ + s_0803__91__c__93__ => s_0136__91__c__93__ + s_0419__91__c__93__,R02556,R02556,1,,chebi,2342,False,True,,0,
BIOMD0000001063,r_0329,s_0610__91__c__93__ + s_0794__91__c__93__ + s_0803__91__c__93__ => s_0138__91__c__93__ + s_0419__91__c__93__,R02485,R02485,1,,chebi,2342,False,True,,0,
BIOMD0000001063,r_0330,s_0434__91__c__93__ + s_0615__91__c__93__ <=> s_0394__91__c__93__ + s_0613__91__c__93__,R02090,R02090,1,,chebi,2342,False,True,,0,
BIOMD0000001063,r_0332,s_0152__91__c__93__ + s_0434__91__c__93__ => s_0153__91__c__93__ + s_0394__91__c__93__ + s_0794__91__c__93__,R02750,R02750,1,,chebi,2342,False,True,,0,
BIOMD0000001063,r_0334,s_0200__91__m__93__ + s_0437__91__m__93__ => s_0397__91__m__93__ + s_0532__91__m__93__ + s_0799__91__m__93__,R00130,R00130,1,,chebi,2342,False,True,,0,
BIOMD0000001063,r_0335,s_0341__91__c__93__ + s_0434__91__c__93__ + s_0456__91__c__93__ <=> s_0394__91__c__93__ + s_0612__91__c__93__ + 3 s_0794__91__c__93__ + s_1322__91__c__93__,R03182,R03182,1,,chebi,2342,False,True,,0,
BIOMD0000001063,r_0344,s_0625__91__c__93__ + s_0794__91__c__93__ + s_1212__91__c__93__ => s_1207__91__c__93__ + s_1487__91__c__93__,R00939,R00939,1,,chebi,2342,False,True,,0,
BIOMD0000001063,r_0345,s_0626__91__m__93__ + s_0799__91__m__93__ + s_1214__91__m__93__ => s_1210__91__m__93__ + s_1488__91__m__93__,R00939,R00939,1,,chebi,2342,False,True,,0,
BIOMD0000001063,r_0346,s_0347__91__c__93__ + s_0434__91__c__93__ + s_0991__91__c__93__ => s_0394__91__c__93__ + s_0625__91__c__93__ + s_0794__91__c__93__ + s_1322__91__c__93__,R02237,R02237,1,,chebi,2342,False,True,,0,
BIOMD0000001063,r_0347,s_0344__91__m__93__ => s_0148__91__m__93__ + s_0777__91__m__93__,R03504,R03504,1,,chebi,2342,False,True,,0,
BIOMD0000001063,r_0348,s_0345__91__c__93__ + s_0803__91__c__93__ => s_0343__91__c__93__ + s_1322__91__c__93__,R04621,R04621,1,,chebi,2342,False,True,,0,
BIOMD0000001063,r_0349,s_0061__91__c__93__ + s_0803__91__c__93__ <=> s_0794__91__c__93__ + s_1194__91__c__93__,R01993,R01993,1,,chebi,2342,False,True,,0,
BIOMD0000001063,r_0350,s_0148__91__m__93__ + s_0273__91__m__93__ => s_0348__91__m__93__ + s_0807__91__m__93__,R03066,R03066,1,,chebi,2342,False,True,,0,
BIOMD0000001063,r_0351,s_0006__91__m__93__ + s_0273__91__m__93__ => s_0348__91__m__93__ + s_0636__91__m__93__,R03067,R03067,1,,chebi,2342,False,True,,0,
BIOMD0000001063,r_0352,s_0016__91__m__93__ => s_0233__91__m__93__ + s_0807__91__m__93__,R04441,R04441,1,,chebi,2342,False,True,,0,
BIOMD0000001063,r_0353,s_0008__91__m__93__ => s_0060__91__m__93__ + s_0807__91__m__93__,R05070,R05070,1,,chebi,2342,False,True,,0,
BIOMD0000001063,r_0354,s_0434__91__c__93__ + s_0771__91__c__93__ => s_0394__91__c__93__ + s_0629__91__c__93__ + s_0794__91__c__93__,R01011,R01011,1,,chebi,2342,False,True,,0,
BIOMD0000001063,r_0355,s_0943__91__c__93__ + s_1376__91__c__93__ => s_0633__91__c__93__ + s_0745__91__c__93__,R01658,R01658,1,,chebi,2342,False,True,,0,
BIOMD0000001063,r_0356,s_0075__91__c__93__ <=> s_0140__91__c__93__ + s_0794__91__c__93__,R01662,R01662,1,,chebi,2342,False,True,,0,
BIOMD0000001063,r_0359,s_0143__91__c__93__ + s_1416__91__c__93__ => s_0144__91__c__93__ + s_0794__91__c__93__ + s_1413__91__c__93__,R04481,R04481,1,,chebi,2342,False,True,,0,
BIOMD0000001063,r_0360,s_0539__91__c__93__ + s_0642__91__c__93__ + s_0794__91__c__93__ => s_0467__91__c__93__ + s_0645__91__c__93__,R01018,R01018,1,,chebi,2342,False,True,,0,
BIOMD0000001063,r_0361,s_0645__91__c__93__ + s_0743__91__c__93__ => s_0644__91__er__93__ + s_0739__91__c__93__ + s_0794__91__c__93__,R01009,R01009,1,,chebi,2342,False,True,,0,
BIOMD0000001063,r_0363,s_0434__91__c__93__ + s_0649__91__c__93__ => s_0394__91__c__93__ + s_0647__91__c__93__,R02094,R02094,1,,chebi,2342,False,True,,0,
BIOMD0000001063,r_0364,s_0656__91__c__93__ + s_0803__91__c__93__ => s_0633__91__c__93__ + s_0654__91__c__93__ + s_0794__91__c__93__,R02100,R02100,1,,chebi,2342,False,True,,0,
BIOMD0000001063,r_0366,s_0188__91__c__93__ <=> s_0803__91__c__93__ + s_1360__91__c__93__,R00658,R00658,1,,chebi,2342,False,True,,0,
BIOMD0000001063,r_0368,s_0434__91__c__93__ + s_0683__91__c__93__ => s_0394__91__c__93__ + s_0794__91__c__93__ + s_1239__91__c__93__,R01468,R01468,1,,chebi,2342,False,True,,0,
BIOMD0000001063,r_0370,s_0003__91__e__93__ + s_0805__91__e__93__ => s_0565__91__e__93__,R00308,R00308,1,,chebi,2342,False,True,,0,
BIOMD0000001063,r_0373,s_0190__91__c__93__ + s_0943__91__c__93__ => s_0189__91__c__93__ + s_0633__91__c__93__,R02061,R02061,1,,chebi,2342,False,True,,0,
BIOMD0000001063,r_0402,s_0439__91__p__93__ + s_0534__91__p__93__ + s_1291__91__p__93__ <=> s_0426__91__p__93__ + s_0638__91__p__93__ + s_1305__91__p__93__,R01280,R01280,1,,chebi,2342,False,True,,0,
BIOMD0000001063,r_0436,s_0926__91__m__93__ + s_1383__91__m__93__ => s_0712__91__m__93__ + 2 s_0799__91__m__93__,R00310,R00310,1,,chebi,2342,False,True,,0,
BIOMD0000001063,r_0437,2 s_0710__91__m__93__ + s_0838__91__m__93__ => 2 s_0709__91__m__93__ + 2 s_0807__91__m__93__,R00017,R00017,1,,chebi,2342,False,True,,0,
BIOMD0000001063,r_0438,s_0710__91__m__93__ + 1.266 s_0799__91__m__93__ + 0.25 s_1278__91__m__93__ => s_0709__91__m__93__ + 0.633 s_0794__91__c__93__ + 0.5 s_0807__91__m__93__,R00081,R00081,1,,chebi,2342,False,True,,0,
BIOMD0000001063,r_0440,s_0434__91__c__93__ + s_0714__91__c__93__ + s_0794__91__c__93__ => s_0633__91__c__93__ + s_0687__91__c__93__,R00161,R00161,1,,chebi,2342,False,True,,0,
BIOMD0000001063,r_0441,s_0714__91__c__93__ + 2 s_0794__91__c__93__ + s_1203__91__c__93__ => s_0717__91__c__93__ + s_1198__91__c__93__,R05705,R05705,1,,chebi,2342,False,True,,0,
BIOMD0000001063,r_0442,s_0714__91__c__93__ + 2 s_0794__91__c__93__ + s_1212__91__c__93__ => s_0717__91__c__93__ + s_1207__91__c__93__,R05706,R05706,1,,chebi,2342,False,True,,0,
BIOMD0000001063,r_0445,s_0722__91__c__93__ + s_1198__91__c__93__ => s_0456__91__c__93__ + s_1203__91__c__93__,R00519,R00519,1,,chebi,2342,False,True,,0,
BIOMD0000001063,r_0446,s_0434__91__c__93__ + s_0722__91__c__93__ + s_1487__91__c__93__ <=> s_0120__91__c__93__ + s_0394__91__c__93__ + s_1322__91__c__93__,R00943,R00943,1,,chebi,2342,False,True,,0,
BIOMD0000001063,r_0447,s_0437__91__m__93__ + s_0724__91__m__93__ + s_1488__91__m__93__ <=> s_0121__91__m__93__ + s_0397__91__m__93__ + s_1326__91__m__93__,R00943,R00943,1,,chebi,2342,False,True,,0,
BIOMD0000001063,r_0448,s_0442__91__c__93__ + s_0803__91__c__93__ => s_0557__91__c__93__ + s_1322__91__c__93__,R00763,R00763,1,,chebi,2342,False,True,,0,
BIOMD0000001063,r_0449,s_0555__91__c__93__ + s_0803__91__c__93__ => s_0557__91__c__93__ + s_1322__91__c__93__,R00762,R00762,1,,chebi,2342,False,True,,0,
BIOMD0000001063,r_0451,s_0727__91__m__93__ + s_0807__91__m__93__ <=> s_0068__91__m__93__,R01082,R01082,1,,chebi,2342,False,True,,0,
BIOMD0000001063,r_0452,s_0725__91__c__93__ + s_0803__91__c__93__ <=> s_0066__91__c__93__,R01082,R01082,1,,chebi,2342,False,True,,0,
BIOMD0000001063,r_0453,s_0061__91__c__93__ + s_0725__91__c__93__ => s_1269__91__c__93__ + s_1458__91__c__93__,R01867,R01867,1,,chebi,2342,False,True,,0,
BIOMD0000001063,r_0454,s_0690__91__m__93__ + s_0727__91__m__93__ <=> s_0688__91__m__93__ + s_0799__91__m__93__ + s_1460__91__m__93__,R00408,R00408,1,,chebi,2342,False,True,,0,
BIOMD0000001063,r_0455,s_0689__91__c__93__ + s_0725__91__c__93__ <=> s_0687__91__c__93__ + s_0794__91__c__93__ + s_1458__91__c__93__,R00408,R00408,1,,chebi,2342,False,True,,0,
BIOMD0000001063,r_0458,s_0434__91__c__93__ + s_0558__91__c__93__ => s_0394__91__c__93__ + s_0410__91__c__93__ + s_0794__91__c__93__,R01092,R01092,1,,chebi,2342,False,True,,0,
BIOMD0000001063,r_0459,s_0410__91__c__93__ + s_0794__91__c__93__ + s_1559__91__c__93__ => s_0633__91__c__93__ + s_1541__91__c__93__,R00502,R00502,1,,chebi,2342,False,True,,0,
BIOMD0000001063,r_0460,s_0434__91__c__93__ + s_0981__91__c__93__ + s_0991__91__c__93__ => s_0394__91__c__93__ + s_0794__91__c__93__ + s_0988__91__c__93__ + s_1322__91__c__93__,R00894,R00894,1,,chebi,2342,False,True,,0,
BIOMD0000001063,r_0461,s_0189__91__c__93__ + s_0943__91__c__93__ => s_0633__91__c__93__ + s_1311__91__c__93__,R07475,R07475,1,,chebi,2342,False,True,,0,
BIOMD0000001063,r_0462,s_0745__91__c__93__ + s_0943__91__c__93__ => s_0190__91__c__93__ + s_0633__91__c__93__,R02003,R02003,1,,chebi,2342,False,True,,0,
BIOMD0000001063,r_0466,s_0568__91__c__93__ + s_1207__91__c__93__ => s_0335__91__c__93__ + s_0794__91__c__93__ + s_1212__91__c__93__,R00835,R00835,1,,chebi,2342,False,True,,0,
BIOMD0000001063,r_0467,s_0568__91__c__93__ <=> s_0557__91__c__93__,R00771,R00771,1,,chebi,2342,False,True,,0,
BIOMD0000001063,r_0468,s_0434__91__c__93__ + s_0991__91__c__93__ => s_0394__91__c__93__ + s_0986__91__c__93__,R00239,R00239,1,,chebi,2342,False,True,,0,
BIOMD0000001063,r_0469,s_0794__91__c__93__ + s_0991__91__c__93__ => s_0456__91__c__93__ + s_0734__91__c__93__,R00261,R00261,1,,chebi,2342,False,True,,0,
BIOMD0000001063,r_0470,s_0803__91__c__93__ + s_0991__91__c__93__ + s_1198__91__c__93__ => s_0180__91__c__93__ + s_0419__91__c__93__ + s_0794__91__c__93__ + s_1203__91__c__93__,R00243,R00243,1,,chebi,2342,False,True,,0,
BIOMD0000001063,r_0471,s_0180__91__c__93__ + s_0419__91__c__93__ + s_0794__91__c__93__ + s_1212__91__c__93__ => s_0803__91__c__93__ + s_0991__91__c__93__ + s_1207__91__c__93__,R00248,R00248,1,,chebi,2342,False,True,,0,
BIOMD0000001063,r_0472,s_0180__91__c__93__ + s_0794__91__c__93__ + s_0999__91__c__93__ + s_1203__91__c__93__ => 2 s_0991__91__c__93__ + s_1198__91__c__93__,R00093,R00093,1,,chebi,2342,False,True,,0,
BIOMD0000001063,r_0473,s_0794__91__c__93__ + s_0986__91__c__93__ + s_1212__91__c__93__ => s_0997__91__c__93__ + s_1207__91__c__93__ + s_1322__91__c__93__,R03313,R03313,1,,chebi,2342,False,True,,0,
BIOMD0000001063,r_0475,s_0803__91__c__93__ + s_0999__91__c__93__ => s_0419__91__c__93__ + s_0991__91__c__93__,R00256,R00256,1,,chebi,2342,False,True,,0,
BIOMD0000001063,r_0476,s_0419__91__c__93__ + s_0434__91__c__93__ + s_0991__91__c__93__ => s_0394__91__c__93__ + s_0794__91__c__93__ + s_0999__91__c__93__ + s_1322__91__c__93__,R00253,R00253,1,,chebi,2342,False,True,,0,
BIOMD0000001063,r_0477,s_0557__91__c__93__ + s_0999__91__c__93__ => s_0412__91__c__93__ + s_0991__91__c__93__,R00768,R00768,1,,chebi,2342,False,True,,0,
BIOMD0000001063,r_0478,s_0434__91__c__93__ + s_0999__91__c__93__ + s_1590__91__c__93__ => s_0423__91__c__93__ + s_0633__91__c__93__ + s_0747__91__c__93__,R03652,R03652,1,,chebi,2342,False,True,,0,
BIOMD0000001063,r_0479,s_0434__91__c__93__ + s_0991__91__c__93__ + s_1591__91__c__93__ => s_0423__91__c__93__ + s_0633__91__c__93__ + s_0748__91__c__93__,R05578,R05578,1,,chebi,2342,False,True,,0,
BIOMD0000001063,r_0480,s_0437__91__m__93__ + s_0993__91__m__93__ + s_1592__91__m__93__ => s_0424__91__m__93__ + s_0636__91__m__93__ + s_0749__91__m__93__,R05578,R05578,1,,chebi,2342,False,True,,0,
BIOMD0000001063,r_0481,s_0754__91__c__93__ + s_0794__91__c__93__ + s_1212__91__c__93__ => 2 s_0750__91__c__93__ + s_1207__91__c__93__,R00115,R00115,1,,chebi,2342,False,True,,0,
BIOMD0000001063,r_0482,s_0756__91__m__93__ + s_0799__91__m__93__ + s_1214__91__m__93__ => 2 s_0752__91__m__93__ + s_1210__91__m__93__,R00115,R00115,1,,chebi,2342,False,True,,0,
BIOMD0000001063,r_0483,2 s_0750__91__c__93__ + s_0837__91__c__93__ => s_0754__91__c__93__ + 2 s_0803__91__c__93__,R00274,R00274,1,,chebi,2342,False,True,,0,
BIOMD0000001063,r_0484,2 s_0752__91__m__93__ + s_0838__91__m__93__ => s_0756__91__m__93__ + 2 s_0807__91__m__93__,R00274,R00274,1,,chebi,2342,False,True,,0,
BIOMD0000001063,r_0485,s_0434__91__c__93__ + s_0988__91__c__93__ + s_1003__91__c__93__ => s_0394__91__c__93__ + s_0750__91__c__93__ + s_0794__91__c__93__ + s_1322__91__c__93__,R00497,R00497,1,,chebi,2342,False,True,,0,
BIOMD0000001063,r_0486,s_0764__91__c__93__ + s_1198__91__c__93__ + s_1322__91__c__93__ <=> s_0075__91__c__93__ + s_0794__91__c__93__ + s_1203__91__c__93__,R01061,R01061,1,,chebi,2342,False,True,,0,
BIOMD0000001063,r_0487,s_0765__91__c__93__ + s_1207__91__c__93__ => s_0771__91__c__93__ + s_0794__91__c__93__ + s_1212__91__c__93__,R01039,R01039,1,,chebi,2342,False,True,,0,
BIOMD0000001063,r_0488,s_0434__91__c__93__ + s_0765__91__c__93__ => s_0394__91__c__93__ + s_0767__91__c__93__ + s_0794__91__c__93__,R00847,R00847,1,,chebi,2342,False,True,,0,
BIOMD0000001063,r_0489,s_0767__91__c__93__ + s_0803__91__c__93__ => s_0765__91__c__93__ + s_1322__91__c__93__,R00841,R00841,1,,chebi,2342,False,True,,0,
BIOMD0000001063,r_0490,s_0688__91__m__93__ + s_0770__91__m__93__ + s_0799__91__m__93__ => s_0632__91__m__93__ + s_0690__91__m__93__,R00848,R00848,1,,chebi,2342,False,True,,0,
BIOMD0000001063,r_0491,s_0629__91__c__93__ + s_0794__91__c__93__ + s_1203__91__c__93__ => s_0767__91__c__93__ + s_1198__91__c__93__,R00842,R00842,1,,chebi,2342,False,True,,0,
BIOMD0000001063,r_0492,s_0632__91__m__93__ + s_0799__91__m__93__ + s_1205__91__m__93__ => s_0770__91__m__93__ + s_1200__91__m__93__,R00842,R00842,1,,chebi,2342,False,True,,0,
BIOMD0000001063,r_0497,s_0803__91__c__93__ + s_1433__91__c__93__ => s_0512__91__c__93__ + s_0767__91__c__93__ + s_0794__91__c__93__,R01030,R01030,1,,chebi,2342,False,True,,0,
BIOMD0000001063,r_0499,s_0120__91__c__93__ + s_0325__91__c__93__ => s_0301__91__c__93__ + s_0794__91__c__93__ + s_1487__91__c__93__,R04325,R04325,1,,chebi,2342,False,True,,0,
BIOMD0000001063,r_0500,s_0529__91__c__93__ + s_0952__91__c__93__ => s_0373__91__c__93__ + s_1003__91__c__93__,R00371,R00371,1,,chebi,2342,False,True,,0,
BIOMD0000001063,r_0502,s_1039__91__c__93__ + s_1487__91__c__93__ <=> s_0306__91__c__93__ + s_0803__91__c__93__ + s_1003__91__c__93__,R00945,R00945,1,,chebi,2342,False,True,,0,
BIOMD0000001063,r_0503,s_1042__91__m__93__ + s_1488__91__m__93__ <=> s_0307__91__m__93__ + s_0807__91__m__93__ + s_1005__91__m__93__,R00945,R00945,1,,chebi,2342,False,True,,0,
BIOMD0000001063,r_0505,s_0627__91__m__93__ + s_1200__91__m__93__ => s_0799__91__m__93__ + s_1097__91__m__93__ + s_1205__91__m__93__,R01698,R01698,1,,chebi,2342,False,True,,0,
BIOMD0000001063,r_0506,s_1005__91__m__93__ + s_1098__91__m__93__ => s_0460__91__m__93__ + s_1410__91__m__93__,R03425,R03425,1,,chebi,2342,False,True,,0,
BIOMD0000001063,r_0507,s_0799__91__m__93__ + s_1410__91__m__93__ + s_1488__91__m__93__ => s_0307__91__m__93__ + s_0421__91__m__93__ + s_0628__91__m__93__,R04125,R04125,1,,chebi,2342,False,True,,0,
BIOMD0000001063,r_0508,s_0628__91__m__93__ + s_1200__91__m__93__ => s_0799__91__m__93__ + s_1098__91__m__93__ + s_1205__91__m__93__,R03815,R03815,1,,chebi,2342,False,True,,0,
BIOMD0000001063,r_0512,s_0434__91__c__93__ + s_1003__91__c__93__ + s_1593__91__c__93__ => s_0423__91__c__93__ + s_0633__91__c__93__ + s_0757__91__c__93__,R03654,R03654,1,,chebi,2342,False,True,,0,
BIOMD0000001063,r_0514,s_0434__91__c__93__ + s_0803__91__c__93__ + s_0999__91__c__93__ + s_1565__91__c__93__ => s_0423__91__c__93__ + s_0633__91__c__93__ + s_0782__91__c__93__ + 2 s_0794__91__c__93__ + s_0991__91__c__93__,R01231,R01231,1,,chebi,2342,False,True,,0,
BIOMD0000001063,r_0518,s_0331__91__er__93__ + s_0804__91__er__93__ <=> s_0329__91__er__93__ + s_0363__91__er__93__ + s_0795__91__er__93__,R05917,R05917,1,,chebi,2342,False,True,,0,
BIOMD0000001063,r_0524,s_0785__91__c__93__ + s_0803__91__c__93__ => s_0346__91__c__93__ + s_0722__91__c__93__ + s_0794__91__c__93__,R00424,R00424,1,,chebi,2342,False,True,,0,
BIOMD0000001063,r_0525,s_0785__91__c__93__ + 3 s_0803__91__c__93__ => s_0141__91__c__93__ + s_0633__91__c__93__ + s_0722__91__c__93__ + 2 s_0794__91__c__93__,R00425,R00425,1,,chebi,2342,False,True,,0,
BIOMD0000001063,r_0526,s_0787__91__c__93__ + s_0794__91__c__93__ + s_0803__91__c__93__ => s_0357__91__c__93__ + s_0419__91__c__93__,R01676,R01676,1,,chebi,2342,False,True,,0,
BIOMD0000001063,r_0527,s_0787__91__c__93__ + s_1386__91__c__93__ => s_0633__91__c__93__ + s_0782__91__c__93__,R01229,R01229,1,,chebi,2342,False,True,,0,
BIOMD0000001063,r_0528,s_0434__91__c__93__ + s_0782__91__c__93__ => s_0394__91__c__93__ + s_0739__91__c__93__,R00332,R00332,1,,chebi,2342,False,True,,0,
BIOMD0000001063,r_0531,s_0191__91__m__93__ + s_0712__91__m__93__ + s_0807__91__m__93__ => s_0636__91__m__93__ + s_0812__91__m__93__,R07411,R07411,1,,chebi,2342,False,True,,0,
BIOMD0000001063,r_0533,s_0434__91__c__93__ + s_0553__91__c__93__ => s_0394__91__c__93__ + s_0557__91__c__93__ + s_0794__91__c__93__,R00760,R00760,1,,chebi,2342,False,True,,0,
BIOMD0000001063,r_0534,s_0434__91__c__93__ + s_0563__91__c__93__ => s_0394__91__c__93__ + s_0568__91__c__93__ + s_0794__91__c__93__,R00299,R00299,1,,chebi,2342,False,True,,0,
BIOMD0000001063,r_0535,s_0434__91__c__93__ + s_0571__91__c__93__ => s_0394__91__c__93__ + s_0574__91__c__93__ + s_0794__91__c__93__,R01326,R01326,1,,chebi,2342,False,True,,0,
BIOMD0000001063,r_0536,s_0803__91__c__93__ + s_1010__91__c__93__ + 2 s_1198__91__c__93__ => 3 s_0794__91__c__93__ + s_1006__91__c__93__ + 2 s_1203__91__c__93__,R01158,R01158,1,,chebi,2342,False,True,,0,
BIOMD0000001063,r_0537,s_0803__91__c__93__ + s_1011__91__c__93__ => s_1010__91__c__93__ + s_1322__91__c__93__,R03013,R03013,1,,chebi,2342,False,True,,0,
BIOMD0000001063,r_0538,s_0207__91__c__93__ + s_0991__91__c__93__ => s_0180__91__c__93__ + s_1011__91__c__93__,R03243,R03243,1,,chebi,2342,False,True,,0,
BIOMD0000001063,r_0539,s_0434__91__c__93__ + s_1006__91__c__93__ + s_1594__91__c__93__ => s_0423__91__c__93__ + s_0633__91__c__93__ + s_0832__91__c__93__,R03655,R03655,1,,chebi,2342,False,True,,0,
BIOMD0000001063,r_0540,s_0437__91__m__93__ + s_1008__91__m__93__ + s_1595__91__m__93__ => s_0424__91__m__93__ + s_0636__91__m__93__ + s_0833__91__m__93__,R03655,R03655,1,,chebi,2342,False,True,,0,
BIOMD0000001063,r_0541,s_1006__91__c__93__ + s_1416__91__c__93__ => s_0794__91__c__93__ + s_1183__91__c__93__ + s_1413__91__c__93__,R01159,R01159,1,,chebi,2342,False,True,,0,
BIOMD0000001063,r_0542,s_0454__91__m__93__ + s_0807__91__m__93__ <=> s_0836__91__m__93__,R04371,R04371,1,,chebi,2342,False,True,,0,
BIOMD0000001063,r_0543,s_0183__91__n__93__ + s_0377__91__n__93__ + s_0808__91__n__93__ => s_0533__91__n__93__ + s_0800__91__n__93__ + s_0835__91__n__93__,R00271,R00271,1,,chebi,2342,False,True,,0,
BIOMD0000001063,r_0544,s_1012__91__c__93__ + s_1416__91__c__93__ => s_0794__91__c__93__ + s_1029__91__c__93__ + s_1413__91__c__93__,R00650,R00650,1,,chebi,2342,False,True,,0,
BIOMD0000001063,r_0545,s_0836__91__m__93__ + s_1200__91__m__93__ => s_0177__91__m__93__ + s_0460__91__m__93__ + s_1205__91__m__93__,R01934,R01934,1,,chebi,2342,False,True,,0,
BIOMD0000001063,r_0546,s_0794__91__c__93__ + s_0978__91__c__93__ + s_1203__91__c__93__ => s_1014__91__c__93__ + s_1198__91__c__93__,R01775,R01775,1,,chebi,2342,False,True,,0,
BIOMD0000001063,r_0547,s_0794__91__c__93__ + s_0978__91__c__93__ + s_1212__91__c__93__ => s_1014__91__c__93__ + s_1207__91__c__93__,R01775,R01775,1,,chebi,2342,False,True,,0,
BIOMD0000001063,r_0548,s_0434__91__c__93__ + s_1014__91__c__93__ => s_0394__91__c__93__ + s_0794__91__c__93__ + s_1238__91__c__93__,R01771,R01771,1,,chebi,2342,False,True,,0,
BIOMD0000001063,r_0549,s_0373__91__c__93__ + s_1014__91__c__93__ => s_0529__91__c__93__ + s_1233__91__c__93__,R01776,R01776,1,,chebi,2342,False,True,,0,
BIOMD0000001063,r_0553,s_0033__91__c__93__ + s_0803__91__c__93__ => s_0025__91__c__93__ + s_0750__91__c__93__ + s_0794__91__c__93__,R01736,R01736,1,,chebi,2342,False,True,,0,
BIOMD0000001063,r_0554,s_0034__91__m__93__ + s_0807__91__m__93__ => s_0027__91__m__93__ + s_0752__91__m__93__ + s_0799__91__m__93__,R01736,R01736,1,,chebi,2342,False,True,,0,
BIOMD0000001063,r_0555,s_0287__91__m__93__ + s_0831__91__m__93__ => s_0216__91__m__93__ + s_0636__91__m__93__,R05616,R05616,1,,chebi,2342,False,True,,0,
BIOMD0000001063,r_0556,s_0310__91__c__93__ + s_0434__91__c__93__ => s_0293__91__c__93__ + s_0394__91__c__93__ + s_0794__91__c__93__,R04448,R04448,1,,chebi,2342,False,True,,0,
BIOMD0000001063,r_0557,s_0803__91__c__93__ + 4 s_1372__91__c__93__ => 4 s_0419__91__c__93__ + s_1378__91__c__93__,R00084,R00084,1,,chebi,2342,False,True,,0,
BIOMD0000001063,r_0558,s_0218__91__c__93__ + 2 s_0794__91__c__93__ + 2 s_1212__91__c__93__ => s_0028__91__c__93__ + s_0529__91__c__93__ + 2 s_1207__91__c__93__,R02082,R02082,1,,chebi,2342,False,True,,0,
BIOMD0000001063,r_0559,s_0367__91__c__93__ + s_0373__91__c__93__ + s_0803__91__c__93__ => s_0218__91__c__93__ + s_0529__91__c__93__ + s_0794__91__c__93__,R01978,R01978,1,,chebi,2342,False,True,,0,
BIOMD0000001063,r_0560,s_0370__91__m__93__ + s_0376__91__m__93__ + s_0807__91__m__93__ => s_0221__91__m__93__ + s_0532__91__m__93__ + s_0799__91__m__93__,R01978,R01978,1,,chebi,2342,False,True,,0,
BIOMD0000001063,r_0561,s_0270__91__c__93__ + s_0434__91__c__93__ => s_0268__91__c__93__ + s_0394__91__c__93__ + s_0794__91__c__93__,R03471,R03471,1,,chebi,2342,False,True,,0,
BIOMD0000001063,r_0562,s_0843__91__c__93__ + s_1386__91__c__93__ => s_0633__91__c__93__ + s_0849__91__c__93__,R01132,R01132,1,,chebi,2342,False,True,,0,
BIOMD0000001063,r_0563,s_0312__91__c__93__ + s_0999__91__c__93__ => s_0403__91__c__93__ + s_0550__91__c__93__ + s_0794__91__c__93__ + s_0991__91__c__93__,R04558,R04558,1,,chebi,2342,False,True,,0,
BIOMD0000001063,r_0564,s_0550__91__c__93__ => s_0207__91__c__93__ + s_0803__91__c__93__,R03457,R03457,1,,chebi,2342,False,True,,0,
BIOMD0000001063,r_0565,s_0803__91__c__93__ + s_0849__91__c__93__ + s_1198__91__c__93__ => s_0794__91__c__93__ + s_1203__91__c__93__ + s_1565__91__c__93__,R01130,R01130,1,,chebi,2342,False,True,,0,
BIOMD0000001063,r_0566,s_0076__91__c__93__ + s_0794__91__c__93__ => s_0086__91__c__93__ + s_0456__91__c__93__ + s_0803__91__c__93__,R03508,R03508,1,,chebi,2342,False,True,,0,
BIOMD0000001063,r_0567,s_0794__91__c__93__ + s_0855__91__c__93__ => s_0456__91__c__93__ + s_0850__91__c__93__,R01974,R01974,1,,chebi,2342,False,True,,0,
BIOMD0000001063,r_0568,s_0633__91__c__93__ + s_0803__91__c__93__ => s_0794__91__c__93__ + 2 s_1322__91__c__93__,R00004,R00004,1,,chebi,2342,False,True,,0,
BIOMD0000001063,r_0569,s_0636__91__m__93__ + s_0807__91__m__93__ => s_0799__91__m__93__ + 2 s_1326__91__m__93__,R00004,R00004,1,,chebi,2342,False,True,,0,
BIOMD0000001063,r_0570,s_1365__91__c__93__ <=> s_0803__91__c__93__ + s_0849__91__c__93__,R01127,R01127,1,,chebi,2342,False,True,,0,
BIOMD0000001063,r_0571,s_0438__91__n__93__ + s_1157__91__n__93__ => s_0398__91__n__93__ + s_0800__91__n__93__ + s_1159__91__n__93__,R05202,R05202,1,,chebi,2342,False,True,,0,
BIOMD0000001063,r_0572,s_0123__91__n__93__ + s_0438__91__n__93__ => s_0398__91__n__93__ + s_0800__91__n__93__ + s_1157__91__n__93__,R10953,R10953,1,,chebi,2342,False,True,,0,
BIOMD0000001063,r_0573,s_0124__91__n__93__ + s_0438__91__n__93__ => s_0398__91__n__93__ + s_0800__91__n__93__ + s_1157__91__n__93__,R05801,R05801,1,,chebi,2342,False,True,,0,
BIOMD0000001063,r_0574,s_0125__91__n__93__ + s_0438__91__n__93__ => s_0124__91__n__93__ + s_0398__91__n__93__ + s_0800__91__n__93__,R05800,R05800,1,,chebi,2342,False,True,,0,
BIOMD0000001063,r_0575,s_0125__91__n__93__ + s_0438__91__n__93__ => s_0123__91__n__93__ + s_0398__91__n__93__ + s_0800__91__n__93__,R03433,R03433,1,,chebi,2342,False,True,,0,
BIOMD0000001063,r_0658,s_0941__91__m__93__ + s_1200__91__m__93__ => s_0182__91__m__93__ + s_0460__91__m__93__ + s_1205__91__m__93__,R00709,R00709,1,,chebi,2342,False,True,,0,
BIOMD0000001063,r_0659,s_0940__91__c__93__ + s_1207__91__c__93__ <=> s_0180__91__c__93__ + s_0456__91__c__93__ + s_1212__91__c__93__,R00267,R00267,1,,chebi,2342,False,True,,0,
BIOMD0000001063,r_0661,s_0942__91__p__93__ + s_1211__91__p__93__ => s_0184__91__p__93__ + s_0462__91__p__93__ + s_1215__91__p__93__,R00267,R00267,1,,chebi,2342,False,True,,0,
BIOMD0000001063,r_0662,s_0940__91__c__93__ => s_0779__91__c__93__ + s_1458__91__c__93__,R00479,R00479,1,,chebi,2342,False,True,,0,
BIOMD0000001063,r_0663,s_0180__91__c__93__ + s_1016__91__c__93__ <=> s_0056__91__c__93__ + s_0991__91__c__93__,R02199,R02199,1,,chebi,2342,False,True,,0,
BIOMD0000001063,r_0664,s_0182__91__m__93__ + s_1018__91__m__93__ <=> s_0060__91__m__93__ + s_0993__91__m__93__,R02199,R02199,1,,chebi,2342,False,True,,0,
BIOMD0000001063,r_0665,s_0434__91__c__93__ + s_1016__91__c__93__ + s_1596__91__c__93__ => s_0423__91__c__93__ + s_0633__91__c__93__ + s_0847__91__c__93__,R03656,R03656,1,,chebi,2342,False,True,,0,
BIOMD0000001063,r_0666,s_0437__91__m__93__ + s_1018__91__m__93__ + s_1597__91__m__93__ => s_0424__91__m__93__ + s_0636__91__m__93__ + s_0848__91__m__93__,R03656,R03656,1,,chebi,2342,False,True,,0,
BIOMD0000001063,r_0667,s_0943__91__c__93__ <=> s_1376__91__c__93__,R01123,R01123,1,,chebi,2342,False,True,,0,
BIOMD0000001063,r_0668,s_0437__91__m__93__ + s_0532__91__m__93__ + s_0946__91__m__93__ <=> s_0397__91__m__93__ + s_0949__91__m__93__ + s_1326__91__m__93__,R02404,R02404,1,,chebi,2342,False,True,,0,
BIOMD0000001063,r_0670,s_0803__91__c__93__ + s_1020__91__c__93__ => s_0427__91__c__93__ + s_0794__91__c__93__ + s_0955__91__c__93__,R00987,R00987,1,,chebi,2342,False,True,,0,
BIOMD0000001063,r_0671,s_0794__91__c__93__ + s_1020__91__c__93__ + s_1212__91__c__93__ + s_1275__91__c__93__ => s_0222__91__c__93__ + s_0803__91__c__93__ + s_1207__91__c__93__,R01960,R01960,1,,chebi,2342,False,True,,0,
BIOMD0000001063,r_0672,s_0117__91__m__93__ + 2 s_0807__91__m__93__ + s_1200__91__m__93__ <=> s_0678__91__m__93__ + s_0799__91__m__93__ + s_1205__91__m__93__,R04444,R04444,1,,chebi,2342,False,True,,0,
BIOMD0000001063,r_0673,s_0807__91__m__93__ + s_0954__91__m__93__ + s_1200__91__m__93__ <=> s_0678__91__m__93__ + 2 s_0799__91__m__93__ + s_1205__91__m__93__,R05051,R05051,1,,chebi,2342,False,True,,0,
BIOMD0000001063,r_0674,s_0182__91__m__93__ + s_0957__91__m__93__ <=> s_0993__91__m__93__ + s_1401__91__m__93__,R00258,R00258,1,,chebi,2342,False,True,,0,
BIOMD0000001063,r_0675,s_0958__91__c__93__ => s_0359__91__c__93__ + s_1003__91__c__93__,R06171,R06171,1,,chebi,2342,False,True,,0,
BIOMD0000001063,r_0676,s_0958__91__c__93__ + s_1207__91__c__93__ <=> s_0794__91__c__93__ + s_0952__91__c__93__ + s_1212__91__c__93__,R10851,R10851,1,,chebi,2342,False,True,,0,
BIOMD0000001063,r_0679,s_0803__91__c__93__ + s_0969__91__c__93__ => s_0419__91__c__93__ + s_0973__91__c__93__,R00485,R00485,1,,chebi,2342,False,True,,0,
BIOMD0000001063,r_0680,s_0805__91__e__93__ + s_0970__91__e__93__ => s_0420__91__e__93__ + s_0974__91__e__93__,R00485,R00485,1,,chebi,2342,False,True,,0,
BIOMD0000001063,r_0681,s_0180__91__c__93__ + s_0677__91__c__93__ => s_0282__91__c__93__ + s_0991__91__c__93__,R03266,R03266,1,,chebi,2342,False,True,,0,
BIOMD0000001063,r_0682,s_0182__91__m__93__ + s_0678__91__m__93__ => s_0283__91__m__93__ + s_0993__91__m__93__,R03266,R03266,1,,chebi,2342,False,True,,0,
BIOMD0000001063,r_0683,s_0184__91__p__93__ + s_0679__91__p__93__ => s_0284__91__p__93__ + s_0995__91__p__93__,R03266,R03266,1,,chebi,2342,False,True,,0,
BIOMD0000001063,r_0687,s_0116__91__c__93__ + 2 s_0794__91__c__93__ + s_1212__91__c__93__ => s_1207__91__c__93__ + s_4207__91__c__93__,R03293,R03293,1,,chebi,2342,False,True,,0,
BIOMD0000001063,r_0688,s_0794__91__c__93__ + s_1151__91__c__93__ + s_1212__91__c__93__ => s_0062__91__c__93__ + s_1207__91__c__93__,R02260,R02260,1,,chebi,2342,False,True,,0,
BIOMD0000001063,r_0689,s_1039__91__c__93__ => s_0419__91__c__93__ + s_1399__91__c__93__,R00220,R00220,1,,chebi,2342,False,True,,0,
BIOMD0000001063,r_0690,s_1039__91__c__93__ + s_1207__91__c__93__ => s_0794__91__c__93__ + s_0960__91__c__93__ + s_1212__91__c__93__,R06126,R06126,1,,chebi,2342,False,True,,0,
BIOMD0000001063,r_0692,s_1045__91__c__93__ => s_0178__91__c__93__ + s_0419__91__c__93__,R00996,R00996,1,,chebi,2342,False,True,,0,
BIOMD0000001063,r_0693,s_1047__91__m__93__ => s_0179__91__m__93__ + s_0421__91__m__93__,R00996,R00996,1,,chebi,2342,False,True,,0,
BIOMD0000001063,r_0694,s_1048__91__c__93__ + s_1275__91__c__93__ => s_1195__91__c__93__,R00678,R00678,1,,chebi,2342,False,True,,0,
BIOMD0000001063,r_0696,s_0062__91__c__93__ + s_0803__91__c__93__ + s_1198__91__c__93__ => s_0063__91__c__93__ + 2 s_0794__91__c__93__ + s_1203__91__c__93__,R01446,R01446,1,,chebi,2342,False,True,,0,
BIOMD0000001063,r_0697,s_0750__91__c__93__ + s_1151__91__c__93__ => s_0033__91__c__93__,R02530,R02530,1,,chebi,2342,False,True,,0,
BIOMD0000001063,r_0698,s_0037__91__c__93__ => s_1059__91__c__93__,R03199,R03199,1,,chebi,2342,False,True,,0,
BIOMD0000001063,r_0699,s_0180__91__c__93__ + s_1021__91__c__93__ <=> s_0291__91__c__93__ + s_0991__91__c__93__,R01090,R01090,1,,chebi,2342,False,True,,0,
BIOMD0000001063,r_0700,s_0182__91__m__93__ + s_1023__91__m__93__ <=> s_0292__91__m__93__ + s_0993__91__m__93__,R01090,R01090,1,,chebi,2342,False,True,,0,
BIOMD0000001063,r_0701,s_0434__91__c__93__ + s_1021__91__c__93__ + s_1598__91__c__93__ => s_0423__91__c__93__ + s_0633__91__c__93__ + s_1077__91__c__93__,R03657,R03657,1,,chebi,2342,False,True,,0,
BIOMD0000001063,r_0702,s_0437__91__m__93__ + s_1023__91__m__93__ + s_1599__91__m__93__ => s_0424__91__m__93__ + s_0636__91__m__93__ + s_1078__91__m__93__,R03657,R03657,1,,chebi,2342,False,True,,0,
BIOMD0000001063,r_0707,s_0803__91__c__93__ + s_1079__91__c__93__ <=> s_1081__91__c__93__,R03057,R03057,1,,chebi,2342,False,True,,0,
BIOMD0000001063,r_0708,s_0808__91__n__93__ + s_1080__91__n__93__ <=> s_1082__91__n__93__,R03057,R03057,1,,chebi,2342,False,True,,0,
BIOMD0000001063,r_0711,s_0434__91__c__93__ + s_1025__91__c__93__ + s_1600__91__c__93__ => s_0423__91__c__93__ + s_0633__91__c__93__ + s_1099__91__c__93__,R03658,R03658,1,,chebi,2342,False,True,,0,
BIOMD0000001063,r_0712,s_0437__91__m__93__ + s_1027__91__m__93__ + s_1601__91__m__93__ => s_0424__91__m__93__ + s_0636__91__m__93__ + s_1100__91__m__93__,R03658,R03658,1,,chebi,2342,False,True,,0,
BIOMD0000001063,r_0713,s_0068__91__m__93__ + s_1200__91__m__93__ <=> s_0799__91__m__93__ + s_1205__91__m__93__ + s_1273__91__m__93__,R00342,R00342,1,,chebi,2342,False,True,,0,
BIOMD0000001063,r_0714,s_0066__91__c__93__ + s_1198__91__c__93__ <=> s_0794__91__c__93__ + s_1203__91__c__93__ + s_1271__91__c__93__,R00342,R00342,1,,chebi,2342,False,True,,0,
BIOMD0000001063,r_0715,s_0069__91__p__93__ + s_1202__91__p__93__ <=> s_0801__91__p__93__ + s_1206__91__p__93__ + s_1274__91__p__93__,R00342,R00342,1,,chebi,2342,False,True,,0,
BIOMD0000001063,r_0716,s_0373__91__c__93__ + s_0779__91__c__93__ + s_0803__91__c__93__ => s_0066__91__c__93__ + s_0529__91__c__93__ + s_0794__91__c__93__,R00472,R00472,1,,chebi,2342,False,True,,0,
BIOMD0000001063,r_0717,s_0378__91__p__93__ + s_0781__91__p__93__ + s_0809__91__p__93__ => s_0069__91__p__93__ + s_0534__91__p__93__ + s_0801__91__p__93__,R00472,R00472,1,,chebi,2342,False,True,,0,
BIOMD0000001063,r_0718,s_0068__91__m__93__ + s_1200__91__m__93__ => s_0460__91__m__93__ + s_1205__91__m__93__ + s_1401__91__m__93__,R00214,R00214,1,,chebi,2342,False,True,,0,
BIOMD0000001063,r_0719,s_0068__91__m__93__ + s_1210__91__m__93__ => s_0460__91__m__93__ + s_1214__91__m__93__ + s_1401__91__m__93__,R00214,R00214,1,,chebi,2342,False,True,,0,
BIOMD0000001063,r_0721,s_1104__91__m__93__ + s_1845__91__m__93__ <=> s_0465__91__m__93__ + s_0532__91__m__93__,R01626,R01626,1,,chebi,2342,False,True,,0,
BIOMD0000001063,r_0722,s_0573__91__c__93__ + s_0785__91__c__93__ + s_0794__91__c__93__ => s_0633__91__c__93__ + s_0743__91__c__93__,R00885,R00885,1,,chebi,2342,False,True,,0,
BIOMD0000001063,r_0723,s_0574__91__c__93__ <=> s_0557__91__c__93__,R00772,R00772,1,,chebi,2342,False,True,,0,
BIOMD0000001063,r_0724,s_0305__91__m__93__ + s_0807__91__m__93__ <=> s_0121__91__m__93__ + s_0799__91__m__93__,R01655,R01655,1,,chebi,2342,False,True,,0,
BIOMD0000001063,r_0725,s_0304__91__c__93__ + s_0803__91__c__93__ <=> s_0120__91__c__93__ + s_0794__91__c__93__,R01655,R01655,1,,chebi,2342,False,True,,0,
BIOMD0000001063,r_0726,s_0434__91__c__93__ + s_0803__91__c__93__ + s_1029__91__c__93__ => s_0633__91__c__93__ + s_1322__91__c__93__ + s_1416__91__c__93__,R00177,R00177,1,,chebi,2342,False,True,,0,
BIOMD0000001063,r_0727,s_0322__91__c__93__ + s_1012__91__c__93__ => s_1029__91__c__93__ + s_1487__91__c__93__,R00946,R00946,1,,chebi,2342,False,True,,0,
BIOMD0000001063,r_0728,s_0121__91__m__93__ + s_1149__91__m__93__ => s_0713__91__m__93__ + s_0799__91__m__93__ + s_1488__91__m__93__,R03940,R03940,1,,chebi,2342,False,True,,0,
BIOMD0000001063,r_0729,s_0434__91__c__93__ + s_1029__91__c__93__ + s_1602__91__c__93__ => s_0423__91__c__93__ + s_0633__91__c__93__ + s_1148__91__c__93__,R03659,R03659,1,,chebi,2342,False,True,,0,
BIOMD0000001063,r_0730,s_0437__91__m__93__ + s_1031__91__m__93__ + s_1603__91__m__93__ => s_0424__91__m__93__ + s_0636__91__m__93__ + s_1149__91__m__93__,R03659,R03659,1,,chebi,2342,False,True,,0,
BIOMD0000001063,r_0731,s_0306__91__c__93__ + s_1198__91__c__93__ => s_0304__91__c__93__ + s_1203__91__c__93__,R01218,R01218,1,,chebi,2342,False,True,,0,
BIOMD0000001063,r_0732,s_0306__91__c__93__ + s_1207__91__c__93__ <=> s_0304__91__c__93__ + s_1212__91__c__93__,R01220,R01220,1,,chebi,2342,False,True,,0,
BIOMD0000001063,r_0733,s_0307__91__m__93__ + s_1210__91__m__93__ <=> s_0305__91__m__93__ + s_1214__91__m__93__,R01220,R01220,1,,chebi,2342,False,True,,0,
BIOMD0000001063,r_0734,s_0012__91__m__93__ => s_1401__91__m__93__ + s_1460__91__m__93__,R00409,R00409,1,,chebi,2342,False,True,,0,
BIOMD0000001063,r_0735,s_0028__91__c__93__ + s_0434__91__c__93__ => s_0019__91__c__93__ + s_0394__91__c__93__ + s_0794__91__c__93__,R02245,R02245,1,,chebi,2342,False,True,,0,
BIOMD0000001063,r_0739,s_0018__91__c__93__ + s_0434__91__c__93__ => s_0394__91__c__93__ + s_0456__91__c__93__ + s_0943__91__c__93__ + s_1322__91__c__93__,R01121,R01121,1,,chebi,2342,False,True,,0,
BIOMD0000001063,r_0757,s_0126__91__c__93__ + s_0803__91__c__93__ => s_1153__91__c__93__ + s_1322__91__c__93__,R01185,R01185,1,,chebi,2342,False,True,,0,
BIOMD0000001063,r_0759,s_0799__91__m__93__ + s_1191__91__m__93__ + s_1214__91__m__93__ => s_0145__91__m__93__ + s_1210__91__m__93__ + s_1326__91__m__93__,R03443,R03443,1,,chebi,2342,False,True,,0,
BIOMD0000001063,r_0760,s_0373__91__c__93__ + s_0412__91__c__93__ => s_0529__91__c__93__ + s_0794__91__c__93__ + s_1190__91__c__93__,R02058,R02058,1,,chebi,2342,False,True,,0,
BIOMD0000001063,r_0761,s_0376__91__m__93__ + s_0993__91__m__93__ <=> s_0532__91__m__93__ + s_0799__91__m__93__ + s_1192__91__m__93__,R00259,R00259,1,,chebi,2342,False,True,,0,
BIOMD0000001063,r_0762,s_0803__91__c__93__ + s_1195__91__c__93__ => s_0722__91__c__93__ + s_0794__91__c__93__ + s_1020__91__c__93__,R01959,R01959,1,,chebi,2342,False,True,,0,
BIOMD0000001063,r_0764,s_0809__91__p__93__ + s_1202__91__p__93__ => s_0426__91__p__93__ + 2 s_0801__91__p__93__ + s_1228__91__p__93__,R00103,R00103,1,,chebi,2342,False,True,,0,
BIOMD0000001063,r_0765,s_0434__91__c__93__ + s_1198__91__c__93__ => s_0394__91__c__93__ + s_0794__91__c__93__ + s_1207__91__c__93__,R00104,R00104,1,,chebi,2342,False,True,,0,
BIOMD0000001063,r_0766,s_0437__91__m__93__ + s_1200__91__m__93__ => s_0397__91__m__93__ + s_0799__91__m__93__ + s_1210__91__m__93__,R00104,R00104,1,,chebi,2342,False,True,,0,
BIOMD0000001063,r_0767,s_0808__91__n__93__ + s_1201__91__n__93__ => s_0402__91__n__93__ + s_0800__91__n__93__ + s_1217__91__n__93__,R00102,R00102,1,,chebi,2342,False,True,,0,
BIOMD0000001063,r_0768,s_0434__91__c__93__ + s_0591__91__c__93__ + s_0803__91__c__93__ + s_0999__91__c__93__ => s_0423__91__c__93__ + s_0633__91__c__93__ + s_0794__91__c__93__ + s_0991__91__c__93__ + s_1198__91__c__93__,R00257,R00257,1,,chebi,2342,False,True,,0,
BIOMD0000001063,r_0769,s_0438__91__n__93__ + s_0593__91__n__93__ + s_0808__91__n__93__ + s_1001__91__n__93__ <=> s_0425__91__n__93__ + s_0637__91__n__93__ + s_0800__91__n__93__ + s_0994__91__n__93__ + s_1201__91__n__93__,R00257,R00257,1,,chebi,2342,False,True,,0,
BIOMD0000001063,r_0771,s_0434__91__c__93__ + s_1203__91__c__93__ => s_0394__91__c__93__ + s_0794__91__c__93__ + s_1212__91__c__93__,R00105,R00105,1,,chebi,2342,False,True,,0,
BIOMD0000001063,r_0772,s_0437__91__m__93__ + s_1205__91__m__93__ => s_0397__91__m__93__ + s_0799__91__m__93__ + s_1214__91__m__93__,R00105,R00105,1,,chebi,2342,False,True,,0,
BIOMD0000001063,r_0774,s_0434__91__c__93__ + s_0794__91__c__93__ + s_1219__91__c__93__ + s_1386__91__c__93__ => s_0394__91__c__93__ + s_0633__91__c__93__ + s_1222__91__c__93__ + s_1322__91__c__93__,R01724,R01724,1,,chebi,2342,False,True,,0,
BIOMD0000001063,r_0775,s_0437__91__m__93__ + s_0799__91__m__93__ + s_1221__91__m__93__ + s_1387__91__m__93__ => s_0397__91__m__93__ + s_0636__91__m__93__ + s_1223__91__m__93__ + s_1326__91__m__93__,R01724,R01724,1,,chebi,2342,False,True,,0,
BIOMD0000001063,r_0781,s_0803__91__c__93__ + s_1216__91__c__93__ => s_0419__91__c__93__ + s_1219__91__c__93__,R01268,R01268,1,,chebi,2342,False,True,,0,
BIOMD0000001063,r_0782,s_1216__91__c__93__ + s_1416__91__c__93__ => s_0087__91__c__93__ + s_1413__91__c__93__,R01269,R01269,1,,chebi,2342,False,True,,0,
BIOMD0000001063,r_0783,s_0434__91__c__93__ + s_0794__91__c__93__ + s_1224__91__c__93__ => s_0633__91__c__93__ + s_1198__91__c__93__,R00137,R00137,1,,chebi,2342,False,True,,0,
BIOMD0000001063,r_0784,s_0438__91__n__93__ + s_0800__91__n__93__ + s_1227__91__n__93__ => s_0637__91__n__93__ + s_1201__91__n__93__,R00137,R00137,1,,chebi,2342,False,True,,0,
BIOMD0000001063,r_0785,s_0434__91__c__93__ + s_0794__91__c__93__ + s_1222__91__c__93__ => s_0591__91__c__93__ + s_0633__91__c__93__,R03005,R03005,1,,chebi,2342,False,True,,0,
BIOMD0000001063,r_0786,2 s_0794__91__c__93__ + s_1386__91__c__93__ + s_1403__91__c__93__ => s_0456__91__c__93__ + s_0633__91__c__93__ + s_1222__91__c__93__,R03348,R03348,1,,chebi,2342,False,True,,0,
BIOMD0000001063,r_0787,2 s_0799__91__m__93__ + s_1387__91__m__93__ + s_1404__91__m__93__ => s_0460__91__m__93__ + s_0636__91__m__93__ + s_1223__91__m__93__,R03348,R03348,1,,chebi,2342,False,True,,0,
BIOMD0000001063,r_0788,s_0394__91__c__93__ + s_0803__91__c__93__ => s_0423__91__c__93__ + s_0794__91__c__93__ + s_1322__91__c__93__,R00122,R00122,1,,chebi,2342,False,True,,0,
BIOMD0000001063,r_0789,s_0739__91__c__93__ + s_0803__91__c__93__ => s_0782__91__c__93__ + s_0794__91__c__93__ + s_1322__91__c__93__,R00328,R00328,1,,chebi,2342,False,True,,0,
BIOMD0000001063,r_0790,s_0803__91__c__93__ + s_1538__91__c__93__ => s_0794__91__c__93__ + s_1322__91__c__93__ + s_1545__91__c__93__,R00155,R00155,1,,chebi,2342,False,True,,0,
BIOMD0000001063,r_0791,s_0806__91__g__93__ + s_1539__91__g__93__ => s_0797__91__g__93__ + s_1325__91__g__93__ + s_1546__91__g__93__,R00155,R00155,1,,chebi,2342,False,True,,0,
BIOMD0000001063,r_0792,s_0467__91__c__93__ + s_0803__91__c__93__ => s_0526__91__c__93__ + s_0794__91__c__93__ + s_1322__91__c__93__,R00514,R00514,1,,chebi,2342,False,True,,0,
BIOMD0000001063,r_0793,s_0803__91__c__93__ + s_0846__91__c__93__ => s_0794__91__c__93__ + s_0849__91__c__93__ + s_1322__91__c__93__,R00961,R00961,1,,chebi,2342,False,True,,0,
BIOMD0000001063,r_0795,s_0434__91__c__93__ + s_0467__91__c__93__ => s_0394__91__c__93__ + s_0539__91__c__93__,R00570,R00570,1,,chebi,2342,False,True,,0,
BIOMD0000001063,r_0796,s_0434__91__c__93__ + s_0582__91__c__93__ => s_0394__91__c__93__ + s_0586__91__c__93__,R01137,R01137,1,,chebi,2342,False,True,,0,
BIOMD0000001063,r_0797,s_0434__91__c__93__ + s_0587__91__c__93__ => s_0394__91__c__93__ + s_0590__91__c__93__,R02326,R02326,1,,chebi,2342,False,True,,0,
BIOMD0000001063,r_0798,s_0434__91__c__93__ + s_0613__91__c__93__ => s_0394__91__c__93__ + s_0617__91__c__93__,R01857,R01857,1,,chebi,2342,False,True,,0,
BIOMD0000001063,r_0799,s_0434__91__c__93__ + s_0647__91__c__93__ => s_0394__91__c__93__ + s_0650__91__c__93__,R02093,R02093,1,,chebi,2342,False,True,,0,
BIOMD0000001063,r_0800,s_0434__91__c__93__ + s_0739__91__c__93__ => s_0394__91__c__93__ + s_0785__91__c__93__,R00330,R00330,1,,chebi,2342,False,True,,0,
BIOMD0000001063,r_0801,s_0434__91__c__93__ + s_0846__91__c__93__ => s_0394__91__c__93__ + s_0950__91__c__93__,R00722,R00722,1,,chebi,2342,False,True,,0,
BIOMD0000001063,r_0802,s_0434__91__c__93__ + s_0618__91__c__93__ <=> s_0394__91__c__93__ + s_0639__91__c__93__,R03530,R03530,1,,chebi,2342,False,True,,0,
BIOMD0000001063,r_0803,s_0434__91__c__93__ + s_0652__91__c__93__ <=> s_0394__91__c__93__ + s_0656__91__c__93__,R02331,R02331,1,,chebi,2342,False,True,,0,
BIOMD0000001063,r_0804,s_0785__91__c__93__ + s_0803__91__c__93__ => s_0739__91__c__93__ + s_0794__91__c__93__ + s_1322__91__c__93__,R00335,R00335,1,,chebi,2342,False,True,,0,
BIOMD0000001063,r_0805,s_0803__91__c__93__ + s_1559__91__c__93__ => s_0794__91__c__93__ + s_1322__91__c__93__ + s_1538__91__c__93__,R00159,R00159,1,,chebi,2342,False,True,,0,
BIOMD0000001063,r_0806,s_0539__91__c__93__ + s_0803__91__c__93__ => s_0467__91__c__93__ + s_0794__91__c__93__ + s_1322__91__c__93__,R00569,R00569,1,,chebi,2342,False,True,,0,
BIOMD0000001063,r_0807,s_0803__91__c__93__ + s_0950__91__c__93__ => s_0794__91__c__93__ + s_0846__91__c__93__ + s_1322__91__c__93__,R00719,R00719,1,,chebi,2342,False,True,,0,
BIOMD0000001063,r_0810,s_0740__91__g__93__ + s_0806__91__g__93__ => s_0783__91__g__93__ + s_0797__91__g__93__ + s_1325__91__g__93__,R00328,R00328,1,,chebi,2342,False,True,,0,
BIOMD0000001063,r_0811,s_0434__91__c__93__ + s_1538__91__c__93__ => s_0394__91__c__93__ + s_1559__91__c__93__,R00156,R00156,1,,chebi,2342,False,True,,0,
BIOMD0000001063,r_0812,s_1150__91__c__93__ + s_1233__91__c__93__ => s_0362__91__c__93__ + s_0794__91__c__93__ + s_1029__91__c__93__,R00651,R00651,1,,chebi,2342,False,True,,0,
BIOMD0000001063,r_0813,s_0841__91__c__93__ + s_1233__91__c__93__ => s_0362__91__c__93__ + s_1012__91__c__93__,R01287,R01287,1,,chebi,2342,False,True,,0,
BIOMD0000001063,r_0815,s_0981__91__c__93__ + s_1241__91__c__93__ <=> s_0794__91__c__93__ + s_0980__91__c__93__ + s_1458__91__c__93__,R03260,R03260,1,,chebi,2342,False,True,,0,
BIOMD0000001063,r_0816,s_0455__91__c__93__ + s_1266__91__c__93__ => s_0794__91__c__93__ + s_0979__91__c__93__ + s_1322__91__c__93__,R01398,R01398,1,,chebi,2342,False,True,,0,
BIOMD0000001063,r_0817,s_0794__91__c__93__ + s_1266__91__c__93__ => s_0456__91__c__93__ + s_1389__91__c__93__,R00670,R00670,1,,chebi,2342,False,True,,0,
BIOMD0000001063,r_0818,s_0993__91__m__93__ + s_1182__91__m__93__ => s_1192__91__m__93__ + s_1268__91__m__93__,R02282,R02282,1,,chebi,2342,False,True,,0,
BIOMD0000001063,r_0819,s_0180__91__c__93__ + s_1266__91__c__93__ => s_0991__91__c__93__ + s_0997__91__c__93__,R00667,R00667,1,,chebi,2342,False,True,,0,
BIOMD0000001063,r_0820,s_0633__91__c__93__ + s_1270__91__c__93__ <=> s_1269__91__c__93__ + s_1386__91__c__93__,R01870,R01870,1,,chebi,2342,False,True,,0,
BIOMD0000001063,r_0821,s_0794__91__c__93__ + s_1270__91__c__93__ => s_0456__91__c__93__ + s_1545__91__c__93__,R00965,R00965,1,,chebi,2342,False,True,,0,
BIOMD0000001063,r_0831,s_0532__91__m__93__ + s_1411__91__m__93__ => s_0627__91__m__93__ + s_1464__91__m__93__,R02570,R02570,1,,chebi,2342,False,True,,0,
BIOMD0000001063,r_0832,s_0182__91__m__93__ + s_0799__91__m__93__ + s_1097__91__m__93__ => s_0460__91__m__93__ + s_1411__91__m__93__,R01700,R01700,1,,chebi,2342,False,True,,0,
BIOMD0000001063,r_0841,s_0434__91__c__93__ + s_0794__91__c__93__ + s_1307__91__c__93__ => s_0197__91__c__93__ + s_0633__91__c__93__,R03035,R03035,1,,chebi,2342,False,True,,0,
BIOMD0000001063,r_0842,s_0031__91__c__93__ + s_0434__91__c__93__ => s_0017__91__c__93__ + s_0394__91__c__93__ + s_0794__91__c__93__,R03018,R03018,1,,chebi,2342,False,True,,0,
BIOMD0000001063,r_0843,s_0030__91__c__93__ + s_0434__91__c__93__ + s_0441__91__c__93__ => s_0031__91__c__93__ + s_0423__91__c__93__ + s_0633__91__c__93__ + s_0794__91__c__93__,R02473,R02473,1,,chebi,2342,False,True,,0,
BIOMD0000001063,r_0847,s_0809__91__p__93__ + s_1305__91__p__93__ => s_0534__91__p__93__ + s_0801__91__p__93__ + s_1291__91__p__93__,R01274,R01274,1,,chebi,2342,False,True,,0,
BIOMD0000001063,r_0849,s_0809__91__p__93__ + s_1457__91__p__93__ => s_0534__91__p__93__ + s_0801__91__p__93__ + s_1451__91__p__93__,R08174,R08174,1,,chebi,2342,False,True,,0,
BIOMD0000001063,r_0851,s_0180__91__c__93__ + s_1032__91__c__93__ <=> s_0951__91__c__93__ + s_0991__91__c__93__,R00694,R00694,1,,chebi,2342,False,True,,0,
BIOMD0000001063,r_0852,s_0434__91__c__93__ + s_1032__91__c__93__ + s_1604__91__c__93__ => s_0423__91__c__93__ + s_0633__91__c__93__ + s_1314__91__c__93__,R03660,R03660,1,,chebi,2342,False,True,,0,
BIOMD0000001063,r_0853,s_0437__91__m__93__ + s_1034__91__m__93__ + s_1605__91__m__93__ => s_0424__91__m__93__ + s_0636__91__m__93__ + s_1315__91__m__93__,R03660,R03660,1,,chebi,2342,False,True,,0,
BIOMD0000001063,r_0854,s_0794__91__c__93__ + s_0951__91__c__93__ => s_0456__91__c__93__ + s_1318__91__c__93__,R01377,R01377,1,,chebi,2342,False,True,,0,
BIOMD0000001063,r_0855,s_0302__91__c__93__ + s_0434__91__c__93__ => s_0300__91__c__93__ + s_0394__91__c__93__ + s_0794__91__c__93__ + s_1322__91__c__93__,R04208,R04208,1,,chebi,2342,False,True,,0,
BIOMD0000001063,r_0882,s_1190__91__c__93__ <=> s_1189__91__c__93__,R08193,R08193,1,,chebi,2342,False,True,,0,
BIOMD0000001063,r_0884,s_0434__91__c__93__ + s_1271__91__c__93__ => s_0394__91__c__93__ + s_0456__91__c__93__ + s_1360__91__c__93__,R00341,R00341,1,,chebi,2342,False,True,,0,
BIOMD0000001063,r_0885,s_0539__91__c__93__ + s_0794__91__c__93__ + s_1239__91__c__93__ => s_0474__91__c__93__ + s_0633__91__c__93__,R02038,R02038,1,,chebi,2342,False,True,,0,
BIOMD0000001063,r_0886,s_0434__91__c__93__ + s_0557__91__c__93__ => s_0394__91__c__93__ + s_0555__91__c__93__ + s_0794__91__c__93__,R00756,R00756,1,,chebi,2342,False,True,,0,
BIOMD0000001063,r_0887,s_0434__91__c__93__ + s_1427__91__c__93__ => s_0394__91__c__93__ + s_0794__91__c__93__ + s_1426__91__c__93__,R01843,R01843,1,,chebi,2342,False,True,,0,
BIOMD0000001063,r_0888,s_0568__91__c__93__ <=> s_0567__91__c__93__,R08639,R08639,1,,chebi,2342,False,True,,0,
BIOMD0000001063,r_0889,s_0340__91__c__93__ + s_1207__91__c__93__ => s_0456__91__c__93__ + s_0577__91__c__93__ + s_1212__91__c__93__,R01528,R01528,1,,chebi,2342,False,True,,0,
BIOMD0000001063,r_0890,s_0411__91__c__93__ <=> s_0412__91__c__93__,R02060,R02060,1,,chebi,2342,False,True,,0,
BIOMD0000001063,r_0891,s_0260__91__c__93__ + s_1198__91__c__93__ => s_0258__91__c__93__ + s_0794__91__c__93__ + s_1203__91__c__93__,R01513,R01513,1,,chebi,2342,False,True,,0,
BIOMD0000001063,r_0892,s_0075__91__c__93__ + s_0394__91__c__93__ <=> s_0260__91__c__93__ + s_0434__91__c__93__,R01512,R01512,1,,chebi,2342,False,True,,0,
BIOMD0000001063,r_0893,s_0260__91__c__93__ <=> s_0188__91__c__93__,R01518,R01518,1,,chebi,2342,False,True,,0,
BIOMD0000001063,r_0902,s_0573__91__c__93__ <=> s_0574__91__c__93__,R01818,R01818,1,,chebi,2342,False,True,,0,
BIOMD0000001063,r_0903,s_0268__91__c__93__ + s_0434__91__c__93__ => s_0267__91__c__93__ + s_0394__91__c__93__,R04509,R04509,1,,chebi,2342,False,True,,0,
BIOMD0000001063,r_0904,s_0019__91__c__93__ + s_0434__91__c__93__ => s_0018__91__c__93__ + s_0394__91__c__93__,R03245,R03245,1,,chebi,2342,False,True,,0,
BIOMD0000001063,r_0905,s_0017__91__c__93__ + s_0539__91__c__93__ + s_0981__91__c__93__ => s_0526__91__c__93__ + s_0633__91__c__93__ + s_0794__91__c__93__ + s_1188__91__c__93__,R04231,R04231,1,,chebi,2342,False,True,,0,
BIOMD0000001063,r_0906,s_0794__91__c__93__ + s_1188__91__c__93__ => s_0456__91__c__93__ + s_1307__91__c__93__,R03269,R03269,1,,chebi,2342,False,True,,0,
BIOMD0000001063,r_0908,s_0434__91__c__93__ + s_0973__91__c__93__ + s_1364__91__c__93__ => s_0299__91__c__93__ + s_0394__91__c__93__ + 2 s_0794__91__c__93__ + s_1322__91__c__93__,R04591,R04591,1,,chebi,2342,False,True,,0,
BIOMD0000001063,r_0909,s_0078__91__c__93__ + s_0803__91__c__93__ => s_0077__91__c__93__,R04037,R04037,1,,chebi,2342,False,True,,0,
BIOMD0000001063,r_0910,s_0326__91__c__93__ + s_0803__91__c__93__ => s_0078__91__c__93__ + s_0633__91__c__93__ + s_0794__91__c__93__,R04035,R04035,1,,chebi,2342,False,True,,0,
BIOMD0000001063,r_0911,s_0300__91__c__93__ + s_0456__91__c__93__ => s_0794__91__c__93__ + s_1364__91__c__93__,R04209,R04209,1,,chebi,2342,False,True,,0,
BIOMD0000001063,r_0912,s_0120__91__c__93__ + s_0403__91__c__93__ <=> s_1365__91__c__93__ + s_1487__91__c__93__,R04560,R04560,1,,chebi,2342,False,True,,0,
BIOMD0000001063,r_0913,s_1187__91__c__93__ => s_0076__91__c__93__,R03509,R03509,1,,chebi,2342,False,True,,0,
BIOMD0000001063,r_0914,s_0327__91__c__93__ + s_0434__91__c__93__ + s_1003__91__c__93__ => s_0325__91__c__93__ + s_0394__91__c__93__ + s_0794__91__c__93__ + s_1322__91__c__93__,R04144,R04144,1,,chebi,2342,False,True,,0,
BIOMD0000001063,r_0915,s_0803__91__c__93__ + s_0999__91__c__93__ + s_1386__91__c__93__ => s_0327__91__c__93__ + s_0633__91__c__93__ + s_0991__91__c__93__,R01072,R01072,1,,chebi,2342,False,True,,0,
BIOMD0000001063,r_0917,s_0259__91__c__93__ + s_0803__91__c__93__ => s_1039__91__c__93__ + s_1322__91__c__93__,R00582,R00582,1,,chebi,2342,False,True,,0,
BIOMD0000001063,r_0918,s_0258__91__c__93__ + s_0991__91__c__93__ => s_0180__91__c__93__ + s_0259__91__c__93__,R04173,R04173,1,,chebi,2342,False,True,,0,
BIOMD0000001063,r_0920,s_0507__91__er__93__ + s_1366__91__er__93__ => s_0484__91__er__93__ + s_0804__91__er__93__,R06527,R06527,1,,chebi,2342,False,True,,0,
BIOMD0000001063,r_0922,s_0795__91__er__93__ + s_1213__91__er__93__ + s_1276__91__er__93__ + s_1445__91__er__93__ => s_0804__91__er__93__ + s_1208__91__er__93__ + s_1366__91__er__93__,R06525,R06525,1,,chebi,2342,False,True,,0,
BIOMD0000001063,r_0935,2 s_0315__91__c__93__ => s_0794__91__c__93__ + 2 s_0803__91__c__93__ + s_1372__91__c__93__,R00036,R00036,1,,chebi,2342,False,True,,0,
BIOMD0000001063,r_0936,s_0803__91__c__93__ + s_1181__91__c__93__ + s_1275__91__c__93__ => s_0208__91__c__93__ + s_0837__91__c__93__ + s_1180__91__c__93__,R03899,R03899,1,,chebi,2342,False,True,,0,
BIOMD0000001063,r_0937,s_0803__91__c__93__ + s_1275__91__c__93__ + s_1442__91__c__93__ => s_0208__91__c__93__ + s_0837__91__c__93__ + s_1439__91__c__93__,R09076,R09076,1,,chebi,2342,False,True,,0,
BIOMD0000001063,r_0938,s_0794__91__c__93__ + s_1377__91__c__93__ => s_0456__91__c__93__ + s_0803__91__c__93__ + s_0951__91__c__93__,R01373,R01373,1,,chebi,2342,False,True,,0,
BIOMD0000001063,r_0939,s_1207__91__c__93__ + s_1377__91__c__93__ => s_0204__91__c__93__ + s_0456__91__c__93__ + s_1212__91__c__93__,R01730,R01730,1,,chebi,2342,False,True,,0,
BIOMD0000001063,r_0940,s_0688__91__m__93__ + s_1037__91__m__93__ => s_0119__91__m__93__ + s_0690__91__m__93__,R10507,R10507,1,,chebi,2342,False,True,,0,
BIOMD0000001063,r_0941,s_0434__91__c__93__ + s_1035__91__c__93__ + s_1606__91__c__93__ => s_0423__91__c__93__ + s_0633__91__c__93__ + s_1379__91__c__93__,R03661,R03661,1,,chebi,2342,False,True,,0,
BIOMD0000001063,r_0942,3 s_1278__91__m__93__ + 2 s_1385__91__m__93__ => 6 s_0807__91__m__93__ + 2 s_1383__91__m__93__,R03222,R03222,1,,chebi,2342,False,True,,0,
BIOMD0000001063,r_0943,s_1218__91__c__93__ + s_1322__91__c__93__ => s_0415__91__c__93__ + s_0794__91__c__93__ + s_1216__91__c__93__,R02294,R02294,1,,chebi,2342,False,True,,0,
BIOMD0000001063,r_0949,s_0790__91__c__93__ + s_1322__91__c__93__ <=> s_0415__91__c__93__ + s_0787__91__c__93__,R02147,R02147,1,,chebi,2342,False,True,,0,
BIOMD0000001063,r_0950,s_0792__91__m__93__ + s_1326__91__m__93__ <=> s_0416__91__m__93__ + s_0789__91__m__93__,R02147,R02147,1,,chebi,2342,False,True,,0,
BIOMD0000001063,r_0951,s_0856__91__c__93__ + s_1322__91__c__93__ <=> s_0415__91__c__93__ + s_0843__91__c__93__,R01863,R01863,1,,chebi,2342,False,True,,0,
BIOMD0000001063,r_0954,s_0803__91__c__93__ + s_1275__91__c__93__ + s_1395__91__c__93__ => s_0419__91__c__93__ + s_0837__91__c__93__ + s_1393__91__c__93__,R00277,R00277,1,,chebi,2342,False,True,,0,
BIOMD0000001063,r_0955,s_1275__91__c__93__ + s_1398__91__c__93__ => s_0837__91__c__93__ + s_1393__91__c__93__,R00278,R00278,1,,chebi,2342,False,True,,0,
BIOMD0000001063,r_0956,s_1275__91__c__93__ + s_1396__91__c__93__ => s_0837__91__c__93__ + s_1392__91__c__93__,R01711,R01711,1,,chebi,2342,False,True,,0,
BIOMD0000001063,r_0957,s_0118__91__c__93__ + 2 s_0794__91__c__93__ + s_1212__91__c__93__ => s_1035__91__c__93__ + s_1207__91__c__93__,R01251,R01251,1,,chebi,2342,False,True,,0,
BIOMD0000001063,r_0958,s_0434__91__c__93__ + s_0445__91__c__93__ + s_1399__91__c__93__ => s_0394__91__c__93__ + s_0794__91__c__93__ + s_1271__91__c__93__ + s_1322__91__c__93__,R00344,R00344,1,,chebi,2342,False,True,,0,
BIOMD0000001063,r_0959,s_0794__91__c__93__ + s_1399__91__c__93__ => s_0359__91__c__93__ + s_0456__91__c__93__,R00224,R00224,1,,chebi,2342,False,True,,0,
BIOMD0000001063,r_0961,s_0532__91__m__93__ + s_1200__91__m__93__ + s_1401__91__m__93__ => s_0376__91__m__93__ + s_0460__91__m__93__ + s_1205__91__m__93__,R00209,R00209,1,,chebi,2342,False,True,,0,
BIOMD0000001063,r_0962,s_0394__91__c__93__ + s_0794__91__c__93__ + s_1360__91__c__93__ => s_0434__91__c__93__ + s_1399__91__c__93__,R00200,R00200,1,,chebi,2342,False,True,,0,
BIOMD0000001063,r_0965,s_0434__91__c__93__ + s_1405__91__c__93__ => s_0394__91__c__93__ + s_0714__91__c__93__ + s_0794__91__c__93__,R00549,R00549,1,,chebi,2342,False,True,,0,
BIOMD0000001063,r_0966,s_0437__91__m__93__ + s_1407__91__m__93__ => s_0397__91__m__93__ + s_0716__91__m__93__ + s_0799__91__m__93__,R00549,R00549,1,,chebi,2342,False,True,,0,
BIOMD0000001063,r_0967,s_0158__91__c__93__ + s_0314__91__c__93__ => s_0328__91__c__93__ + s_0794__91__c__93__ + 2 s_0803__91__c__93__ + s_1322__91__c__93__,R04457,R04457,1,,chebi,2342,False,True,,0,
BIOMD0000001063,r_0968,2 s_0328__91__c__93__ + s_0794__91__c__93__ => s_0314__91__c__93__ + s_1405__91__c__93__,R00066,R00066,1,,chebi,2342,False,True,,0,
BIOMD0000001063,r_0969,s_0434__91__c__93__ + s_0575__91__c__93__ => s_0394__91__c__93__ + s_0794__91__c__93__ + s_1408__91__c__93__,R01051,R01051,1,,chebi,2342,False,True,,0,
BIOMD0000001063,r_0970,s_0434__91__c__93__ + s_0794__91__c__93__ + s_1616__91__c__93__ => s_0586__91__c__93__ + s_0803__91__c__93__ + s_1620__91__c__93__,R02014,R02014,1,,chebi,2342,False,True,,0,
BIOMD0000001063,r_0971,s_0539__91__c__93__ + s_0794__91__c__93__ + s_1616__91__c__93__ => s_0590__91__c__93__ + s_0803__91__c__93__ + s_1620__91__c__93__,R02022,R02022,1,,chebi,2342,False,True,,0,
BIOMD0000001063,r_0972,s_0785__91__c__93__ + s_0794__91__c__93__ + s_1616__91__c__93__ => s_0617__91__c__93__ + s_0803__91__c__93__ + s_1620__91__c__93__,R02020,R02020,1,,chebi,2342,False,True,,0,
BIOMD0000001063,r_0973,s_0794__91__c__93__ + s_1559__91__c__93__ + s_1616__91__c__93__ => s_0656__91__c__93__ + s_0803__91__c__93__ + s_1620__91__c__93__,R02023,R02023,1,,chebi,2342,False,True,,0,
BIOMD0000001063,r_0974,s_0394__91__c__93__ + s_0794__91__c__93__ + s_1616__91__c__93__ => s_0582__91__c__93__ + s_0803__91__c__93__ + s_1620__91__c__93__,R02017,R02017,1,,chebi,2342,False,True,,0,
BIOMD0000001063,r_0975,s_0398__91__n__93__ + s_0800__91__n__93__ + s_1618__91__n__93__ => s_0583__91__n__93__ + s_0808__91__n__93__ + s_1622__91__n__93__,R02017,R02017,1,,chebi,2342,False,True,,0,
BIOMD0000001063,r_0976,s_0467__91__c__93__ + s_0794__91__c__93__ + s_1616__91__c__93__ => s_0587__91__c__93__ + s_0803__91__c__93__ + s_1620__91__c__93__,R02024,R02024,1,,chebi,2342,False,True,,0,
BIOMD0000001063,r_0977,s_0468__91__n__93__ + s_0800__91__n__93__ + s_1618__91__n__93__ => s_0588__91__n__93__ + s_0808__91__n__93__ + s_1622__91__n__93__,R02024,R02024,1,,chebi,2342,False,True,,0,
BIOMD0000001063,r_0978,s_0739__91__c__93__ + s_0794__91__c__93__ + s_1616__91__c__93__ => s_0613__91__c__93__ + s_0803__91__c__93__ + s_1620__91__c__93__,R02019,R02019,1,,chebi,2342,False,True,,0,
BIOMD0000001063,r_0979,s_0742__91__n__93__ + s_0800__91__n__93__ + s_1618__91__n__93__ => s_0614__91__n__93__ + s_0808__91__n__93__ + s_1622__91__n__93__,R02019,R02019,1,,chebi,2342,False,True,,0,
BIOMD0000001063,r_0983,s_0434__91__c__93__ + s_1218__91__c__93__ => s_0394__91__c__93__ + s_0794__91__c__93__ + s_1224__91__c__93__,R02324,R02324,1,,chebi,2342,False,True,,0,
BIOMD0000001063,r_0984,s_0577__91__c__93__ <=> s_0581__91__c__93__,R01529,R01529,1,,chebi,2342,False,True,,0,
BIOMD0000001063,r_0985,s_0213__91__m__93__ + s_1419__91__m__93__ => s_0214__91__m__93__ + s_0799__91__m__93__ + s_1415__91__m__93__,R04711,R04711,1,,chebi,2342,False,True,,0,
BIOMD0000001063,r_0986,s_1416__91__c__93__ + s_1569__91__c__93__ => s_0700__91__c__93__ + s_0794__91__c__93__ + s_1413__91__c__93__,R04427,R04427,1,,chebi,2342,False,True,,0,
BIOMD0000001063,r_0987,s_0803__91__c__93__ + s_1421__91__c__93__ => s_0722__91__c__93__ + s_0750__91__c__93__ + s_0794__91__c__93__,R00527,R00527,1,,chebi,2342,False,True,,0,
BIOMD0000001063,r_0988,s_0803__91__c__93__ + s_1038__91__c__93__ + s_1198__91__c__93__ => s_0180__91__c__93__ + s_0794__91__c__93__ + s_1025__91__c__93__ + s_1203__91__c__93__,R00715,R00715,1,,chebi,2342,False,True,,0,
BIOMD0000001063,r_0989,s_0794__91__c__93__ + s_0959__91__c__93__ + s_0991__91__c__93__ + s_1212__91__c__93__ => s_0803__91__c__93__ + s_1038__91__c__93__ + s_1207__91__c__93__,R02315,R02315,1,,chebi,2342,False,True,,0,
BIOMD0000001063,r_0990,s_1426__91__c__93__ <=> s_0551__91__c__93__ + s_0629__91__c__93__,R01829,R01829,1,,chebi,2342,False,True,,0,
BIOMD0000001063,r_0992,s_0373__91__c__93__ + s_1039__91__c__93__ => s_0529__91__c__93__ + s_1234__91__c__93__,R00586,R00586,1,,chebi,2342,False,True,,0,
BIOMD0000001063,r_0993,s_0795__91__er__93__ + s_1040__91__er__93__ + s_1303__91__er__93__ => s_0231__91__er__93__ + s_0457__91__er__93__ + s_0530__91__er__93__,R01281,R01281,1,,chebi,2342,False,True,,0,
BIOMD0000001063,r_0995,s_0434__91__c__93__ + s_1039__91__c__93__ + s_1607__91__c__93__ => s_0423__91__c__93__ + s_0633__91__c__93__ + s_1428__91__c__93__,R03662,R03662,1,,chebi,2342,False,True,,0,
BIOMD0000001063,r_0996,s_0211__91__c__93__ + s_0794__91__c__93__ + s_1212__91__c__93__ => s_1207__91__c__93__ + s_1429__91__c__93__,R02413,R02413,1,,chebi,2342,False,True,,0,
BIOMD0000001063,r_0997,s_0434__91__c__93__ + s_1429__91__c__93__ => s_0261__91__c__93__ + s_0394__91__c__93__ + s_0794__91__c__93__,R02412,R02412,1,,chebi,2342,False,True,,0,
BIOMD0000001063,r_0998,s_1198__91__c__93__ + s_1375__91__c__93__ => 2 s_0794__91__c__93__ + s_1203__91__c__93__ + s_1431__91__c__93__,R03947,R03947,1,,chebi,2342,False,True,,0,
BIOMD0000001063,r_0999,s_0924__91__c__93__ + s_1431__91__c__93__ => 2 s_0794__91__c__93__ + s_1430__91__c__93__,R02864,R02864,1,,chebi,2342,False,True,,0,
BIOMD0000001063,r_1000,s_0717__91__c__93__ + s_0725__91__c__93__ <=> s_0714__91__c__93__ + s_0794__91__c__93__ + s_1458__91__c__93__,R00408,R00408,1,,chebi,2342,False,True,,0,
BIOMD0000001063,r_1001,s_1389__91__c__93__ + s_1420__91__c__93__ => s_0303__91__c__93__ + s_0794__91__c__93__ + s_1439__91__c__93__,R01920,R01920,1,,chebi,2342,False,True,,0,
BIOMD0000001063,r_1002,s_1420__91__c__93__ + s_1439__91__c__93__ => s_0303__91__c__93__ + s_0794__91__c__93__ + s_1442__91__c__93__,R02869,R02869,1,,chebi,2342,False,True,,0,
BIOMD0000001063,r_1003,s_1446__91__er__93__ => s_0825__91__er__93__ + s_1240__91__er__93__,R02464,R02464,1,,chebi,2342,False,True,,0,
BIOMD0000001063,r_1005,s_0804__91__er__93__ + s_1446__91__er__93__ => s_1323__91__er__93__ + s_1445__91__er__93__,R06520,R06520,1,,chebi,2342,False,True,,0,
BIOMD0000001063,r_1007,s_0435__91__er__93__ + s_1445__91__er__93__ => s_0395__91__er__93__ + s_0795__91__er__93__ + s_1446__91__er__93__,R02976,R02976,1,,chebi,2342,False,True,,0,
BIOMD0000001063,r_1008,s_0517__91__m__93__ <=> s_1504__91__m__93__,R02244,R02244,1,,chebi,2342,False,True,,0,
BIOMD0000001063,r_1009,s_0516__91__c__93__ <=> s_1503__91__c__93__,R02244,R02244,1,,chebi,2342,False,True,,0,
BIOMD0000001063,r_1011,s_0795__91__er__93__ + s_1213__91__er__93__ + s_1276__91__er__93__ + s_1448__91__er__93__ => s_0038__91__er__93__ + s_0804__91__er__93__ + s_1208__91__er__93__,R02874,R02874,1,,chebi,2342,False,True,,0,
BIOMD0000001063,r_1012,2 s_0190__91__c__93__ + s_0794__91__c__93__ + s_1212__91__c__93__ => 2 s_0633__91__c__93__ + s_1207__91__c__93__ + s_1447__91__c__93__,R06223,R06223,1,,chebi,2342,False,True,,0,
BIOMD0000001063,r_1022,s_0397__91__m__93__ + s_1326__91__m__93__ + s_1464__91__m__93__ => s_0437__91__m__93__ + s_0532__91__m__93__ + s_1460__91__m__93__,R00405,R00405,1,,chebi,2342,False,True,,0,
BIOMD0000001063,r_1023,s_0803__91__c__93__ + s_1207__91__c__93__ + s_1461__91__c__93__ => 2 s_0794__91__c__93__ + s_1212__91__c__93__ + s_1458__91__c__93__,R00714,R00714,1,,chebi,2342,False,True,,0,
BIOMD0000001063,r_1024,s_0805__91__e__93__ + s_1466__91__e__93__ => s_0554__91__e__93__ + s_0565__91__e__93__,R00801,R00801,1,,chebi,2342,False,True,,0,
BIOMD0000001063,r_1025,s_0434__91__c__93__ + s_0794__91__c__93__ + s_1467__91__c__93__ => s_0298__91__c__93__ + s_0633__91__c__93__,R00529,R00529,1,,chebi,2342,False,True,,0,
BIOMD0000001063,r_1026,s_0394__91__c__93__ + s_0794__91__c__93__ + s_1467__91__c__93__ => s_0298__91__c__93__ + s_1322__91__c__93__,R00530,R00530,1,,chebi,2342,False,True,,0,
BIOMD0000001063,r_1027,4 s_0794__91__c__93__ + 3 s_1212__91__c__93__ + s_1469__91__c__93__ => 3 s_0803__91__c__93__ + s_0841__91__c__93__ + 3 s_1207__91__c__93__,R00858,R00858,1,,chebi,2342,False,True,,0,
BIOMD0000001063,r_1029,s_0180__91__c__93__ + s_1275__91__c__93__ + s_1471__91__c__93__ => s_0417__91__c__93__ + s_0456__91__c__93__ + s_0794__91__c__93__ + s_1458__91__c__93__ + s_1469__91__c__93__,R05320,R05320,1,,chebi,2342,False,True,,0,
BIOMD0000001063,r_1030,s_0305__91__m__93__ + s_0807__91__m__93__ => s_0321__91__m__93__ + s_0799__91__m__93__,R02300,R02300,1,,chebi,2342,False,True,,0,
BIOMD0000001063,r_1031,s_0434__91__c__93__ + s_0991__91__c__93__ + s_1487__91__c__93__ <=> s_0308__91__c__93__ + s_0394__91__c__93__ + s_0794__91__c__93__ + s_1322__91__c__93__,R00942,R00942,1,,chebi,2342,False,True,,0,
BIOMD0000001063,r_1033,s_0805__91__e__93__ + s_1498__91__e__93__ => s_1324__91__e__93__ + s_1490__91__e__93__,R02135,R02135,1,,chebi,2342,False,True,,0,
BIOMD0000001063,r_1034,s_0434__91__c__93__ + s_1489__91__c__93__ => s_0423__91__c__93__ + s_0794__91__c__93__ + s_1475__91__c__93__,R00619,R00619,1,,chebi,2342,False,True,,0,
BIOMD0000001063,r_1035,s_0434__91__c__93__ + s_1475__91__c__93__ => s_0394__91__c__93__ + s_1532__91__c__93__,R00616,R00616,1,,chebi,2342,False,True,,0,
BIOMD0000001063,r_1036,s_0267__91__c__93__ + s_0293__91__c__93__ + s_0794__91__c__93__ => s_0633__91__c__93__ + s_1497__91__c__93__,R03223,R03223,1,,chebi,2342,False,True,,0,
BIOMD0000001063,r_1038,s_1212__91__c__93__ + s_1620__91__c__93__ => s_1207__91__c__93__ + s_1616__91__c__93__,R02016,R02016,1,,chebi,2342,False,True,,0,
BIOMD0000001063,r_1039,s_1214__91__m__93__ + s_1621__91__m__93__ => s_1210__91__m__93__ + s_1617__91__m__93__,R02016,R02016,1,,chebi,2342,False,True,,0,
BIOMD0000001063,r_1040,s_1045__91__c__93__ => s_0359__91__c__93__ + s_1003__91__c__93__,R00751,R00751,1,,chebi,2342,False,True,,0,
BIOMD0000001063,r_1041,s_0803__91__c__93__ + s_1238__91__c__93__ => s_1045__91__c__93__ + s_1322__91__c__93__,R01466,R01466,1,,chebi,2342,False,True,,0,
BIOMD0000001063,r_1042,s_0434__91__c__93__ + s_1045__91__c__93__ + s_1608__91__c__93__ => s_0423__91__c__93__ + s_0633__91__c__93__ + s_1491__91__c__93__,R03663,R03663,1,,chebi,2342,False,True,,0,
BIOMD0000001063,r_1043,s_0437__91__m__93__ + s_1047__91__m__93__ + s_1609__91__m__93__ => s_0424__91__m__93__ + s_0636__91__m__93__ + s_1492__91__m__93__,R03663,R03663,1,,chebi,2342,False,True,,0,
BIOMD0000001063,r_1045,s_0306__91__c__93__ + s_0654__91__c__93__ => s_0625__91__c__93__ + s_0649__91__c__93__,R02101,R02101,1,,chebi,2342,False,True,,0,
BIOMD0000001063,r_1046,s_1416__91__c__93__ + s_1503__91__c__93__ => s_0007__91__c__93__ + s_1413__91__c__93__,R05763,R05763,1,,chebi,2342,False,True,,0,
BIOMD0000001063,r_1047,s_0945__91__m__93__ + s_1313__91__m__93__ => s_0636__91__m__93__ + s_0831__91__m__93__,R05613,R05613,1,,chebi,2342,False,True,,0,
BIOMD0000001063,r_1051,s_0409__91__c__93__ + s_0803__91__c__93__ => s_1322__91__c__93__ + s_1520__91__c__93__,R02778,R02778,1,,chebi,2342,False,True,,0,
BIOMD0000001063,r_1054,s_0629__91__c__93__ <=> s_0764__91__c__93__,R01015,R01015,1,,chebi,2342,False,True,,0,
BIOMD0000001063,r_1056,s_0180__91__c__93__ + s_1048__91__c__93__ => s_0855__91__c__93__ + s_0991__91__c__93__,R00684,R00684,1,,chebi,2342,False,True,,0,
BIOMD0000001063,r_1057,s_0434__91__c__93__ + s_1048__91__c__93__ + s_1610__91__c__93__ => s_0423__91__c__93__ + s_0633__91__c__93__ + s_1527__91__c__93__,R03664,R03664,1,,chebi,2342,False,True,,0,
BIOMD0000001063,r_1058,s_0437__91__m__93__ + s_1050__91__m__93__ + s_1611__91__m__93__ => s_0424__91__m__93__ + s_0636__91__m__93__ + s_1528__91__m__93__,R03664,R03664,1,,chebi,2342,False,True,,0,
BIOMD0000001063,r_1063,s_0204__91__c__93__ + s_0991__91__c__93__ <=> s_0180__91__c__93__ + s_1051__91__c__93__,R00734,R00734,1,,chebi,2342,False,True,,0,
BIOMD0000001063,r_1065,s_0206__91__p__93__ + s_0995__91__p__93__ => s_0184__91__p__93__ + s_1054__91__p__93__,R00734,R00734,1,,chebi,2342,False,True,,0,
BIOMD0000001063,r_1066,s_0434__91__c__93__ + s_1051__91__c__93__ + s_1612__91__c__93__ => s_0423__91__c__93__ + s_0633__91__c__93__ + s_1533__91__c__93__,R02918,R02918,1,,chebi,2342,False,True,,0,
BIOMD0000001063,r_1067,s_0437__91__m__93__ + s_1053__91__m__93__ + s_1613__91__m__93__ => s_0424__91__m__93__ + s_0636__91__m__93__ + s_1534__91__m__93__,R02918,R02918,1,,chebi,2342,False,True,,0,
BIOMD0000001063,r_1069,s_0794__91__c__93__ + s_1189__91__c__93__ + s_1559__91__c__93__ <=> s_0633__91__c__93__ + s_1544__91__c__93__,R00416,R00416,1,,chebi,2342,False,True,,0,
BIOMD0000001063,r_1070,s_1543__91__c__93__ <=> s_1541__91__c__93__,R00291,R00291,1,,chebi,2342,False,True,,0,
BIOMD0000001063,r_1071,s_0410__91__c__93__ + s_1543__91__c__93__ <=> s_0567__91__c__93__ + s_1541__91__c__93__,R00955,R00955,1,,chebi,2342,False,True,,0,
BIOMD0000001063,r_1072,s_0434__91__c__93__ + s_1545__91__c__93__ => s_0394__91__c__93__ + s_1538__91__c__93__,R00158,R00158,1,,chebi,2342,False,True,,0,
BIOMD0000001063,r_1073,s_0438__91__n__93__ + s_1548__91__n__93__ => s_0398__91__n__93__ + s_1540__91__n__93__,R00158,R00158,1,,chebi,2342,False,True,,0,
BIOMD0000001063,r_1074,s_1386__91__c__93__ + s_1550__91__c__93__ => s_0633__91__c__93__ + s_1545__91__c__93__,R00966,R00966,1,,chebi,2342,False,True,,0,
BIOMD0000001063,r_1075,s_0434__91__c__93__ + s_0445__91__c__93__ + s_1552__91__c__93__ => s_0394__91__c__93__ + s_0794__91__c__93__ + s_1322__91__c__93__ + s_1554__91__c__93__,R00774,R00774,1,,chebi,2342,False,True,,0,
BIOMD0000001063,r_1076,2 s_0794__91__c__93__ + s_0803__91__c__93__ + s_1555__91__c__93__ => 2 s_0419__91__c__93__ + s_0456__91__c__93__ + s_0779__91__c__93__,R00469,R00469,1,,chebi,2342,False,True,,0,
BIOMD0000001063,r_1077,s_0434__91__c__93__ + s_1556__91__c__93__ => s_0394__91__c__93__ + s_0794__91__c__93__ + s_1545__91__c__93__,R00964,R00964,1,,chebi,2342,False,True,,0,
BIOMD0000001063,r_1078,s_0785__91__c__93__ + s_1556__91__c__93__ => s_0739__91__c__93__ + s_0794__91__c__93__ + s_1545__91__c__93__,R00968,R00968,1,,chebi,2342,False,True,,0,
BIOMD0000001063,r_1079,s_0434__91__c__93__ + s_0654__91__c__93__ => s_0394__91__c__93__ + s_0652__91__c__93__,R02098,R02098,1,,chebi,2342,False,True,,0,
BIOMD0000001063,r_1080,s_0438__91__n__93__ + s_0655__91__n__93__ => s_0398__91__n__93__ + s_0653__91__n__93__,R02098,R02098,1,,chebi,2342,False,True,,0,
BIOMD0000001063,r_1081,4 s_0794__91__c__93__ + s_1558__91__c__93__ => 4 s_0456__91__c__93__ + s_0538__91__c__93__,R03197,R03197,1,,chebi,2342,False,True,,0,
BIOMD0000001063,r_1082,2 s_1416__91__c__93__ + s_1558__91__c__93__ => s_0794__91__c__93__ + s_1375__91__c__93__ + 2 s_1413__91__c__93__,R03194,R03194,1,,chebi,2342,False,True,,0,
BIOMD0000001063,r_1083,s_1378__91__c__93__ => s_0803__91__c__93__ + s_1558__91__c__93__,R03165,R03165,1,,chebi,2342,False,True,,0,
BIOMD0000001063,r_1084,s_0567__91__c__93__ + s_0794__91__c__93__ + s_1559__91__c__93__ <=> s_0633__91__c__93__ + s_1543__91__c__93__,R00289,R00289,1,,chebi,2342,False,True,,0,
BIOMD0000001063,r_1087,s_0180__91__c__93__ + s_1056__91__c__93__ <=> s_0232__91__c__93__ + s_0991__91__c__93__,R01214,R01214,1,,chebi,2342,False,True,,0,
BIOMD0000001063,r_1088,s_0182__91__m__93__ + s_1058__91__m__93__ <=> s_0233__91__m__93__ + s_0993__91__m__93__,R01214,R01214,1,,chebi,2342,False,True,,0,
BIOMD0000001063,r_1089,s_0434__91__c__93__ + s_1056__91__c__93__ + s_1614__91__c__93__ => s_0423__91__c__93__ + s_0633__91__c__93__ + s_1561__91__c__93__,R03665,R03665,1,,chebi,2342,False,True,,0,
BIOMD0000001063,r_1090,s_0437__91__m__93__ + s_1058__91__m__93__ + s_1615__91__m__93__ => s_0424__91__m__93__ + s_0636__91__m__93__ + s_1562__91__m__93__,R03665,R03665,1,,chebi,2342,False,True,,0,
BIOMD0000001063,r_1091,s_0357__91__c__93__ + s_1386__91__c__93__ => s_0633__91__c__93__ + s_1565__91__c__93__,R02142,R02142,1,,chebi,2342,False,True,,0,
BIOMD0000001063,r_1092,s_1198__91__c__93__ + s_1566__91__c__93__ => s_0580__91__c__93__ + s_0794__91__c__93__ + s_1203__91__c__93__,R01896,R01896,1,,chebi,2342,False,True,,0,
BIOMD0000001063,r_1093,s_0578__91__c__93__ + s_0794__91__c__93__ + s_1212__91__c__93__ => s_1207__91__c__93__ + s_1566__91__c__93__,R01431,R01431,1,,chebi,2342,False,True,,0,
BIOMD0000001063,r_1094,s_0434__91__c__93__ + s_0580__91__c__93__ => s_0394__91__c__93__ + s_0581__91__c__93__ + s_0794__91__c__93__,R01639,R01639,1,,chebi,2342,False,True,,0,
BIOMD0000001063,r_1110,s_0394__91__c__93__ + s_0437__91__m__93__ <=> s_0397__91__m__93__ + s_0434__91__c__93__,R00124,R00124,1,,chebi,2342,False,True,,0,
BIOMD0000001063,r_1613,s_0423__91__c__93__ + s_0803__91__c__93__ => s_0386__91__c__93__ + s_1322__91__c__93__,R00183,R00183,1,,chebi,2342,False,True,,0,
BIOMD0000001063,r_1614,s_0584__91__c__93__ + s_0803__91__c__93__ => s_0132__91__c__93__ + s_1322__91__c__93__,R02088,R02088,1,,chebi,2342,False,True,,0,
BIOMD0000001063,r_1615,s_0589__91__c__93__ + s_0803__91__c__93__ => s_0610__91__c__93__ + s_1322__91__c__93__,R01664,R01664,1,,chebi,2342,False,True,,0,
BIOMD0000001063,r_1616,s_0615__91__c__93__ + s_0803__91__c__93__ => s_0134__91__c__93__ + s_1322__91__c__93__,R01968,R01968,1,,chebi,2342,False,True,,0,
BIOMD0000001063,r_1617,s_0649__91__c__93__ + s_0803__91__c__93__ => s_1322__91__c__93__ + s_1493__91__c__93__,R01569,R01569,1,,chebi,2342,False,True,,0,
BIOMD0000001063,r_1618,s_0654__91__c__93__ + s_0803__91__c__93__ => s_0138__91__c__93__ + s_1322__91__c__93__,R02102,R02102,1,,chebi,2342,False,True,,0,
BIOMD0000001063,r_1619,s_0782__91__c__93__ + s_0803__91__c__93__ => s_0790__91__c__93__ + s_1322__91__c__93__,R01227,R01227,1,,chebi,2342,False,True,,0,
BIOMD0000001063,r_1620,s_0803__91__c__93__ + s_1565__91__c__93__ => s_1322__91__c__93__ + s_1563__91__c__93__,R02719,R02719,1,,chebi,2342,False,True,,0,
BIOMD0000001063,r_1623,s_0321__91__m__93__ + s_0437__91__m__93__ => s_0305__91__m__93__ + s_0397__91__m__93__ + s_1326__91__m__93__,R02301,R02301,1,,chebi,2342,False,True,,0,
BIOMD0000001063,r_1664,s_0460__91__m__93__ + s_0807__91__m__93__ <=> s_0447__91__m__93__ + s_0799__91__m__93__,R00132,R00132,1,,chebi,2342,False,True,,0,
BIOMD0000001063,r_1665,s_0461__91__n__93__ + s_0808__91__n__93__ <=> s_0448__91__n__93__ + s_0800__91__n__93__,R00132,R00132,1,,chebi,2342,False,True,,0,
BIOMD0000001063,r_1667,s_0456__91__c__93__ + s_0803__91__c__93__ <=> s_0445__91__c__93__ + s_0794__91__c__93__,R00132,R00132,1,,chebi,2342,False,True,,0,
BIOMD0000001063,r_1668,s_0458__91__e__93__ + s_0805__91__e__93__ <=> s_0446__91__e__93__ + s_0796__91__e__93__,R00132,R00132,1,,chebi,2342,False,True,,0,
BIOMD0000001063,r_1685,s_0515__91__c__93__ => s_0286__91__c__93__ + s_1399__91__c__93__,R01302,R01302,1,,chebi,2342,False,True,,0,
BIOMD0000001063,r_1703,s_0434__91__c__93__ + s_0526__91__c__93__ => s_0394__91__c__93__ + s_0467__91__c__93__,R00512,R00512,1,,chebi,2342,False,True,,0,
BIOMD0000001063,r_1704,s_0434__91__c__93__ + s_0589__91__c__93__ <=> s_0394__91__c__93__ + s_0587__91__c__93__,R01665,R01665,1,,chebi,2342,False,True,,0,
BIOMD0000001063,r_1710,s_0559__91__e__93__ =>,R10619,R10619,1,,chebi,2342,True,False,exchange_ssx,0,
BIOMD0000001063,r_1722,s_0434__91__c__93__ + s_0794__91__c__93__ + s_0803__91__c__93__ => s_0419__91__c__93__ + s_0950__91__c__93__,R00088,R00088,1,,chebi,2342,False,True,,0,
BIOMD0000001063,r_1724,s_0394__91__c__93__ + s_0794__91__c__93__ + s_0803__91__c__93__ => s_0419__91__c__93__ + s_0846__91__c__93__,R00123,R00123,1,,chebi,2342,False,True,,0,
BIOMD0000001063,r_1729,s_0434__91__c__93__ + s_0584__91__c__93__ <=> s_0394__91__c__93__ + s_0582__91__c__93__,R01547,R01547,1,,chebi,2342,False,True,,0,
BIOMD0000001063,r_1734,s_0138__91__c__93__ + s_0434__91__c__93__ => s_0394__91__c__93__ + s_0654__91__c__93__ + s_0794__91__c__93__,R02099,R02099,1,,chebi,2342,False,True,,0,
BIOMD0000001063,r_1736,s_0197__91__c__93__ + s_0434__91__c__93__ => s_0394__91__c__93__ + s_0529__91__c__93__ + s_0794__91__c__93__,R00130,R00130,1,,chebi,2342,False,True,,0,
BIOMD0000001063,r_1744,s_0346__91__c__93__ + s_0803__91__c__93__ => s_0345__91__c__93__ + s_0633__91__c__93__ + s_0794__91__c__93__,R04638,R04638,1,,chebi,2342,False,True,,0,
BIOMD0000001063,r_1790,s_0437__91__m__93__ + s_0716__91__m__93__ + s_0799__91__m__93__ => s_0636__91__m__93__ + s_0688__91__m__93__,R00161,R00161,1,,chebi,2342,False,True,,0,
BIOMD0000001063,r_1821,s_0434__91__c__93__ + s_0790__91__c__93__ => s_0394__91__c__93__ + s_0782__91__c__93__ + s_0794__91__c__93__,R01228,R01228,1,,chebi,2342,False,True,,0,
BIOMD0000001063,r_1838,s_0182__91__m__93__ + s_0376__91__m__93__ + s_0807__91__m__93__ => s_0532__91__m__93__ + s_0799__91__m__93__ + s_0834__91__m__93__,R00271,R00271,1,,chebi,2342,False,True,,0,
BIOMD0000001063,r_1850,s_0434__91__c__93__ + s_0856__91__c__93__ => s_0394__91__c__93__ + s_0794__91__c__93__ + s_0849__91__c__93__,R01131,R01131,1,,chebi,2342,False,True,,0,
BIOMD0000001063,r_1872,s_0794__91__c__93__ + s_0952__91__c__93__ => s_0418__91__c__93__ + s_0456__91__c__93__,R03758,R03758,1,,chebi,2342,False,True,,0,
BIOMD0000001063,r_1887,s_0997__91__c__93__ <=> s_0118__91__c__93__ + s_0794__91__c__93__ + s_0803__91__c__93__,R03314,R03314,1,,chebi,2342,False,True,,0,
BIOMD0000001063,r_1936,s_0629__91__c__93__ => s_1151__91__c__93__ + s_1322__91__c__93__,R01016,R01016,1,,chebi,2342,False,True,,0,
BIOMD0000001063,r_1989,s_1272__91__e__93__ =>,R00363,R00363,1,,chebi,2342,True,False,exchange_ssx,0,
BIOMD0000001063,r_1997,s_0437__91__m__93__ + s_0799__91__m__93__ + s_1308__91__m__93__ => s_0200__91__m__93__ + s_0636__91__m__93__,R03035,R03035,1,,chebi,2342,False,True,,0,
BIOMD0000001063,r_2025,s_0434__91__c__93__ + s_1392__91__c__93__ => s_0394__91__c__93__ + s_0794__91__c__93__ + s_1393__91__c__93__,R00174,R00174,1,,chebi,2342,False,True,,0,
BIOMD0000001063,r_2026,s_0434__91__c__93__ + s_1394__91__c__93__ => s_0394__91__c__93__ + s_0794__91__c__93__ + s_1395__91__c__93__,R02493,R02493,1,,chebi,2342,False,True,,0,
BIOMD0000001063,r_2027,s_0803__91__c__93__ + s_1395__91__c__93__ => s_1322__91__c__93__ + s_1394__91__c__93__,R02494,R02494,1,,chebi,2342,False,True,,0,
BIOMD0000001063,r_2029,s_0434__91__c__93__ + s_1396__91__c__93__ => s_0394__91__c__93__ + s_0794__91__c__93__ + s_1398__91__c__93__,R01909,R01909,1,,chebi,2342,False,True,,0,
BIOMD0000001063,r_2030,s_0313__91__c__93__ + s_0803__91__c__93__ => s_0314__91__c__93__ + s_1322__91__c__93__,R07280,R07280,1,,chebi,2342,False,True,,0,
BIOMD0000001063,r_2031,s_1322__91__c__93__ + s_1556__91__c__93__ <=> s_0415__91__c__93__ + s_1550__91__c__93__,R01876,R01876,1,,chebi,2342,False,True,,0,
BIOMD0000001063,r_2064,s_0803__91__c__93__ + s_1497__91__c__93__ => s_1322__91__c__93__ + s_1489__91__c__93__,R02135,R02135,1,,chebi,2342,False,True,,0,
BIOMD0000001063,r_2065,s_0803__91__c__93__ + s_1489__91__c__93__ => s_0270__91__c__93__ + s_0310__91__c__93__ + s_0794__91__c__93__,R02133,R02133,1,,chebi,2342,False,True,,0,
BIOMD0000001063,r_2069,s_0434__91__c__93__ + s_1497__91__c__93__ => s_0394__91__c__93__ + s_1475__91__c__93__,R00617,R00617,1,,chebi,2342,False,True,,0,
BIOMD0000001063,r_2074,s_0434__91__c__93__ + s_1493__91__c__93__ => s_0394__91__c__93__ + s_0649__91__c__93__ + s_0794__91__c__93__,R01567,R01567,1,,chebi,2342,False,True,,0,
BIOMD0000001063,r_2112,s_1020__91__c__93__ + s_1399__91__c__93__ <=> s_0803__91__c__93__ + s_0955__91__c__93__ + s_2763__91__c__93__,R01959,R01959,1,,chebi,2342,False,True,,0,
BIOMD0000001063,r_2113,2 s_0794__91__c__93__ + s_1212__91__c__93__ + s_2763__91__c__93__ => s_0803__91__c__93__ + s_1207__91__c__93__ + s_2764__91__c__93__,R03687,R03687,1,,chebi,2342,False,True,,0,
BIOMD0000001063,r_2114,s_0147__91__c__93__ => s_0794__91__c__93__ + s_0803__91__c__93__ + s_1403__91__c__93__,R04293,R04293,1,,chebi,2342,False,True,,0,
BIOMD0000001063,r_2115,s_0359__91__c__93__ + s_0794__91__c__93__ + s_1203__91__c__93__ => s_0680__91__c__93__ + s_1198__91__c__93__,R00754,R00754,1,,chebi,2342,False,True,,0,
BIOMD0000001063,r_2116,s_0359__91__c__93__ + s_0803__91__c__93__ + s_1198__91__c__93__ => s_0362__91__c__93__ + 2 s_0794__91__c__93__ + s_1203__91__c__93__,R00710,R00710,1,,chebi,2342,False,True,,0,
BIOMD0000001063,r_2117,s_1032__91__c__93__ + s_1399__91__c__93__ <=> s_0951__91__c__93__ + s_0955__91__c__93__,R00692,R00692,1,,chebi,2342,False,True,,0,
BIOMD0000001063,r_2118,s_0951__91__c__93__ + s_1048__91__c__93__ => s_0855__91__c__93__ + s_1032__91__c__93__,R00684,R00684,1,,chebi,2342,False,True,,0,
BIOMD0000001063,r_2119,s_0204__91__c__93__ + s_0955__91__c__93__ <=> s_1051__91__c__93__ + s_1399__91__c__93__,R00734,R00734,1,,chebi,2342,False,True,,0,
BIOMD0000001063,r_2125,s_0529__91__c__93__ <=> s_0531__91__lp__93__,R00197,R00197,1,,chebi,2342,False,True,,0,
BIOMD0000001063,r_2126,s_0803__91__c__93__ + s_1426__91__c__93__ => s_1322__91__c__93__ + s_1427__91__c__93__,R01845,R01845,1,,chebi,2342,False,True,,0,
BIOMD0000001063,r_2131,s_0941__91__m__93__ + s_1210__91__m__93__ => s_0182__91__m__93__ + s_0460__91__m__93__ + s_1214__91__m__93__,R00267,R00267,1,,chebi,2342,False,True,,0,
BIOMD0000001063,r_2156,s_2782__91__erm__93__ + s_2783__91__erm__93__ + s_2789__91__erm__93__ => s_2784__91__erm__93__ + s_2785__91__erm__93__ + s_2790__91__erm__93__,R07758,R07758,1,,chebi,2342,False,True,,0,
BIOMD0000001063,r_2163,s_2783__91__erm__93__ + s_2790__91__erm__93__ + s_2799__91__erm__93__ => s_2800__91__erm__93__ + s_2803__91__erm__93__,R07759,R07759,1,,chebi,2342,False,True,,0,
BIOMD0000001063,r_2168,s_2801__91__erm__93__ <=> s_2808__91__erm__93__ + s_2809__91__erm__93__,R04740,R04740,1,,chebi,2342,False,True,,0,
BIOMD0000001063,r_2170,s_2803__91__erm__93__ <=> s_2808__91__erm__93__ + s_2811__91__erm__93__,R07760,R07760,1,,chebi,2342,False,True,,0,
BIOMD0000001063,r_2175,s_2783__91__erm__93__ + s_2799__91__erm__93__ + s_2809__91__erm__93__ => s_2787__91__erm__93__ + s_2800__91__erm__93__,R03989,R03989,1,,chebi,2342,False,True,,0,
BIOMD0000001063,r_2177,s_2783__91__erm__93__ + s_2799__91__erm__93__ + s_2811__91__erm__93__ => s_2791__91__erm__93__ + s_2800__91__erm__93__,R07761,R07761,1,,chebi,2342,False,True,,0,
BIOMD0000001063,r_2196,s_2785__91__erm__93__ + s_2831__91__erm__93__ + s_2836__91__erm__93__ <=> s_2789__91__erm__93__ + s_2833__91__erm__93__ + s_2834__91__erm__93__,R01280,R01280,1,,chebi,2342,False,True,,0,
BIOMD0000001063,r_2202,s_0531__91__lp__93__ + s_2840__91__lp__93__ + s_2846__91__lp__93__ <=> s_0635__91__lp__93__ + s_2842__91__lp__93__ + s_2847__91__lp__93__,R01280,R01280,1,,chebi,2342,False,True,,0,
BIOMD0000001063,r_2235,s_0809__91__p__93__ + s_1265__91__p__93__ => s_0534__91__p__93__ + s_0801__91__p__93__ + s_2855__91__p__93__,R08176,R08176,1,,chebi,2342,False,True,,0,
BIOMD0000001063,r_2248,s_0809__91__p__93__ + s_1507__91__p__93__ => s_0042__91__p__93__,R04744,R04744,1,,chebi,2342,False,True,,0,
BIOMD0000001063,r_2249,s_0809__91__p__93__ + s_1510__91__p__93__ => s_0048__91__p__93__,R04170,R04170,1,,chebi,2342,False,True,,0,
BIOMD0000001063,r_2250,s_0809__91__p__93__ + s_1519__91__p__93__ => s_0054__91__p__93__,R04740,R04740,1,,chebi,2342,False,True,,0,
BIOMD0000001063,r_2251,s_0809__91__p__93__ + s_0823__91__p__93__ => s_0051__91__p__93__,R04738,R04738,1,,chebi,2342,False,True,,0,
BIOMD0000001063,r_2252,s_0809__91__p__93__ + s_1516__91__p__93__ => s_0229__91__p__93__,R07760,R07760,1,,chebi,2342,False,True,,0,
BIOMD0000001063,r_2266,s_0042__91__p__93__ + s_1202__91__p__93__ => s_0239__91__p__93__ + s_0801__91__p__93__ + s_1206__91__p__93__,R04743,R04743,1,,chebi,2342,False,True,,0,
BIOMD0000001063,r_2267,s_0048__91__p__93__ + s_1202__91__p__93__ => s_0247__91__p__93__ + s_0801__91__p__93__ + s_1206__91__p__93__,R04741,R04741,1,,chebi,2342,False,True,,0,
BIOMD0000001063,r_2268,s_0051__91__p__93__ + s_1202__91__p__93__ => s_0253__91__p__93__ + s_0801__91__p__93__ + s_1206__91__p__93__,R04737,R04737,1,,chebi,2342,False,True,,0,
BIOMD0000001063,r_2283,s_0534__91__p__93__ + s_2914__91__p__93__ => 2 s_0378__91__p__93__,R00238,R00238,1,,chebi,2342,False,True,,0,
BIOMD0000001063,r_2305,s_0516__91__c__93__ + s_0803__91__c__93__ <=> s_0940__91__c__93__,R01900,R01900,1,,chebi,2342,False,True,,0,
BIOMD0000001063,r_4039,s_0365__91__m__93__ + s_1464__91__m__93__ <=> s_0376__91__m__93__ + s_1460__91__m__93__,R10343,R10343,1,,chebi,2342,False,True,,0,
BIOMD0000001063,r_4042,s_0805__91__e__93__ + s_3715__91__e__93__ => s_0554__91__e__93__ + s_3716__91__e__93__,R02410,R02410,1,,chebi,2342,False,True,,0,
BIOMD0000001063,r_4045,s_0803__91__c__93__ + s_1556__91__c__93__ => s_0575__91__c__93__ + s_1550__91__c__93__,R01080,R01080,1,,chebi,2342,False,True,,0,
BIOMD0000001063,r_4152,s_3748__91__m__93__ <=> s_0712__91__m__93__ + s_3749__91__m__93__,R02480,R02480,1,,chebi,2342,False,True,,0,
BIOMD0000001063,r_4153,s_0794__91__c__93__ + s_1203__91__c__93__ + s_3750__91__c__93__ => s_0020__91__c__93__ + s_1198__91__c__93__,R02855,R02855,1,,chebi,2342,False,True,,0,
BIOMD0000001063,r_4154,s_1201__91__n__93__ + s_3751__91__n__93__ <=> s_0794__91__c__93__ + s_3752__91__n__93__ + s_3753__91__n__93__,R02855,R02855,1,,chebi,2342,False,True,,0,
BIOMD0000001063,r_4158,s_0794__91__c__93__ + s_1212__91__c__93__ + 2 s_3762__91__c__93__ <=> s_1207__91__c__93__ + 2 s_3763__91__c__93__,R02364,R02364,1,,chebi,2342,False,True,,0,
BIOMD0000001063,r_4159,s_3764__91__er__93__ + s_3765__91__er__93__ <=> s_0795__91__er__93__ + s_3766__91__er__93__ + s_3767__91__er__93__,R05970,R05970,1,,chebi,2342,False,True,,0,
BIOMD0000001063,r_4164,s_0439__91__p__93__ + s_0534__91__p__93__ + s_3769__91__p__93__ <=> s_0426__91__p__93__ + s_0638__91__p__93__ + s_3770__91__p__93__,R01558,R01558,1,,chebi,2342,False,True,,0,
BIOMD0000001063,r_4165,s_0804__91__er__93__ + s_3771__91__er__93__ <=> s_3772__91__er__93__ + s_3773__91__er__93__,R05980,R05980,1,,chebi,2342,False,True,,0,
BIOMD0000001063,r_4166,s_0804__91__er__93__ + s_3773__91__er__93__ <=> s_3772__91__er__93__ + s_3774__91__er__93__,R05981,R05981,1,,chebi,2342,False,True,,0,
BIOMD0000001063,r_4170,s_0646__91__er__93__ + s_3764__91__er__93__ <=> s_3765__91__er__93__ + s_3781__91__er__93__,R01007,R01007,1,,chebi,2342,False,True,,0,
BIOMD0000001063,r_4171,s_0750__91__c__93__ + s_0803__91__c__93__ => s_0983__91__c__93__ + s_0991__91__c__93__,R03916,R03916,1,,chebi,2342,False,True,,0,
BIOMD0000001063,r_4173,s_3784__91__m__93__ + s_3785__91__m__93__ <=> s_0957__91__m__93__ + s_3786__91__m__93__,R11528,R11528,1,,chebi,2342,False,True,,0,
BIOMD0000001063,r_4177,s_1198__91__c__93__ + s_3793__91__c__93__ <=> s_0794__91__c__93__ + s_1203__91__c__93__ + s_3794__91__c__93__,R05347,R05347,1,,chebi,2342,False,True,,0,
BIOMD0000001063,r_4180,s_1198__91__c__93__ + s_3799__91__c__93__ <=> s_0794__91__c__93__ + s_1203__91__c__93__ + s_3800__91__c__93__,R01763,R01763,1,,chebi,2342,False,True,,0,
BIOMD0000001063,r_4183,s_1198__91__c__93__ + s_3805__91__c__93__ <=> s_0553__91__c__93__ + s_0794__91__c__93__ + s_1203__91__c__93__,R00868,R00868,1,,chebi,2342,False,True,,0,
BIOMD0000001063,r_4184,s_3806__91__c__93__ <=> 2 s_1399__91__c__93__,R00008,R00008,1,,chebi,2342,False,True,,0,
BIOMD0000001063,r_4185,s_0794__91__c__93__ + s_1271__91__c__93__ => s_0456__91__c__93__ + s_1399__91__c__93__,R00217,R00217,1,,chebi,2342,False,True,,0,
BIOMD0000001063,r_4186,s_0803__91__c__93__ + s_1029__91__c__93__ + s_1620__91__c__93__ <=> s_0794__91__c__93__ + s_1616__91__c__93__ + s_3807__91__c__93__,R07606,R07606,1,,chebi,2342,False,True,,0,
BIOMD0000001063,r_4187,s_0437__91__m__93__ + s_1037__91__m__93__ + s_3808__91__m__93__ => s_0424__91__m__93__ + s_0636__91__m__93__ + s_3809__91__m__93__,R03661,R03661,1,,chebi,2342,False,True,,0,
BIOMD0000001063,r_4188,s_0750__91__c__93__ => s_0983__91__c__93__ + s_3810__91__c__93__,R11861,R11861,1,,chebi,2342,False,True,,0,
BIOMD0000001063,r_4189,s_3811__91__m__93__ <=> s_0807__91__m__93__ + s_3812__91__m__93__,R04734,R04734,1,,chebi,2342,False,True,,0,
BIOMD0000001063,r_4190,2 s_0799__91__m__93__ + 2 s_3813__91__m__93__ => s_0838__91__m__93__ + s_1278__91__m__93__,R00275,R00275,1,,chebi,2342,False,True,,0,
BIOMD0000001063,r_4191,s_0803__91__c__93__ + s_3814__91__c__93__ <=> s_1322__91__c__93__ + s_3815__91__c__93__,R02587,R02587,1,,chebi,2342,False,True,,0,
BIOMD0000001063,r_4192,s_1416__91__c__93__ + s_3816__91__c__93__ <=> s_0794__91__c__93__ + s_1413__91__c__93__ + s_3817__91__c__93__,R03875,R03875,1,,chebi,2342,False,True,,0,
BIOMD0000001063,r_4193,s_3818__91__n__93__ + s_3819__91__n__93__ <=> s_0800__91__n__93__ + s_3820__91__n__93__ + s_3821__91__n__93__,R03938,R03938,1,,chebi,2342,False,True,,0,
BIOMD0000001063,r_4196,s_2818__91__erm__93__ + 2 s_4210__91__erm__93__ <=> s_2783__91__erm__93__ + 2 s_4209__91__erm__93__,R00100,R00100,1,,chebi,2342,False,True,,0,
BIOMD0000001063,r_4197,s_1205__91__m__93__ + 2 s_3826__91__m__93__ <=> s_0799__91__m__93__ + s_1200__91__m__93__ + 2 s_3827__91__m__93__,R00100,R00100,1,,chebi,2342,False,True,,0,
BIOMD0000001063,r_4199,s_3830__91__er__93__ + s_3831__91__er__93__ <=> s_3832__91__er__93__ + s_3833__91__er__93__,R03522,R03522,1,,chebi,2342,False,True,,0,
BIOMD0000001063,r_4200,s_0750__91__c__93__ + s_3834__91__c__93__ <=> s_3835__91__c__93__ + s_3836__91__c__93__,R03522,R03522,1,,chebi,2342,False,True,,0,
BIOMD0000001063,r_4201,s_0752__91__m__93__ + s_4028__91__m__93__ <=> s_4029__91__m__93__ + s_4030__91__m__93__,R03522,R03522,1,,chebi,2342,False,True,,0,
BIOMD0000001063,r_4202,s_0803__91__c__93__ + s_1029__91__c__93__ + s_1620__91__c__93__ <=> s_0794__91__c__93__ + s_1616__91__c__93__ + s_3837__91__c__93__,R02025,R02025,1,,chebi,2342,False,True,,0,
BIOMD0000001063,r_4205,s_0434__91__c__93__ + 2 s_0803__91__c__93__ + s_3810__91__c__93__ => s_0394__91__c__93__ + s_0794__91__c__93__ + s_0991__91__c__93__ + s_1322__91__c__93__,R00251,R00251,1,,chebi,2342,False,True,,0,
BIOMD0000001063,r_4206,s_3841__91__c__93__ <=> s_0419__91__c__93__ + s_1271__91__c__93__,R05758,R05758,1,,chebi,2342,False,True,,0,
BIOMD0000001063,r_4207,s_3842__91__p__93__ + s_3843__91__p__93__ <=> s_3844__91__p__93__ + s_3845__91__p__93__,R03522,R03522,1,,chebi,2342,False,True,,0,
BIOMD0000001063,r_4208,2 s_0750__91__c__93__ + s_3846__91__c__93__ <=> s_0754__91__c__93__ + s_3847__91__c__93__,R01108,R01108,1,,chebi,2342,False,True,,0,
BIOMD0000001063,r_4209,2 s_3843__91__p__93__ + s_3848__91__p__93__ <=> s_3849__91__p__93__ + s_3850__91__p__93__,R01108,R01108,1,,chebi,2342,False,True,,0,
BIOMD0000001063,r_4210,s_1552__91__c__93__ <=> s_0803__91__c__93__ + s_3851__91__c__93__,R00778,R00778,1,,chebi,2342,False,True,,0,
BIOMD0000001063,r_4211,s_0764__91__c__93__ + s_0999__91__c__93__ + s_3852__91__c__93__ <=> s_0794__91__c__93__ + 3 s_0803__91__c__93__ + s_0991__91__c__93__ + s_1322__91__c__93__ + s_1393__91__c__93__,R10089,R10089,1,,chebi,2342,False,True,,0,
BIOMD0000001063,r_4212,s_0577__91__c__93__ + s_0764__91__c__93__ + s_0999__91__c__93__ <=> s_0794__91__c__93__ + 3 s_0803__91__c__93__ + s_0991__91__c__93__ + s_1322__91__c__93__ + s_1393__91__c__93__,R07456,R07456,1,,chebi,2342,False,True,,0,
BIOMD0000001063,r_4214,s_0803__91__c__93__ + s_0983__91__c__93__ <=> s_0981__91__c__93__ + s_1003__91__c__93__,R00899,R00899,1,,chebi,2342,False,True,,0,
BIOMD0000001063,r_4215,s_0803__91__c__93__ + s_3853__91__c__93__ <=> s_1003__91__c__93__ + s_3854__91__c__93__,R04951,R04951,1,,chebi,2342,False,True,,0,
BIOMD0000001063,r_4216,s_0714__91__c__93__ + s_0803__91__c__93__ <=> s_1322__91__c__93__ + s_1405__91__c__93__,R00548,R00548,1,,chebi,2342,False,True,,0,
BIOMD0000001063,r_4217,4 s_0799__91__m__93__ + 4 s_0926__91__m__93__ + s_1278__91__m__93__ <=> 2 s_0807__91__m__93__ + 4 s_3855__91__m__93__,R00078,R00078,1,,chebi,2342,False,True,,0,
BIOMD0000001063,r_4220,s_0803__91__c__93__ + s_3859__91__c__93__ <=> s_0794__91__c__93__ + s_1322__91__c__93__ + s_3860__91__c__93__,R03024,R03024,1,,chebi,2342,False,True,,0,
BIOMD0000001063,r_4221,s_1198__91__c__93__ + s_3861__91__c__93__ <=> s_0794__91__c__93__ + s_1043__91__c__93__ + s_1203__91__c__93__,R02896,R02896,1,,chebi,2342,False,True,,0,
BIOMD0000001063,r_4222,s_0434__91__c__93__ + s_3862__91__c__93__ => s_0394__91__c__93__ + s_0410__91__c__93__ + s_0794__91__c__93__,R01092,R01092,1,,chebi,2342,False,True,,0,
BIOMD0000001063,r_4223,s_0807__91__m__93__ + s_3863__91__m__93__ => s_0532__91__m__93__ + s_0799__91__m__93__ + s_3864__91__m__93__,R03352,R03352,1,,chebi,2342,False,True,,0,
BIOMD0000001063,r_4226,s_0180__91__c__93__ + s_0955__91__c__93__ <=> s_0991__91__c__93__ + s_1399__91__c__93__,R00258,R00258,1,,chebi,2342,False,True,,0,
BIOMD0000001063,r_4227,s_0803__91__c__93__ + s_3867__91__c__93__ <=> s_0419__91__c__93__ + s_1321__91__c__93__,R02540,R02540,1,,chebi,2342,False,True,,0,
BIOMD0000001063,r_4228,s_0803__91__c__93__ + s_3868__91__c__93__ => s_0419__91__c__93__ + s_0853__91__c__93__,R03096,R03096,1,,chebi,2342,False,True,,0,
BIOMD0000001063,r_4230,s_0419__91__c__93__ + s_3871__91__c__93__ <=> s_0803__91__c__93__ + s_3872__91__c__93__,R05551,R05551,1,,chebi,2342,False,True,,0,
BIOMD0000001063,r_4232,s_0434__91__c__93__ + s_3875__91__c__93__ => s_0340__91__c__93__ + s_0394__91__c__93__ + s_0794__91__c__93__,R01737,R01737,1,,chebi,2342,False,True,,0,
BIOMD0000001063,r_4233,s_1416__91__c__93__ + s_3876__91__c__93__ <=> s_1413__91__c__93__ + s_3877__91__c__93__,R04496,R04496,1,,chebi,2342,False,True,,0,
BIOMD0000001063,r_4234,s_3764__91__er__93__ + s_3878__91__er__93__ <=> s_0795__91__er__93__ + s_3766__91__er__93__ + s_3879__91__er__93__,R05916,R05916,1,,chebi,2342,False,True,,0,
BIOMD0000001063,r_4236,s_0025__91__c__93__ + s_0794__91__c__93__ <=> s_0803__91__c__93__ + s_1151__91__c__93__,R09796,R09796,1,,chebi,2342,False,True,,0,
BIOMD0000001063,r_4239,s_0428__91__c__93__ + s_3884__91__c__93__ <=> s_0794__91__c__93__ + s_1583__91__c__93__ + s_3885__91__c__93__,R03862,R03862,1,,chebi,2342,False,True,,0,
BIOMD0000001063,r_4240,s_3886__91__er__93__ + s_3887__91__er__93__ <=> s_0795__91__er__93__ + s_3888__91__er__93__ + s_3889__91__er__93__,R05976,R05976,1,,chebi,2342,False,True,,0,
BIOMD0000001063,r_4241,s_0804__91__er__93__ + s_3889__91__er__93__ <=> s_3771__91__er__93__ + s_3772__91__er__93__,R05979,R05979,1,,chebi,2342,False,True,,0,
BIOMD0000001063,r_4242,s_3890__91__er__93__ + s_3891__91__er__93__ <=> s_0795__91__er__93__ + s_3892__91__er__93__ + s_3893__91__er__93__,R08599,R08599,1,,chebi,2342,False,True,,0,
BIOMD0000001063,r_4243,s_3890__91__er__93__ + s_3894__91__er__93__ <=> s_0795__91__er__93__ + s_3892__91__er__93__ + s_3895__91__er__93__,R05973,R05973,1,,chebi,2342,False,True,,0,
BIOMD0000001063,r_4244,s_3890__91__er__93__ + s_3895__91__er__93__ <=> s_0795__91__er__93__ + s_3892__91__er__93__ + s_3896__91__er__93__,R06238,R06238,1,,chebi,2342,False,True,,0,
BIOMD0000001063,r_4245,s_0810__91__v__93__ + s_3897__91__v__93__ => s_3898__91__v__93__ + s_3899__91__v__93__,R09645,R09645,1,,chebi,2342,False,True,,0,
BIOMD0000001063,r_4247,s_0434__91__c__93__ + s_0445__91__c__93__ + s_1045__91__c__93__ => s_0633__91__c__93__ + s_0803__91__c__93__ + s_3903__91__c__93__,R10463,R10463,1,,chebi,2342,False,True,,0,
BIOMD0000001063,r_4248,s_3904__91__c__93__ => s_0419__91__c__93__ + s_1399__91__c__93__,R00221,R00221,1,,chebi,2342,False,True,,0,
BIOMD0000001063,r_4249,s_3905__91__m__93__ + s_3906__91__m__93__ <=> s_0365__91__m__93__ + s_3785__91__m__93__,R00897,R00897,1,,chebi,2342,False,True,,0,
BIOMD0000001063,r_4250,s_0795__91__er__93__ + s_0804__91__er__93__ + s_3888__91__er__93__ <=> s_0646__91__er__93__ + s_1323__91__er__93__,R01004,R01004,1,,chebi,2342,False,True,,0,
BIOMD0000001063,r_4251,s_0541__91__m__93__ + s_0799__91__m__93__ + s_3907__91__m__93__ <=> s_0636__91__m__93__ + s_3908__91__m__93__,R01799,R01799,1,,chebi,2342,False,True,,0,
BIOMD0000001063,r_4252,s_1003__91__c__93__ + s_1198__91__c__93__ + s_3909__91__c__93__ <=> 3 s_0803__91__c__93__ + s_1216__91__c__93__ + s_3910__91__c__93__,R10685,R10685,1,,chebi,2342,False,True,,0,
BIOMD0000001063,r_4253,s_0795__91__er__93__ + s_3911__91__er__93__ + s_3912__91__er__93__ <=> s_0646__91__er__93__ + s_3887__91__er__93__,R06264,R06264,1,,chebi,2342,False,True,,0,
BIOMD0000001063,r_4254,s_1203__91__c__93__ + 2 s_1275__91__c__93__ + 2 s_3913__91__c__93__ => s_0794__91__c__93__ + s_1198__91__c__93__ + 2 s_3914__91__c__93__,R05724,R05724,1,,chebi,2342,False,True,,0,
BIOMD0000001063,r_4255,s_1212__91__c__93__ + 2 s_1275__91__c__93__ + 2 s_3913__91__c__93__ => s_0794__91__c__93__ + s_1207__91__c__93__ + 2 s_3914__91__c__93__,R05725,R05725,1,,chebi,2342,False,True,,0,
BIOMD0000001063,r_4256,s_0434__91__c__93__ + s_0794__91__c__93__ + s_3915__91__c__93__ => s_0633__91__c__93__ + s_3916__91__c__93__,R07770,R07770,1,,chebi,2342,False,True,,0,
BIOMD0000001063,r_4258,s_0434__91__c__93__ + s_3915__91__c__93__ + s_3917__91__c__93__ => s_0423__91__c__93__ + s_0633__91__c__93__ + s_3918__91__c__93__,R11143,R11143,1,,chebi,2342,False,True,,0,
BIOMD0000001063,r_4260,s_0803__91__c__93__ + s_3923__91__c__93__ <=> s_0180__91__c__93__ + s_0983__91__c__93__,R12024,R12024,1,,chebi,2342,False,True,,0,
BIOMD0000001063,r_4261,s_0807__91__m__93__ + s_3924__91__m__93__ <=> s_0182__91__m__93__ + s_3925__91__m__93__,R12024,R12024,1,,chebi,2342,False,True,,0,
BIOMD0000001063,r_4262,s_0524__91__m__93__ <=> s_0941__91__m__93__,R01324,R01324,1,,chebi,2342,False,True,,0,
BIOMD0000001063,r_4264,s_0727__91__m__93__ + s_0799__91__m__93__ + s_1205__91__m__93__ => s_1200__91__m__93__ + s_1460__91__m__93__,R00402,R00402,1,,chebi,2342,False,True,,0,
BIOMD0000001063,r_4265,s_0803__91__c__93__ + s_3927__91__c__93__ => s_0633__91__c__93__ + s_0794__91__c__93__ + s_3928__91__c__93__,R01532,R01532,1,,chebi,2342,False,True,,0,
BIOMD0000001063,r_4267,s_0617__91__c__93__ + s_0803__91__c__93__ => s_0615__91__c__93__ + s_0633__91__c__93__ + s_0794__91__c__93__,R01855,R01855,1,,chebi,2342,False,True,,0,
BIOMD0000001063,r_4268,s_0650__91__c__93__ + s_0803__91__c__93__ => s_0633__91__c__93__ + s_0649__91__c__93__ + s_0794__91__c__93__,R11323,R11323,1,,chebi,2342,False,True,,0,
BIOMD0000001063,r_4270,2 s_0794__91__c__93__ + 2 s_3931__91__c__93__ => s_0837__91__c__93__ + s_1275__91__c__93__,R00275,R00275,1,,chebi,2342,False,True,,0,
BIOMD0000001063,r_4271,4 s_0804__91__er__93__ + s_3774__91__er__93__ <=> s_3932__91__er__93__ + 4 s_3933__91__er__93__,R05982,R05982,1,,chebi,2342,False,True,,0,
BIOMD0000001063,r_4272,s_0804__91__er__93__ + s_3774__91__er__93__ <=> s_3891__91__er__93__ + s_3933__91__er__93__,R06722,R06722,1,,chebi,2342,False,True,,0,
BIOMD0000001063,r_4273,s_0717__91__c__93__ + s_1275__91__c__93__ + s_3934__91__c__93__ <=> s_0359__91__c__93__ + s_0714__91__c__93__ + 2 s_0794__91__c__93__ + s_0803__91__c__93__ + s_3935__91__c__93__,R00025,R00025,1,,chebi,2342,False,True,,0,
BIOMD0000001063,r_4274,s_0803__91__c__93__ + s_1241__91__c__93__ => s_0178__91__c__93__ + s_0419__91__c__93__ + s_0794__91__c__93__ + s_1458__91__c__93__,R00999,R00999,1,,chebi,2342,False,True,,0,
BIOMD0000001063,r_4275,s_1212__91__c__93__ + 2 s_3936__91__e__93__ <=> s_0794__91__c__93__ + 2 s_0924__91__c__93__ + s_1207__91__c__93__,R09541,R09541,1,,chebi,2342,False,True,,0,
BIOMD0000001063,r_4276,s_1212__91__c__93__ + 2 s_4031__91__v__93__ <=> s_0794__91__c__93__ + 2 s_0924__91__c__93__ + s_1207__91__c__93__,R09541,R09541,1,,chebi,2342,False,True,,0,
BIOMD0000001063,r_4277,s_3937__91__er__93__ + s_3938__91__er__93__ <=> s_0530__91__er__93__ + s_3939__91__er__93__,R00851,R00851,1,,chebi,2342,False,True,,0,
BIOMD0000001063,r_4278,s_0419__91__c__93__ + s_0434__91__c__93__ + s_3940__91__c__93__ => s_0423__91__c__93__ + s_0633__91__c__93__ + s_0794__91__c__93__ + s_3941__91__c__93__,R03613,R03613,1,,chebi,2342,False,True,,0,
BIOMD0000001063,r_4279,s_0809__91__p__93__ + s_3942__91__p__93__ => s_0638__91__p__93__ + s_0801__91__p__93__ + s_3943__91__p__93__,R09832,R09832,1,,chebi,2342,False,True,,0,
BIOMD0000001063,r_4280,s_1254__91__m__93__ + s_3944__91__m__93__ <=> s_1845__91__m__93__ + s_3945__91__m__93__,R07766,R07766,1,,chebi,2342,False,True,,0,
BIOMD0000001063,r_4281,s_3944__91__m__93__ + s_3946__91__m__93__ <=> s_1845__91__m__93__ + s_3947__91__m__93__,R07769,R07769,1,,chebi,2342,False,True,,0,
BIOMD0000001063,r_4282,s_0434__91__c__93__ + s_3948__91__c__93__ => s_0394__91__c__93__ + s_0442__91__c__93__ + s_0794__91__c__93__,R02732,R02732,1,,chebi,2342,False,True,,0,
BIOMD0000001063,r_4283,s_0434__91__c__93__ + s_0553__91__c__93__ => s_0394__91__c__93__ + s_0794__91__c__93__ + s_3948__91__c__93__,R00867,R00867,1,,chebi,2342,False,True,,0,
BIOMD0000001063,r_4284,s_0434__91__c__93__ + s_3949__91__c__93__ => s_0394__91__c__93__ + s_0794__91__c__93__ + s_3950__91__c__93__,R01600,R01600,1,,chebi,2342,False,True,,0,
BIOMD0000001063,r_4285,s_0434__91__c__93__ + s_3951__91__c__93__ => s_0394__91__c__93__ + s_0794__91__c__93__ + s_3952__91__c__93__,R01786,R01786,1,,chebi,2342,False,True,,0,
BIOMD0000001063,r_4286,s_0434__91__c__93__ + s_3953__91__c__93__ => s_0394__91__c__93__ + s_0412__91__c__93__ + s_0794__91__c__93__,R01961,R01961,1,,chebi,2342,False,True,,0,
BIOMD0000001063,r_4287,s_0434__91__c__93__ + s_3954__91__c__93__ => s_0394__91__c__93__ + s_0794__91__c__93__ + s_3948__91__c__93__,R03920,R03920,1,,chebi,2342,False,True,,0,
BIOMD0000001063,r_4288,s_3952__91__c__93__ <=> s_3950__91__c__93__,R02739,R02739,1,,chebi,2342,False,True,,0,
BIOMD0000001063,r_4291,s_0570__91__c__93__ + s_0803__91__c__93__ + s_1198__91__c__93__ <=> 2 s_0794__91__c__93__ + s_1203__91__c__93__ + s_3958__91__c__93__,R01752,R01752,1,,chebi,2342,False,True,,0,
BIOMD0000001063,r_4292,s_0274__91__c__93__ + s_0803__91__c__93__ + s_1207__91__c__93__ <=> s_0734__91__c__93__ + 2 s_0794__91__c__93__ + s_1212__91__c__93__,R01986,R01986,1,,chebi,2342,False,True,,0,
BIOMD0000001063,r_4293,s_0274__91__c__93__ + s_0803__91__c__93__ + s_1198__91__c__93__ => s_0734__91__c__93__ + 2 s_0794__91__c__93__ + s_1203__91__c__93__,R02549,R02549,1,,chebi,2342,False,True,,0,
BIOMD0000001063,r_4294,s_0803__91__c__93__ + s_0850__91__c__93__ + s_1198__91__c__93__ => 2 s_0794__91__c__93__ + s_0853__91__c__93__ + s_1203__91__c__93__,R02678,R02678,1,,chebi,2342,False,True,,0,
BIOMD0000001063,r_4295,s_0803__91__c__93__ + s_1198__91__c__93__ + s_3959__91__c__93__ <=> 2 s_0794__91__c__93__ + s_1203__91__c__93__ + s_3960__91__c__93__,R02940,R02940,1,,chebi,2342,False,True,,0,
BIOMD0000001063,r_4296,2 s_0803__91__c__93__ + s_1198__91__c__93__ + s_3961__91__c__93__ => 3 s_0794__91__c__93__ + s_1203__91__c__93__ + s_3962__91__c__93__,R02957,R02957,1,,chebi,2342,False,True,,0,
BIOMD0000001063,r_4297,s_0803__91__c__93__ + s_1198__91__c__93__ + s_3963__91__c__93__ <=> 2 s_0794__91__c__93__ + s_1203__91__c__93__ + s_3964__91__c__93__,R03283,R03283,1,,chebi,2342,False,True,,0,
BIOMD0000001063,r_4298,s_0803__91__c__93__ + s_1198__91__c__93__ + s_3965__91__c__93__ <=> 2 s_0794__91__c__93__ + s_1203__91__c__93__ + s_3966__91__c__93__,R03869,R03869,1,,chebi,2342,False,True,,0,
BIOMD0000001063,r_4299,s_0803__91__c__93__ + s_1198__91__c__93__ + s_3967__91__c__93__ <=> 2 s_0794__91__c__93__ + s_1203__91__c__93__ + s_3968__91__c__93__,R04065,R04065,1,,chebi,2342,False,True,,0,
BIOMD0000001063,r_4300,s_0803__91__c__93__ + s_1198__91__c__93__ + s_3969__91__c__93__ <=> 2 s_0794__91__c__93__ + s_1203__91__c__93__ + s_3970__91__c__93__,R04506,R04506,1,,chebi,2342,False,True,,0,
BIOMD0000001063,r_4301,s_0803__91__c__93__ + s_1198__91__c__93__ + s_3971__91__c__93__ <=> 2 s_0794__91__c__93__ + s_1203__91__c__93__ + s_3972__91__c__93__,R04903,R04903,1,,chebi,2342,False,True,,0,
BIOMD0000001063,r_4302,s_0803__91__c__93__ + s_1198__91__c__93__ + s_3973__91__c__93__ <=> 2 s_0794__91__c__93__ + s_1203__91__c__93__ + s_3974__91__c__93__,R05050,R05050,1,,chebi,2342,False,True,,0,
BIOMD0000001063,r_4303,s_0803__91__c__93__ + s_1198__91__c__93__ + s_3975__91__c__93__ <=> 2 s_0794__91__c__93__ + s_1203__91__c__93__ + s_3976__91__c__93__,R05237,R05237,1,,chebi,2342,False,True,,0,
BIOMD0000001063,r_4304,s_0803__91__c__93__ + s_1198__91__c__93__ + s_3977__91__c__93__ <=> 2 s_0794__91__c__93__ + s_1203__91__c__93__ + s_3978__91__c__93__,R05238,R05238,1,,chebi,2342,False,True,,0,
BIOMD0000001063,r_4305,s_0803__91__c__93__ + s_1198__91__c__93__ + s_3979__91__c__93__ <=> 2 s_0794__91__c__93__ + s_1203__91__c__93__ + s_3980__91__c__93__,R05286,R05286,1,,chebi,2342,False,True,,0,
BIOMD0000001063,r_4306,s_0803__91__c__93__ + s_1198__91__c__93__ + s_3981__91__c__93__ <=> 2 s_0794__91__c__93__ + s_1203__91__c__93__ + s_3982__91__c__93__,R06366,R06366,1,,chebi,2342,False,True,,0,
BIOMD0000001063,r_4307,s_0803__91__c__93__ + s_1198__91__c__93__ + s_3983__91__c__93__ <=> 2 s_0794__91__c__93__ + s_1203__91__c__93__ + s_3984__91__c__93__,R08146,R08146,1,,chebi,2342,False,True,,0,
BIOMD0000001063,r_4310,2 s_3890__91__er__93__ + s_3896__91__er__93__ <=> 2 s_0795__91__er__93__ + 2 s_3892__91__er__93__ + s_3989__91__er__93__,R06127,R06127,1,,chebi,2342,False,True,,0,
BIOMD0000001063,r_4311,2 s_3890__91__er__93__ + s_3989__91__er__93__ <=> 2 s_0795__91__er__93__ + 2 s_3892__91__er__93__ + s_3990__91__er__93__,R06128,R06128,1,,chebi,2342,False,True,,0,
BIOMD0000001063,r_4312,s_1416__91__c__93__ + s_3991__91__c__93__ <=> s_0794__91__c__93__ + s_1413__91__c__93__ + s_3992__91__c__93__,R02144,R02144,1,,chebi,2342,False,True,,0,
BIOMD0000001063,r_4313,s_0644__91__er__93__ + s_3993__91__er__93__ <=> s_0646__91__er__93__ + s_3994__91__er__93__,R06259,R06259,1,,chebi,2342,False,True,,0,
BIOMD0000001063,r_4314,s_0644__91__er__93__ + s_3995__91__er__93__ <=> s_0646__91__er__93__ + s_3996__91__er__93__,R06261,R06261,1,,chebi,2342,False,True,,0,
BIOMD0000001063,r_4315,s_1198__91__c__93__ + s_3997__91__c__93__ <=> s_0779__91__c__93__ + s_0794__91__c__93__ + s_1203__91__c__93__,R00717,R00717,1,,chebi,2342,False,True,,0,
BIOMD0000001063,r_4316,s_0644__91__er__93__ + s_3994__91__er__93__ <=> s_0646__91__er__93__ + s_3995__91__er__93__,R06260,R06260,1,,chebi,2342,False,True,,0,
BIOMD0000001063,r_4317,s_0803__91__c__93__ + s_3998__91__c__93__ <=> s_0553__91__c__93__ + s_0563__91__c__93__,R00801,R00801,1,,chebi,2342,False,True,,0,
BIOMD0000001063,r_4318,s_0803__91__c__93__ + s_3999__91__c__93__ <=> s_0563__91__c__93__ + s_3951__91__c__93__,R01718,R01718,1,,chebi,2342,False,True,,0,
BIOMD0000001063,r_4319,2 s_0803__91__c__93__ + s_4000__91__c__93__ <=> 2 s_0563__91__c__93__,R01791,R01791,1,,chebi,2342,False,True,,0,
BIOMD0000001063,r_4320,s_0795__91__er__93__ + s_3911__91__er__93__ + s_3996__91__er__93__ <=> s_0646__91__er__93__ + s_4001__91__er__93__,R06262,R06262,1,,chebi,2342,False,True,,0,
BIOMD0000001063,r_4321,s_0795__91__er__93__ + s_3911__91__er__93__ + s_4001__91__er__93__ <=> s_0646__91__er__93__ + s_3912__91__er__93__,R06263,R06263,1,,chebi,2342,False,True,,0,
BIOMD0000001063,r_4322,s_0644__91__er__93__ + s_4002__91__er__93__ <=> s_0646__91__er__93__ + s_0795__91__er__93__ + s_4003__91__er__93__,R07129,R07129,1,,chebi,2342,False,True,,0,
BIOMD0000001063,r_4323,2 s_1419__91__m__93__ + s_3945__91__m__93__ + 2 s_4004__91__m__93__ <=> 2 s_1031__91__m__93__ + s_3947__91__m__93__ + 2 s_4005__91__m__93__,R07767,R07767,1,,chebi,2342,False,True,,0,
BIOMD0000001063,r_4324,s_1254__91__m__93__ + 2 s_1419__91__m__93__ + 2 s_4004__91__m__93__ <=> 2 s_1031__91__m__93__ + s_3946__91__m__93__ + 2 s_4005__91__m__93__,R07768,R07768,1,,chebi,2342,False,True,,0,
BIOMD0000001063,r_4326,s_4009__91__m__93__ + s_4010__91__m__93__ <=> 2 s_0799__91__m__93__ + s_4011__91__m__93__ + s_4012__91__m__93__,R01931,R01931,1,,chebi,2342,False,True,,0,
BIOMD0000001063,r_4328,s_0646__91__er__93__ + s_4015__91__er__93__ <=> 2 s_0795__91__er__93__ + s_3766__91__er__93__ + s_3911__91__er__93__,R01005,R01005,1,,chebi,2342,False,True,,0,
BIOMD0000001063,r_4330,s_1207__91__c__93__ + s_1396__91__c__93__ <=> s_0794__91__c__93__ + s_1212__91__c__93__ + s_1392__91__c__93__,R01708,R01708,1,,chebi,2342,False,True,,0,
BIOMD0000001063,r_4331,s_0509__91__c__93__ + s_0803__91__c__93__ <=> s_4017__91__c__93__,R01206,R01206,1,,chebi,2342,False,True,,0,
BIOMD0000001063,r_4333,s_0803__91__c__93__ + s_4018__91__c__93__ <=> s_0794__91__c__93__ + 2 s_1322__91__c__93__,R03042,R03042,1,,chebi,2342,False,True,,0,
BIOMD0000001063,r_4336,s_0803__91__c__93__ + s_4021__91__c__93__ <=> s_0180__91__c__93__ + s_0419__91__c__93__,R03804,R03804,1,,chebi,2342,False,True,,0,
BIOMD0000001063,r_4338,s_0803__91__c__93__ + s_4024__91__c__93__ <=> 2 s_3951__91__c__93__,R06199,R06199,1,,chebi,2342,False,True,,0,
BIOMD0000001063,r_4342,s_0803__91__c__93__ + s_4062__91__c__93__ => s_0765__91__c__93__ + s_1322__91__c__93__,R01043,R01043,1,,chebi,2342,False,True,,0,
BIOMD0000001063,r_4347,s_0803__91__c__93__ + s_4068__91__c__93__ => s_0790__91__c__93__ + s_1322__91__c__93__,R02148,R02148,1,,chebi,2342,False,True,,0,
BIOMD0000001063,r_4350,s_0803__91__c__93__ + s_4071__91__c__93__ => s_1322__91__c__93__ + s_3997__91__c__93__,R01334,R01334,1,,chebi,2342,False,True,,0,
BIOMD0000001063,r_4353,s_1275__91__c__93__ + s_4073__91__c__93__ => s_0794__91__c__93__ + s_4076__91__c__93__,R02467,R02467,1,,chebi,2342,False,True,,0,
BIOMD0000001063,r_4354,s_0803__91__c__93__ + s_1198__91__c__93__ + s_4076__91__c__93__ => s_0794__91__c__93__ + s_1203__91__c__93__ + s_1471__91__c__93__,R01681,R01681,1,,chebi,2342,False,True,,0,
BIOMD0000001063,r_4355,s_0178__91__c__93__ + s_0991__91__c__93__ <=> s_0180__91__c__93__ + s_4079__91__c__93__,R10991,R10991,1,,chebi,2342,False,True,,0,
BIOMD0000001063,r_4359,s_0803__91__c__93__ + s_4083__91__c__93__ => s_1322__91__c__93__ + s_1556__91__c__93__,R01877,R01877,1,,chebi,2342,False,True,,0,
BIOMD0000001063,r_4363,s_4088__91__c__93__ => s_1322__91__c__93__ + s_4089__91__c__93__,R07420,R07420,1,,chebi,2342,False,True,,0,
BIOMD0000001063,r_4366,s_0394__91__c__93__ + s_0794__91__c__93__ + s_4092__91__c__93__ <=> s_0434__91__c__93__ + s_0965__91__c__93__,R00554,R00554,1,,chebi,2342,False,True,,0,
BIOMD0000001063,r_4374,s_0803__91__c__93__ + s_4104__91__c__93__ => s_0794__91__c__93__ + s_0955__91__c__93__ + s_1469__91__c__93__,R00863,R00863,1,,chebi,2342,False,True,,0,
BIOMD0000001063,r_4376,s_0803__91__c__93__ + s_4106__91__c__93__ => s_0386__91__c__93__ + s_1322__91__c__93__,R01562,R01562,1,,chebi,2342,False,True,,0,
BIOMD0000001063,r_4382,2 s_0709__91__m__93__ + 2 s_4113__91__c__93__ <=> 2 s_0710__91__m__93__ + s_4112__91__c__93__,R00029,R00029,1,,chebi,2342,False,True,,0,
BIOMD0000001063,r_4384,s_0794__91__c__93__ + s_1212__91__c__93__ + s_4117__91__c__93__ => s_1207__91__c__93__ + s_3875__91__c__93__,R01740,R01740,1,,chebi,2342,False,True,,0,
BIOMD0000001063,r_4393,s_0434__91__c__93__ + s_4128__91__c__93__ => s_0394__91__c__93__ + s_0794__91__c__93__ + s_4129__91__c__93__,R02927,R02927,1,,chebi,2342,False,True,,0,
BIOMD0000001063,r_4396,s_0434__91__c__93__ + s_0529__91__c__93__ + s_4132__91__c__93__ => s_0367__91__c__93__ + s_0423__91__c__93__ + s_0633__91__c__93__,R01357,R01357,1,,chebi,2342,False,True,,0,
BIOMD0000001063,r_4400,s_0805__91__e__93__ + s_4140__91__e__93__ => s_0565__91__e__93__ + s_1106__91__e__93__,R05196,R05196,1,,chebi,2342,False,True,,0,
BIOMD0000001063,r_4403,s_0803__91__c__93__ + s_4098__91__c__93__ => s_0633__91__c__93__ + s_1322__91__c__93__,R00138,R00138,1,,chebi,2342,False,True,,0,
BIOMD0000001063,r_4407,s_0803__91__c__93__ + s_4077__91__c__93__ <=> s_1322__91__c__93__ + s_3904__91__c__93__,R02853,R02853,1,,chebi,2342,False,True,,0,
BIOMD0000001063,r_4410,s_4136__91__c__93__ <=> s_0779__91__c__93__ + s_1271__91__c__93__,R00477,R00477,1,,chebi,2342,False,True,,0,
BIOMD0000001063,r_4411,s_0803__91__c__93__ + s_4138__91__c__93__ => s_0419__91__c__93__ + s_0794__91__c__93__ + s_1399__91__c__93__ + s_1469__91__c__93__,R07634,R07634,1,,chebi,2342,False,True,,0,
BIOMD0000001063,r_4435,s_0803__91__c__93__ + s_4048__91__c__93__ => s_0765__91__c__93__ + s_1322__91__c__93__,R08658,R08658,1,,chebi,2342,False,True,,0,
BIOMD0000001063,r_4484,s_0841__91__c__93__ + s_1241__91__c__93__ <=> s_1012__91__c__93__ + s_1458__91__c__93__,R01288,R01288,1,,chebi,2342,False,True,,0,
BIOMD0000001063,r_4485,s_0204__91__c__93__ + s_1275__91__c__93__ => s_0456__91__c__93__ + s_4177__91__c__93__,R02521,R02521,1,,chebi,2342,False,True,,0,
BIOMD0000001063,r_4486,s_1275__91__c__93__ + s_4177__91__c__93__ => s_0794__91__c__93__ + s_4178__91__c__93__,R02519,R02519,1,,chebi,2342,False,True,,0,
BIOMD0000001063,r_4487,s_4178__91__c__93__ => s_4179__91__c__93__,R03181,R03181,1,,chebi,2342,False,True,,0,
BIOMD0000001063,r_4488,s_0803__91__c__93__ + s_4179__91__c__93__ => s_0725__91__c__93__ + s_0794__91__c__93__ + s_4132__91__c__93__,R01364,R01364,1,,chebi,2342,False,True,,0,
BIOMD0000001063,r_4489,s_0961__91__c__93__ + s_1198__91__c__93__ => s_0794__91__c__93__ + s_1203__91__c__93__ + s_4180__91__c__93__,R01903,R01903,1,,chebi,2342,False,True,,0,
BIOMD0000001063,r_4490,s_0794__91__c__93__ + s_1212__91__c__93__ + s_4180__91__c__93__ <=> s_1207__91__c__93__ + s_1566__91__c__93__,R01904,R01904,1,,chebi,2342,False,True,,0,
BIOMD0000001063,r_4492,s_1198__91__c__93__ + s_4181__91__c__93__ => s_0580__91__c__93__ + s_0794__91__c__93__ + s_1203__91__c__93__,R05604,R05604,1,,chebi,2342,False,True,,0,
BIOMD0000001063,r_4566,s_0340__91__c__93__ + s_0394__91__c__93__ + s_0794__91__c__93__ => s_0434__91__c__93__ + s_3875__91__c__93__,R01737,R01737,1,,chebi,2342,False,True,,0,
BIOMD0000001063,r_4568,s_0794__91__c__93__ + s_1321__91__c__93__ => s_4194__91__c__93__,R06790,R06790,1,,chebi,2342,False,True,,0,
BIOMD0000001063,r_4569,s_0362__91__c__93__ + s_0794__91__c__93__ + s_4195__91__c__93__ => s_0803__91__c__93__ + s_4194__91__c__93__,R06893,R06893,1,,chebi,2342,False,True,,0,
BIOMD0000001063,r_4570,s_1198__91__c__93__ + s_4182__91__c__93__ <=> s_0180__91__c__93__ + s_0794__91__c__93__ + s_1203__91__c__93__,R08198,R08198,1,,chebi,2342,False,True,,0,
BIOMD0000001063,r_4572,s_0180__91__c__93__ + s_0441__91__c__93__ <=> s_0991__91__c__93__ + s_4184__91__c__93__,R00908,R00908,1,,chebi,2342,False,True,,0,
BIOMD0000001063,r_4573,s_0529__91__c__93__ + s_1198__91__c__93__ + s_4184__91__c__93__ => s_0373__91__c__93__ + s_0456__91__c__93__ + s_1203__91__c__93__,R00705,R00705,1,,chebi,2342,False,True,,0,
BIOMD0000001063,r_4574,s_0529__91__c__93__ + s_1207__91__c__93__ + s_4184__91__c__93__ => s_0373__91__c__93__ + s_0456__91__c__93__ + s_1212__91__c__93__,R00706,R00706,1,,chebi,2342,False,True,,0,
BIOMD0000001063,r_4575,s_0794__91__c__93__ + s_4184__91__c__93__ => s_0359__91__c__93__ + s_0456__91__c__93__,R06973,R06973,1,,chebi,2342,False,True,,0,
BIOMD0000001063,r_4576,s_1207__91__c__93__ + s_4185__91__c__93__ <=> s_0794__91__c__93__ + s_1212__91__c__93__ + s_4186__91__c__93__,R04440,R04440,1,,chebi,2342,False,True,,0,
BIOMD0000001063,r_4577,s_0232__91__c__93__ + s_0803__91__c__93__ => s_4208__91__c__93__,R01209,R01209,1,,chebi,2342,False,True,,0,
BIOMD0000001063,r_4579,s_0794__91__c__93__ + 2 s_1399__91__c__93__ => s_0456__91__c__93__ + s_4188__91__c__93__,R00226,R00226,1,,chebi,2342,False,True,,0,
BIOMD0000001063,r_4580,s_1207__91__c__93__ + s_4185__91__c__93__ <=> s_0794__91__c__93__ + s_1212__91__c__93__ + s_4188__91__c__93__,R04439,R04439,1,,chebi,2342,False,True,,0,
BIOMD0000001063,r_4581,s_1198__91__c__93__ + s_4189__91__c__93__ => s_0178__91__c__93__ + s_0456__91__c__93__ + s_1203__91__c__93__,R00994,R00994,1,,chebi,2342,False,True,,0,
BIOMD0000001063,r_4583,s_0803__91__c__93__ + s_4190__91__c__93__ => s_0529__91__c__93__ + s_0794__91__c__93__ + s_4191__91__c__93__,R08177,R08177,1,,chebi,2342,False,True,,0,
BIOMD0000001063,r_4585,s_0803__91__c__93__ + s_4192__91__c__93__ => s_0558__91__c__93__ + s_4193__91__c__93__,R03634,R03634,1,,chebi,2342,False,True,,0,
BIOMD0000001063,r_4629,s_0682__91__m__93__ + s_4211__91__m__93__ <=> s_0532__91__m__93__ + s_4212__91__m__93__,R00627,R00627,1,,chebi,2342,False,True,,0,
BIOMD0000001063,r_4630,s_0682__91__m__93__ + s_4213__91__m__93__ <=> s_0532__91__m__93__ + s_4214__91__m__93__,R00627,R00627,1,,chebi,2342,False,True,,0,
BIOMD0000001063,r_4631,s_0682__91__m__93__ + s_4215__91__m__93__ <=> s_0532__91__m__93__ + s_4216__91__m__93__,R00627,R00627,1,,chebi,2342,False,True,,0,
BIOMD0000001063,r_4632,s_0376__91__m__93__ + s_4217__91__m__93__ <=> s_0532__91__m__93__ + s_4218__91__m__93__,R00627,R00627,1,,chebi,2342,False,True,,0,
BIOMD0000001063,r_4633,s_0682__91__m__93__ + s_4219__91__m__93__ <=> s_0532__91__m__93__ + s_4220__91__m__93__,R00627,R00627,1,,chebi,2342,False,True,,0,
BIOMD0000001063,r_4649,s_0376__91__m__93__ + s_0682__91__m__93__ => s_0532__91__m__93__ + s_4231__91__m__93__,R11957,R11957,1,,chebi,2342,False,True,,0,
BIOMD0000001063,r_4651,s_0178__91__c__93__ + s_0794__91__c__93__ => s_0456__91__c__93__ + s_4232__91__c__93__,R00636,R00636,1,,chebi,2342,False,True,,0,
BIOMD0000001063,r_4652,s_0794__91__c__93__ + s_1203__91__c__93__ + s_4232__91__c__93__ => s_1198__91__c__93__ + s_4233__91__c__93__,R00754,R00754,1,,chebi,2342,False,True,,0,
BIOMD0000001063,r_4660,s_0294__91__c__93__ + s_0794__91__c__93__ <=> s_0456__91__c__93__ + s_4238__91__c__93__,R00636,R00636,1,,chebi,2342,False,True,,0,
BIOMD0000001063,r_4661,s_0794__91__c__93__ + s_1203__91__c__93__ + s_4238__91__c__93__ => s_1198__91__c__93__ + s_4239__91__c__93__,R00754,R00754,1,,chebi,2342,False,True,,0,
BIOMD0000001090,R_R00004_C3_cytop,M_C00001_cytop + M_C00013_cytop => 2 M_C00009_cytop,R00004,R00004,1,,none,0,False,True,,0,
BIOMD0000001090,R_R00014_C3_cytop,M_C00068_cytop + M_C00022_cytop => M_C05125_cytop + M_C00011_cytop,R00014,R00014,1,,none,0,False,True,,0,
BIOMD0000001090,R_R00066_C3_cytop,2 M_C04332_cytop => M_C00255_cytop + M_C04732_cytop,R00066,R00066,1,,none,0,False,True,,0,
BIOMD0000001090,R_R00086_C3_cytop,M_C00001_cytop + M_C00002_cytop => M_C00009_cytop + M_C00008_cytop,R00086,R00086,1,,none,0,False,True,,0,
BIOMD0000001090,R_R00104_C3_cytop,M_C00002_cytop + M_C00003_cytop => M_C00006_cytop + M_C00008_cytop,R00104,R00104,1,,none,0,False,True,,0,
BIOMD0000001090,R_R00127_C3_cytop,M_C00020_cytop + M_C00002_cytop => 2 M_C00008_cytop,R00127,R00127,1,,none,0,False,True,,0,
BIOMD0000001090,R_R00130_C3_cytop,M_C00882_cytop + M_C00002_cytop => M_C00010_cytop + M_C00008_cytop,R00130,R00130,1,,none,0,False,True,,0,
BIOMD0000001090,R_R00137_C3_cytop,M_C00455_cytop + M_C00080_cytop + M_C00002_cytop => M_C00013_cytop + M_C00003_cytop,R00137,R00137,1,,none,0,False,True,,0,
BIOMD0000001090,R_R00150_C3_cytop,M_C00014_cytop + M_C00002_cytop + M_C00011_cytop => M_C00008_cytop + M_C00169_cytop,R00150,R00150,1,,none,0,False,True,,0,
BIOMD0000001090,R_R00156_C3_cytop,M_C00002_cytop + M_C00015_cytop <=> M_C00008_cytop + M_C00075_cytop,R00156,R00156,1,,none,0,False,True,,0,
BIOMD0000001090,R_R00158_C3_cytop,M_C00002_cytop + M_C00105_cytop <=> M_C00015_cytop + M_C00008_cytop,R00158,R00158,1,,none,0,False,True,,0,
BIOMD0000001090,R_R00161_C3_cytop,M_C00002_cytop + M_C00061_cytop => M_C00016_cytop + M_C00013_cytop,R00161,R00161,1,,none,0,False,True,,0,
BIOMD0000001090,R_R00174_C3_cytop,M_C00250_cytop + M_C00002_cytop => M_C00008_cytop + M_C00018_cytop,R00174,R00174,1,,none,0,False,True,,0,
BIOMD0000001090,R_R00177_C3_cytop,M_C00001_cytop + M_C00002_cytop + M_C00073_cytop => M_C00019_cytop + M_C00009_cytop + M_C00013_cytop,R00177,R00177,1,,none,0,False,True,,0,
BIOMD0000001090,R_R00178_C3_cytop,M_C00080_cytop + M_C00019_cytop => M_C01137_cytop + M_C00011_cytop,R00178,R00178,1,,none,0,False,True,,0,
BIOMD0000001090,R_R00183_C3_cytop,M_C00001_cytop + M_C00020_cytop => M_C00212_cytop + M_C00009_cytop,R00183,R00183,1,,none,0,False,True,,0,
BIOMD0000001090,R_R00188_C3_cytop,M_C00001_cytop + M_C00054_cytop => M_C00020_cytop + M_C00009_cytop,R00188,R00188,1,,none,0,False,True,,0,
BIOMD0000001090,R_R00189_C3_cytop,M_C00014_cytop + M_C00857_cytop + M_C00002_cytop => M_C00020_cytop + M_C00013_cytop + M_C00003_cytop,R00189,R00189,1,,none,0,False,True,,0,
BIOMD0000001090,R_R00190_C3_cytop,M_C00119_cytop + M_C00147_cytop => M_C00020_cytop + M_C00013_cytop,R00190,R00190,1,,none,0,False,True,,0,
BIOMD0000001090,R_R00199_C3_cytop,M_C00020_cytop + M_C00074_cytop + M_C00009_cytop => M_C00001_cytop + M_C00022_cytop + M_C00002_cytop,R00199,R00199,1,,none,0,False,True,,0,
BIOMD0000001090,R_R00200_C3_cytop,M_C00074_cytop + M_C00008_cytop => M_C00022_cytop + M_C00002_cytop,R00200,R00200,1,,none,0,False,True,,0,
BIOMD0000001090,R_R00207_C3_cytop,M_C00007_cytop + M_C00022_cytop + M_C00009_cytop => M_C00227_cytop + M_C00027_cytop + M_C00011_cytop,R00207,R00207,1,,none,0,False,True,,0,
BIOMD0000001090,R_R00209_C3_cytop,M_C00010_cytop + M_C00022_cytop + M_C00003_cytop => M_C00004_cytop + M_C00080_cytop + M_C00024_cytop + M_C00011_cytop,R00209,R00209,1,,none,0,False,True,,0,
BIOMD0000001090,R_R00212_C3_cytop,M_C00010_cytop + M_C00022_cytop => M_C00058_cytop + M_C00024_cytop,R00212,R00212,1,,none,0,False,True,,0,
BIOMD0000001090,R_R00220_C3_cytop,M_C00065_cytop => M_C00014_cytop + M_C00022_cytop,R00220,R00220,1,,none,0,False,True,,0,
BIOMD0000001090,R_R00226_C3_cytop,2 M_C00022_cytop => M_C06010_cytop + M_C00011_cytop,R00226,R00226,1,,none,0,False,True,,0,
BIOMD0000001090,R_R00228_C3_cytop,M_C00010_cytop + M_C00084_cytop + M_C00003_cytop <=> M_C00004_cytop + M_C00080_cytop + M_C00024_cytop,R00228,R00228,1,,none,0,False,True,,0,
BIOMD0000001090,R_R00230_C3_cytop,M_C00010_cytop + M_C00227_cytop <=> M_C00024_cytop + M_C00009_cytop,R00230,R00230,1,,none,0,False,True,,0,
BIOMD0000001090,R_R00238_C3_cytop,2 M_C00024_cytop => M_C00010_cytop + M_C00332_cytop,R00238,R00238,1,,none,0,False,True,,0,
BIOMD0000001090,R_R00239_C3_cytop,M_C00002_cytop + M_C00025_cytop => M_C03287_cytop + M_C00008_cytop,R00239,R00239,1,,none,0,False,True,,0,
BIOMD0000001090,R_R00248_C3_cytop,M_C00026_cytop + M_C00080_cytop + M_C00014_cytop + M_C00005_cytop => M_C00001_cytop + M_C00006_cytop + M_C00025_cytop,R00248,R00248,1,,none,0,False,True,,0,
BIOMD0000001090,R_R00253_C3_cytop,M_C00014_cytop + M_C00002_cytop + M_C00025_cytop => M_C00064_cytop + M_C00009_cytop + M_C00008_cytop,R00253,R00253,1,,none,0,False,True,,0,
BIOMD0000001090,R_R00256_C3_cytop,M_C00014_cytop + M_C00025_cytop => M_C00001_cytop + M_C00064_cytop,R00256,R00256,1,,none,0,False,True,,0,
BIOMD0000001090,R_R00258_C3_cytop,M_C00026_cytop + M_C00041_cytop <=> M_C00022_cytop + M_C00025_cytop,R00258,R00258,1,,none,0,False,True,,0,
BIOMD0000001090,R_R00260_C3_cytop,M_C00025_cytop <=> M_C00217_cytop,R00260,R00260,1,,none,0,False,True,,0,
BIOMD0000001090,R_R00281_C3_cytop,2 M_C00004_cytop + M_C00007_cytop + 2 M_C00080_cytop => 2 M_C00001_cytop + 2 M_C00003_cytop,R00281,R00281,1,,none,0,False,True,,0,
BIOMD0000001090,R_R00289_C3_cytop,M_C00103_cytop + M_C00075_cytop => M_C00029_cytop + M_C00013_cytop,R00289,R00289,1,,none,0,False,True,,0,
BIOMD0000001090,R_R00291_C3_cytop,M_C00029_cytop <=> M_C00052_cytop,R00291,R00291,1,,none,0,False,True,,0,
BIOMD0000001090,R_R00315_C3_cytop,M_C00002_cytop + M_C00033_cytop <=> M_C00227_cytop + M_C00008_cytop,R00315,R00315,1,,none,0,False,True,,0,
BIOMD0000001090,R_R00317_C3_cytop,M_C00001_cytop + M_C00227_cytop => M_C00009_cytop + M_C00033_cytop,R00317,R00317,1,,none,0,False,True,,0,
BIOMD0000001090,R_R00330_C3_cytop,M_C00002_cytop + M_C00035_cytop <=> M_C00044_cytop + M_C00008_cytop,R00330,R00330,1,,none,0,False,True,,0,
BIOMD0000001090,R_R00332_C3_cytop,M_C00002_cytop + M_C00144_cytop <=> M_C00008_cytop + M_C00035_cytop,R00332,R00332,1,,none,0,False,True,,0,
BIOMD0000001090,R_R00345_C3_cytop,M_C00001_cytop + M_C00074_cytop + M_C00011_cytop => M_C00036_cytop + M_C00009_cytop,R00345,R00345,1,,none,0,False,True,,0,
BIOMD0000001090,R_R00355_C3_cytop,M_C00036_cytop + M_C00025_cytop => M_C00026_cytop + M_C00049_cytop,R00355,R00355,1,,none,0,False,True,,0,
BIOMD0000001090,R_R00401_C3_cytop,M_C00041_cytop <=> M_C00133_cytop,R00401,R00401,1,,none,0,False,True,,0,
BIOMD0000001090,R_R00416_C3_cytop,M_C04501_cytop + M_C00075_cytop <=> M_C00043_cytop + M_C00013_cytop,R00416,R00416,1,,none,0,False,True,,0,
BIOMD0000001090,R_R00418_C3_cytop,M_C00043_cytop <=> M_C00203_cytop,R00418,R00418,1,,none,0,False,True,,0,
BIOMD0000001090,R_R00426_C3_cytop,M_C00001_cytop + M_C00044_cytop => M_C00144_cytop + M_C00013_cytop,R00426,R00426,1,,none,0,False,True,,0,
BIOMD0000001090,R_R00428_C3_cytop,M_C00001_cytop + M_C00044_cytop => M_C05922_cytop,R00428,R00428,1,,none,0,False,True,,0,
BIOMD0000001090,R_R00430_C3_cytop,M_C00074_cytop + M_C00035_cytop => M_C00022_cytop + M_C00044_cytop,R00430,R00430,1,,none,0,False,True,,0,
BIOMD0000001090,R_R00451_C3_cytop,M_C00680_cytop => M_C00047_cytop + M_C00011_cytop,R00451,R00451,1,,none,0,False,True,,0,
BIOMD0000001090,R_R00462_C3_cytop,M_C00047_cytop => M_C01672_cytop + M_C00011_cytop,R00462,R00462,1,,none,0,False,True,,0,
BIOMD0000001090,R_R00480_C3_cytop,M_C00049_cytop + M_C00002_cytop => M_C03082_cytop + M_C00008_cytop,R00480,R00480,1,,none,0,False,True,,0,
BIOMD0000001090,R_R00483_C3_cytop,M_C00049_cytop + M_C00014_cytop + M_C00002_cytop => M_C00020_cytop + M_C00152_cytop + M_C00013_cytop,R00483,R00483,1,,none,0,False,True,,0,
BIOMD0000001090,R_R00485_C3_cytop,M_C00001_cytop + M_C00152_cytop => M_C00049_cytop + M_C00014_cytop,R00485,R00485,1,,none,0,False,True,,0,
BIOMD0000001090,R_R00506_C3_cytop,2 M_C00052_cytop + M_C00001_cytop => 2 M_C00080_cytop + M_C05796_cytop + 2 M_C00015_cytop,R00506,R00506,1,,none,0,False,True,,0,
BIOMD0000001090,R_R00511_C3_cytop,M_C00001_cytop + M_C00055_cytop => M_C00475_cytop + M_C00009_cytop,R00511,R00511,1,,none,0,False,True,,0,
BIOMD0000001090,R_R00512_C3_cytop,M_C00055_cytop + M_C00002_cytop <=> M_C00008_cytop + M_C00112_cytop,R00512,R00512,1,,none,0,False,True,,0,
BIOMD0000001090,R_R00513_C3_cytop,M_C00475_cytop + M_C00002_cytop => M_C00055_cytop + M_C00008_cytop,R00513,R00513,1,,none,0,False,True,,0,
BIOMD0000001090,R_R00516_C3_cytop,M_C00475_cytop + M_C00075_cytop => M_C00055_cytop + M_C00015_cytop,R00516,R00516,1,,none,0,False,True,,0,
BIOMD0000001090,R_R00517_C3_cytop,M_C00475_cytop + M_C00044_cytop => M_C00055_cytop + M_C00035_cytop,R00517,R00517,1,,none,0,False,True,,0,
BIOMD0000001090,R_R00549_C3_cytop,M_C00002_cytop + M_C00255_cytop => M_C00008_cytop + M_C00061_cytop,R00549,R00549,1,,none,0,False,True,,0,
BIOMD0000001090,R_R00566_C3_cytop,M_C00062_cytop => M_C00179_cytop + M_C00011_cytop,R00566,R00566,1,,none,0,False,True,,0,
BIOMD0000001090,R_R00570_C3_cytop,M_C00002_cytop + M_C00112_cytop <=> M_C00063_cytop + M_C00008_cytop,R00570,R00570,1,,none,0,False,True,,0,
BIOMD0000001090,R_R00571_C3_cytop,M_C00014_cytop + M_C00002_cytop + M_C00075_cytop => M_C00063_cytop + M_C00009_cytop + M_C00008_cytop,R00571,R00571,1,,none,0,False,True,,0,
BIOMD0000001090,R_R00573_C3_cytop,M_C00001_cytop + M_C00002_cytop + M_C00064_cytop + M_C00075_cytop => M_C00063_cytop + M_C00009_cytop + M_C00008_cytop + M_C00025_cytop,R00573,R00573,1,,none,0,False,True,,0,
BIOMD0000001090,R_R00575_C3_cytop,M_C00001_cytop + M_C00080_cytop + 2 M_C00002_cytop + M_C00064_cytop + M_C00288_cytop => M_C00009_cytop + 2 M_C00008_cytop + M_C00169_cytop + M_C00025_cytop,R00575,R00575,1,,none,0,False,True,,0,
BIOMD0000001090,R_R00590_C3_cytop,M_C00065_cytop => M_C00001_cytop + M_C02218_cytop,R00590,R00590,1,,none,0,False,True,,0,
BIOMD0000001090,R_R00619_C3_cytop,M_C00378_cytop + M_C00002_cytop => M_C00020_cytop + M_C00068_cytop,R00619,R00619,1,,none,0,False,True,,0,
BIOMD0000001090,R_R00658_C3_cytop,M_C00631_cytop <=> M_C00001_cytop + M_C00074_cytop,R00658,R00658,1,,none,0,False,True,,0,
BIOMD0000001090,R_R00660_C3_cytop,M_C00074_cytop + M_C00043_cytop => M_C00009_cytop + M_C04631_cytop,R00660,R00660,1,,none,0,False,True,,0,
BIOMD0000001090,R_R00662_C3_cytop,M_C00001_cytop + M_C00075_cytop => M_C00105_cytop + M_C00013_cytop,R00662,R00662,1,,none,0,False,True,,0,
BIOMD0000001090,R_R00694_C3_cytop,M_C00026_cytop + M_C00079_cytop <=> M_C00166_cytop + M_C00025_cytop,R00694,R00694,1,,none,0,False,True,,0,
BIOMD0000001090,R_R00703_C3_cytop,M_C00004_cytop + M_C00080_cytop + M_C00022_cytop => M_C00186_cytop + M_C00003_cytop,R00703,R00703,1,,none,0,False,True,,0,
BIOMD0000001090,R_R00734_C3_cytop,M_C00026_cytop + M_C00082_cytop <=> M_C01179_cytop + M_C00025_cytop,R00734,R00734,1,,none,0,False,True,,0,
BIOMD0000001090,R_R00742_C3_cytop,M_C00080_cytop + M_C00024_cytop + M_C00002_cytop + M_C00288_cytop => M_C00009_cytop + M_C00008_cytop + M_C00083_cytop,R00742,R00742,1,,none,0,False,True,,0,
BIOMD0000001090,R_R00754_C3_cytop,M_C00469_cytop + M_C00003_cytop <=> M_C00004_cytop + M_C00080_cytop + M_C00084_cytop,R00754,R00754,1,,none,0,False,True,,0,
BIOMD0000001090,R_R00760_C3_cytop,M_C02336_cytop + M_C00002_cytop => M_C05345_cytop + M_C00008_cytop,R00760,R00760,1,,none,0,False,True,,0,
BIOMD0000001090,R_R00765_C3_cytop,M_C00001_cytop + M_C00352_cytop => M_C05345_cytop + M_C00014_cytop,R00765,R00765,1,,none,0,False,True,,0,
BIOMD0000001090,R_R00768_C3_cytop,M_C05345_cytop + M_C00064_cytop => M_C00352_cytop + M_C00025_cytop,R00768,R00768,1,,none,0,False,True,,0,
BIOMD0000001090,R_R00771_C3_cytop,M_C00668_cytop => M_C05345_cytop,R00771,R00771,1,,none,0,False,True,,0,
BIOMD0000001090,R_R00802_C3_cytop,M_C00001_cytop + M_C00089_cytop => M_C02336_cytop + M_C00267_cytop,R00802,R00802,1,,none,0,False,True,,0,
BIOMD0000001090,R_R00803_C3_cytop,M_C00009_cytop + M_C00089_cytop => M_C02336_cytop + M_C00103_cytop,R00803,R00803,1,,none,0,False,True,,0,
BIOMD0000001090,R_R00842_C3_cytop,M_C00004_cytop + M_C00080_cytop + M_C00111_cytop => M_C00093_cytop + M_C00003_cytop,R00842,R00842,1,,none,0,False,True,,0,
BIOMD0000001090,R_R00844_C3_cytop,M_C00080_cytop + M_C00111_cytop + M_C00005_cytop => M_C00006_cytop + M_C00093_cytop,R00844,R00844,1,,none,0,False,True,,0,
BIOMD0000001090,R_R00847_C3_cytop,M_C00116_cytop + M_C00002_cytop => M_C00008_cytop + M_C00093_cytop,R00847,R00847,1,,none,0,False,True,,0,
BIOMD0000001090,R_R00867_C3_cytop,M_C02336_cytop + M_C00002_cytop => M_C05345_cytop + M_C00008_cytop,R00867,R00867,1,,none,0,False,True,,0,
BIOMD0000001090,R_R00921_C3_cytop,M_C00009_cytop + M_C00100_cytop => M_C00010_cytop + M_C02876_cytop,R00921,R00921,1,,none,0,False,True,,0,
BIOMD0000001090,R_R00936_C3_cytop,M_C00004_cytop + M_C00080_cytop + M_C00415_cytop => M_C00101_cytop + M_C00003_cytop,R00936,R00936,1,,none,0,False,True,,0,
BIOMD0000001090,R_R00937_C3_cytop,2 M_C00004_cytop + M_C00504_cytop + 2 M_C00080_cytop => M_C00101_cytop + 2 M_C00003_cytop,R00937,R00937,1,,none,0,False,True,,0,
BIOMD0000001090,R_R00939_C3_cytop,M_C00080_cytop + M_C00415_cytop + M_C00005_cytop => M_C00101_cytop + M_C00006_cytop,R00939,R00939,1,,none,0,False,True,,0,
BIOMD0000001090,R_R00943_C3_cytop,M_C00058_cytop + M_C00101_cytop + M_C00002_cytop => M_C00009_cytop + M_C00008_cytop + M_C00234_cytop,R00943,R00943,1,,none,0,False,True,,0,
BIOMD0000001090,R_R00945_C3_cytop,M_C00001_cytop + M_C00143_cytop + M_C00037_cytop => M_C00101_cytop + M_C00065_cytop,R00945,R00945,1,,none,0,False,True,,0,
BIOMD0000001090,R_R00946_C3_cytop,M_C00155_cytop + M_C00440_cytop => M_C00101_cytop + M_C00073_cytop,R00946,R00946,1,,none,0,False,True,,0,
BIOMD0000001090,R_R00955_C3_cytop,M_C00029_cytop + M_C00446_cytop <=> M_C00052_cytop + M_C00103_cytop,R00955,R00955,1,,none,0,False,True,,0,
BIOMD0000001090,R_R00959_C3_cytop,M_C00103_cytop <=> M_C00668_cytop,R00959,R00959,1,,none,0,False,True,,0,
BIOMD0000001090,R_R00963_C3_cytop,M_C00001_cytop + M_C00105_cytop => M_C00299_cytop + M_C00009_cytop,R00963,R00963,1,,none,0,False,True,,0,
BIOMD0000001090,R_R00964_C3_cytop,M_C00002_cytop + M_C00299_cytop => M_C00105_cytop + M_C00008_cytop,R00964,R00964,1,,none,0,False,True,,0,
BIOMD0000001090,R_R00965_C3_cytop,M_C01103_cytop => M_C00105_cytop + M_C00011_cytop,R00965,R00965,1,,none,0,False,True,,0,
BIOMD0000001090,R_R00966_C3_cytop,M_C00105_cytop + M_C00013_cytop <=> M_C00119_cytop + M_C00106_cytop,R00966,R00966,1,,none,0,False,True,,0,
BIOMD0000001090,R_R00967_C3_cytop,M_C00299_cytop + M_C00075_cytop => M_C00015_cytop + M_C00105_cytop,R00967,R00967,1,,none,0,False,True,,0,
BIOMD0000001090,R_R00968_C3_cytop,M_C00044_cytop + M_C00299_cytop => M_C00105_cytop + M_C00035_cytop,R00968,R00968,1,,none,0,False,True,,0,
BIOMD0000001090,R_R00985_C3_cytop,M_C00251_cytop + M_C00014_cytop => M_C00001_cytop + M_C00022_cytop + M_C00108_cytop,R00985,R00985,1,,none,0,False,True,,0,
BIOMD0000001090,R_R00986_C3_cytop,M_C00251_cytop + M_C00064_cytop => M_C00022_cytop + M_C00108_cytop + M_C00025_cytop,R00986,R00986,1,,none,0,False,True,,0,
BIOMD0000001090,R_R00996_C3_cytop,M_C00188_cytop => M_C00014_cytop + M_C00109_cytop,R00996,R00996,1,,none,0,False,True,,0,
BIOMD0000001090,R_R00999_C3_cytop,M_C00001_cytop + M_C01118_cytop => M_C00014_cytop + M_C00042_cytop + M_C00109_cytop,R00999,R00999,1,,none,0,False,True,,0,
BIOMD0000001090,R_R01015_C3_cytop,M_C00118_cytop <=> M_C00111_cytop,R01015,R01015,1,,none,0,False,True,,0,
BIOMD0000001090,R_R01021_C3_cytop,M_C00002_cytop + M_C00114_cytop => M_C00588_cytop + M_C00008_cytop,R01021,R01021,1,,none,0,False,True,,0,
BIOMD0000001090,R_R01049_C3_cytop,M_C00002_cytop + M_C00117_cytop => M_C00119_cytop + M_C00020_cytop,R01049,R01049,1,,none,0,False,True,,0,
BIOMD0000001090,R_R01056_C3_cytop,M_C00199_cytop <=> M_C00117_cytop,R01056,R01056,1,,none,0,False,True,,0,
BIOMD0000001090,R_R01057_C3_cytop,M_C00117_cytop <=> M_C00620_cytop,R01057,R01057,1,,none,0,False,True,,0,
BIOMD0000001090,R_R01058_C3_cytop,M_C00001_cytop + M_C00118_cytop + M_C00006_cytop => M_C00080_cytop + M_C00197_cytop + M_C00005_cytop,R01058,R01058,1,,none,0,False,True,,0,
BIOMD0000001090,R_R01061_C3_cytop,M_C00118_cytop + M_C00009_cytop + M_C00003_cytop => M_C00004_cytop + M_C00080_cytop + M_C00236_cytop,R01061,R01061,1,,none,0,False,True,,0,
BIOMD0000001090,R_R01066_C3_cytop,M_C00673_cytop <=> M_C00118_cytop + M_C00084_cytop,R01066,R01066,1,,none,0,False,True,,0,
BIOMD0000001090,R_R01069_C3_cytop,M_C03785_cytop => M_C00118_cytop + M_C00111_cytop,R01069,R01069,1,,none,0,False,True,,0,
BIOMD0000001090,R_R01070_C3_cytop,M_C05378_cytop <=> M_C00118_cytop + M_C00111_cytop,R01070,R01070,1,,none,0,False,True,,0,
BIOMD0000001090,R_R01072_C3_cytop,M_C00001_cytop + M_C00119_cytop + M_C00064_cytop => M_C03090_cytop + M_C00025_cytop + M_C00013_cytop,R01072,R01072,1,,none,0,False,True,,0,
BIOMD0000001090,R_R01073_C3_cytop,M_C00119_cytop + M_C00108_cytop <=> M_C04302_cytop + M_C00013_cytop,R01073,R01073,1,,none,0,False,True,,0,
BIOMD0000001090,R_R01083_C3_cytop,M_C03794_cytop => M_C00020_cytop + M_C00122_cytop,R01083,R01083,1,,none,0,False,True,,0,
BIOMD0000001090,R_R01086_C3_cytop,M_C03406_cytop => M_C00062_cytop + M_C00122_cytop,R01086,R01086,1,,none,0,False,True,,0,
BIOMD0000001090,R_R01090_C3_cytop,M_C00233_cytop + M_C00025_cytop => M_C00026_cytop + M_C00123_cytop,R01090,R01090,1,,none,0,False,True,,0,
BIOMD0000001090,R_R01092_C3_cytop,M_C00002_cytop + M_C00124_cytop => M_C00446_cytop + M_C00008_cytop,R01092,R01092,1,,none,0,False,True,,0,
BIOMD0000001090,R_R01105_C3_cytop,M_C00001_cytop + 2 M_C00080_cytop + M_C05796_cytop => 2 M_C00124_cytop,R01105,R01105,1,,none,0,False,True,,0,
BIOMD0000001090,R_R01121_C3_cytop,M_C01143_cytop + M_C00002_cytop => M_C00009_cytop + M_C00008_cytop + M_C00011_cytop + M_C00129_cytop,R01121,R01121,1,,none,0,False,True,,0,
BIOMD0000001090,R_R01123_C3_cytop,M_C00129_cytop => M_C00235_cytop,R01123,R01123,1,,none,0,False,True,,0,
BIOMD0000001090,R_R01126_C3_cytop,M_C00001_cytop + M_C00130_cytop => M_C00009_cytop + M_C00294_cytop,R01126,R01126,1,,none,0,False,True,,0,
BIOMD0000001090,R_R01127_C3_cytop,M_C04734_cytop => M_C00001_cytop + M_C00130_cytop,R01127,R01127,1,,none,0,False,True,,0,
BIOMD0000001090,R_R01130_C3_cytop,M_C00001_cytop + M_C00003_cytop + M_C00130_cytop => M_C00004_cytop + M_C00080_cytop + M_C00655_cytop,R01130,R01130,1,,none,0,False,True,,0,
BIOMD0000001090,R_R01132_C3_cytop,M_C00013_cytop + M_C00130_cytop <=> M_C00119_cytop + M_C00262_cytop,R01132,R01132,1,,none,0,False,True,,0,
BIOMD0000001090,R_R01134_C3_cytop,M_C00080_cytop + M_C00144_cytop + M_C00005_cytop => M_C00006_cytop + M_C00014_cytop + M_C00130_cytop,R01134,R01134,1,,none,0,False,True,,0,
BIOMD0000001090,R_R01135_C3_cytop,M_C00049_cytop + M_C00044_cytop + M_C00130_cytop => M_C03794_cytop + M_C00009_cytop + M_C00035_cytop,R01135,R01135,1,,none,0,False,True,,0,
BIOMD0000001090,R_R01148_C3_cytop,M_C00026_cytop + M_C00133_cytop => M_C00022_cytop + M_C00217_cytop,R01148,R01148,1,,none,0,False,True,,0,
BIOMD0000001090,R_R01150_C3_cytop,2 M_C00133_cytop + M_C00002_cytop => M_C00009_cytop + M_C00008_cytop + M_C00993_cytop,R01150,R01150,1,,none,0,False,True,,0,
BIOMD0000001090,R_R01152_C3_cytop,M_C00001_cytop + M_C00436_cytop => M_C00014_cytop + M_C00134_cytop + M_C00011_cytop,R01152,R01152,1,,none,0,False,True,,0,
BIOMD0000001090,R_R01214_C3_cytop,M_C00141_cytop + M_C00025_cytop => M_C00183_cytop + M_C00026_cytop,R01214,R01214,1,,none,0,False,True,,0,
BIOMD0000001090,R_R01220_C3_cytop,M_C00006_cytop + M_C00143_cytop <=> M_C00445_cytop + M_C00005_cytop,R01220,R01220,1,,none,0,False,True,,0,
BIOMD0000001090,R_R01221_C3_cytop,M_C00101_cytop + M_C00037_cytop + M_C00003_cytop => M_C00004_cytop + M_C00080_cytop + M_C00014_cytop + M_C00143_cytop + M_C00011_cytop,R01221,R01221,1,,none,0,False,True,,0,
BIOMD0000001090,R_R01224_C3_cytop,M_C00080_cytop + M_C00143_cytop + M_C00005_cytop => M_C00006_cytop + M_C00440_cytop,R01224,R01224,1,,none,0,False,True,,0,
BIOMD0000001090,R_R01227_C3_cytop,M_C00001_cytop + M_C00144_cytop => M_C00009_cytop + M_C00387_cytop,R01227,R01227,1,,none,0,False,True,,0,
BIOMD0000001090,R_R01229_C3_cytop,M_C00119_cytop + M_C00242_cytop => M_C00144_cytop + M_C00013_cytop,R01229,R01229,1,,none,0,False,True,,0,
BIOMD0000001090,R_R01230_C3_cytop,M_C00014_cytop + M_C00002_cytop + M_C00655_cytop => M_C00020_cytop + M_C00144_cytop + M_C00013_cytop,R01230,R01230,1,,none,0,False,True,,0,
BIOMD0000001090,R_R01231_C3_cytop,M_C00001_cytop + M_C00002_cytop + M_C00064_cytop + M_C00655_cytop => M_C00020_cytop + M_C00144_cytop + M_C00025_cytop + M_C00013_cytop,R01231,R01231,1,,none,0,False,True,,0,
BIOMD0000001090,R_R01251_C3_cytop,M_C00080_cytop + M_C03912_cytop + M_C00005_cytop => M_C00148_cytop + M_C00006_cytop,R01251,R01251,1,,none,0,False,True,,0,
BIOMD0000001090,R_R01286_C3_cytop,M_C02291_cytop + M_C00001_cytop => M_C00155_cytop + M_C00014_cytop + M_C00022_cytop,R01286,R01286,1,,none,0,False,True,,0,
BIOMD0000001090,R_R01373_C3_cytop,M_C00254_cytop => M_C00001_cytop + M_C00166_cytop + M_C00011_cytop,R01373,R01373,1,,none,0,False,True,,0,
BIOMD0000001090,R_R01397_C3_cytop,M_C00049_cytop + M_C00169_cytop => M_C00438_cytop + M_C00009_cytop,R01397,R01397,1,,none,0,False,True,,0,
BIOMD0000001090,R_R01401_C3_cytop,M_C00001_cytop + M_C00170_cytop => M_C03089_cytop + M_C00147_cytop,R01401,R01401,1,,none,0,False,True,,0,
BIOMD0000001090,R_R01416_C3_cytop,M_C00001_cytop + M_C00179_cytop => M_C00436_cytop + M_C00014_cytop,R01416,R01416,1,,none,0,False,True,,0,
BIOMD0000001090,R_R01466_C3_cytop,M_C00001_cytop + M_C01102_cytop => M_C00009_cytop + M_C00188_cytop,R01466,R01466,1,,none,0,False,True,,0,
BIOMD0000001090,R_R01512_C3_cytop,M_C00236_cytop + M_C00008_cytop <=> M_C00002_cytop + M_C00197_cytop,R01512,R01512,1,,none,0,False,True,,0,
BIOMD0000001090,R_R01515_C3_cytop,M_C00001_cytop + M_C00236_cytop => M_C00009_cytop + M_C00197_cytop,R01515,R01515,1,,none,0,False,True,,0,
BIOMD0000001090,R_R01518_C3_cytop,M_C00631_cytop <=> M_C00197_cytop,R01518,R01518,1,,none,0,False,True,,0,
BIOMD0000001090,R_R01524_C3_cytop,M_C00004_cytop + M_C00199_cytop + M_C00080_cytop => M_C01068_cytop + M_C00003_cytop,R01524,R01524,1,,none,0,False,True,,0,
BIOMD0000001090,R_R01525_C3_cytop,M_C00199_cytop + M_C00080_cytop + M_C00005_cytop => M_C00006_cytop + M_C01068_cytop,R01525,R01525,1,,none,0,False,True,,0,
BIOMD0000001090,R_R01528_C3_cytop,M_C00006_cytop + M_C00345_cytop => M_C00199_cytop + M_C00080_cytop + M_C00005_cytop + M_C00011_cytop,R01528,R01528,1,,none,0,False,True,,0,
BIOMD0000001090,R_R01529_C3_cytop,M_C00199_cytop <=> M_C00231_cytop,R01529,R01529,1,,none,0,False,True,,0,
BIOMD0000001090,R_R01547_C3_cytop,M_C00360_cytop + M_C00002_cytop <=> M_C00008_cytop + M_C00206_cytop,R01547,R01547,1,,none,0,False,True,,0,
BIOMD0000001090,R_R01561_C3_cytop,M_C00620_cytop + M_C00147_cytop <=> M_C00212_cytop + M_C00009_cytop,R01561,R01561,1,,none,0,False,True,,0,
BIOMD0000001090,R_R01600_C3_cytop,M_C00002_cytop + M_C00221_cytop => M_C01172_cytop + M_C00008_cytop,R01600,R01600,1,,none,0,False,True,,0,
BIOMD0000001090,R_R01602_C3_cytop,M_C00267_cytop <=> M_C00221_cytop,R01602,R01602,1,,none,0,False,True,,0,
BIOMD0000001090,R_R01624_C3_cytop,M_C00024_cytop + M_C00229_cytop => M_C03939_cytop + M_C00010_cytop,R01624,R01624,1,,none,0,False,True,,0,
BIOMD0000001090,R_R01625_C3_cytop,M_C00010_cytop + M_C03688_cytop => M_C00229_cytop + M_C00054_cytop,R01625,R01625,1,,none,0,False,True,,0,
BIOMD0000001090,R_R01626_C3_cytop,M_C00229_cytop + M_C00083_cytop => M_C00010_cytop + M_C01209_cytop,R01626,R01626,1,,none,0,False,True,,0,
BIOMD0000001090,R_R01641_C3_cytop,M_C00231_cytop + M_C00117_cytop <=> M_C00118_cytop + M_C05382_cytop,R01641,R01641,1,,none,0,False,True,,0,
BIOMD0000001090,R_R01652_C3_cytop,M_C04236_cytop => M_C00233_cytop + M_C00011_cytop,R01652,R01652,1,,none,0,False,True,,0,
BIOMD0000001090,R_R01655_C3_cytop,M_C00001_cytop + M_C00445_cytop <=> M_C00080_cytop + M_C00234_cytop,R01655,R01655,1,,none,0,False,True,,0,
BIOMD0000001090,R_R01658_C3_cytop,M_C00235_cytop + M_C00129_cytop => M_C00341_cytop + M_C00013_cytop,R01658,R01658,1,,none,0,False,True,,0,
BIOMD0000001090,R_R01664_C3_cytop,M_C00001_cytop + M_C00239_cytop => M_C00009_cytop + M_C00881_cytop,R01664,R01664,1,,none,0,False,True,,0,
BIOMD0000001090,R_R01665_C3_cytop,M_C00002_cytop + M_C00239_cytop <=> M_C00705_cytop + M_C00008_cytop,R01665,R01665,1,,none,0,False,True,,0,
BIOMD0000001090,R_R01678_C3_cytop,M_C00001_cytop + M_C00243_cytop => M_C00267_cytop + M_C00124_cytop,R01678,R01678,1,,none,0,False,True,,0,
BIOMD0000001090,R_R01706_C3_cytop,M_C00001_cytop + M_C05764_cytop => M_C00229_cytop + M_C00249_cytop,R01706,R01706,1,,none,0,False,True,,0,
BIOMD0000001090,R_R01714_C3_cytop,M_C01269_cytop => M_C00251_cytop + M_C00009_cytop,R01714,R01714,1,,none,0,False,True,,0,
BIOMD0000001090,R_R01715_C3_cytop,M_C00251_cytop => M_C00254_cytop,R01715,R01715,1,,none,0,False,True,,0,
BIOMD0000001090,R_R01716_C3_cytop,M_C00251_cytop + M_C00064_cytop => M_C11355_cytop + M_C00025_cytop,R01716,R01716,1,,none,0,False,True,,0,
BIOMD0000001090,R_R01724_C3_cytop,M_C00119_cytop + M_C00253_cytop + M_C00080_cytop => M_C01185_cytop + M_C00013_cytop,R01724,R01724,1,,none,0,False,True,,0,
BIOMD0000001090,R_R01728_C3_cytop,M_C00254_cytop + M_C00003_cytop => M_C00004_cytop + M_C00080_cytop + M_C01179_cytop + M_C00011_cytop,R01728,R01728,1,,none,0,False,True,,0,
BIOMD0000001090,R_R01771_C3_cytop,M_C00263_cytop + M_C00002_cytop => M_C01102_cytop + M_C00008_cytop,R01771,R01771,1,,none,0,False,True,,0,
BIOMD0000001090,R_R01773_C3_cytop,M_C00004_cytop + M_C00080_cytop + M_C00441_cytop => M_C00263_cytop + M_C00003_cytop,R01773,R01773,1,,none,0,False,True,,0,
BIOMD0000001090,R_R01775_C3_cytop,M_C00080_cytop + M_C00441_cytop + M_C00005_cytop => M_C00263_cytop + M_C00006_cytop,R01775,R01775,1,,none,0,False,True,,0,
BIOMD0000001090,R_R01777_C3_cytop,M_C00263_cytop + M_C00091_cytop => M_C00010_cytop + M_C01118_cytop,R01777,R01777,1,,none,0,False,True,,0,
BIOMD0000001090,R_R01786_C3_cytop,M_C00267_cytop + M_C00002_cytop => M_C00668_cytop + M_C00008_cytop,R01786,R01786,1,,none,0,False,True,,0,
BIOMD0000001090,R_R01799_C3_cytop,M_C00063_cytop + M_C00416_cytop => M_C00269_cytop + M_C00013_cytop,R01799,R01799,1,,none,0,False,True,,0,
BIOMD0000001090,R_R01801_C3_cytop,M_C00269_cytop + M_C00093_cytop => M_C00055_cytop + M_C03892_cytop,R01801,R01801,1,,none,0,False,True,,0,
BIOMD0000001090,R_R01819_C3_cytop,M_C00275_cytop <=> M_C05345_cytop,R01819,R01819,1,,none,0,False,True,,0,
BIOMD0000001090,R_R01826_C3_cytop,M_C00279_cytop + M_C00001_cytop + M_C00074_cytop => M_C04691_cytop + M_C00009_cytop,R01826,R01826,1,,none,0,False,True,,0,
BIOMD0000001090,R_R01827_C3_cytop,M_C00118_cytop + M_C05382_cytop <=> M_C00279_cytop + M_C05345_cytop,R01827,R01827,1,,none,0,False,True,,0,
BIOMD0000001090,R_R01830_C3_cytop,M_C00118_cytop + M_C05345_cytop <=> M_C00279_cytop + M_C00231_cytop,R01830,R01830,1,,none,0,False,True,,0,
BIOMD0000001090,R_R01855_C3_cytop,M_C00001_cytop + M_C00286_cytop => M_C00362_cytop + M_C00013_cytop,R01855,R01855,1,,none,0,False,True,,0,
BIOMD0000001090,R_R01863_C3_cytop,M_C00009_cytop + M_C00294_cytop <=> M_C00620_cytop + M_C00262_cytop,R01863,R01863,1,,none,0,False,True,,0,
BIOMD0000001090,R_R01867_C3_cytop,M_C00337_cytop + M_C00122_cytop => M_C00295_cytop + M_C00042_cytop,R01867,R01867,1,,none,0,False,True,,0,
BIOMD0000001090,R_R01869_C3_cytop,M_C00004_cytop + M_C00295_cytop + M_C00080_cytop => M_C00337_cytop + M_C00003_cytop,R01869,R01869,1,,none,0,False,True,,0,
BIOMD0000001090,R_R01870_C3_cytop,M_C00119_cytop + M_C00295_cytop => M_C01103_cytop + M_C00013_cytop,R01870,R01870,1,,none,0,False,True,,0,
BIOMD0000001090,R_R01876_C3_cytop,M_C00299_cytop + M_C00009_cytop <=> M_C00106_cytop + M_C00620_cytop,R01876,R01876,1,,none,0,False,True,,0,
BIOMD0000001090,R_R01878_C3_cytop,M_C00001_cytop + M_C00475_cytop => M_C00014_cytop + M_C00299_cytop,R01878,R01878,1,,none,0,False,True,,0,
BIOMD0000001090,R_R01880_C3_cytop,M_C00299_cytop + M_C00286_cytop => M_C00361_cytop + M_C00105_cytop,R01880,R01880,1,,none,0,False,True,,0,
BIOMD0000001090,R_R01920_C3_cytop,M_C01137_cytop + M_C00134_cytop => M_C00080_cytop + M_C00170_cytop + M_C00315_cytop,R01920,R01920,1,,none,0,False,True,,0,
BIOMD0000001090,R_R01954_C3_cytop,M_C00327_cytop + M_C00049_cytop + M_C00002_cytop => M_C00020_cytop + M_C03406_cytop + M_C00013_cytop,R01954,R01954,1,,none,0,False,True,,0,
BIOMD0000001090,R_R01978_C3_cytop,M_C00001_cytop + M_C00024_cytop + M_C00332_cytop => M_C00356_cytop + M_C00010_cytop,R01978,R01978,1,,none,0,False,True,,0,
BIOMD0000001090,R_R01993_C3_cytop,M_C00438_cytop => M_C00001_cytop + M_C00337_cytop,R01993,R01993,1,,none,0,False,True,,0,
BIOMD0000001090,R_R02003_C3_cytop,M_C00341_cytop + M_C00129_cytop => M_C00448_cytop + M_C00013_cytop,R02003,R02003,1,,none,0,False,True,,0,
BIOMD0000001090,R_R02014_C3_cytop,M_C00002_cytop + M_C00342_cytop => M_C00001_cytop + M_C00131_cytop + M_C00343_cytop,R02014,R02014,1,,none,0,False,True,,0,
BIOMD0000001090,R_R02016_C3_cytop,M_C00080_cytop + M_C00005_cytop + M_C00343_cytop => M_C00006_cytop + M_C00342_cytop,R02016,R02016,1,,none,0,False,True,,0,
BIOMD0000001090,R_R02017_C3_cytop,M_C00342_cytop + M_C00008_cytop => M_C00001_cytop + M_C00343_cytop + M_C00206_cytop,R02017,R02017,1,,none,0,False,True,,0,
BIOMD0000001090,R_R02018_C3_cytop,M_C00015_cytop + M_C00342_cytop => M_C00001_cytop + M_C01346_cytop + M_C00343_cytop,R02018,R02018,1,,none,0,False,True,,0,
BIOMD0000001090,R_R02019_C3_cytop,M_C00342_cytop + M_C00035_cytop => M_C00001_cytop + M_C00361_cytop + M_C00343_cytop,R02019,R02019,1,,none,0,False,True,,0,
BIOMD0000001090,R_R02020_C3_cytop,M_C00044_cytop + M_C00342_cytop => M_C00001_cytop + M_C00286_cytop + M_C00343_cytop,R02020,R02020,1,,none,0,False,True,,0,
BIOMD0000001090,R_R02022_C3_cytop,M_C00063_cytop + M_C00342_cytop => M_C00001_cytop + M_C00458_cytop + M_C00343_cytop,R02022,R02022,1,,none,0,False,True,,0,
BIOMD0000001090,R_R02023_C3_cytop,M_C00342_cytop + M_C00075_cytop => M_C00001_cytop + M_C00460_cytop + M_C00343_cytop,R02023,R02023,1,,none,0,False,True,,0,
BIOMD0000001090,R_R02024_C3_cytop,M_C00342_cytop + M_C00112_cytop => M_C00001_cytop + M_C00705_cytop + M_C00343_cytop,R02024,R02024,1,,none,0,False,True,,0,
BIOMD0000001090,R_R02029_C3_cytop,M_C00001_cytop + M_C03892_cytop => M_C00344_cytop + M_C00009_cytop,R02029,R02029,1,,none,0,False,True,,0,
BIOMD0000001090,R_R02030_C3_cytop,M_C00269_cytop + M_C00344_cytop => M_C00055_cytop + M_C05980_cytop,R02030,R02030,1,,none,0,False,True,,0,
BIOMD0000001090,R_R02035_C3_cytop,M_C00001_cytop + M_C01236_cytop => M_C00345_cytop,R02035,R02035,1,,none,0,False,True,,0,
BIOMD0000001090,R_R02059_C3_cytop,M_C00001_cytop + M_C00357_cytop => M_C00352_cytop + M_C00033_cytop,R02059,R02059,1,,none,0,False,True,,0,
BIOMD0000001090,R_R02060_C3_cytop,M_C06156_cytop <=> M_C00352_cytop,R02060,R02060,1,,none,0,False,True,,0,
BIOMD0000001090,R_R02081_C3_cytop,2 M_C00004_cytop + M_C00356_cytop + 2 M_C00080_cytop => M_C00010_cytop + M_C00418_cytop + 2 M_C00003_cytop,R02081,R02081,1,,none,0,False,True,,0,
BIOMD0000001090,R_R02090_C3_cytop,M_C00362_cytop + M_C00002_cytop <=> M_C00361_cytop + M_C00008_cytop,R02090,R02090,1,,none,0,False,True,,0,
BIOMD0000001090,R_R02091_C3_cytop,M_C00475_cytop + M_C00286_cytop => M_C00055_cytop + M_C00361_cytop,R02091,R02091,1,,none,0,False,True,,0,
BIOMD0000001090,R_R02093_C3_cytop,M_C00002_cytop + M_C00363_cytop <=> M_C00008_cytop + M_C00459_cytop,R02093,R02093,1,,none,0,False,True,,0,
BIOMD0000001090,R_R02094_C3_cytop,M_C00002_cytop + M_C00364_cytop <=> M_C00008_cytop + M_C00363_cytop,R02094,R02094,1,,none,0,False,True,,0,
BIOMD0000001090,R_R02096_C3_cytop,M_C00475_cytop + M_C00459_cytop => M_C00055_cytop + M_C00363_cytop,R02096,R02096,1,,none,0,False,True,,0,
BIOMD0000001090,R_R02097_C3_cytop,M_C00299_cytop + M_C00459_cytop => M_C00105_cytop + M_C00363_cytop,R02097,R02097,1,,none,0,False,True,,0,
BIOMD0000001090,R_R02098_C3_cytop,M_C00002_cytop + M_C00365_cytop <=> M_C01346_cytop + M_C00008_cytop,R02098,R02098,1,,none,0,False,True,,0,
BIOMD0000001090,R_R02099_C3_cytop,M_C00526_cytop + M_C00002_cytop => M_C00008_cytop + M_C00365_cytop,R02099,R02099,1,,none,0,False,True,,0,
BIOMD0000001090,R_R02101_C3_cytop,M_C00143_cytop + M_C00365_cytop => M_C00364_cytop + M_C00415_cytop,R02101,R02101,1,,none,0,False,True,,0,
BIOMD0000001090,R_R02102_C3_cytop,M_C00001_cytop + M_C00365_cytop => M_C00526_cytop + M_C00009_cytop,R02102,R02102,1,,none,0,False,True,,0,
BIOMD0000001090,R_R02142_C3_cytop,M_C00013_cytop + M_C00655_cytop => M_C00119_cytop + M_C00385_cytop,R02142,R02142,1,,none,0,False,True,,0,
BIOMD0000001090,R_R02147_C3_cytop,M_C00620_cytop + M_C00242_cytop <=> M_C00009_cytop + M_C00387_cytop,R02147,R02147,1,,none,0,False,True,,0,
BIOMD0000001090,R_R02199_C3_cytop,M_C00671_cytop + M_C00025_cytop => M_C00026_cytop + M_C00407_cytop,R02199,R02199,1,,none,0,False,True,,0,
BIOMD0000001090,R_R02237_C3_cytop,M_C00002_cytop + M_C00921_cytop + M_C00025_cytop => M_C00009_cytop + M_C00415_cytop + M_C00008_cytop,R02237,R02237,1,,none,0,False,True,,0,
BIOMD0000001090,R_R02239_C3_cytop,M_C00001_cytop + M_C00416_cytop => M_C00641_cytop + M_C00009_cytop,R02239,R02239,1,,none,0,False,True,,0,
BIOMD0000001090,R_R02240_C3_cytop,M_C00641_cytop + M_C00002_cytop => M_C00416_cytop + M_C00008_cytop,R02240,R02240,1,,none,0,False,True,,0,
BIOMD0000001090,R_R02245_C3_cytop,M_C00418_cytop + M_C00002_cytop => M_C01107_cytop + M_C00008_cytop,R02245,R02245,1,,none,0,False,True,,0,
BIOMD0000001090,R_R02291_C3_cytop,M_C00080_cytop + M_C03082_cytop + M_C00005_cytop => M_C00006_cytop + M_C00441_cytop + M_C00009_cytop,R02291,R02291,1,,none,0,False,True,,0,
BIOMD0000001090,R_R02294_C3_cytop,M_C03150_cytop + M_C00009_cytop <=> M_C00080_cytop + M_C00620_cytop + M_C00153_cytop,R02294,R02294,1,,none,0,False,True,,0,
BIOMD0000001090,R_R02295_C3_cytop,M_C05841_cytop + M_C00009_cytop <=> M_C00253_cytop + M_C00080_cytop + M_C00620_cytop,R02295,R02295,1,,none,0,False,True,,0,
BIOMD0000001090,R_R02297_C3_cytop,M_C01762_cytop + M_C00009_cytop <=> M_C00620_cytop + M_C00385_cytop,R02297,R02297,1,,none,0,False,True,,0,
BIOMD0000001090,R_R02323_C3_cytop,M_C00001_cytop + M_C00455_cytop + M_C00080_cytop <=> M_C03150_cytop + M_C00009_cytop,R02323,R02323,1,,none,0,False,True,,0,
BIOMD0000001090,R_R02326_C3_cytop,M_C00705_cytop + M_C00002_cytop <=> M_C00458_cytop + M_C00008_cytop,R02326,R02326,1,,none,0,False,True,,0,
BIOMD0000001090,R_R02327_C3_cytop,M_C00458_cytop + M_C00299_cytop => M_C00705_cytop + M_C00105_cytop,R02327,R02327,1,,none,0,False,True,,0,
BIOMD0000001090,R_R02331_C3_cytop,M_C00002_cytop + M_C01346_cytop <=> M_C00008_cytop + M_C00460_cytop,R02331,R02331,1,,none,0,False,True,,0,
BIOMD0000001090,R_R02371_C3_cytop,M_C00475_cytop + M_C00458_cytop => M_C00055_cytop + M_C00705_cytop,R02371,R02371,1,,none,0,False,True,,0,
BIOMD0000001090,R_R02412_C3_cytop,M_C00493_cytop + M_C00002_cytop => M_C03175_cytop + M_C00008_cytop,R02412,R02412,1,,none,0,False,True,,0,
BIOMD0000001090,R_R02413_C3_cytop,M_C02637_cytop + M_C00080_cytop + M_C00005_cytop => M_C00493_cytop + M_C00006_cytop,R02413,R02413,1,,none,0,False,True,,0,
BIOMD0000001090,R_R02484_C3_cytop,M_C00526_cytop + M_C00009_cytop <=> M_C00106_cytop + M_C00672_cytop,R02484,R02484,1,,none,0,False,True,,0,
BIOMD0000001090,R_R02485_C3_cytop,M_C00001_cytop + M_C00881_cytop => M_C00526_cytop + M_C00014_cytop,R02485,R02485,1,,none,0,False,True,,0,
BIOMD0000001090,R_R02569_C3_cytop,M_C15973_cytop + M_C00024_cytop <=> M_C00010_cytop + M_C16255_cytop,R02569,R02569,1,,none,0,False,True,,0,
BIOMD0000001090,R_R02689_C3_cytop,M_C00641_cytop + M_C00029_cytop => M_C04046_cytop + M_C00015_cytop,R02689,R02689,1,,none,0,False,True,,0,
BIOMD0000001090,R_R02703_C3_cytop,M_C00644_cytop + M_C00003_cytop <=> M_C00004_cytop + M_C00080_cytop + M_C05345_cytop,R02703,R02703,1,,none,0,False,True,,0,
BIOMD0000001090,R_R02719_C3_cytop,M_C00001_cytop + M_C00655_cytop => M_C01762_cytop + M_C00009_cytop,R02719,R02719,1,,none,0,False,True,,0,
BIOMD0000001090,R_R02722_C3_cytop,M_C03506_cytop + M_C00065_cytop => M_C00001_cytop + M_C00078_cytop + M_C00118_cytop,R02722,R02722,1,,none,0,False,True,,0,
BIOMD0000001090,R_R02733_C3_cytop,M_C00001_cytop + M_C04390_cytop <=> M_C00666_cytop + M_C00033_cytop,R02733,R02733,1,,none,0,False,True,,0,
BIOMD0000001090,R_R02735_C3_cytop,M_C00666_cytop <=> M_C00680_cytop,R02735,R02735,1,,none,0,False,True,,0,
BIOMD0000001090,R_R02736_C3_cytop,M_C00006_cytop + M_C01172_cytop => M_C00080_cytop + M_C01236_cytop + M_C00005_cytop,R02736,R02736,1,,none,0,False,True,,0,
BIOMD0000001090,R_R02739_C3_cytop,M_C00668_cytop <=> M_C01172_cytop,R02739,R02739,1,,none,0,False,True,,0,
BIOMD0000001090,R_R02740_C3_cytop,M_C00668_cytop <=> M_C05345_cytop,R02740,R02740,1,,none,0,False,True,,0,
BIOMD0000001090,R_R02749_C3_cytop,M_C00672_cytop <=> M_C00673_cytop,R02749,R02749,1,,none,0,False,True,,0,
BIOMD0000001090,R_R02783_C3_cytop,M_C00002_cytop + M_C00217_cytop + M_C01212_cytop => M_C00692_cytop + M_C00009_cytop + M_C00008_cytop,R02783,R02783,1,,none,0,False,True,,0,
BIOMD0000001090,R_R02786_C3_cytop,M_C00692_cytop + M_C00002_cytop + M_C00047_cytop => M_C00009_cytop + M_C00008_cytop + M_C05892_cytop,R02786,R02786,1,,none,0,False,True,,0,
BIOMD0000001090,R_R02869_C3_cytop,M_C01137_cytop + M_C00315_cytop <=> M_C00080_cytop + M_C00170_cytop + M_C00750_cytop,R02869,R02869,1,,none,0,False,True,,0,
BIOMD0000001090,R_R03005_C3_cytop,M_C00002_cytop + M_C01185_cytop => M_C00857_cytop + M_C00013_cytop,R03005,R03005,1,,none,0,False,True,,0,
BIOMD0000001090,R_R03018_C3_cytop,M_C00002_cytop + M_C00864_cytop => M_C03492_cytop + M_C00008_cytop,R03018,R03018,1,,none,0,False,True,,0,
BIOMD0000001090,R_R03035_C3_cytop,M_C01134_cytop + M_C00002_cytop <=> M_C00882_cytop + M_C00013_cytop,R03035,R03035,1,,none,0,False,True,,0,
BIOMD0000001090,R_R03066_C3_cytop,M_C01300_cytop + M_C00568_cytop => M_C00001_cytop + M_C00921_cytop,R03066,R03066,1,,none,0,False,True,,0,
BIOMD0000001090,R_R03067_C3_cytop,M_C04807_cytop + M_C00568_cytop => M_C00921_cytop + M_C00013_cytop,R03067,R03067,1,,none,0,False,True,,0,
BIOMD0000001090,R_R03083_C3_cytop,M_C04691_cytop => M_C00944_cytop + M_C00009_cytop,R03083,R03083,1,,none,0,False,True,,0,
BIOMD0000001090,R_R03084_C3_cytop,M_C00944_cytop => M_C00001_cytop + M_C02637_cytop,R03084,R03084,1,,none,0,False,True,,0,
BIOMD0000001090,R_R03191_C3_cytop,M_C01050_cytop + M_C00003_cytop => M_C00004_cytop + M_C00080_cytop + M_C04631_cytop,R03191,R03191,1,,none,0,False,True,,0,
BIOMD0000001090,R_R03192_C3_cytop,M_C00080_cytop + M_C04631_cytop + M_C00005_cytop => M_C01050_cytop + M_C00006_cytop,R03192,R03192,1,,none,0,False,True,,0,
BIOMD0000001090,R_R03193_C3_cytop,M_C01050_cytop + M_C00002_cytop + M_C00041_cytop => M_C00009_cytop + M_C01212_cytop + M_C00008_cytop,R03193,R03193,1,,none,0,False,True,,0,
BIOMD0000001090,R_R03236_C3_cytop,M_C00002_cytop + M_C01097_cytop => M_C00008_cytop + M_C03785_cytop,R03236,R03236,1,,none,0,False,True,,0,
BIOMD0000001090,R_R03240_C3_cytop,M_C01113_cytop => M_C01097_cytop,R03240,R03240,1,,none,0,False,True,,0,
BIOMD0000001090,R_R03245_C3_cytop,M_C01107_cytop + M_C00002_cytop => M_C01143_cytop + M_C00008_cytop,R03245,R03245,1,,none,0,False,True,,0,
BIOMD0000001090,R_R03256_C3_cytop,M_C00001_cytop + M_C05396_cytop => M_C00221_cytop + M_C01113_cytop,R03256,R03256,1,,none,0,False,True,,0,
BIOMD0000001090,R_R03260_C3_cytop,M_C01118_cytop + M_C00097_cytop => M_C02291_cytop + M_C00042_cytop,R03260,R03260,1,,none,0,False,True,,0,
BIOMD0000001090,R_R03269_C3_cytop,M_C04352_cytop => M_C01134_cytop + M_C00011_cytop,R03269,R03269,1,,none,0,False,True,,0,
BIOMD0000001090,R_R03270_C3_cytop,M_C05125_cytop + M_C15972_cytop => M_C00068_cytop + M_C16255_cytop,R03270,R03270,1,,none,0,False,True,,0,
BIOMD0000001090,R_R03313_C3_cytop,M_C00080_cytop + M_C03287_cytop + M_C00005_cytop => M_C01165_cytop + M_C00006_cytop + M_C00009_cytop,R03313,R03313,1,,none,0,False,True,,0,
BIOMD0000001090,R_R03314_C3_cytop,M_C01165_cytop <=> M_C00001_cytop + M_C03912_cytop,R03314,R03314,1,,none,0,False,True,,0,
BIOMD0000001090,R_R03321_C3_cytop,M_C01172_cytop <=> M_C05345_cytop,R03321,R03321,1,,none,0,False,True,,0,
BIOMD0000001090,R_R03346_C3_cytop,M_C00001_cytop + M_C01185_cytop => M_C05841_cytop + M_C00009_cytop,R03346,R03346,1,,none,0,False,True,,0,
BIOMD0000001090,R_R03460_C3_cytop,M_C00074_cytop + M_C03175_cytop => M_C00009_cytop + M_C01269_cytop,R03460,R03460,1,,none,0,False,True,,0,
BIOMD0000001090,R_R03503_C3_cytop,M_C01300_cytop + M_C00002_cytop => M_C00020_cytop + M_C04807_cytop,R03503,R03503,1,,none,0,False,True,,0,
BIOMD0000001090,R_R03504_C3_cytop,M_C04874_cytop => M_C01300_cytop + M_C00266_cytop,R03504,R03504,1,,none,0,False,True,,0,
BIOMD0000001090,R_R03508_C3_cytop,M_C01302_cytop <=> M_C00001_cytop + M_C03506_cytop + M_C00011_cytop,R03508,R03508,1,,none,0,False,True,,0,
BIOMD0000001090,R_R03509_C3_cytop,M_C04302_cytop <=> M_C01302_cytop,R03509,R03509,1,,none,0,False,True,,0,
BIOMD0000001090,R_R03634_C3_cytop,M_C00001_cytop + M_C01613_cytop => M_C00124_cytop + M_C00492_cytop,R03634,R03634,1,,none,0,False,True,,0,
BIOMD0000001090,R_R03921_C3_cytop,M_C00001_cytop + M_C16688_cytop => M_C02336_cytop + M_C00668_cytop,R03921,R03921,1,,none,0,False,True,,0,
BIOMD0000001090,R_R04014_C3_cytop,M_C00001_cytop + M_C05223_cytop => M_C00229_cytop + M_C02679_cytop,R04014,R04014,1,,none,0,False,True,,0,
BIOMD0000001090,R_R04144_C3_cytop,M_C03090_cytop + M_C00002_cytop + M_C00037_cytop => M_C03838_cytop + M_C00009_cytop + M_C00008_cytop,R04144,R04144,1,,none,0,False,True,,0,
BIOMD0000001090,R_R04198_C3_cytop,M_C00004_cytop + M_C20258_cytop + M_C00080_cytop => M_C00001_cytop + M_C03972_cytop + M_C00003_cytop,R04198,R04198,1,,none,0,False,True,,0,
BIOMD0000001090,R_R04199_C3_cytop,M_C20258_cytop + M_C00080_cytop + M_C00005_cytop => M_C00001_cytop + M_C03972_cytop + M_C00006_cytop,R04199,R04199,1,,none,0,False,True,,0,
BIOMD0000001090,R_R04208_C3_cytop,M_C04640_cytop + M_C00002_cytop => M_C03373_cytop + M_C00009_cytop + M_C00008_cytop,R04208,R04208,1,,none,0,False,True,,0,
BIOMD0000001090,R_R04230_C3_cytop,M_C00002_cytop + M_C03492_cytop + M_C00097_cytop => M_C00020_cytop + M_C04352_cytop + M_C00013_cytop,R04230,R04230,1,,none,0,False,True,,0,
BIOMD0000001090,R_R04231_C3_cytop,M_C03492_cytop + M_C00063_cytop + M_C00097_cytop => M_C00055_cytop + M_C04352_cytop + M_C00013_cytop,R04231,R04231,1,,none,0,False,True,,0,
BIOMD0000001090,R_R04325_C3_cytop,M_C03838_cytop + M_C00234_cytop => M_C00101_cytop + M_C04376_cytop,R04325,R04325,1,,none,0,False,True,,0,
BIOMD0000001090,R_R04355_C3_cytop,M_C03939_cytop + M_C01209_cytop => M_C00229_cytop + M_C05744_cytop + M_C00011_cytop,R04355,R04355,1,,none,0,False,True,,0,
BIOMD0000001090,R_R04364_C3_cytop,M_C00001_cytop + M_C03972_cytop + M_C00024_cytop => M_C00010_cytop + M_C05539_cytop,R04364,R04364,1,,none,0,False,True,,0,
BIOMD0000001090,R_R04377_C3_cytop,M_C00029_cytop + M_C04046_cytop => M_C06040_cytop + M_C00015_cytop,R04377,R04377,1,,none,0,False,True,,0,
BIOMD0000001090,R_R04426_C3_cytop,M_C04411_cytop + M_C00003_cytop => M_C00004_cytop + M_C04236_cytop + M_C00080_cytop,R04426,R04426,1,,none,0,False,True,,0,
BIOMD0000001090,R_R04428_C3_cytop,M_C04618_cytop <=> M_C00001_cytop + M_C04246_cytop,R04428,R04428,1,,none,0,False,True,,0,
BIOMD0000001090,R_R04429_C3_cytop,M_C05745_cytop + M_C00003_cytop <=> M_C00004_cytop + M_C00080_cytop + M_C04246_cytop,R04429,R04429,1,,none,0,False,True,,0,
BIOMD0000001090,R_R04440_C3_cytop,M_C04181_cytop + M_C00080_cytop + M_C00005_cytop => M_C00006_cytop + M_C04272_cytop,R04440,R04440,1,,none,0,False,True,,0,
BIOMD0000001090,R_R04441_C3_cytop,M_C04272_cytop => M_C00001_cytop + M_C00141_cytop,R04441,R04441,1,,none,0,False,True,,0,
BIOMD0000001090,R_R04457_C3_cytop,M_C15556_cytop + M_C04732_cytop => 2 M_C00001_cytop + M_C04332_cytop + M_C00009_cytop,R04457,R04457,1,,none,0,False,True,,0,
BIOMD0000001090,R_R04463_C3_cytop,M_C00001_cytop + M_C04376_cytop + M_C00002_cytop + M_C00064_cytop => M_C04640_cytop + M_C00009_cytop + M_C00008_cytop + M_C00025_cytop,R04463,R04463,1,,none,0,False,True,,0,
BIOMD0000001090,R_R04467_C3_cytop,M_C05539_cytop + M_C00025_cytop => M_C00026_cytop + M_C04390_cytop,R04467,R04467,1,,none,0,False,True,,0,
BIOMD0000001090,R_R04533_C3_cytop,M_C00006_cytop + M_C04618_cytop <=> M_C00080_cytop + M_C05744_cytop + M_C00005_cytop,R04533,R04533,1,,none,0,False,True,,0,
BIOMD0000001090,R_R04534_C3_cytop,M_C00006_cytop + M_C04619_cytop <=> M_C00080_cytop + M_C00005_cytop + M_C05753_cytop,R04534,R04534,1,,none,0,False,True,,0,
BIOMD0000001090,R_R04535_C3_cytop,M_C04619_cytop <=> M_C00001_cytop + M_C05754_cytop,R04535,R04535,1,,none,0,False,True,,0,
BIOMD0000001090,R_R04536_C3_cytop,M_C04620_cytop + M_C00006_cytop <=> M_C05750_cytop + M_C00080_cytop + M_C00005_cytop,R04536,R04536,1,,none,0,False,True,,0,
BIOMD0000001090,R_R04537_C3_cytop,M_C04620_cytop <=> M_C00001_cytop + M_C05751_cytop,R04537,R04537,1,,none,0,False,True,,0,
BIOMD0000001090,R_R04543_C3_cytop,M_C04633_cytop + M_C00006_cytop <=> M_C05762_cytop + M_C00080_cytop + M_C00005_cytop,R04543,R04543,1,,none,0,False,True,,0,
BIOMD0000001090,R_R04544_C3_cytop,M_C04633_cytop <=> M_C00001_cytop + M_C05763_cytop,R04544,R04544,1,,none,0,False,True,,0,
BIOMD0000001090,R_R04559_C3_cytop,M_C04823_cytop <=> M_C00122_cytop + M_C04677_cytop,R04559,R04559,1,,none,0,False,True,,0,
BIOMD0000001090,R_R04560_C3_cytop,M_C00234_cytop + M_C04677_cytop => M_C00101_cytop + M_C04734_cytop,R04560,R04560,1,,none,0,False,True,,0,
BIOMD0000001090,R_R04566_C3_cytop,M_C00006_cytop + M_C04688_cytop <=> M_C00080_cytop + M_C05759_cytop + M_C00005_cytop,R04566,R04566,1,,none,0,False,True,,0,
BIOMD0000001090,R_R04568_C3_cytop,M_C04688_cytop <=> M_C00001_cytop + M_C05760_cytop,R04568,R04568,1,,none,0,False,True,,0,
BIOMD0000001090,R_R04573_C3_cytop,M_C00002_cytop + M_C00993_cytop + M_C05892_cytop => M_C00009_cytop + M_C00008_cytop + M_C04702_cytop,R04573,R04573,1,,none,0,False,True,,0,
BIOMD0000001090,R_R04591_C3_cytop,M_C00049_cytop + M_C04751_cytop + M_C00002_cytop <=> M_C00009_cytop + M_C00008_cytop + M_C04823_cytop,R04591,R04591,1,,none,0,False,True,,0,
BIOMD0000001090,R_R04620_C3_cytop,3 M_C00001_cytop + M_C04895_cytop => M_C04874_cytop + 3 M_C00009_cytop,R04620,R04620,1,,none,0,False,True,,0,
BIOMD0000001090,R_R04639_C3_cytop,M_C00001_cytop + M_C04895_cytop <=> M_C06148_cytop,R04639,R04639,1,,none,0,False,True,,0,
BIOMD0000001090,R_R04724_C3_cytop,M_C05223_cytop + M_C00003_cytop <=> M_C00004_cytop + M_C00080_cytop + M_C05758_cytop,R04724,R04724,1,,none,0,False,True,,0,
BIOMD0000001090,R_R04726_C3_cytop,M_C05223_cytop + M_C01209_cytop => M_C05759_cytop + M_C00229_cytop + M_C00011_cytop,R04726,R04726,1,,none,0,False,True,,0,
BIOMD0000001090,R_R04779_C3_cytop,M_C05345_cytop + M_C00002_cytop => M_C00008_cytop + M_C05378_cytop,R04779,R04779,1,,none,0,False,True,,0,
BIOMD0000001090,R_R04952_C3_cytop,M_C01209_cytop + M_C05745_cytop => M_C05746_cytop + M_C00229_cytop + M_C00011_cytop,R04952,R04952,1,,none,0,False,True,,0,
BIOMD0000001090,R_R04953_C3_cytop,M_C00006_cytop + M_C05747_cytop <=> M_C05746_cytop + M_C00080_cytop + M_C00005_cytop,R04953,R04953,1,,none,0,False,True,,0,
BIOMD0000001090,R_R04954_C3_cytop,M_C05747_cytop <=> M_C00001_cytop + M_C05748_cytop,R04954,R04954,1,,none,0,False,True,,0,
BIOMD0000001090,R_R04955_C3_cytop,M_C05749_cytop + M_C00003_cytop <=> M_C00004_cytop + M_C00080_cytop + M_C05748_cytop,R04955,R04955,1,,none,0,False,True,,0,
BIOMD0000001090,R_R04957_C3_cytop,M_C05749_cytop + M_C01209_cytop => M_C05750_cytop + M_C00229_cytop + M_C00011_cytop,R04957,R04957,1,,none,0,False,True,,0,
BIOMD0000001090,R_R04958_C3_cytop,M_C05752_cytop + M_C00003_cytop <=> M_C00004_cytop + M_C00080_cytop + M_C05751_cytop,R04958,R04958,1,,none,0,False,True,,0,
BIOMD0000001090,R_R04960_C3_cytop,M_C05752_cytop + M_C01209_cytop => M_C00229_cytop + M_C00011_cytop + M_C05753_cytop,R04960,R04960,1,,none,0,False,True,,0,
BIOMD0000001090,R_R04961_C3_cytop,M_C05755_cytop + M_C00003_cytop <=> M_C00004_cytop + M_C00080_cytop + M_C05754_cytop,R04961,R04961,1,,none,0,False,True,,0,
BIOMD0000001090,R_R04963_C3_cytop,M_C01209_cytop + M_C05755_cytop => M_C00229_cytop + M_C05756_cytop + M_C00011_cytop,R04963,R04963,1,,none,0,False,True,,0,
BIOMD0000001090,R_R04964_C3_cytop,M_C00006_cytop + M_C05757_cytop <=> M_C00080_cytop + M_C05756_cytop + M_C00005_cytop,R04964,R04964,1,,none,0,False,True,,0,
BIOMD0000001090,R_R04965_C3_cytop,M_C05757_cytop <=> M_C00001_cytop + M_C05758_cytop,R04965,R04965,1,,none,0,False,True,,0,
BIOMD0000001090,R_R04966_C3_cytop,M_C05761_cytop + M_C00003_cytop <=> M_C00004_cytop + M_C00080_cytop + M_C05760_cytop,R04966,R04966,1,,none,0,False,True,,0,
BIOMD0000001090,R_R04968_C3_cytop,M_C05761_cytop + M_C01209_cytop => M_C05762_cytop + M_C00229_cytop + M_C00011_cytop,R04968,R04968,1,,none,0,False,True,,0,
BIOMD0000001090,R_R04969_C3_cytop,M_C05764_cytop + M_C00003_cytop <=> M_C00004_cytop + M_C00080_cytop + M_C05763_cytop,R04969,R04969,1,,none,0,False,True,,0,
BIOMD0000001090,R_R05046_C3_cytop,M_C00001_cytop + M_C05922_cytop => M_C00058_cytop + M_C05923_cytop,R05046,R05046,1,,none,0,False,True,,0,
BIOMD0000001090,R_R05048_C3_cytop,M_C05923_cytop => M_C06148_cytop,R05048,R05048,1,,none,0,False,True,,0,
BIOMD0000001090,R_R05068_C3_cytop,M_C00006_cytop + M_C06007_cytop <=> M_C00080_cytop + M_C00005_cytop + M_C14463_cytop,R05068,R05068,1,,none,0,False,True,,0,
BIOMD0000001090,R_R05069_C3_cytop,M_C06006_cytop <=> M_C14463_cytop,R05069,R05069,1,,none,0,False,True,,0,
BIOMD0000001090,R_R05070_C3_cytop,M_C06007_cytop => M_C00001_cytop + M_C00671_cytop,R05070,R05070,1,,none,0,False,True,,0,
BIOMD0000001090,R_R05071_C3_cytop,M_C06010_cytop => M_C04181_cytop,R05071,R05071,1,,none,0,False,True,,0,
BIOMD0000001090,R_R05332_C3_cytop,M_C00024_cytop + M_C06156_cytop => M_C00010_cytop + M_C04501_cytop,R05332,R05332,1,,none,0,False,True,,0,
BIOMD0000001090,R_R05553_C3_cytop,M_C11355_cytop => M_C00022_cytop + M_C00568_cytop,R05553,R05553,1,,none,0,False,True,,0,
BIOMD0000001090,R_R05627_C3_cytop,M_C00001_cytop + M_C04574_cytop => M_C00009_cytop + M_C17556_cytop,R05627,R05627,1,,none,0,False,True,,0,
BIOMD0000001090,R_R05629_C3_cytop,M_C17556_cytop + M_C04702_cytop <=> M_C04851_cytop + M_C00105_cytop,R05629,R05629,1,,none,0,False,True,,0,
BIOMD0000001090,R_R05662_C3_cytop,M_C04851_cytop + M_C00043_cytop <=> M_C05893_cytop + M_C00015_cytop,R05662,R05662,1,,none,0,False,True,,0,
BIOMD0000001090,R_R06178_C3_cytop,2 M_C05893_cytop => M_C11826_cytop + M_C04574_cytop,R06178,R06178,1,,none,0,False,True,,0,
BIOMD0000001090,R_R06447_C3_cytop,M_C00448_cytop + 8 M_C00129_cytop => M_C04574_cytop + 8 M_C00013_cytop,R06447,R06447,1,,none,0,False,True,,0,
BIOMD0000001090,R_R06861_C3_cytop,M_C00231_cytop + M_C00068_cytop => M_C13378_cytop + M_C00080_cytop + M_C00118_cytop,R06861,R06861,1,,none,0,False,True,,0,
BIOMD0000001090,R_R06863_C3_cytop,M_C00068_cytop + M_C05382_cytop <=> M_C13378_cytop + M_C00080_cytop + M_C00117_cytop,R06863,R06863,1,,none,0,False,True,,0,
BIOMD0000001090,R_R07168_C3_cytop,M_C00004_cytop + M_C00080_cytop + M_C00143_cytop => M_C00440_cytop + M_C00003_cytop,R07168,R07168,1,,none,0,False,True,,0,
BIOMD0000001090,R_R07281_C3_cytop,M_C00199_cytop => M_C00058_cytop + M_C15556_cytop,R07281,R07281,1,,none,0,False,True,,0,
BIOMD0000001090,R_R07390_C3_cytop,2 M_C00344_cytop => M_C00116_cytop + M_C05980_cytop,R07390,R07390,1,,none,0,False,True,,0,
BIOMD0000001090,R_R07404_C3_cytop,M_C00080_cytop + M_C03373_cytop + M_C00002_cytop + M_C00288_cytop => M_C15667_cytop + M_C00009_cytop + M_C00008_cytop,R07404,R07404,1,,none,0,False,True,,0,
BIOMD0000001090,R_R07405_C3_cytop,M_C15667_cytop => M_C04751_cytop,R07405,R07405,1,,none,0,False,True,,0,
BIOMD0000001090,R_R07456_C3_cytop,M_C00199_cytop + M_C00118_cytop + M_C00064_cytop => 3 M_C00001_cytop + M_C00009_cytop + M_C00018_cytop + M_C00025_cytop,R07456,R07456,1,,none,0,False,True,,0,
BIOMD0000001090,R_R07618_C3_cytop,M_C15973_cytop + M_C00003_cytop <=> M_C00004_cytop + M_C00080_cytop + M_C15972_cytop,R07618,R07618,1,,none,0,False,True,,0,
BIOMD0000001090,R_R07762_C3_cytop,M_C05764_cytop + M_C01209_cytop => M_C00229_cytop + M_C00011_cytop + M_C16219_cytop,R07762,R07762,1,,none,0,False,True,,0,
BIOMD0000001090,R_R07763_C3_cytop,M_C00080_cytop + M_C00005_cytop + M_C16219_cytop <=> M_C00006_cytop + M_C16220_cytop,R07763,R07763,1,,none,0,False,True,,0,
BIOMD0000001090,R_R07764_C3_cytop,M_C16220_cytop <=> M_C00001_cytop + M_C16221_cytop,R07764,R07764,1,,none,0,False,True,,0,
BIOMD0000001090,R_R07765_C3_cytop,M_C00004_cytop + M_C16221_cytop + M_C00080_cytop <=> M_C04088_cytop + M_C00003_cytop,R07765,R07765,1,,none,0,False,True,,0,
BIOMD0000001090,R_R08159_C3_cytop,M_C00001_cytop + M_C05761_cytop => M_C00229_cytop + M_C06424_cytop,R08159,R08159,1,,none,0,False,True,,0,
BIOMD0000001090,R_R08549_C3_cytop,M_C00026_cytop + M_C00010_cytop + M_C00003_cytop => M_C00004_cytop + M_C00080_cytop + M_C00091_cytop + M_C00011_cytop,R08549,R08549,1,,none,0,False,True,,0,
BIOMD0000001090,R_R08639_C3_cytop,M_C00103_cytop <=> M_C00668_cytop,R08639,R08639,1,,none,0,False,True,,0,
BIOMD0000001090,R_R08648_C3_cytop,M_C00022_cytop + M_C00109_cytop => M_C06006_cytop + M_C00011_cytop,R08648,R08648,1,,none,0,False,True,,0,
BIOMD0000001090,R_R08698_C3_cytop,M_C00001_cytop + M_C02218_cytop <=> M_C00014_cytop + M_C00022_cytop,R08698,R08698,1,,none,0,False,True,,0,
BIOMD0000001090,R_R09380_C3_cytop,M_C00173_cytop + M_C00093_cytop => M_C00229_cytop + M_C00681_cytop,R09380,R09380,1,,none,0,False,True,,0,
BIOMD0000001090,R_R09381_C3_cytop,M_C00173_cytop + M_C00681_cytop => M_C00229_cytop + M_C00416_cytop,R09381,R09381,1,,none,0,False,True,,0,
BIOMD0000001090,R_R10092_C3_cytop,M_C00080_cytop + M_C00288_cytop <=> M_C00001_cytop + M_C00011_cytop,R10092,R10092,1,,none,0,False,True,,0,
BIOMD0000001090,R_R10147_C3_cytop,M_C00022_cytop + M_C00441_cytop => M_C00001_cytop + M_C20258_cytop,R10147,R10147,1,,none,0,False,True,,0,
BIOMD0000001091,R_2DOXG6PP,M_2doxg6p_c + M_h2o_c <=> M_2dglc_c + M_h_c + M_pi_c,R02587,R02587,1,,none,0,False,True,,0,
BIOMD0000001091,R_2HBO,M_2hb_c + M_nad_c <=> M_2obut_c + M_h_c + M_nadh_c,R01000,R01000,1,,none,0,False,True,,0,
BIOMD0000001091,R_3HBUTDH,M_bhb_c + M_nad_c <=> M_acac_c + M_h_c + M_nadh_c,R01361,R01361,1,,none,0,False,True,,0,
BIOMD0000001091,R_3OAR100,M_3hdecACP_c + M_nadp_c <=> M_3odecACP_c + M_h_c + M_nadph_c,R04534,R04534,1,,none,0,False,True,,0,
BIOMD0000001091,R_3OAR120,M_3hddecACP_c + M_nadp_c <=> M_3oddecACP_c + M_nadph_c,R04964,R04964,1,,none,0,False,True,,0,
BIOMD0000001091,R_3OAR80,M_3hoctACP_c + M_nadp_c <=> M_3ooctACP_c + M_h_c + M_nadph_c,R04536,R04536,1,,none,0,False,True,,0,
BIOMD0000001091,R_4AHD2,M_cpd03897_c0 <=> M_dhbpt_c + M_h2o_c,R04734,R04734,1,,none,0,False,True,,0,
BIOMD0000001091,R_4OT,M_2hmc_c => M_oxalc_c,R03966,R03966,1,,none,0,False,True,,0,
BIOMD0000001091,R_5CMHMISO,M_5cmhm_c <=> M_5cohe_c,R04379,R04379,1,,none,0,False,True,,0,
BIOMD0000001091,R_5DGLCNR,M_glcn__D_c + M_nadp_c <=> M_5dglcn_c + M_h_c + M_nadph_c,R01740,R01740,1,,none,0,False,True,,0,
BIOMD0000001091,R_AAH1_1,M_adn_c + M_h2o_c + M_h_c => M_ins_c + M_nh4_c,R01560,R01560,1,,none,0,False,True,,0,
BIOMD0000001091,R_AAH1_2,M_dad_2_c + M_h2o_c + M_h_c => M_din_c + M_nh4_c,R02556,R02556,1,,none,0,False,True,,0,
BIOMD0000001091,R_AAH1_3,M_ade_c + M_h2o_c + M_h_c => M_hxan_c + M_nh4_c,R01244,R01244,1,,none,0,False,True,,0,
BIOMD0000001091,R_ABTAr,M_4abut_c + M_akg_c <=> M_glu__L_c + M_sucsal_c,R01648,R01648,1,,none,0,False,True,,0,
BIOMD0000001091,R_ABUTDm,M_4abutn_c + M_h2o_c + M_nad_c => M_4abut_c + 2 M_h_c + M_nadh_c,R02549,R02549,1,,none,0,False,True,,0,
BIOMD0000001091,R_ABZ1,M_chor_c + M_gln__L_c <=> M_4adcho_c + M_glu__L_c,R01716,R01716,1,,none,0,False,True,,0,
BIOMD0000001091,R_ACAC,M_acac_c + M_atp_c + M_coa_c => M_aacoa_c + M_amp_c + M_h_c + M_ppi_c,R01357,R01357,1,,none,0,False,True,,0,
BIOMD0000001091,R_ACACT10rr,M_accoa_c + M_ppcoa_c <=> M_2maacoa_c + M_coa_c,R00927,R00927,1,,none,0,False,True,,0,
BIOMD0000001091,R_ACACT6r,M_accoa_c + M_ddcacoa_c <=> M_3otdcoa_c + M_coa_c,R03858,R03858,1,,none,0,False,True,,0,
BIOMD0000001091,R_ACALD,M_acald_c + M_coa_c + M_nad_c <=> M_accoa_c + M_h_c + M_nadh_c,R00228,R00228,1,,none,0,False,True,,0,
BIOMD0000001091,R_ACBIPGT,M_adocbip_c + M_gtp_c <=> M_agdpcbi_c + M_h_c + M_ppi_c,R05222,R05222,1,,none,0,False,True,,0,
BIOMD0000001091,R_ACC1,M_accoa_c + M_atp_c + M_hco3_c <=> M_adp_c + M_h_c + M_malcoa_c + M_pi_c,R00742,R00742,1,,none,0,False,True,,0,
BIOMD0000001091,R_ACCOAL2r,M_atp_c + M_coa_c + M_ppa_c <=> M_adp_c + M_pi_c + M_ppcoa_c,R00920,R00920,1,,none,0,False,True,,0,
BIOMD0000001091,R_ACGAMPM,M_acgam6p_c <=> M_acgam1p_c,R08193,R08193,1,,none,0,False,True,,0,
BIOMD0000001091,R_ACGAMT,M_uacgam_c + M_udcpp_c <=> M_ump_c + M_unaga_c,R08856,R08856,1,,none,0,False,True,,0,
BIOMD0000001091,R_ACGK,M_acglu_c + M_atp_c <=> M_acg5p_c + M_adp_c,R02649,R02649,1,,none,0,False,True,,0,
BIOMD0000001091,R_ACGSm,M_accoa_c + M_glu__L_c => M_acglu_c + M_coa_c + M_h_c,R00259,R00259,1,,none,0,False,True,,0,
BIOMD0000001091,R_ACHBS,M_2obut_c + M_h_c + M_pyr_c <=> M_2ahbut_c + M_co2_c,R08648,R08648,1,,none,0,False,True,,0,
BIOMD0000001091,R_ACKr,M_ac_c + M_atp_c <=> M_actp_c + M_adp_c,R00315,R00315,1,,none,0,False,True,,0,
BIOMD0000001091,R_ACNPLYSr,M_acnam_c + M_pi_c <=> M_acmana_c + M_h2o_c + M_pep_c,R01804,R01804,1,,none,0,False,True,,0,
BIOMD0000001091,R_ACO1,M_cit_c <=> M_icit_c,R01324,R01324,1,,none,0,False,True,,0,
BIOMD0000001091,R_ACOAD1,M_btcoa_c + M_nad_c <=> M_b2coa_c + M_h_c + M_nadh_c,R01171,R01171,1,,none,0,False,True,,0,
BIOMD0000001091,R_ACOAD1f,M_btcoa_c + M_fad_c + M_h_c <=> M_b2coa_c + M_fadh2_c,R01175,R01175,1,,none,0,False,True,,0,
BIOMD0000001091,R_ACONTa,M_cit_c <=> M_acon_C_c + M_h2o_c,R01325,R01325,1,,none,0,False,True,,0,
BIOMD0000001091,R_ACONTb,M_icit_c <=> M_acon_C_c + M_h2o_c,R01900,R01900,1,,none,0,False,True,,0,
BIOMD0000001091,R_ACOTAim,M_acorn_c + M_akg_c <=> M_acg5sa_c + M_glu__L_c,R02283,R02283,1,,none,0,False,True,,0,
BIOMD0000001091,R_ACSm,M_ac_c + M_atp_c + M_coa_c <=> M_accoa_c + M_amp_c + M_h_c + M_ppi_c,R00235,R00235,1,,none,0,False,True,,0,
BIOMD0000001091,R_ACYP,M_13dpg_c + M_h2o_c => M_3pg_c + M_h_c + M_pi_c,R01515,R01515,1,,none,0,False,True,,0,
BIOMD0000001091,R_ACYP_2,M_actp_c + M_h2o_c => M_ac_c + M_h_c + M_pi_c,R00317,R00317,1,,none,0,False,True,,0,
BIOMD0000001091,R_ADCL,M_4adcho_c => M_4abz_c + M_h_c + M_pyr_c,R05553,R05553,1,,none,0,False,True,,0,
BIOMD0000001091,R_ADCOBAPS,M_adcobhex_c + M_applp_c + M_atp_c <=> M_adocbip_c + M_adp_c + M_h_c + M_pi_c,R06529,R06529,1,,none,0,False,True,,0,
BIOMD0000001091,R_ADCOBASrADCOBASr,M_adcobhex_c + M_appl_c <=> M_adocbi_c + M_h2o_c,R05226,R05226,1,,none,0,False,True,,0,
BIOMD0000001091,R_ADCYRS,M_adcobdam_c + 4 M_atp_c + 4 M_gln__L_c + 4 M_h2o_c <=> M_adcobhex_c + 4 M_adp_c + 4 M_glu__L_c + 4 M_h_c + 4 M_pi_c,R05225,R05225,1,,none,0,False,True,,0,
BIOMD0000001091,R_ADE12,M_asp__L_c + M_gtp_c + M_imp_c => M_dcamp_c + M_gdp_c + 2 M_h_c + M_pi_c,R01135,R01135,1,,none,0,False,True,,0,
BIOMD0000001091,R_ADE13_1,M_25aics_c <=> M_aicar_c + M_fum_c + M_h_c,R04559,R04559,1,,none,0,False,True,,0,
BIOMD0000001091,R_ADE13_2,M_dcamp_c <=> M_amp_c + M_fum_c,R01083,R01083,1,,none,0,False,True,,0,
BIOMD0000001091,R_ADE16_1,M_10fthf_c + M_aicar_c <=> M_fprica_c + M_thf_c,R04560,R04560,1,,none,0,False,True,,0,
BIOMD0000001091,R_ADE2,M_5aizc_c + M_h_c => M_air_c + M_co2_c,R04209,R04209,1,,none,0,False,True,,0,
BIOMD0000001091,R_ADE3_1,M_mlthf_c + M_nadp_c <=> M_methf_c + M_nadph_c,R01220,R01220,1,,none,0,False,True,,0,
BIOMD0000001091,R_ADE3_3,M_h2o_c + M_methf_c <=> M_10fthf_c + M_h_c,R01655,R01655,1,,none,0,False,True,,0,
BIOMD0000001091,R_ADE5_7_1,M_atp_c + M_gly_c + M_pram_c => M_adp_c + M_gar_c + M_h_c + M_pi_c,R04144,R04144,1,,none,0,False,True,,0,
BIOMD0000001091,R_ADK1,M_amp_c + M_atp_c + M_h_c <=> 2 M_adp_c,R00127,R00127,1,,none,0,False,True,,0,
BIOMD0000001091,R_ADOCBIK,M_adocbi_c + M_atp_c <=> M_adocbip_c + M_adp_c + M_h_c,R05221,R05221,1,,none,0,False,True,,0,
BIOMD0000001091,R_ADOCBLS,M_agdpcbi_c + M_rdmbzi_c <=> M_adocbl_c + M_gmp_c + M_h_c,R05223,R05223,1,,none,0,False,True,,0,
BIOMD0000001091,R_ADPDA,M_h2o_c + M_n6all26d_c <=> M_26dap_LL_c + M_ac_c,R02733,R02733,1,,none,0,False,True,,0,
BIOMD0000001091,R_ADPRDP,M_adprib_c + M_h2o_c => M_amp_c + 2 M_h_c + M_r5p_c,R01054,R01054,1,,none,0,False,True,,0,
BIOMD0000001091,R_ADPT,M_amp_c + M_h_c + M_ppi_c <=> M_ade_c + M_prpp_c,R00190,R00190,1,,none,0,False,True,,0,
BIOMD0000001091,R_AGDC_r,M_acgam6p_c + M_h2o_c <=> M_ac_c + M_gam6p_c,R02059,R02059,1,,none,0,False,True,,0,
BIOMD0000001091,R_AGMT,M_agm_c + M_h2o_c => M_ptrc_c + M_urea_c,R01157,R01157,1,,none,0,False,True,,0,
BIOMD0000001091,R_AGPR,M_acg5sa_c + M_nadp_c + M_pi_c <=> M_acg5p_c + M_h_c + M_nadph_c,R03443,R03443,1,,none,0,False,True,,0,
BIOMD0000001091,R_AHCYSNS,M_ahcys_c + M_h2o_c <=> M_ade_c + M_rhcys_c,R00194,R00194,1,,none,0,False,True,,0,
BIOMD0000001091,R_AHSERL4,M_acser_c + M_trdrd_c + M_tsul_c => M_ac_c + M_cys__L_c + M_h_c + M_so3_c + M_trdox_c,R04859,R04859,1,,none,0,False,True,,0,
BIOMD0000001091,R_AKGDH,M_akg_c + M_coa_c + M_nad_c <=> M_co2_c + M_nadh_c + M_succoa_c,R08549,R08549,1,,none,0,False,True,,0,
BIOMD0000001091,R_AKGDb,M_dhlam_c + M_succoa_c <=> M_coa_c + M_sdhlam_c,R02570,R02570,1,,none,0,False,True,,0,
BIOMD0000001091,R_ALAALA,2 M_ala__D_c + M_atp_c => M_adp_c + M_diala__L_c + M_h_c + M_pi_c,R01150,R01150,1,,none,0,False,True,,0,
BIOMD0000001091,R_ALARi,M_ala__L_c <=> M_ala__D_c,R00401,R00401,1,,none,0,False,True,,0,
BIOMD0000001091,R_ALATA_D,M_akg_c + M_ala__D_c <=> M_glu__D_c + M_pyr_c,R01148,R01148,1,,none,0,False,True,,0,
BIOMD0000001091,R_ALCD19,M_glyc_c + M_nad_c <=> M_glyald_c + M_h_c + M_nadh_c,R01036,R01036,1,,none,0,False,True,,0,
BIOMD0000001091,R_ALCD2x,M_etoh_c + M_nad_c <=> M_acald_c + M_h_c + M_nadh_c,R00754,R00754,1,,none,0,False,True,,0,
BIOMD0000001091,R_ALD2,M_acald_c + M_h2o_c + M_nad_c => M_ac_c + 2 M_h_c + M_nadh_c,R00710,R00710,1,,none,0,False,True,,0,
BIOMD0000001091,R_ALDD19x,M_h2o_c + M_nad_c + M_pacald_c <=> M_h_c + M_nadh_c + M_pac_c,R02536,R02536,1,,none,0,False,True,,0,
BIOMD0000001091,R_ALDD20x,M_h2o_c + M_im4act_c + M_nad_c => 2 M_h_c + M_im4ac_c + M_nadh_c,R04065,R04065,1,,none,0,False,True,,0,
BIOMD0000001091,R_ALDD22x,M_ala_B_c + 2 M_h_c + M_nadh_c <=> M_aproa_c + M_h2o_c + M_nad_c,R00904,R00904,1,,none,0,False,True,,0,
BIOMD0000001091,R_ALDD8x,M_glyald_c + M_h2o_c + M_nad_c => M_glyc__R_c + 2 M_h_c + M_nadh_c,R01752,R01752,1,,none,0,False,True,,0,
BIOMD0000001091,R_ALKP,M_dhap_c + M_h2o_c => M_dha_c + M_pi_c,R01010,R01010,1,,none,0,False,True,,0,
BIOMD0000001091,R_AMANAPE,M_acgam6p_c <=> M_acmanap_c,R02087,R02087,1,,none,0,False,True,,0,
BIOMD0000001091,R_AMD2_2,M_h2o_c + M_h_c + M_pad_c <=> M_nh4_c + M_pac_c,R02540,R02540,1,,none,0,False,True,,0,
BIOMD0000001091,R_AMD2_3,M_h2o_c + M_iad_c => M_ind3ac_c + M_nh4_c,R03096,R03096,1,,none,0,False,True,,0,
BIOMD0000001091,R_AMID5,M_acryl_c + M_nh4_c <=> M_aa_c + M_h2o_c,R05551,R05551,1,,none,0,False,True,,0,
BIOMD0000001091,R_ANPRT,M_h_c + M_ppi_c + M_pran_c <=> M_anth_c + M_prpp_c,R01073,R01073,1,,none,0,False,True,,0,
BIOMD0000001091,R_ANS,M_chor_c + M_gln__L_c => M_anth_c + M_glu__L_c + M_h_c + M_pyr_c,R00986,R00986,1,,none,0,False,True,,0,
BIOMD0000001091,R_ANS2,M_chor_c + M_nh4_c => M_anth_c + M_h2o_c + M_h_c + M_pyr_c,R00985,R00985,1,,none,0,False,True,,0,
BIOMD0000001091,R_AOXHEXCYCL,M_6a2ohxnt_c => M_1pipdn2c_c + M_h2o_c + M_h_c,R04175,R04175,1,,none,0,False,True,,0,
BIOMD0000001091,R_AOXSir,M_ala__L_c + M_h_c + M_pmcoa_c => M_8aonn_c + M_co2_c + M_coa_c,R03210,R03210,1,,none,0,False,True,,0,
BIOMD0000001091,R_APATi,M_accoa_c + M_h2o_c + M_thdp_c <=> M_coa_c + M_nal2a6o_c,R04364,R04364,1,,none,0,False,True,,0,
BIOMD0000001091,R_APSR,M_aps_c + M_trdrd_c => M_amp_c + M_h_c + M_so3_c + M_trdox_c,R07176,R07176,1,,none,0,False,True,,0,
BIOMD0000001091,R_APTA1i,M_akg_c + M_n6all26d_c <=> M_glu__L_c + M_nal2a6o_c,R04467,R04467,1,,none,0,False,True,,0,
BIOMD0000001091,R_ARABRr,M_abt_c + M_nadp_c <=> M_arab__L_c + M_h_c + M_nadph_c,R01759,R01759,1,,none,0,False,True,,0,
BIOMD0000001091,R_ARAI,M_arab__L_c => M_rbl__L_c,R01761,R01761,1,,none,0,False,True,,0,
BIOMD0000001091,R_ARGDCpp,M_arg__L_c + M_h_c => M_agm_c + M_co2_c,R00566,R00566,1,,none,0,False,True,,0,
BIOMD0000001091,R_ARO1_1,M_2dda7p_c => M_3dhq_c + M_pi_c,R03083,R03083,1,,none,0,False,True,,0,
BIOMD0000001091,R_ARO1_2,M_3dhq_c => M_3dhsk_c + M_h2o_c,R03084,R03084,1,,none,0,False,True,,0,
BIOMD0000001091,R_ARO9_2,M_akg_c + M_tyr__L_c <=> M_34hpp_c + M_glu__L_c,R00734,R00734,1,,none,0,False,True,,0,
BIOMD0000001091,R_ASN2,M_asp__L_c + M_atp_c + M_gln__L_c + M_h2o_c => M_amp_c + M_asn__L_c + M_glu__L_c + 2 M_h_c + M_ppi_c,R00578,R00578,1,,none,0,False,True,,0,
BIOMD0000001091,R_ASP1,M_asn__L_c + M_h2o_c => M_asp__L_c + M_nh4_c,R00485,R00485,1,,none,0,False,True,,0,
BIOMD0000001091,R_ASPCTn,M_asp__L_c + M_cbp_c => M_cbasp_c + M_h_c + M_pi_c,R01397,R01397,1,,none,0,False,True,,0,
BIOMD0000001091,R_ASPKi,M_asp__L_c + M_atp_c <=> M_4pasp_c + M_adp_c,R00480,R00480,1,,none,0,False,True,,0,
BIOMD0000001091,R_ASPO6,M_asp__L_c + M_o2_c => M_h2o2_c + M_h_c + M_iasp_c,R00481,R00481,1,,none,0,False,True,,0,
BIOMD0000001091,R_ASPO7,M_asp__L_c + M_h2o_c + M_o2_c => M_h2o2_c + M_nh4_c + M_oaa_c,R00357,R00357,1,,none,0,False,True,,0,
BIOMD0000001091,R_ASPTAm,M_akg_c + M_asp__L_c <=> M_glu__L_c + M_oaa_c,R00355,R00355,1,,none,0,False,True,,0,
BIOMD0000001091,R_ATPM,M_atp_c + M_h2o_c => M_adp_c + M_h_c + M_pi_c,R00086;R10531,R00086,2,,none,0,False,True,,0,
BIOMD0000001091,R_BAT1_2,M_akg_c + M_ile__L_c <=> M_3mop_c + M_glu__L_c,R02199,R02199,1,,none,0,False,True,,0,
BIOMD0000001091,R_BAT2_2,M_akg_c + M_val__L_c <=> M_3mob_c + M_glu__L_c,R01214,R01214,1,,none,0,False,True,,0,
BIOMD0000001091,R_BENZ,M_cpd01447_c0 + M_h_c <=> M_bzal_c + M_co2_c,R01764,R01764,1,,none,0,False,True,,0,
BIOMD0000001091,R_BETALDHx,M_betald_c + M_h2o_c + M_nad_c => M_glyb_c + 2 M_h_c + M_nadh_c,R02565,R02565,1,,none,0,False,True,,0,
BIOMD0000001091,R_BETALDHy,M_betald_c + M_h2o_c + M_nadp_c => M_glyb_c + 2 M_h_c + M_nadph_c,R02566,R02566,1,,none,0,False,True,,0,
BIOMD0000001091,R_BG_CELLB,M_cellb_c + M_h2o_c => 2 M_glc__D_c,R00306;R06104,R00306,2,,none,0,False,True,,0,
BIOMD0000001091,R_BIO3,M_8aonn_c + M_amet_c <=> M_amob_c + M_dann_c,R03231,R03231,1,,none,0,False,True,,0,
BIOMD0000001091,R_BLACT,M_h2o_c + M_pencil_c <=> M_h_c + M_pencilca_c,R06363,R06363,1,,none,0,False,True,,0,
BIOMD0000001091,R_BTMAT1,M_butACP_c + M_nad_c <=> M_but2eACP_c + 2 M_h_c + M_nadh_c,R04429,R04429,1,,none,0,False,True,,0,
BIOMD0000001091,R_BTNC,M_atp_c + M_btnCCP_c + M_hco3_c <=> M_adp_c + M_cbtnCCP_c + M_h_c + M_pi_c,R04385,R04385,1,,none,0,False,True,,0,
BIOMD0000001091,R_BTNL1,M_atp_c + M_btn_c <=> M_btamp_c + M_ppi_c,R01074,R01074,1,,none,0,False,True,,0,
BIOMD0000001091,R_BUTKr,M_atp_c + M_but_c <=> M_adp_c + M_butpi_c,R01688,R01688,1,,none,0,False,True,,0,
BIOMD0000001091,R_CBIA,2 M_atp_c + M_cobya_c + 2 M_gln__L_c + 2 M_h2o_c <=> 2 M_adp_c + M_co2dam_c + 2 M_glu__L_c + 2 M_h_c + 2 M_pi_c,R05815,R05815,1,,none,0,False,True,,0,
BIOMD0000001091,R_CBIAT,M_atp_c + M_cbi_c + M_h_c <=> M_adocbi_c + M_pppi_c,R07268,R07268,1,,none,0,False,True,,0,
BIOMD0000001091,R_CBPS,2 M_atp_c + M_gln__L_c + M_h2o_c + M_hco3_c => 2 M_adp_c + M_cbp_c + M_glu__L_c + 2 M_h_c + M_pi_c,R00575,R00575,1,,none,0,False,True,,0,
BIOMD0000001091,R_CDC21,M_dump_c + M_mlthf_c => M_dhf_c + M_dtmp_c,R02101,R02101,1,,none,0,False,True,,0,
BIOMD0000001091,R_CDD1_1,M_cytd_c + M_h2o_c + M_h_c => M_nh4_c + M_uri_c,R01878,R01878,1,,none,0,False,True,,0,
BIOMD0000001091,R_CDD1_2,M_dcyt_c + M_h2o_c + M_h_c => M_duri_c + M_nh4_c,R02485,R02485,1,,none,0,False,True,,0,
BIOMD0000001091,R_CDPDDGR,M_cpd02638_c0 + M_h2o_c + M_nad_c <=> M_cdp4dh6doglc_c + M_h_c + M_nadh_c,R03391,R03391,1,,none,0,False,True,,0,
BIOMD0000001091,R_CDPGHL,M_cdpglc_c => M_cdp4dh6doglc_c + M_h2o_c,R02426,R02426,1,,none,0,False,True,,0,
BIOMD0000001091,R_CDPGS,M_23dpg_c + M_atp_c <=> M_adp_c + M_cdpg_c + M_h_c + M_pi_c,R03298,R03298,1,,none,0,False,True,,0,
BIOMD0000001091,R_CDPMEK,M_4c2me_c + M_atp_c <=> M_2p4c2me_c + M_adp_c + M_h_c,R05634,R05634,1,,none,0,False,True,,0,
BIOMD0000001091,R_CEM1_6,M_ddcaACP_c + M_malACP_c => M_3omrsACP_c + M_ACP_c + M_co2_c,R04726,R04726,1,,none,0,False,True,,0,
BIOMD0000001091,R_CHA1_1,M_thr__L_c => M_2obut_c + M_nh4_c,R00996,R00996,1,,none,0,False,True,,0,
BIOMD0000001091,R_CHOLD,M_chol_c + M_nad_c <=> M_betald_c + M_h_c + M_nadh_c,R08557,R08557,1,,none,0,False,True,,0,
BIOMD0000001091,R_CHORS,M_3psme_c => M_chor_c + M_pi_c,R01714,R01714,1,,none,0,False,True,,0,
BIOMD0000001091,R_CH_or_M,M_chor_c => M_pphn_c,R01715,R01715,1,,none,0,False,True,,0,
BIOMD0000001091,R_CMCMSAD,M_5cmhmsa_c + M_h2o_c + M_nad_c => M_5cmhm_c + 2 M_h_c + M_nadh_c,R04418,R04418,1,,none,0,False,True,,0,
BIOMD0000001091,R_COALDDH,M_conialdh_c + M_h2o_c + M_nad_c <=> M_fer_c + 2 M_h_c + M_nadh_c,R05700,R05700,1,,none,0,False,True,,0,
BIOMD0000001091,R_COBB,2 M_atp_c + 2 M_gln__L_c + 2 M_h2o_c + M_hgbyr_c <=> 2 M_adp_c + 2 M_glu__L_c + 2 M_h_c + M_hgbam_c + 2 M_pi_c,R05224,R05224,1,,none,0,False,True,,0,
BIOMD0000001091,R_COPREC5AHy,M_copre5_c + M_h2o_c <=> M_acald_c + M_codscl5b_c,R07772,R07772,1,,none,0,False,True,,0,
BIOMD0000001091,R_CPC3MT,M_amet_c + M_copre3_c <=> M_ahcys_c + M_copre4_c,R05809,R05809,1,,none,0,False,True,,0,
BIOMD0000001091,R_CPC4MT,M_amet_c + M_copre4_c <=> M_ahcys_c + M_copre5_c + M_h_c,R05810,R05810,1,,none,0,False,True,,0,
BIOMD0000001091,R_CPC8MM,M_copre8_c + 2 M_h_c <=> M_cobya_c,R05814,R05814,1,,none,0,False,True,,0,
BIOMD0000001091,R_CPPPGO,M_cpppg3_c + 2 M_h_c + M_o2_c <=> 2 M_co2_c + 2 M_h2o_c + M_pppg9_c,R03220,R03220,1,,none,0,False,True,,0,
BIOMD0000001091,R_CPPPGO2,2 M_amet_c + M_cpppg3_c <=> 2 M_co2_c + 2 M_dad_5_c + 2 M_met__L_c + M_pppg9_c,R06895,R06895,1,,none,0,False,True,,0,
BIOMD0000001091,R_CS,M_cit_c + M_coa_c + M_h_c <=> M_accoa_c + M_h2o_c + M_oaa_c,R00351,R00351,1,,none,0,False,True,,0,
BIOMD0000001091,R_CTA1,2 M_h2o2_c => 2 M_h2o_c + M_o2_c,R00009,R00009,1,,none,0,False,True,,0,
BIOMD0000001091,R_CYB2,2 M_ficytC_c + M_lac__L_c <=> 2 M_focytC_c + 2 M_h_c + M_pyr_c,R00196,R00196,1,,none,0,False,True,,0,
BIOMD0000001091,R_CYR1,M_atp_c => M_camp_c + M_h_c + M_ppi_c,R00089,R00089,1,,none,0,False,True,,0,
BIOMD0000001091,R_CYRDAAT,M_atp_c + M_co1dam_c + M_h_c <=> M_adcobdam_c + M_pppi_c,R05220,R05220,1,,none,0,False,True,,0,
BIOMD0000001091,R_CYSS,M_acser_c + M_h2s_c => M_ac_c + M_cys__L_c,R00897,R00897,1,,none,0,False,True,,0,
BIOMD0000001091,R_CYSTGLr,M_cpd00424_c0 + M_h2o_c => M_2obut_c + M_cys__L_c + M_nh4_c,R01001,R01001,1,,none,0,False,True,,0,
BIOMD0000001091,R_CYSTLr,M_cpd00424_c0 + M_h2o_c => M_hcys__L_c + M_nh4_c + M_pyr_c,R01285,R01285,1,,none,0,False,True,,0,
BIOMD0000001091,R_CYSTS,M_hcys__L_c + M_ser__L_c <=> M_cpd00424_c0 + M_h2o_c,R01289,R01289,1,,none,0,False,True,,0,
BIOMD0000001091,R_CYTDK1,M_atp_c + M_cytd_c <=> M_adp_c + M_cmp_c + M_h_c,R00513,R00513,1,,none,0,False,True,,0,
BIOMD0000001091,R_CYTDK3,M_cytd_c + M_itp_c <=> M_cmp_c + M_h_c + M_idp_c,R00962,R00962,1,,none,0,False,True,,0,
BIOMD0000001091,R_DAPDC,M_26dap__M_c + M_h_c => M_co2_c + M_lys__L_c,R00451,R00451,1,,none,0,False,True,,0,
BIOMD0000001091,R_DAPE,M_26dap_LL_c <=> M_26dap__M_c,R02735,R02735,1,,none,0,False,True,,0,
BIOMD0000001091,R_DBTS,M_atp_c + M_co2_c + M_dann_c => M_adp_c + M_dtbt_c + 3 M_h_c + M_pi_c,R03182,R03182,1,,none,0,False,True,,0,
BIOMD0000001091,R_DCMPDA2ir,M_dcmp_c + M_h2o_c + M_h_c => M_dump_c + M_nh4_c,R01663,R01663,1,,none,0,False,True,,0,
BIOMD0000001091,R_DDGLK,M_2ddglcn_c + M_atp_c <=> M_2ddg6p_c + M_adp_c + M_h_c,R01541,R01541,1,,none,0,False,True,,0,
BIOMD0000001091,R_DDPA,M_e4p_c + M_h2o_c + M_pep_c => M_2dda7p_c + M_pi_c,R01826,R01826,1,,none,0,False,True,,0,
BIOMD0000001091,R_DDPGALA,M_2dh3dgal6p_c <=> M_g3p_c + M_pyr_c,R01064,R01064,1,,none,0,False,True,,0,
BIOMD0000001091,R_DEMAT4,M_dcaACP_c + M_nad_c <=> 2 M_h_c + M_nadh_c + M_tdec2eACP_c,R04961,R04961,1,,none,0,False,True,,0,
BIOMD0000001091,R_DFR1_1,M_nadp_c + M_thf_c <=> M_dhf_c + M_h_c + M_nadph_c,R00939,R00939,1,,none,0,False,True,,0,
BIOMD0000001091,R_DGK1,M_atp_c + M_dgmp_c + M_h_c <=> M_adp_c + M_dgdp_c,R02090,R02090,1,,none,0,False,True,,0,
BIOMD0000001091,R_DHAD2,M_23dhmp_c => M_3mop_c + M_h2o_c,R05070,R05070,1,,none,0,False,True,,0,
BIOMD0000001091,R_DHAPT,M_dha_c + M_pep_c <=> M_dhap_c + M_pyr_c,R01012,R01012,1,,none,0,False,True,,0,
BIOMD0000001091,R_DHDPRy,M_nadp_c + M_thdp_c <=> M_23dhdp_c + M_h_c + M_nadph_c,R04199,R04199,1,,none,0,False,True,,0,
BIOMD0000001091,R_DHDPS,M_aspsa_c + M_pyr_c => M_23dhdp_c + 2 M_h2o_c + M_h_c,R02292,R02292,1,,none,0,False,True,,0,
BIOMD0000001091,R_DHFOR2,M_dhf_c + M_nadp_c <=> M_fol_c + M_h_c + M_nadph_c,R02236,R02236,1,,none,0,False,True,,0,
BIOMD0000001091,R_DHNPA,M_dhnpt_c <=> M_6hmhpt_c + M_gcald_c,R03504,R03504,1,,none,0,False,True,,0,
BIOMD0000001091,R_DHPM2,M_56dthm_c + M_h2o_c => M_3uib_c + M_h_c,R03055,R03055,1,,none,0,False,True,,0,
BIOMD0000001091,R_DHPRx,M_dhbpt_c + M_h_c + M_nadh_c <=> M_nad_c + M_thbpt_c,R01793,R01793,1,,none,0,False,True,,0,
BIOMD0000001091,R_DHPSm,M_4abz_c + M_6hmhpt_c <=> M_dhpt_c + M_h2o_c,R03066,R03066,1,,none,0,False,True,,0,
BIOMD0000001091,R_DIHYP,M_56dura_c + M_h2o_c => M_cala_c + M_h_c,R02269,R02269,1,,none,0,False,True,,0,
BIOMD0000001091,R_DKMD2K,M_dhmtp_c + M_o2_c => M_2kmb_c + M_for_c + 2 M_h_c,R07364,R07364,1,,none,0,False,True,,0,
BIOMD0000001091,R_DM1PE,M_hkmpp_c <=> M_2h3k5m_c,R07393,R07393,1,,none,0,False,True,,0,
BIOMD0000001091,R_DMATT,M_dmpp_c + M_ipdp_c => M_grdp_c + M_h_c + M_ppi_c,R01658,R01658,1,,none,0,False,True,,0,
BIOMD0000001091,R_DMPPS,M_h2mb4p_c + M_h_c + M_nadh_c => M_dmpp_c + M_h2o_c + M_nad_c,R08210,R08210,1,,none,0,False,True,,0,
BIOMD0000001091,R_DPCOAKm,M_atp_c + M_dpcoa_c => M_adp_c + M_coa_c + M_h_c,R00130,R00130,1,,none,0,False,True,,0,
BIOMD0000001091,R_DPGM,M_13dpg_c + M_h_c <=> M_23dpg_c,R01662,R01662,1,,none,0,False,True,,0,
BIOMD0000001091,R_DPMVD,M_5dpmev_c + M_atp_c => M_adp_c + M_co2_c + M_ipdp_c + M_pi_c,R01121,R01121,1,,none,0,False,True,,0,
BIOMD0000001091,R_DRBKr,M_2dr5p_c + M_adp_c + M_h_c <=> M_atp_c + M_drib_c,R02750,R02750,1,,none,0,False,True,,0,
BIOMD0000001091,R_DRPA,M_2dr5p_c <=> M_acald_c + M_g3p_c,R01066,R01066,1,,none,0,False,True,,0,
BIOMD0000001091,R_DTMPK,M_atp_c + M_dtmp_c + M_h_c <=> M_adp_c + M_dtdp_c,R02094,R02094,1,,none,0,False,True,,0,
BIOMD0000001091,R_DUR1_2,M_allphn_c + M_h2o_c + 3 M_h_c => 2 M_co2_c + 2 M_nh4_c,R00005,R00005,1,,none,0,False,True,,0,
BIOMD0000001091,R_DURIPP,M_duri_c + M_pi_c <=> M_2dr1p_c + M_ura_c,R02484,R02484,1,,none,0,False,True,,0,
BIOMD0000001091,R_DUT1,M_dutp_c + M_h2o_c => M_dump_c + 2 M_h_c + M_ppi_c,R02100,R02100,1,,none,0,False,True,,0,
BIOMD0000001091,R_DXPRIi,M_2me4p_c + M_nadp_c <=> M_dxyl5p_c + M_h_c + M_nadph_c,R05688,R05688,1,,none,0,False,True,,0,
BIOMD0000001091,R_DXPS,M_g3p_c + M_h_c + M_pyr_c => M_co2_c + M_dxyl5p_c,R05636,R05636,1,,none,0,False,True,,0,
BIOMD0000001091,R_E4PD,M_e4p_c + M_h2o_c + M_nad_c => M_4per_c + 2 M_h_c + M_nadh_c,R01825,R01825,1,,none,0,False,True,,0,
BIOMD0000001091,R_EAR120x,M_ddcaACP_c + M_nad_c <=> 2 M_h_c + M_nadh_c + M_tddec2eACP_c,R04724,R04724,1,,none,0,False,True,,0,
BIOMD0000001091,R_EAR40y,M_butACP_c + M_nadp_c <=> M_but2eACP_c + 2 M_h_c + M_nadph_c,R04430,R04430,1,,none,0,False,True,,0,
BIOMD0000001091,R_EAR60x,M_hexACP_c + M_nad_c <=> M_h_c + M_nadh_c + M_thex2eACP_c,R04955,R04955,1,,none,0,False,True,,0,
BIOMD0000001091,R_EAR80y,M_nadp_c + M_ocACP_c <=> M_h_c + M_nadph_c + M_toct2eACP_c,R04959,R04959,1,,none,0,False,True,,0,
BIOMD0000001091,R_ECOAH1,M_3hbcoa_c <=> M_b2coa_c + M_h2o_c,R03026,R03026,1,,none,0,False,True,,0,
BIOMD0000001091,R_ECOAH12,M_2mp2coa_c + M_h2o_c <=> M_3hibutcoa_c,R04224,R04224,1,,none,0,False,True,,0,
BIOMD0000001091,R_ECOAH3,M_3hocoa_c <=> M_h2o_c + M_oc2coa_c,R04746,R04746,1,,none,0,False,True,,0,
BIOMD0000001091,R_ECOAH4,M_3hdcoa_c <=> M_dc2coa_c + M_h2o_c,R04744,R04744,1,,none,0,False,True,,0,
BIOMD0000001091,R_ECOAH5,M_3hddcoa_c <=> M_dd2coa_c + M_h2o_c,R04170,R04170,1,,none,0,False,True,,0,
BIOMD0000001091,R_ECOAH6p,M_3htdcoa_c <=> M_h2o_c + M_td2coa_c,R04740,R04740,1,,none,0,False,True,,0,
BIOMD0000001091,R_ECOAH7,M_3hhdcoa_c <=> M_h2o_c + M_hdd2coa_c,R04738,R04738,1,,none,0,False,True,,0,
BIOMD0000001091,R_ECOAH9ir,M_3hmbcoa_c <=> M_2mb2coa_c + M_h2o_c,R04204,R04204,1,,none,0,False,True,,0,
BIOMD0000001091,R_ENO,M_2pg_c <=> M_h2o_c + M_pep_c,R00658,R00658,1,,none,0,False,True,,0,
BIOMD0000001091,R_ERG12_1,M_atp_c + M_mev__R_c <=> M_5pmev_c + M_adp_c + M_h_c,R02245,R02245,1,,none,0,False,True,,0,
BIOMD0000001091,R_ETR1_2,M_hexACP_c + M_nadp_c <=> M_h_c + M_nadph_c + M_thex2eACP_c,R04956,R04956,1,,none,0,False,True,,0,
BIOMD0000001091,R_ETR1_5,M_ddcaACP_c + M_nadp_c <=> 2 M_h_c + M_nadph_c + M_tddec2eACP_c,R04725,R04725,1,,none,0,False,True,,0,
BIOMD0000001091,R_FAD1,M_atp_c + M_fmn_c => M_fad_c + M_ppi_c,R00161,R00161,1,,none,0,False,True,,0,
BIOMD0000001091,R_FAS1_4_2,M_dcaACP_c + M_nadp_c <=> 2 M_h_c + M_nadph_c + M_tdec2eACP_c,R04962,R04962,1,,none,0,False,True,,0,
BIOMD0000001091,R_FAS1_6_2,M_myrsACP_c + M_nadp_c <=> 2 M_h_c + M_nadph_c + M_tmrs2eACP_c,R04967,R04967,1,,none,0,False,True,,0,
BIOMD0000001091,R_FAS1_7_2,M_nadp_c + M_palmACP_c <=> M_h_c + M_nadph_c + M_tpalm2eACP_c,R04970,R04970,1,,none,0,False,True,,0,
BIOMD0000001091,R_FAS1_7_c,M_coa_c + M_h_c + M_palmACP_c <=> M_ACP_c + M_pmtcoa_c,R10700,R10700,1,,none,0,False,True,,0,
BIOMD0000001091,R_FAS1_s,M_ACP_c + M_accoa_c <=> M_acACP_c + M_coa_c,R01624,R01624,1,,none,0,False,True,,0,
BIOMD0000001091,R_FAS2_1_1,M_acACP_c + M_malACP_c => M_ACP_c + M_actACP_c + M_co2_c,R04355,R04355,1,,none,0,False,True,,0,
BIOMD0000001091,R_FAS2_3_1,M_h_c + M_hexACP_c + M_malACP_c => M_3ooctACP_c + M_ACP_c + M_co2_c,R04957,R04957,1,,none,0,False,True,,0,
BIOMD0000001091,R_FAS2_5_1,M_dcaACP_c + M_malACP_c => M_3oddecACP_c + M_ACP_c + M_co2_c,R04963,R04963,1,,none,0,False,True,,0,
BIOMD0000001091,R_FAS2_7_1,M_malACP_c + M_myrsACP_c => M_3opalmACP_c + M_ACP_c + M_co2_c,R04968,R04968,1,,none,0,False,True,,0,
BIOMD0000001091,R_FAT1_1,M_atp_c + M_coa_c + M_hdca_c => M_amp_c + M_h_c + M_pmtcoa_c + M_ppi_c,R01280,R01280,1,,none,0,False,True,,0,
BIOMD0000001091,R_FBA,M_fdp_c <=> M_dhap_c + M_g3p_c,R01068,R01068,1,,none,0,False,True,,0,
BIOMD0000001091,R_FBA2,M_f1p_c <=> M_dhap_c + M_glyald_c,R02568,R02568,1,,none,0,False,True,,0,
BIOMD0000001091,R_FBA3,M_s17bp_c <=> M_dhap_c + M_e4p_c,R01829,R01829,1,,none,0,False,True,,0,
BIOMD0000001091,R_FBP,M_fdp_c + M_h2o_c => M_f6p_c + M_pi_c,R00762,R00762,1,,none,0,False,True,,0,
BIOMD0000001091,R_FBP26,M_f26bp_c + M_h2o_c <=> M_f6p_c + 2 M_h_c + M_pi_c,R00763,R00763,1,,none,0,False,True,,0,
BIOMD0000001091,R_FCLTm,M_fe2_c + M_ppp9_c <=> 2 M_h_c + M_pheme_c,R00310,R00310,1,,none,0,False,True,,0,
BIOMD0000001091,R_FDMO2,M_fmnh2_c + M_mso3_c + M_o2_c => M_fald_c + M_fmn_c + M_h2o_c + M_h_c + M_so3_c,R10206,R10206,1,,none,0,False,True,,0,
BIOMD0000001091,R_FEROpp,4 M_fe2_c + 4 M_h_c + M_o2_c <=> 4 M_fe3_c + 2 M_h2o_c,R00078,R00078,1,,none,0,False,True,,0,
BIOMD0000001091,R_FGLU,M_forglu_c + M_h2o_c <=> M_frmd_c + M_glu__L_c,R02285,R02285,1,,none,0,False,True,,0,
BIOMD0000001091,R_FLVR_NAD,2 M_h_c + M_nadh_c + M_ribflv_c <=> M_nad_c + M_rbflvrd_c,R09750,R09750,1,,none,0,False,True,,0,
BIOMD0000001091,R_FMNRx,M_fmnh2_c + M_nad_c <=> M_fmn_c + 2 M_h_c + M_nadh_c,R05705,R05705,1,,none,0,False,True,,0,
BIOMD0000001091,R_FOL2,M_gtp_c + M_h2o_c => M_ahdt_c + M_for_c + M_h_c,R00424,R00424,1,,none,0,False,True,,0,
BIOMD0000001091,R_FOLDm,M_2ahhmd_c + M_4abz_c => M_dhpt_c + M_h_c + M_ppi_c,R03067,R03067,1,,none,0,False,True,,0,
BIOMD0000001091,R_FRTT,M_frdp_c + M_ipdp_c => M_ggdp_c + M_h_c + M_ppi_c,R02061,R02061,1,,none,0,False,True,,0,
BIOMD0000001091,R_FRUK,M_atp_c + M_f1p_c <=> M_adp_c + M_fdp_c + M_h_c,R02071,R02071,1,,none,0,False,True,,0,
BIOMD0000001091,R_FTHFCLm,M_5fthf_c + M_atp_c => M_adp_c + M_methf_c + M_pi_c,R02301,R02301,1,,none,0,False,True,,0,
BIOMD0000001091,R_FTHFD,M_10fthf_c + M_h2o_c => M_for_c + M_h_c + M_thf_c,R00944,R00944,1,,none,0,False,True,,0,
BIOMD0000001091,R_FUM,M_mal__L_c <=> M_fum_c + M_h2o_c,R01082,R01082,1,,none,0,False,True,,0,
BIOMD0000001091,R_FUN63,M_h2o_c + M_imp_c + M_nad_c <=> M_h_c + M_nadh_c + M_xmp_c,R01130,R01130,1,,none,0,False,True,,0,
BIOMD0000001091,R_FUR1,M_h_c + M_ppi_c + M_ump_c <=> M_prpp_c + M_ura_c,R00966,R00966,1,,none,0,False,True,,0,
BIOMD0000001091,R_G1PACTr,M_accoa_c + M_gam1p_c => M_acgam1p_c + M_coa_c + M_h_c,R05332,R05332,1,,none,0,False,True,,0,
BIOMD0000001091,R_G1SATi,M_5aop_c <=> M_glu1sa_c,R02272,R02272,1,,none,0,False,True,,0,
BIOMD0000001091,R_G3PCT,M_ctp_c + M_glyc3p_c => M_cdpglyc_c + M_ppi_c,R00856,R00856,1,,none,0,False,True,,0,
BIOMD0000001091,R_G3PD1ir,M_glyc3p_c + M_nad_c <=> M_dhap_c + M_h_c + M_nadh_c,R00842,R00842,1,,none,0,False,True,,0,
BIOMD0000001091,R_G3PD2,M_glyc3p_c + M_nadp_c <=> M_dhap_c + M_h_c + M_nadph_c,R00844,R00844,1,,none,0,False,True,,0,
BIOMD0000001091,R_G3PDm,M_fad_c + M_glyc3p_c + M_h_c <=> M_dhap_c + M_fadh2_c,R00848,R00848,1,,none,0,False,True,,0,
BIOMD0000001091,R_G5SADr,M_glu5sa_c => M_1pyr5c_c + M_h2o_c + M_h_c,R03314,R03314,1,,none,0,False,True,,0,
BIOMD0000001091,R_G5SD,M_glu5sa_c + M_nadp_c + M_pi_c <=> M_glu5p_c + M_h_c + M_nadph_c,R03313,R03313,1,,none,0,False,True,,0,
BIOMD0000001091,R_G6PBDH,M_g6p_B_c + M_nadp_c <=> M_6pgl_c + M_h_c + M_nadph_c,R02736,R02736,1,,none,0,False,True,,0,
BIOMD0000001091,R_G6PDH2r,M_g6p_c + M_nadp_c <=> M_6pgl_c + M_h_c + M_nadph_c,R00835,R00835,1,,none,0,False,True,,0,
BIOMD0000001091,R_G6PI3,M_g6p_B_c <=> M_f6p_c,R03321,R03321,1,,none,0,False,True,,0,
BIOMD0000001091,R_GAL1,M_atp_c + M_gal_c <=> M_adp_c + M_gal1p_c + M_h_c,R01092,R01092,1,,none,0,False,True,,0,
BIOMD0000001091,R_GAL10,M_udpg_c <=> M_udpgal_c,R00291,R00291,1,,none,0,False,True,,0,
BIOMD0000001091,R_GALS4,M_h2o_c + M_stys_c => M_gal_c + M_raffin_c,R03634;R06152,R03634,2,,none,0,False,True,,0,
BIOMD0000001091,R_GALTi,M_gal1p_c + M_utp_c <=> M_ppi_c + M_udpgal_c,R00502,R00502,1,,none,0,False,True,,0,
BIOMD0000001091,R_GAPD,M_g3p_c + M_nad_c + M_pi_c <=> M_13dpg_c + M_h_c + M_nadh_c,R01061,R01061,1,,none,0,False,True,,0,
BIOMD0000001091,R_GAPD_NADP,M_g3p_c + M_nadp_c + M_pi_c <=> M_13dpg_c + M_h_c + M_nadph_c,R01063,R01063,1,,none,0,False,True,,0,
BIOMD0000001091,R_GARFT,M_10fthf_c + M_gar_c <=> M_fgam_c + M_h_c + M_thf_c,R04325,R04325,1,,none,0,False,True,,0,
BIOMD0000001091,R_GCALDD,M_gcald_c + M_h2o_c + M_nad_c => M_glyclt_c + 2 M_h_c + M_nadh_c,R01333,R01333,1,,none,0,False,True,,0,
BIOMD0000001091,R_GCCa,M_gly_c + M_h_c + M_lpro_c => M_alpro_c + M_co2_c,R03425,R03425,1,,none,0,False,True,,0,
BIOMD0000001091,R_GCCcm,M_dhlpro_c + M_nad_c <=> M_h_c + M_lpro_c + M_nadh_c,R03815,R03815,1,,none,0,False,True,,0,
BIOMD0000001091,R_GCV1_2,M_gly_c + M_nad_c + M_thf_c <=> M_co2_c + M_mlthf_c + M_nadh_c + M_nh4_c,R01221,R01221,1,,none,0,False,True,,0,
BIOMD0000001091,R_GDH2,M_glu__L_c + M_h2o_c + M_nad_c <=> M_akg_c + M_h_c + M_nadh_c + M_nh4_c,R00243,R00243,1,,none,0,False,True,,0,
BIOMD0000001091,R_GF6PTA,M_f6p_c + M_gln__L_c <=> M_gam6p_c + M_glu__L_c,R00768,R00768,1,,none,0,False,True,,0,
BIOMD0000001091,R_GGLUGABDH,M_ggbutal_c + M_h2o_c + M_nadp_c => M_gg4abut_c + 2 M_h_c + M_nadph_c,R07418,R07418,1,,none,0,False,True,,0,
BIOMD0000001091,R_GGLUGABH,M_gg4abut_c + M_h2o_c <=> M_4abut_c + M_glu__L_c,R07419,R07419,1,,none,0,False,True,,0,
BIOMD0000001091,R_GGTAe2,M_gthrd_c + M_h2o_c <=> M_cgly_c + M_glu__L_c,R00494,R00494,1,,none,0,False,True,,0,
BIOMD0000001091,R_GGTT,M_ggdp_c + M_ipdp_c => M_h_c + M_pendp_c + M_ppi_c,R07475,R07475,1,,none,0,False,True,,0,
BIOMD0000001091,R_GLCURE,M_udpglcur_c <=> M_udpgalur_c,R01385,R01385,1,,none,0,False,True,,0,
BIOMD0000001091,R_GLK1_1,M_atp_c + M_glc__D_c <=> M_adp_c + M_g6p_c + M_h_c,R00299,R00299,1,,none,0,False,True,,0,
BIOMD0000001091,R_GLK1_3,M_atp_c + M_cpd00190_c0 <=> M_adp_c + M_g6p_B_c + M_h_c,R01600,R01600,1,,none,0,False,True,,0,
BIOMD0000001091,R_GLNS,M_atp_c + M_glu__L_c + M_nh4_c => M_adp_c + M_gln__L_c + M_h_c + M_pi_c,R00253,R00253,1,,none,0,False,True,,0,
BIOMD0000001091,R_GLO1,M_lgt__S_c <=> M_gthrd_c + M_mthgxl_c,R02530,R02530,1,,none,0,False,True,,0,
BIOMD0000001091,R_GLU5K,M_atp_c + M_glu__L_c <=> M_adp_c + M_glu5p_c,R00239,R00239,1,,none,0,False,True,,0,
BIOMD0000001091,R_GLUDC,M_glu__L_c + M_h_c => M_4abut_c + M_co2_c,R00261,R00261,1,,none,0,False,True,,0,
BIOMD0000001091,R_GLUDy,M_glu__L_c + M_h2o_c + M_nadp_c <=> M_akg_c + M_h_c + M_nadph_c + M_nh4_c,R00248,R00248,1,,none,0,False,True,,0,
BIOMD0000001091,R_GLUPRT,M_glu__L_c + M_h_c + M_ppi_c + M_pram_c <=> M_gln__L_c + M_h2o_c + M_prpp_c,R01072,R01072,1,,none,0,False,True,,0,
BIOMD0000001091,R_GLUR,M_glu__L_c <=> M_glu__D_c,R00260,R00260,1,,none,0,False,True,,0,
BIOMD0000001091,R_GLUSy,2 M_glu__L_c + M_nadp_c <=> M_akg_c + M_gln__L_c + M_h_c + M_nadph_c,R00114,R00114,1,,none,0,False,True,,0,
BIOMD0000001091,R_GLUTRR,M_glutrna_c + M_h_c + M_nadph_c <=> M_glu1sa_c + M_nadp_c + M_trnaglu_c,R04109,R04109,1,,none,0,False,True,,0,
BIOMD0000001091,R_GLUTRSm,M_atp_c + M_glu__L_c + M_trnaglu_c => M_amp_c + M_glutrna_c + M_h_c + M_ppi_c,R05578,R05578,1,,none,0,False,True,,0,
BIOMD0000001091,R_GLYCK,M_atp_c + M_glyc__R_c <=> M_3pg_c + M_adp_c + M_h_c,R01514,R01514,1,,none,0,False,True,,0,
BIOMD0000001091,R_GLYCK2,M_atp_c + M_glyc__R_c <=> M_2pg_c + M_adp_c + M_h_c,R08572,R08572,1,,none,0,False,True,,0,
BIOMD0000001091,R_GLYCLTDx,M_glyclt_c + M_nad_c <=> M_glx_c + M_h_c + M_nadh_c,R00717,R00717,1,,none,0,False,True,,0,
BIOMD0000001091,R_GLYCLTDyr,M_glyclt_c + M_nadp_c <=> M_glx_c + M_h_c + M_nadph_c,R00465,R00465,1,,none,0,False,True,,0,
BIOMD0000001091,R_GLYCTO1,M_glyclt_c + M_o2_c => M_glx_c + M_h2o2_c,R00475,R00475,1,,none,0,False,True,,0,
BIOMD0000001091,R_GLYK,M_atp_c + M_glyc_c <=> M_adp_c + M_glyc3p_c + M_h_c,R00847,R00847,1,,none,0,False,True,,0,
BIOMD0000001091,R_GLYO1,M_gly_c + M_h2o_c + M_o2_c => M_glx_c + M_h2o2_c + M_nh4_c,R00366,R00366,1,,none,0,False,True,,0,
BIOMD0000001091,R_GND,M_6pgc_c + M_nadp_c => M_co2_c + M_nadph_c + M_ru5p__D_c,R01528,R01528,1,,none,0,False,True,,0,
BIOMD0000001091,R_GNKr,M_atp_c + M_glcn__D_c <=> M_6pgc_c + M_adp_c + M_h_c,R01737,R01737,1,,none,0,False,True,,0,
BIOMD0000001091,R_GPDDA1,M_g3pc_c + M_h2o_c => M_chol_c + M_glyc3p_c + M_h_c,R01030,R01030,1,,none,0,False,True,,0,
BIOMD0000001091,R_GPDDA2pp,M_g3pe_c + M_h2o_c => M_etha_c + M_glyc3p_c + M_h_c,R01470,R01470,1,,none,0,False,True,,0,
BIOMD0000001091,R_GRTT,M_grdp_c + M_ipdp_c => M_frdp_c + M_h_c + M_ppi_c,R02003,R02003,1,,none,0,False,True,,0,
BIOMD0000001091,R_GSH2,M_atp_c + M_glucys_c + M_gly_c => M_adp_c + M_gthrd_c + M_h_c + M_pi_c,R00497,R00497,1,,none,0,False,True,,0,
BIOMD0000001091,R_GSHPO,2 M_gthrd_c + M_h2o2_c => M_gthox_c + 2 M_h2o_c,R00274,R00274,1,,none,0,False,True,,0,
BIOMD0000001091,R_GTPDPK,M_atp_c + M_gtp_c <=> M_amp_c + M_gdptp_c + 2 M_h_c,R00429,R00429,1,,none,0,False,True,,0,
BIOMD0000001091,R_GUADr,M_gua_c + M_h2o_c + M_h_c => M_nh4_c + M_xan_c,R01676,R01676,1,,none,0,False,True,,0,
BIOMD0000001091,R_GUAPRT,M_gmp_c + M_h_c + M_ppi_c <=> M_gua_c + M_prpp_c,R01229,R01229,1,,none,0,False,True,,0,
BIOMD0000001091,R_GUI1,M_glcur_c <=> M_fruur_c,R01482,R01482,1,,none,0,False,True,,0,
BIOMD0000001091,R_GUI2,M_galur_c <=> M_tagur_c,R01983,R01983,1,,none,0,False,True,,0,
BIOMD0000001091,R_GUK1_1,M_atp_c + M_gmp_c + M_h_c <=> M_adp_c + M_gdp_c,R00332,R00332,1,,none,0,False,True,,0,
BIOMD0000001091,R_HACD1,M_3hbcoa_c + M_nad_c <=> M_aacoa_c + M_h_c + M_nadh_c,R01975,R01975,1,,none,0,False,True,,0,
BIOMD0000001091,R_HACD2i,M_3hhcoa_c + M_nad_c <=> M_3ohcoa_c + M_h_c + M_nadh_c,R04748,R04748,1,,none,0,False,True,,0,
BIOMD0000001091,R_HACD3,M_3hocoa_c + M_nad_c <=> M_3oocoa_c + M_h_c + M_nadh_c,R04745,R04745,1,,none,0,False,True,,0,
BIOMD0000001091,R_HACD4,M_3hdcoa_c + M_nad_c <=> M_3odcoa_c + M_h_c + M_nadh_c,R04743,R04743,1,,none,0,False,True,,0,
BIOMD0000001091,R_HACD5,M_3hddcoa_c + M_nad_c <=> M_3oddcoa_c + M_h_c + M_nadh_c,R04741,R04741,1,,none,0,False,True,,0,
BIOMD0000001091,R_HACD6p,M_3htdcoa_c + M_nad_c <=> M_3otdcoa_c + M_h_c + M_nadh_c,R04739,R04739,1,,none,0,False,True,,0,
BIOMD0000001091,R_HACD7p,M_3hhdcoa_c + M_nad_c <=> M_3ohdcoa_c + M_h_c + M_nadh_c,R04737,R04737,1,,none,0,False,True,,0,
BIOMD0000001091,R_HACD8,M_3hmbcoa_c + M_nad_c <=> M_2maacoa_c + M_h_c + M_nadh_c,R04203,R04203,1,,none,0,False,True,,0,
BIOMD0000001091,R_HACDp,M_3hacoa_c + M_nad_c <=> M_3oacoa_c + M_h_c + M_nadh_c,R01778,R01778,1,,none,0,False,True,,0,
BIOMD0000001091,R_HBUR1,M_3hbutACP_c + M_nadp_c <=> M_actACP_c + M_nadph_c,R04533,R04533,1,,none,0,False,True,,0,
BIOMD0000001091,R_HBZOPT,M_4hbz_c + M_octdp_5_c => M_3ophb_c + M_h_c + M_ppi_c,R05615,R05615,1,,none,0,False,True,,0,
BIOMD0000001091,R_HEM2,2 M_5aop_c => 2 M_h2o_c + M_h_c + M_ppbng_c,R00036,R00036,1,,none,0,False,True,,0,
BIOMD0000001091,R_HEM3,M_h2o_c + 4 M_ppbng_c => M_hmbil_c + 4 M_nh4_c,R00084,R00084,1,,none,0,False,True,,0,
BIOMD0000001091,R_HEMEOS,M_frdp_c + M_h2o_c + M_pheme_c <=> M_h_c + M_hemeO_c + M_ppi_c,R07411,R07411,1,,none,0,False,True,,0,
BIOMD0000001091,R_HEPTT,M_h_c + M_octdp_5_c + M_ppi_c <=> M_hepdp_c + M_ipdp_c,R05611,R05611,1,,none,0,False,True,,0,
BIOMD0000001091,R_HETZK,M_4mhetz_c + M_atp_c <=> M_4mpetz_c + M_adp_c + M_h_c,R04448,R04448,1,,none,0,False,True,,0,
BIOMD0000001091,R_HEXTT,M_hexdp_c + M_ipdp_c => M_h_c + M_hepdp_c + M_ppi_c,R05612,R05612,1,,none,0,False,True,,0,
BIOMD0000001091,R_HHDDI,M_2ohed_c <=> M_2hh24dd_c,R04134,R04134,1,,none,0,False,True,,0,
BIOMD0000001091,R_HHDR7,M_3hpalmACP_c + M_nadp_c <=> M_3opalmACP_c + M_nadph_c,R04543,R04543,1,,none,0,False,True,,0,
BIOMD0000001091,R_HHYR2,M_3hhexACP_c + M_nadp_c <=> M_3ohexACP_c + M_nadph_c,R04953,R04953,1,,none,0,False,True,,0,
BIOMD0000001091,R_HIBDkt,M_3hmp_c + M_nad_c <=> M_2mop_c + M_h_c + M_nadh_c,R02047,R02047,1,,none,0,False,True,,0,
BIOMD0000001091,R_HIS1,M_h_c + M_ppi_c + M_prbatp_c <=> M_atp_c + M_prpp_c,R01071,R01071,1,,none,0,False,True,,0,
BIOMD0000001091,R_HIS2,M_h2o_c + M_hisp_c => M_histd_c + M_pi_c,R03013,R03013,1,,none,0,False,True,,0,
BIOMD0000001091,R_HISD1r,M_his__L_c => M_nh4_c + M_urcan_c,R01168,R01168,1,,none,0,False,True,,0,
BIOMD0000001091,R_HISTD,M_h2o_c + M_histd_c + 2 M_nad_c <=> 3 M_h_c + M_his__L_c + 2 M_nadh_c,R01158,R01158,1,,none,0,False,True,,0,
BIOMD0000001091,R_HKM1PP,M_2h3k5m_c + M_h2o_c => M_dhmtp_c + M_pi_c,R07394,R07394,1,,none,0,False,True,,0,
BIOMD0000001091,R_HKNDDH,M_h_c + M_op4en_c + M_succ_c <=> M_h2o_c + M_hkndd_c,R02603,R02603,1,,none,0,False,True,,0,
BIOMD0000001091,R_HKNTDH,M_h2o_c + M_hkntd_c => M_fum_c + M_h_c + M_op4en_c,R06789,R06789,1,,none,0,False,True,,0,
BIOMD0000001091,R_HKYNH,M_h2o_c + M_hLkynr_c => M_3hanthrn_c + M_ala__L_c + M_h_c,R02668,R02668,1,,none,0,False,True,,0,
BIOMD0000001091,R_HMGL,M_hmgcoa_c <=> M_acac_c + M_accoa_c,R01360,R01360,1,,none,0,False,True,,0,
BIOMD0000001091,R_HMPCCDO,M_34dhpha_c + M_o2_c => M_5cmhmsa_c + M_h_c,R03303,R03303,1,,none,0,False,True,,0,
BIOMD0000001091,R_HMSH3,M_ac_c + M_h_c + M_op4en_c <=> M_cchoxod_c + M_h2o_c,R05138,R05138,1,,none,0,False,True,,0,
BIOMD0000001091,R_HOM2,M_aspsa_c + M_nadp_c + M_pi_c <=> M_4pasp_c + M_h_c + M_nadph_c,R02291,R02291,1,,none,0,False,True,,0,
BIOMD0000001091,R_HOXPRx,M_glyc__R_c + M_nad_c <=> M_2h3oppan_c + M_h_c + M_nadh_c,R01745,R01745,1,,none,0,False,True,,0,
BIOMD0000001091,R_HPDOAi,M_dhbpt_c + M_h_c + M_nadph_c <=> M_nadp_c + M_thbpt_c,R01794,R01794,1,,none,0,False,True,,0,
BIOMD0000001091,R_HPPKm,M_6hmhpt_c + M_atp_c <=> M_2ahhmd_c + M_amp_c + M_h_c,R03503,R03503,1,,none,0,False,True,,0,
BIOMD0000001091,R_HPT1_1,M_h_c + M_imp_c + M_ppi_c <=> M_hxan_c + M_prpp_c,R01132,R01132,1,,none,0,False,True,,0,
BIOMD0000001091,R_HPYRI,M_hpyr_c <=> M_2h3oppan_c,R01394,R01394,1,,none,0,False,True,,0,
BIOMD0000001091,R_HPYRRx,M_glyc__R_c + M_nad_c <=> M_h_c + M_hpyr_c + M_nadh_c,R01388,R01388,1,,none,0,False,True,,0,
BIOMD0000001091,R_HPYRRy,M_glyc__R_c + M_nadp_c <=> M_h_c + M_hpyr_c + M_nadph_c,R01392,R01392,1,,none,0,False,True,,0,
BIOMD0000001091,R_HSDx,M_hom__L_c + M_nad_c <=> M_aspsa_c + M_h_c + M_nadh_c,R01773,R01773,1,,none,0,False,True,,0,
BIOMD0000001091,R_HSDy,M_hom__L_c + M_nadp_c <=> M_aspsa_c + M_h_c + M_nadph_c,R01775,R01775,1,,none,0,False,True,,0,
BIOMD0000001091,R_HSST,M_hom__L_c + M_succoa_c => M_coa_c + M_suchms_c,R01777,R01777,1,,none,0,False,True,,0,
BIOMD0000001091,R_HSTPTr,M_akg_c + M_hisp_c <=> M_glu__L_c + M_imacp_c,R03243,R03243,1,,none,0,False,True,,0,
BIOMD0000001091,R_HTDR6,M_3hmrsACP_c + M_nadp_c <=> M_3omrsACP_c + M_nadph_c,R04566,R04566,1,,none,0,False,True,,0,
BIOMD0000001091,R_HXK1_4,M_atp_c + M_fru_c <=> M_adp_c + M_f6p_c + M_h_c,R00760,R00760,1,,none,0,False,True,,0,
BIOMD0000001091,R_ICHORSi,M_chor_c <=> M_ichor_c,R01717,R01717,1,,none,0,False,True,,0,
BIOMD0000001091,R_ICL,M_icit_c <=> M_glx_c + M_succ_c,R00479,R00479,1,,none,0,False,True,,0,
BIOMD0000001091,R_IDP2_2,M_h_c + M_osuc_c => M_akg_c + M_co2_c,R00268,R00268,1,,none,0,False,True,,0,
BIOMD0000001091,R_IDP3_1,M_icit_c + M_nadp_c <=> M_h_c + M_nadph_c + M_osuc_c,R01899,R01899,1,,none,0,False,True,,0,
BIOMD0000001091,R_IG3PS,M_aicar_c + M_eig3p_c + M_glu__L_c + 2 M_h_c <=> M_gln__L_c + M_prlp_c,R04558,R04558,1,,none,0,False,True,,0,
BIOMD0000001091,R_IGPDH,M_eig3p_c => M_h2o_c + M_imacp_c,R03457,R03457,1,,none,0,False,True,,0,
BIOMD0000001091,R_ILV5_3,M_nadp_c + M_pant__R_c <=> M_2dhp_c + M_h_c + M_nadph_c,R02472,R02472,1,,none,0,False,True,,0,
BIOMD0000001091,R_IMPC,M_h2o_c + M_imp_c <=> M_fprica_c,R01127,R01127,1,,none,0,False,True,,0,
BIOMD0000001091,R_INM1,M_h2o_c + M_mi3p__D_c => M_inost_c + M_pi_c,R01187,R01187,1,,none,0,False,True,,0,
BIOMD0000001091,R_INS2D,M_inost_c + M_nad_c <=> M_2ins_c + M_h_c + M_nadh_c,R01183,R01183,1,,none,0,False,True,,0,
BIOMD0000001091,R_IPDDIi,M_ipdp_c <=> M_dmpp_c,R01123,R01123,1,,none,0,False,True,,0,
BIOMD0000001091,R_IPDPS,M_h2mb4p_c + M_h_c + M_nadh_c => M_h2o_c + M_ipdp_c + M_nad_c,R08209,R08209,1,,none,0,False,True,,0,
BIOMD0000001091,R_IPMD,M_3c2hmp_c + M_nad_c <=> M_3c4mop_c + M_h_c + M_nadh_c,R04426,R04426,1,,none,0,False,True,,0,
BIOMD0000001091,R_IPPMIa,M_3c2hmp_c <=> M_2ippm_c + M_h2o_c,R04001,R04001,1,,none,0,False,True,,0,
BIOMD0000001091,R_IPPMIb,M_3c3hmp_c <=> M_2ippm_c + M_h2o_c,R03968,R03968,1,,none,0,False,True,,0,
BIOMD0000001091,R_IZPN,M_4izp_c + M_h2o_c + M_h_c => M_forglu_c,R02288,R02288,1,,none,0,False,True,,0,
BIOMD0000001091,R_KAT1,2 M_accoa_c <=> M_aacoa_c + M_coa_c,R00238,R00238,1,,none,0,False,True,,0,
BIOMD0000001091,R_KAT2,M_accoa_c + M_btcoa_c <=> M_3ohcoa_c + M_coa_c,R01177,R01177,1,,none,0,False,True,,0,
BIOMD0000001091,R_KAT3,M_accoa_c + M_hxcoa_c <=> M_3oocoa_c + M_coa_c,R04747,R04747,1,,none,0,False,True,,0,
BIOMD0000001091,R_KAT4,M_accoa_c + M_occoa_c <=> M_3odcoa_c + M_coa_c,R03778,R03778,1,,none,0,False,True,,0,
BIOMD0000001091,R_KAT5,M_accoa_c + M_dcacoa_c <=> M_3oddcoa_c + M_coa_c,R04742,R04742,1,,none,0,False,True,,0,
BIOMD0000001091,R_KAT7,M_accoa_c + M_tdcoa_c <=> M_3ohdcoa_c + M_coa_c,R03991,R03991,1,,none,0,False,True,,0,
BIOMD0000001091,R_KDOCT,M_ctp_c + M_kdo_c => M_ckdo_c + M_h_c + M_ppi_c,R03351,R03351,1,,none,0,False,True,,0,
BIOMD0000001091,R_LDH_L,M_lac__L_c + M_nad_c <=> M_h_c + M_nadh_c + M_pyr_c,R00703,R00703,1,,none,0,False,True,,0,
BIOMD0000001091,R_LEU4,M_3c3hmp_c + M_coa_c + M_h_c <=> M_3mob_c + M_accoa_c + M_h2o_c,R01213,R01213,1,,none,0,False,True,,0,
BIOMD0000001091,R_LEUTAi,M_akg_c + M_leu__L_c <=> M_4mop_c + M_glu__L_c,R01090,R01090,1,,none,0,False,True,,0,
BIOMD0000001091,R_LLEUD,M_h2o_c + M_leu__L_c + M_nad_c <=> M_4mop_c + M_h_c + M_nadh_c + M_nh4_c,R01088,R01088,1,,none,0,False,True,,0,
BIOMD0000001091,R_LPD1,M_dhlam_c + M_nad_c <=> M_h_c + M_lpam_c + M_nadh_c,R01698,R01698,1,,none,0,False,True,,0,
BIOMD0000001091,R_LYSDC,M_h_c + M_lys__L_c => M_15dap_c + M_co2_c,R00462,R00462,1,,none,0,False,True,,0,
BIOMD0000001091,R_M1PD,M_mnl1p_c + M_nad_c <=> M_f6p_c + M_h_c + M_nadh_c,R00758,R00758,1,,none,0,False,True,,0,
BIOMD0000001091,R_MALS,M_coa_c + M_h_c + M_mal__L_c <=> M_accoa_c + M_glx_c + M_h2o_c,R00472,R00472,1,,none,0,False,True,,0,
BIOMD0000001091,R_MAN1PT2_r,M_gdp_c + M_man1p_c <=> M_gdpmann_c + M_pi_c,R00883,R00883,1,,none,0,False,True,,0,
BIOMD0000001091,R_MBCOAi,M_fad_c + M_h_c + M_ivcoa_c <=> M_3mb2coa_c + M_fadh2_c,R04095,R04095,1,,none,0,False,True,,0,
BIOMD0000001091,R_MCCC,M_3mb2coa_c + M_atp_c + M_hco3_c <=> M_3mgcoa_c + M_adp_c + M_h_c + M_pi_c,R04138,R04138,1,,none,0,False,True,,0,
BIOMD0000001091,R_MCITS,M_2mcit_c + M_coa_c + M_h_c <=> M_h2o_c + M_oaa_c + M_ppcoa_c,R00931,R00931,1,,none,0,False,True,,0,
BIOMD0000001091,R_MCMAT2,M_butACP_c + M_malACP_c => M_3ohexACP_c + M_ACP_c + M_co2_c,R04952,R04952,1,,none,0,False,True,,0,
BIOMD0000001091,R_MCMAT4,M_malACP_c + M_ocACP_c => M_3odecACP_c + M_ACP_c + M_co2_c,R04960,R04960,1,,none,0,False,True,,0,
BIOMD0000001091,R_MCPSTr,M_cyan_c + M_mercppyr_c <=> M_h_c + M_pyr_c + M_tcynt_c,R03106,R03106,1,,none,0,False,True,,0,
BIOMD0000001091,R_MCT1,M_ACP_c + M_h_c + M_malcoa_c <=> M_coa_c + M_malACP_c,R01626,R01626,1,,none,0,False,True,,0,
BIOMD0000001091,R_MDH,M_mal__L_c + M_nad_c <=> M_h_c + M_nadh_c + M_oaa_c,R00342,R00342,1,,none,0,False,True,,0,
BIOMD0000001091,R_MDRPDr,M_5mdru1p_c => M_h2o_c + M_hkmpp_c,R07392,R07392,1,,none,0,False,True,,0,
BIOMD0000001091,R_ME1x_D,M_mal__D_c + M_nad_c => M_co2_c + M_nadh_c + M_pyr_c,R00215,R00215,1,,none,0,False,True,,0,
BIOMD0000001091,R_ME2,M_mal__L_c + M_nadp_c => M_co2_c + M_nadph_c + M_pyr_c,R00216,R00216,1,,none,0,False,True,,0,
BIOMD0000001091,R_MECDPS,M_2p4c2me_c <=> M_2mecdp_c + M_cmp_c,R05637,R05637,1,,none,0,False,True,,0,
BIOMD0000001091,R_MEPCT,M_2me4p_c + M_ctp_c <=> M_4c2me_c + M_ppi_c,R05633,R05633,1,,none,0,False,True,,0,
BIOMD0000001091,R_MET12,M_5mthf_c + M_nadp_c <=> M_h_c + M_mlthf_c + M_nadph_c,R01224,R01224,1,,none,0,False,True,,0,
BIOMD0000001091,R_MET14,M_aps_c + M_atp_c <=> M_adp_c + M_h_c + M_paps_c,R00509,R00509,1,,none,0,False,True,,0,
BIOMD0000001091,R_MET17_3,M_achms_c + M_h2s_c => M_ac_c + M_hcys__L_c,R01287,R01287,1,,none,0,False,True,,0,
BIOMD0000001091,R_MET2,M_accoa_c + M_hom__L_c => M_achms_c + M_coa_c,R01776,R01776,1,,none,0,False,True,,0,
BIOMD0000001091,R_MET22,M_h2o_c + M_pap_c => M_amp_c + M_pi_c,R00188,R00188,1,,none,0,False,True,,0,
BIOMD0000001091,R_MET3,M_atp_c + M_so4_c <=> M_aps_c + M_ppi_c,R00529,R00529,1,,none,0,False,True,,0,
BIOMD0000001091,R_METAT,M_atp_c + M_h2o_c + M_met__L_c => M_amet_c + M_h_c + M_pi_c + M_ppi_c,R00177,R00177,1,,none,0,False,True,,0,
BIOMD0000001091,R_METB1,M_achms_c + M_cys__L_c <=> M_ac_c + M_cpd00424_c0 + M_h_c,R03217,R03217,1,,none,0,False,True,,0,
BIOMD0000001091,R_METSMHPGLUT_b,M_5mthf_c + M_hcys__L_c <=> M_met__L_c + M_thf_c,R00946,R00946,1,,none,0,False,True,,0,
BIOMD0000001091,R_METSR_S1,M_h2o_c + M_met__L_c + M_trdox_c <=> M_metsox_S__L_c + M_trdrd_c,R02025,R02025,1,,none,0,False,True,,0,
BIOMD0000001091,R_MGCOAH,M_hmgcoa_c <=> M_3mgcoa_c + M_h2o_c,R02085,R02085,1,,none,0,False,True,,0,
BIOMD0000001091,R_MGSA,M_dhap_c => M_mthgxl_c + M_pi_c,R01016,R01016,1,,none,0,False,True,,0,
BIOMD0000001091,R_MHPGLUT,M_hcys__L_c + M_mhpglu_c <=> M_met__L_c + M_thglu_c,R04405,R04405,1,,none,0,False,True,,0,
BIOMD0000001091,R_MI1PP,M_h2o_c + M_mi1p__D_c => M_inost_c + M_pi_c,R01185,R01185,1,,none,0,False,True,,0,
BIOMD0000001091,R_MI4PP,M_h2o_c + M_mi4p__D_c => M_inost_c + M_pi_c,R01186,R01186,1,,none,0,False,True,,0,
BIOMD0000001091,R_MME,M_mmcoa__R_c <=> M_mmcoa__S_c,R02765,R02765,1,,none,0,False,True,,0,
BIOMD0000001091,R_MMM2,M_mmcoa__R_c <=> M_succoa_c,R00833,R00833,1,,none,0,False,True,,0,
BIOMD0000001091,R_MMSAD1,M_2mop_c + M_coa_c + M_nad_c <=> M_co2_c + M_nadh_c + M_ppcoa_c,R00922,R00922,1,,none,0,False,True,,0,
BIOMD0000001091,R_MMSAD3,M_coa_c + M_msa_c + M_nad_c <=> M_accoa_c + M_co2_c + M_nadh_c,R00705,R00705,1,,none,0,False,True,,0,
BIOMD0000001091,R_MOHMT,M_3mob_c + M_h2o_c + M_mlthf_c <=> M_2dhp_c + M_thf_c,R01226,R01226,1,,none,0,False,True,,0,
BIOMD0000001091,R_MSS4,M_atp_c + M_cpd11837_c0 <=> M_adp_c + M_ptd145bp_SC_c,R03469,R03469,1,,none,0,False,True,,0,
BIOMD0000001091,R_MTAN,M_5mta_c + M_h2o_c <=> M_5mtr_c + M_ade_c,R01401,R01401,1,,none,0,False,True,,0,
BIOMD0000001091,R_MTHFR2,M_5mthf_c + M_nad_c <=> M_h_c + M_mlthf_c + M_nadh_c,R07168,R07168,1,,none,0,False,True,,0,
BIOMD0000001091,R_MTI,M_malt_c <=> M_tre_c,R01557;R06218,R01557,2,,none,0,False,True,,0,
BIOMD0000001091,R_MUQ1,M_ctp_c + M_ethamp_c <=> M_cdpea_c + M_ppi_c,R02038,R02038,1,,none,0,False,True,,0,
BIOMD0000001091,R_NADS2,M_atp_c + M_dnad_c + M_gln__L_c + M_h2o_c => M_amp_c + M_glu__L_c + 2 M_h_c + M_nad_c + M_ppi_c,R00257,R00257,1,,none,0,False,True,,0,
BIOMD0000001091,R_NAPRTr,M_nicrnt_c + M_ppi_c <=> M_nac_c + M_prpp_c,R01724,R01724,1,,none,0,False,True,,0,
BIOMD0000001091,R_NDPK1,M_atp_c + M_gdp_c <=> M_adp_c + M_gtp_c,R00330,R00330,1,,none,0,False,True,,0,
BIOMD0000001091,R_NDPK5,M_atp_c + M_dgdp_c <=> M_adp_c + M_dgtp_c,R01857,R01857,1,,none,0,False,True,,0,
BIOMD0000001091,R_NDPK6,M_atp_c + M_dudp_c <=> M_adp_c + M_dutp_c,R02331,R02331,1,,none,0,False,True,,0,
BIOMD0000001091,R_NDPK7,M_atp_c + M_dcdp_c <=> M_adp_c + M_dctp_c,R02326,R02326,1,,none,0,False,True,,0,
BIOMD0000001091,R_NDPK9,M_atp_c + M_idp_c <=> M_adp_c + M_itp_c,R00722,R00722,1,,none,0,False,True,,0,
BIOMD0000001091,R_NMNR,M_h2o_c + M_nmn_c => M_pi_c + M_rnam_c,R02323,R02323,1,,none,0,False,True,,0,
BIOMD0000001091,R_NNATm,M_atp_c + M_nicrnt_c <=> M_dnad_c + M_ppi_c,R03005,R03005,1,,none,0,False,True,,0,
BIOMD0000001091,R_NNDMBRT,M_dmbzid_c + M_nicrnt_c <=> M_5prdmbz_c + M_h_c + M_nac_c,R04148,R04148,1,,none,0,False,True,,0,
BIOMD0000001091,R_NODOx,M_nadh_c + 2 M_no_c + 2 M_o2_c <=> M_h_c + M_nad_c + 2 M_no3_c,R05724,R05724,1,,none,0,False,True,,0,
BIOMD0000001091,R_NODOy,M_nadph_c + 2 M_no_c + 2 M_o2_c <=> M_h_c + M_nadp_c + 2 M_no3_c,R05725,R05725,1,,none,0,False,True,,0,
BIOMD0000001091,R_NPHSr,M_sbzcoa_c => M_coa_c + M_dhna_c,R04150,R04150,1,,none,0,False,True,,0,
BIOMD0000001091,R_NTD1,M_dump_c + M_h2o_c => M_duri_c + M_pi_c,R02102,R02102,1,,none,0,False,True,,0,
BIOMD0000001091,R_NTD2,M_h2o_c + M_ump_c => M_pi_c + M_uri_c,R00963,R00963,1,,none,0,False,True,,0,
BIOMD0000001091,R_NTD3,M_dcmp_c + M_h2o_c => M_dcyt_c + M_pi_c,R01664,R01664,1,,none,0,False,True,,0,
BIOMD0000001091,R_NTD4,M_cmp_c + M_h2o_c => M_cytd_c + M_pi_c,R00511,R00511,1,,none,0,False,True,,0,
BIOMD0000001091,R_NTD5pp,M_dtmp_c + M_h2o_c => M_pi_c + M_thymd_c,R01569,R01569,1,,none,0,False,True,,0,
BIOMD0000001091,R_NTD7pp,M_amp_c + M_h2o_c => M_adn_c + M_pi_c,R00183,R00183,1,,none,0,False,True,,0,
BIOMD0000001091,R_NTD8pp,M_dgmp_c + M_h2o_c => M_dgsn_c + M_pi_c,R01968,R01968,1,,none,0,False,True,,0,
BIOMD0000001091,R_OCMAT3,M_nad_c + M_ocACP_c <=> M_h_c + M_nadh_c + M_toct2eACP_c,R04958,R04958,1,,none,0,False,True,,0,
BIOMD0000001091,R_OHPHM,M_2ohph_c + M_amet_c => M_2omph_c + M_ahcys_c + M_h_c,R04988,R04988,1,,none,0,False,True,,0,
BIOMD0000001091,R_OMCDCm,M_4mop_c + M_co2_c <=> M_3c4mop_c + M_h_c,R01652,R01652,1,,none,0,False,True,,0,
BIOMD0000001091,R_OPAH,M_5oxpro_c + M_atp_c + 2 M_h2o_c => M_adp_c + M_glu__L_c + M_h_c + M_pi_c,R00251,R00251,1,,none,0,False,True,,0,
BIOMD0000001091,R_OPHBDC,M_3ophb_c + M_h_c => M_2oph_c + M_co2_c,R04986,R04986,1,,none,0,False,True,,0,
BIOMD0000001091,R_OPTCCL,M_5cohe_c + M_h_c => M_2hh24dd_c + M_co2_c,R04380,R04380,1,,none,0,False,True,,0,
BIOMD0000001091,R_OXACOAL,M_atp_c + M_coa_c + M_oxa_c <=> M_amp_c + M_oxalcoa_c + M_ppi_c,R01558,R01558,1,,none,0,False,True,,0,
BIOMD0000001091,R_P5CD,M_1pyr5c_c + 2 M_h2o_c + M_nad_c <=> M_glu__L_c + M_h_c + M_nadh_c,R00707,R00707,1,,none,0,False,True,,0,
BIOMD0000001091,R_PAPPT2,M_uAgla_c + M_udcpp_c <=> M_uaGgla_c + M_ump_c,R05629,R05629,1,,none,0,False,True,,0,
BIOMD0000001091,R_PAPPT3,M_udcpp_c + M_uggmda_c <=> M_uagmda_c + M_ump_c,R05630,R05630,1,,none,0,False,True,,0,
BIOMD0000001091,R_PASR,M_paps_c + M_trdrd_c => M_h_c + M_pap_c + M_so3_c + M_trdox_c,R02021,R02021,1,,none,0,False,True,,0,
BIOMD0000001091,R_PC11M,M_amet_c + M_pre4_c <=> M_ahcys_c + M_h_c + M_pre5_c,R05181,R05181,1,,none,0,False,True,,0,
BIOMD0000001091,R_PC17M,M_amet_c + M_pre3b_c <=> M_ahcys_c + 2 M_h_c + M_pre4_c,R05180,R05180,1,,none,0,False,True,,0,
BIOMD0000001091,R_PC20M,M_amet_c + M_pre2_c <=> M_ahcys_c + M_h_c + M_pre3a_c,R03948,R03948,1,,none,0,False,True,,0,
BIOMD0000001091,R_PC8XM,3 M_h_c + M_pre8_c <=> M_hgbyr_c,R05177,R05177,1,,none,0,False,True,,0,
BIOMD0000001091,R_PDHbr,M_accoa_c + M_dhlam_c <=> M_adhlam_c + M_coa_c,R02569,R02569,1,,none,0,False,True,,0,
BIOMD0000001091,R_PDX3_1,M_h2o_c + M_o2_c + M_pyam5p_c => M_h2o2_c + M_nh4_c + M_pydx5p_c,R00277,R00277,1,,none,0,False,True,,0,
BIOMD0000001091,R_PDX3_2,M_o2_c + M_pdx5p_c => M_h2o2_c + M_pydx5p_c,R00278,R00278,1,,none,0,False,True,,0,
BIOMD0000001091,R_PEPCK_re,M_gtp_c + M_oaa_c => M_co2_c + M_gdp_c + M_pep_c,R00431,R00431,1,,none,0,False,True,,0,
BIOMD0000001091,R_PFK,M_atp_c + M_f6p_c <=> M_adp_c + M_fdp_c + M_h_c,R00756,R00756,1,,none,0,False,True,,0,
BIOMD0000001091,R_PFK_3,M_atp_c + M_s7p_c <=> M_adp_c + M_h_c + M_s17bp_c,R01843,R01843,1,,none,0,False,True,,0,
BIOMD0000001091,R_PFK_adp,M_adp_c + M_f6p_c <=> M_amp_c + M_fdp_c + 2 M_h_c,R05805,R05805,1,,none,0,False,True,,0,
BIOMD0000001091,R_PGAMT,M_gam1p_c <=> M_gam6p_c,R02060,R02060,1,,none,0,False,True,,0,
BIOMD0000001091,R_PGGH,M_cellb6p_c + M_h2o_c => M_g6p_c + M_glc__D_c,R00839,R00839,1,,none,0,False,True,,0,
BIOMD0000001091,R_PGI,M_g6p_c <=> M_f6p_c,R00771,R00771,1,,none,0,False,True,,0,
BIOMD0000001091,R_PGI1_2,M_g6p_c <=> M_g6p_B_c,R02739,R02739,1,,none,0,False,True,,0,
BIOMD0000001091,R_PGK,M_3pg_c + M_atp_c <=> M_13dpg_c + M_adp_c,R01512,R01512,1,,none,0,False,True,,0,
BIOMD0000001091,R_PGM,M_2pg_c <=> M_3pg_c,R01518,R01518,1,,none,0,False,True,,0,
BIOMD0000001091,R_PGM1_2,M_g1p_c <=> M_g6p_c,R00959;R08639,R00959,2,,none,0,False,True,,0,
BIOMD0000001091,R_PHETA1,M_akg_c + M_phe__L_c <=> M_glu__L_c + M_phpyr_c,R00694,R00694,1,,none,0,False,True,,0,
BIOMD0000001091,R_PHO8,M_ahdt_c + 3 M_h2o_c => M_dhnpt_c + 3 M_h_c + 3 M_pi_c,R04620,R04620,1,,none,0,False,True,,0,
BIOMD0000001091,R_PMI40,M_man6p_c <=> M_f6p_c,R00772,R00772,1,,none,0,False,True,,0,
BIOMD0000001091,R_PNC1_2,M_h2o_c + M_ncam_c => M_nac_c + M_nh4_c,R01268,R01268,1,,none,0,False,True,,0,
BIOMD0000001091,R_PNP1_10,M_adn_c + M_pi_c <=> M_ade_c + M_r1p_c,R01561,R01561,1,,none,0,False,True,,0,
BIOMD0000001091,R_PNP1_11,M_gsn_c + M_pi_c <=> M_gua_c + M_r1p_c,R02147,R02147,1,,none,0,False,True,,0,
BIOMD0000001091,R_PNP1_6,M_ins_c + M_pi_c <=> M_hxan_c + M_r1p_c,R01863,R01863,1,,none,0,False,True,,0,
BIOMD0000001091,R_PNP1_9,M_pi_c + M_xtsn_c <=> M_r1p_c + M_xan_c,R02297,R02297,1,,none,0,False,True,,0,
BIOMD0000001091,R_PPA_1,M_h2o_c + M_ppi_c => M_h_c + 2 M_pi_c,R00004,R00004,1,,none,0,False,True,,0,
BIOMD0000001091,R_PPCDC,M_4ppcys_c + M_h_c => M_co2_c + M_pan4p_c,R03269,R03269,1,,none,0,False,True,,0,
BIOMD0000001091,R_PPCK,M_atp_c + M_oaa_c => M_adp_c + M_co2_c + M_pep_c,R00341,R00341,1,,none,0,False,True,,0,
BIOMD0000001091,R_PPM2,M_2dr1p_c <=> M_2dr5p_c,R02749,R02749,1,,none,0,False,True,,0,
BIOMD0000001091,R_PPNCL3,M_4ppan_c + M_atp_c + M_cys__L_c => M_4ppcys_c + M_amp_c + 2 M_h_c + M_ppi_c,R04230,R04230,1,,none,0,False,True,,0,
BIOMD0000001091,R_PPNDH,M_h_c + M_pphn_c => M_co2_c + M_h2o_c + M_phpyr_c,R01373,R01373,1,,none,0,False,True,,0,
BIOMD0000001091,R_PPPGOm,3 M_o2_c + 2 M_pppg9_c <=> 6 M_h2o_c + 2 M_ppp9_c,R03222,R03222,1,,none,0,False,True,,0,
BIOMD0000001091,R_PPTT,M_ipdp_c + M_pendp_c => M_h_c + M_hexdp_c + M_ppi_c,R05613,R05613,1,,none,0,False,True,,0,
BIOMD0000001091,R_PRAI,M_pran_c <=> M_2cpr5p_c,R03509,R03509,1,,none,0,False,True,,0,
BIOMD0000001091,R_PRAIS,M_atp_c + M_fpram_c <=> M_adp_c + M_air_c + M_h_c + M_pi_c,R04208,R04208,1,,none,0,False,True,,0,
BIOMD0000001091,R_PRAMPC,M_h2o_c + M_prbamp_c <=> M_prfp_c,R04037,R04037,1,,none,0,False,True,,0,
BIOMD0000001091,R_PRASCS,M_5aizc_c + M_asp__L_c + M_atp_c => M_25aics_c + M_adp_c + M_h_c + M_pi_c,R04591,R04591,1,,none,0,False,True,,0,
BIOMD0000001091,R_PRATPP,M_h2o_c + M_prbatp_c => 2 M_h_c + M_ppi_c + M_prbamp_c,R04035,R04035,1,,none,0,False,True,,0,
BIOMD0000001091,R_PRDX,M_h2o2_c + M_meoh_c <=> M_fald_c + 2 M_h2o_c,R00602,R00602,1,,none,0,False,True,,0,
BIOMD0000001091,R_PRFGS,M_atp_c + M_fgam_c + M_gln__L_c + M_h2o_c => M_adp_c + M_fpram_c + M_glu__L_c + M_h_c + M_pi_c,R04463,R04463,1,,none,0,False,True,,0,
BIOMD0000001091,R_PRMICI,M_h_c + M_prfp_c <=> M_prlp_c,R04640,R04640,1,,none,0,False,True,,0,
BIOMD0000001091,R_PRO1x,M_nad_c + M_pro__L_c <=> M_1pyr5c_c + 2 M_h_c + M_nadh_c,R01248,R01248,1,,none,0,False,True,,0,
BIOMD0000001091,R_PRO1z,M_fad_c + M_pro__L_c <=> M_1pyr5c_c + M_fadh2_c,R10507,R10507,1,,none,0,False,True,,0,
BIOMD0000001091,R_PRO3_1,M_nadp_c + M_pro__L_c <=> M_1pyr5c_c + 2 M_h_c + M_nadph_c,R01251,R01251,1,,none,0,False,True,,0,
BIOMD0000001091,R_PROPP,M_atp_c + M_ppa_c <=> M_adp_c + M_ppap_c,R01353,R01353,1,,none,0,False,True,,0,
BIOMD0000001091,R_PSA1,M_gtp_c + M_man1p_c <=> M_gdpmann_c + M_ppi_c,R00885,R00885,1,,none,0,False,True,,0,
BIOMD0000001091,R_PSCVTi,M_pep_c + M_skm5p_c <=> M_3psme_c + M_pi_c,R03460,R03460,1,,none,0,False,True,,0,
BIOMD0000001091,R_PSERT,M_akg_c + M_pser__L_c <=> M_3php_c + M_glu__L_c,R04173,R04173,1,,none,0,False,True,,0,
BIOMD0000001091,R_PTA2r,M_pi_c + M_ppcoa_c <=> M_coa_c + M_ppap_c,R00921,R00921,1,,none,0,False,True,,0,
BIOMD0000001091,R_PTAr,M_accoa_c + M_pi_c <=> M_actp_c + M_coa_c,R00230,R00230,1,,none,0,False,True,,0,
BIOMD0000001091,R_PTHKr,M_atp_c + M_ptth_c <=> M_adp_c + M_h_c + M_pan4p_c,R02971,R02971,1,,none,0,False,True,,0,
BIOMD0000001091,R_PTPATim,M_atp_c + M_pan4p_c <=> M_dpcoa_c + M_ppi_c,R03035,R03035,1,,none,0,False,True,,0,
BIOMD0000001091,R_PUNP2,M_dad_2_c + M_pi_c <=> M_2dr1p_c + M_ade_c,R02557,R02557,1,,none,0,False,True,,0,
BIOMD0000001091,R_PUNP4,M_dgsn_c + M_pi_c <=> M_2dr1p_c + M_gua_c,R01969,R01969,1,,none,0,False,True,,0,
BIOMD0000001091,R_PUNP6,M_din_c + M_pi_c <=> M_2dr1p_c + M_hxan_c,R02748,R02748,1,,none,0,False,True,,0,
BIOMD0000001091,R_PUTA3,M_glu5sa_c + M_h2o_c + M_nad_c => M_glu__L_c + 2 M_h_c + M_nadh_c,R00245,R00245,1,,none,0,False,True,,0,
BIOMD0000001091,R_PYDXNK,M_atp_c + M_pydxn_c <=> M_adp_c + M_h_c + M_pdx5p_c,R01909,R01909,1,,none,0,False,True,,0,
BIOMD0000001091,R_PYK,M_atp_c + M_pyr_c <=> M_adp_c + M_h_c + M_pep_c,R00200,R00200,1,,none,0,False,True,,0,
BIOMD0000001091,R_PYNP1r,M_cytd_c + M_pi_c <=> M_csn_c + M_r1p_c,R02296,R02296,1,,none,0,False,True,,0,
BIOMD0000001091,R_PYNP2,M_pi_c + M_uri_c <=> M_r1p_c + M_ura_c,R01876,R01876,1,,none,0,False,True,,0,
BIOMD0000001091,R_QNS1_2,M_atp_c + M_dnad_c + M_nh4_c => M_amp_c + 2 M_h_c + M_nad_c + M_ppi_c,R00189,R00189,1,,none,0,False,True,,0,
BIOMD0000001091,R_QPT1_1,M_co2_c + M_nicrnt_c + M_ppi_c <=> M_h_c + M_prpp_c + M_quln_c,R03348,R03348,1,,none,0,False,True,,0,
BIOMD0000001091,R_QULNS,2 M_h2o_c + M_pi_c + M_quln_c <=> M_dhap_c + M_iasp_c,R04292,R04292,1,,none,0,False,True,,0,
BIOMD0000001091,R_R00014,M_2ahethmpp_c + M_co2_c <=> M_h_c + M_pyr_c + M_thmpp_c,R00014,R00014,1,,none,0,False,True,,0,
BIOMD0000001091,R_R00015,2 M_sucr_c <=> M_cpd02298_c0 + M_glc__D_c,R00015,R00015,1,,none,0,False,True,,0,
BIOMD0000001091,R_R00018,2 M_ptrc_c <=> M_hspmd_c + M_nh4_c,R00018,R00018,1,,none,0,False,True,,0,
BIOMD0000001091,R_R00066,2 M_dmlz_c + M_h_c => M_4r5au_c + M_ribflv_c,R00066,R00066,1,,none,0,False,True,,0,
BIOMD0000001091,R_R00075,3 M_amet_c <=> 3 M_5mta_c + M_cpd03158_c0 + 4 M_h_c,R00075,R00075,1,,none,0,False,True,,0,
BIOMD0000001091,R_R00081,4 M_focytC_c + 4 M_h_c + M_o2_c <=> 4 M_ficytC_c + 2 M_h2o_c,R00081,R00081,1,,none,0,False,True,,0,
BIOMD0000001091,R_R00092,2 M_fe2_c + M_h_c + M_nad_c <=> 2 M_fe3_c + M_nadh_c,R00092,R00092,1,,none,0,False,True,,0,
BIOMD0000001091,R_R00145,M_cpd03077_c0 + M_h2o_c + M_nad_c <=> M_cpd11625_c0 + M_nadh_c + M_nh4_c,R00145,R00145,1,,none,0,False,True,,0,
BIOMD0000001091,R_R00146,M_cpd03077_c0 + M_h2o_c + M_nadp_c <=> M_cpd11625_c0 + M_nadph_c + M_nh4_c,R00146,R00146,1,,none,0,False,True,,0,
BIOMD0000001091,R_R00149,2 M_atp_c + M_co2_c + M_h2o_c + M_nh4_c <=> 2 M_adp_c + M_cbp_c + 3 M_h_c + M_pi_c,R00149,R00149,1,,none,0,False,True,,0,
BIOMD0000001091,R_R00218,M_cpd02080_c0 + M_h2o_c + M_h_c <=> M_co2_c + M_pyr_c,R00218,R00218,1,,none,0,False,True,,0,
BIOMD0000001091,R_R00221,M_ser__D_c => M_nh4_c + M_pyr_c,R00221,R00221,1,,none,0,False,True,,0,
BIOMD0000001091,R_R00241,M_atp_c + M_glu__L_c + M_h_c <=> M_adp_c + M_cpd03413_c0,R00241,R00241,1,,none,0,False,True,,0,
BIOMD0000001091,R_R00264,M_25dop_c + M_h2o_c + M_nadp_c => M_akg_c + 2 M_h_c + M_nadph_c,R00264,R00264,1,,none,0,False,True,,0,
BIOMD0000001091,R_R00279,M_glu__D_c + M_h2o_c + M_o2_c <=> M_akg_c + M_h2o2_c + M_nh4_c,R00279,R00279,1,,none,0,False,True,,0,
BIOMD0000001091,R_R00321,M_ad_c + M_h2o_c => M_ac_c + M_nh4_c,R00321,R00321,1,,none,0,False,True,,0,
BIOMD0000001091,R_R00334,M_atp_c + M_cpd12232_c0 <=> M_adp_c + M_cpd00354_c0,R00334,R00334,1,,none,0,False,True,,0,
BIOMD0000001091,R_R00353,M_malcoa_c + M_pyr_c <=> M_accoa_c + M_oaa_c,R00353,R00353,1,,none,0,False,True,,0,
BIOMD0000001091,R_R00354,M_cpd00442_c0 <=> M_accoa_c + M_h_c + M_oaa_c,R00354,R00354,1,,none,0,False,True,,0,
BIOMD0000001091,R_R00359,M_asp__D_c + M_h2o_c + M_o2_c <=> M_h2o2_c + M_nh4_c + M_oaa_c,R00359,R00359,1,,none,0,False,True,,0,
BIOMD0000001091,R_R00383,M_acoa_c + M_h2o_c <=> M_coa_c + M_cpd00049_c0 + 2 M_h_c,R00383,R00383,1,,none,0,False,True,,0,
BIOMD0000001091,R_R00396,M_ala__L_c + M_h2o_c + M_nad_c <=> M_h_c + M_nadh_c + M_nh4_c + M_pyr_c,R00396,R00396,1,,none,0,False,True,,0,
BIOMD0000001091,R_R00428,M_gtp_c + M_h2o_c => M_cpd03518_c0,R00428,R00428,1,,none,0,False,True,,0,
BIOMD0000001091,R_R00452,M_cpd02490_c0 + M_h2o_c + M_nadp_c <=> M_h_c + M_lys__L_c + M_nadph_c + M_pyr_c,R00452,R00452,1,,none,0,False,True,,0,
BIOMD0000001091,R_R00468,M_coa_c + M_glx_c + M_nadp_c <=> M_nadph_c + M_oxalcoa_c,R00468,R00468,1,,none,0,False,True,,0,
BIOMD0000001091,R_R00474,M_co2_c + M_cpd02056_c0 <=> M_akg_c + M_glx_c + M_h_c,R00474,R00474,1,,none,0,False,True,,0,
BIOMD0000001091,R_R00488,M_Nacasp_c + M_h2o_c <=> M_ac_c + M_asp__L_c,R00488,R00488,1,,none,0,False,True,,0,
BIOMD0000001091,R_R00516,M_cytd_c + M_utp_c <=> M_cmp_c + M_h_c + M_udp_c,R00516,R00516,1,,none,0,False,True,,0,
BIOMD0000001091,R_R00526,M_cpd00769_c0 + M_h2o_c <=> M_asp__L_c + M_for_c,R00526,R00526,1,,none,0,False,True,,0,
BIOMD0000001091,R_R00540,M_cpd00542_c0 + 2 M_h2o_c <=> M_cpd00049_c0 + M_nh4_c,R00540,R00540,1,,none,0,False,True,,0,
BIOMD0000001091,R_R00546,M_cpd01759_c0 + M_h2o_c <=> M_asp__L_c + M_cpd00049_c0,R00546,R00546,1,,none,0,False,True,,0,
BIOMD0000001091,R_R00551,M_arg__L_c + M_h2o_c => M_orn__L_c + M_urea_c,R00551,R00551,1,,none,0,False,True,,0,
BIOMD0000001091,R_R00558,M_arg__L_c + M_h_c + M_nadph_c + M_o2_c => M_h2o_c + M_nadp_c + M_nwharg_c,R00558,R00558,1,,none,0,False,True,,0,
BIOMD0000001091,R_R00565,M_arg__L_c + M_gly_c <=> M_gudac_c + M_orn__L_c,R00565,R00565,1,,none,0,False,True,,0,
BIOMD0000001091,R_R00603,M_cpd01530_c0 + M_h2o_c <=> 2 M_cl_c + M_fald_c + 2 M_h_c,R00603,R00603,1,,none,0,False,True,,0,
BIOMD0000001091,R_R00621,M_akg_c + M_h_c + M_thmpp_c => M_co2_c + M_cpd03189_c0,R00621,R00621,1,,none,0,False,True,,0,
BIOMD0000001091,R_R00623,M_cpd00195_c0 + M_nad_c <=> M_cpd11616_c0 + M_h_c + M_nadh_c,R00623,R00623,1,,none,0,False,True,,0,
BIOMD0000001091,R_R00624,M_cpd11679_c0 + M_nad_c <=> M_cpd11733_c0 + M_h_c + M_nadh_c,R00624,R00624,1,,none,0,False,True,,0,
BIOMD0000001091,R_R00635,M_cpd11616_c0 + M_h2o_c + M_o2_c <=> M_cpd00049_c0 + M_h2o2_c + M_h_c,R00635,R00635,1,,none,0,False,True,,0,
BIOMD0000001091,R_R00643,M_cpd00820_c0 + M_o2_c <=> M_ascb__L_c + M_h2o2_c + M_h_c,R00643,R00643,1,,none,0,False,True,,0,
BIOMD0000001091,R_R00667,M_akg_c + M_orn__L_c <=> M_glu5sa_c + M_glu__L_c,R00667,R00667,1,,none,0,False,True,,0,
BIOMD0000001091,R_R00671,M_orn__L_c => M_nh4_c + M_pro__L_c,R00671,R00671,1,,none,0,False,True,,0,
BIOMD0000001091,R_R00679,M_o2_c + M_trp__L_c => M_co2_c + M_h2o_c + M_iad_c,R00679,R00679,1,,none,0,False,True,,0,
BIOMD0000001091,R_R00697,M_phe__L_c <=> M_cinnm_c + M_nh4_c,R00697,R00697,1,,none,0,False,True,,0,
BIOMD0000001091,R_R00726,M_itp_c + M_oaa_c <=> M_co2_c + M_idp_c + M_pep_c,R00726,R00726,1,,none,0,False,True,,0,
BIOMD0000001091,R_R00740,M_coa_c + M_msa_c + M_nadp_c <=> M_h_c + M_malcoa_c + M_nadph_c,R00740,R00740,1,,none,0,False,True,,0,
BIOMD0000001091,R_R00749,M_etha_c => M_acald_c + M_nh4_c,R00749,R00749,1,,none,0,False,True,,0,
BIOMD0000001091,R_R00753,M_lac__L_c <=> M_acald_c + M_for_c,R00753,R00753,1,,none,0,False,True,,0,
BIOMD0000001091,R_R00765,M_gam6p_c + M_h2o_c => M_f6p_c + M_nh4_c,R00765,R00765,1,,none,0,False,True,,0,
BIOMD0000001091,R_R00782,M_cys__L_c + M_h2o_c => M_h2s_c + M_h_c + M_nh4_c + M_pyr_c,R00782,R00782,1,,none,0,False,True,,0,
BIOMD0000001091,R_R00849,M_cpd00364_c0 + M_glyc3p_c <=> M_dhap_c + M_hqn_c,R00849,R00849,1,,none,0,False,True,,0,
BIOMD0000001091,R_R00866,M_atp_c + M_fru_c <=> M_adp_c + M_f1p_c + M_h_c,R00866,R00866,1,,none,0,False,True,,0,
BIOMD0000001091,R_R00891,M_h2s_c + M_h_c + M_ser__L_c <=> M_cys__L_c + M_h2o_c,R00891,R00891,1,,none,0,False,True,,0,
BIOMD0000001091,R_R00906,M_cpd01489_c0 + M_h2o_c + M_nad_c <=> M_ala_B_c + M_h_c + M_nadh_c + M_pyr_c,R00906,R00906,1,,none,0,False,True,,0,
BIOMD0000001091,R_R00909,M_cpd00788_c0 + M_h2o_c <=> M_ac_c + M_ala_B_c,R00909,R00909,1,,none,0,False,True,,0,
BIOMD0000001091,R_R00926,M_coa_c + M_cpd03560_c0 => M_amp_c + M_h_c + M_ppcoa_c,R00926,R00926,1,,none,0,False,True,,0,
BIOMD0000001091,R_R00930,M_mmcoa__S_c + M_pyr_c <=> M_oaa_c + M_ppcoa_c,R00930,R00930,1,,none,0,False,True,,0,
BIOMD0000001091,R_R00967,M_uri_c + M_utp_c <=> M_h_c + M_udp_c + M_ump_c,R00967,R00967,1,,none,0,False,True,,0,
BIOMD0000001091,R_R00969,M_cpd03706_c0 + M_h2o_c => M_h_c + M_ump_c + M_utp_c,R00969,R00969,1,,none,0,False,True,,0,
BIOMD0000001091,R_R00977,M_56dura_c + M_nad_c <=> M_h_c + M_nadh_c + M_ura_c,R00977,R00977,1,,none,0,False,True,,0,
BIOMD0000001091,R_R00994,M_2obut_c + M_co2_c + M_nadh_c <=> M_nad_c + M_r3mmal_c,R00994,R00994,1,,none,0,False,True,,0,
BIOMD0000001091,R_R01049,M_atp_c + M_r5p_c <=> M_amp_c + M_h_c + M_prpp_c,R01049,R01049,1,,none,0,False,True,,0,
BIOMD0000001091,R_R01050,M_atp_c + M_h_c + M_r5p_c <=> M_adp_c + M_r15bp_c,R01050,R01050,1,,none,0,False,True,,0,
BIOMD0000001091,R_R01055,M_r5p_c + M_ura_c => M_h2o_c + M_psd5p_c,R01055,R01055,1,,none,0,False,True,,0,
BIOMD0000001091,R_R01056,M_r5p_c <=> M_ru5p__D_c,R01056,R01056,1,,none,0,False,True,,0,
BIOMD0000001091,R_R01057,M_r1p_c <=> M_r5p_c,R01057,R01057,1,,none,0,False,True,,0,
BIOMD0000001091,R_R01059,M_atp_c + M_glyald_c <=> M_adp_c + M_g3p_c + M_h_c,R01059,R01059,1,,none,0,False,True,,0,
BIOMD0000001091,R_R01081,M_rib__D_c <=> M_rbl__D_c,R01081,R01081,1,,none,0,False,True,,0,
BIOMD0000001091,R_R01086,M_argsuc_c <=> M_arg__L_c + M_fum_c,R01086,R01086,1,,none,0,False,True,,0,
BIOMD0000001091,R_R01091,M_leu__L_c <=> M_cpd01634_c0,R01091,R01091,1,,none,0,False,True,,0,
BIOMD0000001091,R_R01117,M_acnam_c + M_ctp_c => M_cmpacna_c + M_h_c + M_ppi_c,R01117,R01117,1,,none,0,False,True,,0,
BIOMD0000001091,R_R01163,M_cpd01324_c0 + M_h2o_c + M_nad_c => 2 M_h_c + M_his__L_c + M_nadh_c,R01163,R01163,1,,none,0,False,True,,0,
BIOMD0000001091,R_R01209,M_23dhmb_c => M_3mob_c + M_h2o_c,R01209,R01209,1,,none,0,False,True,,0,
BIOMD0000001091,R_R01216,M_2dhp_c <=> M_3mob_c + M_fald_c,R01216,R01216,1,,none,0,False,True,,0,
BIOMD0000001091,R_R01238,M_4hbz_c + M_h_c <=> M_co2_c + M_phenol_c,R01238,R01238,1,,none,0,False,True,,0,
BIOMD0000001091,R_R01257,M_fad_c + M_h_c + M_mal__L_c <=> M_fadh2_c + M_oaa_c,R01257,R01257,1,,none,0,False,True,,0,
BIOMD0000001091,R_R01258,M_cpd11623_c0 + M_h2o_c + M_nad_c <=> M_cpd11625_c0 + M_nadh_c + M_nh4_c,R01258,R01258,1,,none,0,False,True,,0,
BIOMD0000001091,R_R01354,M_atp_c + M_ppa_c <=> M_cpd03560_c0 + M_ppi_c,R01354,R01354,1,,none,0,False,True,,0,
BIOMD0000001091,R_R01398,M_cbp_c + M_orn__L_c => M_citr__L_c + M_h_c + M_pi_c,R01398,R01398,1,,none,0,False,True,,0,
BIOMD0000001091,R_R01414,M_56dthm_c + M_nad_c <=> M_h_c + M_nadh_c + M_thym_c,R01414,R01414,1,,none,0,False,True,,0,
BIOMD0000001091,R_R01434,M_h2o_c + M_nad_c + M_val__L_c <=> M_3mob_c + M_h_c + M_nadh_c + M_nh4_c,R01434,R01434,1,,none,0,False,True,,0,
BIOMD0000001091,R_R01440,M_fald_c + M_xu5p__D_c <=> M_dha_c + M_g3p_c,R01440,R01440,1,,none,0,False,True,,0,
BIOMD0000001091,R_R01548,M_cytd_c + M_datp_c <=> M_cmp_c + M_dadp_c + M_h_c,R01548,R01548,1,,none,0,False,True,,0,
BIOMD0000001091,R_R01549,M_datp_c + M_uri_c <=> M_dadp_c + M_h_c + M_ump_c,R01549,R01549,1,,none,0,False,True,,0,
BIOMD0000001091,R_R01566,M_creat_c + M_h2o_c <=> M_sarcs_c + M_urea_c,R01566,R01566,1,,none,0,False,True,,0,
BIOMD0000001091,R_R01583,M_glu__D_c <=> M_cpd01512_c0 + M_h2o_c,R01583,R01583,1,,none,0,False,True,,0,
BIOMD0000001091,R_R01625,M_apoACP_c + M_coa_c <=> M_ACP_c + M_pap_c,R01625,R01625,1,,none,0,False,True,,0,
BIOMD0000001091,R_R01654,M_10fthf_c + M_atp_c + M_glu__L_c => M_10fthfglu__L_c + M_adp_c + M_h_c + M_pi_c,R01654,R01654,1,,none,0,False,True,,0,
BIOMD0000001091,R_R01660,M_13dpg_c + M_g1p_c + M_h_c <=> M_3pg_c + M_cpd00907_c0,R01660,R01660,1,,none,0,False,True,,0,
BIOMD0000001091,R_R01686,M_arg__L_c + M_taur_c <=> M_cpd01345_c0 + M_orn__L_c,R01686,R01686,1,,none,0,False,True,,0,
BIOMD0000001091,R_R01709,M_h2o_c + M_o2_c + M_pydx_c <=> M_4pyrdx_c + M_h2o2_c + M_h_c,R01709,R01709,1,,none,0,False,True,,0,
BIOMD0000001091,R_R01731,M_Largn_c + M_oaa_c <=> M_asp__L_c + M_pphn_c,R01731,R01731,1,,none,0,False,True,,0,
BIOMD0000001091,R_R01738,M_glcn__D_c + M_nad_c <=> M_5dglcn_c + M_h_c + M_nadh_c,R01738,R01738,1,,none,0,False,True,,0,
BIOMD0000001091,R_R01747,M_glyc__R_c + M_nadp_c <=> M_2h3oppan_c + M_h_c + M_nadph_c,R01747,R01747,1,,none,0,False,True,,0,
BIOMD0000001091,R_R01845,M_h2o_c + M_s17bp_c => M_pi_c + M_s7p_c,R01845,R01845,1,,none,0,False,True,,0,
BIOMD0000001091,R_R01875,2 M_gthrd_c + M_tsul_c <=> M_gthox_c + M_h2s_c + M_h_c + M_so3_c,R01875,R01875,1,,none,0,False,True,,0,
BIOMD0000001091,R_R01880,M_dgtp_c + M_uri_c <=> M_dgdp_c + M_h_c + M_ump_c,R01880,R01880,1,,none,0,False,True,,0,
BIOMD0000001091,R_R01919,M_ptrc_c + M_spmd_c <=> M_13dampp_c + M_hspmd_c,R01919,R01919,1,,none,0,False,True,,0,
BIOMD0000001091,R_R01937,M_2oxoadp_c + M_nad_c + M_nh4_c <=> M_amuco_c + M_h2o_c + 2 M_h_c + M_nadh_c,R01937,R01937,1,,none,0,False,True,,0,
BIOMD0000001091,R_R01954,M_asp__L_c + M_atp_c + M_citr__L_c <=> M_amp_c + M_argsuc_c + 2 M_h_c + M_ppi_c,R01954,R01954,1,,none,0,False,True,,0,
BIOMD0000001091,R_R01976,M_3hbcoa_c + M_nadp_c <=> M_aacoa_c + M_h_c + M_nadph_c,R01976,R01976,1,,none,0,False,True,,0,
BIOMD0000001091,R_R01980,M_atp_c + M_galur_c <=> M_adp_c + M_cpd02497_c0 + M_h_c,R01980,R01980,1,,none,0,False,True,,0,
BIOMD0000001091,R_R01986,M_4abutn_c + M_h2o_c + M_nadp_c => M_4abut_c + 2 M_h_c + M_nadph_c,R01986,R01986,1,,none,0,False,True,,0,
BIOMD0000001091,R_R01989,M_4abut_c + M_arg__L_c <=> M_4gudbutn_c + M_orn__L_c,R01989,R01989,1,,none,0,False,True,,0,
BIOMD0000001091,R_R02026,M_achms_c + M_trdrd_c + M_tsul_c => M_ac_c + M_h_c + M_hcys__L_c + M_so3_c + M_trdox_c,R02026,R02026,1,,none,0,False,True,,0,
BIOMD0000001091,R_R02091,M_cytd_c + M_dgtp_c <=> M_cmp_c + M_dgdp_c + M_h_c,R02091,R02091,1,,none,0,False,True,,0,
BIOMD0000001091,R_R02096,M_cytd_c + M_dttp_c <=> M_cmp_c + M_dtdp_c + M_h_c,R02096,R02096,1,,none,0,False,True,,0,
BIOMD0000001091,R_R02097,M_dttp_c + M_uri_c <=> M_dtdp_c + M_h_c + M_ump_c,R02097,R02097,1,,none,0,False,True,,0,
BIOMD0000001091,R_R02114,M_cpd00301_c0 + M_pc_SC_c <=> M_cpd02601_c0 + M_cpd11979_c0,R02114,R02114,1,,none,0,False,True,,0,
BIOMD0000001091,R_R02123,M_h2o_c + M_nad_c + M_retinal_c <=> 2 M_h_c + M_nadh_c + M_retn_c,R02123,R02123,1,,none,0,False,True,,0,
BIOMD0000001091,R_R02124,M_nad_c + M_retinol_c <=> M_h_c + M_nadh_c + M_retinal_c,R02124,R02124,1,,none,0,False,True,,0,
BIOMD0000001091,R_R02145,M_gsn_c + M_h2o_c + M_h_c <=> M_nh4_c + M_xtsn_c,R02145,R02145,1,,none,0,False,True,,0,
BIOMD0000001091,R_R02196,M_h2o_c + M_ile__L_c + M_nad_c <=> M_3mop_c + M_h_c + M_nadh_c + M_nh4_c,R02196,R02196,1,,none,0,False,True,,0,
BIOMD0000001091,R_R02233,M_cpd00445_c0 + M_h2o_c + M_o2_c <=> M_cpd00329_c0 + M_h2o2_c + M_nh4_c,R02233,R02233,1,,none,0,False,True,,0,
BIOMD0000001091,R_R02238,M_atp_c + M_dhf_c + M_for_c <=> M_adp_c + M_cpd02046_c0 + M_pi_c,R02238,R02238,1,,none,0,False,True,,0,
BIOMD0000001091,R_R02280,M_cpd02626_c0 + M_h2o_c + M_h_c <=> M_25dop_c + M_nh4_c,R02280,R02280,1,,none,0,False,True,,0,
BIOMD0000001091,R_R02282,M_acorn_c + M_glu__L_c <=> M_acglu_c + M_orn__L_c,R02282,R02282,1,,none,0,False,True,,0,
BIOMD0000001091,R_R02287,M_5forthf_c + M_glu__L_c <=> M_forglu_c + M_thf_c,R02287,R02287,1,,none,0,False,True,,0,
BIOMD0000001091,R_R02295,M_nicrns_c + M_pi_c <=> M_h_c + M_nac_c + M_r1p_c,R02295,R02295,1,,none,0,False,True,,0,
BIOMD0000001091,R_R02313,M_h2o_c + M_nad_c + M_saccrp__L_c <=> M_L2aadp6sa_c + M_glu__L_c + M_h_c + M_nadh_c,R02313,R02313,1,,none,0,False,True,,0,
BIOMD0000001091,R_R02319,M_cpd00173_c0 + M_h2o_c <=> M_cpd00354_c0 + M_h_c + M_pi_c,R02319,R02319,1,,none,0,False,True,,0,
BIOMD0000001091,R_R02327,M_dctp_c + M_uri_c <=> M_dcdp_c + M_h_c + M_ump_c,R02327,R02327,1,,none,0,False,True,,0,
BIOMD0000001091,R_R02332,M_dutp_c + M_uri_c <=> M_dudp_c + M_h_c + M_ump_c,R02332,R02332,1,,none,0,False,True,,0,
BIOMD0000001091,R_R02366,M_acoa_c + M_retinol_c <=> M_coa_c + M_cpd12018_c0 + M_h_c,R02366,R02366,1,,none,0,False,True,,0,
BIOMD0000001091,R_R02367,M_pmtcoa_c + M_retinol_c <=> M_coa_c + M_cpd01691_c0,R02367,R02367,1,,none,0,False,True,,0,
BIOMD0000001091,R_R02371,M_cytd_c + M_dctp_c <=> M_cmp_c + M_dcdp_c + M_h_c,R02371,R02371,1,,none,0,False,True,,0,
BIOMD0000001091,R_R02372,M_cytd_c + M_dutp_c <=> M_cmp_c + M_dudp_c + M_h_c,R02372,R02372,1,,none,0,False,True,,0,
BIOMD0000001091,R_R02384,M_amet_c + M_tym_c <=> M_ahcys_c + M_cpd01610_c0 + M_h_c,R02384,R02384,1,,none,0,False,True,,0,
BIOMD0000001091,R_R02423,M_alltt_c + M_h2o_c + 2 M_h_c => M_co2_c + M_nh4_c + M_udg_c,R02423,R02423,1,,none,0,False,True,,0,
BIOMD0000001091,R_R02430,M_atp_c + M_cpd00392_c0 <=> M_adp_c + M_cpd02203_c0,R02430,R02430,1,,none,0,False,True,,0,
BIOMD0000001091,R_R02561,M_4abz_c + 2 M_h_c + M_nadh_c + M_o2_c <=> M_co2_c + M_cpd01584_c0 + M_h2o_c + M_nad_c,R02561,R02561,1,,none,0,False,True,,0,
BIOMD0000001091,R_R02562,M_4abz_c + 2 M_h_c + M_nadph_c + M_o2_c <=> M_co2_c + M_cpd01584_c0 + M_h2o_c + M_nadp_c,R02562,R02562,1,,none,0,False,True,,0,
BIOMD0000001091,R_R02584,M_atp_c + M_cpd11704_c0 <=> M_adp_c + M_cpd11820_c0,R02584,R02584,1,,none,0,False,True,,0,
BIOMD0000001091,R_R02615,M_cpd01413_c0 <=> M_pacald_c,R02615,R02615,1,,none,0,False,True,,0,
BIOMD0000001091,R_R02616,M_accoa_c + M_cpd11706_c0 <=> M_coa_c + M_cpd12383_c0,R02616,R02616,1,,none,0,False,True,,0,
BIOMD0000001091,R_R02625,M_atp_c + M_cpd11712_c0 <=> M_adp_c + M_cpd12508_c0 + M_h_c,R02625,R02625,1,,none,0,False,True,,0,
BIOMD0000001091,R_R02646,M_cpd12729_c0 + M_pi_c <=> M_r1p_c + M_urate_c,R02646,R02646,1,,none,0,False,True,,0,
BIOMD0000001091,R_R02657,M_cpd00479_c0 + M_h2o2_c + M_h_c <=> M_cpd03315_c0 + M_h2o_c + M_o2_c,R02657,R02657,1,,none,0,False,True,,0,
BIOMD0000001091,R_R02662,M_dhlam_c + M_ibcoa_c <=> M_2mpdhl_c + M_coa_c,R02662,R02662,1,,none,0,False,True,,0,
BIOMD0000001091,R_R02670,2 M_3hanthrn_c + 4 M_o2_c <=> M_cpd03351_c0 + 2 M_h2o2_c + 2 M_h_c + 2 M_o2s_c,R02670,R02670,1,,none,0,False,True,,0,
BIOMD0000001091,R_R02672,M_cpd02259_c0 + M_h_c <=> M_4hbald_c + M_co2_c,R02672,R02672,1,,none,0,False,True,,0,
BIOMD0000001091,R_R02698,M_4hphac_c + M_h_c + M_nadh_c + M_o2_c => M_34dhpha_c + M_h2o_c + M_nad_c,R02698,R02698,1,,none,0,False,True,,0,
BIOMD0000001091,R_R02743,M_glucys_c => M_5oxpro_c + M_cys__L_c,R02743,R02743,1,,none,0,False,True,,0,
BIOMD0000001091,R_R02755,M_26dap__M_c + M_h2o_c + M_nadp_c <=> M_cpd02414_c0 + M_h_c + M_nadph_c + M_nh4_c,R02755,R02755,1,,none,0,False,True,,0,
BIOMD0000001091,R_R02764,M_h2o_c + M_mmcoa__S_c <=> M_coa_c + M_h_c + M_mm_c,R02764,R02764,1,,none,0,False,True,,0,
BIOMD0000001091,R_R02770,M_cpd11727_c0 <=> M_cpd12473_c0,R02770,R02770,1,,none,0,False,True,,0,
BIOMD0000001091,R_R02773,M_akg_c + M_cpd02616_c0 <=> M_dtdp4d6dg_c + M_glu__L_c,R02773,R02773,1,,none,0,False,True,,0,
BIOMD0000001091,R_R02797,M_h2o_c + M_tchola_c <=> M_cholate_c + M_taur_c,R02797,R02797,1,,none,0,False,True,,0,
BIOMD0000001091,R_R02922,M_crtn_c + M_h2o_c + M_h_c <=> M_cpd01679_c0 + M_nh4_c,R02922,R02922,1,,none,0,False,True,,0,
BIOMD0000001091,R_R02941,M_cpd03709_c0 + M_h2o_c + M_nad_c <=> 2 M_h_c + M_nadh_c + M_salc_c,R02941,R02941,1,,none,0,False,True,,0,
BIOMD0000001091,R_R02949,M_actn__R_c <=> M_cpd01221_c0,R02949,R02949,1,,none,0,False,True,,0,
BIOMD0000001091,R_R03012,M_histd_c + M_nad_c <=> M_cpd01324_c0 + M_h_c + M_nadh_c,R03012,R03012,1,,none,0,False,True,,0,
BIOMD0000001091,R_R03024,M_cpd02135_c0 + M_h2o_c => M_4nph_c + M_pi_c,R03024,R03024,1,,none,0,False,True,,0,
BIOMD0000001091,R_R03037,M_h2o_c + M_ichor_c => M_23ddhb_c + M_pyr_c,R03037,R03037,1,,none,0,False,True,,0,
BIOMD0000001091,R_R03045,M_3hpcoa_c <=> M_h2o_c + M_pp2coa_c,R03045,R03045,1,,none,0,False,True,,0,
BIOMD0000001091,R_R03046,M_cpd01560_c0 <=> M_nh4_c + M_pp2coa_c,R03046,R03046,1,,none,0,False,True,,0,
BIOMD0000001091,R_R03050,M_alac__S_c + M_thmpp_c <=> M_2ahethmpp_c + M_pyr_c,R03050,R03050,1,,none,0,False,True,,0,
BIOMD0000001091,R_R03051,M_alac__S_c + M_h_c + M_nadph_c <=> M_23dhmb_c + M_nadp_c,R03051,R03051,1,,none,0,False,True,,0,
BIOMD0000001091,R_R03052,M_alac__S_c <=> M_3hmoa_c,R03052,R03052,1,,none,0,False,True,,0,
BIOMD0000001091,R_R03104,M_mercplac_c + M_nad_c <=> M_h_c + M_mercppyr_c + M_nadh_c,R03104,R03104,1,,none,0,False,True,,0,
BIOMD0000001091,R_R03105,M_mercppyr_c + M_so3_c <=> M_pyr_c + M_tsul_c,R03105,R03105,1,,none,0,False,True,,0,
BIOMD0000001091,R_R03142,M_adp_c + M_cpd11794_c0 <=> M_cpd11888_c0 + M_h_c + M_pi_c,R03142,R03142,1,,none,0,False,True,,0,
BIOMD0000001091,R_R03161,M_atp_c + M_fuc__L_c <=> M_adp_c + M_fuc1p__L_c + M_h_c,R03161,R03161,1,,none,0,False,True,,0,
BIOMD0000001091,R_R03174,M_2mbcoa_c + M_dhlam_c <=> M_coa_c + M_cpd14703_c0,R03174,R03174,1,,none,0,False,True,,0,
BIOMD0000001091,R_R03189,M_5fthf_c + M_glu__L_c <=> M_Nforglu_c + M_h_c + M_thf_c,R03189,R03189,1,,none,0,False,True,,0,
BIOMD0000001091,R_R03236,M_atp_c + M_tag6p__D_c <=> M_adp_c + M_h_c + M_tagdp__D_c,R03236,R03236,1,,none,0,False,True,,0,
BIOMD0000001091,R_R03266,M_4hglu_c + M_akg_c <=> M_4h2oglt_c + M_glu__L_c,R03266,R03266,1,,none,0,False,True,,0,
BIOMD0000001091,R_R03270,M_2ahethmpp_c + M_lpam_c <=> M_adhlam_c + M_thmpp_c,R03270,R03270,1,,none,0,False,True,,0,
BIOMD0000001091,R_R03288,M_ans_c + M_h2o_c <=> M_NPmehis_c + M_ala_B_c,R03288,R03288,1,,none,0,False,True,,0,
BIOMD0000001091,R_R03295,M_4hpro_LT_c + M_fad_c <=> M_1p3h5c_c + M_fadh2_c,R03295,R03295,1,,none,0,False,True,,0,
BIOMD0000001091,R_R03299,M_3hoxpac_c + M_h_c + M_nadh_c + M_o2_c => M_34dhpha_c + M_h2o_c + M_nad_c,R03299,R03299,1,,none,0,False,True,,0,
BIOMD0000001091,R_R03316,M_cpd03189_c0 + M_lpam_c <=> M_sdhlam_c + M_thmpp_c,R03316,R03316,1,,none,0,False,True,,0,
BIOMD0000001091,R_R03334,M_cpd02603_c0 <=> M_cpd02601_c0,R03334,R03334,1,,none,0,False,True,,0,
BIOMD0000001091,R_R03346,M_h2o_c + M_nicrnt_c => M_nicrns_c + M_pi_c,R03346,R03346,1,,none,0,False,True,,0,
BIOMD0000001091,R_R03375,M_cpd00888_c0 + M_ctp_c <=> M_cpd02200_c0 + M_ppi_c,R03375,R03375,1,,none,0,False,True,,0,
BIOMD0000001091,R_R03392,M_cpd02638_c0 + M_h2o_c + M_nadp_c <=> M_cdp4dh6doglc_c + M_h_c + M_nadph_c,R03392,R03392,1,,none,0,False,True,,0,
BIOMD0000001091,R_R03410,M_amet_c + M_cpd11827_c0 <=> M_ahcys_c + M_cpd12496_c0 + M_h_c,R03410,R03410,1,,none,0,False,True,,0,
BIOMD0000001091,R_R03491,M_acnam_c + M_cpd00947_c0 <=> M_cpd12599_c0 + M_h2o_c,R03491;R05999,R03491,2,,none,0,False,True,,0,
BIOMD0000001091,R_R03508,M_2cpr5p_c + M_h_c => M_3ig3p_c + M_co2_c + M_h2o_c,R03508,R03508,1,,none,0,False,True,,0,
BIOMD0000001091,R_R03544,M_btal_c + M_h_c + M_nadh_c <=> M_1btol_c + M_nad_c,R03544,R03544,1,,none,0,False,True,,0,
BIOMD0000001091,R_R03607,M_atp_c + M_cpd01085_c0 <=> M_adp_c + M_cpd01684_c0 + M_h_c,R03607,R03607,1,,none,0,False,True,,0,
BIOMD0000001091,R_R03790,M_cpd01357_c0 + M_nad_c <=> M_cpd01447_c0 + M_h_c + M_nadh_c,R03790,R03790,1,,none,0,False,True,,0,
BIOMD0000001091,R_R03819,M_atp_c + M_cpd01407_c0 <=> M_adp_c + M_cpd03722_c0,R03819,R03819,1,,none,0,False,True,,0,
BIOMD0000001091,R_R03868,M_cpd01466_c0 <=> M_cpd01653_c0,R03868,R03868,1,,none,0,False,True,,0,
BIOMD0000001091,R_R03871,M_h2o2_c + M_h_c + M_mm_c <=> M_2mop_c + M_h2o_c + M_o2_c,R03871,R03871,1,,none,0,False,True,,0,
BIOMD0000001091,R_R03881,M_ugam_c <=> M_cpd01623_c0,R03881,R03881,1,,none,0,False,True,,0,
BIOMD0000001091,R_R03901,M_cpd12379_c0 <=> M_2amac_c + M_cpd12050_c0,R03901,R03901,1,,none,0,False,True,,0,
BIOMD0000001091,R_R03956,M_cpd12113_c0 + M_gthrd_c <=> M_cpd12176_c0 + M_gly_c,R03956,R03956,1,,none,0,False,True,,0,
BIOMD0000001091,R_R03969,M_cpd02306_c0 + M_h2o_c <=> M_cpd01650_c0 + M_h_c + M_pi_c,R03969,R03969,1,,none,0,False,True,,0,
BIOMD0000001091,R_R03970,M_cpd01651_c0 + M_glu__L_c <=> M_cpd03407_c0 + M_h2o_c,R03970,R03970,1,,none,0,False,True,,0,
BIOMD0000001091,R_R03975,M_cpd03247_c0 + M_h2o_c <=> M_cpd01663_c0 + M_gly_c,R03975,R03975,1,,none,0,False,True,,0,
BIOMD0000001091,R_R03977,M_h2o_c + M_tdchola_c <=> M_cpd01663_c0 + M_taur_c,R03977,R03977,1,,none,0,False,True,,0,
BIOMD0000001091,R_R04002,M_atp_c + M_h_c + M_ibt_c <=> M_adp_c + M_cpd02353_c0,R04002,R04002,1,,none,0,False,True,,0,
BIOMD0000001091,R_R04011,M_cpd12155_c0 + M_gln__L_c <=> M_cpd16483_c0 + M_nh4_c,R04011,R04011,1,,none,0,False,True,,0,
BIOMD0000001091,R_R04013,M_amet_c + M_cpd02787_c0 <=> M_ahcys_c + M_cpd01736_c0 + M_h_c,R04013,R04013,1,,none,0,False,True,,0,
BIOMD0000001091,R_R04031,M_h2o_c + M_sucbz_c <=> M_2shchc_c,R04031,R04031,1,,none,0,False,True,,0,
BIOMD0000001091,R_R04038,M_amp_c + M_dmpp_c <=> M_cpd02870_c0 + M_ppi_c,R04038,R04038,1,,none,0,False,True,,0,
BIOMD0000001091,R_R04074,M_cpd11953_c0 + M_nad_c <=> M_cpd12522_c0 + M_h_c + M_ncam_c,R04074,R04074,1,,none,0,False,True,,0,
BIOMD0000001091,R_R04085,M_1mncam_c + M_h2o_c + M_o2_c <=> M_cpd03473_c0 + M_h2o2_c + M_h_c,R04085,R04085,1,,none,0,False,True,,0,
BIOMD0000001091,R_R04091,M_acser_c + M_cpd01877_c0 <=> M_ac_c + M_cpd02715_c0 + 2 M_h_c,R04091,R04091,1,,none,0,False,True,,0,
BIOMD0000001091,R_R04097,M_dhlam_c + M_ivcoa_c <=> M_coa_c + M_cpd14699_c0,R04097,R04097,1,,none,0,False,True,,0,
BIOMD0000001091,R_R04125,M_alpro_c + M_thf_c => M_dhlpro_c + M_mlthf_c + M_nh4_c,R04125,R04125,1,,none,0,False,True,,0,
BIOMD0000001091,R_R04143,M_5mtr_c + M_atp_c <=> M_5mdr1p_c + M_adp_c + M_h_c,R04143,R04143,1,,none,0,False,True,,0,
BIOMD0000001091,R_R04177,M_cpd02469_c0 <=> M_cpd02080_c0 + M_h2o_c,R04177,R04177,1,,none,0,False,True,,0,
BIOMD0000001091,R_R04198,M_nad_c + M_thdp_c <=> M_23dhdp_c + M_h_c + M_nadh_c,R04198,R04198,1,,none,0,False,True,,0,
BIOMD0000001091,R_R04206,M_cpd02132_c0 <=> M_cpd02645_c0 + M_h2o_c,R04206,R04206,1,,none,0,False,True,,0,
BIOMD0000001091,R_R04247,M_2ameph_c + M_ctp_c <=> M_cmp2amep_c + M_h_c + M_ppi_c,R04247,R04247,1,,none,0,False,True,,0,
BIOMD0000001091,R_R04248,M_2ameph_c + M_h2o2_c <=> M_etha_c + M_h_c + M_pi_c,R04248,R04248,1,,none,0,False,True,,0,
BIOMD0000001091,R_R04266,M_cpd02264_c0 <=> M_cpd02265_c0,R04266,R04266,1,,none,0,False,True,,0,
BIOMD0000001091,R_R04273,M_cpd12390_c0 <=> M_cpd12358_c0,R04273,R04273,1,,none,0,False,True,,0,
BIOMD0000001091,R_R04318,M_cpd16471_c0 + M_h_c <=> M_h2o_c + M_peng_c,R04318,R04318,1,,none,0,False,True,,0,
BIOMD0000001091,R_R04326,M_fgam_c + 2 M_h_c + M_thf_c <=> M_gar_c + M_h2o_c + M_methf_c,R04326,R04326,1,,none,0,False,True,,0,
BIOMD0000001091,R_R04336,M_cpd02414_c0 => M_h2o_c + M_h_c + M_thdp_c,R04336,R04336,1,,none,0,False,True,,0,
BIOMD0000001091,R_R04339,M_cpd02427_c0 + M_nad_c <=> M_cpd02714_c0 + M_h_c + M_nadh_c,R04339,R04339,1,,none,0,False,True,,0,
BIOMD0000001091,R_R04340,M_cpd02427_c0 + M_nadp_c <=> M_cpd02714_c0 + M_h_c + M_nadph_c,R04340,R04340,1,,none,0,False,True,,0,
BIOMD0000001091,R_R04341,M_cpd12425_c0 + M_h2o_c <=> M_cpd12424_c0 + M_nh4_c,R04341,R04341,1,,none,0,False,True,,0,
BIOMD0000001091,R_R04386,M_accoa_c + M_cbtnCCP_c => M_btnCCP_c + M_malcoa_c,R04386,R04386,1,,none,0,False,True,,0,
BIOMD0000001091,R_R04391,M_atp_c + M_ptcys_c <=> M_4ppcys_c + M_adp_c + M_h_c,R04391,R04391,1,,none,0,False,True,,0,
BIOMD0000001091,R_R04420,M_5mdr1p_c <=> M_5mdru1p_c,R04420,R04420,1,,none,0,False,True,,0,
BIOMD0000001091,R_R04440,M_23dhmb_c + M_nadp_c <=> M_3hmoa_c + M_h_c + M_nadph_c,R04440,R04440,1,,none,0,False,True,,0,
BIOMD0000001091,R_R04486,M_cpd03245_c0 + M_h2o_c <=> M_cpd02733_c0 + M_gly_c,R04486,R04486,1,,none,0,False,True,,0,
BIOMD0000001091,R_R04487,M_cpd03244_c0 + M_h2o_c <=> M_cpd02733_c0 + M_taur_c,R04487,R04487,1,,none,0,False,True,,0,
BIOMD0000001091,R_R04488,M_cpd02734_c0 + M_h2o_c <=> M_cpd03596_c0 + M_for_c + M_h_c,R04488,R04488,1,,none,0,False,True,,0,
BIOMD0000001091,R_R04526,M_cpd01140_c0 + M_cpd02807_c0 <=> M_cpd02952_c0 + M_udp_c,R04526,R04526,1,,none,0,False,True,,0,
BIOMD0000001091,R_R04564,M_cmpacna_c + M_cpd12592_c0 <=> M_cmp_c + M_cpd02972_c0 + M_h_c,R04564,R04564,1,,none,0,False,True,,0,
BIOMD0000001091,R_R04582,M_atp_c + M_btn_c + M_cpd12608_c0 <=> M_amp_c + M_cpd12597_c0 + M_h_c + M_ppi_c,R04582,R04582,1,,none,0,False,True,,0,
BIOMD0000001091,R_R04639,M_ahdt_c + M_h2o_c <=> M_cpd03666_c0,R04639,R04639,1,,none,0,False,True,,0,
BIOMD0000001091,R_R04650,M_acnam_c + M_cpd12640_c0 <=> M_cpd02999_c0 + M_h2o_c,R04650;R06253,R04650,2,,none,0,False,True,,0,
BIOMD0000001091,R_R04673,M_2ahethmpp_c + M_2obut_c <=> M_2ahbut_c + M_thmpp_c,R04673,R04673,1,,none,0,False,True,,0,
BIOMD0000001091,R_R04695,M_cpd03680_c0 + M_nadph_c <=> M_cpd03083_c0 + M_nadp_c,R04695,R04695,1,,none,0,False,True,,0,
BIOMD0000001091,R_R04719,M_amet_c + M_cpd12677_c0 <=> M_ahcys_c + M_cpd12700_c0 + M_h_c,R04719,R04719,1,,none,0,False,True,,0,
BIOMD0000001091,R_R04805,M_nad_c + M_xol7ah3_c <=> M_h_c + M_nadh_c + M_xol7ah2al_c,R04805,R04805,1,,none,0,False,True,,0,
BIOMD0000001091,R_R04810,M_nad_c + M_thcholoylcoa_c <=> M_cpd03232_c0 + M_h_c + M_nadh_c,R04810,R04810,1,,none,0,False,True,,0,
BIOMD0000001091,R_R04812,M_cpd03233_c0 + M_nad_c <=> M_cholcoaone_c + M_h_c + M_nadh_c,R04812,R04812,1,,none,0,False,True,,0,
BIOMD0000001091,R_R04858,M_amet_c + M_dnac_c => M_ahcys_c + M_dna5mtc_c + M_h_c,R04858,R04858,1,,none,0,False,True,,0,
BIOMD0000001091,R_R04880,M_34dhoxpeg_c + M_nad_c <=> M_34dhmald_c + M_h_c + M_nadh_c,R04880,R04880,1,,none,0,False,True,,0,
BIOMD0000001091,R_R04904,M_5hoxindact_c + M_h2o_c + M_o2_c <=> M_5hoxindoa_c + M_h2o2_c + M_h_c,R04904,R04904,1,,none,0,False,True,,0,
BIOMD0000001091,R_R04916,M_cpd03365_c0 + M_h2o_c + M_nad_c <=> M_cpd03366_c0 + 2 M_h_c + M_nadh_c,R04916,R04916,1,,none,0,False,True,,0,
BIOMD0000001091,R_R04917,M_cpd03365_c0 + M_h2o_c + M_nadp_c <=> M_cpd03366_c0 + 2 M_h_c + M_nadph_c,R04917,R04917,1,,none,0,False,True,,0,
BIOMD0000001091,R_R04936,M_h2o_c + M_seahcys_c <=> M_adn_c + M_selhcys_c,R04936,R04936,1,,none,0,False,True,,0,
BIOMD0000001091,R_R04942,M_selhcys_c + M_ser__L_c <=> M_h2o_c + M_selcyst_c,R04942,R04942,1,,none,0,False,True,,0,
BIOMD0000001091,R_R04966,M_myrsACP_c + M_nad_c <=> 2 M_h_c + M_nadh_c + M_tmrs2eACP_c,R04966,R04966,1,,none,0,False,True,,0,
BIOMD0000001091,R_R04969,M_nad_c + M_palmACP_c <=> M_h_c + M_nadh_c + M_tpalm2eACP_c,R04969,R04969,1,,none,0,False,True,,0,
BIOMD0000001091,R_R05030,M_atp_c + M_nh4_c + M_uaaGgla_c => M_adp_c + M_h_c + M_pi_c + M_uaaGgtla_c,R05030,R05030,1,,none,0,False,True,,0,
BIOMD0000001091,R_R05032,M_uacgam_c + M_uagmda_c <=> M_uaagmda_c + M_udp_c,R05032,R05032,1,,none,0,False,True,,0,
BIOMD0000001091,R_R05046,M_cpd03518_c0 + M_h2o_c <=> M_cpd03519_c0 + M_for_c + M_h_c,R05046,R05046,1,,none,0,False,True,,0,
BIOMD0000001091,R_R05048,M_cpd03519_c0 <=> M_cpd03666_c0,R05048,R05048,1,,none,0,False,True,,0,
BIOMD0000001091,R_R05068,M_23dhmp_c + M_nadp_c <=> M_cpd10162_c0 + M_h_c + M_nadph_c,R05068,R05068,1,,none,0,False,True,,0,
BIOMD0000001091,R_R05069,M_2ahbut_c <=> M_cpd10162_c0,R05069,R05069,1,,none,0,False,True,,0,
BIOMD0000001091,R_R05076,M_cpd03588_c0 <=> M_h2o_c + M_mescoa_c,R05076,R05076,1,,none,0,False,True,,0,
BIOMD0000001091,R_R05113,M_cmpacna_c + M_cpd03658_c0 <=> M_cmp_c + M_cpd03659_c0 + M_h_c,R05113,R05113,1,,none,0,False,True,,0,
BIOMD0000001091,R_R05115,M_acnam_c + M_cpd03660_c0 <=> M_cpd03659_c0 + M_h2o_c,R05115,R05115,1,,none,0,False,True,,0,
BIOMD0000001091,R_R05133,M_arbt6p_c + M_h2o_c => M_g6p_B_c + M_hqn_c,R05133,R05133,1,,none,0,False,True,,0,
BIOMD0000001091,R_R05134,M_h2o_c + M_salc6p_c => M_2hymeph_c + M_g6p_B_c,R05134,R05134,1,,none,0,False,True,,0,
BIOMD0000001091,R_R05145,M_btamp_c + M_cpd12847_c0 <=> M_amp_c + M_btnCCP_c + M_h_c,R05145,R05145,1,,none,0,False,True,,0,
BIOMD0000001091,R_R05175,M_cpd12044_c0 <=> M_cpd12868_c0,R05175,R05175,1,,none,0,False,True,,0,
BIOMD0000001091,R_R05179,M_amet_c + M_cpd12870_c0 <=> M_ahcys_c + M_cpd12871_c0 + M_h_c,R05179,R05179,1,,none,0,False,True,,0,
BIOMD0000001091,R_R05233,M_cpd04015_c0 + M_nad_c <=> M_cpd04017_c0 + M_h_c + M_nadh_c,R05233,R05233,1,,none,0,False,True,,0,
BIOMD0000001091,R_R05234,M_cpd04016_c0 + M_nad_c <=> M_cpd15064_c0 + M_h_c + M_nadh_c,R05234,R05234,1,,none,0,False,True,,0,
BIOMD0000001091,R_R05307,M_cpd04105_c0 + M_fald_c + M_nad_c <=> M_cpd04106_c0 + M_h_c + M_nadh_c,R05307,R05307,1,,none,0,False,True,,0,
BIOMD0000001091,R_R05339,M_cpd03583_c0 <=> M_f6p_c,R05339,R05339,1,,none,0,False,True,,0,
BIOMD0000001091,R_R05358,M_cpd01368_c0 + 2 M_h2o_c <=> M_acryl_c + M_nh4_c,R05358,R05358,1,,none,0,False,True,,0,
BIOMD0000001091,R_R05363,M_cpd04049_c0 + M_h2o_c <=> M_cpd04050_c0 + M_cpd08208_c0 + M_h_c,R05363,R05363,1,,none,0,False,True,,0,
BIOMD0000001091,R_R05364,M_cpd03989_c0 + M_h2o_c <=> M_h_c + M_ibt_c + M_op4en_c,R05364,R05364,1,,none,0,False,True,,0,
BIOMD0000001091,R_R05365,M_cpd05041_c0 + M_h2o_c <=> M_anth_c + M_h_c + M_op4en_c,R05365,R05365,1,,none,0,False,True,,0,
BIOMD0000001091,R_R05366,M_cpd04393_c0 + M_h2o_c <=> M_h_c + M_op4en_c + M_ppa_c,R05366,R05366,1,,none,0,False,True,,0,
BIOMD0000001091,R_R05465,M_arg__L_c + M_g3p_c <=> M_cpd04058_c0 + M_h_c + M_pi_c,R05465,R05465,1,,none,0,False,True,,0,
BIOMD0000001091,R_R05549,M_h2o_c + M_mnt_c => M_gal_c + M_melib_c,R05549;R06096,R05549,2,,none,0,False,True,,0,
BIOMD0000001091,R_R05554,M_h2o_c + M_udg_c <=> M_nh4_c + M_urdglyc_c,R05554,R05554,1,,none,0,False,True,,0,
BIOMD0000001091,R_R05555,M_frdp_c + M_ipdp_c => M_h_c + M_ppi_c + M_ttc_ggdp_c,R05555,R05555,1,,none,0,False,True,,0,
BIOMD0000001091,R_R05562,M_cpd03963_c0 + M_h2o_c + M_h_c <=> M_co2_c + M_nh4_c + M_urea_c,R05562,R05562,1,,none,0,False,True,,0,
BIOMD0000001091,R_R05563,M_cpd03963_c0 + M_h2o_c <=> M_allphn_c + M_nh4_c,R05563,R05563,1,,none,0,False,True,,0,
BIOMD0000001091,R_R05566,M_uacmam_c + M_unaga_c => M_cpd02967_c0 + M_udp_c,R05566,R05566,1,,none,0,False,True,,0,
BIOMD0000001091,R_R05575,M_hmpscoa_c + M_nad_c <=> M_cpd06712_c0 + M_h_c + M_nadh_c,R05575,R05575,1,,none,0,False,True,,0,
BIOMD0000001091,R_R05576,M_cpd03043_c0 + M_nadp_c <=> M_aacoa_c + 2 M_h_c + M_nadph_c,R05576,R05576,1,,none,0,False,True,,0,
BIOMD0000001091,R_R05590,M_cpd06707_c0 + M_h2o_c => M_bz_c + M_nh4_c,R05590,R05590,1,,none,0,False,True,,0,
BIOMD0000001091,R_R05594,M_6occhcoa_c + 2 M_h2o_c <=> M_3hpimcoa_c + M_h_c,R05594,R05594,1,,none,0,False,True,,0,
BIOMD0000001091,R_R05614,M_2omhmbl_c + M_amet_c => M_ahcys_c + M_h_c + M_q8_c,R05614,R05614,1,,none,0,False,True,,0,
BIOMD0000001091,R_R05643,M_cpd01956_c0 + M_h2o_c + M_nad_c <=> M_cpd01129_c0 + 2 M_h_c + M_nadh_c,R05643,R05643,1,,none,0,False,True,,0,
BIOMD0000001091,R_R05649,M_cpd08279_c0 + M_h2o_c + M_nad_c <=> M_cpd02045_c0 + 2 M_h_c + M_nadh_c,R05649,R05649,1,,none,0,False,True,,0,
BIOMD0000001091,R_R05701,M_conialdh_c + M_h2o_c + M_nadp_c <=> M_fer_c + 2 M_h_c + M_nadph_c,R05701,R05701,1,,none,0,False,True,,0,
BIOMD0000001091,R_R05783,M_cpd04509_c0 + M_h2o_c <=> M_cpd01357_c0 + M_nh4_c,R05783,R05783,1,,none,0,False,True,,0,
BIOMD0000001091,R_R05807,M_cobalt2_c + M_scl_c <=> M_copre2_c + 2 M_h_c,R05807,R05807,1,,none,0,False,True,,0,
BIOMD0000001091,R_R05835,M_gchola_c + M_h2o_c <=> M_cholate_c + M_gly_c,R05835,R05835,1,,none,0,False,True,,0,
BIOMD0000001091,R_R05884,M_h2mb4p_c + M_h_c + M_nadph_c => M_h2o_c + M_ipdp_c + M_nadp_c,R05884,R05884,1,,none,0,False,True,,0,
BIOMD0000001091,R_R05940,M_cmpacna_c + M_cpd12599_c0 <=> M_cmp_c + M_cpd03654_c0 + M_h_c,R04583;R05940,R04583,2,,none,0,False,True,,0,
BIOMD0000001091,R_R05998,M_cpd03660_c0 + M_h2o_c <=> M_acnam_c + M_cpd03661_c0,R05117;R05998,R05117,2,,none,0,False,True,,0,
BIOMD0000001091,R_R06000,M_cmpacna_c + M_cpd02999_c0 <=> M_cmp_c + M_cpd03660_c0 + M_h_c,R04661;R06000,R04661,2,,none,0,False,True,,0,
BIOMD0000001091,R_R06005,M_cmpacna_c + M_cpd12640_c0 <=> M_cmp_c + M_cpd03661_c0 + M_h_c,R04649;R06005,R04649,2,,none,0,False,True,,0,
BIOMD0000001091,R_R06009,M_cmpacna_c + M_cpd02996_c0 <=> M_cmp_c + M_cpd03655_c0 + M_h_c,R04632;R06009,R04632,2,,none,0,False,True,,0,
BIOMD0000001091,R_R06012,M_cpd02996_c0 + M_h2o_c <=> M_acnam_c + M_cpd03656_c0,R04634;R06012,R04634,2,,none,0,False,True,,0,
BIOMD0000001091,R_R06063,M_5hiu_c + M_h2o_c => M_co2_c + M_cpd01567_c0 + M_h_c,R06063,R06063,1,,none,0,False,True,,0,
BIOMD0000001091,R_R06064,M_5hiu_c + M_h2o_c => M_alltn_c + M_co2_c + M_h_c,R06064,R06064,1,,none,0,False,True,,0,
BIOMD0000001091,R_R06092,M_cellb_c + M_h2o_c => 2 M_cpd00190_c0,R00026;R06092,R00026,2,,none,0,False,True,,0,
BIOMD0000001091,R_R06134,M_cpd11636_c0 + M_h2o_c <=> M_cpd00049_c0 + M_nh4_c,R06134,R06134,1,,none,0,False,True,,0,
BIOMD0000001091,R_R06146,M_2ommbl_c + M_h_c + M_nadph_c + M_o2_c => M_2omhmbl_c + M_h2o_c + M_nadp_c,R06146,R06146,1,,none,0,False,True,,0,
BIOMD0000001091,R_R06147,M_acnam_c + M_cpd01743_c0 <=> M_cpd03653_c0 + M_h2o_c,R04018;R06147,R04018,2,,none,0,False,True,,0,
BIOMD0000001091,R_R06364,M_ak2g_hs_c + M_cdpea_c <=> M_cmp_c + M_cpd12554_c0 + 2 M_h_c,R06364,R06364,1,,none,0,False,True,,0,
BIOMD0000001091,R_R06371,M_cpd08732_c0 + M_h2o_c <=> M_cpd08733_c0 + M_h_c,R06371,R06371,1,,none,0,False,True,,0,
BIOMD0000001091,R_R06407,M_cpd02708_c0 + M_h2o_c + M_nad_c <=> M_cpd08741_c0 + 2 M_h_c + M_nadh_c,R06407,R06407,1,,none,0,False,True,,0,
BIOMD0000001091,R_R06408,M_cpd08739_c0 + M_h2o_c + M_nad_c <=> M_cpd08740_c0 + 2 M_h_c + M_nadh_c,R06408,R06408,1,,none,0,False,True,,0,
BIOMD0000001091,R_R06447,M_frdp_c + 8 M_ipdp_c <=> 8 M_h_c + 8 M_ppi_c + M_udcpdp_c,R06447,R06447,1,,none,0,False,True,,0,
BIOMD0000001091,R_R06558,M_adocbi_c + M_gtp_c <=> M_adocbip_c + M_gdp_c + M_h_c,R06558,R06558,1,,none,0,False,True,,0,
BIOMD0000001091,R_R06601,M_5hiu_c + M_h2o_c => M_5houdic_c + M_h_c,R06601,R06601,1,,none,0,False,True,,0,
BIOMD0000001091,R_R06602,M_ichor_c => M_pyr_c + M_salc_c,R06602,R06602,1,,none,0,False,True,,0,
BIOMD0000001091,R_R06605,M_5houdic_c => M_co2_c + M_cpd01567_c0,R06605,R06605,1,,none,0,False,True,,0,
BIOMD0000001091,R_R06736,M_accoa_c + M_cpd01404_c0 <=> M_coa_c + M_cpd09204_c0,R06736,R06736,1,,none,0,False,True,,0,
BIOMD0000001091,R_R06843,M_cpd09350_c0 + M_h_c + M_nadph_c => M_cpd09351_c0 + M_nadp_c + M_pi_c,R06843,R06843,1,,none,0,False,True,,0,
BIOMD0000001091,R_R06858,M_dhna_c + M_phdp_c => M_co2_c + M_dmtphllqne_c + 2 M_h_c + M_ppi_c,R06858,R06858,1,,none,0,False,True,,0,
BIOMD0000001091,R_R06861,M_thmpp_c + M_xu5p__D_c <=> M_cpd09421_c0 + M_g3p_c,R06861,R06861,1,,none,0,False,True,,0,
BIOMD0000001091,R_R06862,M_cpd09421_c0 + M_fald_c <=> M_dha_c + M_thmpp_c,R06862,R06862,1,,none,0,False,True,,0,
BIOMD0000001091,R_R06903,M_cpd09801_c0 + M_fum_c => M_cpd09818_c0,R06903,R06903,1,,none,0,False,True,,0,
BIOMD0000001091,R_R06914,M_cpd09790_c0 + M_h2o_c + M_nad_c <=> M_cpd09791_c0 + 2 M_h_c + M_nadh_c,R06914,R06914,1,,none,0,False,True,,0,
BIOMD0000001091,R_R06917,M_cpd09792_c0 + M_nad_c <=> M_cpd09793_c0 + M_h_c + M_nadh_c,R06917,R06917,1,,none,0,False,True,,0,
BIOMD0000001091,R_R06918,M_cpd09793_c0 + M_h2o_c + M_nad_c <=> M_cpd09794_c0 + 2 M_h_c + M_nadh_c,R06918,R06918,1,,none,0,False,True,,0,
BIOMD0000001091,R_R06927,M_cpd01859_c0 + M_nad_c <=> M_cpd09802_c0 + M_h_c + M_nadh_c,R06927,R06927,1,,none,0,False,True,,0,
BIOMD0000001091,R_R06928,M_cpd09802_c0 + M_h2o_c + M_nad_c <=> M_cpd09804_c0 + 2 M_h_c + M_nadh_c,R06928,R06928,1,,none,0,False,True,,0,
BIOMD0000001091,R_R06935,M_cpd09811_c0 + M_h2o_c + M_nad_c <=> M_cpd09812_c0 + 2 M_h_c + M_nadh_c,R06935,R06935,1,,none,0,False,True,,0,
BIOMD0000001091,R_R06941,M_3hadpcoa_c + 4 M_h_c + M_nad_c <=> M_nadh_c + M_oxadpcoa_c,R06941,R06941,1,,none,0,False,True,,0,
BIOMD0000001091,R_R06948,M_vioxan_c <=> M_neoxan_c,R06948,R06948,1,,none,0,False,True,,0,
BIOMD0000001091,R_R06951,M_cpd09433_c0 <=> M_cpd09434_c0,R06951,R06951,1,,none,0,False,True,,0,
BIOMD0000001091,R_R06970,M_cpd09846_c0 + M_h2o_c + M_h_c <=> M_cpd09847_c0 + M_nh4_c,R06970,R06970,1,,none,0,False,True,,0,
BIOMD0000001091,R_R06971,M_cpd09847_c0 + M_h2o_c + M_h_c <=> M_cpd09848_c0 + M_nh4_c,R06971,R06971,1,,none,0,False,True,,0,
BIOMD0000001091,R_R06972,M_cpd09848_c0 + M_h2o_c + M_h_c <=> M_cpd03962_c0 + M_cpd09849_c0,R06972,R06972,1,,none,0,False,True,,0,
BIOMD0000001091,R_R07034,M_5HPET_c + 2 M_gthrd_c <=> M_cpd02918_c0 + M_gthox_c + M_h2o_c,R07034,R07034,1,,none,0,False,True,,0,
BIOMD0000001091,R_R07035,M_15HPET_c + 2 M_gthrd_c <=> M_cpd02890_c0 + M_gthox_c + M_h2o_c,R07035,R07035,1,,none,0,False,True,,0,
BIOMD0000001091,R_R07105,M_cpd04248_c0 + M_h_c + M_nadh_c <=> M_cpd04661_c0 + M_h2o_c + M_nad_c,R07105,R07105,1,,none,0,False,True,,0,
BIOMD0000001091,R_R07180,2 M_cpd11849_c0 + M_cpd14475_c0 <=> M_cpd14474_c0 + M_h2o_c + M_trnagln_c,R07180,R07180,1,,none,0,False,True,,0,
BIOMD0000001091,R_R07208,M_h_c + M_nadph_c + M_o2_c + M_xol24oh_c <=> M_h2o_c + M_nadp_c + M_xoltri24_c,R07208,R07208,1,,none,0,False,True,,0,
BIOMD0000001091,R_R07219,M_dmpp_c + M_h2o_c + M_nadp_c <=> M_h2mb4p_c + M_h_c + M_nadph_c,R07219,R07219,1,,none,0,False,True,,0,
BIOMD0000001091,R_R07237,M_amet_c + M_uppg3_c <=> M_ahcys_c + M_cpd11206_c0 + M_h_c,R07237,R07237,1,,none,0,False,True,,0,
BIOMD0000001091,R_R07238,M_amet_c + M_cpd11206_c0 <=> M_ahcys_c + M_pre2_c,R07238,R07238,1,,none,0,False,True,,0,
BIOMD0000001091,R_R07245,M_acorn_c + M_cbp_c => M_cpd11209_c0 + M_h_c + M_pi_c,R07245,R07245,1,,none,0,False,True,,0,
BIOMD0000001091,R_R07263,M_h_c + M_sbzcoa_c => M_cpd11217_c0 + M_h2o_c,R07263,R07263,1,,none,0,False,True,,0,
BIOMD0000001091,R_R07302,M_adcobhex_c + M_appl_c + M_atp_c <=> M_adocbi_c + M_adp_c + M_h_c + M_pi_c,R07302,R07302,1,,none,0,False,True,,0,
BIOMD0000001091,R_R07307,M_dctp_c + 2 M_h2o_c <=> M_dump_c + M_h_c + M_nh4_c + M_ppi_c,R07307,R07307,1,,none,0,False,True,,0,
BIOMD0000001091,R_R07311,M_cpd04126_c0 + M_h2o_c <=> M_cpd01642_c0 + M_so3_c,R07311,R07311,1,,none,0,False,True,,0,
BIOMD0000001091,R_R07384,M_cmp_c + M_cpd12606_c0 + 2 M_h_c <=> M_cdpea_c + M_cpd12322_c0,R07384,R07384,1,,none,0,False,True,,0,
BIOMD0000001091,R_R07417,M_ggbutal_c + M_h2o_c + M_nad_c => M_gg4abut_c + 2 M_h_c + M_nadh_c,R07417,R07417,1,,none,0,False,True,,0,
BIOMD0000001091,R_R07441,M_cpd03333_c0 + M_h2o_c + M_nad_c <=> M_cpd00373_c0 + 2 M_h_c + M_nadh_c,R07441,R07441,1,,none,0,False,True,,0,
BIOMD0000001091,R_R07442,M_cpd03333_c0 + M_h2o_c + M_nadp_c <=> M_cpd00373_c0 + 2 M_h_c + M_nadph_c,R07442,R07442,1,,none,0,False,True,,0,
BIOMD0000001091,R_R07456,M_g3p_c + M_gln__L_c + M_ru5p__D_c => M_glu__L_c + 3 M_h2o_c + M_h_c + M_pi_c + M_pydx5p_c,R07456,R07456,1,,none,0,False,True,,0,
BIOMD0000001091,R_R07463,M_gly_c => M_dhgly_c + 3 M_h_c,R07463,R07463,1,,none,0,False,True,,0,
BIOMD0000001091,R_R07481,M_amet_c + M_cyart_c <=> M_ahcys_c + M_h_c + M_menecyart_c,R07481,R07481,1,,none,0,False,True,,0,
BIOMD0000001091,R_R07515,M_cpd14710_c0 + M_h2o_c <=> M_cpd01955_c0 + M_cpd14711_c0 + M_h_c,R07515,R07515,1,,none,0,False,True,,0,
BIOMD0000001091,R_R07599,M_3mob_c + M_h_c + M_thmpp_c => M_2mhop_c + M_co2_c,R07599,R07599,1,,none,0,False,True,,0,
BIOMD0000001091,R_R07600,M_2mhop_c + M_lpam_c <=> M_2mpdhl_c + M_thmpp_c,R07600,R07600,1,,none,0,False,True,,0,
BIOMD0000001091,R_R07601,M_4mop_c + M_h_c + M_thmpp_c => M_3mhtpp_c + M_co2_c,R07601,R07601,1,,none,0,False,True,,0,
BIOMD0000001091,R_R07602,M_3mhtpp_c + M_lpam_c <=> M_cpd14699_c0 + M_thmpp_c,R07602,R07602,1,,none,0,False,True,,0,
BIOMD0000001091,R_R07603,M_3mop_c + M_h_c + M_thmpp_c => M_2mhob_c + M_co2_c,R07603,R07603,1,,none,0,False,True,,0,
BIOMD0000001091,R_R07604,M_2mhob_c + M_lpam_c <=> M_cpd14703_c0 + M_thmpp_c,R07604,R07604,1,,none,0,False,True,,0,
BIOMD0000001091,R_R07632,M_grdp_c + M_h2o_c <=> M_cpd02471_c0 + M_h_c + M_ppi_c,R07632,R07632,1,,none,0,False,True,,0,
BIOMD0000001091,R_R07633,M_cpd14790_c0 <=> M_pyr_c + M_so3_c,R07633,R07633,1,,none,0,False,True,,0,
BIOMD0000001091,R_R07638,M_cpd14796_c0 <=> M_cpd14795_c0 + M_h2o_c,R07638,R07638,1,,none,0,False,True,,0,
BIOMD0000001091,R_R07765,M_h_c + M_nadh_c + M_toctd2eACP_c <=> M_cpd12458_c0 + M_nad_c,R07765,R07765,1,,none,0,False,True,,0,
BIOMD0000001091,R_R07802,M_cpd14980_c0 + M_h2o_c <=> M_cpd01129_c0 + M_h_c + M_op4en_c,R07802,R07802,1,,none,0,False,True,,0,
BIOMD0000001091,R_R07831,M_cpd04107_c0 + M_h2o_c <=> M_cpd14988_c0 + M_h_c,R07831,R07831,1,,none,0,False,True,,0,
BIOMD0000001091,R_R07880,M_coucoa_c + M_cpd05630_c0 <=> M_coa_c + M_cpd15065_c0,R07880,R07880,1,,none,0,False,True,,0,
BIOMD0000001091,R_R07882,M_coucoa_c + M_cpd05546_c0 <=> M_coa_c + M_cpd15066_c0,R07882,R07882,1,,none,0,False,True,,0,
BIOMD0000001091,R_R07883,M_coucoa_c + M_cpd15028_c0 <=> M_coa_c + M_cpd15067_c0,R07883,R07883,1,,none,0,False,True,,0,
BIOMD0000001091,R_R07890,M_cpd15045_c0 + M_nad_c <=> M_cpd15046_c0 + M_h_c + M_nadh_c,R07890,R07890,1,,none,0,False,True,,0,
BIOMD0000001091,R_R07894,M_cpd15049_c0 + M_nad_c <=> M_cpd15050_c0 + M_h_c + M_nadh_c,R07894,R07894,1,,none,0,False,True,,0,
BIOMD0000001091,R_R07898,M_cpd15053_c0 + M_nad_c <=> M_cpd15054_c0 + M_h_c + M_nadh_c,R07898,R07898,1,,none,0,False,True,,0,
BIOMD0000001091,R_R07930,M_caffcoa_c + M_cpd05630_c0 <=> M_coa_c + M_cpd15087_c0,R07930,R07930,1,,none,0,False,True,,0,
BIOMD0000001091,R_R07931,M_caffcoa_c + M_cpd05546_c0 <=> M_coa_c + M_cpd15088_c0,R07931,R07931,1,,none,0,False,True,,0,
BIOMD0000001091,R_R07944,M_caffcoa_c + M_cpd15028_c0 <=> M_coa_c + M_cpd15029_c0,R07944,R07944,1,,none,0,False,True,,0,
BIOMD0000001091,R_R08051,M_atp_c + M_dmpp_c <=> M_cpd15130_c0 + M_h_c + M_ppi_c,R08051,R08051,1,,none,0,False,True,,0,
BIOMD0000001091,R_R08052,M_adp_c + M_dmpp_c <=> M_cpd15131_c0 + M_h_c + M_ppi_c,R08052,R08052,1,,none,0,False,True,,0,
BIOMD0000001091,R_R08059,M_mleneh4spt_c + M_nadp_c <=> M_cpd02655_c0 + M_nadph_c,R08059,R08059,1,,none,0,False,True,,0,
BIOMD0000001091,R_R08086,M_cpd01061_c0 + M_h2o_c + M_nad_c <=> M_cpd15165_c0 + 2 M_h_c + M_nadh_c,R08086,R08086,1,,none,0,False,True,,0,
BIOMD0000001091,R_R08087,M_cpd06739_c0 + M_h2o_c + M_nad_c <=> M_cpd15166_c0 + 2 M_h_c + M_nadh_c,R08087,R08087,1,,none,0,False,True,,0,
BIOMD0000001091,R_R08094,M_cpd15173_c0 + M_nad_c <=> M_cpd15175_c0 + M_h_c + M_nadh_c,R08094,R08094,1,,none,0,False,True,,0,
BIOMD0000001091,R_R08096,M_cpd08238_c0 + M_h2o_c + M_nad_c <=> M_cpd15166_c0 + 2 M_h_c + M_nadh_c,R08096,R08096,1,,none,0,False,True,,0,
BIOMD0000001091,R_R08165,M_akg_c + M_h_c + M_ichor_c => M_2sephchc_c + M_co2_c,R08165,R08165,1,,none,0,False,True,,0,
BIOMD0000001091,R_R08166,M_2sephchc_c => M_2shchc_c + M_pyr_c,R08166,R08166,1,,none,0,False,True,,0,
BIOMD0000001091,R_R08221,M_cpd16439_c0 + M_h2o_c + M_h_c <=> M_cpd16329_c0 + M_nh4_c,R08221,R08221,1,,none,0,False,True,,0,
BIOMD0000001091,R_R08227,M_56dh5flura_c + M_h2o_c <=> M_aflburppa_c + M_h_c,R08227,R08227,1,,none,0,False,True,,0,
BIOMD0000001091,R_R08231,M_5flura_c + M_prpp_c <=> M_5flurimp_c + M_ppi_c,R08231,R08231,1,,none,0,False,True,,0,
BIOMD0000001091,R_R08281,M_cpd04806_c0 + M_h_c + M_nadh_c <=> M_cpd16365_c0 + M_nad_c,R08281,R08281,1,,none,0,False,True,,0,
BIOMD0000001091,R_R08306,M_cpd16395_c0 + M_nad_c <=> M_cpd16396_c0 + M_h_c + M_nadh_c,R08306,R08306,1,,none,0,False,True,,0,
BIOMD0000001091,R_R08310,M_cpd16401_c0 + M_nad_c <=> M_cpd16402_c0 + M_h_c + M_nadh_c,R08310,R08310,1,,none,0,False,True,,0,
BIOMD0000001091,R_R08349,M_citalald_c + M_h2o_c + M_o2_c <=> M_citalppa_c + M_h2o2_c + M_h_c,R08349,R08349,1,,none,0,False,True,,0,
BIOMD0000001091,R_R08362,M_cpd01418_c0 + M_cpd14475_c0 <=> M_cpd02026_c0 + M_cpd11848_c0 + M_h2o_c,R08362,R08362,1,,none,0,False,True,,0,
BIOMD0000001091,R_R08381,M_pmtcoa_c + M_retinol_cis_11_c <=> M_coa_c + M_retpalm_11_cis_c,R08381,R08381,1,,none,0,False,True,,0,
BIOMD0000001091,R_R08385,M_h2o_c + M_nad_c + M_retinal_cis_9_c <=> M_cpd11177_c0 + 2 M_h_c + M_nadh_c,R08385,R08385,1,,none,0,False,True,,0,
BIOMD0000001091,R_R08408,M_1mncam_c + M_h2o_c + M_o2_c <=> M_cpd03472_c0 + M_h2o2_c + M_h_c,R08408,R08408,1,,none,0,False,True,,0,
BIOMD0000001091,R_R08504,M_dkdi_c + M_h2o_c => M_cpd16540_c0 + M_h_c,R08603,R08603,1,,none,0,False,True,,0,
BIOMD0000001091,R_R08510,M_cpd07027_c0 + M_nadph_c <=> M_cpd03933_c0 + M_nadp_c,R08510,R08510,1,,none,0,False,True,,0,
BIOMD0000001091,R_R08515,M_adp_c + M_g1p_c <=> M_adpglc_c + M_pi_c,R08515,R08515,1,,none,0,False,True,,0,
BIOMD0000001091,R_R08548,M_f1p_c + M_h2o_c <=> M_fru_c + M_pi_c,R08548,R08548,1,,none,0,False,True,,0,
BIOMD0000001091,R_R08558,M_chol_c + M_nadp_c <=> M_betald_c + M_h_c + M_nadph_c,R08558,R08558,1,,none,0,False,True,,0,
BIOMD0000001091,R_R08583,M_cpd02616_c0 <=> M_cpd08707_c0 + M_nh4_c,R08583,R08583,1,,none,0,False,True,,0,
BIOMD0000001091,R_R08657,M_glyc3p_c + M_q_c <=> M_dhap_c + M_qh2_c,R08657,R08657,1,,none,0,False,True,,0,
BIOMD0000001091,R_R08696,M_frdp_c <=> M_cpd06559_c0 + M_h_c + M_ppi_c,R08696,R08696,1,,none,0,False,True,,0,
BIOMD0000001091,R_R08713,M_acoa_c + M_cpd01404_c0 <=> M_coa_c + M_cpd17512_c0 + M_h_c,R08713,R08713,1,,none,0,False,True,,0,
BIOMD0000001091,R_R08944,M_acACP_c + M_h_c + M_malon_c <=> M_ac_c + M_malACP_c,R08944,R08944,1,,none,0,False,True,,0,
BIOMD0000001091,R_R08951,M_cpd00398_c0 + M_dmpp_c <=> M_cpd18006_c0 + M_h_c + M_ppi_c,R08951,R08951,1,,none,0,False,True,,0,
BIOMD0000001091,R_R08952,M_cpd18007_c0 + M_dmpp_c <=> M_cpd18036_c0 + M_h_c + M_ppi_c,R08952,R08952,1,,none,0,False,True,,0,
BIOMD0000001091,R_R10221,M_6pgc_c + M_nad_c <=> M_co2_c + M_nadh_c + M_ru5p__D_c,R10221,R10221,1,,none,0,False,True,,0,
BIOMD0000001091,R_RAFGH,M_h2o_c + M_raffin_c => M_gal_c + M_sucr_c,R01103;R06070,R01103,2,,none,0,False,True,,0,
BIOMD0000001091,R_RBFK,M_atp_c + M_ribflv_c <=> M_adp_c + M_fmn_c + M_h_c,R00549,R00549,1,,none,0,False,True,,0,
BIOMD0000001091,R_RBK_Dr,M_atp_c + M_rbl__D_c <=> M_adp_c + M_h_c + M_ru5p__D_c,R01526,R01526,1,,none,0,False,True,,0,
BIOMD0000001091,R_RBKr,M_atp_c + M_rib__D_c <=> M_adp_c + M_h_c + M_r5p_c,R01051,R01051,1,,none,0,False,True,,0,
BIOMD0000001091,R_RBZP,M_5prdmbz_c + M_h2o_c => M_pi_c + M_rdmbzi_c,R04594,R04594,1,,none,0,False,True,,0,
BIOMD0000001091,R_RIB1,M_gtp_c + 3 M_h2o_c => M_25drapp_c + M_for_c + 3 M_h_c + M_ppi_c,R00425,R00425,1,,none,0,False,True,,0,
BIOMD0000001091,R_RIB5,M_4r5au_c + M_db4p_c <=> M_dmlz_c + 2 M_h2o_c + M_h_c + M_pi_c,R04457,R04457,1,,none,0,False,True,,0,
BIOMD0000001091,R_RIB7_1,M_25drapp_c + M_h2o_c + M_h_c => M_5apru_c + M_nh4_c,R03459,R03459,1,,none,0,False,True,,0,
BIOMD0000001091,R_RIB7_2,M_5aprbu_c + M_nadp_c <=> M_5apru_c + M_h_c + M_nadph_c,R03458,R03458,1,,none,0,False,True,,0,
BIOMD0000001091,R_RIOR,M_pi_c + M_rnam_c <=> M_h_c + M_ncam_c + M_r1p_c,R02294,R02294,1,,none,0,False,True,,0,
BIOMD0000001091,R_RNDR1,M_adp_c + M_trdrd_c => M_dadp_c + M_h2o_c + M_trdox_c,R02017,R02017,1,,none,0,False,True,,0,
BIOMD0000001091,R_RNDR2n,M_gdp_c + M_trdrd_c => M_dgdp_c + M_h2o_c + M_trdox_c,R02019,R02019,1,,none,0,False,True,,0,
BIOMD0000001091,R_RNDR3,M_dcdp_c + M_h2o_c + M_trdox_c <=> M_cdp_c + M_trdrd_c,R02024,R02024,1,,none,0,False,True,,0,
BIOMD0000001091,R_RNDR4n,M_dudp_c + M_h2o_c + M_trdox_c <=> M_trdrd_c + M_udp_c,R02018,R02018,1,,none,0,False,True,,0,
BIOMD0000001091,R_RNMK,M_atp_c + M_rnam_c <=> M_adp_c + M_h_c + M_nmn_c,R02324,R02324,1,,none,0,False,True,,0,
BIOMD0000001091,R_RPE,M_ru5p__D_c <=> M_xu5p__D_c,R01529,R01529,1,,none,0,False,True,,0,
BIOMD0000001091,R_SAH1,M_ahcys_c + M_h2o_c <=> M_adn_c + M_hcys__L_c,R00192,R00192,1,,none,0,False,True,,0,
BIOMD0000001091,R_SALADC2,M_Lcyst_c + M_h_c <=> M_co2_c + M_taur_c,R01682,R01682,1,,none,0,False,True,,0,
BIOMD0000001091,R_SAM24MT,M_amet_c + M_zymst_c <=> M_ahcys_c + M_fecost_c + M_h_c,R04427,R04427,1,,none,0,False,True,,0,
BIOMD0000001091,R_SCT1_2,M_acoa_c + M_dhap_c <=> M_coa_c + M_cpd12300_c0,R01013,R01013,1,,none,0,False,True,,0,
BIOMD0000001091,R_SDH3_1,M_fad_c + M_h_c + M_succ_c <=> M_fadh2_c + M_fum_c,R00408,R00408,1,,none,0,False,True,,0,
BIOMD0000001091,R_SEC53,M_man6p_c <=> M_man1p_c,R01818,R01818,1,,none,0,False,True,,0,
BIOMD0000001091,R_SELCYSS,M_h_c + M_selnp_c + M_sertrna_sec_c <=> M_pi_c + M_sectrna_c,R08219,R08219,1,,none,0,False,True,,0,
BIOMD0000001091,R_SER1_2,M_akg_c + M_phthr_c <=> M_glu__L_c + M_ohpb_c,R05085,R05085,1,,none,0,False,True,,0,
BIOMD0000001091,R_SER3,M_3pg_c + M_nad_c <=> M_3php_c + M_h_c + M_nadh_c,R01513,R01513,1,,none,0,False,True,,0,
BIOMD0000001091,R_SERAT,M_accoa_c + M_ser__L_c => M_acser_c + M_coa_c,R00586,R00586,1,,none,0,False,True,,0,
BIOMD0000001091,R_SER_AL,M_ser__L_c => M_nh4_c + M_pyr_c,R00220,R00220,1,,none,0,False,True,,0,
BIOMD0000001091,R_SHCHD2,M_nad_c + M_pre2_c => 2 M_h_c + M_nadh_c + M_scl_c,R03947,R03947,1,,none,0,False,True,,0,
BIOMD0000001091,R_SHCHF,2 M_h_c + M_sheme_c <=> M_fe2_c + M_scl_c,R02864,R02864,1,,none,0,False,True,,0,
BIOMD0000001091,R_SHK3Dr,M_nadp_c + M_skm_c <=> M_3dhsk_c + M_h_c + M_nadph_c,R02413,R02413,1,,none,0,False,True,,0,
BIOMD0000001091,R_SHKK,M_atp_c + M_skm_c <=> M_adp_c + M_h_c + M_skm5p_c,R02412,R02412,1,,none,0,False,True,,0,
BIOMD0000001091,R_SHM1,M_gly_c + M_h2o_c + M_mlthf_c <=> M_ser__L_c + M_thf_c,R00945,R00945,1,,none,0,False,True,,0,
BIOMD0000001091,R_SHSL1r,M_cpd00424_c0 + M_h_c + M_succ_c <=> M_cys__L_c + M_suchms_c,R02508,R02508,1,,none,0,False,True,,0,
BIOMD0000001091,R_SHSL2,M_h2s_c + M_suchms_c => M_hcys__L_c + M_succ_c,R01288,R01288,1,,none,0,False,True,,0,
BIOMD0000001091,R_SODr,2 M_h_c + 2 M_o2s_c => M_h2o2_c + M_o2_c,R00275,R00275,1,,none,0,False,True,,0,
BIOMD0000001091,R_SPE2,M_amet_c + M_h_c => M_ametam_c + M_co2_c,R00178,R00178,1,,none,0,False,True,,0,
BIOMD0000001091,R_SPMS,M_ametam_c + M_ptrc_c => M_5mta_c + M_h_c + M_spmd_c,R01920,R01920,1,,none,0,False,True,,0,
BIOMD0000001091,R_SQLEer,M_h_c + M_nadph_c + M_o2_c + M_sql_c <=> M_Ssq23epx_c + M_h2o_c + M_nadp_c,R02874,R02874,1,,none,0,False,True,,0,
BIOMD0000001091,R_SUC2,M_h2o_c + M_sucr_c => M_fru_c + M_glc__D_c,R00801;R06087,R00801,2,,none,0,False,True,,0,
BIOMD0000001091,R_SUCBZL,M_atp_c + M_coa_c + M_sucbz_c => M_amp_c + M_h_c + M_ppi_c + M_sbzcoa_c,R04030,R04030,1,,none,0,False,True,,0,
BIOMD0000001091,R_SUCOAS,M_atp_c + M_coa_c + M_succ_c <=> M_adp_c + M_pi_c + M_succoa_c,R00405,R00405,1,,none,0,False,True,,0,
BIOMD0000001091,R_SULR,3 M_h2o_c + M_h2s_c + 3 M_nadp_c <=> 3 M_h_c + 3 M_nadph_c + M_so3_c,R00858,R00858,1,,none,0,False,True,,0,
BIOMD0000001091,R_TALA,M_g3p_c + M_s7p_c <=> M_e4p_c + M_f6p_c,R01827;R08575,R01827,2,,none,0,False,True,,0,
BIOMD0000001091,R_TARTDC,M_h_c + M_tartr__L_c => M_co2_c + M_glyc__R_c,R01751,R01751,1,,none,0,False,True,,0,
BIOMD0000001091,R_TARTRDH,M_nad_c + M_tartr__L_c <=> M_h_c + M_nadh_c + M_oxglyc_c,R06180,R06180,1,,none,0,False,True,,0,
BIOMD0000001091,R_TARTRDH2,M_nad_c + M_tartr__M_c <=> M_h_c + M_nadh_c + M_oxglyc_c,R02545,R02545,1,,none,0,False,True,,0,
BIOMD0000001091,R_TDP,M_h2o_c + M_thmpp_c <=> 2 M_h_c + M_pi_c + M_thmmp_c,R00615,R00615,1,,none,0,False,True,,0,
BIOMD0000001091,R_THFATm,M_h2o_c + M_methf_c <=> M_5fthf_c + M_h_c,R02300,R02300,1,,none,0,False,True,,0,
BIOMD0000001091,R_THFGLUS,M_atp_c + M_glu__L_c + M_thf_c => M_adp_c + M_h_c + M_pi_c + M_thfglu_c,R00942,R00942,1,,none,0,False,True,,0,
BIOMD0000001091,R_THI20_2,M_4ampm_c + M_atp_c + M_h_c <=> M_2mahmp_c + M_adp_c,R04509,R04509,1,,none,0,False,True,,0,
BIOMD0000001091,R_THI21,M_4ahmmp_c + M_atp_c <=> M_4ampm_c + M_adp_c + M_h_c,R03471,R03471,1,,none,0,False,True,,0,
BIOMD0000001091,R_THI6_2,M_2mahmp_c + M_4mpetz_c <=> M_ppi_c + M_thmmp_c,R03223,R03223,1,,none,0,False,True,,0,
BIOMD0000001091,R_THI80_1,M_atp_c + M_thm_c <=> M_amp_c + M_h_c + M_thmpp_c,R00619,R00619,1,,none,0,False,True,,0,
BIOMD0000001091,R_THR1,M_atp_c + M_hom__L_c <=> M_adp_c + M_h_c + M_phom_c,R01771,R01771,1,,none,0,False,True,,0,
BIOMD0000001091,R_THR4_1,M_h2o_c + M_phom_c => M_pi_c + M_thr__L_c,R01466,R01466,1,,none,0,False,True,,0,
BIOMD0000001091,R_THR4_2,M_h2o_c + M_phthr_c => M_4hthr_c + M_pi_c,R05086,R05086,1,,none,0,False,True,,0,
BIOMD0000001091,R_THRPD,M_h_c + M_thrp_c => M_applp_c + M_co2_c,R06530,R06530,1,,none,0,False,True,,0,
BIOMD0000001091,R_TKT1,M_g3p_c + M_s7p_c <=> M_r5p_c + M_xu5p__D_c,R01641,R01641,1,,none,0,False,True,,0,
BIOMD0000001091,R_TKT2,M_f6p_c + M_g3p_c <=> M_e4p_c + M_xu5p__D_c,R01067,R01067,1,,none,0,False,True,,0,
BIOMD0000001091,R_TMDPP,M_pi_c + M_thymd_c <=> M_2dr1p_c + M_thym_c,R01570,R01570,1,,none,0,False,True,,0,
BIOMD0000001091,R_TMN,M_h2o_c + M_thm_c => M_4ahmmp_c + M_4mhetz_c + M_h_c,R02133,R02133,1,,none,0,False,True,,0,
BIOMD0000001091,R_TPI,M_g3p_c <=> M_dhap_c,R01015,R01015,1,,none,0,False,True,,0,
BIOMD0000001091,R_TPRDCOAS,M_atp_c + M_dpcoa_c <=> M_2tpr3dpcoa_c + M_ade_c,R09675,R09675,1,,none,0,False,True,,0,
BIOMD0000001091,R_TRDR,M_h_c + M_nadph_c + M_trdox_c <=> M_nadp_c + M_trdrd_c,R02016,R02016,1,,none,0,False,True,,0,
BIOMD0000001091,R_TRE6PH,M_h2o_c + M_tre6p_c <=> M_g6p_c + M_glc__D_c,R00837;R06113,R00837,2,,none,0,False,True,,0,
BIOMD0000001091,R_TRIA,M_cgly_c + M_h2o_c <=> M_cys__L_c + M_gly_c,R00899,R00899,1,,none,0,False,True,,0,
BIOMD0000001091,R_TRP2_2,M_4hbz_c + M_pyr_c <=> M_chor_c,R01302,R01302,1,,none,0,False,True,,0,
BIOMD0000001091,R_TRPO2,M_o2_c + M_trp__L_c => M_Lfmkynr_c,R00678,R00678,1,,none,0,False,True,,0,
BIOMD0000001091,R_TRPS1r,M_3ig3p_c + M_ser__L_c => M_g3p_c + M_h2o_c + M_trp__L_c,R02722,R02722,1,,none,0,False,True,,0,
BIOMD0000001091,R_TRPS2,M_indole_c + M_ser__L_c => M_h2o_c + M_trp__L_c,R00674,R00674,1,,none,0,False,True,,0,
BIOMD0000001091,R_TRPS3r,M_3ig3p_c <=> M_g3p_c + M_indole_c,R02340,R02340,1,,none,0,False,True,,0,
BIOMD0000001091,R_TYR1,M_nadp_c + M_pphn_c => M_34hpp_c + M_co2_c + M_nadph_c,R01730,R01730,1,,none,0,False,True,,0,
BIOMD0000001091,R_U15,M_atp_c + M_duri_c <=> M_adp_c + M_dump_c + M_h_c,R02099,R02099,1,,none,0,False,True,,0,
BIOMD0000001091,R_U16,M_atp_c + M_thymd_c <=> M_adp_c + M_dtmp_c + M_h_c,R01567,R01567,1,,none,0,False,True,,0,
BIOMD0000001091,R_U17,M_atp_c + M_dcmp_c + M_h_c <=> M_adp_c + M_dcdp_c,R01665,R01665,1,,none,0,False,True,,0,
BIOMD0000001091,R_U18,M_atp_c + M_cmp_c + M_h_c <=> M_adp_c + M_cdp_c,R00512,R00512,1,,none,0,False,True,,0,
BIOMD0000001091,R_U19,M_atp_c + M_damp_c + M_h_c <=> M_adp_c + M_dadp_c,R01547,R01547,1,,none,0,False,True,,0,
BIOMD0000001091,R_U26,M_damp_c + M_h2o_c => M_dad_2_c + M_pi_c,R02088,R02088,1,,none,0,False,True,,0,
BIOMD0000001091,R_U31,M_gmp_c + M_h2o_c => M_gsn_c + M_pi_c,R01227,R01227,1,,none,0,False,True,,0,
BIOMD0000001091,R_U32,M_h2o_c + M_imp_c => M_ins_c + M_pi_c,R01126,R01126,1,,none,0,False,True,,0,
BIOMD0000001091,R_U33,M_h2o_c + M_xmp_c => M_pi_c + M_xtsn_c,R02719,R02719,1,,none,0,False,True,,0,
BIOMD0000001091,R_U52,M_nad_c + M_pphn_c => M_34hpp_c + M_co2_c + M_nadh_c,R01728,R01728,1,,none,0,False,True,,0,
BIOMD0000001091,R_U53,M_Lfmkynr_c + M_h2o_c <=> M_Lkynr_c + M_for_c + M_h_c,R01959,R01959,1,,none,0,False,True,,0,
BIOMD0000001091,R_U56,M_2oxoadp_c + M_nadp_c + M_nh4_c <=> M_amuco_c + M_h2o_c + 2 M_h_c + M_nadph_c,R01938,R01938,1,,none,0,False,True,,0,
BIOMD0000001091,R_U78,M_5aprbu_c + M_h2o_c => M_4r5au_c + M_pi_c,R07280,R07280,1,,none,0,False,True,,0,
BIOMD0000001091,R_U79,M_ru5p__D_c => M_db4p_c + M_for_c + M_h_c,R07281,R07281,1,,none,0,False,True,,0,
BIOMD0000001091,R_U82,M_atp_c + M_pydam_c <=> M_adp_c + M_h_c + M_pyam5p_c,R02493,R02493,1,,none,0,False,True,,0,
BIOMD0000001091,R_U83,M_atp_c + M_pydx_c <=> M_adp_c + M_h_c + M_pydx5p_c,R00174,R00174,1,,none,0,False,True,,0,
BIOMD0000001091,R_U89,M_atp_c + M_dhpt_c + M_glu__L_c => M_adp_c + M_dhf_c + M_h_c + M_pi_c,R02237,R02237,1,,none,0,False,True,,0,
BIOMD0000001091,R_U92,M_4ppan_c + M_ctp_c + M_cys__L_c => M_4ppcys_c + M_cmp_c + 2 M_h_c + M_ppi_c,R04231,R04231,1,,none,0,False,True,,0,
BIOMD0000001091,R_U98,M_asp__L_c + M_h_c => M_ala_B_c + M_co2_c,R00489,R00489,1,,none,0,False,True,,0,
BIOMD0000001091,R_UAAGDS,M_26dap__M_c + M_atp_c + M_uamag_c => M_adp_c + M_h_c + M_pi_c + M_uggmd_c,R02788,R02788,1,,none,0,False,True,,0,
BIOMD0000001091,R_UAAGLS1,M_atp_c + M_lys__L_c + M_uamag_c <=> M_adp_c + M_h_c + M_pi_c + M_uAgl_c,R02786,R02786,1,,none,0,False,True,,0,
BIOMD0000001091,R_UAG2E,M_uacgam_c <=> M_uacmam_c,R00420,R00420,1,,none,0,False,True,,0,
BIOMD0000001091,R_UAG2EMA,M_h2o_c + M_uacgam_c => M_acmana_c + M_udp_c,R00414,R00414,1,,none,0,False,True,,0,
BIOMD0000001091,R_UAG4E,M_uacgam_c <=> M_udpacgal_c,R00418,R00418,1,,none,0,False,True,,0,
BIOMD0000001091,R_UAGCVT,M_pep_c + M_uacgam_c <=> M_pi_c + M_uaccg_c,R00660,R00660,1,,none,0,False,True,,0,
BIOMD0000001091,R_UAGDPr,M_acgam1p_c + M_utp_c <=> M_ppi_c + M_uacgam_c,R00416,R00416,1,,none,0,False,True,,0,
BIOMD0000001091,R_UAGPT2,M_uaGgla_c + M_uacgam_c <=> M_uaaGgla_c + M_udp_c,R05662,R05662,1,,none,0,False,True,,0,
BIOMD0000001091,R_UAMAGS,M_atp_c + M_glu__D_c + M_uama_c => M_adp_c + M_h_c + M_pi_c + M_uamag_c,R02783,R02783,1,,none,0,False,True,,0,
BIOMD0000001091,R_UAMAS,M_ala__L_c + M_atp_c + M_uamr_c => M_adp_c + M_h_c + M_pi_c + M_uama_c,R03193,R03193,1,,none,0,False,True,,0,
BIOMD0000001091,R_UAPGR,M_nadp_c + M_uamr_c <=> M_h_c + M_nadph_c + M_uaccg_c,R03192,R03192,1,,none,0,False,True,,0,
BIOMD0000001091,R_UDCPDP,M_h2o_c + M_udcpdp_c => 2 M_h_c + M_pi_c + M_udcpp_c,R05627,R05627,1,,none,0,False,True,,0,
BIOMD0000001091,R_UDPGALM,M_udpgal_c <=> M_udpgalfur_c,R00505,R00505,1,,none,0,False,True,,0,
BIOMD0000001091,R_UDPGDi,M_h2o_c + 2 M_nad_c + M_udpg_c <=> 3 M_h_c + 2 M_nadh_c + M_udpglcur_c,R00286,R00286,1,,none,0,False,True,,0,
BIOMD0000001091,R_UGMDDS,M_atp_c + M_diala__L_c + M_uggmd_c => M_adp_c + M_h_c + M_pi_c + M_uggmda_c,R04617,R04617,1,,none,0,False,True,,0,
BIOMD0000001091,R_UNK3,M_2kmb_c + M_glu__L_c <=> M_akg_c + M_met__L_c,R07396,R07396,1,,none,0,False,True,,0,
BIOMD0000001091,R_UPP3S,M_hmbil_c <=> M_h2o_c + M_uppg3_c,R03165,R03165,1,,none,0,False,True,,0,
BIOMD0000001091,R_UPPDC1,4 M_h_c + M_uppg3_c <=> 4 M_co2_c + M_cpppg3_c,R03197,R03197,1,,none,0,False,True,,0,
BIOMD0000001091,R_UPPDC2,4 M_h_c + M_uppg1_c <=> 4 M_co2_c + M_cpppg1_c,R04972,R04972,1,,none,0,False,True,,0,
BIOMD0000001091,R_URA3,M_h_c + M_orot5p_c => M_co2_c + M_ump_c,R00965,R00965,1,,none,0,False,True,,0,
BIOMD0000001091,R_URA4,M_dhor__S_c + M_h2o_c <=> M_cbasp_c + M_h_c,R01993,R01993,1,,none,0,False,True,,0,
BIOMD0000001091,R_URA5,M_h_c + M_orot5p_c + M_ppi_c <=> M_orot_c + M_prpp_c,R01870,R01870,1,,none,0,False,True,,0,
BIOMD0000001091,R_URA6_1,M_atp_c + M_h_c + M_ump_c <=> M_adp_c + M_udp_c,R00158,R00158,1,,none,0,False,True,,0,
BIOMD0000001091,R_URA7_2,M_atp_c + M_nh4_c + M_utp_c <=> M_adp_c + M_ctp_c + 2 M_h_c + M_pi_c,R00571,R00571,1,,none,0,False,True,,0,
BIOMD0000001091,R_URA8_1,M_atp_c + M_gln__L_c + M_h2o_c + M_utp_c => M_adp_c + M_ctp_c + M_glu__L_c + 2 M_h_c + M_pi_c,R00573,R00573,1,,none,0,False,True,,0,
BIOMD0000001091,R_URCN,M_4izp_c + M_h_c <=> M_h2o_c + M_urcan_c,R02914,R02914,1,,none,0,False,True,,0,
BIOMD0000001091,R_UREA2,M_h2o_c + 2 M_h_c + M_urea_c => M_co2_c + 2 M_nh4_c,R00131,R00131,1,,none,0,False,True,,0,
BIOMD0000001091,R_URFGTT,M_2ombzl_c + M_amet_c => M_2ommbl_c + M_ahcys_c + M_h_c,R04990,R04990,1,,none,0,False,True,,0,
BIOMD0000001091,R_URIDK3,M_atp_c + M_dump_c + M_h_c <=> M_adp_c + M_dudp_c,R02098,R02098,1,,none,0,False,True,,0,
BIOMD0000001091,R_URIK2,M_gtp_c + M_uri_c <=> M_gdp_c + M_h_c + M_ump_c,R00968,R00968,1,,none,0,False,True,,0,
BIOMD0000001091,R_URIK3,M_itp_c + M_uri_c <=> M_h_c + M_idp_c + M_ump_c,R00970,R00970,1,,none,0,False,True,,0,
BIOMD0000001091,R_URK1_2,M_cytd_c + M_gtp_c <=> M_cmp_c + M_gdp_c + M_h_c,R00517,R00517,1,,none,0,False,True,,0,
BIOMD0000001091,R_URK1_3,M_atp_c + M_uri_c <=> M_adp_c + M_h_c + M_ump_c,R00964,R00964,1,,none,0,False,True,,0,
BIOMD0000001091,R_UTR1_1,M_atp_c + M_nad_c <=> M_adp_c + M_h_c + M_nadp_c,R00104,R00104,1,,none,0,False,True,,0,
BIOMD0000001091,R_XAND,M_h2o_c + M_nad_c + M_xan_c => M_h_c + M_nadh_c + M_urate_c,R02103,R02103,1,,none,0,False,True,,0,
BIOMD0000001091,R_XANDa,M_h2o_c + M_hxan_c + M_nad_c <=> M_h_c + M_nadh_c + M_xan_c,R01768,R01768,1,,none,0,False,True,,0,
BIOMD0000001091,R_XPPT,M_h_c + M_ppi_c + M_xmp_c <=> M_prpp_c + M_xan_c,R02142,R02142,1,,none,0,False,True,,0,
BIOMD0000001091,R_XYLI1,M_xyl__D_c => M_xylu__D_c,R01432,R01432,1,,none,0,False,True,,0,
BIOMD0000001091,R_XYLI2i,M_glc__D_c <=> M_fru_c,R00307,R00307,1,,none,0,False,True,,0,
BIOMD0000001091,R_YBR184W_2,M_h2o_c + M_melib_c <=> M_gal_c + M_glc__D_c,R01101;R06091,R01101,2,,none,0,False,True,,0,
BIOMD0000001091,R_YDR531W,M_atp_c + M_pnto__R_c <=> M_4ppan_c + M_adp_c + M_h_c,R03018,R03018,1,,none,0,False,True,,0,
BIOMD0000001091,R_YGR287C,M_h2o_c + M_malt_c => 2 M_glc__D_c,R00028;R06084,R00028,2,,none,0,False,True,,0,
BIOMD0000001091,R_YHL012W,M_g1p_c + M_utp_c <=> M_ppi_c + M_udpg_c,R00289,R00289,1,,none,0,False,True,,0,
BIOMD0000001091,R_YIL145C,M_ala_B_c + M_atp_c + M_pant__R_c => M_amp_c + 2 M_h_c + M_pnto__R_c + M_ppi_c,R02473,R02473,1,,none,0,False,True,,0,
BIOMD0000001091,R_YJR105W,M_adn_c + M_atp_c <=> M_adp_c + M_amp_c + M_h_c,R00185,R00185,1,,none,0,False,True,,0,
BIOMD0000001091,R_YLR328W_3,M_atp_c + M_nmn_c <=> M_nad_c + M_ppi_c,R00137,R00137,1,,none,0,False,True,,0,
BIOMD0000001091,R_YML082W,M_h2o_c + M_suchms_c => M_2obut_c + M_h_c + M_nh4_c + M_succ_c,R00999,R00999,1,,none,0,False,True,,0,
BIOMD0000001091,R_YMR293C,M_4gudbd_c + M_h2o_c => M_4gudbutn_c + M_nh4_c,R03180,R03180,1,,none,0,False,True,,0,
BIOMD0000001091,R_YNK1_1,M_atp_c + M_udp_c <=> M_adp_c + M_utp_c,R00156,R00156,1,,none,0,False,True,,0,
BIOMD0000001091,R_YNK1_2,M_atp_c + M_cdp_c <=> M_adp_c + M_ctp_c,R00570,R00570,1,,none,0,False,True,,0,
BIOMD0000001091,R_YNK1_6,M_atp_c + M_dtdp_c <=> M_adp_c + M_dttp_c,R02093,R02093,1,,none,0,False,True,,0,
BIOMD0000001091,R_YNK1_7,M_atp_c + M_dadp_c <=> M_adp_c + M_datp_c,R01137,R01137,1,,none,0,False,True,,0,
BIOMD0000001091,R_YPL276W,M_for_c + M_nad_c => M_co2_c + M_nadh_c,R00519,R00519,1,,none,0,False,True,,0,
BIOMD0000001091,R_or_NDC,M_h_c + M_orn__L_c => M_co2_c + M_ptrc_c,R00670,R00670,1,,none,0,False,True,,0,
BIOMD0000001092,R_ACALD,M_acald_c + M_coa_c + M_nad_c => M_accoa_c + M_h_c + M_nadh_c,R00228,R00228,1,,chebi,3393,False,True,,0,
BIOMD0000001092,R_ACCOAC,M_accoa_c + M_atp_c + M_hco3_c => M_adp_c + M_h_c + M_malcoa_c + M_pi_c,R00742,R00742,1,,chebi,3393,False,True,,0,
BIOMD0000001092,R_ACGK,M_acglu_c + M_atp_c => M_acg5p_c + M_adp_c,R02649,R02649,1,,chebi,3393,False,True,,0,
BIOMD0000001092,R_ACHBS,M_2obut_c + M_h_c + M_pyr_c => M_2ahbut_c + M_co2_c,R08648,R08648,1,,chebi,3393,False,True,,0,
BIOMD0000001092,R_ACKr,M_atp_c + M_ac_c <=> M_adp_c + M_actp_c,R00315,R00315,1,,chebi,3393,False,True,,0,
BIOMD0000001092,R_ACLS,M_h_c + 2 M_pyr_c => M_alac__S_c + M_co2_c,R00226,R00226,1,,chebi,3393,False,True,,0,
BIOMD0000001092,R_ACOATA,M_accoa_c + M_h2o_c => M_acetyl_c + M_coa_c,R01624,R01624,1,,chebi,3393,False,True,,0,
BIOMD0000001092,R_ACONT,M_cit_c <=> M_icit_c,R01324,R01324,1,,chebi,3393,False,True,,0,
BIOMD0000001092,R_ACOTA,M_acorn_c + M_akg_c <=> M_acg5sa_c + M_glu__L_c,R02283,R02283,1,,chebi,3393,False,True,,0,
BIOMD0000001092,R_ACYP_2,M_actp_c + M_h2o_c => M_ac_c + M_h_c + M_pi_c,R00317,R00317,1,,chebi,3393,False,True,,0,
BIOMD0000001092,R_ADA,M_adn_c + M_h_c + M_h2o_c => M_ins_c + M_nh4_c,R01560,R01560,1,,chebi,3393,False,True,,0,
BIOMD0000001092,R_ADAPAT,M_glu__L_c + M_nal2a6o_c <=> M_akg_c + M_n6all26d_c,R04467,R04467,1,,chebi,3393,False,True,,0,
BIOMD0000001092,R_ADCL,M_4adcho_c => M_4abz_c + M_h_c + M_pyr_c,R05553,R05553,1,,chebi,3393,False,True,,0,
BIOMD0000001092,R_ADCS,M_chor_c + M_gln__L_c => M_4adcho_c + M_glu__L_c,R01716,R01716,1,,chebi,3393,False,True,,0,
BIOMD0000001092,R_ADK1,M_amp_c + M_atp_c <=> 2 M_adp_c,R00127,R00127,1,,chebi,3393,False,True,,0,
BIOMD0000001092,R_ADMDC,M_amet_c + M_h_c => M_ametam_c + M_co2_c,R00178,R00178,1,,chebi,3393,False,True,,0,
BIOMD0000001092,R_ADPT,M_ade_c + M_prpp_c => M_amp_c + M_ppi_c,R00190,R00190,1,,chebi,3393,False,True,,0,
BIOMD0000001092,R_ADSK,M_aps_c + M_atp_c => M_adp_c + M_h_c + M_paps_c,R00509,R00509,1,,chebi,3393,False,True,,0,
BIOMD0000001092,R_ADSL1r,M_dcamp_c <=> M_amp_c + M_fum_c,R01083,R01083,1,,chebi,3393,False,True,,0,
BIOMD0000001092,R_ADSL2r,M_25aics_c <=> M_aicar_c + M_fum_c,R04559,R04559,1,,chebi,3393,False,True,,0,
BIOMD0000001092,R_ADSS,M_asp__L_c + M_gtp_c + M_imp_c => M_dcamp_c + M_gdp_c + 2 M_h_c + M_pi_c,R01135,R01135,1,,chebi,3393,False,True,,0,
BIOMD0000001092,R_AGPR,M_acg5sa_c + M_nadp_c + M_pi_c <=> M_acg5p_c + M_h_c + M_nadph_c,R03443,R03443,1,,chebi,3393,False,True,,0,
BIOMD0000001092,R_AHCYSNS,M_ahcys_c + M_h2o_c => M_ade_c + M_rhcys_c,R00194,R00194,1,,chebi,3393,False,True,,0,
BIOMD0000001092,R_AHSERL2,M_h2s_c + M_achms_c => M_ac_c + M_hcys__L_c + M_h_c,R01287,R01287,1,,chebi,3393,False,True,,0,
BIOMD0000001092,R_AICART,M_10fthf_c + M_aicar_c => M_fprica_c + M_thf_c,R04560,R04560,1,,chebi,3393,False,True,,0,
BIOMD0000001092,R_AKGDH,M_akg_c + M_coa_c + M_nad_c => M_co2_c + M_nadh_c + M_succoa_c,R08549,R08549,1,,chebi,3393,False,True,,0,
BIOMD0000001092,R_AKP1,M_ahdt_c + 3 M_h2o_c => M_dhnpt_c + 2 M_h_c + 3 M_pi_c,R04620,R04620,1,,chebi,3393,False,True,,0,
BIOMD0000001092,R_ALAALAr,2 M_ala__D_c + M_atp_c <=> M_adp_c + M_alaala_c + M_h_c + M_pi_c,R01150,R01150,1,,chebi,3393,False,True,,0,
BIOMD0000001092,R_ALAR,M_ala__L_c <=> M_ala__D_c,R00401,R00401,1,,chebi,3393,False,True,,0,
BIOMD0000001092,R_ALCD19,M_glyald_c + M_h_c + M_nadh_c <=> M_glyc_c + M_nad_c,R01036,R01036,1,,chebi,3393,False,True,,0,
BIOMD0000001092,R_ALKP,M_dhap_c + M_h2o_c => M_dha_c + M_pi_c,R01010,R01010,1,,chebi,3393,False,True,,0,
BIOMD0000001092,R_AMAOTr,M_8aonn_c + M_amet_c <=> M_amob_c + M_dann_c,R03231,R03231,1,,chebi,3393,False,True,,0,
BIOMD0000001092,R_AMPDAPT,M_ametam_c + M_13dampp_c <=> M_5mta_c + M_nspmd_c + M_h_c,R03271,R03271,1,,chebi,3393,False,True,,0,
BIOMD0000001092,R_AMSPAT,M_ametam_c + M_nspmd_c <=> M_5mta_c + M_nsprm_c + M_h_c,R11088,R11088,1,,chebi,3393,False,True,,0,
BIOMD0000001092,R_AMSPNAT,M_ametam_c + M_nsprm_c <=> M_5mta_c + M_cpam_c + M_h_c,R11089,R11089,1,,chebi,3393,False,True,,0,
BIOMD0000001092,R_ANPRT,M_anth_c + M_prpp_c => M_ppi_c + M_pran_c,R01073,R01073,1,,chebi,3393,False,True,,0,
BIOMD0000001092,R_ANS,M_chor_c + M_gln__L_c => M_anth_c + M_glu__L_c + M_h_c + M_pyr_c,R00986,R00986,1,,chebi,3393,False,True,,0,
BIOMD0000001092,R_AOXSr2,M_ala__L_c + M_pim_c + M_h_c => M_8aonn_c + M_co2_c + M_h2o_c,R10124,R10124,1,,chebi,3393,False,True,,0,
BIOMD0000001092,R_APRAUR,M_5apru_c + M_h_c + M_nadph_c => M_5aprbu_c + M_nadp_c,R03458,R03458,1,,chebi,3393,False,True,,0,
BIOMD0000001092,R_ARGSL,M_argsuc_c <=> M_arg__L_c + M_fum_c,R01086,R01086,1,,chebi,3393,False,True,,0,
BIOMD0000001092,R_ARGSS,M_asp__L_c + M_atp_c + M_citr__L_c => M_amp_c + M_argsuc_c + M_h_c + M_ppi_c,R01954,R01954,1,,chebi,3393,False,True,,0,
BIOMD0000001092,R_ASAD,M_aspsa_c + M_nadp_c + M_pi_c <=> M_4pasp_c + M_h_c + M_nadph_c,R02291,R02291,1,,chebi,3393,False,True,,0,
BIOMD0000001092,R_ASNS1,M_asp__L_c + M_atp_c + M_gln__L_c + M_h2o_c => M_amp_c + M_asn__L_c + M_glu__L_c + M_h_c + M_ppi_c,R00485,R00485,1,,chebi,3393,False,True,,0,
BIOMD0000001092,R_ASNS2,M_asp__L_c + M_atp_c + M_nh4_c => M_amp_c + M_asn__L_c + M_h_c + M_ppi_c,R00578,R00578,1,,chebi,3393,False,True,,0,
BIOMD0000001092,R_ASNabc,M_atp_c + M_h2o_c + M_asn__L_e => M_adp_c + M_asn__L_c + M_h_c + M_pi_c,R00483,R00483,1,,chebi,3393,False,True,,0,
BIOMD0000001092,R_ASP1DC,M_asp__L_c + M_h_c => M_ala_B_c + M_co2_c,R00489,R00489,1,,chebi,3393,False,True,,0,
BIOMD0000001092,R_ASPCT,M_asp__L_c + M_cbp_c => M_cbasp_c + M_h_c + M_pi_c,R01397,R01397,1,,chebi,3393,False,True,,0,
BIOMD0000001092,R_ASPK,M_asp__L_c + M_atp_c <=> M_4pasp_c + M_adp_c,R00480,R00480,1,,chebi,3393,False,True,,0,
BIOMD0000001092,R_ASPO2,M_asp__L_c + M_nad_c => 2 M_h_c + M_iasp_c + M_nadh_c,R07410,R07410,1,,chebi,3393,False,True,,0,
BIOMD0000001092,R_ASPT,M_asp__L_c <=> M_fum_c + M_nh4_c,R00490,R00490,1,,chebi,3393,False,True,,0,
BIOMD0000001092,R_ASPTA,M_akg_c + M_asp__L_c <=> M_glu__L_c + M_oaa_c,R00355,R00355,1,,chebi,3393,False,True,,0,
BIOMD0000001092,R_ASPTA6,M_ala__L_c + M_oaa_c <=> M_asp__L_c + M_pyr_c,R00400,R00400,1,,chebi,3393,False,True,,0,
BIOMD0000001092,R_ASPabc,M_atp_c + M_h2o_c + M_asp__L_e => M_adp_c + M_asp__L_c + M_h_c + M_pi_c,R00483,R00483,1,,chebi,3393,False,True,,0,
BIOMD0000001092,R_ATPM,M_atp_c + M_h2o_c => M_adp_c + M_pi_c + M_h_c,R00086,R00086,1,,chebi,3393,False,True,,0,
BIOMD0000001092,R_ATPPRT,M_atp_c + M_prpp_c => M_ppi_c + M_prbatp_c,R01071,R01071,1,,chebi,3393,False,True,,0,
BIOMD0000001092,R_BGLA,M_h2o_c + M_cellb_c => 2 M_glc__D_c,R00306;R06104,R00306,2,,chebi,3393,False,True,,0,
BIOMD0000001092,R_BPNT,M_h2o_c + M_pap_c => M_amp_c + M_pi_c,R00188,R00188,1,,chebi,3393,False,True,,0,
BIOMD0000001092,R_CBPS,2 M_atp_c + M_gln__L_c + M_h2o_c + M_hco3_c => 2 M_adp_c + M_cbp_c + M_glu__L_c + 2 M_h_c + M_pi_c,R00575,R00575,1,,chebi,3393,False,True,,0,
BIOMD0000001092,R_CDPMEK,M_4c2me_c + M_atp_c => M_2p4c2me_c + M_adp_c + M_h_c,R05634,R05634,1,,chebi,3393,False,True,,0,
BIOMD0000001092,R_CEPA,M_pi_c + M_cellb_c <=> M_g1p_c + M_glc__D_c,R00952;R06056,R00952,2,,chebi,3393,False,True,,0,
BIOMD0000001092,R_CHORM,M_chor_c <=> M_pphn_c,R01715,R01715,1,,chebi,3393,False,True,,0,
BIOMD0000001092,R_CHORS,M_3psme_c => M_chor_c + M_pi_c,R01714,R01714,1,,chebi,3393,False,True,,0,
BIOMD0000001092,R_CS,M_accoa_c + M_h2o_c + M_oaa_c => M_cit_c + M_coa_c + M_h_c,R00351,R00351,1,,chebi,3393,False,True,,0,
BIOMD0000001092,R_CTPS2,M_atp_c + M_gln__L_c + M_h2o_c + M_utp_c => M_adp_c + M_ctp_c + M_glu__L_c + 2 M_h_c + M_pi_c,R00573,R00573,1,,chebi,3393,False,True,,0,
BIOMD0000001092,R_CYSS,M_acser_c + M_h2s_c => M_ac_c + M_cys__L_c + M_h_c,R00897,R00897,1,,chebi,3393,False,True,,0,
BIOMD0000001092,R_CYSTL,M_cyst__L_c + M_h2o_c => M_hcys__L_c + M_nh4_c + M_pyr_c,R01286,R01286,1,,chebi,3393,False,True,,0,
BIOMD0000001092,R_CYTD,M_cytd_c + M_h_c + M_h2o_c => M_nh4_c + M_uri_c,R01878,R01878,1,,chebi,3393,False,True,,0,
BIOMD0000001092,R_CYTDK2,M_cytd_c + M_gtp_c => M_cmp_c + M_gdp_c + M_h_c,R00517,R00517,1,,chebi,3393,False,True,,0,
BIOMD0000001092,R_CYTK1,M_atp_c + M_cmp_c <=> M_adp_c + M_cdp_c,R00512,R00512,1,,chebi,3393,False,True,,0,
BIOMD0000001092,R_CYTK2,M_atp_c + M_dcmp_c <=> M_adp_c + M_dcdp_c,R01665,R01665,1,,chebi,3393,False,True,,0,
BIOMD0000001092,R_DABAAT,M_akg_c + M_h_c + M_24dab_c <=> M_aspsa_c + M_glu__L_c,R06977,R06977,1,,chebi,3393,False,True,,0,
BIOMD0000001092,R_DABC,M_24dab_c + 2 M_h_c <=> M_13dampp_c + M_co2_c,R07650,R07650,1,,chebi,3393,False,True,,0,
BIOMD0000001092,R_DAPDA,M_h2o_c + M_n6all26d_c <=> M_26dap_LL_c + M_ac_c,R02733,R02733,1,,chebi,3393,False,True,,0,
BIOMD0000001092,R_DAPDC,M_26dap__M_c + M_h_c => M_co2_c + M_lys__L_c,R00451,R00451,1,,chebi,3393,False,True,,0,
BIOMD0000001092,R_DAPE,M_26dap_LL_c <=> M_26dap__M_c,R02735,R02735,1,,chebi,3393,False,True,,0,
BIOMD0000001092,R_DB4PS,M_ru5p__D_c => M_db4p_c + M_for_c + M_h_c,R07281,R07281,1,,chebi,3393,False,True,,0,
BIOMD0000001092,R_DBTS,M_atp_c + M_co2_c + M_dann_c => M_adp_c + M_dtbt_c + 3 M_h_c + M_pi_c,R03182,R03182,1,,chebi,3393,False,True,,0,
BIOMD0000001092,R_DCMPDA,M_dcmp_c + M_h_c + M_h2o_c <=> M_dump_c + M_nh4_c,R01663,R01663,1,,chebi,3393,False,True,,0,
BIOMD0000001092,R_DCYTD,M_dcyt_c + M_h_c + M_h2o_c => M_duri_c + M_nh4_c,R02485,R02485,1,,chebi,3393,False,True,,0,
BIOMD0000001092,R_DDGLK,M_2ddglcn_c + M_atp_c <=> M_2ddg6p_c + M_adp_c + M_h_c,R01541,R01541,1,,chebi,3393,False,True,,0,
BIOMD0000001092,R_DDPA,M_e4p_c + M_h2o_c + M_pep_c => M_2dda7p_c + M_pi_c,R01826,R01826,1,,chebi,3393,False,True,,0,
BIOMD0000001092,R_DHAD1,M_23dhmb_c => M_3mob_c + M_h2o_c,R04441,R04441,1,,chebi,3393,False,True,,0,
BIOMD0000001092,R_DHAD2,M_23dhmp_c => M_3mop_c + M_h2o_c,R05070,R05070,1,,chebi,3393,False,True,,0,
BIOMD0000001092,R_DHFR,M_dhf_c + M_h_c + M_nadph_c <=> M_nadp_c + M_thf_c,R00939,R00939,1,,chebi,3393,False,True,,0,
BIOMD0000001092,R_DHFS,M_atp_c + M_dhpt_c + M_glu__L_c => M_adp_c + M_dhf_c + M_h_c + M_pi_c,R02237,R02237,1,,chebi,3393,False,True,,0,
BIOMD0000001092,R_DHORD_NAD,M_dhor__S_c + M_nad_c <=> M_nadh_c + M_orot_c + M_h_c,R01869,R01869,1,,chebi,3393,False,True,,0,
BIOMD0000001092,R_DHORTS,M_dhor__S_c + M_h2o_c <=> M_cbasp_c + M_h_c,R01993,R01993,1,,chebi,3393,False,True,,0,
BIOMD0000001092,R_DHQS,M_2dda7p_c => M_3dhq_c + M_pi_c,R03083,R03083,1,,chebi,3393,False,True,,0,
BIOMD0000001092,R_DHQTi,M_3dhq_c <=> M_3dhsk_c + M_h2o_c,R03084,R03084,1,,chebi,3393,False,True,,0,
BIOMD0000001092,R_DMATT,M_dmpp_c + M_ipdp_c => M_grdp_c + M_ppi_c,R01658,R01658,1,,chebi,3393,False,True,,0,
BIOMD0000001092,R_DNMPPA,M_dhpmp_c + M_h2o_c => M_dhnpt_c + M_pi_c,R04621,R04621,1,,chebi,3393,False,True,,0,
BIOMD0000001092,R_DNTPPA,M_ahdt_c + M_h2o_c => M_dhpmp_c + M_h_c + M_ppi_c,R04638,R04638,1,,chebi,3393,False,True,,0,
BIOMD0000001092,R_DPCOAK,M_atp_c + M_dpcoa_c => M_adp_c + M_coa_c + M_h_c,R00130,R00130,1,,chebi,3393,False,True,,0,
BIOMD0000001092,R_DPR,M_2dhp_c + M_h_c + M_nadph_c => M_nadp_c + M_pant__R_c,R02472,R02472,1,,chebi,3393,False,True,,0,
BIOMD0000001092,R_DP_octe_9,M_ocdca_c => M_h_c + M_octe_9_c,R10118,R10118,1,,chebi,3393,False,True,,0,
BIOMD0000001092,R_DRPA,M_2dr5p_c <=> M_acald_c + M_g3p_c,R01066,R01066,1,,chebi,3393,False,True,,0,
BIOMD0000001092,R_DTMPK,M_atp_c + M_dtmp_c <=> M_adp_c + M_dtdp_c,R02094,R02094,1,,chebi,3393,False,True,,0,
BIOMD0000001092,R_DURIK1,M_atp_c + M_duri_c => M_adp_c + M_dump_c + M_h_c,R02099,R02099,1,,chebi,3393,False,True,,0,
BIOMD0000001092,R_DUTPDP,M_dutp_c + M_h2o_c => M_dump_c + M_h_c + M_ppi_c,R02100,R02100,1,,chebi,3393,False,True,,0,
BIOMD0000001092,R_DXPRIi,M_dxyl5p_c + M_h_c + M_nadph_c <=> M_2me4p_c + M_nadp_c,R05688,R05688,1,,chebi,3393,False,True,,0,
BIOMD0000001092,R_DXPS,M_g3p_c + M_h_c + M_pyr_c => M_co2_c + M_dxyl5p_c,R05636,R05636,1,,chebi,3393,False,True,,0,
BIOMD0000001092,R_EDA,M_2ddg6p_c <=> M_g3p_c + M_pyr_c,R05605,R05605,1,,chebi,3393,False,True,,0,
BIOMD0000001092,R_EDD,M_6pgc_c => M_2ddg6p_c + M_h2o_c,R02036,R02036,1,,chebi,3393,False,True,,0,
BIOMD0000001092,R_EGMER,M_egme_c + M_h_c + M_nadph_c => M_gme_c + M_nadp_c,R10122,R10122,1,,chebi,3393,False,True,,0,
BIOMD0000001092,R_ENO,M_2pg_c <=> M_h2o_c + M_pep_c,R00658,R00658,1,,chebi,3393,False,True,,0,
BIOMD0000001092,R_EPMER,M_epme_c + M_h_c + M_nadph_c => M_nadp_c + M_pme_c,R10122,R10122,1,,chebi,3393,False,True,,0,
BIOMD0000001092,R_FBA,M_fdp_c <=> M_dhap_c + M_g3p_c,R01068,R01068,1,,chebi,3393,False,True,,0,
BIOMD0000001092,R_FBA2,M_f1p_c <=> M_dhap_c + M_glyald_c,R02568,R02568,1,,chebi,3393,False,True,,0,
BIOMD0000001092,R_FMNAT,M_atp_c + M_fmn_c + M_h_c => M_fad_c + M_ppi_c,R00161,R00161,1,,chebi,3393,False,True,,0,
BIOMD0000001092,R_FTHFLi,M_atp_c + M_for_c + M_thf_c <=> M_10fthf_c + M_adp_c + M_pi_c,R00943,R00943,1,,chebi,3393,False,True,,0,
BIOMD0000001092,R_FUM,M_fum_c + M_h2o_c <=> M_mal__L_c,R01082,R01082,1,,chebi,3393,False,True,,0,
BIOMD0000001092,R_G3PD1ir,M_dhap_c + M_h_c + M_nadh_c <=> M_glyc3p_c + M_nad_c,R00842,R00842,1,,chebi,3393,False,True,,0,
BIOMD0000001092,R_G5SADs,M_glu5sa_c <=> M_1pyr5c_c + M_h_c + M_h2o_c,R03314,R03314,1,,chebi,3393,False,True,,0,
BIOMD0000001092,R_G5SD,M_glu5p_c + M_h_c + M_nadph_c => M_glu5sa_c + M_nadp_c + M_pi_c,R03313,R03313,1,,chebi,3393,False,True,,0,
BIOMD0000001092,R_G6PDA,M_gam6p_c + M_h2o_c => M_f6p_c + M_nh4_c,R00765,R00765,1,,chebi,3393,False,True,,0,
BIOMD0000001092,R_G6PDH2r,M_nadp_c + M_g6p_c => M_h_c + M_nadph_c + M_6pgl_c,R00835,R00835,1,,chebi,3393,False,True,,0,
BIOMD0000001092,R_GALKr,M_atp_c + M_gal_c => M_adp_c + M_gal1p_c + M_h_c,R01092,R01092,1,,chebi,3393,False,True,,0,
BIOMD0000001092,R_GALT,M_gal1p_c + M_h_c + M_utp_c <=> M_ppi_c + M_udpgal_c,R00502,R00502,1,,chebi,3393,False,True,,0,
BIOMD0000001092,R_GALUi,M_g1p_c + M_h_c + M_utp_c <=> M_ppi_c + M_udpg_c,R00289,R00289,1,,chebi,3393,False,True,,0,
BIOMD0000001092,R_GAPD,M_pi_c + M_nad_c + M_g3p_c <=> M_h_c + M_nadh_c + M_13dpg_c,R01061,R01061,1,,chebi,3393,False,True,,0,
BIOMD0000001092,R_GARFT,M_10fthf_c + M_gar_c => M_fgam_c + M_h_c + M_thf_c,R04325,R04325,1,,chebi,3393,False,True,,0,
BIOMD0000001092,R_GDH1,M_glu__L_c + M_h2o_c + M_nad_c <=> M_akg_c + 2 M_h_c + M_nadh_c + M_nh3_c,R00243,R00243,1,,chebi,3393,False,True,,0,
BIOMD0000001092,R_GHMT2r,M_ser__L_c + M_thf_c <=> M_gly__L_c + M_h2o_c + M_mlthf_c,R00945,R00945,1,,chebi,3393,False,True,,0,
BIOMD0000001092,R_GK1,M_atp_c + M_gmp_c <=> M_adp_c + M_gdp_c,R00332,R00332,1,,chebi,3393,False,True,,0,
BIOMD0000001092,R_GLGC,M_atp_c + M_g1p_c + M_h_c => M_adpglc_c + M_ppi_c,R00948,R00948,1,,chebi,3393,False,True,,0,
BIOMD0000001092,R_GLNS,M_atp_c + M_glu__L_c + M_nh4_c => M_adp_c + M_gln__L_c + M_h_c + M_pi_c,R00253,R00253,1,,chebi,3393,False,True,,0,
BIOMD0000001092,R_GLU5K,M_atp_c + M_glu__L_c => M_adp_c + M_glu5p_c,R00239,R00239,1,,chebi,3393,False,True,,0,
BIOMD0000001092,R_GLUCYS,M_atp_c + M_cys__L_c + M_glu__L_c => M_adp_c + M_glucys_c + M_h_c + M_pi_c,R00894,R00894,1,,chebi,3393,False,True,,0,
BIOMD0000001092,R_GLUDxi,M_glu__L_c + M_h2o_c + M_nad_c <=> M_akg_c + M_h_c + M_nadh_c + M_nh4_c,R00243,R00243,1,,chebi,3393,False,True,,0,
BIOMD0000001092,R_GLUDy,M_glu__L_c + M_h2o_c + M_nadp_c <=> M_akg_c + M_h_c + M_nadph_c + M_nh4_c,R00248,R00248,1,,chebi,3393,False,True,,0,
BIOMD0000001092,R_GLUN,M_gln__L_c + M_h2o_c => M_glu__L_c + M_nh4_c,R00256,R00256,1,,chebi,3393,False,True,,0,
BIOMD0000001092,R_GLUPRT,M_gln__L_c + M_h2o_c + M_prpp_c => M_glu__L_c + M_ppi_c + M_pram_c,R01072,R01072,1,,chebi,3393,False,True,,0,
BIOMD0000001092,R_GLUR,M_glu__D_c <=> M_glu__L_c,R00260,R00260,1,,chebi,3393,False,True,,0,
BIOMD0000001092,R_GLUSy,M_akg_c + M_gln__L_c + M_h_c + M_nadph_c => 2 M_glu__L_c + M_nadp_c,R00114,R00114,1,,chebi,3393,False,True,,0,
BIOMD0000001092,R_GLYCDx,M_glyc_c + M_nad_c <=> M_dha_c + M_h_c + M_nadh_c,R01034,R01034,1,,chebi,3393,False,True,,0,
BIOMD0000001092,R_GLYCK2,M_atp_c + M_glyc__R_c => M_2pg_c + M_adp_c + M_h_c,R08572,R08572,1,,chebi,3393,False,True,,0,
BIOMD0000001092,R_GLYCL,M_gly__L_c + M_nad_c + M_thf_c => M_co2_c + M_mlthf_c + M_nadh_c + M_nh4_c,R01221,R01221,1,,chebi,3393,False,True,,0,
BIOMD0000001092,R_GLYCL_2,M_co2_c + M_mlthf_c + M_nadh_c + M_nh4_c => M_gly__L_c + M_nad_c + M_thf_c,R01221,R01221,1,,chebi,3393,False,True,,0,
BIOMD0000001092,R_GLYK,M_atp_c + M_glyc_c => M_adp_c + M_glyc3p_c + M_h_c,R00847,R00847,1,,chebi,3393,False,True,,0,
BIOMD0000001092,R_GMPS2,M_atp_c + M_gln__L_c + M_h2o_c + M_xmp_c => M_amp_c + M_glu__L_c + M_gmp_c + 2 M_h_c + M_ppi_c,R01231,R01231,1,,chebi,3393,False,True,,0,
BIOMD0000001092,R_GND,M_nadp_c + M_6pgc_c => M_co2_c + M_nadph_c + M_ru5p__D_c,R01528,R01528,1,,chebi,3393,False,True,,0,
BIOMD0000001092,R_GRTT,M_grdp_c + M_ipdp_c => M_frdp_c + M_ppi_c,R02003,R02003,1,,chebi,3393,False,True,,0,
BIOMD0000001092,R_GTHS,M_atp_c + M_glucys_c + M_gly__L_c => M_adp_c + M_gthrd_c + M_h_c + M_pi_c,R01230,R01230,1,,chebi,3393,False,True,,0,
BIOMD0000001092,R_GTPCI,M_gtp_c + M_h2o_c => M_ahdt_c + M_for_c + M_h_c,R00424,R00424,1,,chebi,3393,False,True,,0,
BIOMD0000001092,R_GUAPRT,M_gua_c + M_prpp_c => M_gmp_c + M_ppi_c,R01229,R01229,1,,chebi,3393,False,True,,0,
BIOMD0000001092,R_GUI1,M_glcur_c <=> M_fruur_c,R01482,R01482,1,,chebi,3393,False,True,,0,
BIOMD0000001092,R_Glycogent,M_glycogen_e => M_glycogen_c,R00497,R00497,1,,chebi,3393,False,True,,0,
BIOMD0000001092,R_HCO3E,M_co2_c + M_h2o_c <=> M_h_c + M_hco3_c,R00132;R10092,R00132,2,,chebi,3393,False,True,,0,
BIOMD0000001092,R_HEX1,M_atp_c + M_glc__D_c => M_adp_c + M_g6p_c + M_h_c,R00299,R00299,1,,chebi,3393,False,True,,0,
BIOMD0000001092,R_HEX4,M_atp_c + M_man_c => M_adp_c + M_h_c + M_man6p_c,R01326,R01326,1,,chebi,3393,False,True,,0,
BIOMD0000001092,R_HEX7,M_atp_c + M_fru_c => M_adp_c + M_f6p_c + M_h_c,R00867,R00867,1,,chebi,3393,False,True,,0,
BIOMD0000001092,R_HISTD,M_h2o_c + M_histd_c + 2 M_nad_c => 3 M_h_c + M_his__L_c + 2 M_nadh_c,R01158,R01158,1,,chebi,3393,False,True,,0,
BIOMD0000001092,R_HISTP,M_h2o_c + M_hisp_c => M_histd_c + M_pi_c,R03013,R03013,1,,chebi,3393,False,True,,0,
BIOMD0000001092,R_HPYRRx,M_h_c + M_hpyr_c + M_nadh_c <=> M_glyc__R_c + M_nad_c,R01388,R01388,1,,chebi,3393,False,True,,0,
BIOMD0000001092,R_HSDy,M_hom__L_c + M_nadp_c <=> M_aspsa_c + M_h_c + M_nadph_c,R01775,R01775,1,,chebi,3393,False,True,,0,
BIOMD0000001092,R_HSERTA,M_accoa_c + M_hom__L_c <=> M_coa_c + M_achms_c,R01776,R01776,1,,chebi,3393,False,True,,0,
BIOMD0000001092,R_HSK,M_atp_c + M_hom__L_c => M_adp_c + M_h_c + M_phom_c,R01771,R01771,1,,chebi,3393,False,True,,0,
BIOMD0000001092,R_HSTPT,M_glu__L_c + M_imacp_c <=> M_akg_c + M_hisp_c,R03243,R03243,1,,chebi,3393,False,True,,0,
BIOMD0000001092,R_HXPRT,M_hxan_c + M_prpp_c => M_imp_c + M_ppi_c,R01132,R01132,1,,chebi,3393,False,True,,0,
BIOMD0000001092,R_ICDHyr,M_icit_c + M_nadp_c <=> M_akg_c + M_co2_c + M_nadph_c,R00267,R00267,1,,chebi,3393,False,True,,0,
BIOMD0000001092,R_IG3PS,M_gln__L_c + M_prlp_c => M_aicar_c + M_eig3p_c + M_glu__L_c + M_h_c,R04558,R04558,1,,chebi,3393,False,True,,0,
BIOMD0000001092,R_IGPDH,M_eig3p_c => M_h2o_c + M_imacp_c,R03457,R03457,1,,chebi,3393,False,True,,0,
BIOMD0000001092,R_IGPS,M_2cpr5p_c + M_h_c => M_3ig3p_c + M_co2_c + M_h2o_c,R03508,R03508,1,,chebi,3393,False,True,,0,
BIOMD0000001092,R_ILETA,M_akg_c + M_ile__L_c <=> M_3mop_c + M_glu__L_c,R02199,R02199,1,,chebi,3393,False,True,,0,
BIOMD0000001092,R_IMPC,M_h2o_c + M_imp_c <=> M_fprica_c,R01127,R01127,1,,chebi,3393,False,True,,0,
BIOMD0000001092,R_IMPD,M_h2o_c + M_imp_c + M_nad_c => M_h_c + M_nadh_c + M_xmp_c,R01130,R01130,1,,chebi,3393,False,True,,0,
BIOMD0000001092,R_IPDDI,M_ipdp_c <=> M_dmpp_c,R01123,R01123,1,,chebi,3393,False,True,,0,
BIOMD0000001092,R_IPMD,M_3c2hmp_c + M_nad_c <=> M_3c4mop_c + M_h_c + M_nadh_c,R04426,R04426,1,,chebi,3393,False,True,,0,
BIOMD0000001092,R_IPPMIa,M_3c2hmp_c <=> M_2ippm_c + M_h2o_c,R04001,R04001,1,,chebi,3393,False,True,,0,
BIOMD0000001092,R_IPPMIb,M_2ippm_c + M_h2o_c <=> M_3c3hmp_c,R03968,R03968,1,,chebi,3393,False,True,,0,
BIOMD0000001092,R_IPPS,M_3mob_c + M_accoa_c + M_h2o_c => M_3c3hmp_c + M_coa_c + M_h_c,R01213,R01213,1,,chebi,3393,False,True,,0,
BIOMD0000001092,R_KARA1,M_23dhmb_c + M_nadp_c <=> M_alac__S_c + M_h_c + M_nadph_c,R04439,R04439,1,,chebi,3393,False,True,,0,
BIOMD0000001092,R_KAS14,M_acetyl_c + M_mal_c => M_act_c + M_co2_c,R04355,R04355,1,,chebi,3393,False,True,,0,
BIOMD0000001092,R_LACZ,M_h2o_c + M_lcts_c => M_gal_c + M_glc__D_c,R01100;R06114,R01100,2,,chebi,3393,False,True,,0,
BIOMD0000001092,R_LCADi,M_h2o_c + M_lald__L_c + M_nad_c <=> 2 M_h_c + M_lac__L_c + M_nadh_c,R01446,R01446,1,,chebi,3393,False,True,,0,
BIOMD0000001092,R_LDH_L,M_nad_c + M_lac__L_c <=> M_h_c + M_nadh_c + M_pyr_c,R00703,R00703,1,,chebi,3393,False,True,,0,
BIOMD0000001092,R_LEUTA,M_akg_c + M_leu__L_c <=> M_4mop_c + M_glu__L_c,R01090,R01090,1,,chebi,3393,False,True,,0,
BIOMD0000001092,R_LYSDC,M_h_c + M_lys__L_c => M_15dap_c + M_co2_c,R00462,R00462,1,,chebi,3393,False,True,,0,
BIOMD0000001092,R_MALT,M_h2o_c + M_malt_c => 2 M_glc__D_c,R00028,R00028,1,,chebi,3393,False,True,,0,
BIOMD0000001092,R_MAN6PI,M_man6p_c <=> M_f6p_c,R01819,R01819,1,,chebi,3393,False,True,,0,
BIOMD0000001092,R_MANAO,M_mana_c + M_nad_c <=> M_fruur_c + M_h_c + M_nadh_c,R02454,R02454,1,,chebi,3393,False,True,,0,
BIOMD0000001092,R_MCOATA,M_malcoa_c <=> M_coa_c + M_mal_c,R01626,R01626,1,,chebi,3393,False,True,,0,
BIOMD0000001092,R_MDH,M_mal__L_c + M_nad_c <=> M_h_c + M_nadh_c + M_oaa_c,R00342,R00342,1,,chebi,3393,False,True,,0,
BIOMD0000001092,R_ME1,M_mal__L_c + M_nad_c => M_co2_c + M_nadh_c + M_pyr_c,R00214,R00214,1,,chebi,3393,False,True,,0,
BIOMD0000001092,R_MECDPS,M_2p4c2me_c => M_2mecdp_c + M_cmp_c,R05637,R05637,1,,chebi,3393,False,True,,0,
BIOMD0000001092,R_MEPCT,M_2me4p_c + M_ctp_c + M_h_c => M_4c2me_c + M_ppi_c,R05633,R05633,1,,chebi,3393,False,True,,0,
BIOMD0000001092,R_METAT,M_atp_c + M_h2o_c + M_met__L_c => M_amet_c + M_pi_c + M_ppi_c,R00177,R00177,1,,chebi,3393,False,True,,0,
BIOMD0000001092,R_METB1,M_cys__L_c + M_achms_c <=> M_ac_c + M_cyst__L_c + M_h_c,R03217,R03217,1,,chebi,3393,False,True,,0,
BIOMD0000001092,R_METS,M_5mthf_c + M_hcys__L_c => M_h_c + M_met__L_c + M_thf_c,R00946,R00946,1,,chebi,3393,False,True,,0,
BIOMD0000001092,R_MNLDH2,M_nad_c + M_mnl_c => M_fru_c + M_h_c + M_nadh_c,R00868,R00868,1,,chebi,3393,False,True,,0,
BIOMD0000001092,R_MNLDHr,M_nad_c + M_mnl_c <=> M_h_c + M_man_c + M_nadh_c,R07135,R07135,1,,chebi,3393,False,True,,0,
BIOMD0000001092,R_MNNH,M_mana_c <=> M_2ddglcn_c + M_h2o_c,R05606,R05606,1,,chebi,3393,False,True,,0,
BIOMD0000001092,R_MOHMT,M_3mob_c + M_h2o_c + M_mlthf_c => M_2dhp_c + M_thf_c,R01226,R01226,1,,chebi,3393,False,True,,0,
BIOMD0000001092,R_MTHFC,M_h2o_c + M_methf_c <=> M_10fthf_c + M_h_c,R01655,R01655,1,,chebi,3393,False,True,,0,
BIOMD0000001092,R_MTHFD,M_mlthf_c + M_nadp_c <=> M_methf_c + M_nadph_c,R01220,R01220,1,,chebi,3393,False,True,,0,
BIOMD0000001092,R_MTHFR2,2 M_h_c + M_mlthf_c + M_nadh_c <=> M_5mthf_c + M_nad_c,R07168,R07168,1,,chebi,3393,False,True,,0,
BIOMD0000001092,R_NADK,M_atp_c + M_nad_c => M_adp_c + M_h_c + M_nadp_c,R00104,R00104,1,,chebi,3393,False,True,,0,
BIOMD0000001092,R_NADS1,M_atp_c + M_dnad_c + M_nh4_c => M_amp_c + M_h_c + M_nad_c + M_ppi_c,R00189,R00189,1,,chebi,3393,False,True,,0,
BIOMD0000001092,R_NAMNPP,M_atp_c + M_h2o_c + M_nac_c + M_prpp_c => M_adp_c + M_nicrnt_c + M_pi_c + M_ppi_c,R01724,R01724,1,,chebi,3393,False,True,,0,
BIOMD0000001092,R_NDPK1,M_atp_c + M_gdp_c <=> M_adp_c + M_gtp_c,R00330,R00330,1,,chebi,3393,False,True,,0,
BIOMD0000001092,R_NDPK2,M_atp_c + M_udp_c <=> M_adp_c + M_utp_c,R00156,R00156,1,,chebi,3393,False,True,,0,
BIOMD0000001092,R_NDPK3,M_atp_c + M_cdp_c <=> M_adp_c + M_ctp_c,R00570,R00570,1,,chebi,3393,False,True,,0,
BIOMD0000001092,R_NDPK4,M_atp_c + M_dtdp_c <=> M_adp_c + M_dttp_c,R02093,R02093,1,,chebi,3393,False,True,,0,
BIOMD0000001092,R_NDPK5,M_atp_c + M_dgdp_c <=> M_adp_c + M_dgtp_c,R01857,R01857,1,,chebi,3393,False,True,,0,
BIOMD0000001092,R_NDPK7,M_atp_c + M_dcdp_c <=> M_adp_c + M_dctp_c,R02326,R02326,1,,chebi,3393,False,True,,0,
BIOMD0000001092,R_NDPK8,M_atp_c + M_dadp_c <=> M_adp_c + M_datp_c,R01137,R01137,1,,chebi,3393,False,True,,0,
BIOMD0000001092,R_NMNAT,M_atp_c + M_h_c + M_nmn_c <=> M_nad_c + M_ppi_c,R00137,R00137,1,,chebi,3393,False,True,,0,
BIOMD0000001092,R_NMNHYD,M_h2o_c + M_nmn_c => M_pi_c + M_rnam_c,R02323,R02323,1,,chebi,3393,False,True,,0,
BIOMD0000001092,R_NNAM,M_h2o_c + M_ncam_c => M_nac_c + M_nh4_c,R01268,R01268,1,,chebi,3393,False,True,,0,
BIOMD0000001092,R_NNATr,M_atp_c + M_h_c + M_nicrnt_c <=> M_dnad_c + M_ppi_c,R03005,R03005,1,,chebi,3393,False,True,,0,
BIOMD0000001092,R_NNDPR,2 M_h_c + M_prpp_c + M_quln_c => M_co2_c + M_nicrnt_c + M_ppi_c,R03348,R03348,1,,chebi,3393,False,True,,0,
BIOMD0000001092,R_NNOR,M_nad_c + M_nadph_c <=> M_nadh_c + M_nadp_c,R00112,R00112,1,,chebi,3393,False,True,,0,
BIOMD0000001092,R_NP1,M_h_c + M_nac_c + M_r1p_c <=> M_pi_c + M_nicrns_c,R02295,R02295,1,,chebi,3393,False,True,,0,
BIOMD0000001092,R_NT5C,M_h2o_c + M_nicrnt_c => M_pi_c + M_nicrns_c,R03346,R03346,1,,chebi,3393,False,True,,0,
BIOMD0000001092,R_NTD1,M_dump_c + M_h2o_c => M_duri_c + M_pi_c,R02102,R02102,1,,chebi,3393,False,True,,0,
BIOMD0000001092,R_NTD10,M_h2o_c + M_xmp_c => M_pi_c + M_xtsn_c,R02719,R02719,1,,chebi,3393,False,True,,0,
BIOMD0000001092,R_NTD11,M_h2o_c + M_imp_c => M_ins_c + M_pi_c,R01126,R01126,1,,chebi,3393,False,True,,0,
BIOMD0000001092,R_NTD2,M_h2o_c + M_ump_c => M_pi_c + M_uri_c,R00963,R00963,1,,chebi,3393,False,True,,0,
BIOMD0000001092,R_NTD3,M_dcmp_c + M_h2o_c => M_dcyt_c + M_pi_c,R01664,R01664,1,,chebi,3393,False,True,,0,
BIOMD0000001092,R_NTD4,M_cmp_c + M_h2o_c => M_cytd_c + M_pi_c,R00511,R00511,1,,chebi,3393,False,True,,0,
BIOMD0000001092,R_NTD5,M_dtmp_c + M_h2o_c => M_pi_c + M_thymd_c,R01569,R01569,1,,chebi,3393,False,True,,0,
BIOMD0000001092,R_NTD6,M_damp_c + M_h2o_c => M_dad_2_c + M_pi_c,R02088,R02088,1,,chebi,3393,False,True,,0,
BIOMD0000001092,R_NTD7,M_amp_c + M_h2o_c => M_adn_c + M_pi_c,R00183,R00183,1,,chebi,3393,False,True,,0,
BIOMD0000001092,R_NTD8,M_dgmp_c + M_h2o_c => M_dgsn_c + M_pi_c,R01968,R01968,1,,chebi,3393,False,True,,0,
BIOMD0000001092,R_NTD9,M_gmp_c + M_h2o_c => M_gsn_c + M_pi_c,R01227,R01227,1,,chebi,3393,False,True,,0,
BIOMD0000001092,R_NTPP1,M_dgtp_c + M_h2o_c => M_dgmp_c + M_h_c + M_ppi_c,R01855,R01855,1,,chebi,3393,False,True,,0,
BIOMD0000001092,R_NTPP2,M_gtp_c + M_h2o_c => M_gmp_c + M_h_c + M_ppi_c,R00426,R00426,1,,chebi,3393,False,True,,0,
BIOMD0000001092,R_NTPP3,M_dctp_c + M_h2o_c => M_dcmp_c + M_h_c + M_ppi_c,R01668,R01668,1,,chebi,3393,False,True,,0,
BIOMD0000001092,R_NTPP4,M_ctp_c + M_h2o_c => M_cmp_c + M_h_c + M_ppi_c,R00515,R00515,1,,chebi,3393,False,True,,0,
BIOMD0000001092,R_NTPP6,M_atp_c + M_h2o_c => M_amp_c + M_h_c + M_ppi_c,R00087,R00087,1,,chebi,3393,False,True,,0,
BIOMD0000001092,R_NTPP7,M_dttp_c + M_h2o_c => M_dtmp_c + M_h_c + M_ppi_c,R11323,R11323,1,,chebi,3393,False,True,,0,
BIOMD0000001092,R_NTPP8,M_h2o_c + M_utp_c => M_h_c + M_ppi_c + M_ump_c,R00662,R00662,1,,chebi,3393,False,True,,0,
BIOMD0000001092,R_OAADC,M_h_c + M_oaa_c => M_co2_c + M_pyr_c,R00217,R00217,1,,chebi,3393,False,True,,0,
BIOMD0000001092,R_OCBT,M_cbp_c + M_orn_c <=> M_citr__L_c + M_h_c + M_pi_c,R01398,R01398,1,,chebi,3393,False,True,,0,
BIOMD0000001092,R_OGMES,M_h2o_c + M_mal_c + M_malcoame_c => M_co2_c + M_coa_c + M_ogme_c,R10121,R10121,1,,chebi,3393,False,True,,0,
BIOMD0000001092,R_OMCDC,M_3c4mop_c + M_h_c => M_4mop_c + M_co2_c,R01652,R01652,1,,chebi,3393,False,True,,0,
BIOMD0000001092,R_OMPDC,M_h_c + M_orot5p_c => M_co2_c + M_ump_c,R00965,R00965,1,,chebi,3393,False,True,,0,
BIOMD0000001092,R_ORNDC,M_h_c + M_orn_c => M_co2_c + M_ptrc_c,R00670,R00670,1,,chebi,3393,False,True,,0,
BIOMD0000001092,R_ORNTA,M_akg_c + M_orn_c => M_glu__L_c + M_glu5sa_c,R00667,R00667,1,,chebi,3393,False,True,,0,
BIOMD0000001092,R_ORNTAC,M_acorn_c + M_glu__L_c <=> M_acglu_c + M_orn_c,R02282,R02282,1,,chebi,3393,False,True,,0,
BIOMD0000001092,R_ORPT,M_orot5p_c + M_ppi_c <=> M_orot_c + M_prpp_c,R01870,R01870,1,,chebi,3393,False,True,,0,
BIOMD0000001092,R_OXADC,M_h_c + M_oxa_c => M_co2_c + M_for_c,R00522,R00522,1,,chebi,3393,False,True,,0,
BIOMD0000001092,R_P5CR,M_1pyr5c_c + 2 M_h_c + M_nadph_c <=> M_nadp_c + M_pro__L_c,R01251,R01251,1,,chebi,3393,False,True,,0,
BIOMD0000001092,R_PANTS,M_ala_B_c + M_atp_c + M_pant__R_c => M_amp_c + M_h_c + M_pnto__R_c + M_ppi_c,R02473,R02473,1,,chebi,3393,False,True,,0,
BIOMD0000001092,R_PAPSR,M_paps_c + M_trdrd_c => 2 M_h_c + M_pap_c + M_so3_c + M_trdox_c,R02021,R02021,1,,chebi,3393,False,True,,0,
BIOMD0000001092,R_PC,M_atp_c + M_hco3_c + M_pyr_c => M_adp_c + M_h_c + M_oaa_c + M_pi_c,R00344,R00344,1,,chebi,3393,False,True,,0,
BIOMD0000001092,R_PGAMT,M_gam6p_c => M_gam1p_c,R02060,R02060,1,,chebi,3393,False,True,,0,
BIOMD0000001092,R_PGK,M_atp_c + M_3pg_c <=> M_adp_c + M_13dpg_c,R01512,R01512,1,,chebi,3393,False,True,,0,
BIOMD0000001092,R_PGL,M_h2o_c + M_6pgl_c => M_h_c + M_6pgc_c,R02035,R02035,1,,chebi,3393,False,True,,0,
BIOMD0000001092,R_PGM,M_2pg_c <=> M_3pg_c,R01518,R01518,1,,chebi,3393,False,True,,0,
BIOMD0000001092,R_PGMT,M_g1p_c <=> M_g6p_c,R08639,R08639,1,,chebi,3393,False,True,,0,
BIOMD0000001092,R_PHETA1,M_akg_c + M_phe__L_c <=> M_glu__L_c + M_phpyr_c,R00694,R00694,1,,chebi,3393,False,True,,0,
BIOMD0000001092,R_PLS_RQ7,100 M_glycogen_c => 100 M_pls_RQ7_c,R09725,R09725,1,,chebi,3393,False,True,,0,
BIOMD0000001092,R_PMDPHT,M_5aprbu_c + M_h2o_c => M_4r5au_c + M_pi_c,R07280,R07280,1,,chebi,3393,False,True,,0,
BIOMD0000001092,R_PNP,M_pi_c + M_rnam_c <=> M_h_c + M_ncam_c + M_r1p_c,R02294,R02294,1,,chebi,3393,False,True,,0,
BIOMD0000001092,R_PNTK,M_atp_c + M_pnto__R_c => M_4ppan_c + M_adp_c + M_h_c,R03018,R03018,1,,chebi,3393,False,True,,0,
BIOMD0000001092,R_PPA,M_h2o_c + M_ppi_c => M_h_c + 2 M_pi_c,R00004,R00004,1,,chebi,3393,False,True,,0,
BIOMD0000001092,R_PPCDC,M_4ppcys_c + M_h_c => M_co2_c + M_pan4p_c,R03269,R03269,1,,chebi,3393,False,True,,0,
BIOMD0000001092,R_PPDK,M_atp_c + M_pi_c + M_pyr_c => M_amp_c + M_h_c + M_pep_c + M_ppi_c,R00206,R00206,1,,chebi,3393,False,True,,0,
BIOMD0000001092,R_PPM2,M_2dr1p_c <=> M_2dr5p_c,R02749,R02749,1,,chebi,3393,False,True,,0,
BIOMD0000001092,R_PPNCL2,M_4ppan_c + M_ctp_c + M_cys__L_c => M_4ppcys_c + M_cmp_c + M_h_c + M_ppi_c,R04231,R04231,1,,chebi,3393,False,True,,0,
BIOMD0000001092,R_PPND,M_nad_c + M_pphn_c => M_34hpp_c + M_co2_c + M_nadh_c,R01728,R01728,1,,chebi,3393,False,True,,0,
BIOMD0000001092,R_PPNDH,M_h_c + M_pphn_c => M_co2_c + M_h2o_c + M_phpyr_c,R01373,R01373,1,,chebi,3393,False,True,,0,
BIOMD0000001092,R_PRAGSr,M_atp_c + M_gly__L_c + M_pram_c => M_adp_c + M_gar_c + M_h_c + M_pi_c,R04144,R04144,1,,chebi,3393,False,True,,0,
BIOMD0000001092,R_PRAIi,M_pran_c <=> M_2cpr5p_c,R03509,R03509,1,,chebi,3393,False,True,,0,
BIOMD0000001092,R_PRAMPC,M_h2o_c + M_prbamp_c => M_prfp_c,R04037,R04037,1,,chebi,3393,False,True,,0,
BIOMD0000001092,R_PRASCSi,M_5aizc_c + M_asp__L_c + M_atp_c <=> M_25aics_c + M_adp_c + M_h_c + M_pi_c,R04591,R04591,1,,chebi,3393,False,True,,0,
BIOMD0000001092,R_PRATPP,M_h2o_c + M_prbatp_c => M_h_c + M_ppi_c + M_prbamp_c,R04035,R04035,1,,chebi,3393,False,True,,0,
BIOMD0000001092,R_PRMICI,M_prfp_c => M_prlp_c,R04640,R04640,1,,chebi,3393,False,True,,0,
BIOMD0000001092,R_PSCVT,M_pep_c + M_skm5p_c <=> M_3psme_c + M_pi_c,R03460,R03460,1,,chebi,3393,False,True,,0,
BIOMD0000001092,R_PTAr,M_accoa_c + M_pi_c <=> M_actp_c + M_coa_c,R00230,R00230,1,,chebi,3393,False,True,,0,
BIOMD0000001092,R_PTPATi,M_atp_c + M_h_c + M_pan4p_c <=> M_dpcoa_c + M_ppi_c,R03035,R03035,1,,chebi,3393,False,True,,0,
BIOMD0000001092,R_PUNP1,M_adn_c + M_pi_c <=> M_ade_c + M_r1p_c,R01561,R01561,1,,chebi,3393,False,True,,0,
BIOMD0000001092,R_PUNP2,M_dad_2_c + M_pi_c <=> M_2dr1p_c + M_ade_c,R02557,R02557,1,,chebi,3393,False,True,,0,
BIOMD0000001092,R_PUNP3,M_gsn_c + M_pi_c <=> M_gua_c + M_r1p_c,R02147,R02147,1,,chebi,3393,False,True,,0,
BIOMD0000001092,R_PUNP4,M_dgsn_c + M_pi_c <=> M_2dr1p_c + M_gua_c,R01969,R01969,1,,chebi,3393,False,True,,0,
BIOMD0000001092,R_PUNP5,M_ins_c + M_pi_c <=> M_hxan_c + M_r1p_c,R01863,R01863,1,,chebi,3393,False,True,,0,
BIOMD0000001092,R_PYK,M_h_c + M_adp_c + M_pep_c => M_atp_c + M_pyr_c,R00200,R00200,1,,chebi,3393,False,True,,0,
BIOMD0000001092,R_PYNP1,M_csn_c + M_r1p_c => M_cytd_c + M_pi_c,R02296,R02296,1,,chebi,3393,False,True,,0,
BIOMD0000001092,R_QULNS,M_dhap_c + M_iasp_c => 2 M_h2o_c + M_pi_c + M_quln_c,R04292,R04292,1,,chebi,3393,False,True,,0,
BIOMD0000001092,R_RBFK,M_atp_c + M_ribflv_c => M_adp_c + M_fmn_c + M_h_c,R00549,R00549,1,,chebi,3393,False,True,,0,
BIOMD0000001092,R_RBFSa,M_4r5au_c + M_db4p_c => M_dmlz_c + 2 M_h2o_c + M_pi_c,R04457,R04457,1,,chebi,3393,False,True,,0,
BIOMD0000001092,R_RBFSb,2 M_dmlz_c => M_4r5au_c + M_ribflv_c,R00066,R00066,1,,chebi,3393,False,True,,0,
BIOMD0000001092,R_RBK_L1,M_atp_c + M_rbl__L_c <=> M_adp_c + M_h_c + M_ru5p__L_c,R02439,R02439,1,,chebi,3393,False,True,,0,
BIOMD0000001092,R_RBP4E,M_ru5p__L_c <=> M_xu5p__D_c,R05850,R05850,1,,chebi,3393,False,True,,0,
BIOMD0000001092,R_RMI,M_rmn_c <=> M_rml_c,R02437,R02437,1,,chebi,3393,False,True,,0,
BIOMD0000001092,R_RMK,M_atp_c + M_rml_c => M_adp_c + M_h_c + M_rml1p_c,R03014,R03014,1,,chebi,3393,False,True,,0,
BIOMD0000001092,R_RMPA,M_rml1p_c <=> M_dhap_c + M_lald__L_c,R02263,R02263,1,,chebi,3393,False,True,,0,
BIOMD0000001092,R_RNDR1,M_adp_c + M_trdrd_c => M_dadp_c + M_h2o_c + M_trdox_c,R02017,R02017,1,,chebi,3393,False,True,,0,
BIOMD0000001092,R_RNDR2,M_gdp_c + M_trdrd_c => M_dgdp_c + M_h2o_c + M_trdox_c,R02019,R02019,1,,chebi,3393,False,True,,0,
BIOMD0000001092,R_RNDR3,M_cdp_c + M_trdrd_c => M_dcdp_c + M_h2o_c + M_trdox_c,R02024,R02024,1,,chebi,3393,False,True,,0,
BIOMD0000001092,R_RNDR4,M_trdrd_c + M_udp_c => M_dudp_c + M_h2o_c + M_trdox_c,R02018,R02018,1,,chebi,3393,False,True,,0,
BIOMD0000001092,R_RNTR1,M_atp_c + M_trdrd_c => M_datp_c + M_h2o_c + M_trdox_c,R02014,R02014,1,,chebi,3393,False,True,,0,
BIOMD0000001092,R_RNTR2,M_gtp_c + M_trdrd_c => M_dgtp_c + M_h2o_c + M_trdox_c,R02020,R02020,1,,chebi,3393,False,True,,0,
BIOMD0000001092,R_RNTR3,M_ctp_c + M_trdrd_c => M_dctp_c + M_h2o_c + M_trdox_c,R02022,R02022,1,,chebi,3393,False,True,,0,
BIOMD0000001092,R_RNTR4,M_trdrd_c + M_utp_c => M_dutp_c + M_h2o_c + M_trdox_c,R02023,R02023,1,,chebi,3393,False,True,,0,
BIOMD0000001092,R_RPE,M_ru5p__D_c <=> M_xu5p__D_c,R01529,R01529,1,,chebi,3393,False,True,,0,
BIOMD0000001092,R_SADT,M_atp_c + M_h_c + M_so4_c => M_aps_c + M_ppi_c,R00529,R00529,1,,chebi,3393,False,True,,0,
BIOMD0000001092,R_SERAT,M_accoa_c + M_ser__L_c <=> M_acser_c + M_coa_c,R00586,R00586,1,,chebi,3393,False,True,,0,
BIOMD0000001092,R_SERD_L,M_ser__L_c <=> M_nh4_c + M_pyr_c,R00220;R00223,R00220,2,,chebi,3393,False,True,,0,
BIOMD0000001092,R_SHK3Dr,M_3dhsk_c + M_h_c + M_nadph_c <=> M_nadp_c + M_skm_c,R02413,R02413,1,,chebi,3393,False,True,,0,
BIOMD0000001092,R_SHKK,M_atp_c + M_skm_c => M_adp_c + M_h_c + M_skm5p_c,R02412,R02412,1,,chebi,3393,False,True,,0,
BIOMD0000001092,R_SHSL1,M_cys__L_c + M_suchms_c => M_cyst__L_c + M_h_c + M_succ_c,R03260,R03260,1,,chebi,3393,False,True,,0,
BIOMD0000001092,R_SHSL2r,M_h2s_c + M_suchms_c <=> M_h_c + M_hcys__L_c + M_succ_c,R01288,R01288,1,,chebi,3393,False,True,,0,
BIOMD0000001092,R_SHSL4r,M_h2o_c + M_suchms_c <=> M_2obut_c + M_h_c + M_nh4_c + M_succ_c,R00999,R00999,1,,chebi,3393,False,True,,0,
BIOMD0000001092,R_SPMS,M_ametam_c + M_ptrc_c => M_5mta_c + M_h_c + M_spmd_c,R01920,R01920,1,,chebi,3393,False,True,,0,
BIOMD0000001092,R_SPRMS,M_ametam_c + M_spmd_c => M_5mta_c + M_h_c + M_sprm_c,R02869,R02869,1,,chebi,3393,False,True,,0,
BIOMD0000001092,R_SPTc,M_pyr_c + M_ser__L_c <=> M_ala__L_c + M_hpyr_c,R00585,R00585,1,,chebi,3393,False,True,,0,
BIOMD0000001092,R_SUCR,M_h2o_c + M_sucr_c => M_fru_c + M_glc__D_c,R00801;R06087,R00801,2,,chebi,3393,False,True,,0,
BIOMD0000001092,R_SULR,5 M_h_c + 3 M_nadph_c + M_so3_c => 3 M_h2o_c + M_h2s_c + 3 M_nadp_c,R00858,R00858,1,,chebi,3393,False,True,,0,
BIOMD0000001092,R_TALA,M_g3p_c + M_s7p_c <=> M_e4p_c + M_f6p_c,R01827,R01827,1,,chebi,3393,False,True,,0,
BIOMD0000001092,R_THPAT,M_accoa_c + M_h2o_c + M_thdp_c => M_coa_c + M_nal2a6o_c,R04364,R04364,1,,chebi,3393,False,True,,0,
BIOMD0000001092,R_THRA,M_thr__L_c <=> M_acald_c + M_gly__L_c,R00751,R00751,1,,chebi,3393,False,True,,0,
BIOMD0000001092,R_THRS,M_h2o_c + M_phom_c => M_pi_c + M_thr__L_c,R01466,R01466,1,,chebi,3393,False,True,,0,
BIOMD0000001092,R_TKT2,M_e4p_c + M_xu5p__D_c <=> M_f6p_c + M_g3p_c,R01830,R01830,1,,chebi,3393,False,True,,0,
BIOMD0000001092,R_TMDK1,M_atp_c + M_thymd_c => M_adp_c + M_dtmp_c + M_h_c,R01567,R01567,1,,chebi,3393,False,True,,0,
BIOMD0000001092,R_TMDS3,M_dump_c + M_h_c + M_mlthf_c + M_nadph_c => M_dtmp_c + M_nadp_c + M_thf_c,R06613,R06613,1,,chebi,3393,False,True,,0,
BIOMD0000001092,R_TMPK,M_atp_c + M_thmmp_c <=> M_adp_c + M_thmpp_c,R00617,R00617,1,,chebi,3393,False,True,,0,
BIOMD0000001092,R_TMPPP,M_2mahmp_c + M_4mpetz_c + M_h_c => M_ppi_c + M_thmmp_c,R03223,R03223,1,,chebi,3393,False,True,,0,
BIOMD0000001092,R_TPI,M_dhap_c <=> M_g3p_c,R01015,R01015,1,,chebi,3393,False,True,,0,
BIOMD0000001092,R_TRDR,M_h_c + M_nadph_c + M_trdox_c => M_nadp_c + M_trdrd_c,R02016,R02016,1,,chebi,3393,False,True,,0,
BIOMD0000001092,R_TREH,M_h2o_c + M_tre_c => 2 M_glc__D_c,R00010;R06103,R00010,2,,chebi,3393,False,True,,0,
BIOMD0000001092,R_TRPAS2,M_h2o_c + M_trp__L_c => M_indole_c + M_nh4_c + M_pyr_c,R00673,R00673,1,,chebi,3393,False,True,,0,
BIOMD0000001092,R_TRPS1,M_3ig3p_c + M_ser__L_c <=> M_g3p_c + M_h2o_c + M_trp__L_c,R02722,R02722,1,,chebi,3393,False,True,,0,
BIOMD0000001092,R_TRPS2,M_indole_c + M_ser__L_c => M_h2o_c + M_trp__L_c,R00674,R00674,1,,chebi,3393,False,True,,0,
BIOMD0000001092,R_TRPS3,M_3ig3p_c => M_g3p_c + M_indole_c,R02340,R02340,1,,chebi,3393,False,True,,0,
BIOMD0000001092,R_TRQ7_GL2,M_glyc_c + 2 M_palm_c + 2 M_udpg_c + 2 M_h_c => 2 M_h2o_c + 2 M_udp_c + M_gl2_c,R09531,R09531,1,,chebi,3393,False,True,,0,
BIOMD0000001092,R_TYRTA,M_akg_c + M_tyr__L_c <=> M_34hpp_c + M_glu__L_c,R00734,R00734,1,,chebi,3393,False,True,,0,
BIOMD0000001092,R_UAAGLS2,M_atp_c + M_lys__L_c + M_uamag_c => M_adp_c + M_h_c + M_pi_c + M_uGgl_c,R02786,R02786,1,,chebi,3393,False,True,,0,
BIOMD0000001092,R_UAGCVT,M_pep_c + M_uacgam_c <=> M_pi_c + M_uaccg_c,R00660,R00660,1,,chebi,3393,False,True,,0,
BIOMD0000001092,R_UAGPT2,M_uacgam_c + M_uaGgla_c => M_h_c + M_udp_c + M_uaaGgla_c,R05662;R06173,R05662,2,,chebi,3393,False,True,,0,
BIOMD0000001092,R_UAMAGS,M_atp_c + M_glu__D_c + M_uama_c => M_adp_c + M_h_c + M_pi_c + M_uamag_c,R02783,R02783,1,,chebi,3393,False,True,,0,
BIOMD0000001092,R_UAMAS,M_ala__L_c + M_atp_c + M_uamr_c => M_adp_c + M_h_c + M_pi_c + M_uama_c,R03193,R03193,1,,chebi,3393,False,True,,0,
BIOMD0000001092,R_UAPGR,M_h_c + M_nadph_c + M_uaccg_c => M_nadp_c + M_uamr_c,R03192,R03192,1,,chebi,3393,False,True,,0,
BIOMD0000001092,R_UDPG4E,M_udpg_c <=> M_udpgal_c,R00291,R00291,1,,chebi,3393,False,True,,0,
BIOMD0000001092,R_UDPGD,M_h2o_c + 2 M_nad_c + M_udpg_c => 3 M_h_c + 2 M_nadh_c + M_udpglcur_c,R00286,R00286,1,,chebi,3393,False,True,,0,
BIOMD0000001092,R_UMPK,M_atp_c + M_ump_c => M_adp_c + M_udp_c,R00158,R00158,1,,chebi,3393,False,True,,0,
BIOMD0000001092,R_UPPRT,M_prpp_c + M_ura_c => M_ppi_c + M_ump_c,R00966,R00966,1,,chebi,3393,False,True,,0,
BIOMD0000001092,R_URIDK2r,M_atp_c + M_dump_c <=> M_adp_c + M_dudp_c,R02098,R02098,1,,chebi,3393,False,True,,0,
BIOMD0000001092,R_URIK1,M_atp_c + M_uri_c => M_adp_c + M_h_c + M_ump_c,R00964,R00964,1,,chebi,3393,False,True,,0,
BIOMD0000001092,R_URIK2,M_gtp_c + M_uri_c => M_gdp_c + M_h_c + M_ump_c,R00968,R00968,1,,chebi,3393,False,True,,0,
BIOMD0000001092,R_VALTA,M_akg_c + M_val__L_c <=> M_3mob_c + M_glu__L_c,R01214,R01214,1,,chebi,3393,False,True,,0,
BIOMD0000001092,R_XPPT,M_prpp_c + M_xan_c => M_ppi_c + M_xmp_c,R02142,R02142,1,,chebi,3393,False,True,,0,
BIOMD0000001092,R_XYLI1,M_xyl__D_c <=> M_xylu__D_c,R01432,R01432,1,,chebi,3393,False,True,,0,
BIOMD0000001092,R_XYLI2,M_glc__D_c <=> M_fru_c,R00307,R00307,1,,chebi,3393,False,True,,0,
BIOMD0000001092,R_XYLK,M_atp_c + M_xylu__D_c => M_adp_c + M_h_c + M_xu5p__D_c,R01639,R01639,1,,chebi,3393,False,True,,0,
BIOMD0000001093,R_1PPDCRc,M_1pipdn2c_c + M_h_c + M_nadph_c => M_Lpipecol_c + M_nadp_c,R02203,R02203,1,,chebi,8636,False,True,,0,
BIOMD0000001093,R_2DHGLCK,M_2dhglcn_c + M_atp_c + 2 M_h_c => M_6p2dhglcn_c + M_adp_c,R02658,R02658,1,,chebi,8636,False,True,,0,
BIOMD0000001093,R_34HPPOR,M_34hpp_c + M_o2_c => M_co2_c + M_hgentis_c,R02521,R02521,1,,chebi,8636,False,True,,0,
BIOMD0000001093,R_3HAD100,M_3hdecACP_c => M_h2o_c + M_tdec2eACP_c,R04535,R04535,1,,chebi,8636,False,True,,0,
BIOMD0000001093,R_3HAD120,M_3hddecACP_c => M_h2o_c + M_tddec2eACP_c,R04965,R04965,1,,chebi,8636,False,True,,0,
BIOMD0000001093,R_3HAD140,M_3hmrsACP_c => M_h2o_c + M_tmrs2eACP_c,R04568,R04568,1,,chebi,8636,False,True,,0,
BIOMD0000001093,R_3HAD160,M_3hpalmACP_c => M_h2o_c + M_tpalm2eACP_c,R04544,R04544,1,,chebi,8636,False,True,,0,
BIOMD0000001093,R_3HAD180,M_3hoctaACP_c => M_h2o_c + M_toctd2eACP_c,R07764,R07764,1,,chebi,8636,False,True,,0,
BIOMD0000001093,R_3HAD60,M_3hhexACP_c => M_h2o_c + M_thex2eACP_c,R04954,R04954,1,,chebi,8636,False,True,,0,
BIOMD0000001093,R_3HAD80,M_3hoctACP_c => M_h2o_c + M_toct2eACP_c,R04537,R04537,1,,chebi,8636,False,True,,0,
BIOMD0000001093,R_3MBZALDH,M_3mbzalc_c + M_nad_c => M_3mbzald_c + M_h_c + M_nadh_c,R05347,R05347,1,,chebi,8636,False,True,,0,
BIOMD0000001093,R_3MCAT23DOX,M_3mcat_c + M_o2_c => M_cchoxod_c + M_h_c,R04089,R04089,1,,chebi,8636,False,True,,0,
BIOMD0000001093,R_3OADPCOAT,M_3oxoadp_c + M_succoa_c => M_oxadpcoa_c + M_succ_c,R02990,R02990,1,,chebi,8636,False,True,,0,
BIOMD0000001093,R_3OAR100,M_3odecACP_c + M_h_c + M_nadph_c <=> M_3hdecACP_c + M_nadp_c,R04534,R04534,1,,chebi,8636,False,True,,0,
BIOMD0000001093,R_3OAR120,M_3oddecACP_c + M_h_c + M_nadph_c <=> M_3hddecACP_c + M_nadp_c,R04964,R04964,1,,chebi,8636,False,True,,0,
BIOMD0000001093,R_3OAR140,M_3omrsACP_c + M_h_c + M_nadph_c <=> M_3hmrsACP_c + M_nadp_c,R04566,R04566,1,,chebi,8636,False,True,,0,
BIOMD0000001093,R_3OAR160,M_3opalmACP_c + M_h_c + M_nadph_c <=> M_3hpalmACP_c + M_nadp_c,R04543,R04543,1,,chebi,8636,False,True,,0,
BIOMD0000001093,R_3OAR60,M_3ohexACP_c + M_h_c + M_nadph_c <=> M_3hhexACP_c + M_nadp_c,R04953,R04953,1,,chebi,8636,False,True,,0,
BIOMD0000001093,R_3OAR80,M_3ooctACP_c + M_h_c + M_nadph_c <=> M_3hoctACP_c + M_nadp_c,R04536,R04536,1,,chebi,8636,False,True,,0,
BIOMD0000001093,R_3OXCOAT,M_coa_c + M_oxadpcoa_c => M_accoa_c + M_succoa_c,R00829,R00829,1,,chebi,8636,False,True,,0,
BIOMD0000001093,R_4CMCOAS,M_T4hcinnm_c + M_atp_c + M_coa_c => M_amp_c + M_coucoa_c + M_ppi_c,R01616,R01616,1,,chebi,8636,False,True,,0,
BIOMD0000001093,R_4CMLCL_kt,M_4cml_c + M_h_c => M_5odhf2a_c + M_co2_c,R03470,R03470,1,,chebi,8636,False,True,,0,
BIOMD0000001093,R_4HBHYOX,M_4hbz_c + M_h_c + M_nadph_c + M_o2_c => M_34dhbz_c + M_h2o_c + M_nadp_c,R01298,R01298,1,,chebi,8636,False,True,,0,
BIOMD0000001093,R_4HTHRS,M_h2o_c + M_phthr_c => M_4hthr_c + M_pi_c,R05086,R05086,1,,chebi,8636,False,True,,0,
BIOMD0000001093,R_4MBZALDH,M_4mbzalc_c + M_nad_c => M_4mbzald_c + M_h_c + M_nadh_c,R05282,R05282,1,,chebi,8636,False,True,,0,
BIOMD0000001093,R_4MCAT23DOX,M_4mcat_c + M_o2_c => M_h_c + M_hmccms_c,R05295,R05295,1,,chebi,8636,False,True,,0,
BIOMD0000001093,R_4OD2,M_2omcm_c + M_h_c => M_2hchd_c + M_co2_c,R05374,R05374,1,,chebi,8636,False,True,,0,
BIOMD0000001093,R_4OT,M_2hmc_c <=> M_oxalc_c,R03966,R03966,1,,chebi,8636,False,True,,0,
BIOMD0000001093,R_4OT2,M_hmccm_c <=> M_2omcm_c,R05389,R05389,1,,chebi,8636,False,True,,0,
BIOMD0000001093,R_6HNACMO,M_6hnac_c + 2 M_h_c + M_nadh_c + M_o2_c => M_co2_c + M_dhpyr_c + M_h2o_c + M_nad_c,R08764,R08764,1,,chebi,8636,False,True,,0,
BIOMD0000001093,R_A5PISO,M_ru5p__D_c <=> M_ara5p_c,R01530,R01530,1,,chebi,8636,False,True,,0,
BIOMD0000001093,R_AACOAT,M_acac_c + M_atp_c + M_coa_c => M_aacoa_c + M_amp_c + M_ppi_c,R01357,R01357,1,,chebi,8636,False,True,,0,
BIOMD0000001093,R_AACTOOR,M_aact_c + M_h2o_c + M_o2_c => M_h2o2_c + M_mthgxl_c + M_nh4_c,R02529,R02529,1,,chebi,8636,False,True,,0,
BIOMD0000001093,R_AADSACYCL,M_h2o_c + M_h_c + M_thp2c_c <=> M_L2aadp6sa_c,R02317,R02317,1,,chebi,8636,False,True,,0,
BIOMD0000001093,R_AASAD3,M_L2aadp6sa_c + M_h2o_c + M_nad_c => M_L2aadp_c + 2 M_h_c + M_nadh_c,R03102,R03102,1,,chebi,8636,False,True,,0,
BIOMD0000001093,R_AATA,M_2oxoadp_c + M_glu__L_c <=> M_L2aadp_c + M_akg_c,R01939,R01939,1,,chebi,8636,False,True,,0,
BIOMD0000001093,R_ABTA,M_4abut_c + M_akg_c => M_glu__L_c + M_sucsal_c,R01648,R01648,1,,chebi,8636,False,True,,0,
BIOMD0000001093,R_ABUTD,M_4abutn_c + M_h2o_c + M_nad_c => M_4abut_c + 2 M_h_c + M_nadh_c,R02549,R02549,1,,chebi,8636,False,True,,0,
BIOMD0000001093,R_ACACT1r,2 M_accoa_c <=> M_aacoa_c + M_coa_c,R00238,R00238,1,,chebi,8636,False,True,,0,
BIOMD0000001093,R_ACALD,M_acald_c + M_coa_c + M_nad_c <=> M_accoa_c + M_h_c + M_nadh_c,R00228,R00228,1,,chebi,8636,False,True,,0,
BIOMD0000001093,R_ACBIPGT,M_adocbip_c + M_gtp_c + M_h_c => M_agdpcbi_c + M_ppi_c,R05222,R05222,1,,chebi,8636,False,True,,0,
BIOMD0000001093,R_ACCOAC,M_accoa_c + M_atp_c + M_hco3_c => M_adp_c + M_h_c + M_malcoa_c + M_pi_c,R00742,R00742,1,,chebi,8636,False,True,,0,
BIOMD0000001093,R_ACGK,M_acglu_c + M_atp_c => M_acg5p_c + M_adp_c,R02649,R02649,1,,chebi,8636,False,True,,0,
BIOMD0000001093,R_ACGS,M_accoa_c + M_glu__L_c => M_acglu_c + M_coa_c + M_h_c,R00259,R00259,1,,chebi,8636,False,True,,0,
BIOMD0000001093,R_ACHBS,M_2obut_c + M_h_c + M_pyr_c => M_2ahbut_c + M_co2_c,R08648,R08648,1,,chebi,8636,False,True,,0,
BIOMD0000001093,R_ACLS,M_h_c + 2 M_pyr_c => M_alac__S_c + M_co2_c,R00226,R00226,1,,chebi,8636,False,True,,0,
BIOMD0000001093,R_ACOAD1f,M_btcoa_c + M_fad_c <=> M_b2coa_c + M_fadh2_c,R01175,R01175,1,,chebi,8636,False,True,,0,
BIOMD0000001093,R_ACOAD3f,M_fad_c + M_occoa_c <=> M_fadh2_c + M_oc2coa_c,R03777,R03777,1,,chebi,8636,False,True,,0,
BIOMD0000001093,R_ACOAD5f,M_ddcacoa_c + M_fad_c <=> M_dd2coa_c + M_fadh2_c,R03857,R03857,1,,chebi,8636,False,True,,0,
BIOMD0000001093,R_ACOAD6f,M_fad_c + M_tdcoa_c <=> M_fadh2_c + M_td2coa_c,R03990,R03990,1,,chebi,8636,False,True,,0,
BIOMD0000001093,R_ACOAD7f,M_fad_c + M_pmtcoa_c <=> M_fadh2_c + M_hdd2coa_c,R01279,R01279,1,,chebi,8636,False,True,,0,
BIOMD0000001093,R_ACOATA,M_ACP_c + M_accoa_c <=> M_acACP_c + M_coa_c,R01624,R01624,1,,chebi,8636,False,True,,0,
BIOMD0000001093,R_ACODA,M_acorn_c + M_h2o_c => M_ac_c + M_orn_c,R00669,R00669,1,,chebi,8636,False,True,,0,
BIOMD0000001093,R_ACONIs,M_acon_T_c <=> M_acon_C_c,R02244,R02244,1,,chebi,8636,False,True,,0,
BIOMD0000001093,R_ACONMT,M_acon_T_c + M_amet_c => M_aconm_c + M_ahcys_c,R05763,R05763,1,,chebi,8636,False,True,,0,
BIOMD0000001093,R_ACONTa,M_cit_c <=> M_acon_C_c + M_h2o_c,R01325,R01325,1,,chebi,8636,False,True,,0,
BIOMD0000001093,R_ACONTb,M_acon_C_c + M_h2o_c <=> M_icit_c,R01900,R01900,1,,chebi,8636,False,True,,0,
BIOMD0000001093,R_ACOTA,M_acorn_c + M_akg_c <=> M_acg5sa_c + M_glu__L_c,R02283,R02283,1,,chebi,8636,False,True,,0,
BIOMD0000001093,R_ACS,M_ac_c + M_atp_c + M_coa_c => M_accoa_c + M_amp_c + M_ppi_c,R00235,R00235,1,,chebi,8636,False,True,,0,
BIOMD0000001093,R_ADA,M_adn_c + M_h2o_c + M_h_c => M_ins_c + M_nh4_c,R01560,R01560,1,,chebi,8636,False,True,,0,
BIOMD0000001093,R_ADCL,M_4adcho_c => M_4abz_c + M_h_c + M_pyr_c,R05553,R05553,1,,chebi,8636,False,True,,0,
BIOMD0000001093,R_ADCPS1,M_adcobhex_c + M_appl_c + M_atp_c => M_adocbi_c + M_adp_c + M_h_c + M_pi_c,R07302,R07302,1,,chebi,8636,False,True,,0,
BIOMD0000001093,R_ADCPS2,M_adcobhex_c + M_applp_c + M_atp_c => M_adocbip_c + M_adp_c + M_h_c + M_pi_c,R06529,R06529,1,,chebi,8636,False,True,,0,
BIOMD0000001093,R_ADCS,M_chor_c + M_gln__L_c => M_4adcho_c + M_glu__L_c,R01716,R01716,1,,chebi,8636,False,True,,0,
BIOMD0000001093,R_ADD,M_ade_c + M_h2o_c + M_h_c => M_hxan_c + M_nh4_c,R01244,R01244,1,,chebi,8636,False,True,,0,
BIOMD0000001093,R_ADK1,M_amp_c + M_atp_c <=> 2 M_adp_c,R00127,R00127,1,,chebi,8636,False,True,,0,
BIOMD0000001093,R_ADNCYC,M_atp_c => M_camp_c + M_ppi_c,R00089,R00089,1,,chebi,8636,False,True,,0,
BIOMD0000001093,R_ADNK1,M_adn_c + M_atp_c => M_adp_c + M_amp_c + M_h_c,R00185,R00185,1,,chebi,8636,False,True,,0,
BIOMD0000001093,R_ADNUC,M_adn_c + M_h2o_c => M_ade_c + M_rib__D_c,R01245,R01245,1,,chebi,8636,False,True,,0,
BIOMD0000001093,R_ADOCBIK,M_adocbi_c + M_atp_c => M_adocbip_c + M_adp_c + M_h_c,R05221,R05221,1,,chebi,8636,False,True,,0,
BIOMD0000001093,R_ADOCBLS,M_agdpcbi_c + M_rdmbzi_c => M_adocbl_c + M_gmp_c + M_h_c,R05223,R05223,1,,chebi,8636,False,True,,0,
BIOMD0000001093,R_ADPT,M_ade_c + M_prpp_c => M_amp_c + M_ppi_c,R00190,R00190,1,,chebi,8636,False,True,,0,
BIOMD0000001093,R_ADSK,M_aps_c + M_atp_c => M_adp_c + M_h_c + M_paps_c,R00509,R00509,1,,chebi,8636,False,True,,0,
BIOMD0000001093,R_ADSL1r,M_dcamp_c <=> M_amp_c + M_fum_c,R01083,R01083,1,,chebi,8636,False,True,,0,
BIOMD0000001093,R_ADSL2r,M_25aics_c <=> M_aicar_c + M_fum_c,R04559,R04559,1,,chebi,8636,False,True,,0,
BIOMD0000001093,R_ADSS,M_asp__L_c + M_gtp_c + M_imp_c => M_dcamp_c + M_gdp_c + 2 M_h_c + M_pi_c,R01135,R01135,1,,chebi,8636,False,True,,0,
BIOMD0000001093,R_AGMDA,M_agm_c + M_h2o_c => M_Ncbmpts_c + M_h_c + M_nh4_c,R01416,R01416,1,,chebi,8636,False,True,,0,
BIOMD0000001093,R_AGMHE,M_adphep_DD_c => M_adphep_LD_c,R05176,R05176,1,,chebi,8636,False,True,,0,
BIOMD0000001093,R_AGMT,M_agm_c + M_h2o_c => M_ptrc_c + M_urea_c,R01157,R01157,1,,chebi,8636,False,True,,0,
BIOMD0000001093,R_AGPOP,M_dgdp_c + M_h_c + M_pep_c => M_dgtp_c + M_pyr_c,R01858,R01858,1,,chebi,8636,False,True,,0,
BIOMD0000001093,R_AGPR,M_acg5sa_c + M_nadp_c + M_pi_c <=> M_acg5p_c + M_h_c + M_nadph_c,R03443,R03443,1,,chebi,8636,False,True,,0,
BIOMD0000001093,R_AHCi,M_ahcys_c + M_h2o_c <=> M_adn_c + M_hcys__L_c,R00192,R00192,1,,chebi,8636,False,True,,0,
BIOMD0000001093,R_AHSERL2,M_achms_c + M_h2s_c => M_ac_c + M_h_c + M_hcys__L_c,R01287,R01287,1,,chebi,8636,False,True,,0,
BIOMD0000001093,R_AICART,M_10fthf_c + M_aicar_c <=> M_fprica_c + M_thf_c,R04560,R04560,1,,chebi,8636,False,True,,0,
BIOMD0000001093,R_AIRC3,M_5aizc_c <=> M_5caiz_c,R07405,R07405,1,,chebi,8636,False,True,,0,
BIOMD0000001093,R_AKGDH,M_akg_c + M_coa_c + M_nad_c => M_co2_c + M_nadh_c + M_succoa_c,R08549,R08549,1,,chebi,8636,False,True,,0,
BIOMD0000001093,R_ALAALAr,2 M_ala__D_c + M_atp_c <=> M_adp_c + M_alaala_c + M_h_c + M_pi_c,R01150,R01150,1,,chebi,8636,False,True,,0,
BIOMD0000001093,R_ALAR,M_ala__L_c <=> M_ala__D_c,R00401,R00401,1,,chebi,8636,False,True,,0,
BIOMD0000001093,R_ALATA_L,M_akg_c + M_ala__L_c <=> M_glu__L_c + M_pyr_c,R00258,R00258,1,,chebi,8636,False,True,,0,
BIOMD0000001093,R_ALCD19,M_glyald_c + M_h_c + M_nadh_c <=> M_glyc_c + M_nad_c,R01036,R01036,1,,chebi,8636,False,True,,0,
BIOMD0000001093,R_ALCD2x,M_etoh_c + M_nad_c <=> M_acald_c + M_h_c + M_nadh_c,R00754,R00754,1,,chebi,8636,False,True,,0,
BIOMD0000001093,R_ALDD1,M_fald_c + M_h2o_c + M_nad_c => M_for_c + 2 M_h_c + M_nadh_c,R00604,R00604,1,,chebi,8636,False,True,,0,
BIOMD0000001093,R_ALDD19xr,M_h2o_c + M_nad_c + M_pacald_c => 2 M_h_c + M_nadh_c + M_pac_c,R02536,R02536,1,,chebi,8636,False,True,,0,
BIOMD0000001093,R_ALDD20x,M_h2o_c + M_id3acald_c + M_nad_c => 2 M_h_c + M_ind3ac_c + M_nadh_c,R02678,R02678,1,,chebi,8636,False,True,,0,
BIOMD0000001093,R_ALDD2x,M_acald_c + M_h2o_c + M_nad_c => M_ac_c + 2 M_h_c + M_nadh_c,R00710,R00710,1,,chebi,8636,False,True,,0,
BIOMD0000001093,R_ALDD2y,M_acald_c + M_h2o_c + M_nadp_c => M_ac_c + 2 M_h_c + M_nadph_c,R00711,R00711,1,,chebi,8636,False,True,,0,
BIOMD0000001093,R_ALTRH,M_altrn_c => M_2ddglcn_c + M_h2o_c,R01540,R01540,1,,chebi,8636,False,True,,0,
BIOMD0000001093,R_AMAOTr,M_8aonn_c + M_amet_c <=> M_amob_c + M_dann_c,R03231,R03231,1,,chebi,8636,False,True,,0,
BIOMD0000001093,R_AMID4,M_ad_c + M_h2o_c => M_ac_c + M_nh4_c,R00321,R00321,1,,chebi,8636,False,True,,0,
BIOMD0000001093,R_AMPTASECG,M_cgly_c + M_h2o_c => M_cys__L_c + M_gly_c,R00899,R00899,1,,chebi,8636,False,True,,0,
BIOMD0000001093,R_ANPRT,M_anth_c + M_prpp_c => M_ppi_c + M_pran_c,R01073,R01073,1,,chebi,8636,False,True,,0,
BIOMD0000001093,R_ANS,M_chor_c + M_gln__L_c => M_anth_c + M_glu__L_c + M_h_c + M_pyr_c,R00986,R00986,1,,chebi,8636,False,True,,0,
BIOMD0000001093,R_ANS2,M_chor_c + M_nh4_c => M_anth_c + M_h2o_c + M_h_c + M_pyr_c,R00985,R00985,1,,chebi,8636,False,True,,0,
BIOMD0000001093,R_AOBUTDs,M_2aobut_c + M_h_c => M_aact_c + M_co2_c,R03758,R03758,1,,chebi,8636,False,True,,0,
BIOMD0000001093,R_AOXHEXCYCL,M_6a2ohxnt_c <=> M_1pipdn2c_c + M_h2o_c,R04175,R04175,1,,chebi,8636,False,True,,0,
BIOMD0000001093,R_AOXSr2,M_ala__L_c + M_pimACP_c => M_8aonn_c + M_ACP_c + M_co2_c,R10124,R10124,1,,chebi,8636,False,True,,0,
BIOMD0000001093,R_AP4AH,M_ap4a_c + M_h2o_c => 2 M_adp_c + 2 M_h_c,R00125,R00125,1,,chebi,8636,False,True,,0,
BIOMD0000001093,R_APATr,M_ala_B_c + M_pyr_c <=> M_ala__L_c + M_msa_c,R00907,R00907,1,,chebi,8636,False,True,,0,
BIOMD0000001093,R_APPAT,M_atp_c + 2 M_h_c + M_pan4p_c => M_dpcoa_c + M_ppi_c,R03035,R03035,1,,chebi,8636,False,True,,0,
BIOMD0000001093,R_APPLDHr,M_aact_c + M_h_c + M_nadh_c <=> M_appl_c + M_nad_c,R03759,R03759,1,,chebi,8636,False,True,,0,
BIOMD0000001093,R_APRAUR,M_5apru_c + M_h_c + M_nadph_c => M_5aprbu_c + M_nadp_c,R03458,R03458,1,,chebi,8636,False,True,,0,
BIOMD0000001093,R_APSR,M_aps_c + M_trdrd_c => M_amp_c + 2 M_h_c + M_so3_c + M_trdox_c,R07176,R07176,1,,chebi,8636,False,True,,0,
BIOMD0000001093,R_APTNAT,M_5aptn_c + M_akg_c <=> M_glu__L_c + M_oxptn_c,R02274,R02274,1,,chebi,8636,False,True,,0,
BIOMD0000001093,R_ARGDC,M_arg__L_c + M_h_c => M_agm_c + M_co2_c,R00566,R00566,1,,chebi,8636,False,True,,0,
BIOMD0000001093,R_ARGDCpp,M_arg__L_p + M_h_p => M_agm_p + M_co2_p,R00566,R00566,1,,chebi,8636,False,True,,0,
BIOMD0000001093,R_ARGDI,M_arg__L_c + M_h2o_c + M_h_c => M_citr__L_c + M_nh4_c,R00552,R00552,1,,chebi,8636,False,True,,0,
BIOMD0000001093,R_ARGDr,M_arg__L_c + M_h2o_c => M_citr__L_c + M_nh4_c,R00552,R00552,1,,chebi,8636,False,True,,0,
BIOMD0000001093,R_ARGSL,M_argsuc_c <=> M_arg__L_c + M_fum_c,R01086,R01086,1,,chebi,8636,False,True,,0,
BIOMD0000001093,R_ARGSS,M_asp__L_c + M_atp_c + M_citr__L_c => M_amp_c + M_argsuc_c + M_h_c + M_ppi_c,R01954,R01954,1,,chebi,8636,False,True,,0,
BIOMD0000001093,R_ARGTRS,M_arg__L_c + M_atp_c + M_trnaarg_c => M_amp_c + M_argtrna_c + M_ppi_c,R03646,R03646,1,,chebi,8636,False,True,,0,
BIOMD0000001093,R_AROH,M_Largn_c => M_co2_c + M_h2o_c + M_phe__L_c,R00691,R00691,1,,chebi,8636,False,True,,0,
BIOMD0000001093,R_ARUH,M_arg__L_c + M_pyr_c <=> M_5g2oxpt_c + M_ala__L_c,R08197,R08197,1,,chebi,8636,False,True,,0,
BIOMD0000001093,R_ASAD,M_aspsa_c + M_nadp_c + M_pi_c <=> M_4pasp_c + M_h_c + M_nadph_c,R02291,R02291,1,,chebi,8636,False,True,,0,
BIOMD0000001093,R_ASNN,M_asn__L_c + M_h2o_c => M_asp__L_c + M_nh4_c,R00485,R00485,1,,chebi,8636,False,True,,0,
BIOMD0000001093,R_ASNNpp,M_asn__L_p + M_h2o_p => M_asp__L_p + M_nh4_p,R00485,R00485,1,,chebi,8636,False,True,,0,
BIOMD0000001093,R_ASNS1,M_asp__L_c + M_atp_c + M_gln__L_c + M_h2o_c => M_amp_c + M_asn__L_c + M_glu__L_c + M_h_c + M_ppi_c,R00578,R00578,1,,chebi,8636,False,True,,0,
BIOMD0000001093,R_ASPCT,M_asp__L_c + M_cbp_c => M_cbasp_c + M_h_c + M_pi_c,R01397,R01397,1,,chebi,8636,False,True,,0,
BIOMD0000001093,R_ASPK,M_asp__L_c + M_atp_c <=> M_4pasp_c + M_adp_c,R00480,R00480,1,,chebi,8636,False,True,,0,
BIOMD0000001093,R_ASPO1,M_asp__L_c + M_h2o_c + M_o2_c => M_h2o2_c + M_nh4_c + M_oaa_c,R00357,R00357,1,,chebi,8636,False,True,,0,
BIOMD0000001093,R_ASPO6,M_asp__L_c + M_o2_c => M_h2o2_c + M_h_c + M_iasp_c,R00481,R00481,1,,chebi,8636,False,True,,0,
BIOMD0000001093,R_ASPT,M_asp__L_c => M_fum_c + M_nh4_c,R00490,R00490,1,,chebi,8636,False,True,,0,
BIOMD0000001093,R_ASPTA,M_akg_c + M_asp__L_c <=> M_glu__L_c + M_oaa_c,R00355,R00355,1,,chebi,8636,False,True,,0,
BIOMD0000001093,R_ASPTRS,M_asp__L_c + M_atp_c + M_trnaasp_c => M_amp_c + M_asptrna_c + M_ppi_c,R05577,R05577,1,,chebi,8636,False,True,,0,
BIOMD0000001093,R_AST,M_arg__L_c + M_succoa_c => M_coa_c + M_h_c + M_sucarg_c,R00832,R00832,1,,chebi,8636,False,True,,0,
BIOMD0000001093,R_ATHRDHr,M_athr__L_c + M_nadp_c <=> M_2aobut_c + M_h_c + M_nadph_c,R10851,R10851,1,,chebi,8636,False,True,,0,
BIOMD0000001093,R_ATPHs,M_atp_c + M_h2o_c + M_h_c => M_itp_c + M_nh4_c,R00088,R00088,1,,chebi,8636,False,True,,0,
BIOMD0000001093,R_ATPM,M_atp_c + M_h2o_c => M_adp_c + M_h_c + M_pi_c,R00086,R00086,1,,chebi,8636,False,True,,0,
BIOMD0000001093,R_ATPPRT,M_atp_c + M_prpp_c => M_ppi_c + M_prbatp_c,R01071,R01071,1,,chebi,8636,False,True,,0,
BIOMD0000001093,R_BDH,M_bhb_c + M_nad_c <=> M_acac_c + M_h_c + M_nadh_c,R01361,R01361,1,,chebi,8636,False,True,,0,
BIOMD0000001093,R_BETALDHx,M_betald_c + M_h2o_c + M_nad_c => M_glyb_c + 2 M_h_c + M_nadh_c,R02565,R02565,1,,chebi,8636,False,True,,0,
BIOMD0000001093,R_BETALDHy,M_betald_c + M_h2o_c + M_nadp_c => M_glyb_c + 2 M_h_c + M_nadph_c,R02566,R02566,1,,chebi,8636,False,True,,0,
BIOMD0000001093,R_BPNT,M_h2o_c + M_pap_c => M_amp_c + M_pi_c,R00188,R00188,1,,chebi,8636,False,True,,0,
BIOMD0000001093,R_BZ12DOX,M_bz_c + M_h_c + M_nadh_c + M_o2_c => M_bz12diol_c + M_nad_c,R05621,R05621,1,,chebi,8636,False,True,,0,
BIOMD0000001093,R_BZALDH,M_bzalc_c + M_nad_c => M_bzal_c + M_h_c + M_nadh_c,R01487;R01763,R01487,2,,chebi,8636,False,True,,0,
BIOMD0000001093,R_BZDH,M_bzal_c + M_h2o_c + M_nad_c => M_bz_c + 2 M_h_c + M_nadh_c,R01419;R01486,R01419,2,,chebi,8636,False,True,,0,
BIOMD0000001093,R_BZDIOLDH,M_bz12diol_c + M_nad_c => M_catechol_c + M_co2_c + M_nadh_c,R00813,R00813,1,,chebi,8636,False,True,,0,
BIOMD0000001093,R_CAFFCOA,M_34dhcinm_c + M_atp_c + M_coa_c => M_amp_c + M_caffcoa_c + M_ppi_c,R01943,R01943,1,,chebi,8636,False,True,,0,
BIOMD0000001093,R_CAT,2 M_h2o2_c => 2 M_h2o_c + M_o2_c,R00009,R00009,1,,chebi,8636,False,True,,0,
BIOMD0000001093,R_CAT23DOX,M_catechol_c + M_o2_c => M_2hmcnsad_c,R00816,R00816,1,,chebi,8636,False,True,,0,
BIOMD0000001093,R_CATDOX,M_catechol_c + M_o2_c => M_ccmuac_c + 2 M_h_c,R00817,R00817,1,,chebi,8636,False,True,,0,
BIOMD0000001093,R_CBLAT,M_atp_c + M_cbl1_c + M_h_c <=> M_adocbl_c + M_pppi_c,R01492,R01492,1,,chebi,8636,False,True,,0,
BIOMD0000001093,R_CBMKr,M_atp_c + M_co2_c + M_nh4_c <=> M_adp_c + M_cbp_c + 2 M_h_c,R00150,R00150,1,,chebi,8636,False,True,,0,
BIOMD0000001093,R_CBPS,2 M_atp_c + M_gln__L_c + M_h2o_c + M_hco3_c => 2 M_adp_c + M_cbp_c + M_glu__L_c + 2 M_h_c + M_pi_c,R00575,R00575,1,,chebi,8636,False,True,,0,
BIOMD0000001093,R_CCGS,M_atp_c + M_cdg_c + M_nh4_c => M_adp_c + M_h2o_c + M_h_c + M_pi_c + M_preq0_c,R09978,R09978,1,,chebi,8636,False,True,,0,
BIOMD0000001093,R_CDGR,3 M_h_c + 2 M_nadph_c + M_preq0_c => 2 M_nadp_c + M_preq1_c,R07605,R07605,1,,chebi,8636,False,True,,0,
BIOMD0000001093,R_CDGS,M_cph4_c + M_h_c => M_cdg_c + M_nh4_c,R10002,R10002,1,,chebi,8636,False,True,,0,
BIOMD0000001093,R_CDPMEK,M_4c2me_c + M_atp_c => M_2p4c2me_c + M_adp_c + M_h_c,R05634,R05634,1,,chebi,8636,False,True,,0,
BIOMD0000001093,R_CHLP,M_cholp_c + M_h2o_c => M_chol_c + M_pi_c,R06871,R06871,1,,chebi,8636,False,True,,0,
BIOMD0000001093,R_CHOLD,M_chol_c + M_nad_c => M_betald_c + M_h_c + M_nadh_c,R08557,R08557,1,,chebi,8636,False,True,,0,
BIOMD0000001093,R_CHOLSH,M_chols_c + M_h2o_c => M_chol_c + M_h_c + M_so4_c,R01028,R01028,1,,chebi,8636,False,True,,0,
BIOMD0000001093,R_CHORM,M_chor_c => M_pphn_c,R01715,R01715,1,,chebi,8636,False,True,,0,
BIOMD0000001093,R_CHORS,M_3psme_c => M_chor_c + M_pi_c,R01714,R01714,1,,chebi,8636,False,True,,0,
BIOMD0000001093,R_CHRPL,M_chor_c => M_4hbz_c + M_pyr_c,R01302,R01302,1,,chebi,8636,False,True,,0,
BIOMD0000001093,R_COALDDH,M_conialdh_c + M_h2o_c + M_nad_c => M_fer_c + 2 M_h_c + M_nadh_c,R05700,R05700,1,,chebi,8636,False,True,,0,
BIOMD0000001093,R_COCHL,M_atp_c + M_cobalt2_c + M_h2o_c + M_hgbam_c => M_adp_c + M_co2dam_c + 2 M_h_c + M_pi_c,R05227,R05227,1,,chebi,8636,False,True,,0,
BIOMD0000001093,R_CPH4S,M_ahdt_c + M_h2o_c => M_acald_c + M_cph4_c + M_h_c + M_pppi_c,R09959,R09959,1,,chebi,8636,False,True,,0,
BIOMD0000001093,R_CPPPGO,M_cpppg3_c + 2 M_h_c + M_o2_c => 2 M_co2_c + 2 M_h2o_c + M_pppg9_c,R03220,R03220,1,,chebi,8636,False,True,,0,
BIOMD0000001093,R_CPPPGO2,2 M_amet_c + M_cpppg3_c => 2 M_co2_c + 2 M_dad_5_c + 2 M_met__L_c + M_pppg9_c,R06895,R06895,1,,chebi,8636,False,True,,0,
BIOMD0000001093,R_CS,M_accoa_c + M_h2o_c + M_oaa_c => M_cit_c + M_coa_c + M_h_c,R00351,R00351,1,,chebi,8636,False,True,,0,
BIOMD0000001093,R_CSND,M_csn_c + M_h2o_c + M_h_c => M_nh4_c + M_ura_c,R00974,R00974,1,,chebi,8636,False,True,,0,
BIOMD0000001093,R_CSPMDDC,M_cspmd_c + M_h_c => M_co2_c + M_spmd_c,R09081,R09081,1,,chebi,8636,False,True,,0,
BIOMD0000001093,R_CSPMDDH,M_aspsa_c + M_h_c + M_nadph_c + M_ptrc_c => M_cspmd_c + M_h2o_c + M_nadp_c,R09079,R09079,1,,chebi,8636,False,True,,0,
BIOMD0000001093,R_CTPS1,M_atp_c + M_nh4_c + M_utp_c => M_adp_c + M_ctp_c + 2 M_h_c + M_pi_c,R00571,R00571,1,,chebi,8636,False,True,,0,
BIOMD0000001093,R_CTPS2,M_atp_c + M_gln__L_c + M_h2o_c + M_utp_c => M_adp_c + M_ctp_c + M_glu__L_c + 2 M_h_c + M_pi_c,R00573,R00573,1,,chebi,8636,False,True,,0,
BIOMD0000001093,R_CYANST,M_cyan_c + M_tsul_c => M_h_c + M_so3_c + M_tcynt_c,R01931,R01931,1,,chebi,8636,False,True,,0,
BIOMD0000001093,R_CYSDS,M_cys__L_c + M_h2o_c => M_h2s_c + M_nh4_c + M_pyr_c,R00782,R00782,1,,chebi,8636,False,True,,0,
BIOMD0000001093,R_CYSS,M_acser_c + M_h2s_c => M_ac_c + M_cys__L_c + M_h_c,R00897,R00897,1,,chebi,8636,False,True,,0,
BIOMD0000001093,R_CYSSADS,M_3sala_c + 2 M_h_c => M_ala__L_c + M_so2_c,R00863,R00863,1,,chebi,8636,False,True,,0,
BIOMD0000001093,R_CYSTGL,M_cyst__L_c + M_h2o_c => M_2obut_c + M_cys__L_c + M_nh4_c,R01001,R01001,1,,chebi,8636,False,True,,0,
BIOMD0000001093,R_CYSTL,M_cyst__L_c + M_h2o_c => M_hcys__L_c + M_nh4_c + M_pyr_c,R01286,R01286,1,,chebi,8636,False,True,,0,
BIOMD0000001093,R_CYSTRS,M_atp_c + M_cys__L_c + M_trnacys_c => M_amp_c + M_cystrna_c + M_ppi_c,R03650,R03650,1,,chebi,8636,False,True,,0,
BIOMD0000001093,R_CYSTS,M_hcys__L_c + M_ser__L_c => M_cyst__L_c + M_h2o_c,R01290,R01290,1,,chebi,8636,False,True,,0,
BIOMD0000001093,R_CYTDH,M_cytd_c + M_h2o_c => M_csn_c + M_rib__D_c,R02137,R02137,1,,chebi,8636,False,True,,0,
BIOMD0000001093,R_CYTK1,M_atp_c + M_cmp_c <=> M_adp_c + M_cdp_c,R00512,R00512,1,,chebi,8636,False,True,,0,
BIOMD0000001093,R_CYTK2,M_atp_c + M_dcmp_c <=> M_adp_c + M_dcdp_c,R01665,R01665,1,,chebi,8636,False,True,,0,
BIOMD0000001093,R_DADA,M_dad_2_c + M_h2o_c + M_h_c => M_din_c + M_nh4_c,R02556,R02556,1,,chebi,8636,False,True,,0,
BIOMD0000001093,R_DADK,M_atp_c + M_damp_c <=> M_adp_c + M_dadp_c,R01547,R01547,1,,chebi,8636,False,True,,0,
BIOMD0000001093,R_DAPDC,M_26dap__M_c + M_h_c => M_co2_c + M_lys__L_c,R00451,R00451,1,,chebi,8636,False,True,,0,
BIOMD0000001093,R_DAPE,M_26dap_LL_c <=> M_26dap__M_c,R02735,R02735,1,,chebi,8636,False,True,,0,
BIOMD0000001093,R_DB4PS,M_ru5p__D_c => M_db4p_c + M_for_c + M_h_c,R07281,R07281,1,,chebi,8636,False,True,,0,
BIOMD0000001093,R_DBTS,M_atp_c + M_co2_c + M_dann_c => M_adp_c + M_dtbt_c + 3 M_h_c + M_pi_c,R03182,R03182,1,,chebi,8636,False,True,,0,
BIOMD0000001093,R_DCTPD,M_dctp_c + M_h2o_c + M_h_c => M_dutp_c + M_nh4_c,R02325,R02325,1,,chebi,8636,False,True,,0,
BIOMD0000001093,R_DCTPD2,M_ctp_c + M_h2o_c + M_h_c => M_nh4_c + M_utp_c,R00568,R00568,1,,chebi,8636,False,True,,0,
BIOMD0000001093,R_DDGLK,M_2ddglcn_c + M_atp_c => M_2ddg6p_c + M_adp_c + M_h_c,R01541,R01541,1,,chebi,8636,False,True,,0,
BIOMD0000001093,R_DDPA,M_e4p_c + M_h2o_c + M_pep_c => M_2dda7p_c + M_pi_c,R01826,R01826,1,,chebi,8636,False,True,,0,
BIOMD0000001093,R_DGK1,M_atp_c + M_dgmp_c <=> M_adp_c + M_dgdp_c,R02090,R02090,1,,chebi,8636,False,True,,0,
BIOMD0000001093,R_DH3MCHCDH,M_dh3mchc_c + M_nad_c => M_3mcat_c + M_co2_c + M_nadh_c,R05309,R05309,1,,chebi,8636,False,True,,0,
BIOMD0000001093,R_DH4MCHCDH,M_dh4mchc_c + M_nad_c => M_4mcat_c + M_co2_c + M_nadh_c,R05292,R05292,1,,chebi,8636,False,True,,0,
BIOMD0000001093,R_DHAD1_copy1,M_23dhmb_c => M_3mob_c + M_h2o_c,R04441,R04441,1,,chebi,8636,False,True,,0,
BIOMD0000001093,R_DHAD1_copy2,M_23dhmb_c => M_3mob_c + M_h2o_c,R04441,R04441,1,,chebi,8636,False,True,,0,
BIOMD0000001093,R_DHAD2,M_23dhmp_c => M_3mop_c + M_h2o_c,R05070,R05070,1,,chebi,8636,False,True,,0,
BIOMD0000001093,R_DHFR,M_dhf_c + M_h_c + M_nadph_c <=> M_nadp_c + M_thf_c,R00939,R00939,1,,chebi,8636,False,True,,0,
BIOMD0000001093,R_DHFS,M_atp_c + M_dhpt_c + M_glu__L_c => M_adp_c + M_dhf_c + M_h_c + M_pi_c,R02237,R02237,1,,chebi,8636,False,True,,0,
BIOMD0000001093,R_DHORDfum,M_dhor__S_c + M_fum_c => M_orot_c + M_succ_c,R01867,R01867,1,,chebi,8636,False,True,,0,
BIOMD0000001093,R_DHORTS,M_dhor__S_c + M_h2o_c <=> M_cbasp_c + M_h_c,R01993,R01993,1,,chebi,8636,False,True,,0,
BIOMD0000001093,R_DHPM1,M_56dura_c + M_h2o_c => M_cala_c + M_h_c,R02269,R02269,1,,chebi,8636,False,True,,0,
BIOMD0000001093,R_DHPPDA2,M_25drapp_c + M_h2o_c + M_h_c => M_5apru_c + M_nh4_c,R03459,R03459,1,,chebi,8636,False,True,,0,
BIOMD0000001093,R_DHQS,M_2dda7p_c => M_3dhq_c + M_pi_c,R03083,R03083,1,,chebi,8636,False,True,,0,
BIOMD0000001093,R_DHQTi_copy1,M_3dhq_c <=> M_3dhsk_c + M_h2o_c,R03084,R03084,1,,chebi,8636,False,True,,0,
BIOMD0000001093,R_DHQTi_copy2,M_3dhq_c => M_3dhsk_c + M_h2o_c,R03084,R03084,1,,chebi,8636,False,True,,0,
BIOMD0000001093,R_DHSKDH,M_3dhsk_c => M_34dhbz_c + M_h2o_c,R01627,R01627,1,,chebi,8636,False,True,,0,
BIOMD0000001093,R_DMALRED,M_fad_c + M_mal__L_c => M_fadh2_c + M_oaa_c,R01257,R01257,1,,chebi,8636,False,True,,0,
BIOMD0000001093,R_DMATT,M_dmpp_c + M_ipdp_c => M_grdp_c + M_ppi_c,R01658,R01658,1,,chebi,8636,False,True,,0,
BIOMD0000001093,R_DNMPPA,M_dhpmp_c + M_h2o_c => M_dhnpt_c + M_pi_c,R04621,R04621,1,,chebi,8636,False,True,,0,
BIOMD0000001093,R_DNTPPA,M_ahdt_c + M_h2o_c => M_dhpmp_c + M_h_c + M_ppi_c,R04638,R04638,1,,chebi,8636,False,True,,0,
BIOMD0000001093,R_DPCOAK,M_atp_c + M_dpcoa_c => M_adp_c + M_coa_c + M_h_c,R00130,R00130,1,,chebi,8636,False,True,,0,
BIOMD0000001093,R_DPR,M_2dhp_c + M_h_c + M_nadph_c => M_nadp_c + M_pant__R_c,R02472,R02472,1,,chebi,8636,False,True,,0,
BIOMD0000001093,R_DTMPK,M_atp_c + M_dtmp_c <=> M_adp_c + M_dtdp_c,R02094,R02094,1,,chebi,8636,False,True,,0,
BIOMD0000001093,R_DURAD,M_56dura_c + M_nadp_c <=> M_h_c + M_nadph_c + M_ura_c,R00978,R00978,1,,chebi,8636,False,True,,0,
BIOMD0000001093,R_DUTPDP,M_dutp_c + M_h2o_c => M_dump_c + M_h_c + M_ppi_c,R02100,R02100,1,,chebi,8636,False,True,,0,
BIOMD0000001093,R_DXPRIi,M_dxyl5p_c + M_h_c + M_nadph_c => M_2me4p_c + M_nadp_c,R05688,R05688,1,,chebi,8636,False,True,,0,
BIOMD0000001093,R_DXPS,M_g3p_c + M_h_c + M_pyr_c => M_co2_c + M_dxyl5p_c,R05636,R05636,1,,chebi,8636,False,True,,0,
BIOMD0000001093,R_E4PD,M_e4p_c + M_h2o_c + M_nad_c <=> M_4per_c + 2 M_h_c + M_nadh_c,R01825,R01825,1,,chebi,8636,False,True,,0,
BIOMD0000001093,R_ECOAH1,M_3hbcoa_c <=> M_b2coa_c + M_h2o_c,R03026,R03026,1,,chebi,8636,False,True,,0,
BIOMD0000001093,R_ECOAH12,M_2mp2coa_c + M_h2o_c => M_3hibutcoa_c,R04224,R04224,1,,chebi,8636,False,True,,0,
BIOMD0000001093,R_ECOAH2,M_3hhcoa_c <=> M_h2o_c + M_hx2coa_c,R04749,R04749,1,,chebi,8636,False,True,,0,
BIOMD0000001093,R_ECOAH3,M_3hocoa_c <=> M_h2o_c + M_oc2coa_c,R04746,R04746,1,,chebi,8636,False,True,,0,
BIOMD0000001093,R_ECOAH4,M_3hdcoa_c <=> M_dc2coa_c + M_h2o_c,R04744,R04744,1,,chebi,8636,False,True,,0,
BIOMD0000001093,R_ECOAH5,M_3hddcoa_c <=> M_dd2coa_c + M_h2o_c,R04170,R04170,1,,chebi,8636,False,True,,0,
BIOMD0000001093,R_ECOAH6,M_3htdcoa_c <=> M_h2o_c + M_td2coa_c,R04740,R04740,1,,chebi,8636,False,True,,0,
BIOMD0000001093,R_ECOAH7,M_3hhdcoa_c <=> M_h2o_c + M_hdd2coa_c,R04738,R04738,1,,chebi,8636,False,True,,0,
BIOMD0000001093,R_ECOAH9ir,M_2mb2coa_c + M_h2o_c => M_3hmbcoa_c,R04204,R04204,1,,chebi,8636,False,True,,0,
BIOMD0000001093,R_EDA,M_2ddg6p_c => M_g3p_c + M_pyr_c,R05605,R05605,1,,chebi,8636,False,True,,0,
BIOMD0000001093,R_EDD,M_6pgc_c => M_2ddg6p_c + M_h2o_c,R02036,R02036,1,,chebi,8636,False,True,,0,
BIOMD0000001093,R_EGMEACPR,M_egmeACP_c + M_h_c + M_nadph_c => M_gmeACP_c + M_nadp_c,R10118,R10118,1,,chebi,8636,False,True,,0,
BIOMD0000001093,R_ENO,M_2pg_c <=> M_h2o_c + M_pep_c,R00658,R00658,1,,chebi,8636,False,True,,0,
BIOMD0000001093,R_EPMEACPR,M_epmeACP_c + M_h_c + M_nadph_c => M_nadp_c + M_pmeACP_c,R10122,R10122,1,,chebi,8636,False,True,,0,
BIOMD0000001093,R_ETHAAL,M_etha_c => M_acald_c + M_nh4_c,R00749,R00749,1,,chebi,8636,False,True,,0,
BIOMD0000001093,R_ETHP,M_ethamp_c + M_h2o_c => M_etha_c + M_pi_c,R06870,R06870,1,,chebi,8636,False,True,,0,
BIOMD0000001093,R_FACOAE160,M_h2o_c + M_pmtcoa_c => M_coa_c + M_h_c + M_hdca_c,R01274,R01274,1,,chebi,8636,False,True,,0,
BIOMD0000001093,R_FACOAE180,M_h2o_c + M_stcoa_c => M_coa_c + M_h_c + M_ocdca_c,R08174,R08174,1,,chebi,8636,False,True,,0,
BIOMD0000001093,R_FACOAE1829Z12Z,M_h2o_c + M_lnlccoa_c => M_coa_c + M_h_c + M_lnlc_c,R08177,R08177,1,,chebi,8636,False,True,,0,
BIOMD0000001093,R_FACOAL160,M_atp_c + M_coa_c + M_hdca_c => M_amp_c + M_pmtcoa_c + M_ppi_c,R01280,R01280,1,,chebi,8636,False,True,,0,
BIOMD0000001093,R_FALDH2,M_hmgth_c + M_nad_c <=> M_Sfglutth_c + M_h_c + M_nadh_c,R06983,R06983,1,,chebi,8636,False,True,,0,
BIOMD0000001093,R_FALGTHLs,M_fald_c + M_gthrd_c <=> M_hmgth_c,R06982,R06982,1,,chebi,8636,False,True,,0,
BIOMD0000001093,R_FBA,M_fdp_c <=> M_dhap_c + M_g3p_c,R01068,R01068,1,,chebi,8636,False,True,,0,
BIOMD0000001093,R_FCLT,M_fe2_c + M_ppp9_c => 2 M_h_c + M_pheme_c,R00310,R00310,1,,chebi,8636,False,True,,0,
BIOMD0000001093,R_FDH,M_for_c + M_nad_c => M_co2_c + M_nadh_c,R00519,R00519,1,,chebi,8636,False,True,,0,
BIOMD0000001093,R_FDMO2,M_fmnh2_c + M_mso3_c + M_o2_c => M_fald_c + M_fmn_c + M_h2o_c + M_h_c + M_so3_c,R10206,R10206,1,,chebi,8636,False,True,,0,
BIOMD0000001093,R_FEROpp,4 M_fe2_p + 4 M_h_p + M_o2_p => 4 M_fe3_p + 2 M_h2o_p,R00078,R00078,1,,chebi,8636,False,True,,0,
BIOMD0000001093,R_FERULCOAS,M_atp_c + M_coa_c + M_fer_c => M_amp_c + M_ferulcoa_c + M_ppi_c,R02194,R02194,1,,chebi,8636,False,True,,0,
BIOMD0000001093,R_FMETTRS,M_10fthf_c + M_mettrna_c => M_fmettrna_c + M_h_c + M_thf_c,R03940,R03940,1,,chebi,8636,False,True,,0,
BIOMD0000001093,R_FMNAT,M_atp_c + M_fmn_c + M_h_c => M_fad_c + M_ppi_c,R00161,R00161,1,,chebi,8636,False,True,,0,
BIOMD0000001093,R_FMNRx,M_fmn_c + M_h_c + M_nadh_c => M_fmnh2_c + M_nad_c,R05705,R05705,1,,chebi,8636,False,True,,0,
BIOMD0000001093,R_FMNRx2_copy1,M_fmn_c + M_h_c + M_nadph_c <=> M_fmnh2_c + M_nadp_c,R05706,R05706,1,,chebi,8636,False,True,,0,
BIOMD0000001093,R_FMNRx2_copy2,M_fmn_c + M_h_c + M_nadph_c => M_fmnh2_c + M_nadp_c,R05706,R05706,1,,chebi,8636,False,True,,0,
BIOMD0000001093,R_FOMETRi,M_5fthf_c + M_h_c => M_h2o_c + M_methf_c,R02300,R02300,1,,chebi,8636,False,True,,0,
BIOMD0000001093,R_FTHFCL,M_5fthf_c + M_atp_c => M_adp_c + M_methf_c + M_pi_c,R02301,R02301,1,,chebi,8636,False,True,,0,
BIOMD0000001093,R_FTHFD,M_10fthf_c + M_h2o_c => M_for_c + M_h_c + M_thf_c,R00944,R00944,1,,chebi,8636,False,True,,0,
BIOMD0000001093,R_FUM,M_fum_c + M_h2o_c <=> M_mal__L_c,R01082,R01082,1,,chebi,8636,False,True,,0,
BIOMD0000001093,R_FUMAC,M_4fumacac_c + M_h2o_c => M_acac_c + M_fum_c + M_h_c,R01364,R01364,1,,chebi,8636,False,True,,0,
BIOMD0000001093,R_G1PTT,M_dttp_c + M_g1p_c + M_h_c => M_dtdpglu_c + M_ppi_c,R02328,R02328,1,,chebi,8636,False,True,,0,
BIOMD0000001093,R_G1SAT,M_glu1sa_c <=> M_5aop_c,R02272,R02272,1,,chebi,8636,False,True,,0,
BIOMD0000001093,R_G2PP,M_glyc2p_c + M_h2o_c => M_glyc_c + M_pi_c,R01043,R01043,1,,chebi,8636,False,True,,0,
BIOMD0000001093,R_G3PD2,M_glyc3p_c + M_nadp_c <=> M_dhap_c + M_h_c + M_nadph_c,R00844,R00844,1,,chebi,8636,False,True,,0,
BIOMD0000001093,R_G5SADs,M_glu5sa_c => M_1pyr5c_c + M_h2o_c + M_h_c,R03314,R03314,1,,chebi,8636,False,True,,0,
BIOMD0000001093,R_G5SD_copy1,M_glu5p_c + M_h_c + M_nadph_c => M_glu5sa_c + M_nadp_c + M_pi_c,R03313,R03313,1,,chebi,8636,False,True,,0,
BIOMD0000001093,R_G5SD_copy2,M_glu5p_c + M_h_c + M_nadph_c <=> M_glu5sa_c + M_nadp_c + M_pi_c,R03313,R03313,1,,chebi,8636,False,True,,0,
BIOMD0000001093,R_G6PBDH,M_g6p_B_c + M_nadp_c => M_6pgl_c + M_h_c + M_nadph_c,R02736,R02736,1,,chebi,8636,False,True,,0,
BIOMD0000001093,R_G6PDH2r,M_g6p_c + M_nadp_c => M_6pgl_c + M_h_c + M_nadph_c,R00835,R00835,1,,chebi,8636,False,True,,0,
BIOMD0000001093,R_GALCTD,M_galct__D_c => M_5dh4dglc_c + M_h2o_c,R05608,R05608,1,,chebi,8636,False,True,,0,
BIOMD0000001093,R_GALUi,M_g1p_c + M_h_c + M_utp_c => M_ppi_c + M_udpg_c,R00289,R00289,1,,chebi,8636,False,True,,0,
BIOMD0000001093,R_GAPD,M_g3p_c + M_nad_c + M_pi_c <=> M_13dpg_c + M_h_c + M_nadh_c,R01061,R01061,1,,chebi,8636,False,True,,0,
BIOMD0000001093,R_GAPDi_nadp,M_13dpg_c + M_h_c + M_nadph_c <=> M_g3p_c + M_nadp_c + M_pi_c,R01063,R01063,1,,chebi,8636,False,True,,0,
BIOMD0000001093,R_GARFT,M_10fthf_c + M_gar_c <=> M_fgam_c + M_h_c + M_thf_c,R04325,R04325,1,,chebi,8636,False,True,,0,
BIOMD0000001093,R_GART,M_atp_c + M_for_c + M_gar_c => M_adp_c + M_fgam_c + M_h_c + M_pi_c,R06974,R06974,1,,chebi,8636,False,True,,0,
BIOMD0000001093,R_GCALDD,M_gcald_c + M_h2o_c + M_nad_c => M_glyclt_c + 2 M_h_c + M_nadh_c,R01333,R01333,1,,chebi,8636,False,True,,0,
BIOMD0000001093,R_GDBTALDH,M_gdbtal_c + M_h2o_c + M_nad_c => M_4gudbutn_c + 2 M_h_c + M_nadh_c,R03177,R03177,1,,chebi,8636,False,True,,0,
BIOMD0000001093,R_GGGABAH,M_gg4abut_c + M_h2o_c => M_4abut_c + M_glu__L_c,R07419,R07419,1,,chebi,8636,False,True,,0,
BIOMD0000001093,R_GHMT2r,M_ser__L_c + M_thf_c => M_gly_c + M_h2o_c + M_mlthf_c,R00945,R00945,1,,chebi,8636,False,True,,0,
BIOMD0000001093,R_GK1,M_atp_c + M_gmp_c <=> M_adp_c + M_gdp_c,R00332,R00332,1,,chebi,8636,False,True,,0,
BIOMD0000001093,R_GLCOAS,M_atp_c + M_coa_c + M_glutar_c => M_adp_c + M_glutcoa_c + M_pi_c,R02402,R02402,1,,chebi,8636,False,True,,0,
BIOMD0000001093,R_GLCRD,M_glcr_c => M_5dh4dglc_c + M_h2o_c,R02752,R02752,1,,chebi,8636,False,True,,0,
BIOMD0000001093,R_GLGC,M_atp_c + M_g1p_c + M_h_c => M_adpglc_c + M_ppi_c,R00948,R00948,1,,chebi,8636,False,True,,0,
BIOMD0000001093,R_GLNS_copy1,M_atp_c + M_glu__L_c + M_nh4_c => M_adp_c + M_gln__L_c + M_h_c + M_pi_c,R00253,R00253,1,,chebi,8636,False,True,,0,
BIOMD0000001093,R_GLNS_copy2,M_atp_c + M_glu__L_c + M_nh4_c => M_adp_c + M_gln__L_c + M_h_c + M_pi_c,R00253,R00253,1,,chebi,8636,False,True,,0,
BIOMD0000001093,R_GLNTRAT,M_atp_c + M_gln__L_c + M_glutrna_gln_c + M_h2o_c => M_adp_c + M_glntrna_c + M_glu__L_c + M_h_c + M_pi_c,R03905,R03905,1,,chebi,8636,False,True,,0,
BIOMD0000001093,R_GLNTRS,M_atp_c + M_gln__L_c + M_trnagln_c => M_amp_c + M_glntrna_c + M_ppi_c,R03652,R03652,1,,chebi,8636,False,True,,0,
BIOMD0000001093,R_GLU5K,M_atp_c + M_glu__L_c => M_adp_c + M_glu5p_c,R00239,R00239,1,,chebi,8636,False,True,,0,
BIOMD0000001093,R_GLUCYS_copy1,M_atp_c + M_cys__L_c + M_glu__L_c => M_adp_c + M_glucys_c + M_h_c + M_pi_c,R00894,R00894,1,,chebi,8636,False,True,,0,
BIOMD0000001093,R_GLUCYS_copy2,M_atp_c + M_cys__L_c + M_glu__L_c => M_adp_c + M_glucys_c + M_h_c + M_pi_c,R00894,R00894,1,,chebi,8636,False,True,,0,
BIOMD0000001093,R_GLUDxi,M_glu__L_c + M_h2o_c + M_nad_c <=> M_akg_c + M_h_c + M_nadh_c + M_nh4_c,R00243,R00243,1,,chebi,8636,False,True,,0,
BIOMD0000001093,R_GLUDy,M_glu__L_c + M_h2o_c + M_nadp_c <=> M_akg_c + M_h_c + M_nadph_c + M_nh4_c,R00248,R00248,1,,chebi,8636,False,True,,0,
BIOMD0000001093,R_GLUNpp,M_gln__L_p + M_h2o_p => M_glu__L_p + M_nh4_p,R00256,R00256,1,,chebi,8636,False,True,,0,
BIOMD0000001093,R_GLUPRT,M_gln__L_c + M_h2o_c + M_prpp_c => M_glu__L_c + M_ppi_c + M_pram_c,R01072,R01072,1,,chebi,8636,False,True,,0,
BIOMD0000001093,R_GLUR,M_glu__D_c <=> M_glu__L_c,R00260,R00260,1,,chebi,8636,False,True,,0,
BIOMD0000001093,R_GLUSy,M_akg_c + M_gln__L_c + M_h_c + M_nadph_c => 2 M_glu__L_c + M_nadp_c,R00114,R00114,1,,chebi,8636,False,True,,0,
BIOMD0000001093,R_GLUTCOADHc,M_fad_c + M_glutcoa_c + M_h_c => M_b2coa_c + M_co2_c + M_fadh2_c,R02487,R02487,1,,chebi,8636,False,True,,0,
BIOMD0000001093,R_GLUTRR,M_glutrna_c + M_h_c + M_nadph_c => M_glu1sa_c + M_nadp_c + M_trnaglu_c,R04109,R04109,1,,chebi,8636,False,True,,0,
BIOMD0000001093,R_GLUTRS,M_atp_c + M_glu__L_c + M_trnaglu_c => M_amp_c + M_glutrna_c + M_ppi_c,R05578,R05578,1,,chebi,8636,False,True,,0,
BIOMD0000001093,R_GLXCL,2 M_glx_c + M_h_c => M_2h3oppan_c + M_co2_c,R00013,R00013,1,,chebi,8636,False,True,,0,
BIOMD0000001093,R_GLXO3r,M_glx_c + M_h2o_c + M_o2_c => M_h2o2_c + M_h_c + M_oxa_c,R00466,R00466,1,,chebi,8636,False,True,,0,
BIOMD0000001093,R_GLYALDDr,M_glyald_c + M_h2o_c + M_nad_c <=> M_glyc__R_c + 2 M_h_c + M_nadh_c,R01752,R01752,1,,chebi,8636,False,True,,0,
BIOMD0000001093,R_GLYCK,M_atp_c + M_glyc__R_c => M_3pg_c + M_adp_c + M_h_c,R01514,R01514,1,,chebi,8636,False,True,,0,
BIOMD0000001093,R_GLYCL,M_gly_c + M_nad_c + M_thf_c => M_co2_c + M_mlthf_c + M_nadh_c + M_nh4_c,R01221,R01221,1,,chebi,8636,False,True,,0,
BIOMD0000001093,R_GLYCLTDx,M_glx_c + M_h_c + M_nadh_c => M_glyclt_c + M_nad_c,R00717,R00717,1,,chebi,8636,False,True,,0,
BIOMD0000001093,R_GLYCLTDy,M_glx_c + M_h_c + M_nadph_c => M_glyclt_c + M_nadp_c,R00465,R00465,1,,chebi,8636,False,True,,0,
BIOMD0000001093,R_GLYCTO1,M_glyclt_c + M_o2_c => M_glx_c + M_h2o2_c,R00475,R00475,1,,chebi,8636,False,True,,0,
BIOMD0000001093,R_GLYK,M_atp_c + M_glyc_c => M_adp_c + M_glyc3p_c + M_h_c,R00847,R00847,1,,chebi,8636,False,True,,0,
BIOMD0000001093,R_GLYO1,M_gly_c + M_h2o_c + M_o2_c => M_glx_c + M_h2o2_c + M_nh4_c,R00366,R00366,1,,chebi,8636,False,True,,0,
BIOMD0000001093,R_GLYOX,M_h2o_c + M_lgt__S_c => M_gthrd_c + M_h_c + M_lac__D_c,R01736,R01736,1,,chebi,8636,False,True,,0,
BIOMD0000001093,R_GLYTRS,M_atp_c + M_gly_c + M_trnagly_c => M_amp_c + M_glytrna_c + M_ppi_c,R03654,R03654,1,,chebi,8636,False,True,,0,
BIOMD0000001093,R_GMAND,M_gdpmann_c => M_gdpddman_c + M_h2o_c,R00888,R00888,1,,chebi,8636,False,True,,0,
BIOMD0000001093,R_GMHEPAT,M_atp_c + M_gmhep1p_c + M_h_c => M_adphep_DD_c + M_ppi_c,R05644,R05644,1,,chebi,8636,False,True,,0,
BIOMD0000001093,R_GMPS2,M_atp_c + M_gln__L_c + M_h2o_c + M_xmp_c => M_amp_c + M_glu__L_c + M_gmp_c + 2 M_h_c + M_ppi_c,R01231,R01231,1,,chebi,8636,False,True,,0,
BIOMD0000001093,R_GND,M_6pgc_c + M_nadp_c => M_co2_c + M_nadph_c + M_ru5p__D_c,R01528,R01528,1,,chebi,8636,False,True,,0,
BIOMD0000001093,R_GNK,M_atp_c + M_glcn_c => M_6pgc_c + M_adp_c + M_h_c,R01737,R01737,1,,chebi,8636,False,True,,0,
BIOMD0000001093,R_GNNUC,M_gsn_c + M_h2o_c => M_gua_c + M_rib__D_c,R01677,R01677,1,,chebi,8636,False,True,,0,
BIOMD0000001093,R_GPDDA2,M_g3pe_c + M_h2o_c => M_etha_c + M_glyc3p_c + M_h_c,R01470,R01470,1,,chebi,8636,False,True,,0,
BIOMD0000001093,R_GRTT,M_grdp_c + M_ipdp_c => M_frdp_c + M_ppi_c,R02003,R02003,1,,chebi,8636,False,True,,0,
BIOMD0000001093,R_GTHOr,M_gthox_c + M_h_c + M_nadph_c <=> 2 M_gthrd_c + M_nadp_c,R00115,R00115,1,,chebi,8636,False,True,,0,
BIOMD0000001093,R_GTHPi,2 M_gthrd_c + M_h2o2_c => M_gthox_c + 2 M_h2o_c,R00274,R00274,1,,chebi,8636,False,True,,0,
BIOMD0000001093,R_GTHRDHpp,M_gthrd_p + M_h2o_p => M_cgly_p + M_glu__L_p,R00494,R00494,1,,chebi,8636,False,True,,0,
BIOMD0000001093,R_GTHS,M_atp_c + M_glucys_c + M_gly_c => M_adp_c + M_gthrd_c + M_h_c + M_pi_c,R00497,R00497,1,,chebi,8636,False,True,,0,
BIOMD0000001093,R_GTPCI,M_gtp_c + M_h2o_c => M_ahdt_c + M_for_c + M_h_c,R00424,R00424,1,,chebi,8636,False,True,,0,
BIOMD0000001093,R_GTPCII2,M_gtp_c + 3 M_h2o_c => M_25drapp_c + M_for_c + 2 M_h_c + M_ppi_c,R00425,R00425,1,,chebi,8636,False,True,,0,
BIOMD0000001093,R_GTPDPDP,M_gdptp_c + M_h2o_c => M_h_c + M_pi_c + M_ppgpp_c,R03409,R03409,1,,chebi,8636,False,True,,0,
BIOMD0000001093,R_GTPDPK,M_atp_c + M_gtp_c => M_amp_c + M_gdptp_c + M_h_c,R00429,R00429,1,,chebi,8636,False,True,,0,
BIOMD0000001093,R_GUACYC,M_gtp_c => M_35cgmp_c + M_ppi_c,R00434,R00434,1,,chebi,8636,False,True,,0,
BIOMD0000001093,R_GUAD,M_gua_c + M_h2o_c + M_h_c => M_nh4_c + M_xan_c,R01676,R01676,1,,chebi,8636,False,True,,0,
BIOMD0000001093,R_GUAPRT,M_gua_c + M_prpp_c => M_gmp_c + M_ppi_c,R01229,R01229,1,,chebi,8636,False,True,,0,
BIOMD0000001093,R_GUDBUTNAH,M_4gudbutn_c + M_h2o_c => M_4abut_c + M_urea_c,R01990,R01990,1,,chebi,8636,False,True,,0,
BIOMD0000001093,R_HACD1i,M_3hbcoa_c + M_nad_c => M_aacoa_c + M_h_c + M_nadh_c,R01975,R01975,1,,chebi,8636,False,True,,0,
BIOMD0000001093,R_HACD2i,M_3hhcoa_c + M_nad_c => M_3ohcoa_c + M_h_c + M_nadh_c,R04748,R04748,1,,chebi,8636,False,True,,0,
BIOMD0000001093,R_HACD3i,M_3hocoa_c + M_nad_c => M_3oocoa_c + M_h_c + M_nadh_c,R04745,R04745,1,,chebi,8636,False,True,,0,
BIOMD0000001093,R_HACD4i,M_3hdcoa_c + M_nad_c => M_3odcoa_c + M_h_c + M_nadh_c,R04743,R04743,1,,chebi,8636,False,True,,0,
BIOMD0000001093,R_HACD5i,M_3hddcoa_c + M_nad_c => M_3oddcoa_c + M_h_c + M_nadh_c,R04741,R04741,1,,chebi,8636,False,True,,0,
BIOMD0000001093,R_HACD6i,M_3htdcoa_c + M_nad_c => M_3otdcoa_c + M_h_c + M_nadh_c,R04739,R04739,1,,chebi,8636,False,True,,0,
BIOMD0000001093,R_HACD7i,M_3hhdcoa_c + M_nad_c => M_3ohdcoa_c + M_h_c + M_nadh_c,R04737,R04737,1,,chebi,8636,False,True,,0,
BIOMD0000001093,R_HACD9,M_3hmbcoa_c + M_nad_c <=> M_2maacoa_c + M_h_c + M_nadh_c,R04203,R04203,1,,chebi,8636,False,True,,0,
BIOMD0000001093,R_HADPCOADH3,M_3hadpcoa_c + M_nad_c <=> M_h_c + M_nadh_c + M_oxadpcoa_c,R06941,R06941,1,,chebi,8636,False,True,,0,
BIOMD0000001093,R_HBZOPT,M_4hbz_c + M_octdp_c => M_3ophb_c + M_ppi_c,R05615,R05615,1,,chebi,8636,False,True,,0,
BIOMD0000001093,R_HCO3E,M_co2_c + M_h2o_c <=> M_h_c + M_hco3_c,R00132;R10092,R00132,2,,chebi,8636,False,True,,0,
BIOMD0000001093,R_HCYSMT,M_amet_c + M_hcys__L_c => M_ahcys_c + M_h_c + M_met__L_c,R00650,R00650,1,,chebi,8636,False,True,,0,
BIOMD0000001093,R_HCYSMT2,M_hcys__L_c + M_mmet_c => M_h_c + 2 M_met__L_c,R11063,R11063,1,,chebi,8636,False,True,,0,
BIOMD0000001093,R_HDH,M_h2o_c + M_histd_c + 2 M_nad_c => 4 M_h_c + M_his__L_c + 2 M_nadh_c,R01158,R01158,1,,chebi,8636,False,True,,0,
BIOMD0000001093,R_HEMEOS,M_frdp_c + M_h2o_c + M_pheme_c => M_hemeO_c + M_ppi_c,R07411,R07411,1,,chebi,8636,False,True,,0,
BIOMD0000001093,R_HEX1,M_atp_c + M_glc__D_c => M_adp_c + M_g6p_c + M_h_c,R00299,R00299,1,,chebi,8636,False,True,,0,
BIOMD0000001093,R_HGNTOR,M_hgentis_c + M_o2_c => M_4mlacac_c + M_h_c,R02519,R02519,1,,chebi,8636,False,True,,0,
BIOMD0000001093,R_HISDr,M_his__L_c => M_nh4_c + M_urcan_c,R01168,R01168,1,,chebi,8636,False,True,,0,
BIOMD0000001093,R_HISTD,M_h2o_c + M_histd_c + 2 M_nad_c => 3 M_h_c + M_his__L_c + 2 M_nadh_c,R01158,R01158,1,,chebi,8636,False,True,,0,
BIOMD0000001093,R_HISTP,M_h2o_c + M_hisp_c => M_histd_c + M_pi_c,R03013,R03013,1,,chebi,8636,False,True,,0,
BIOMD0000001093,R_HISTRS,M_atp_c + M_his__L_c + M_trnahis_c => M_amp_c + M_histrna_c + M_ppi_c,R03655,R03655,1,,chebi,8636,False,True,,0,
BIOMD0000001093,R_HMBS,M_h2o_c + 4 M_ppbng_c => M_hmbil_c + 4 M_nh4_c,R00084,R00084,1,,chebi,8636,False,True,,0,
BIOMD0000001093,R_HMSD,M_2hmcnsad_c + M_h2o_c + M_nad_c => M_2hmc_c + 3 M_h_c + M_nadh_c,R02762,R02762,1,,chebi,8636,False,True,,0,
BIOMD0000001093,R_HMSD2,M_h2o_c + M_hmccms_c + M_nad_c => 2 M_h_c + M_hmccm_c + M_nadh_c,R05353,R05353,1,,chebi,8636,False,True,,0,
BIOMD0000001093,R_HMSH2,M_h2o_c + M_hmccms_c => M_2hchd_c + M_for_c + M_h_c,R05865,R05865,1,,chebi,8636,False,True,,0,
BIOMD0000001093,R_HOPNTAL,M_4h2opntn_c => M_acald_c + M_pyr_c,R00750,R00750,1,,chebi,8636,False,True,,0,
BIOMD0000001093,R_HOPNTAL2,M_4hoxoh_c => M_ppal_c + M_pyr_c,R05298,R05298,1,,chebi,8636,False,True,,0,
BIOMD0000001093,R_HPYRI,M_hpyr_c <=> M_2h3oppan_c,R01394,R01394,1,,chebi,8636,False,True,,0,
BIOMD0000001093,R_HPYRRx,M_h_c + M_hpyr_c + M_nadh_c <=> M_glyc__R_c + M_nad_c,R01388,R01388,1,,chebi,8636,False,True,,0,
BIOMD0000001093,R_HPYRRy,M_h_c + M_hpyr_c + M_nadph_c => M_glyc__R_c + M_nadp_c,R01392,R01392,1,,chebi,8636,False,True,,0,
BIOMD0000001093,R_HSDy,M_hom__L_c + M_nadp_c <=> M_aspsa_c + M_h_c + M_nadph_c,R01775,R01775,1,,chebi,8636,False,True,,0,
BIOMD0000001093,R_HSERTA,M_accoa_c + M_hom__L_c <=> M_achms_c + M_coa_c,R01776,R01776,1,,chebi,8636,False,True,,0,
BIOMD0000001093,R_HSK,M_atp_c + M_hom__L_c => M_adp_c + M_h_c + M_phom_c,R01771,R01771,1,,chebi,8636,False,True,,0,
BIOMD0000001093,R_HSTPT,M_glu__L_c + M_imacp_c => M_akg_c + M_hisp_c,R03243,R03243,1,,chebi,8636,False,True,,0,
BIOMD0000001093,R_HXAND,M_h2o_c + M_hxan_c + M_nad_c => M_h_c + M_nadh_c + M_xan_c,R01768,R01768,1,,chebi,8636,False,True,,0,
BIOMD0000001093,R_HXPRT,M_hxan_c + M_prpp_c => M_imp_c + M_ppi_c,R01132,R01132,1,,chebi,8636,False,True,,0,
BIOMD0000001093,R_ICDHyr,M_icit_c + M_nadp_c <=> M_akg_c + M_co2_c + M_nadph_c,R00267,R00267,1,,chebi,8636,False,True,,0,
BIOMD0000001093,R_ICL,M_icit_c => M_glx_c + M_succ_c,R00479,R00479,1,,chebi,8636,False,True,,0,
BIOMD0000001093,R_IG3PS,M_gln__L_c + M_prlp_c => M_aicar_c + M_eig3p_c + M_glu__L_c + M_h_c,R04558,R04558,1,,chebi,8636,False,True,,0,
BIOMD0000001093,R_IGPDH,M_eig3p_c => M_h2o_c + M_imacp_c,R03457,R03457,1,,chebi,8636,False,True,,0,
BIOMD0000001093,R_IGPS,M_2cpr5p_c + M_h_c => M_3ig3p_c + M_co2_c + M_h2o_c,R03508,R03508,1,,chebi,8636,False,True,,0,
BIOMD0000001093,R_ILETA,M_akg_c + M_ile__L_c <=> M_3mop_c + M_glu__L_c,R02199,R02199,1,,chebi,8636,False,True,,0,
BIOMD0000001093,R_ILETRS,M_atp_c + M_ile__L_c + M_trnaile_c => M_amp_c + M_iletrna_c + M_ppi_c,R03656,R03656,1,,chebi,8636,False,True,,0,
BIOMD0000001093,R_IMPC,M_h2o_c + M_imp_c <=> M_fprica_c,R01127,R01127,1,,chebi,8636,False,True,,0,
BIOMD0000001093,R_IMPD,M_h2o_c + M_imp_c + M_nad_c => M_h_c + M_nadh_c + M_xmp_c,R01130,R01130,1,,chebi,8636,False,True,,0,
BIOMD0000001093,R_INSH,M_h2o_c + M_ins_c => M_hxan_c + M_rib__D_c,R01770,R01770,1,,chebi,8636,False,True,,0,
BIOMD0000001093,R_IPDDI,M_ipdp_c <=> M_dmpp_c,R01123,R01123,1,,chebi,8636,False,True,,0,
BIOMD0000001093,R_IPMD,M_3c2hmp_c + M_nad_c => M_3c4mop_c + M_h_c + M_nadh_c,R04426,R04426,1,,chebi,8636,False,True,,0,
BIOMD0000001093,R_IPPMIa,M_3c2hmp_c <=> M_2ippm_c + M_h2o_c,R04001,R04001,1,,chebi,8636,False,True,,0,
BIOMD0000001093,R_IPPMIb,M_2ippm_c + M_h2o_c <=> M_3c3hmp_c,R03968,R03968,1,,chebi,8636,False,True,,0,
BIOMD0000001093,R_IPPS,M_3mob_c + M_accoa_c + M_h2o_c => M_3c3hmp_c + M_coa_c + M_h_c,R01213,R01213,1,,chebi,8636,False,True,,0,
BIOMD0000001093,R_IZPN,M_4izp_c + M_h2o_c => M_forglu_c + M_h_c,R02288,R02288,1,,chebi,8636,False,True,,0,
BIOMD0000001093,R_KARA1,M_23dhmb_c + M_nadp_c <=> M_alac__S_c + M_h_c + M_nadph_c,R04439,R04439,1,,chebi,8636,False,True,,0,
BIOMD0000001093,R_KAS14,M_acACP_c + M_h_c + M_malACP_c => M_ACP_c + M_actACP_c + M_co2_c,R04355,R04355,1,,chebi,8636,False,True,,0,
BIOMD0000001093,R_KAS15,M_accoa_c + M_h_c + M_malACP_c => M_actACP_c + M_co2_c + M_coa_c,R10707,R10707,1,,chebi,8636,False,True,,0,
BIOMD0000001093,R_KAT1,M_aacoa_c + M_coa_c => 2 M_accoa_c,R00238,R00238,1,,chebi,8636,False,True,,0,
BIOMD0000001093,R_KDOPS,M_ara5p_c + M_h2o_c + M_pep_c => M_kdo8p_c + M_pi_c,R03254,R03254,1,,chebi,8636,False,True,,0,
BIOMD0000001093,R_LCADi,M_h2o_c + M_lald__L_c + M_nad_c => 2 M_h_c + M_lac__L_c + M_nadh_c,R01446,R01446,1,,chebi,8636,False,True,,0,
BIOMD0000001093,R_LDH_D,M_lac__D_c + M_nad_c <=> M_h_c + M_nadh_c + M_pyr_c,R00704,R00704,1,,chebi,8636,False,True,,0,
BIOMD0000001093,R_LEUTA,M_akg_c + M_leu__L_c <=> M_4mop_c + M_glu__L_c,R01090,R01090,1,,chebi,8636,False,True,,0,
BIOMD0000001093,R_LEUTRS,M_atp_c + M_leu__L_c + M_trnaleu_c => M_amp_c + M_leutrna_c + M_ppi_c,R03657,R03657,1,,chebi,8636,False,True,,0,
BIOMD0000001093,R_LGTHL,M_gthrd_c + M_mthgxl_c => M_lgt__S_c,R02530,R02530,1,,chebi,8636,False,True,,0,
BIOMD0000001093,R_LLEUDr,M_h2o_c + M_leu__L_c + M_nad_c <=> M_4mop_c + M_h_c + M_nadh_c + M_nh4_c,R01088,R01088,1,,chebi,8636,False,True,,0,
BIOMD0000001093,R_LPCOXc,M_Lpipecol_c + M_o2_c => M_h2o2_c + M_h_c + M_thp2c_c,R02204,R02204,1,,chebi,8636,False,True,,0,
BIOMD0000001093,R_LSERDHr,M_nadp_c + M_ser__L_c <=> M_2amsa_c + M_h_c + M_nadph_c,R06126,R06126,1,,chebi,8636,False,True,,0,
BIOMD0000001093,R_LTDCL,M_h_c + M_trp__L_c => M_co2_c + M_trypta_c,R00685,R00685,1,,chebi,8636,False,True,,0,
BIOMD0000001093,R_LYSDC,M_h_c + M_lys__L_c => M_15dap_c + M_co2_c,R00462,R00462,1,,chebi,8636,False,True,,0,
BIOMD0000001093,R_LYSMO,M_lys__L_c + M_o2_c => M_5apentam_c + M_co2_c + M_h2o_c + M_h_c,R00449,R00449,1,,chebi,8636,False,True,,0,
BIOMD0000001093,R_LYSRC,M_lys__L_c <=> M_lys__D_c,R00460,R00460,1,,chebi,8636,False,True,,0,
BIOMD0000001093,R_LYSTRS,M_atp_c + M_lys__L_c + M_trnalys_c => M_amp_c + M_lystrna_c + M_ppi_c,R03658,R03658,1,,chebi,8636,False,True,,0,
BIOMD0000001093,R_MACACI,M_4mlacac_c => M_4fumacac_c,R03181,R03181,1,,chebi,8636,False,True,,0,
BIOMD0000001093,R_MACCOAT,M_2maacoa_c + M_coa_c => M_accoa_c + M_ppcoa_c,R00927,R00927,1,,chebi,8636,False,True,,0,
BIOMD0000001093,R_MACPD,M_h_c + M_malACP_c => M_acACP_c + M_co2_c,R09482,R09482,1,,chebi,8636,False,True,,0,
BIOMD0000001093,R_MALEI,M_male_c <=> M_fum_c,R01087,R01087,1,,chebi,8636,False,True,,0,
BIOMD0000001093,R_MALS,M_accoa_c + M_glx_c + M_h2o_c => M_coa_c + M_h_c + M_mal__L_c,R00472,R00472,1,,chebi,8636,False,True,,0,
BIOMD0000001093,R_MAN1PT,M_gtp_c + M_h_c + M_man1p_c => M_gdpmann_c + M_ppi_c,R00885,R00885,1,,chebi,8636,False,True,,0,
BIOMD0000001093,R_MAN1PT2,M_gdp_c + M_h_c + M_man1p_c => M_gdpmann_c + M_pi_c,R00883,R00883,1,,chebi,8636,False,True,,0,
BIOMD0000001093,R_MAN6PI,M_man6p_c <=> M_f6p_c,R01819,R01819,1,,chebi,8636,False,True,,0,
BIOMD0000001093,R_MBCOAi,M_fad_c + M_ivcoa_c => M_3mb2coa_c + M_fadh2_c,R04095,R04095,1,,chebi,8636,False,True,,0,
BIOMD0000001093,R_MCCC,M_3mb2coa_c + M_atp_c + M_hco3_c => M_3mgcoa_c + M_adp_c + M_h_c + M_pi_c,R04138,R04138,1,,chebi,8636,False,True,,0,
BIOMD0000001093,R_MCITD,M_2mcit_c => M_2mcacn_c + M_h2o_c,R04424,R04424,1,,chebi,8636,False,True,,0,
BIOMD0000001093,R_MCITL2,M_micit_c <=> M_pyr_c + M_succ_c,R00409,R00409,1,,chebi,8636,False,True,,0,
BIOMD0000001093,R_MCITS,M_h2o_c + M_oaa_c + M_ppcoa_c => M_2mcit_c + M_coa_c + M_h_c,R00931,R00931,1,,chebi,8636,False,True,,0,
BIOMD0000001093,R_MCOATA,M_ACP_c + M_malcoa_c <=> M_coa_c + M_malACP_c,R01626,R01626,1,,chebi,8636,False,True,,0,
BIOMD0000001093,R_MCSNAH,M_5mcsn_c + M_h2o_c + M_h_c => M_nh4_c + M_thym_c,R01411,R01411,1,,chebi,8636,False,True,,0,
BIOMD0000001093,R_MDH,M_mal__L_c + M_nad_c <=> M_h_c + M_nadh_c + M_oaa_c,R00342,R00342,1,,chebi,8636,False,True,,0,
BIOMD0000001093,R_ME2,M_mal__L_c + M_nadp_c => M_co2_c + M_nadph_c + M_pyr_c,R00216,R00216,1,,chebi,8636,False,True,,0,
BIOMD0000001093,R_MECDPS_copy1,M_2p4c2me_c => M_2mecdp_c + M_cmp_c,R05637,R05637,1,,chebi,8636,False,True,,0,
BIOMD0000001093,R_MECDPS_copy2,M_2p4c2me_c => M_2mecdp_c + M_cmp_c,R05637,R05637,1,,chebi,8636,False,True,,0,
BIOMD0000001093,R_MEPCT,M_2me4p_c + M_ctp_c + M_h_c => M_4c2me_c + M_ppi_c,R05633,R05633,1,,chebi,8636,False,True,,0,
BIOMD0000001093,R_METAT,M_atp_c + M_h2o_c + M_met__L_c => M_amet_c + M_pi_c + M_ppi_c,R00177,R00177,1,,chebi,8636,False,True,,0,
BIOMD0000001093,R_METGL,M_h2o_c + M_met__L_c => M_2obut_c + M_ch4s_c + M_nh4_c,R00654,R00654,1,,chebi,8636,False,True,,0,
BIOMD0000001093,R_METS,M_5mthf_c + M_hcys__L_c => M_h_c + M_met__L_c + M_thf_c,R00946,R00946,1,,chebi,8636,False,True,,0,
BIOMD0000001093,R_METSOXR1,M_metsox_S__L_c + M_trdrd_c => M_h2o_c + M_met__L_c + M_trdox_c,R02025,R02025,1,,chebi,8636,False,True,,0,
BIOMD0000001093,R_METSOXR2,M_metsox_R__L_c + M_trdrd_c => M_h2o_c + M_met__L_c + M_trdox_c,R07608,R07608,1,,chebi,8636,False,True,,0,
BIOMD0000001093,R_METTRS,M_atp_c + M_met__L_c + M_trnamet_c => M_amp_c + M_mettrna_c + M_ppi_c,R03659,R03659,1,,chebi,8636,False,True,,0,
BIOMD0000001093,R_MI1PP,M_h2o_c + M_mi1p__D_c => M_inost_c + M_pi_c,R01185,R01185,1,,chebi,8636,False,True,,0,
BIOMD0000001093,R_MICITDr,M_2mcacn_c + M_h2o_c <=> M_micit_c,R04425,R04425,1,,chebi,8636,False,True,,0,
BIOMD0000001093,R_MMSAD3,M_coa_c + M_msa_c + M_nad_c => M_accoa_c + M_co2_c + M_nadh_c,R00705,R00705,1,,chebi,8636,False,True,,0,
BIOMD0000001093,R_MMTSAO,M_coa_c + M_mmtsa_c + M_nad_c => M_co2_c + M_nadh_c + M_ppcoa_c,R00935,R00935,1,,chebi,8636,False,True,,0,
BIOMD0000001093,R_MOHMT,M_3mob_c + M_h2o_c + M_mlthf_c => M_2dhp_c + M_thf_c,R01226,R01226,1,,chebi,8636,False,True,,0,
BIOMD0000001093,R_MPTAT,M_atp_c + M_h_c + M_mpt_c => M_mptamp_c + M_ppi_c,R09726,R09726,1,,chebi,8636,False,True,,0,
BIOMD0000001093,R_MTHFC,M_h2o_c + M_methf_c <=> M_10fthf_c + M_h_c,R01655,R01655,1,,chebi,8636,False,True,,0,
BIOMD0000001093,R_MTHFD,M_mlthf_c + M_nadp_c <=> M_methf_c + M_nadph_c,R01220,R01220,1,,chebi,8636,False,True,,0,
BIOMD0000001093,R_MTHFR2,2 M_h_c + M_mlthf_c + M_nadh_c => M_5mthf_c + M_nad_c,R07168,R07168,1,,chebi,8636,False,True,,0,
BIOMD0000001093,R_MTI,M_tre_c <=> M_malt_c,R01557;R06218,R01557,2,,chebi,8636,False,True,,0,
BIOMD0000001093,R_MTOLDOX,M_h_c + M_m_tol_c + M_nadh_c + M_o2_c => M_dh3mchc_c + M_nad_c,R05665,R05665,1,,chebi,8636,False,True,,0,
BIOMD0000001093,R_MTRI,M_5mdr1p_c <=> M_5mdru1p_c,R04420,R04420,1,,chebi,8636,False,True,,0,
BIOMD0000001093,R_MUCCYCI,M_ccmuac_c + M_h_c <=> M_mucl_c,R03959,R03959,1,,chebi,8636,False,True,,0,
BIOMD0000001093,R_MUCCY_kt,M_CCbuttc_c + M_h_c => M_4cml_c,R03307,R03307,1,,chebi,8636,False,True,,0,
BIOMD0000001093,R_MUCLI,M_mucl_c <=> M_5odhf2a_c,R04260,R04260,1,,chebi,8636,False,True,,0,
BIOMD0000001093,R_MXMO,M_h_c + M_m_xyl_c + M_nadh_c + M_o2_c => M_3mbzalc_c + M_h2o_c + M_nad_c,R05443,R05443,1,,chebi,8636,False,True,,0,
BIOMD0000001093,R_NADDP,M_h2o_c + M_nad_c => M_amp_c + 2 M_h_c + M_nmn_c,R00103,R00103,1,,chebi,8636,False,True,,0,
BIOMD0000001093,R_NADHPO,M_h2o2_c + M_h_c + M_nadh_c => 2 M_h2o_c + M_nad_c,R00090,R00090,1,,chebi,8636,False,True,,0,
BIOMD0000001093,R_NADK,M_atp_c + M_nad_c => M_adp_c + M_h_c + M_nadp_c,R00104,R00104,1,,chebi,8636,False,True,,0,
BIOMD0000001093,R_NADN,M_h2o_c + M_nad_c => M_adprib_c + M_h_c + M_ncam_c,R00102,R00102,1,,chebi,8636,False,True,,0,
BIOMD0000001093,R_NADS1,M_atp_c + M_dnad_c + M_nh4_c => M_amp_c + M_h_c + M_nad_c + M_ppi_c,R00189,R00189,1,,chebi,8636,False,True,,0,
BIOMD0000001093,R_NADTRHD,M_nad_c + M_nadph_c => M_nadh_c + M_nadp_c,R00112,R00112,1,,chebi,8636,False,True,,0,
BIOMD0000001093,R_NAMNPP,M_atp_c + M_h2o_c + M_nac_c + M_prpp_c => M_adp_c + M_nicrnt_c + M_pi_c + M_ppi_c,R01724,R01724,1,,chebi,8636,False,True,,0,
BIOMD0000001093,R_NDPK1,M_atp_c + M_gdp_c <=> M_adp_c + M_gtp_c,R00330,R00330,1,,chebi,8636,False,True,,0,
BIOMD0000001093,R_NDPK2,M_atp_c + M_udp_c <=> M_adp_c + M_utp_c,R00156,R00156,1,,chebi,8636,False,True,,0,
BIOMD0000001093,R_NDPK3,M_atp_c + M_cdp_c <=> M_adp_c + M_ctp_c,R00570,R00570,1,,chebi,8636,False,True,,0,
BIOMD0000001093,R_NDPK4,M_atp_c + M_dtdp_c <=> M_adp_c + M_dttp_c,R02093,R02093,1,,chebi,8636,False,True,,0,
BIOMD0000001093,R_NDPK5,M_atp_c + M_dgdp_c <=> M_adp_c + M_dgtp_c,R01857,R01857,1,,chebi,8636,False,True,,0,
BIOMD0000001093,R_NDPK6,M_atp_c + M_dudp_c <=> M_adp_c + M_dutp_c,R02331,R02331,1,,chebi,8636,False,True,,0,
BIOMD0000001093,R_NDPK7,M_atp_c + M_dcdp_c <=> M_adp_c + M_dctp_c,R02326,R02326,1,,chebi,8636,False,True,,0,
BIOMD0000001093,R_NDPK8,M_atp_c + M_dadp_c <=> M_adp_c + M_datp_c,R01137,R01137,1,,chebi,8636,False,True,,0,
BIOMD0000001093,R_NFMLDF,M_h2o_c + M_nfmalm_c => M_for_c + M_h_c + M_malm_c,R09126,R09126,1,,chebi,8636,False,True,,0,
BIOMD0000001093,R_NITR,M_h_c + M_nadh_c + M_no3_c => M_h2o_c + M_nad_c + M_no2_c,R00794,R00794,1,,chebi,8636,False,True,,0,
BIOMD0000001093,R_NMNAT,M_atp_c + M_h_c + M_nmn_c => M_nad_c + M_ppi_c,R00137,R00137,1,,chebi,8636,False,True,,0,
BIOMD0000001093,R_NMNDA,M_h2o_c + M_nmn_c => M_nh4_c + M_nicrnt_c,R02322,R02322,1,,chebi,8636,False,True,,0,
BIOMD0000001093,R_NNATr,M_atp_c + M_h_c + M_nicrnt_c <=> M_dnad_c + M_ppi_c,R03005,R03005,1,,chebi,8636,False,True,,0,
BIOMD0000001093,R_NNDMBRT,M_dmbzid_c + M_nicrnt_c => M_5prdmbz_c + M_h_c + M_nac_c,R04148,R04148,1,,chebi,8636,False,True,,0,
BIOMD0000001093,R_NNDPR,2 M_h_c + M_prpp_c + M_quln_c => M_co2_c + M_nicrnt_c + M_ppi_c,R03348,R03348,1,,chebi,8636,False,True,,0,
BIOMD0000001093,R_NODOx,M_nadh_c + 2 M_no_c + 2 M_o2_c => M_h_c + M_nad_c + 2 M_no3_c,R05724,R05724,1,,chebi,8636,False,True,,0,
BIOMD0000001093,R_NODOy,M_nadph_c + 2 M_no_c + 2 M_o2_c => M_h_c + M_nadp_c + 2 M_no3_c,R05725,R05725,1,,chebi,8636,False,True,,0,
BIOMD0000001093,R_NTD1,M_dump_c + M_h2o_c => M_duri_c + M_pi_c,R02102,R02102,1,,chebi,8636,False,True,,0,
BIOMD0000001093,R_NTD10,M_h2o_c + M_xmp_c => M_pi_c + M_xtsn_c,R02719,R02719,1,,chebi,8636,False,True,,0,
BIOMD0000001093,R_NTD10pp,M_h2o_p + M_xmp_p => M_pi_p + M_xtsn_p,R02719,R02719,1,,chebi,8636,False,True,,0,
BIOMD0000001093,R_NTD11,M_h2o_c + M_imp_c => M_ins_c + M_pi_c,R01126,R01126,1,,chebi,8636,False,True,,0,
BIOMD0000001093,R_NTD11pp,M_h2o_p + M_imp_p => M_ins_p + M_pi_p,R01126,R01126,1,,chebi,8636,False,True,,0,
BIOMD0000001093,R_NTD1pp,M_dump_p + M_h2o_p => M_duri_p + M_pi_p,R02102,R02102,1,,chebi,8636,False,True,,0,
BIOMD0000001093,R_NTD2,M_h2o_c + M_ump_c => M_pi_c + M_uri_c,R00963,R00963,1,,chebi,8636,False,True,,0,
BIOMD0000001093,R_NTD2pp,M_h2o_p + M_ump_p => M_pi_p + M_uri_p,R00963,R00963,1,,chebi,8636,False,True,,0,
BIOMD0000001093,R_NTD3,M_dcmp_c + M_h2o_c => M_dcyt_c + M_pi_c,R01664,R01664,1,,chebi,8636,False,True,,0,
BIOMD0000001093,R_NTD3pp,M_dcmp_p + M_h2o_p => M_dcyt_p + M_pi_p,R01664,R01664,1,,chebi,8636,False,True,,0,
BIOMD0000001093,R_NTD4,M_cmp_c + M_h2o_c => M_cytd_c + M_pi_c,R00511,R00511,1,,chebi,8636,False,True,,0,
BIOMD0000001093,R_NTD4pp,M_cmp_p + M_h2o_p => M_cytd_p + M_pi_p,R00511,R00511,1,,chebi,8636,False,True,,0,
BIOMD0000001093,R_NTD5,M_dtmp_c + M_h2o_c => M_pi_c + M_thymd_c,R01569,R01569,1,,chebi,8636,False,True,,0,
BIOMD0000001093,R_NTD5pp,M_dtmp_p + M_h2o_p => M_pi_p + M_thymd_p,R01569,R01569,1,,chebi,8636,False,True,,0,
BIOMD0000001093,R_NTD6,M_damp_c + M_h2o_c => M_dad_2_c + M_pi_c,R02088,R02088,1,,chebi,8636,False,True,,0,
BIOMD0000001093,R_NTD6pp,M_damp_p + M_h2o_p => M_dad_2_p + M_pi_p,R02088,R02088,1,,chebi,8636,False,True,,0,
BIOMD0000001093,R_NTD7,M_amp_c + M_h2o_c => M_adn_c + M_pi_c,R00183,R00183,1,,chebi,8636,False,True,,0,
BIOMD0000001093,R_NTD7pp,M_amp_p + M_h2o_p => M_adn_p + M_pi_p,R00183,R00183,1,,chebi,8636,False,True,,0,
BIOMD0000001093,R_NTD8,M_dgmp_c + M_h2o_c => M_dgsn_c + M_pi_c,R01968,R01968,1,,chebi,8636,False,True,,0,
BIOMD0000001093,R_NTD8pp,M_dgmp_p + M_h2o_p => M_dgsn_p + M_pi_p,R01968,R01968,1,,chebi,8636,False,True,,0,
BIOMD0000001093,R_NTD9,M_gmp_c + M_h2o_c => M_gsn_c + M_pi_c,R01227,R01227,1,,chebi,8636,False,True,,0,
BIOMD0000001093,R_NTD9pp,M_gmp_p + M_h2o_p => M_gsn_p + M_pi_p,R01227,R01227,1,,chebi,8636,False,True,,0,
BIOMD0000001093,R_NTP1,M_atp_c + M_h2o_c => M_adp_c + M_h_c + M_pi_c,R00086,R00086,1,,chebi,8636,False,True,,0,
BIOMD0000001093,R_NTP10,M_h2o_c + M_itp_c => M_h_c + M_idp_c + M_pi_c,R00719,R00719,1,,chebi,8636,False,True,,0,
BIOMD0000001093,R_NTP3,M_gtp_c + M_h2o_c => M_gdp_c + M_h_c + M_pi_c,R00335,R00335,1,,chebi,8636,False,True,,0,
BIOMD0000001093,R_NTP5,M_ctp_c + M_h2o_c => M_cdp_c + M_h_c + M_pi_c,R00569,R00569,1,,chebi,8636,False,True,,0,
BIOMD0000001093,R_NTPP1,M_dgtp_c + M_h2o_c => M_dgmp_c + M_h_c + M_ppi_c,R01855,R01855,1,,chebi,8636,False,True,,0,
BIOMD0000001093,R_NTPP10,M_ditp_c + M_h2o_c => M_dimp_c + M_h_c + M_ppi_c,R03531,R03531,1,,chebi,8636,False,True,,0,
BIOMD0000001093,R_NTPP11,M_h2o_c + M_xtp_c => M_h_c + M_ppi_c + M_xmp_c,R02720,R02720,1,,chebi,8636,False,True,,0,
BIOMD0000001093,R_NTPP2,M_gtp_c + M_h2o_c => M_gmp_c + M_h_c + M_ppi_c,R00426,R00426,1,,chebi,8636,False,True,,0,
BIOMD0000001093,R_NTPP3,M_dctp_c + M_h2o_c => M_dcmp_c + M_h_c + M_ppi_c,R01668,R01668,1,,chebi,8636,False,True,,0,
BIOMD0000001093,R_NTPP4,M_ctp_c + M_h2o_c => M_cmp_c + M_h_c + M_ppi_c,R00515,R00515,1,,chebi,8636,False,True,,0,
BIOMD0000001093,R_NTPP6,M_atp_c + M_h2o_c => M_amp_c + M_h_c + M_ppi_c,R00087,R00087,1,,chebi,8636,False,True,,0,
BIOMD0000001093,R_NTPP7,M_dttp_c + M_h2o_c => M_dtmp_c + M_h_c + M_ppi_c,R11323,R11323,1,,chebi,8636,False,True,,0,
BIOMD0000001093,R_NTPP8,M_h2o_c + M_utp_c => M_h_c + M_ppi_c + M_ump_c,R00662,R00662,1,,chebi,8636,False,True,,0,
BIOMD0000001093,R_NTPP9,M_h2o_c + M_itp_c => M_h_c + M_imp_c + M_ppi_c,R00720,R00720,1,,chebi,8636,False,True,,0,
BIOMD0000001093,R_NTPTP1,M_dgtp_c + M_h2o_c => M_dgsn_c + M_pppi_c,R01856,R01856,1,,chebi,8636,False,True,,0,
BIOMD0000001093,R_NTRIR2x,5 M_h_c + 3 M_nadh_c + M_no2_c => 2 M_h2o_c + 3 M_nad_c + M_nh4_c,R00787,R00787,1,,chebi,8636,False,True,,0,
BIOMD0000001093,R_OAADC,M_h_c + M_oaa_c => M_co2_c + M_pyr_c,R00217,R00217,1,,chebi,8636,False,True,,0,
BIOMD0000001093,R_OARGDC,M_5g2oxpt_c + M_h_c => M_co2_c + M_gdbtal_c,R03178,R03178,1,,chebi,8636,False,True,,0,
BIOMD0000001093,R_OCBT,M_cbp_c + M_orn_c => M_citr__L_c + M_h_c + M_pi_c,R01398,R01398,1,,chebi,8636,False,True,,0,
BIOMD0000001093,R_OCOAT1,M_acac_c + M_succoa_c => M_aacoa_c + M_succ_c,R00410,R00410,1,,chebi,8636,False,True,,0,
BIOMD0000001093,R_OCTDPS,M_frdp_c + 5 M_ipdp_c => M_octdp_c + 5 M_ppi_c,R09248,R09248,1,,chebi,8636,False,True,,0,
BIOMD0000001093,R_OGMEACPD,M_hgmeACP_c => M_egmeACP_c + M_h2o_c,R10117,R10117,1,,chebi,8636,False,True,,0,
BIOMD0000001093,R_OHPBAT,M_glu__L_c + M_ohpb_c <=> M_akg_c + M_phthr_c,R05085,R05085,1,,chebi,8636,False,True,,0,
BIOMD0000001093,R_OHPHM,M_2ohph_c + M_amet_c => M_2omph_c + M_ahcys_c + M_h_c,R04988,R04988,1,,chebi,8636,False,True,,0,
BIOMD0000001093,R_OIVD1r,M_4mop_c + M_coa_c + M_nad_c <=> M_co2_c + M_ivcoa_c + M_nadh_c,R01651,R01651,1,,chebi,8636,False,True,,0,
BIOMD0000001093,R_OIVD2,M_3mob_c + M_coa_c + M_nad_c => M_co2_c + M_ibcoa_c + M_nadh_c,R01210,R01210,1,,chebi,8636,False,True,,0,
BIOMD0000001093,R_OMCDC,M_3c4mop_c + M_h_c => M_4mop_c + M_co2_c,R01652,R01652,1,,chebi,8636,False,True,,0,
BIOMD0000001093,R_OMPDC,M_h_c + M_orot5p_c => M_co2_c + M_ump_c,R00965,R00965,1,,chebi,8636,False,True,,0,
BIOMD0000001093,R_OP4ENH2,M_2hchd_c + M_h2o_c => M_4hoxoh_c,R05864,R05864,1,,chebi,8636,False,True,,0,
BIOMD0000001093,R_OPAH,M_5oxpro_c + M_atp_c + 2 M_h2o_c => M_adp_c + M_glu__L_c + M_h_c + M_pi_c,R00251,R00251,1,,chebi,8636,False,True,,0,
BIOMD0000001093,R_OPHBDC,M_3ophb_c + M_h_c => M_2oph_c + M_co2_c,R04986,R04986,1,,chebi,8636,False,True,,0,
BIOMD0000001093,R_OPMEACPD,M_hpmeACP_c => M_epmeACP_c + M_h2o_c,R10121,R10121,1,,chebi,8636,False,True,,0,
BIOMD0000001093,R_ORNCD,M_orn_c => M_nh4_c + M_pro__L_c,R00671,R00671,1,,chebi,8636,False,True,,0,
BIOMD0000001093,R_ORNDC,M_h_c + M_orn_c => M_co2_c + M_ptrc_c,R00670,R00670,1,,chebi,8636,False,True,,0,
BIOMD0000001093,R_ORPT,M_orot5p_c + M_ppi_c <=> M_orot_c + M_prpp_c,R01870,R01870,1,,chebi,8636,False,True,,0,
BIOMD0000001093,R_OXOAEL,M_5odhf2a_c + M_h2o_c => M_3oxoadp_c + M_h_c,R02991,R02991,1,,chebi,8636,False,True,,0,
BIOMD0000001093,R_OXPTNDH,M_h2o_c + M_nad_c + M_oxptn_c <=> M_glutar_c + 2 M_h_c + M_nadh_c,R02401,R02401,1,,chebi,8636,False,True,,0,
BIOMD0000001093,R_P5CD,M_1pyr5c_c + 2 M_h2o_c + M_nad_c => M_glu__L_c + M_h_c + M_nadh_c,R00707,R00707,1,,chebi,8636,False,True,,0,
BIOMD0000001093,R_P5CR,M_1pyr5c_c + 2 M_h_c + M_nadph_c => M_nadp_c + M_pro__L_c,R01251,R01251,1,,chebi,8636,False,True,,0,
BIOMD0000001093,R_PACCOAL,M_atp_c + M_coa_c + M_pac_c => M_amp_c + M_phaccoa_c + M_ppi_c,R02539,R02539,1,,chebi,8636,False,True,,0,
BIOMD0000001093,R_PANTS,M_ala_B_c + M_atp_c + M_pant__R_c => M_amp_c + M_h_c + M_pnto__R_c + M_ppi_c,R02473,R02473,1,,chebi,8636,False,True,,0,
BIOMD0000001093,R_PAPSR,M_paps_c + M_trdrd_c => 2 M_h_c + M_pap_c + M_so3_c + M_trdox_c,R02021,R02021,1,,chebi,8636,False,True,,0,
BIOMD0000001093,R_PC,M_atp_c + M_hco3_c + M_pyr_c => M_adp_c + M_h_c + M_oaa_c + M_pi_c,R00344,R00344,1,,chebi,8636,False,True,,0,
BIOMD0000001093,R_PC11M,M_amet_c + M_pre4_c => M_ahcys_c + M_h_c + M_pre5_c,R05181,R05181,1,,chebi,8636,False,True,,0,
BIOMD0000001093,R_PC17M,M_amet_c + M_pre3b_c => M_ahcys_c + 3 M_h_c + M_pre4_c,R05180,R05180,1,,chebi,8636,False,True,,0,
BIOMD0000001093,R_PC20M,M_amet_c + M_dscl_c => M_ahcys_c + M_h_c + M_pre3a_c,R03948,R03948,1,,chebi,8636,False,True,,0,
BIOMD0000001093,R_PC6AR,M_h_c + M_nadph_c + M_pre6a_c => M_nadp_c + M_pre6b_c,R05150,R05150,1,,chebi,8636,False,True,,0,
BIOMD0000001093,R_PC6YM,2 M_amet_c + M_pre6b_c => 2 M_ahcys_c + M_co2_c + 2 M_h_c + M_pre8_c,R05149,R05149,1,,chebi,8636,False,True,,0,
BIOMD0000001093,R_PC8XM,M_h_c + M_pre8_c => M_hgbyr_c,R05177,R05177,1,,chebi,8636,False,True,,0,
BIOMD0000001093,R_PCADYOX,M_34dhbz_c + M_o2_c => M_CCbuttc_c + 2 M_h_c,R01631,R01631,1,,chebi,8636,False,True,,0,
BIOMD0000001093,R_PDE1,M_camp_c + M_h2o_c => M_amp_c + M_h_c,R00191,R00191,1,,chebi,8636,False,True,,0,
BIOMD0000001093,R_PDE4,M_35cgmp_c + M_h2o_c => M_gmp_c + M_h_c,R01234,R01234,1,,chebi,8636,False,True,,0,
BIOMD0000001093,R_PDH,M_coa_c + M_nad_c + M_pyr_c => M_accoa_c + M_co2_c + M_nadh_c,R00209,R00209,1,,chebi,8636,False,True,,0,
BIOMD0000001093,R_PDHcr,M_dhlam_c + M_nad_c <=> M_h_c + M_lpam_c + M_nadh_c,R01698,R01698,1,,chebi,8636,False,True,,0,
BIOMD0000001093,R_PDX5POi,M_o2_c + M_pdx5p_c => M_h2o2_c + M_pydx5p_c,R00278,R00278,1,,chebi,8636,False,True,,0,
BIOMD0000001093,R_PERD,M_4per_c + M_nad_c <=> M_h_c + M_nadh_c + M_ohpb_c,R04210,R04210,1,,chebi,8636,False,True,,0,
BIOMD0000001093,R_PGAMT,M_gam1p_c <=> M_gam6p_c,R02060,R02060,1,,chebi,8636,False,True,,0,
BIOMD0000001093,R_PGCD,M_3pg_c + M_nad_c => M_3php_c + M_h_c + M_nadh_c,R01513,R01513,1,,chebi,8636,False,True,,0,
BIOMD0000001093,R_PGK,M_3pg_c + M_atp_c <=> M_13dpg_c + M_adp_c,R01512,R01512,1,,chebi,8636,False,True,,0,
BIOMD0000001093,R_PGL,M_6pgl_c + M_h2o_c => M_6pgc_c + M_h_c,R02035,R02035,1,,chebi,8636,False,True,,0,
BIOMD0000001093,R_PGLCNDH,M_6p2dhglcn_c + M_nadph_c <=> M_6pgc_c + 2 M_h_c + M_nadp_c,R02034,R02034,1,,chebi,8636,False,True,,0,
BIOMD0000001093,R_PGLYCP,M_2pglyc_c + M_h2o_c => M_glyclt_c + M_pi_c,R01334,R01334,1,,chebi,8636,False,True,,0,
BIOMD0000001093,R_PGM,M_2pg_c <=> M_3pg_c,R01518,R01518,1,,chebi,8636,False,True,,0,
BIOMD0000001093,R_PGMT,M_g1p_c <=> M_g6p_c,R08639,R08639,1,,chebi,8636,False,True,,0,
BIOMD0000001093,R_PHETA1,M_akg_c + M_phe__L_c <=> M_glu__L_c + M_phpyr_c,R00694,R00694,1,,chebi,8636,False,True,,0,
BIOMD0000001093,R_PHETRS,M_atp_c + M_phe__L_c + M_trnaphe_c => M_amp_c + M_phetrna_c + M_ppi_c,R03660,R03660,1,,chebi,8636,False,True,,0,
BIOMD0000001093,R_PMANM,M_man1p_c <=> M_man6p_c,R01818,R01818,1,,chebi,8636,False,True,,0,
BIOMD0000001093,R_PMDPHT,M_5aprbu_c + M_h2o_c => M_4r5au_c + M_pi_c,R07280,R07280,1,,chebi,8636,False,True,,0,
BIOMD0000001093,R_PMEACPE,M_h2o_c + M_pmeACP_c => M_meoh_c + M_pimACP_c,R09725,R09725,1,,chebi,8636,False,True,,0,
BIOMD0000001093,R_PNTK,M_atp_c + M_pnto__R_c => M_4ppan_c + M_adp_c + M_h_c,R03018,R03018,1,,chebi,8636,False,True,,0,
BIOMD0000001093,R_PPA,M_h2o_c + M_ppi_c => M_h_c + 2 M_pi_c,R00004,R00004,1,,chebi,8636,False,True,,0,
BIOMD0000001093,R_PPA2,M_h2o_c + M_pppi_c => M_h_c + M_pi_c + M_ppi_c,R00138,R00138,1,,chebi,8636,False,True,,0,
BIOMD0000001093,R_PPBNGS,2 M_5aop_c => 2 M_h2o_c + M_h_c + M_ppbng_c,R00036,R00036,1,,chebi,8636,False,True,,0,
BIOMD0000001093,R_PPC,M_co2_c + M_h2o_c + M_pep_c => M_h_c + M_oaa_c + M_pi_c,R00345,R00345,1,,chebi,8636,False,True,,0,
BIOMD0000001093,R_PPCDC,M_4ppcys_c + M_h_c => M_co2_c + M_pan4p_c,R03269,R03269,1,,chebi,8636,False,True,,0,
BIOMD0000001093,R_PPCK,M_atp_c + M_oaa_c => M_adp_c + M_co2_c + M_pep_c,R00341,R00341,1,,chebi,8636,False,True,,0,
BIOMD0000001093,R_PPGPPDP,M_h2o_c + M_ppgpp_c => M_gdp_c + M_ppi_c,R00336,R00336,1,,chebi,8636,False,True,,0,
BIOMD0000001093,R_PPNCL2,M_4ppan_c + M_ctp_c + M_cys__L_c => M_4ppcys_c + M_cmp_c + M_h_c + M_ppi_c,R04231,R04231,1,,chebi,8636,False,True,,0,
BIOMD0000001093,R_PPND,M_nad_c + M_pphn_c => M_34hpp_c + M_co2_c + M_nadh_c,R01728,R01728,1,,chebi,8636,False,True,,0,
BIOMD0000001093,R_PPNDH,M_h_c + M_pphn_c => M_co2_c + M_h2o_c + M_phpyr_c,R01373,R01373,1,,chebi,8636,False,True,,0,
BIOMD0000001093,R_PPRGL,M_atp_c + M_gly_c + M_pram_c => M_adp_c + M_gar_c + 2 M_h_c + M_pi_c,R04144,R04144,1,,chebi,8636,False,True,,0,
BIOMD0000001093,R_PPS,M_atp_c + M_h2o_c + M_pyr_c => M_amp_c + 2 M_h_c + M_pep_c + M_pi_c,R00199,R00199,1,,chebi,8636,False,True,,0,
BIOMD0000001093,R_PPYRDC,M_h_c + M_phpyr_c => M_co2_c + M_pacald_c,R01377,R01377,1,,chebi,8636,False,True,,0,
BIOMD0000001093,R_PRAIi_copy1,M_pran_c => M_2cpr5p_c,R03509,R03509,1,,chebi,8636,False,True,,0,
BIOMD0000001093,R_PRAIi_copy2,M_pran_c => M_2cpr5p_c,R03509,R03509,1,,chebi,8636,False,True,,0,
BIOMD0000001093,R_PRAMPC_copy1,M_h2o_c + M_prbamp_c => M_prfp_c,R04037,R04037,1,,chebi,8636,False,True,,0,
BIOMD0000001093,R_PRAMPC_copy2,M_h2o_c + M_prbamp_c => M_prfp_c,R04037,R04037,1,,chebi,8636,False,True,,0,
BIOMD0000001093,R_PRASCSi_copy1,M_5aizc_c + M_asp__L_c + M_atp_c => M_25aics_c + M_adp_c + M_h_c + M_pi_c,R04591,R04591,1,,chebi,8636,False,True,,0,
BIOMD0000001093,R_PRASCSi_copy2,M_5aizc_c + M_asp__L_c + M_atp_c => M_25aics_c + M_adp_c + M_h_c + M_pi_c,R04591,R04591,1,,chebi,8636,False,True,,0,
BIOMD0000001093,R_PRATPP,M_h2o_c + M_prbatp_c => M_h_c + M_ppi_c + M_prbamp_c,R04035,R04035,1,,chebi,8636,False,True,,0,
BIOMD0000001093,R_PRMICI_copy1,M_prfp_c <=> M_prlp_c,R04640,R04640,1,,chebi,8636,False,True,,0,
BIOMD0000001093,R_PRMICI_copy2,M_prfp_c => M_prlp_c,R04640,R04640,1,,chebi,8636,False,True,,0,
BIOMD0000001093,R_PROD2,M_fad_c + M_pro__L_c => M_1pyr5c_c + M_fadh2_c + M_h_c,R10507,R10507,1,,chebi,8636,False,True,,0,
BIOMD0000001093,R_PROTRS,M_atp_c + M_pro__L_c + M_trnapro_c => M_amp_c + M_ppi_c + M_protrna_c,R03661,R03661,1,,chebi,8636,False,True,,0,
BIOMD0000001093,R_PSCVT_copy1,M_pep_c + M_skm5p_c <=> M_3psme_c + M_pi_c,R03460,R03460,1,,chebi,8636,False,True,,0,
BIOMD0000001093,R_PSCVT_copy2,M_pep_c + M_skm5p_c => M_3psme_c + M_pi_c,R03460,R03460,1,,chebi,8636,False,True,,0,
BIOMD0000001093,R_PSERT,M_3php_c + M_glu__L_c => M_akg_c + M_pser__L_c,R04173,R04173,1,,chebi,8636,False,True,,0,
BIOMD0000001093,R_PSP_L,M_h2o_c + M_pser__L_c => M_pi_c + M_ser__L_c,R00582,R00582,1,,chebi,8636,False,True,,0,
BIOMD0000001093,R_PTA2,M_pi_c + M_ppcoa_c => M_coa_c + M_ppap_c,R00921,R00921,1,,chebi,8636,False,True,,0,
BIOMD0000001093,R_PTAr,M_accoa_c + M_pi_c <=> M_actp_c + M_coa_c,R00230,R00230,1,,chebi,8636,False,True,,0,
BIOMD0000001093,R_PTOLDOX,M_h_c + M_nadh_c + M_o2_c + M_p_tol_c => M_dh4mchc_c + M_nad_c,R05290,R05290,1,,chebi,8636,False,True,,0,
BIOMD0000001093,R_PTPATi,M_atp_c + M_h_c + M_pan4p_c => M_dpcoa_c + M_ppi_c,R03035,R03035,1,,chebi,8636,False,True,,0,
BIOMD0000001093,R_PTRCTA,M_akg_c + M_ptrc_c => M_4abutn_c + M_glu__L_c,R01155,R01155,1,,chebi,8636,False,True,,0,
BIOMD0000001093,R_PUTA3,M_glu5sa_c + M_h2o_c + M_nad_c => M_glu__L_c + 2 M_h_c + M_nadh_c,R00245,R00245,1,,chebi,8636,False,True,,0,
BIOMD0000001093,R_PXMO,M_h_c + M_nadh_c + M_o2_c + M_p_xyl_c => M_4mbzalc_c + M_h2o_c + M_nad_c,R05288,R05288,1,,chebi,8636,False,True,,0,
BIOMD0000001093,R_PYAM5PO,M_h2o_c + M_o2_c + M_pyam5p_c => M_h2o2_c + M_nh4_c + M_pydx5p_c,R00277,R00277,1,,chebi,8636,False,True,,0,
BIOMD0000001093,R_PYDAMK,M_atp_c + M_pydam_c => M_adp_c + M_h_c + M_pyam5p_c,R02493,R02493,1,,chebi,8636,False,True,,0,
BIOMD0000001093,R_PYDXK,M_atp_c + M_pydx_c => M_adp_c + M_h_c + M_pydx5p_c,R00174,R00174,1,,chebi,8636,False,True,,0,
BIOMD0000001093,R_PYDXNK,M_atp_c + M_pydxn_c => M_adp_c + M_h_c + M_pdx5p_c,R01909,R01909,1,,chebi,8636,False,True,,0,
BIOMD0000001093,R_PYK,M_adp_c + M_h_c + M_pep_c => M_atp_c + M_pyr_c,R00200,R00200,1,,chebi,8636,False,True,,0,
BIOMD0000001093,R_PYNP2r,M_pi_c + M_uri_c <=> M_r1p_c + M_ura_c,R01876,R01876,1,,chebi,8636,False,True,,0,
BIOMD0000001093,R_PYRDOX,M_dhpyr_c + M_o2_c => M_h_c + M_nfmalm_c,R09125,R09125,1,,chebi,8636,False,True,,0,
BIOMD0000001093,R_PYRZAM,M_h2o_c + M_malm_c => M_male_c + M_nh4_c,R03540,R03540,1,,chebi,8636,False,True,,0,
BIOMD0000001093,R_QUIDH,M_pqq_c + M_quin_c => M_3dhq_c + M_pqqh2_c,R01873,R01873,1,,chebi,8636,False,True,,0,
BIOMD0000001093,R_QULNS,M_dhap_c + M_iasp_c => 2 M_h2o_c + M_pi_c + M_quln_c,R04292,R04292,1,,chebi,8636,False,True,,0,
BIOMD0000001093,R_R05219,M_amet_c + M_h2o_c + M_pre5_c => M_ac_c + M_ahcys_c + M_h_c + M_pre6a_c,R05219,R05219,1,,chebi,8636,False,True,,0,
BIOMD0000001093,R_R15BPK,M_atp_c + M_r15bp_c => M_adp_c + M_prpp_c,R06836,R06836,1,,chebi,8636,False,True,,0,
BIOMD0000001093,R_RBFK,M_atp_c + M_ribflv_c => M_adp_c + M_fmn_c + M_h_c,R00549,R00549,1,,chebi,8636,False,True,,0,
BIOMD0000001093,R_RBFSa,M_4r5au_c + M_db4p_c => M_dmlz_c + 2 M_h2o_c + M_pi_c,R04457,R04457,1,,chebi,8636,False,True,,0,
BIOMD0000001093,R_RBFSb,2 M_dmlz_c => M_4r5au_c + M_ribflv_c,R00066,R00066,1,,chebi,8636,False,True,,0,
BIOMD0000001093,R_RNDR1,M_adp_c + M_trdrd_c => M_dadp_c + M_h2o_c + M_trdox_c,R02017,R02017,1,,chebi,8636,False,True,,0,
BIOMD0000001093,R_RNDR2,M_gdp_c + M_trdrd_c => M_dgdp_c + M_h2o_c + M_trdox_c,R02019,R02019,1,,chebi,8636,False,True,,0,
BIOMD0000001093,R_RNDR3,M_cdp_c + M_trdrd_c => M_dcdp_c + M_h2o_c + M_trdox_c,R02024,R02024,1,,chebi,8636,False,True,,0,
BIOMD0000001093,R_RNDR4,M_trdrd_c + M_udp_c => M_dudp_c + M_h2o_c + M_trdox_c,R02018,R02018,1,,chebi,8636,False,True,,0,
BIOMD0000001093,R_RPE,M_ru5p__D_c <=> M_xu5p__D_c,R01529,R01529,1,,chebi,8636,False,True,,0,
BIOMD0000001093,R_RZ5PP,M_5prdmbz_c + M_h2o_c => M_pi_c + M_rdmbzi_c,R04594,R04594,1,,chebi,8636,False,True,,0,
BIOMD0000001093,R_S7PI,M_s7p_c => M_gmhep7p_c,R05645;R09768,R05645,2,,chebi,8636,False,True,,0,
BIOMD0000001093,R_SADH,2 M_h2o_c + 2 M_h_c + M_sucarg_c => M_co2_c + 2 M_nh4_c + M_sucorn_c,R04189,R04189,1,,chebi,8636,False,True,,0,
BIOMD0000001093,R_SADT,M_atp_c + M_h_c + M_so4_c => M_aps_c + M_ppi_c,R00529,R00529,1,,chebi,8636,False,True,,0,
BIOMD0000001093,R_SARCOX,M_h2o_c + M_o2_c + M_sarcs_c => M_fald_c + M_gly_c + M_h2o2_c,R00610,R00610,1,,chebi,8636,False,True,,0,
BIOMD0000001093,R_SDPDS,M_h2o_c + M_sl26da_c => M_26dap_LL_c + M_succ_c,R02734,R02734,1,,chebi,8636,False,True,,0,
BIOMD0000001093,R_SDPTA,M_akg_c + M_sl26da_c <=> M_glu__L_c + M_sl2a6o_c,R04475,R04475,1,,chebi,8636,False,True,,0,
BIOMD0000001093,R_SELCYSS,M_selnp_c + M_sertrna_sec_c => M_h_c + M_pi_c + M_sectrna_c,R08219,R08219,1,,chebi,8636,False,True,,0,
BIOMD0000001093,R_SELGTHR,4 M_gthrd_c + 2 M_h_c + M_slnt_c => M_dgslnt_c + M_gthox_c + 3 M_h2o_c,R09367,R09367,1,,chebi,8636,False,True,,0,
BIOMD0000001093,R_SELMETAT,M_atp_c + M_h2o_c + M_selmeth_c => M_pi_c + M_ppi_c + M_seasmet_c,R04771,R04771,1,,chebi,8636,False,True,,0,
BIOMD0000001093,R_SELNPS,M_atp_c + M_h2o_c + M_seln_c => M_amp_c + M_pi_c + M_selnp_c,R03595,R03595,1,,chebi,8636,False,True,,0,
BIOMD0000001093,R_SERAT_copy1,M_accoa_c + M_ser__L_c <=> M_acser_c + M_coa_c,R00586,R00586,1,,chebi,8636,False,True,,0,
BIOMD0000001093,R_SERAT_copy2,M_accoa_c + M_ser__L_c => M_acser_c + M_coa_c,R00586,R00586,1,,chebi,8636,False,True,,0,
BIOMD0000001093,R_SERD_L,M_ser__L_c => M_nh4_c + M_pyr_c,R00220;R00223,R00220,2,,chebi,8636,False,True,,0,
BIOMD0000001093,R_SERTRS,M_atp_c + M_ser__L_c + M_trnaser_c => M_amp_c + M_ppi_c + M_sertrna_c,R03662,R03662,1,,chebi,8636,False,True,,0,
BIOMD0000001093,R_SFGTHi,M_Sfglutth_c + M_h2o_c => M_for_c + M_gthrd_c + M_h_c,R00527,R00527,1,,chebi,8636,False,True,,0,
BIOMD0000001093,R_SGDS,M_h2o_c + M_sucglu_c => M_glu__L_c + M_succ_c,R00411,R00411,1,,chebi,8636,False,True,,0,
BIOMD0000001093,R_SGSAD,M_h2o_c + M_nad_c + M_sucgsa_c => 2 M_h_c + M_nadh_c + M_sucglu_c,R05049,R05049,1,,chebi,8636,False,True,,0,
BIOMD0000001093,R_SHCHD2,M_dscl_c + M_nad_c => M_h_c + M_nadh_c + M_scl_c,R03947,R03947,1,,chebi,8636,False,True,,0,
BIOMD0000001093,R_SHCHF,M_fe2_c + M_scl_c => 3 M_h_c + M_sheme_c,R02864,R02864,1,,chebi,8636,False,True,,0,
BIOMD0000001093,R_SHK3Dr,M_3dhsk_c + M_h_c + M_nadph_c <=> M_nadp_c + M_skm_c,R02413,R02413,1,,chebi,8636,False,True,,0,
BIOMD0000001093,R_SHKK,M_atp_c + M_skm_c => M_adp_c + M_h_c + M_skm5p_c,R02412,R02412,1,,chebi,8636,False,True,,0,
BIOMD0000001093,R_SHSL1,M_cys__L_c + M_suchms_c => M_cyst__L_c + M_h_c + M_succ_c,R03260,R03260,1,,chebi,8636,False,True,,0,
BIOMD0000001093,R_SHSL2r,M_h2s_c + M_suchms_c => M_h_c + M_hcys__L_c + M_succ_c,R01288,R01288,1,,chebi,8636,False,True,,0,
BIOMD0000001093,R_SLCYSS,M_acser_c + M_tsul_c => M_ac_c + M_scys__L_c,R03132,R03132,1,,chebi,8636,False,True,,0,
BIOMD0000001093,R_SOTA,M_akg_c + M_sucorn_c => M_glu__L_c + M_sucgsa_c,R04217,R04217,1,,chebi,8636,False,True,,0,
BIOMD0000001093,R_SPODM,2 M_h_c + 2 M_o2s_c => M_h2o2_c + M_o2_c,R00275,R00275,1,,chebi,8636,False,True,,0,
BIOMD0000001093,R_SSALx,M_h2o_c + M_nad_c + M_sucsal_c => 2 M_h_c + M_nadh_c + M_succ_c,R00713,R00713,1,,chebi,8636,False,True,,0,
BIOMD0000001093,R_SSALy,M_h2o_c + M_nadp_c + M_sucsal_c => 2 M_h_c + M_nadph_c + M_succ_c,R00714,R00714,1,,chebi,8636,False,True,,0,
BIOMD0000001093,R_SUCOAS,M_atp_c + M_coa_c + M_succ_c <=> M_adp_c + M_pi_c + M_succoa_c,R00405,R00405,1,,chebi,8636,False,True,,0,
BIOMD0000001093,R_SULR,5 M_h_c + 3 M_nadph_c + M_so3_c => 3 M_h2o_c + M_h2s_c + 3 M_nadp_c,R00858,R00858,1,,chebi,8636,False,True,,0,
BIOMD0000001093,R_TALA,M_g3p_c + M_s7p_c <=> M_e4p_c + M_f6p_c,R01827,R01827,1,,chebi,8636,False,True,,0,
BIOMD0000001093,R_TAUDO,M_akg_c + M_o2_c + M_taur_c => M_aacald_c + M_co2_c + M_h_c + M_so3_c + M_succ_c,R05320,R05320,1,,chebi,8636,False,True,,0,
BIOMD0000001093,R_TDP,M_h2o_c + M_thmpp_c => M_h_c + M_pi_c + M_thmmp_c,R00615,R00615,1,,chebi,8636,False,True,,0,
BIOMD0000001093,R_TDPDRE,M_dtdp4d6dg_c => M_dtdp4d6dm_c,R06514,R06514,1,,chebi,8636,False,True,,0,
BIOMD0000001093,R_TDPDRR,M_dtdp4d6dm_c + M_h_c + M_nadph_c => M_dtdprmn_c + M_nadp_c,R02777,R02777,1,,chebi,8636,False,True,,0,
BIOMD0000001093,R_TDPGDH,M_dtdpglu_c => M_dtdp4d6dg_c + M_h2o_c,R06513,R06513,1,,chebi,8636,False,True,,0,
BIOMD0000001093,R_THDPS,M_h2o_c + M_succoa_c + M_thdp_c => M_coa_c + M_sl2a6o_c,R04365,R04365,1,,chebi,8636,False,True,,0,
BIOMD0000001093,R_THFAT,M_h2o_c + M_methf_c => M_5fthf_c + M_h_c,R02300,R02300,1,,chebi,8636,False,True,,0,
BIOMD0000001093,R_THRA,M_thr__L_c <=> M_acald_c + M_gly_c,R00751,R00751,1,,chebi,8636,False,True,,0,
BIOMD0000001093,R_THRD_L,M_thr__L_c => M_2obut_c + M_nh4_c,R00996,R00996,1,,chebi,8636,False,True,,0,
BIOMD0000001093,R_THRS,M_h2o_c + M_phom_c => M_pi_c + M_thr__L_c,R01466,R01466,1,,chebi,8636,False,True,,0,
BIOMD0000001093,R_THRTRS,M_atp_c + M_thr__L_c + M_trnathr_c => M_amp_c + M_ppi_c + M_thrtrna_c,R03663,R03663,1,,chebi,8636,False,True,,0,
BIOMD0000001093,R_TKT2,M_e4p_c + M_xu5p__D_c <=> M_f6p_c + M_g3p_c,R01830,R01830,1,,chebi,8636,False,True,,0,
BIOMD0000001093,R_TMDS,M_dump_c + M_mlthf_c => M_dhf_c + M_dtmp_c,R02101,R02101,1,,chebi,8636,False,True,,0,
BIOMD0000001093,R_TMPK,M_atp_c + M_thmmp_c => M_adp_c + M_thmpp_c,R00617,R00617,1,,chebi,8636,False,True,,0,
BIOMD0000001093,R_TMPPP,M_2mahmp_c + M_4mpetz_c + M_h_c => M_ppi_c + M_thmmp_c,R03223,R03223,1,,chebi,8636,False,True,,0,
BIOMD0000001093,R_TPI,M_dhap_c <=> M_g3p_c,R01015,R01015,1,,chebi,8636,False,True,,0,
BIOMD0000001093,R_TRDR,M_h_c + M_nadph_c + M_trdox_c => M_nadp_c + M_trdrd_c,R02016,R02016,1,,chebi,8636,False,True,,0,
BIOMD0000001093,R_TRPS1_copy1,M_3ig3p_c + M_ser__L_c => M_g3p_c + M_h2o_c + M_trp__L_c,R02722,R02722,1,,chebi,8636,False,True,,0,
BIOMD0000001093,R_TRPS1_copy2,M_3ig3p_c + M_ser__L_c => M_g3p_c + M_h2o_c + M_trp__L_c,R02722,R02722,1,,chebi,8636,False,True,,0,
BIOMD0000001093,R_TRPS2,M_indole_c + M_ser__L_c => M_h2o_c + M_trp__L_c,R00674,R00674,1,,chebi,8636,False,True,,0,
BIOMD0000001093,R_TRPS3,M_3ig3p_c => M_g3p_c + M_indole_c,R02340,R02340,1,,chebi,8636,False,True,,0,
BIOMD0000001093,R_TRPTRS,M_atp_c + M_trnatrp_c + M_trp__L_c => M_amp_c + M_ppi_c + M_trptrna_c,R03664,R03664,1,,chebi,8636,False,True,,0,
BIOMD0000001093,R_TRSARr,M_2h3oppan_c + M_h_c + M_nadh_c <=> M_glyc__R_c + M_nad_c,R01745,R01745,1,,chebi,8636,False,True,,0,
BIOMD0000001093,R_TRYPTAOX,M_h2o_c + M_o2_c + M_trypta_c => M_h2o2_c + M_id3acald_c + M_nh4_c,R02173,R02173,1,,chebi,8636,False,True,,0,
BIOMD0000001093,R_TYRTA,M_akg_c + M_tyr__L_c <=> M_34hpp_c + M_glu__L_c,R00734,R00734,1,,chebi,8636,False,True,,0,
BIOMD0000001093,R_TYRTRS,M_atp_c + M_trnatyr_c + M_tyr__L_c => M_amp_c + M_ppi_c + M_tyrtrna_c,R02918,R02918,1,,chebi,8636,False,True,,0,
BIOMD0000001093,R_UAG2E,M_uacgam_c <=> M_uacmam_c,R00420,R00420,1,,chebi,8636,False,True,,0,
BIOMD0000001093,R_UAGCVT,M_pep_c + M_uacgam_c => M_pi_c + M_uaccg_c,R00660,R00660,1,,chebi,8636,False,True,,0,
BIOMD0000001093,R_UAGPT3,M_uacgam_c + M_uagmda_c => M_h_c + M_uaagmda_c + M_udp_c,R05032;R06174,R05032,2,,chebi,8636,False,True,,0,
BIOMD0000001093,R_UAMAGS,M_atp_c + M_glu__D_c + M_uama_c => M_adp_c + M_h_c + M_pi_c + M_uamag_c,R02783,R02783,1,,chebi,8636,False,True,,0,
BIOMD0000001093,R_UAMAS,M_ala__L_c + M_atp_c + M_uamr_c => M_adp_c + M_h_c + M_pi_c + M_uama_c,R03193,R03193,1,,chebi,8636,False,True,,0,
BIOMD0000001093,R_UAPGR,M_h_c + M_nadph_c + M_uaccg_c => M_nadp_c + M_uamr_c,R03192,R03192,1,,chebi,8636,False,True,,0,
BIOMD0000001093,R_UDPG4E,M_udpg_c <=> M_udpgal_c,R00291,R00291,1,,chebi,8636,False,True,,0,
BIOMD0000001093,R_UGLYCH,M_h2o_c + 2 M_h_c + M_urdglyc_c => M_co2_c + M_glx_c + 2 M_nh4_c,R00469,R00469,1,,chebi,8636,False,True,,0,
BIOMD0000001093,R_UMPK,M_atp_c + M_ump_c <=> M_adp_c + M_udp_c,R00158,R00158,1,,chebi,8636,False,True,,0,
BIOMD0000001093,R_UNK3,M_2kmb_c + M_glu__L_c => M_akg_c + M_met__L_c,R07396,R07396,1,,chebi,8636,False,True,,0,
BIOMD0000001093,R_UPP3MT,2 M_amet_c + M_uppg3_c => 2 M_ahcys_c + M_dscl_c + M_h_c,R03194,R03194,1,,chebi,8636,False,True,,0,
BIOMD0000001093,R_UPP3S,M_hmbil_c => M_h2o_c + M_uppg3_c,R03165,R03165,1,,chebi,8636,False,True,,0,
BIOMD0000001093,R_UPPDC1,4 M_h_c + M_uppg3_c => 4 M_co2_c + M_cpppg3_c,R03197,R03197,1,,chebi,8636,False,True,,0,
BIOMD0000001093,R_UPPN,M_cala_c + M_h2o_c + 2 M_h_c => M_ala_B_c + M_co2_c + M_nh4_c,R00905,R00905,1,,chebi,8636,False,True,,0,
BIOMD0000001093,R_UPPRT,M_prpp_c + M_ura_c => M_ppi_c + M_ump_c,R00966,R00966,1,,chebi,8636,False,True,,0,
BIOMD0000001093,R_URCN,M_h2o_c + M_urcan_c => M_4izp_c,R02914,R02914,1,,chebi,8636,False,True,,0,
BIOMD0000001093,R_UREA,M_h2o_c + 2 M_h_c + M_urea_c => M_co2_c + 2 M_nh4_c,R00131,R00131,1,,chebi,8636,False,True,,0,
BIOMD0000001093,R_URIDK2r,M_atp_c + M_dump_c <=> M_adp_c + M_dudp_c,R02098,R02098,1,,chebi,8636,False,True,,0,
BIOMD0000001093,R_URIH,M_h2o_c + M_uri_c => M_rib__D_c + M_ura_c,R01080,R01080,1,,chebi,8636,False,True,,0,
BIOMD0000001093,R_VALDHr,M_h2o_c + M_nad_c + M_val__L_c <=> M_3mob_c + M_h_c + M_nadh_c + M_nh4_c,R01434,R01434,1,,chebi,8636,False,True,,0,
BIOMD0000001093,R_VALTA,M_akg_c + M_val__L_c <=> M_3mob_c + M_glu__L_c,R01214,R01214,1,,chebi,8636,False,True,,0,
BIOMD0000001093,R_VALTRS_copy1,M_atp_c + M_trnaval_c + M_val__L_c => M_amp_c + M_ppi_c + M_valtrna_c,R03665,R03665,1,,chebi,8636,False,True,,0,
BIOMD0000001093,R_VALTRS_copy2,M_atp_c + M_trnaval_c + M_val__L_c => M_amp_c + M_ppi_c + M_valtrna_c,R03665,R03665,1,,chebi,8636,False,True,,0,
BIOMD0000001093,R_VNDH,M_h2o_c + M_nad_c + M_vanln_c => 2 M_h_c + M_nadh_c + M_vanlt_c,R05699,R05699,1,,chebi,8636,False,True,,0,
BIOMD0000001093,R_VNDH_2,M_4hbald_c + M_h2o_c + M_nad_c => M_4hbz_c + 2 M_h_c + M_nadh_c,R01293,R01293,1,,chebi,8636,False,True,,0,
BIOMD0000001093,R_VNTDM,M_h_c + M_nadh_c + M_o2_c + M_vanlt_c => M_34dhbz_c + M_fald_c + M_h2o_c + M_nad_c,R05274,R05274,1,,chebi,8636,False,True,,0,
BIOMD0000001093,R_XAND,M_h2o_c + M_nad_c + M_xan_c => M_h_c + M_nadh_c + M_urate_c,R02103,R02103,1,,chebi,8636,False,True,,0,
BIOMD0000001093,R_XPPT,M_prpp_c + M_xan_c => M_ppi_c + M_xmp_c,R02142,R02142,1,,chebi,8636,False,True,,0,
BIOMD0000001093,R_XTSNH,M_h2o_c + M_xtsn_c => M_rib__D_c + M_xan_c,R02143,R02143,1,,chebi,8636,False,True,,0,
