model_id,species_id,species_name
BIOMD0000000013,ADP_ch,ADP_ch
BIOMD0000000013,ATP_ch,ATP_ch
BIOMD0000000013,BPGA_ch,BPGA_ch
BIOMD0000000013,DHAP_ch,DHAP_ch
BIOMD0000000013,E4P_ch,E4P_ch
BIOMD0000000013,F6P_ch,F6P_ch
BIOMD0000000013,FBP_ch,FBP_ch
BIOMD0000000013,G1P_ch,G1P_ch
BIOMD0000000013,G6P_ch,G6P_ch
BIOMD0000000013,GAP_ch,GAP_ch
BIOMD0000000013,PGA_ch,PGA_ch
BIOMD0000000013,Pi_ch,Pi_ch
BIOMD0000000013,R5P_ch,R5P_ch
BIOMD0000000013,Ru5P_ch,Ru5P_ch
BIOMD0000000013,RuBP_ch,RuBP_ch
BIOMD0000000013,S7P_ch,S7P_ch
BIOMD0000000013,SBP_ch,SBP_ch
BIOMD0000000013,X5P_ch,X5P_ch
BIOMD0000000013,x_CO2,x_CO2
BIOMD0000000013,x_DHAP_cyt,x_DHAP_cyt
BIOMD0000000013,x_GAP_cyt,x_GAP_cyt
BIOMD0000000013,x_NADPH_ch,x_NADPH_ch
BIOMD0000000013,x_NADP_ch,x_NADP_ch
BIOMD0000000013,x_PGA_cyt,x_PGA_cyt
BIOMD0000000013,x_Pi_cyt,x_Pi_cyt
BIOMD0000000013,x_Proton_ch,x_Proton_ch
BIOMD0000000013,x_Starch_ch,x_Starch_ch
BIOMD0000000015,ATP,ATP_ADP_AMP_Ado
BIOMD0000000015,Ade,adenine
BIOMD0000000015,DNA,DNA
BIOMD0000000015,GTP,GTP_GDP_GMP
BIOMD0000000015,Gua,guanine
BIOMD0000000015,HX,dIno_Ino_HX
BIOMD0000000015,IMP,inosine monophosphate
BIOMD0000000015,PRPP,phosphoribosylpyrophosphate
BIOMD0000000015,Pi,phosphate
BIOMD0000000015,R5P,ribose-5-phosphate
BIOMD0000000015,RNA,RNA
BIOMD0000000015,SAM,s-adenosyl-L-methionine
BIOMD0000000015,SAMP,adenylosuccinate
BIOMD0000000015,UA,uric acid
BIOMD0000000015,XMP,xanthosine monophosphate
BIOMD0000000015,Xa,xanthine
BIOMD0000000015,dATP,dATP_dADP_dAMP_dAdo
BIOMD0000000015,dGTP,dGTP_dGDP_dGMP
BIOMD0000000017,ADP,ADP
BIOMD0000000017,ATP,ATP
BIOMD0000000017,Ac,Ac
BIOMD0000000017,AcCoA,AcCoA
BIOMD0000000017,AcLac,AcLac
BIOMD0000000017,AcO,AcO
BIOMD0000000017,AcP,AcP
BIOMD0000000017,AcetoinIn,AcetoinIn
BIOMD0000000017,AcetoinOut,AcetoinOut
BIOMD0000000017,Butanediol,Butanediol
BIOMD0000000017,CoA,CoA
BIOMD0000000017,EtOH,EtOH
BIOMD0000000017,NAD,NAD
BIOMD0000000017,NADH,NADH
BIOMD0000000017,O2,O2
BIOMD0000000017,PO4,PO4
BIOMD0000000017,halfglucose,halfglucose
BIOMD0000000017,lactate,lactate
BIOMD0000000017,pyruvate,pyruvate
BIOMD0000000018,AICAR,AICAR
BIOMD0000000018,ATP,ATP
BIOMD0000000018,CH2FH4,"5,10-methylene-tetrahydrofolate"
BIOMD0000000018,CH3FH4,5-methyl-tetrahydrofolate
BIOMD0000000018,CHOFH4,10-formyl-tetrahydrofolate
BIOMD0000000018,DHFRf,dihydrofolate reductase free
BIOMD0000000018,DHFRtot,dihydrofolate reductase total
BIOMD0000000018,EMTX,EMTX
BIOMD0000000018,FFH2,10-formyl-dihydrofolate
BIOMD0000000018,FGAR,FGAR
BIOMD0000000018,FH2b,dihydrofolate bound
BIOMD0000000018,FH2f,dihydrofolate free
BIOMD0000000018,FH4,tetrahydrofolate
BIOMD0000000018,GAR,GAR
BIOMD0000000018,HCHO,HCHO
BIOMD0000000018,MTX1,MTX1
BIOMD0000000018,MTX1b,MTX1b
BIOMD0000000018,MTX2,MTX2
BIOMD0000000018,MTX2b,MTX2b
BIOMD0000000018,MTX3,MTX3
BIOMD0000000018,MTX3b,MTX3b
BIOMD0000000018,MTX4,MTX4
BIOMD0000000018,MTX4b,MTX4b
BIOMD0000000018,MTX5,MTX5
BIOMD0000000018,MTX5b,MTX5b
BIOMD0000000018,NADP,NADP
BIOMD0000000018,NADPH,NADPH
BIOMD0000000018,dUMP,dUMP
BIOMD0000000018,formate,formate
BIOMD0000000018,glutamine,glutamine
BIOMD0000000018,glycine,glycine
BIOMD0000000018,homocysteine,homocysteine
BIOMD0000000018,serine,serine
BIOMD0000000023,ADP,ADP
BIOMD0000000023,ATP,ATP
BIOMD0000000023,Fru,Fru
BIOMD0000000023,Fruex,Fruex
BIOMD0000000023,Glc,Glc
BIOMD0000000023,Glcex,Glcex
BIOMD0000000023,HexP,HexP
BIOMD0000000023,Suc,Suc
BIOMD0000000023,Suc6P,Suc6P
BIOMD0000000023,Sucvac,Sucvac
BIOMD0000000023,UDP,UDP
BIOMD0000000023,glycolysis,glycolysis
BIOMD0000000023,phos,phos
BIOMD0000000038,EI,EI
BIOMD0000000038,EIIA,EIIA
BIOMD0000000038,EIIAP,EIIAP
BIOMD0000000038,EIIAPIICB,EIIAPIICB
BIOMD0000000038,EIICB,EIICB
BIOMD0000000038,EIICBP,EIICBP
BIOMD0000000038,EIICBPGlc,EIICBPGlc
BIOMD0000000038,EIP,EIP
BIOMD0000000038,EIPHPr,EIPHPr
BIOMD0000000038,Glc,Glc
BIOMD0000000038,GlcP,GlcP
BIOMD0000000038,HPr,HPr
BIOMD0000000038,HPrP,HPrP
BIOMD0000000038,HPrPIIA,HPrPIIA
BIOMD0000000038,PEP,PEP
BIOMD0000000038,Pyr,Pyr
BIOMD0000000038,PyrPI,PyrPI
BIOMD0000000042,ACA,ACA
BIOMD0000000042,ADP,ADP
BIOMD0000000042,AMP,AMP
BIOMD0000000042,ATP,ATP
BIOMD0000000042,DPG,DPG
BIOMD0000000042,EtOH,EtOH
BIOMD0000000042,F6P,F6P
BIOMD0000000042,FBP,FBP
BIOMD0000000042,GAP,GAP
BIOMD0000000042,GLC,GLC
BIOMD0000000042,NAD,NAD
BIOMD0000000042,NADH,NADH
BIOMD0000000042,P,P
BIOMD0000000042,PEP,PEP
BIOMD0000000042,PYR,PYR
BIOMD0000000046,Ar,Ar
BIOMD0000000046,ArH,ArH
BIOMD0000000046,H2O2,H2O2
BIOMD0000000046,NAD,NAD
BIOMD0000000046,NAD2,NAD2
BIOMD0000000046,NADH,NADH
BIOMD0000000046,NADHres,NADHres
BIOMD0000000046,NADrad,NADrad
BIOMD0000000046,O2,O2
BIOMD0000000046,O2g,O2g
BIOMD0000000046,coI,coI
BIOMD0000000046,coII,coII
BIOMD0000000046,coIII,coIII
BIOMD0000000046,per2,per2
BIOMD0000000046,per3,per3
BIOMD0000000046,super,super
BIOMD0000000051,cdhap,Dihydroxyacetonephosphate
BIOMD0000000051,ce4p,Erythrose-4-phosphate
BIOMD0000000051,cf6p,Fructose-6-Phosphate
BIOMD0000000051,cfdp,"Fructose-1,6-bisphosphate"
BIOMD0000000051,cg1p,Glucose-1-Phosphate
BIOMD0000000051,cg6p,Glucose-6-Phosphate
BIOMD0000000051,cgap,Glyceraldehyde-3-Phosphate
BIOMD0000000051,cglcex,Extracellular Glucose
BIOMD0000000051,cpep,Phosphoenol pyruvate
BIOMD0000000051,cpg,6-Phosphogluconate
BIOMD0000000051,cpg2,2-Phosphoglycerate
BIOMD0000000051,cpg3,3-Phosphoglycerate
BIOMD0000000051,cpgp,"1,3-diphosphosphoglycerate"
BIOMD0000000051,cpyr,Pyruvate
BIOMD0000000051,crib5p,Ribose-5-phosphate
BIOMD0000000051,cribu5p,Ribulose-5-phosphate
BIOMD0000000051,csed7p,sedoheptulose-7-phosphate
BIOMD0000000051,cxyl5p,Xylulose-5-phosphate
BIOMD0000000061,ACA,Acetaldehyde
BIOMD0000000061,ACAX,Extracellular acetaldehyde
BIOMD0000000061,ADP,ADP
BIOMD0000000061,AMP,AMP
BIOMD0000000061,ATP,ATP
BIOMD0000000061,BPG,"1,3-Bisphosphoglycerate"
BIOMD0000000061,CNX,Extracellular cyanide
BIOMD0000000061,CNX0,Mixed flow cyanide
BIOMD0000000061,DHAP,Dihydroxyacetone phosphate
BIOMD0000000061,EtOH,EtOH
BIOMD0000000061,EtOHX,Extracellular ethanol
BIOMD0000000061,F6P,Fructose-6-Phosphate
BIOMD0000000061,FBP,"Fructose 1,6-bisphosphate"
BIOMD0000000061,G6P,Glucose-6-Phosphate
BIOMD0000000061,GAP,Glyceraldehyde 3-phosphate
BIOMD0000000061,Glc,Cytosolic glucose
BIOMD0000000061,GlcX,Extracellular glucose
BIOMD0000000061,GlcX0,Mixed flow glucose
BIOMD0000000061,Glyc,Glycerol
BIOMD0000000061,GlycX,Extracellular glycerol
BIOMD0000000061,NAD,NAD
BIOMD0000000061,NADH,NADH
BIOMD0000000061,P,P
BIOMD0000000061,PEP,Phosphoenolpyruvate
BIOMD0000000061,Pyr,Pyruvate
BIOMD0000000063,ATP,ATP
BIOMD0000000063,Carbo,Glycogen and Trehalose
BIOMD0000000063,EtOH,Ethanol
BIOMD0000000063,FDP,"Fructose 1,6-phosphate"
BIOMD0000000063,G6P,Glucose 6-phosphate
BIOMD0000000063,Glci,Glucose inside the cell
BIOMD0000000063,Glco,Glucose outside the cell
BIOMD0000000063,Gly,Glycerol
BIOMD0000000063,PEP,Phosphoenol pyruvate
BIOMD0000000064,ACE,Acetaldehyde
BIOMD0000000064,ADP,ADP concentration
BIOMD0000000064,AMP,AMP concentration
BIOMD0000000064,ATP,ATP concentration
BIOMD0000000064,BPG,"1,3-bisphosphoglycerate"
BIOMD0000000064,CO2,CO2
BIOMD0000000064,ETOH,Ethanol
BIOMD0000000064,F16P,"Fructose-1,6 bisphosphate"
BIOMD0000000064,F26BP,"F2,6P"
BIOMD0000000064,F6P,Fructose 6 Phosphate
BIOMD0000000064,G6P,Glucose 6 Phosphate
BIOMD0000000064,GLCi,Glucose in Cytosol
BIOMD0000000064,GLCo,Extracellular Glucose
BIOMD0000000064,GLY,Glycerol
BIOMD0000000064,Glyc,Glycogen
BIOMD0000000064,NAD,NAD
BIOMD0000000064,NADH,NADH
BIOMD0000000064,P,High energy phosphates
BIOMD0000000064,P2G,2-phosphoglycerate
BIOMD0000000064,P3G,3-phosphoglycerate
BIOMD0000000064,PEP,Phosphoenolpyruvate
BIOMD0000000064,PYR,Pyruvate
BIOMD0000000064,SUCC,Succinate
BIOMD0000000064,SUM_P,sum of AXP conc
BIOMD0000000064,TRIO,Triose-phosphate
BIOMD0000000064,Trh,Trehalose
BIOMD0000000066,adp,ADP
BIOMD0000000066,asa,Aspartate beta-semialdehyde
BIOMD0000000066,asp,Aspartate
BIOMD0000000066,aspp,Aspartyl phosphate
BIOMD0000000066,atp,ATP
BIOMD0000000066,hs,Homoserine
BIOMD0000000066,hsp,O-Phospho-homoserine
BIOMD0000000066,nadp,NADP
BIOMD0000000066,nadph,NADPH
BIOMD0000000066,phos,Phos
BIOMD0000000066,thr,Threonine
BIOMD0000000067,AcCoA,Acetyl-CoA
BIOMD0000000067,AcP,Acetyl phosphate
BIOMD0000000067,Acs,Acetyl-CoA synthase
BIOMD0000000067,HOAc,protonated acetate
BIOMD0000000067,HOAc_E,acetate export
BIOMD0000000067,LacI,lac repressor
BIOMD0000000067,OAc,Acetate
BIOMD0000000067,Pta,Phosphate acetyl transferase
BIOMD0000000068,AdoMet,S-adenosylmethionine
BIOMD0000000068,CGS,Cystathionine gamma-synthase
BIOMD0000000068,Cys,Cysteine
BIOMD0000000068,Cystathionine,Cystathionine
BIOMD0000000068,Hser,Homoserine
BIOMD0000000068,Phi,Inorganic phosphate
BIOMD0000000068,Phser,Phosphohomoserine
BIOMD0000000068,TS,Threonine synthase
BIOMD0000000068,Thr,Threonine
BIOMD0000000070,ADPf,ADP
BIOMD0000000070,AMPf,AMP
BIOMD0000000070,ATPf,ATP
BIOMD0000000070,DHAP,Dihydroxyacetone phosphate
BIOMD0000000070,E4P,Erythrose 4-phosphate
BIOMD0000000070,Fru16P2,"Fructose 1,6-phosphate"
BIOMD0000000070,Fru6P,Fructose 6-phosphate
BIOMD0000000070,GSH,Reduced Glutathione
BIOMD0000000070,GSSG,Oxidized Glutathione
BIOMD0000000070,Glc6P,Glucose 6-phosphate
BIOMD0000000070,GlcA6P,"Phospho-D-glucono-1,5-lactone"
BIOMD0000000070,Glcin,Glucose in
BIOMD0000000070,Glcout,Glucose outside
BIOMD0000000070,GraP,Glyceraldehyde 3-phosphate
BIOMD0000000070,Gri13P2,"1,3-Bisphospho-D-glycerate"
BIOMD0000000070,Gri23P2f,"2,3-Bisphospho-D-glycerate"
BIOMD0000000070,Gri2P,2-Phospho-D-glycerate
BIOMD0000000070,Gri3P,3-Phospho-D-glycerate
BIOMD0000000070,Lac,Lactate
BIOMD0000000070,Lacex,External Lactate
BIOMD0000000070,MgADP,MgADP
BIOMD0000000070,MgAMP,MgAMP
BIOMD0000000070,MgATP,MgATP
BIOMD0000000070,MgGri23P2,MgGri23P2
BIOMD0000000070,Mgf,Mg
BIOMD0000000070,NAD,NAD
BIOMD0000000070,NADH,NADH
BIOMD0000000070,NADPHf,NADPH
BIOMD0000000070,NADPf,NADP
BIOMD0000000070,P1NADP,Protein1 bound NADP
BIOMD0000000070,P1NADPH,Protein1 bound NADPH
BIOMD0000000070,P1f,Protein1
BIOMD0000000070,P2NADP,Protein2 bound NADP
BIOMD0000000070,P2NADPH,Protein2 bound NADPH
BIOMD0000000070,P2f,Protein2
BIOMD0000000070,PEP,Phosphoenolpyruvate
BIOMD0000000070,PRPP,PRPP
BIOMD0000000070,Phi,Phosphate
BIOMD0000000070,Phiex,Phosphate external
BIOMD0000000070,Pyr,Pyruvate
BIOMD0000000070,Pyrex,External Pyruvate
BIOMD0000000070,Rib5P,Ribose 5-phosphate
BIOMD0000000070,Rul5P,Ribulose 5-phosphate
BIOMD0000000070,Sed7P,Sedoheptulose 7-phosphate
BIOMD0000000070,Xul5P,Xylulose 5-phosphate
BIOMD0000000071,ADPc,ADP cyt.
BIOMD0000000071,ADPg,ADP gly.
BIOMD0000000071,ATPc,ATP cyt.
BIOMD0000000071,ATPg,ATP gly.
BIOMD0000000071,BPGA13,"1,3-bisphosphoglycerate"
BIOMD0000000071,DHAP,Dihydroxyacetone phosphate
BIOMD0000000071,DHAPc,DHAP cyt.
BIOMD0000000071,DHAPg,DHAP gly.
BIOMD0000000071,Fru16BP,"Fructose 1,6-bisphosphate"
BIOMD0000000071,Fru6P,Fructose 6-phosphate
BIOMD0000000071,GAP,Glyceraldehyde 3-phosphate
BIOMD0000000071,Glc6P,Glucose 6-phosphate
BIOMD0000000071,GlcE,Glucose external
BIOMD0000000071,GlcI,Glucose
BIOMD0000000071,Gly,Glycerol
BIOMD0000000071,Gly3P,Glycerol 3-phosphate
BIOMD0000000071,Gly3Pc,Gy3P c.
BIOMD0000000071,Gly3Pg,Gy3P g.
BIOMD0000000071,NAD,NAD
BIOMD0000000071,NADH,NADH
BIOMD0000000071,Nb,3-PGA 2-PGA PEP
BIOMD0000000071,PEPc,PEP c.
BIOMD0000000071,PGAg,3-PGA g.
BIOMD0000000071,Pc,Phosphates cytosol
BIOMD0000000071,Pg,Phosphates in Glycosome
BIOMD0000000071,Pyr,Pyruvate
BIOMD0000000071,PyrE,Pyruvate external
BIOMD0000000076,DHAP,DHAP
BIOMD0000000076,G3P,Glycerol 3-phosphate
BIOMD0000000076,Gly,Glycerol
BIOMD0000000081,ATP_C,ATP_C
BIOMD0000000081,AlF4_C,AIF4_C
BIOMD0000000081,GDP_C,GDP_C
BIOMD0000000081,GDPbS_C,GDPbS_C
BIOMD0000000081,GGDPAlF4Mg_M,GGDPAIF4Mg_M
BIOMD0000000081,GGDPAlF4_M,GGDPAIF4_M
BIOMD0000000081,GGDP_M,GGDP_M
BIOMD0000000081,GGDPbS_M,GGDPbS_M
BIOMD0000000081,GGTPMg_M,GGTPMg_M
BIOMD0000000081,GGTP_M,GGTP_M
BIOMD0000000081,GGTPgSMg_M,GGTPgSMg_M
BIOMD0000000081,GGTPgS_M,GGTPgS_M
BIOMD0000000081,GTP_C,GTP_C
BIOMD0000000081,GTPgS_C,GTPgS_C
BIOMD0000000081,G_M,G_M
BIOMD0000000081,KCNQsites_M,KCNQsites_M
BIOMD0000000081,Mg2_C,Mg2_C
BIOMD0000000081,PIP2_M,PIP2_M
BIOMD0000000081,PIP2xKCNQ_M,PIP2xKCNQ_M
BIOMD0000000081,PIP_M,PIP_M
BIOMD0000000081,PI_M,PI_M
BIOMD0000000081,ip3_C,IP3_C
BIOMD0000000081,oxoM_EX,oxoM_EX
BIOMD0000000088,s118,RhoGAP
BIOMD0000000088,s124,Rho-kinase
BIOMD0000000088,s130,pro_thrombinR
BIOMD0000000088,s135,Ca_super_2_plus__endsuper_
BIOMD0000000088,s151,PIP2
BIOMD0000000088,s152,IP3
BIOMD0000000088,s153,DAG
BIOMD0000000088,s164,PC
BIOMD0000000088,s165,Inositol
BIOMD0000000088,s171,IP3R
BIOMD0000000088,s172,Ca_super_2_plus__endsuper_ store
BIOMD0000000088,s173,3IP3.IP3R
BIOMD0000000088,s174,thrombin_R
BIOMD0000000088,s183,sa40_degraded
BIOMD0000000088,s184,RGS
BIOMD0000000088,s187,G_sub_q_endsub__alpha_.GTP
BIOMD0000000088,s2,thrombin
BIOMD0000000088,s213,Rho_GAP
BIOMD0000000088,s214,Rho.GTP
BIOMD0000000088,s231,Rho.GDP
BIOMD0000000088,s233,Rho_GEF
BIOMD0000000088,s245,Rho_GEF_active
BIOMD0000000088,s252,Rho.GTP.Rho-kinase
BIOMD0000000088,s267,Ca_super_2_plus__endsuper_ ext
BIOMD0000000088,s276,CaM
BIOMD0000000088,s277,Ca_super_2_plus__endsuper_.CaM
BIOMD0000000088,s278,2Ca_super_2_plus__endsuper_.CaM
BIOMD0000000088,s279,3Ca_super_2_plus__endsuper_.CaM
BIOMD0000000088,s280,4Ca_super_2_plus__endsuper_.CaM
BIOMD0000000088,s289,MLCK
BIOMD0000000088,s292,MLCK.Ca_super_2_plus__endsuper_.CaM
BIOMD0000000088,s293,MLCK.2Ca_super_2_plus__endsuper_.CaM
BIOMD0000000088,s294,MLCK.3Ca_super_2_plus__endsuper_.CaM
BIOMD0000000088,s295,MLCK.4Ca_super_2_plus__endsuper_.CaM
BIOMD0000000088,s309,PKC
BIOMD0000000088,s310,PKC active1
BIOMD0000000088,s311,PKC.DAG
BIOMD0000000088,s314,PKC active_2
BIOMD0000000088,s324,PKC active_3
BIOMD0000000088,s329,csa39_degraded
BIOMD0000000088,s330,csa36_degraded
BIOMD0000000088,s331,csa35_degraded
BIOMD0000000088,s332,PKC active_1.CPI
BIOMD0000000088,s335,PKC active_2.CPI
BIOMD0000000088,s338,PKC active_3.CPI
BIOMD0000000088,s349,CPI-17
BIOMD0000000088,s350,CPI-17
BIOMD0000000088,s351,MYPT1_PPase
BIOMD0000000088,s352,CPI-17.MYPT1_PPase
BIOMD0000000088,s355,CPI-17.MYPT1_PPase
BIOMD0000000088,s358,MLC
BIOMD0000000088,s359,MLC
BIOMD0000000088,s360,MLC
BIOMD0000000088,s361,Rho-kinase.MLC
BIOMD0000000088,s362,Rho-kinase.MLC
BIOMD0000000088,s4,thrombin_ligand
BIOMD0000000088,s410,G_beta__gamma__1
BIOMD0000000088,s421,G_beta__gamma__2
BIOMD0000000088,s424,PLC_beta_
BIOMD0000000088,s430,Ca_super_2_plus__endsuper_ trunsp
BIOMD0000000088,s432,Ca_super_2_plus__endsuper_ pump
BIOMD0000000088,s435,G_sub_12_endsub__alpha__beta__gamma__thrombinR active
BIOMD0000000088,s436,p115RhoGEF.GTP_alpha_
BIOMD0000000088,s437,G_sub_12_endsub__alpha__beta__gamma_
BIOMD0000000088,s438,G_sub_12_endsub__alpha_.GDP
BIOMD0000000088,s439,G_sub_12_endsub__alpha_.GTP
BIOMD0000000088,s440,G_sub_q_endsub__alpha_.GDP
BIOMD0000000088,s441,G_sub_q_endsub__alpha__beta__gamma__thrombinR active
BIOMD0000000088,s442,G_sub_q_endsub__alpha__beta__gamma_
BIOMD0000000088,s443,PLC_beta_.G_sub_q_endsub__alpha_.GTP
BIOMD0000000088,s444,2Ca_super_2_plus__endsuper_ .Ca_super_2_plus__endsuper_ trunsp
BIOMD0000000088,s446,Ca_super_2_plus__endsuper_  pump.Ca_super_2_plus__endsuper_
BIOMD0000000088,s449,Rho.GTP.Rho-kinase.MLC
BIOMD0000000088,s456,Rho.GTP.Rho-kinase.MLC
BIOMD0000000088,s463,MYPT1.Rho-kinase
BIOMD0000000088,s467,MYPT1.MLC
BIOMD0000000088,s470,MYPT1.MLC
BIOMD0000000088,s477,MYPT1.MLC
BIOMD0000000088,s48,GTP
BIOMD0000000088,s480,MYPT1.MLC
BIOMD0000000088,s487,MLCK.MLC
BIOMD0000000088,s491,MLCK.MLC
BIOMD0000000088,s496,MYPT1.Rho-kinase
BIOMD0000000088,s50,GDP
BIOMD0000000088,s506,MLCK.4Ca_super_2_plus__endsuper_.CaM.MLC
BIOMD0000000088,s512,MLCK.3Ca_super_2_plus__endsuper_.CaM.MLC
BIOMD0000000088,s513,MLCK.4Ca_super_2_plus__endsuper_.CaM.MLC
BIOMD0000000088,s520,MLCK.3Ca_super_2_plus__endsuper_.CaM.MLC
BIOMD0000000088,s526,MLCK.2Ca_super_2_plus__endsuper_.CaM.MLC
BIOMD0000000088,s539,MLCK.2Ca_super_2_plus__endsuper_.CaM.MLC
BIOMD0000000088,s546,MLCK.Ca_super_2_plus__endsuper_.CaM.MLC
BIOMD0000000088,s55,thrombinR
BIOMD0000000088,s551,MLCK.Ca_super_2_plus__endsuper_.CaM.MLC
BIOMD0000000088,s556,Ca_super_2_plus__endsuper_ ext leak
BIOMD0000000088,s557,Ca_super_2_plus__endsuper_ int leak
BIOMD0000000088,s564,PLC_beta_.G_sub_q_endsub__alpha_.GTP.Ca_super_2_plus__endsuper_
BIOMD0000000088,s565,PKC.Ca_super_2_plus__endsuper_.DAG
BIOMD0000000088,s566,PKC.Ca_super_2_plus__endsuper_
BIOMD0000000088,s567,PLC_beta_.G_sub_q_endsub_.GTP.Ca.PIP2
BIOMD0000000088,s568,PLC_beta_.Ca.PIP2
BIOMD0000000088,s569,PLC_beta_.Ca_super_2_plus__endsuper_
BIOMD0000000088,s57,thrombinR active
BIOMD0000000088,s570,MYPT1_PPase
BIOMD0000000088,s93,RGS
BIOMD0000000088,s98,p115RhoGEF
BIOMD0000000093,IFN,IFN
BIOMD0000000093,IFNR,IFNR
BIOMD0000000093,IFNRJ,Interferon-Receptor-JAK complex
BIOMD0000000093,IFNRJ2,IFNRJ dimer
BIOMD0000000093,IFNRJ2_star,Activated IFNRJ complex
BIOMD0000000093,IFNRJ2_star_SHP2,IFNRJ2_star_SHP2
BIOMD0000000093,IFNRJ2_star_SHP2_SOCS1,IFNRJ2_star_SHP2_SOCS1
BIOMD0000000093,IFNRJ2_star_SHP2_SOCS1_STAT1c,IFNRJ2_star_SHP2_SOCS1_STAT1c
BIOMD0000000093,IFNRJ2_star_SHP2_STAT1c,IFNRJ2_star_SHP2_STAT1c
BIOMD0000000093,IFNRJ2_star_SOCS1,IFNRJ2_star_SOCS1
BIOMD0000000093,IFNRJ2_star_SOCS1_STAT1c,IFNRJ2_star_SOCS1_STAT1c
BIOMD0000000093,IFNRJ2_star_STAT1c,IFNRJ2_star_STAT1c
BIOMD0000000093,IFNRJ2_star_STAT1c_star,IFNRJ2_star_STAT1c_star
BIOMD0000000093,JAK,JAK
BIOMD0000000093,PPN,PPN
BIOMD0000000093,PPX,PPX
BIOMD0000000093,R,Receptor
BIOMD0000000093,RJ,Receptor JAK complex
BIOMD0000000093,SHP2,SHP2
BIOMD0000000093,SOCS1,SOCS1
BIOMD0000000093,STAT1c,STAT1c
BIOMD0000000093,STAT1c_STAT1c_star,STAT1c_STAT1c_star
BIOMD0000000093,STAT1c_star,STAT1c_star
BIOMD0000000093,STAT1c_star_PPX,STAT1c_star_PPX
BIOMD0000000093,STAT1c_star_STAT1c_star,STAT1c_star_STAT1c_star
BIOMD0000000093,STAT1c_star_STAT1c_star_PPX,STAT1c_star_STAT1c_star_PPX
BIOMD0000000093,STAT1n,STAT1n
BIOMD0000000093,STAT1n_STAT1n_star,STAT1n_STAT1n_star
BIOMD0000000093,STAT1n_star,STAT1n_star
BIOMD0000000093,STAT1n_star_PPN,STAT1n_star_PPN
BIOMD0000000093,STAT1n_star_STAT1n_star,STAT1n_star_STAT1n_star
BIOMD0000000093,STAT1n_star_STAT1n_star_PPN,STAT1n_star_STAT1n_star_PPN
BIOMD0000000093,mRNAc,mRNAc
BIOMD0000000093,mRNAn,mRNAn
BIOMD0000000094,IFN,IFN
BIOMD0000000094,IFNR,IFNR
BIOMD0000000094,IFNRJ,Interferon-Receptor-JAK complex
BIOMD0000000094,IFNRJ2,IFNRJ dimer
BIOMD0000000094,IFNRJ2_star,Activated IFNRJ complex
BIOMD0000000094,IFNRJ2_star_SHP2,IFNRJ2_star_SHP2
BIOMD0000000094,IFNRJ2_star_SHP2_SOCS1,IFNRJ2_star_SHP2_SOCS1
BIOMD0000000094,IFNRJ2_star_SHP2_SOCS1_STAT1c,IFNRJ2_star_SHP2_SOCS1_STAT1c
BIOMD0000000094,IFNRJ2_star_SHP2_STAT1c,IFNRJ2_star_SHP2_STAT1c
BIOMD0000000094,IFNRJ2_star_SOCS1,IFNRJ2_star_SOCS1
BIOMD0000000094,IFNRJ2_star_SOCS1_STAT1c,IFNRJ2_star_SOCS1_STAT1c
BIOMD0000000094,IFNRJ2_star_STAT1c,IFNRJ2_star_STAT1c
BIOMD0000000094,IFNRJ2_star_STAT1c_star,IFNRJ2_star_STAT1c_star
BIOMD0000000094,JAK,JAK
BIOMD0000000094,PPN,PPN
BIOMD0000000094,PPX,PPX
BIOMD0000000094,R,Receptor
BIOMD0000000094,RJ,Receptor JAK complex
BIOMD0000000094,SHP2,SHP2
BIOMD0000000094,SOCS1,SOCS1
BIOMD0000000094,STAT1c,STAT1c
BIOMD0000000094,STAT1c_STAT1c_star,STAT1c_STAT1c_star
BIOMD0000000094,STAT1c_star,STAT1c_star
BIOMD0000000094,STAT1c_star_PPX,STAT1c_star_PPX
BIOMD0000000094,STAT1c_star_STAT1c_star,STAT1c_star_STAT1c_star
BIOMD0000000094,STAT1c_star_STAT1c_star_PPX,STAT1c_star_STAT1c_star_PPX
BIOMD0000000094,STAT1n,STAT1n
BIOMD0000000094,STAT1n_STAT1n_star,STAT1n_STAT1n_star
BIOMD0000000094,STAT1n_star,STAT1n_star
BIOMD0000000094,STAT1n_star_PPN,STAT1n_star_PPN
BIOMD0000000094,STAT1n_star_STAT1n_star,STAT1n_star_STAT1n_star
BIOMD0000000094,STAT1n_star_STAT1n_star_PPN,STAT1n_star_STAT1n_star_PPN
BIOMD0000000094,mRNAc,mRNAc
BIOMD0000000094,mRNAn,mRNAn
BIOMD0000000108,species_0000001,O2*-
BIOMD0000000108,species_0000002,Cu(II)ZnSOD
BIOMD0000000108,species_0000006,H2O2
BIOMD0000000108,species_0000007,LOO*
BIOMD0000000108,species_0000008,HO*
BIOMD0000000108,species_0000009,LOOH
BIOMD0000000108,species_0000011,L*
BIOMD0000000108,species_0000016,SODtotal
BIOMD0000000108,species_0000017,Cat
BIOMD0000000122,Act_C_Cyt,Active Calcineurin in cytosol
BIOMD0000000122,Act_C_Nuc,Active Calcineurin in Nucleus
BIOMD0000000122,Ca_Cyt,Calcium in Cytosol
BIOMD0000000122,Ca_Nuc,Calcium in Nucleus
BIOMD0000000122,Inact_C_Cyt,Inactive Calcineurin in cytosol
BIOMD0000000122,Inact_C_Nuc,Inactive Calcineurin in nucleus
BIOMD0000000122,NFAT_Act_C_Cyt,NFAT Calcineurin complex in cytosol
BIOMD0000000122,NFAT_Act_C_Nuc,NFAT Calcineurin complex in nucleus
BIOMD0000000122,NFAT_Cyt,NFAT_Cyt
BIOMD0000000122,NFAT_Nuc,NFAT_nuc
BIOMD0000000122,NFAT_Pi_Act_C_Cyt,Phosphorylated NFAT Calcineurin complex in cytosol
BIOMD0000000122,NFAT_Pi_Act_C_Nuc,Phosphorylated NFAT Calcineurin complex in nucleus
BIOMD0000000122,NFAT_Pi_Cyt,Phosphorylated NFAT in cytosol
BIOMD0000000122,NFAT_Pi_Nuc,Phosphorylated NFAT in nucleus
BIOMD0000000123,Act_C_Cyt,Active Calcineurin in cytosol
BIOMD0000000123,Act_C_Nuc,Active Calcineurin in nucleus
BIOMD0000000123,Ca_Cyt,Calcium in Cytosol
BIOMD0000000123,Ca_Nuc,Calcium in Nucleus
BIOMD0000000123,Inact_C_Cyt,Inactive Calcineurin in cytosol
BIOMD0000000123,Inact_C_Nuc,Inactive Calcineurin in nucleus
BIOMD0000000123,NFAT_Act_C_Cyt,NFAT Calcineurin complex in cytosol
BIOMD0000000123,NFAT_Act_C_Nuc,NFAT Calcineurin complex in nucleus
BIOMD0000000123,NFAT_Cyt,NFAT_Cyt
BIOMD0000000123,NFAT_Nuc,NFAT_Nuc
BIOMD0000000123,NFAT_Pi_Act_C_Cyt,Phosphorylated NFAT Calcineurin complex in cytosol
BIOMD0000000123,NFAT_Pi_Act_C_Nuc,Phosphorylated NFAT Calcineurin complex in nucleus
BIOMD0000000123,NFAT_Pi_Cyt,Phosphorylated NFAT in cytosol
BIOMD0000000123,NFAT_Pi_Nuc,Phosphorylated NFAT in nucleus
BIOMD0000000137,x1,Insulin
BIOMD0000000137,x10,Phosphorylated IRS1
BIOMD0000000137,x11,PI3 Kinase
BIOMD0000000137,x12,IRS1- PI3 Kinase Complex
BIOMD0000000137,x13,"PI3,4,5P3"
BIOMD0000000137,x14,"PI4,5P2"
BIOMD0000000137,x15,"PI3,4P2"
BIOMD0000000137,x16,Unactivated Akt
BIOMD0000000137,x17,Activated Akt
BIOMD0000000137,x18,Unactivated PKC
BIOMD0000000137,x19,Activated PKC
BIOMD0000000137,x2,Unbound Insulin Receptor
BIOMD0000000137,x20,Intracellular GLUT4
BIOMD0000000137,x21,Cell surface GLUT4
BIOMD0000000137,x3,Unphosphorylated once bound receptor
BIOMD0000000137,x4,Phosphorylated twice bound receptor
BIOMD0000000137,x5,Phosphorylated once bound receptor
BIOMD0000000137,x6,Unbound unphosphorylated intracellular receptor
BIOMD0000000137,x7,Phosphorylated twice bound intracellular receptor
BIOMD0000000137,x8,Phosphorylated once bound intracellular receptor
BIOMD0000000137,x9,Unphosphorylated IRS1
BIOMD0000000143,H2O2_c,H2O2
BIOMD0000000143,H2O2_p,H2O2
BIOMD0000000143,H_c,Hydrogen
BIOMD0000000143,H_p,Hydrogen
BIOMD0000000143,MLTH_c,Melatonin
BIOMD0000000143,MLTH_p,Melatonin
BIOMD0000000143,MLT_c,Melatonin free radical
BIOMD0000000143,MLT_p,Melatonin free radical
BIOMD0000000143,NADP2_c,NADP2
BIOMD0000000143,NADPH_c,NADPH
BIOMD0000000143,NADP_c,NADP
BIOMD0000000143,NADPplus_c,NADP
BIOMD0000000143,O2_c,Oxygen
BIOMD0000000143,O2_p,Oxygen
BIOMD0000000143,O2minus_c,Superoxide
BIOMD0000000143,O2minus_p,Superoxide
BIOMD0000000143,coIII_p,compound III
BIOMD0000000143,coII_p,compound II
BIOMD0000000143,coI_p,compound I
BIOMD0000000143,per3_p,Ferric peroxidase
BIOMD0000000171,C,PER_TIM complex cytoplasm
BIOMD0000000171,CN,PER_TIM complex nuclear
BIOMD0000000171,M_P,per mRNA
BIOMD0000000171,M_T,tim mRNA
BIOMD0000000171,P0,PER
BIOMD0000000171,P1,PER-p
BIOMD0000000171,P2,PER-pp
BIOMD0000000171,Pt,total PER
BIOMD0000000171,T0,TIM
BIOMD0000000171,T1,TIM-p
BIOMD0000000171,T2,TIM-pp
BIOMD0000000171,Tt,total TIM
BIOMD0000000172,ADP,ADP
BIOMD0000000172,AMP,AMP
BIOMD0000000172,ATP,ATP
BIOMD0000000172,AcAld,acetaldehyde
BIOMD0000000172,BPG,"Gri2,3P2"
BIOMD0000000172,CO2,CO2
BIOMD0000000172,DHAP,glycerone phosphate
BIOMD0000000172,EtOH,ethanol
BIOMD0000000172,F16bP,"Fru1,6-P2"
BIOMD0000000172,F26bP,"Fru2,6-P2"
BIOMD0000000172,F6P,Fru6-P
BIOMD0000000172,G6P,Glu6P
BIOMD0000000172,GAP,Gra3P
BIOMD0000000172,GLCi,Glc(int)
BIOMD0000000172,GLCo,Glc(ext)
BIOMD0000000172,Glycerol,glycerol
BIOMD0000000172,Glycogen,glycogen
BIOMD0000000172,NAD,NAD
BIOMD0000000172,NADH,NADH
BIOMD0000000172,P2G,Gri2P
BIOMD0000000172,P3G,Gri3P
BIOMD0000000172,PEP,phosphoenolpyruvate
BIOMD0000000172,PYR,pyruvate
BIOMD0000000172,Succinate,succinate
BIOMD0000000172,Trehalose,trehalose
BIOMD0000000176,ADP,ADP
BIOMD0000000176,AMP,AMP
BIOMD0000000176,ATP,ATP
BIOMD0000000176,AcAld,AcAld
BIOMD0000000176,BPG,BPG
BIOMD0000000176,CO2,CO2
BIOMD0000000176,DHAP,DHAP
BIOMD0000000176,EtOH,EtOH
BIOMD0000000176,F16bP,F16bP
BIOMD0000000176,F26bP,"Fru2,6-P2"
BIOMD0000000176,F6P,F6P
BIOMD0000000176,G6P,G6P
BIOMD0000000176,GAP,GAP
BIOMD0000000176,GLCi,GLCi
BIOMD0000000176,GLCo,GLCo
BIOMD0000000176,Glycerol,Glycerol
BIOMD0000000176,Glycogen,Glycogen
BIOMD0000000176,NAD,NAD
BIOMD0000000176,NADH,NADH
BIOMD0000000176,P2G,P2G
BIOMD0000000176,P3G,P3G
BIOMD0000000176,PEP,PEP
BIOMD0000000176,PYR,PYR
BIOMD0000000176,Succinate,Succinate
BIOMD0000000176,Trehalose,Trehalose
BIOMD0000000177,ADP,ADP
BIOMD0000000177,AMP,AMP
BIOMD0000000177,ATP,ATP
BIOMD0000000177,AcAld,AcAld
BIOMD0000000177,AcCoA,AcCoA
BIOMD0000000177,BPG,BPG
BIOMD0000000177,CO2,CO2
BIOMD0000000177,CO2mito,CO2mito
BIOMD0000000177,DHAP,DHAP
BIOMD0000000177,EtOH,EtOH
BIOMD0000000177,F16bP,F16bP
BIOMD0000000177,F26bP,"Fru2,6-P2"
BIOMD0000000177,F6P,F6P
BIOMD0000000177,G6P,G6P
BIOMD0000000177,GAP,GAP
BIOMD0000000177,GLCi,GLCi
BIOMD0000000177,GLCo,GLCo
BIOMD0000000177,Glycerol,Glycerol
BIOMD0000000177,Glycogen,Glycogen
BIOMD0000000177,NAD,NAD
BIOMD0000000177,NADH,NADH
BIOMD0000000177,P2G,P2G
BIOMD0000000177,P3G,P3G
BIOMD0000000177,PEP,PEP
BIOMD0000000177,PYR,PYR
BIOMD0000000177,PYRmito,PYRmito
BIOMD0000000177,Succinate,Succinate
BIOMD0000000177,Trehalose,Trehalose
BIOMD0000000190,A,S-adenosylmethioninamine
BIOMD0000000190,AcCoA,Acetyl-CoA
BIOMD0000000190,CoA,CoA
BIOMD0000000190,D,Spermidine
BIOMD0000000190,Met,Methionine
BIOMD0000000190,ORN,L-Ornithine
BIOMD0000000190,P,Putrescine
BIOMD0000000190,S,Spermine
BIOMD0000000190,SAM,S-adenosyl-L-methionine
BIOMD0000000190,aD,N1-Acetylspermidine
BIOMD0000000190,aS,N1-Acetylspermine
BIOMD0000000191,ARGex,Arginine ex
BIOMD0000000191,ARGin,Arginine in
BIOMD0000000191,ORN,Ornithine
BIOMD0000000206,at,ATP
BIOMD0000000206,na,NAD
BIOMD0000000206,s1,Glucose
BIOMD0000000206,s2,F16P
BIOMD0000000206,s3,Triose_Gly3Phos_DHAP
BIOMD0000000206,s4,3PG
BIOMD0000000206,s5,Pyruvate
BIOMD0000000206,s6,Acetaldehyde
BIOMD0000000206,s6o,extracellular acetaldehyde
BIOMD0000000211,species_1,pyruvate
BIOMD0000000211,species_10,glucose
BIOMD0000000211,species_11,atpg
BIOMD0000000211,species_12,adpg
BIOMD0000000211,species_13,ampg
BIOMD0000000211,species_14,glucose6phosphate
BIOMD0000000211,species_15,fructose6phosphate
BIOMD0000000211,species_16,fructose16bisphosphate
BIOMD0000000211,species_17,dihydroxyacetonephosphate
BIOMD0000000211,species_18,glyceraldehyde3phosphate
BIOMD0000000211,species_19,nad
BIOMD0000000211,species_2,adpc
BIOMD0000000211,species_20,nadh
BIOMD0000000211,species_21,bisphosphoglycerate
BIOMD0000000211,species_22,glycerol3phosphate
BIOMD0000000211,species_23,3phosphoglycerate
BIOMD0000000211,species_24,glycerol
BIOMD0000000211,species_25,glucose external
BIOMD0000000211,species_26,pyruvate external
BIOMD0000000211,species_27,glycerol external
BIOMD0000000211,species_3,atpc
BIOMD0000000211,species_4,phosphoenolpyruvate
BIOMD0000000211,species_5,2phosphoglycerate
BIOMD0000000211,species_6,ampc
BIOMD0000000211,species_7,3phosphoglycerate cytosol
BIOMD0000000211,species_8,dihydroxyacetonephosphate cytosol
BIOMD0000000211,species_9,glycerol3phosphate cytosol
BIOMD0000000212,AK1,AK1
BIOMD0000000212,AK2,AK2
BIOMD0000000212,AKHSDHI,AKI-HSDHI
BIOMD0000000212,AKHSDHII,AKII-HSDHII
BIOMD0000000212,ASA,Aspartate semialdehyde
BIOMD0000000212,ASADH,ASADH
BIOMD0000000212,AdoMet,S-adenosyl-methionine
BIOMD0000000212,Asp,Aspartate
BIOMD0000000212,AspP,Aspartyl_P
BIOMD0000000212,CGS,CGS
BIOMD0000000212,Cys,Cysteine
BIOMD0000000212,Cysta,Cystathione
BIOMD0000000212,DHDPS1,DHDPS1
BIOMD0000000212,DHDPS2,DHDPS2
BIOMD0000000212,Gly,Glycine
BIOMD0000000212,HSK,HSK
BIOMD0000000212,Hser,Homoserine
BIOMD0000000212,Ile,Isoleucine
BIOMD0000000212,IleTRNA,Ile-tRNA
BIOMD0000000212,LKR,LKR
BIOMD0000000212,Lys,Lysine
BIOMD0000000212,LysTRNA,Lys-tRNA
BIOMD0000000212,PHser,Phosphohomoserine
BIOMD0000000212,Phosphate,Phosphate
BIOMD0000000212,Sacc,Saccharopine
BIOMD0000000212,TD,TD
BIOMD0000000212,THA,THA
BIOMD0000000212,TS1,TS1
BIOMD0000000212,Thr,Threonine
BIOMD0000000212,ThrTRNA,Thr-tRNA
BIOMD0000000212,Val,Valine
BIOMD0000000213,AICAR,AICAR
BIOMD0000000213,DHF,DHF
BIOMD0000000213,GAR,GAR
BIOMD0000000213,Gly,Gly
BIOMD0000000213,HCOOH,HCOOH
BIOMD0000000213,Hcy,Hcy
BIOMD0000000213,NADPH,NADPH
BIOMD0000000213,Ser,Ser
BIOMD0000000213,THF,THF
BIOMD0000000213,_10fTHF,_10fTHF
BIOMD0000000213,_5_10_CH2THF,_5_10_CH2THF
BIOMD0000000213,_5_10_CHTHF,_5_10_CHTHF
BIOMD0000000213,_5mTHF,_5mTHF
BIOMD0000000213,dUMP,dUMP
BIOMD0000000218,aca,aca
BIOMD0000000218,akg,akg
BIOMD0000000218,biosyn,biosyn
BIOMD0000000218,cit,cit
BIOMD0000000218,coa,coa
BIOMD0000000218,fa,fa
BIOMD0000000218,gly,gly
BIOMD0000000218,icit,icit
BIOMD0000000218,mal,mal
BIOMD0000000218,oaa,oaa
BIOMD0000000218,sca,sca
BIOMD0000000218,ssa,ssa
BIOMD0000000218,suc,suc
BIOMD0000000219,aca,aca
BIOMD0000000219,akg,akg
BIOMD0000000219,biosyn,biosyn
BIOMD0000000219,cit,cit
BIOMD0000000219,coa,coa
BIOMD0000000219,fa,fa
BIOMD0000000219,gly,gly
BIOMD0000000219,icit,icit
BIOMD0000000219,mal,mal
BIOMD0000000219,oaa,oaa
BIOMD0000000219,sca,sca
BIOMD0000000219,ssa,ssa
BIOMD0000000219,suc,suc
BIOMD0000000221,aca,aca
BIOMD0000000221,akg,akg
BIOMD0000000221,biosyn,biosyn
BIOMD0000000221,cit,cit
BIOMD0000000221,coa,coa
BIOMD0000000221,fa,fa
BIOMD0000000221,gly,gly
BIOMD0000000221,icit,icit
BIOMD0000000221,mal,mal
BIOMD0000000221,oaa,oaa
BIOMD0000000221,sca,sca
BIOMD0000000221,suc,suc
BIOMD0000000222,aca,aca
BIOMD0000000222,akg,akg
BIOMD0000000222,biosyn,biosyn
BIOMD0000000222,cit,cit
BIOMD0000000222,coa,coa
BIOMD0000000222,fa,fa
BIOMD0000000222,gly,gly
BIOMD0000000222,icit,icit
BIOMD0000000222,mal,mal
BIOMD0000000222,oaa,oaa
BIOMD0000000222,sca,sca
BIOMD0000000222,suc,suc
BIOMD0000000225,F6P,F6P
BIOMD0000000225,FBP,FBP
BIOMD0000000225,G3P,G3P
BIOMD0000000225,G6P_F6P,G6P_F6P
BIOMD0000000225,GLC,GLC
BIOMD0000000231,ADP,ADP
BIOMD0000000231,AMP,AMP
BIOMD0000000231,ATP,ATP
BIOMD0000000231,Lac,Lac
BIOMD0000000231,NADH,NADH
BIOMD0000000231,Pyr,Pyr
BIOMD0000000232,ADP,ADP
BIOMD0000000232,ATP,ATP
BIOMD0000000232,AcCoA,acetyl-CoA
BIOMD0000000232,Cit,citrate
BIOMD0000000232,H,H+
BIOMD0000000232,H2O,water
BIOMD0000000232,He,H+
BIOMD0000000232,KG,alpha-ketoglutarate
BIOMD0000000232,NAD,NAD(+)
BIOMD0000000232,NADH,NADH
BIOMD0000000232,O2,oxygen
BIOMD0000000232,OAA,oxaloacetate
BIOMD0000000232,Pyr,pyruvate
BIOMD0000000232,iP,phosphate
BIOMD0000000236,DHAP,dihydroxyacetone-phosphate
BIOMD0000000236,DHAP_G3P,DHAP-G3P pool
BIOMD0000000236,F6P,fructose-6-phosphate
BIOMD0000000236,FBP,"fructose-1,6-biphosphate"
BIOMD0000000236,G3P,glyceraldehyde--phosphate
BIOMD0000000236,G6P_F6P,G6P_F6P
BIOMD0000000236,GLC,intracellular glucose
BIOMD0000000244,ACT,ACT
BIOMD0000000244,ACoA,ACoA
BIOMD0000000244,AKG,AKG
BIOMD0000000244,AceA,AceA
BIOMD0000000244,AceB,AceB
BIOMD0000000244,AceK,AceK
BIOMD0000000244,Acoa2act,Acoa2act
BIOMD0000000244,Acs,Acs
BIOMD0000000244,Akg2mal,Akg2mal
BIOMD0000000244,BM,BM
BIOMD0000000244,CAMPdegr,CAMPdegr
BIOMD0000000244,Cra,Cra
BIOMD0000000244,CraFBP,CraFBP
BIOMD0000000244,Crp,Crp
BIOMD0000000244,CrpcAMP,CrpcAMP
BIOMD0000000244,Cya,Cya
BIOMD0000000244,EIIA,EIIA
BIOMD0000000244,EIIA_P,EIIA_P
BIOMD0000000244,EIICB,EIICB
BIOMD0000000244,Emp,Emp
BIOMD0000000244,Eno,Eno
BIOMD0000000244,FBP,FBP
BIOMD0000000244,Fdp,Fdp
BIOMD0000000244,G6P,G6P
BIOMD0000000244,GLC,GLC
BIOMD0000000244,GLX,GLX
BIOMD0000000244,GltA,GltA
BIOMD0000000244,ICT,ICT
BIOMD0000000244,Icd,Icd
BIOMD0000000244,Icd_P,Icd_P
BIOMD0000000244,IclR,IclR
BIOMD0000000244,MAL,MAL
BIOMD0000000244,Mdh,Mdh
BIOMD0000000244,Me,Me
BIOMD0000000244,OAA,OAA
BIOMD0000000244,PEP,PEP
BIOMD0000000244,PG3,PG3
BIOMD0000000244,PYR,PYR
BIOMD0000000244,PckA,PckA
BIOMD0000000244,Pdh,Pdh
BIOMD0000000244,PdhR,PdhR
BIOMD0000000244,PdhRPYR,PdhRPYR
BIOMD0000000244,PfkA,PfkA
BIOMD0000000244,Ppc,Ppc
BIOMD0000000244,PpsA,PpsA
BIOMD0000000244,PykF,PykF
BIOMD0000000244,cAMP,cAMP
BIOMD0000000245,AcDH,BM(AcDH)
BIOMD0000000245,CO2,CO2
BIOMD0000000245,Red,Red. Equ. (NADH)
BIOMD0000000245,S_f,Glucose(feed)
BIOMD0000000245,a,BM(active)
BIOMD0000000245,s_EtOH,EtOH
BIOMD0000000245,s_acetald,Acetaldehyde
BIOMD0000000245,s_acetate,Acetate
BIOMD0000000245,s_glu,Glucose
BIOMD0000000245,s_pyr,Pyruvate
BIOMD0000000245,x,BM
BIOMD0000000247,ACE,Acetaldehyde
BIOMD0000000247,BPG,"1,3-bisphosphoglycerate"
BIOMD0000000247,CO2,CO2
BIOMD0000000247,D6PGluconate,6-phosphogluconate
BIOMD0000000247,D6PGluconoLactone,D-6-phosphoglucono-delta-lactone
BIOMD0000000247,DHAP,dihydroxyacetone phosphate
BIOMD0000000247,ETOH,Ethanol
BIOMD0000000247,Erythrose4P,erythrose 4-phosphate
BIOMD0000000247,F16P,"Fructose-1,6 bisphosphate"
BIOMD0000000247,F26BP,"F2,6P"
BIOMD0000000247,F6P,Fructose 6 Phosphate
BIOMD0000000247,G6P,Glucose 6 Phosphate
BIOMD0000000247,GA3P,glyceraldehyde 3-phosphate
BIOMD0000000247,GLCi,Glucose in Cytosol
BIOMD0000000247,GLCo,Extracellular Glucose
BIOMD0000000247,GLY,Glycerol
BIOMD0000000247,NAD,NAD
BIOMD0000000247,NADH,NADH
BIOMD0000000247,NADP,NADP+
BIOMD0000000247,NADPH,NADPH
BIOMD0000000247,P,High energy phosphates
BIOMD0000000247,P2G,2-phosphoglycerate
BIOMD0000000247,P3G,3-phosphoglycerate
BIOMD0000000247,PEP,Phosphoenolpyruvate
BIOMD0000000247,PYR,Pyruvate
BIOMD0000000247,Ribose5P,ribose 5-phosphate
BIOMD0000000247,Ribulose5P,ribulose 5-phosphate
BIOMD0000000247,SUCC,Succinate
BIOMD0000000247,Seduhept7P,sedoheptulose 7-phosphate
BIOMD0000000247,X,X
BIOMD0000000247,Xyl5P,xylulose 5-phosphate
BIOMD0000000248,ADP,ADP
BIOMD0000000248,ATP,ATP
BIOMD0000000248,CFcap,CFcap
BIOMD0000000248,CFtis,CFtis
BIOMD0000000248,CTcap,CTcap
BIOMD0000000248,CTtis,CTtis
BIOMD0000000248,Cr,Cr
BIOMD0000000248,PCr,PCr
BIOMD0000000248,Pi,Pi
BIOMD0000000253,ADP,ADP
BIOMD0000000253,ATP,ATP
BIOMD0000000253,Fru16P2,"fructose 1,6-bisphosphate"
BIOMD0000000253,Glc,glucose
BIOMD0000000253,HMP,hexose monophosphate
BIOMD0000000253,Tre6P,trehalose 6-phosphate
BIOMD0000000268,BET,Betaine
BIOMD0000000268,CO,CO2
BIOMD0000000268,DUMP,dUMP
BIOMD0000000268,Fol,Folate
BIOMD0000000268,GAR,GAR
BIOMD0000000268,H2O2,H2O2
BIOMD0000000268,HCHO,Formaldehyde
BIOMD0000000268,NADPH,NADPH
BIOMD0000000268,aic,AICAR
BIOMD0000000268,b_cys,b_Cysteine
BIOMD0000000268,b_glu,b_Glutamate
BIOMD0000000268,b_gly,b_Glycine
BIOMD0000000268,b_gsg,b_GSSG
BIOMD0000000268,b_gsh,b_GSH
BIOMD0000000268,b_met,b_Met
BIOMD0000000268,b_ser,b_Ser
BIOMD0000000268,c_10f,c_10-formyl-THF
BIOMD0000000268,c_1cf,c_5-10-methenyl-THF
BIOMD0000000268,c_2cf,c_5-10-methylene-THF
BIOMD0000000268,c_5mf,c_5-methyl-THF
BIOMD0000000268,c_coo,c_formate
BIOMD0000000268,c_cys,c_Cysteine
BIOMD0000000268,c_dhf,c_DHF
BIOMD0000000268,c_glu,c_Glutamate
BIOMD0000000268,c_gly,c_Glycine
BIOMD0000000268,c_gsg,c_GSSG
BIOMD0000000268,c_gsh,c_GSH
BIOMD0000000268,c_ser,c_Serine
BIOMD0000000268,c_thf,c_THF
BIOMD0000000268,cyt,Cystathione
BIOMD0000000268,dmg,Dimethylglycine
BIOMD0000000268,glc,Glutamyl-Cysteine
BIOMD0000000268,hcy,Homocysteine
BIOMD0000000268,m_10f,m_10-formyl-THF
BIOMD0000000268,m_1cf,m_5-10-methenyl-THF
BIOMD0000000268,m_2cf,m_5-10-methylene-THF
BIOMD0000000268,m_coo,m_Formate
BIOMD0000000268,m_gly,m_Glycine
BIOMD0000000268,m_ser,m_Serine
BIOMD0000000268,m_thf,m_THF
BIOMD0000000268,met,c_Methionine
BIOMD0000000268,sah,S-adenosylhomocysteine
BIOMD0000000268,sam,S-adenosylmethionine
BIOMD0000000268,src,Sarcosine
BIOMD0000000281,ADP,(ADP) adenosine diphosphate
BIOMD0000000281,AGP,(AGP) alpha-glycerophosphate
BIOMD0000000281,DBP,(DBP) dibromophenol
BIOMD0000000281,DGA,"(DGA) 1,3 diphosphoglycerate"
BIOMD0000000281,DHA,(DHA) dihydroxacetone phosphate
BIOMD0000000281,DIH,(DIH) intramitochondrial reduced diphospyridine nucleotide
BIOMD0000000281,DIN,(DIN) intramitochondrial diphospyridine nucleotide
BIOMD0000000281,DPH,(DPH) extramitochondrial reduced diphospyridine nucleotide
BIOMD0000000281,DPN,(DPN) extramitochondrial diphospyridine nucleotide
BIOMD0000000281,ENG,(ENG) hexokinase-glucose intermediate
BIOMD0000000281,ENZ,(ENZ) hexokinase
BIOMD0000000281,ETG,(ETG) phosphofructokinase intermediate
BIOMD0000000281,ETZ,(ETZ) phosphofructokinase
BIOMD0000000281,GAP,(GAP) glyceraldehyde 3-phosphate
BIOMD0000000281,GLP,(GLP) glucose 6-phosphate
BIOMD0000000281,GLU,(GLU) glucose
BIOMD0000000281,GPP,(GPP) hexose diphosphate
BIOMD0000000281,LAC,(LAC) lactate
BIOMD0000000281,MOB,(MOB) acyl enzyme intermediate of glyceraldehyde 3-phoshphate dehydrogenase
BIOMD0000000281,MOD,(MOD) glyceraldehyde 3-phoshphate dehydrogenase-DPN complex
BIOMD0000000281,MOX,(MOX) glyceraldehyde 3-phoshphate dehydrogenase
BIOMD0000000281,OXY,(OXY) oxygen
BIOMD0000000281,PGA,(PGA) 3 phosphoglycerate
BIOMD0000000281,PID,(PID) inorganic phosphate
BIOMD0000000281,PPP,(PPP) enzyme intermediate concerned in ATP utilization
BIOMD0000000281,PUE,(PUE) enzyme concerned in ATP utilization
BIOMD0000000281,PYR,(PYR) pyruvate
BIOMD0000000281,TP1,(TP1) adenosine triphosphate in store 1 (cytoplasm)
BIOMD0000000281,TP2,(TP2) adenosine triphosphate in store 2 (mitochondria)
BIOMD0000000281,XI,(XI) low energy intermediate in oxidative phosphorylation
BIOMD0000000281,XSI,(XSI) high energy intermediate in oxidative phosphorylation
BIOMD0000000281,XSP,(XSP) phosphorylated intermediate in oxidative phosphorylation
BIOMD0000000292,ADP,ADP
BIOMD0000000292,ATP,ATP
BIOMD0000000292,NADP,NADP_super_+
BIOMD0000000292,NADPH,NADPH
BIOMD0000000292,X,X
BIOMD0000000292,Y,Y
BIOMD0000000450,BET,Betaine
BIOMD0000000450,CO,CO2
BIOMD0000000450,DUMP,dUMP
BIOMD0000000450,Fol,Folate
BIOMD0000000450,GAR,GAR
BIOMD0000000450,H2O2,H2O2
BIOMD0000000450,HCHO,Formaldehyde
BIOMD0000000450,NADPH,NADPH
BIOMD0000000450,aic,AICAR
BIOMD0000000450,b_cys,b_Cysteine
BIOMD0000000450,b_glu,b_Glutamate
BIOMD0000000450,b_gly,b_Glycine
BIOMD0000000450,b_gsg,b_GSSG
BIOMD0000000450,b_gsh,b_GSH
BIOMD0000000450,b_met,b_Methionine
BIOMD0000000450,b_ser,b_Serine
BIOMD0000000450,c_10f,c_10-formyl-THF
BIOMD0000000450,c_1cf,c_5-10-methenyl-THF
BIOMD0000000450,c_2cf,c_5-10-methylene-THF
BIOMD0000000450,c_5mf,c_5-methyl-THF
BIOMD0000000450,c_coo,c_Formate
BIOMD0000000450,c_cys,c_Cysteine
BIOMD0000000450,c_dhf,c_DHF
BIOMD0000000450,c_glu,c_Glutamate
BIOMD0000000450,c_gly,c_Glycine
BIOMD0000000450,c_gsg,c_GSSG
BIOMD0000000450,c_gsh,c_GSH
BIOMD0000000450,c_ser,c_Serine
BIOMD0000000450,c_thf,c_THF
BIOMD0000000450,cyt,Cystathionine
BIOMD0000000450,dmg,Dimethylglycine
BIOMD0000000450,glc,Glutamyl-Cysteine
BIOMD0000000450,hcy,Homocysteine
BIOMD0000000450,m_10f,m_10-formyl-THF
BIOMD0000000450,m_1cf,m_5-10-methenyl-THF
BIOMD0000000450,m_2cf,m_5-10-methylene-THF
BIOMD0000000450,m_coo,m_Formate
BIOMD0000000450,m_gly,m_Glycine
BIOMD0000000450,m_ser,m_Serine
BIOMD0000000450,m_thf,m_THF
BIOMD0000000450,met,c_Methionine
BIOMD0000000450,sah,SAH
BIOMD0000000450,sam,SAM
BIOMD0000000450,species_1,dcSAM
BIOMD0000000450,species_2,Putrescine
BIOMD0000000450,species_3,Spermine
BIOMD0000000450,species_4,Spermidine
BIOMD0000000450,species_5,Acetylspermine
BIOMD0000000450,species_6,Acetylspermidine
BIOMD0000000450,species_7,Ornithine
BIOMD0000000450,species_8,Acetyl-CoA
BIOMD0000000450,species_9,CoA
BIOMD0000000450,src,Sarcosine
BIOMD0000000471,e_0001,COX1
BIOMD0000000471,e_0004,COB
BIOMD0000000471,e_0006,COX2
BIOMD0000000471,e_0007,COX3
BIOMD0000000471,e_0008,CYS3
BIOMD0000000471,e_0010,PMT2
BIOMD0000000471,e_0011,CDC19
BIOMD0000000471,e_0012,GCV3
BIOMD0000000471,e_0016,GDH3
BIOMD0000000471,e_0017,ADE1
BIOMD0000000471,e_0020,SCT1
BIOMD0000000471,e_0022,ACH1
BIOMD0000000471,e_0025,RIB1
BIOMD0000000471,e_0026,URA7
BIOMD0000000471,e_0028,COR1
BIOMD0000000471,e_0029,PRX1
BIOMD0000000471,e_0030,PRS4
BIOMD0000000471,e_0031,ILS1
BIOMD0000000471,e_0038,IPP1
BIOMD0000000471,e_0045,CDS1
BIOMD0000000471,e_0054,TSC3
BIOMD0000000471,e_0057,MIS1
BIOMD0000000471,e_0062,LYS2
BIOMD0000000471,e_0063,TKL2
BIOMD0000000471,e_0064,GRS1
BIOMD0000000471,e_0065,TPS1
BIOMD0000000471,e_0071,RIB7
BIOMD0000000471,e_0074,TYR1
BIOMD0000000471,e_0077,YPC1
BIOMD0000000471,e_0079,PGI1
BIOMD0000000471,e_0084,PYC2
BIOMD0000000471,e_0085,PDB1
BIOMD0000000471,e_0086,GPX2
BIOMD0000000471,e_0087,HIS7
BIOMD0000000471,e_0088,ARO4
BIOMD0000000471,e_0089,DUT1
BIOMD0000000471,e_0090,RIB5
BIOMD0000000471,e_0091,SHM1
BIOMD0000000471,e_0092,TSC10
BIOMD0000000471,e_0100,ILV6
BIOMD0000000471,e_0101,LEU2
BIOMD0000000471,e_0103,HIS4
BIOMD0000000471,e_0104,GRX1
BIOMD0000000471,e_0106,GLK1
BIOMD0000000471,e_0107,APA1
BIOMD0000000471,e_0111,CIT2
BIOMD0000000471,e_0113,PGK1
BIOMD0000000471,e_0117,FEN1
BIOMD0000000471,e_0122,THR4
BIOMD0000000471,e_0124,TRX3
BIOMD0000000471,e_0128,TSC13
BIOMD0000000471,e_0129,GPD1
BIOMD0000000471,e_0133,SLC1
BIOMD0000000471,e_0134,PSA1
BIOMD0000000471,e_0135,IDP1
BIOMD0000000471,e_0136,COX9
BIOMD0000000471,e_0137,MDH3
BIOMD0000000471,e_0139,NDE2
BIOMD0000000471,e_0141,PMT5
BIOMD0000000471,e_0142,PMT1
BIOMD0000000471,e_0146,LYS21
BIOMD0000000471,e_0154,LYS20
BIOMD0000000471,e_0160,GDH2
BIOMD0000000471,e_0165,TRP1
BIOMD0000000471,e_0167,GCV1
BIOMD0000000471,e_0168,SES1
BIOMD0000000471,e_0169,ARO3
BIOMD0000000471,e_0171,KRS1
BIOMD0000000471,e_0175,TPI1
BIOMD0000000471,e_0176,TGL2
BIOMD0000000471,e_0177,LCB2
BIOMD0000000471,e_0179,TPS2
BIOMD0000000471,e_0181,GRX3
BIOMD0000000471,e_0182,ARO1
BIOMD0000000471,e_0186,HOM2
BIOMD0000000471,e_0194,ADK1
BIOMD0000000471,e_0196,LYS4
BIOMD0000000471,e_0203,DPP1
BIOMD0000000471,e_0204,INM2
BIOMD0000000471,e_0206,SUR2
BIOMD0000000471,e_0214,YDR341C
BIOMD0000000471,e_0218,TRR1
BIOMD0000000471,e_0219,TRP4
BIOMD0000000471,e_0220,KEI1
BIOMD0000000471,e_0231,ADE8
BIOMD0000000471,e_0233,TSA2
BIOMD0000000471,e_0234,GUK1
BIOMD0000000471,e_0237,RIB3
BIOMD0000000471,e_0239,SAM2
BIOMD0000000471,e_0242,GRX2
BIOMD0000000471,e_0243,QCR7
BIOMD0000000471,e_0249,URA3
BIOMD0000000471,e_0250,RIP1
BIOMD0000000471,e_0255,CYC7
BIOMD0000000471,e_0269,PMI40
BIOMD0000000471,e_0271,YND1
BIOMD0000000471,e_0273,FAA2
BIOMD0000000471,e_0276,PRO3
BIOMD0000000471,e_0278,CHO1
BIOMD0000000471,e_0280,SAH1
BIOMD0000000471,e_0281,HOM3
BIOMD0000000471,e_0283,HIS1
BIOMD0000000471,e_0290,"ARG5,6"
BIOMD0000000471,e_0291,RNR1
BIOMD0000000471,e_0294,SER3
BIOMD0000000471,e_0296,AIM10
BIOMD0000000471,e_0297,TRP2
BIOMD0000000471,e_0298,MET6
BIOMD0000000471,e_0299,PRS2
BIOMD0000000471,e_0303,ADK2
BIOMD0000000471,e_0304,GRX4
BIOMD0000000471,e_0306,PDA1
BIOMD0000000471,e_0311,LPD1
BIOMD0000000471,e_0312,FRS2
BIOMD0000000471,e_0314,SEC53
BIOMD0000000471,e_0317,GSY1
BIOMD0000000471,e_0320,HIS2
BIOMD0000000471,e_0321,MET10
BIOMD0000000471,e_0322,QCR6
BIOMD0000000471,e_0325,HXK1
BIOMD0000000471,e_0326,ERG26
BIOMD0000000471,e_0328,LEU1
BIOMD0000000471,e_0329,ERG4
BIOMD0000000471,e_0330,TRP5
BIOMD0000000471,e_0334,PYC1
BIOMD0000000471,e_0340,MET13
BIOMD0000000471,e_0342,ARO2
BIOMD0000000471,e_0343,LYS5
BIOMD0000000471,e_0346,COX4
BIOMD0000000471,e_0347,COX13
BIOMD0000000471,e_0348,ARO8
BIOMD0000000471,e_0352,"ADE5,7"
BIOMD0000000471,e_0353,GUS1
BIOMD0000000471,e_0355,HXK2
BIOMD0000000471,e_0364,GSC2
BIOMD0000000471,e_0365,ACB1
BIOMD0000000471,e_0367,ERG25
BIOMD0000000471,e_0368,ADE6
BIOMD0000000471,e_0372,VAS1
BIOMD0000000471,e_0376,ASN2
BIOMD0000000471,e_0379,SKN1
BIOMD0000000471,e_0380,CYS4
BIOMD0000000471,e_0381,CHO2
BIOMD0000000471,e_0382,PSD2
BIOMD0000000471,e_0385,ERG1
BIOMD0000000471,e_0387,RNR4
BIOMD0000000471,e_0389,QCR9
BIOMD0000000471,e_0390,TYS1
BIOMD0000000471,e_0392,TDH3
BIOMD0000000471,e_0393,PDX1
BIOMD0000000471,e_0396,ADE3
BIOMD0000000471,e_0397,SER2
BIOMD0000000471,e_0398,TRX2
BIOMD0000000471,e_0401,PFK1
BIOMD0000000471,e_0405,ENO1
BIOMD0000000471,e_0409,MES1
BIOMD0000000471,e_0418,PRS3
BIOMD0000000471,e_0422,QCR10
BIOMD0000000471,e_0424,ERG11
BIOMD0000000471,e_0425,DIA4
BIOMD0000000471,e_0426,ARG4
BIOMD0000000471,e_0427,DED81
BIOMD0000000471,e_0428,THR1
BIOMD0000000471,e_0431,PUT2
BIOMD0000000471,e_0434,NCP1
BIOMD0000000471,e_0435,INM1
BIOMD0000000471,e_0436,COX6
BIOMD0000000471,e_0440,ERG7
BIOMD0000000471,e_0448,TRR2
BIOMD0000000471,e_0452,DCD1
BIOMD0000000471,e_0454,ENO2
BIOMD0000000471,e_0456,ERG9
BIOMD0000000471,e_0457,BAT1
BIOMD0000000471,e_0458,IMD2
BIOMD0000000471,e_0462,FAA3
BIOMD0000000471,e_0463,DOT5
BIOMD0000000471,e_0465,HIS6
BIOMD0000000471,e_0467,RNR3
BIOMD0000000471,e_0469,SER33
BIOMD0000000471,e_0470,THS1
BIOMD0000000471,e_0472,LYS12
BIOMD0000000471,e_0475,COX5B
BIOMD0000000471,e_0476,HIS5
BIOMD0000000471,e_0489,LYS1
BIOMD0000000471,e_0490,HYR1
BIOMD0000000471,e_0492,RNR2
BIOMD0000000471,e_0495,TDH1
BIOMD0000000471,e_0496,BNA3
BIOMD0000000471,e_0499,ARG3
BIOMD0000000471,e_0506,RPE1
BIOMD0000000471,e_0508,URA2
BIOMD0000000471,e_0510,GLG2
BIOMD0000000471,e_0512,INO1
BIOMD0000000471,e_0514,QCR8
BIOMD0000000471,e_0515,ERG20
BIOMD0000000471,e_0525,TDH2
BIOMD0000000471,e_0528,ILV3
BIOMD0000000471,e_0531,CYC1
BIOMD0000000471,e_0536,OPI3
BIOMD0000000471,e_0540,URA8
BIOMD0000000471,e_0541,ADO1
BIOMD0000000471,e_0542,CPA2
BIOMD0000000471,e_0545,STR2
BIOMD0000000471,e_0547,MET5
BIOMD0000000471,e_0548,HOM6
BIOMD0000000471,e_0549,PMT4
BIOMD0000000471,e_0550,BAT2
BIOMD0000000471,e_0556,MET14
BIOMD0000000471,e_0557,AUR1
BIOMD0000000471,e_0561,URA6
BIOMD0000000471,e_0563,GPX1
BIOMD0000000471,e_0565,UGP1
BIOMD0000000471,e_0567,FBA1
BIOMD0000000471,e_0568,YNK1
BIOMD0000000471,e_0571,MDH1
BIOMD0000000471,e_0574,AAT1
BIOMD0000000471,e_0576,PGM1
BIOMD0000000471,e_0578,TGL1
BIOMD0000000471,e_0582,GPM1
BIOMD0000000471,e_0585,PRS1
BIOMD0000000471,e_0586,FAS1
BIOMD0000000471,e_0591,TRP3
BIOMD0000000471,e_0594,URA1
BIOMD0000000471,e_0603,GLG1
BIOMD0000000471,e_0607,GPT2
BIOMD0000000471,e_0610,MTD1
BIOMD0000000471,e_0611,TGL4
BIOMD0000000471,e_0613,YEH1
BIOMD0000000471,e_0615,DPS1
BIOMD0000000471,e_0629,AAT2
BIOMD0000000471,e_0631,ADE16
BIOMD0000000471,e_0632,COX12
BIOMD0000000471,e_0633,TRX1
BIOMD0000000471,e_0637,ERG3
BIOMD0000000471,e_0638,SHM2
BIOMD0000000471,e_0639,FRS1
BIOMD0000000471,e_0642,ALT1
BIOMD0000000471,e_0644,ERG27
BIOMD0000000471,e_0645,AHP1
BIOMD0000000471,e_0658,SAM1
BIOMD0000000471,e_0667,GSY2
BIOMD0000000471,e_0674,MET17
BIOMD0000000471,e_0675,ACO1
BIOMD0000000471,e_0682,FKS1
BIOMD0000000471,e_0684,TAL1
BIOMD0000000471,e_0685,ILV5
BIOMD0000000471,e_0686,ADE13
BIOMD0000000471,e_0687,SUR4
BIOMD0000000471,e_0690,COX8
BIOMD0000000471,e_0692,URA4
BIOMD0000000471,e_0693,IMD3
BIOMD0000000471,e_0697,HMG2
BIOMD0000000471,e_0699,ERG6
BIOMD0000000471,e_0705,IMD4
BIOMD0000000471,e_0708,HMG1
BIOMD0000000471,e_0711,TSL1
BIOMD0000000471,e_0712,URA5
BIOMD0000000471,e_0714,NDI1
BIOMD0000000471,e_0716,ERG13
BIOMD0000000471,e_0724,ERG5
BIOMD0000000471,e_0729,ARG7
BIOMD0000000471,e_0733,PGM2
BIOMD0000000471,e_0734,ILV2
BIOMD0000000471,e_0736,ADE17
BIOMD0000000471,e_0737,NDE1
BIOMD0000000471,e_0741,GCV2
BIOMD0000000471,e_0742,ERG2
BIOMD0000000471,e_0743,PFK2
BIOMD0000000471,e_0744,HFA1
BIOMD0000000471,e_0745,ERG12
BIOMD0000000471,e_0746,GUA1
BIOMD0000000471,e_0747,ERG8
BIOMD0000000471,e_0750,FAA4
BIOMD0000000471,e_0752,COX7
BIOMD0000000471,e_0753,TPS3
BIOMD0000000471,e_0754,PPA2
BIOMD0000000471,e_0755,URA10
BIOMD0000000471,e_0756,SCS7
BIOMD0000000471,e_0757,PGM3
BIOMD0000000471,e_0761,LCB1
BIOMD0000000471,e_0763,ADE4
BIOMD0000000471,e_0765,TGL3
BIOMD0000000471,e_0769,IDP3
BIOMD0000000471,e_0771,IDH1
BIOMD0000000471,e_0774,COX5A
BIOMD0000000471,e_0775,LAT1
BIOMD0000000471,e_0778,LEU4
BIOMD0000000471,e_0788,PSD1
BIOMD0000000471,e_0791,ADE12
BIOMD0000000471,e_0793,YNL247W
BIOMD0000000471,e_0799,MET2
BIOMD0000000471,e_0800,ERG24
BIOMD0000000471,e_0802,PHA2
BIOMD0000000471,e_0805,CIT1
BIOMD0000000471,e_0808,ACC1
BIOMD0000000471,e_0812,MVD1
BIOMD0000000471,e_0813,LYS9
BIOMD0000000471,e_0826,ARG1
BIOMD0000000471,e_0827,GPD2
BIOMD0000000471,e_0829,PRS5
BIOMD0000000471,e_0830,MET22
BIOMD0000000471,e_0832,RIB2
BIOMD0000000471,e_0836,WRS1
BIOMD0000000471,e_0838,MDH2
BIOMD0000000471,e_0840,ARG8
BIOMD0000000471,e_0841,RIB4
BIOMD0000000471,e_0848,CYT1
BIOMD0000000471,e_0850,CDC21
BIOMD0000000471,e_0851,TGL5
BIOMD0000000471,e_0852,RKI1
BIOMD0000000471,e_0855,LEU9
BIOMD0000000471,e_0860,ADE2
BIOMD0000000471,e_0862,IDH2
BIOMD0000000471,e_0867,GLN4
BIOMD0000000471,e_0869,ALE1
BIOMD0000000471,e_0872,SER1
BIOMD0000000471,e_0875,HIS3
BIOMD0000000471,e_0880,DFR1
BIOMD0000000471,e_0883,DGA1
BIOMD0000000471,e_0888,CPA1
BIOMD0000000471,e_0889,FAA1
BIOMD0000000471,e_0890,PMT3
BIOMD0000000471,e_0894,ALA1
BIOMD0000000471,e_0895,PYK2
BIOMD0000000471,e_0899,GDH1
BIOMD0000000471,e_0903,MET12
BIOMD0000000471,e_0904,ERG10
BIOMD0000000471,e_0910,GRX5
BIOMD0000000471,e_0914,YDC1
BIOMD0000000471,e_0915,GLR1
BIOMD0000000471,e_0922,IDI1
BIOMD0000000471,e_0926,CDC60
BIOMD0000000471,e_0934,FAS2
BIOMD0000000471,e_0940,FUM1
BIOMD0000000471,e_0947,CIT3
BIOMD0000000471,e_0953,HTS1
BIOMD0000000471,e_0955,GLN1
BIOMD0000000471,e_0959,ARO7
BIOMD0000000471,e_0962,TKL1
BIOMD0000000471,e_0963,GRS2
BIOMD0000000471,e_0964,PIS1
BIOMD0000000471,e_0970,ASN1
BIOMD0000000471,e_0973,KRE6
BIOMD0000000471,e_0975,MET16
BIOMD0000000471,e_0976,DPM1
BIOMD0000000471,e_0978,QCR2
BIOMD0000000471,e_0980,YER152C
BIOMD0000000471,s_0002,(1->3)-beta-D-glucan
BIOMD0000000471,s_0004,(1->6)-beta-D-glucan
BIOMD0000000471,s_0008,"(2R,3R)-2,3-dihydroxy-3-methylpentanoate"
BIOMD0000000471,s_0009,"(2R,3S)-3-isopropylmalate"
BIOMD0000000471,s_0010,(2S)-2-isopropyl-3-oxosuccinate
BIOMD0000000471,s_0015,(N(omega)-L-arginino)succinic acid
BIOMD0000000471,s_0016,"(R)-2,3-dihydroxy-3-methylbutanoate"
BIOMD0000000471,s_0018,(R)-5-diphosphomevalonic acid
BIOMD0000000471,s_0019,(R)-5-phosphomevalonic acid
BIOMD0000000471,s_0028,(R)-mevalonate
BIOMD0000000471,s_0037,"(S)-2,3-epoxysqualene"
BIOMD0000000471,s_0039,(S)-2-acetyl-2-hydroxybutanoate
BIOMD0000000471,s_0056,(S)-3-methyl-2-oxopentanoate
BIOMD0000000471,s_0061,(S)-dihydroorotate
BIOMD0000000471,s_0066,(S)-malate
BIOMD0000000471,s_0075,"1,3-bisphospho-D-glycerate"
BIOMD0000000471,s_0076,1-(2-carboxyphenylamino)-1-deoxy-D-ribulose 5-phosphate
BIOMD0000000471,s_0077,1-(5-phospho-D-ribosyl)-5-[(5-phospho-D-ribosylamino)methylideneamino]imidazole-4-carboxamide
BIOMD0000000471,s_0078,1-(5-phosphoribosyl)-5'-AMP
BIOMD0000000471,s_0082,1-acyl-sn-glycerol 3-phosphate
BIOMD0000000471,s_0086,1-C-(indol-3-yl)glycerol 3-phosphate
BIOMD0000000471,s_0089,1-phosphatidyl-1D-myo-inositol
BIOMD0000000471,s_0118,1-pyrroline-5-carboxylate
BIOMD0000000471,s_0120,10-formyl-THF
BIOMD0000000471,s_0122,14-demethyllanosterol
BIOMD0000000471,s_0126,1D-myo-inositol 1-phosphate
BIOMD0000000471,s_0141,"2,5-diamino-4-hydroxy-6-(5-phosphoribosylamino)pyrimidine"
BIOMD0000000471,s_0142,"2,5-diamino-6-(5-phosphono)ribitylamino-4(3H)-pyrimidinone"
BIOMD0000000471,s_0145,2-acetamido-5-oxopentanoate
BIOMD0000000471,s_0146,2-acetyllactic acid
BIOMD0000000471,s_0158,2-hydroxy-3-oxobutyl phosphate
BIOMD0000000471,s_0162,2-isopropylmalate
BIOMD0000000471,s_0165,2-isopropylmaleic acid
BIOMD0000000471,s_0176,2-oxoadipic acid
BIOMD0000000471,s_0178,2-oxobutanoate
BIOMD0000000471,s_0180,2-oxoglutarate
BIOMD0000000471,s_0188,2-phospho-D-glyceric acid
BIOMD0000000471,s_0190,farnesyl diphosphate
BIOMD0000000471,s_0201,3'-phospho-5'-adenylyl sulfate
BIOMD0000000471,s_0204,3-(4-hydroxyphenyl)pyruvate
BIOMD0000000471,s_0207,3-(imidazol-4-yl)-2-oxopropyl dihydrogen phosphate
BIOMD0000000471,s_0209,3-dehydro-4-methylzymosterol
BIOMD0000000471,s_0210,3-dehydroquinate
BIOMD0000000471,s_0211,3-dehydroshikimate
BIOMD0000000471,s_0218,3-hydroxy-3-methylglutaryl-CoA
BIOMD0000000471,s_0231,3-ketosphinganine
BIOMD0000000471,s_0232,3-methyl-2-oxobutanoate
BIOMD0000000471,s_0258,3-phospho-hydroxypyruvate
BIOMD0000000471,s_0259,3-phospho-serine
BIOMD0000000471,s_0260,3-phosphoglycerate
BIOMD0000000471,s_0261,3-phosphoshikimic acid
BIOMD0000000471,s_0262,"4,4-dimethyl-5alpha-cholesta-8,14,24-trien-3beta-ol"
BIOMD0000000471,s_0291,4-methyl-2-oxopentanoate
BIOMD0000000471,s_0295,4-phospho-L-aspartate
BIOMD0000000471,s_0296,4alpha-methylzymosterol
BIOMD0000000471,s_0297,4beta-methylzymosterol-4alpha-carboxylic acid
BIOMD0000000471,s_0298,5'-adenylyl sulfate
BIOMD0000000471,s_0299,5'-phosphoribosyl-4-(N-succinocarboxamide)-5-aminoimidazole
BIOMD0000000471,s_0300,5'-phosphoribosyl-5-aminoimidazole
BIOMD0000000471,s_0301,5'-phosphoribosyl-N-formylglycineamide
BIOMD0000000471,s_0302,5'-phosphoribosyl-N-formylglycineamidine
BIOMD0000000471,s_0304,"5,10-methenyl-THF"
BIOMD0000000471,s_0306,"5,10-methylenetetrahydrofolate"
BIOMD0000000471,s_0312,5-[(5-phospho-1-deoxy-D-ribulos-1-ylamino)methylideneamino]-1-(5-phospho-D-ribosyl)imidazole-4-carboxamide
BIOMD0000000471,s_0313,5-amino-6-(5-phosphoribitylamino)uracil
BIOMD0000000471,s_0314,5-amino-6-(D-ribitylamino)uracil
BIOMD0000000471,s_0322,5-methyltetrahydrofolate
BIOMD0000000471,s_0324,5-O-(1-carboxyvinyl)-3-phosphoshikimic acid
BIOMD0000000471,s_0325,5-phospho-ribosyl-glycineamide
BIOMD0000000471,s_0326,5-phosphoribosyl-ATP
BIOMD0000000471,s_0327,5-phosphoribosylamine
BIOMD0000000471,s_0328,"6,7-dimethyl-8-(1-D-ribityl)lumazine"
BIOMD0000000471,s_0349,7-phospho-2-dehydro-3-deoxy-D-arabino-heptonic acid
BIOMD0000000471,s_0362,acetate
BIOMD0000000471,s_0367,acetoacetyl-CoA
BIOMD0000000471,s_0373,acetyl-CoA
BIOMD0000000471,s_0380,acyl-CoA
BIOMD0000000471,s_0386,adenosine
BIOMD0000000471,s_0390,"adenosine 3',5'-bismonophosphate"
BIOMD0000000471,s_0393,adenylo-succinate
BIOMD0000000471,s_0394,ADP
BIOMD0000000471,s_0403,AICAR
BIOMD0000000471,s_0404,Ala-tRNA(Ala)
BIOMD0000000471,s_0409,"alpha,alpha-trehalose 6-phosphate"
BIOMD0000000471,s_0419,ammonium
BIOMD0000000471,s_0420,ammonium
BIOMD0000000471,s_0423,AMP
BIOMD0000000471,s_0427,anthranilate
BIOMD0000000471,s_0428,Arg-tRNA(Arg)
BIOMD0000000471,s_0430,Asn-tRNA(Asn)
BIOMD0000000471,s_0432,Asp-tRNA(Asp)
BIOMD0000000471,s_0434,ATP
BIOMD0000000471,s_0445,bicarbonate
BIOMD0000000471,s_0454,"but-1-ene-1,2,4-tricarboxylic acid"
BIOMD0000000471,s_0455,carbamoyl phosphate
BIOMD0000000471,s_0456,carbon dioxide
BIOMD0000000471,s_0458,carbon dioxide
BIOMD0000000471,s_0467,CDP
BIOMD0000000471,s_0471,CDP-diacylglycerol
BIOMD0000000471,s_0475,ceramide-1 (C24)
BIOMD0000000471,s_0481,ceramide-2 (C24)
BIOMD0000000471,s_0493,ceramide-3 (C24)
BIOMD0000000471,s_0499,ceramide-4 (C24)
BIOMD0000000471,s_0515,chorismate
BIOMD0000000471,s_0516,cis-aconitate
BIOMD0000000471,s_0522,citrate
BIOMD0000000471,s_0526,CMP
BIOMD0000000471,s_0529,coenzyme A
BIOMD0000000471,s_0539,CTP
BIOMD0000000471,s_0542,Cys-tRNA(Cys)
BIOMD0000000471,s_0550,D-erythro-1-(imidazol-4-yl)glycerol 3-phosphate
BIOMD0000000471,s_0551,D-erythrose 4-phosphate
BIOMD0000000471,s_0555,"D-fructose 1,6-bisphosphate"
BIOMD0000000471,s_0557,D-fructose 6-phosphate
BIOMD0000000471,s_0563,D-glucose
BIOMD0000000471,s_0565,D-glucose
BIOMD0000000471,s_0567,D-glucose 1-phosphate
BIOMD0000000471,s_0568,D-glucose 6-phosphate
BIOMD0000000471,s_0573,D-mannose 1-phosphate
BIOMD0000000471,s_0574,D-mannose 6-phosphate
BIOMD0000000471,s_0577,D-ribulose 5-phosphate
BIOMD0000000471,s_0581,D-xylulose 5-phosphate
BIOMD0000000471,s_0582,dADP
BIOMD0000000471,s_0584,dAMP
BIOMD0000000471,s_0586,dATP
BIOMD0000000471,s_0587,dCDP
BIOMD0000000471,s_0589,dCMP
BIOMD0000000471,s_0595,decanoate
BIOMD0000000471,s_0602,decanoyl-CoA
BIOMD0000000471,s_0613,dGDP
BIOMD0000000471,s_0615,dGMP
BIOMD0000000471,s_0619,diglyceride
BIOMD0000000471,s_0625,dihydrofolic acid
BIOMD0000000471,s_0629,dihydroxyacetone phosphate
BIOMD0000000471,s_0633,diphosphate
BIOMD0000000471,s_0644,dolichyl D-mannosyl phosphate
BIOMD0000000471,s_0645,dolichyl phosphate
BIOMD0000000471,s_0649,dTMP
BIOMD0000000471,s_0654,dUMP
BIOMD0000000471,s_0656,dUTP
BIOMD0000000471,s_0657,episterol
BIOMD0000000471,s_0662,"ergosta-5,7,22,24(28)-tetraen-3beta-ol"
BIOMD0000000471,s_0664,"ergosta-5,7,24(28)-trien-3beta-ol"
BIOMD0000000471,s_0666,ergosterol
BIOMD0000000471,s_0672,ergosterol ester
BIOMD0000000471,s_0700,fecosterol
BIOMD0000000471,s_0709,ferricytochrome c
BIOMD0000000471,s_0710,ferrocytochrome c
BIOMD0000000471,s_0722,formate
BIOMD0000000471,s_0723,formate
BIOMD0000000471,s_0725,fumarate
BIOMD0000000471,s_0739,GDP
BIOMD0000000471,s_0743,GDP-alpha-D-mannose
BIOMD0000000471,s_0745,geranyl diphosphate
BIOMD0000000471,s_0747,Gln-tRNA(Gln)
BIOMD0000000471,s_0748,Glu-tRNA(Glu)
BIOMD0000000471,s_0750,glutathione
BIOMD0000000471,s_0754,glutathione disulfide
BIOMD0000000471,s_0757,Gly-tRNA(Gly)
BIOMD0000000471,s_0764,glyceraldehyde 3-phosphate
BIOMD0000000471,s_0767,glycerol 3-phosphate
BIOMD0000000471,s_0773,glycogen
BIOMD0000000471,s_0782,GMP
BIOMD0000000471,s_0785,GTP
BIOMD0000000471,s_0832,His-tRNA(His)
BIOMD0000000471,s_0835,homocitrate
BIOMD0000000471,s_0836,homoisocitrate
BIOMD0000000471,s_0837,hydrogen peroxide
BIOMD0000000471,s_0841,hydrogen sulfide
BIOMD0000000471,s_0847,Ile-tRNA(Ile)
BIOMD0000000471,s_0849,IMP
BIOMD0000000471,s_0918,inositol-P-ceramide D (C24)
BIOMD0000000471,s_0940,isocitrate
BIOMD0000000471,s_0943,isopentenyl diphosphate
BIOMD0000000471,s_0951,keto-phenylpyruvate
BIOMD0000000471,s_0953,L-2-aminoadipate
BIOMD0000000471,s_0955,L-alanine
BIOMD0000000471,s_0959,L-allysine
BIOMD0000000471,s_0965,L-arginine
BIOMD0000000471,s_0969,L-asparagine
BIOMD0000000471,s_0973,L-aspartate
BIOMD0000000471,s_0978,L-aspartate 4-semialdehyde
BIOMD0000000471,s_0979,L-citrulline
BIOMD0000000471,s_0980,L-cystathionine
BIOMD0000000471,s_0981,L-cysteine
BIOMD0000000471,s_0991,L-glutamate
BIOMD0000000471,s_0999,L-glutamine
BIOMD0000000471,s_1003,L-glycine
BIOMD0000000471,s_1006,L-histidine
BIOMD0000000471,s_1010,L-histidinol
BIOMD0000000471,s_1011,L-histidinol phosphate
BIOMD0000000471,s_1012,L-homocysteine
BIOMD0000000471,s_1014,L-homoserine
BIOMD0000000471,s_1016,L-isoleucine
BIOMD0000000471,s_1021,L-leucine
BIOMD0000000471,s_1025,L-lysine
BIOMD0000000471,s_1029,L-methionine
BIOMD0000000471,s_1032,L-phenylalanine
BIOMD0000000471,s_1035,L-proline
BIOMD0000000471,s_1038,L-saccharopine
BIOMD0000000471,s_1039,L-serine
BIOMD0000000471,s_1045,L-threonine
BIOMD0000000471,s_1048,L-tryptophan
BIOMD0000000471,s_1051,L-tyrosine
BIOMD0000000471,s_1056,L-valine
BIOMD0000000471,s_1059,lanosterol
BIOMD0000000471,s_1065,laurate
BIOMD0000000471,s_1073,lauroyl-CoA
BIOMD0000000471,s_1077,Leu-tRNA(Leu)
BIOMD0000000471,s_1084,lignoceric acid
BIOMD0000000471,s_1099,Lys-tRNA(Lys)
BIOMD0000000471,s_1101,malonyl-CoA
BIOMD0000000471,s_1107,mannan
BIOMD0000000471,s_1148,Met-tRNA(Met)
BIOMD0000000471,s_1153,myo-inositol
BIOMD0000000471,s_1161,myristate
BIOMD0000000471,s_1176,myristoyl-CoA
BIOMD0000000471,s_1182,N(2)-acetyl-L-ornithine
BIOMD0000000471,s_1187,N-(5-phospho-beta-D-ribosyl)anthranilate
BIOMD0000000471,s_1191,N-acetyl-L-gamma-glutamyl phosphate
BIOMD0000000471,s_1192,N-acetyl-L-glutamate
BIOMD0000000471,s_1194,N-carbamoyl-L-aspartate
BIOMD0000000471,s_1198,NAD
BIOMD0000000471,s_1203,NADH
BIOMD0000000471,s_1207,NADP(+)
BIOMD0000000471,s_1212,NADPH
BIOMD0000000471,s_1233,O-acetyl-L-homoserine
BIOMD0000000471,s_1238,O-phospho-L-homoserine
BIOMD0000000471,s_1255,octanoyl-CoA
BIOMD0000000471,s_1266,ornithine
BIOMD0000000471,s_1269,orotate
BIOMD0000000471,s_1270,orotidine 5'-(dihydrogen phosphate)
BIOMD0000000471,s_1271,oxaloacetate
BIOMD0000000471,s_1275,oxygen
BIOMD0000000471,s_1277,oxygen
BIOMD0000000471,s_1286,palmitate
BIOMD0000000471,s_1302,palmitoyl-CoA
BIOMD0000000471,s_1314,Phe-tRNA(Phe)
BIOMD0000000471,s_1322,phosphate
BIOMD0000000471,s_1324,phosphate
BIOMD0000000471,s_1331,phosphatidate
BIOMD0000000471,s_1337,phosphatidyl-L-serine
BIOMD0000000471,s_1342,"phosphatidyl-N,N-dimethylethanolamine"
BIOMD0000000471,s_1343,phosphatidyl-N-methylethanolamine
BIOMD0000000471,s_1346,phosphatidylcholine
BIOMD0000000471,s_1351,phosphatidylethanolamine
BIOMD0000000471,s_1360,phosphoenolpyruvate
BIOMD0000000471,s_1364,phosphoribosyl-carboxy-aminoimidazole
BIOMD0000000471,s_1365,phosphoribosyl-formamido-carboxamide
BIOMD0000000471,s_1366,phytosphingosine
BIOMD0000000471,s_1376,prenyl diphosphate
BIOMD0000000471,s_1377,prephenate
BIOMD0000000471,s_1379,Pro-tRNA(Pro)
BIOMD0000000471,s_1386,PRPP
BIOMD0000000471,s_1399,pyruvate
BIOMD0000000471,s_1405,riboflavin
BIOMD0000000471,s_1408,ribose-5-phosphate
BIOMD0000000471,s_1413,S-adenosyl-L-homocysteine
BIOMD0000000471,s_1416,S-adenosyl-L-methionine
BIOMD0000000471,s_1427,sedoheptulose 7-phosphate
BIOMD0000000471,s_1428,Ser-tRNA(Ser)
BIOMD0000000471,s_1429,shikimate
BIOMD0000000471,s_1445,sphinganine
BIOMD0000000471,s_1447,squalene
BIOMD0000000471,s_1449,stearate
BIOMD0000000471,s_1454,stearoyl-CoA
BIOMD0000000471,s_1467,sulphate
BIOMD0000000471,s_1468,sulphate
BIOMD0000000471,s_1469,sulphite
BIOMD0000000471,s_1487,THF
BIOMD0000000471,s_1491,Thr-tRNA(Thr)
BIOMD0000000471,s_1520,trehalose
BIOMD0000000471,s_1524,triglyceride
BIOMD0000000471,s_1527,Trp-tRNA(Trp)
BIOMD0000000471,s_1533,Tyr-tRNA(Tyr)
BIOMD0000000471,s_1535,ubiquinol-6
BIOMD0000000471,s_1537,ubiquinone-6
BIOMD0000000471,s_1538,UDP
BIOMD0000000471,s_1543,UDP-D-glucose
BIOMD0000000471,s_1545,UMP
BIOMD0000000471,s_1559,UTP
BIOMD0000000471,s_1561,Val-tRNA(Val)
BIOMD0000000471,s_1565,xanthosine-5-phosphate
BIOMD0000000471,s_1569,zymosterol
BIOMD0000000471,s_1576,zymosterol intermediate 1a
BIOMD0000000471,s_1577,zymosterol intermediate 1b
BIOMD0000000471,s_1578,zymosterol intermediate 1c
BIOMD0000000471,s_1579,zymosterol intermediate 2
BIOMD0000000471,s_1582,tRNA(Ala)
BIOMD0000000471,s_1583,tRNA(Arg)
BIOMD0000000471,s_1585,tRNA(Asn)
BIOMD0000000471,s_1587,tRNA(Asp)
BIOMD0000000471,s_1589,tRNA(Cys)
BIOMD0000000471,s_1590,tRNA(Gln)
BIOMD0000000471,s_1591,tRNA(Glu)
BIOMD0000000471,s_1593,tRNA(Gly)
BIOMD0000000471,s_1594,tRNA(His)
BIOMD0000000471,s_1596,tRNA(Ile)
BIOMD0000000471,s_1598,tRNA(Leu)
BIOMD0000000471,s_1600,tRNA(Lys)
BIOMD0000000471,s_1602,tRNA(Met)
BIOMD0000000471,s_1604,tRNA(Phe)
BIOMD0000000471,s_1606,tRNA(Pro)
BIOMD0000000471,s_1607,tRNA(Ser)
BIOMD0000000471,s_1608,tRNA(Thr)
BIOMD0000000471,s_1610,tRNA(Trp)
BIOMD0000000471,s_1612,tRNA(Tyr)
BIOMD0000000471,s_1614,tRNA(Val)
BIOMD0000000471,s_1616,TRX1
BIOMD0000000471,s_1620,TRX1 disulphide
BIOMD0000000472,e_0001,COX1
BIOMD0000000472,e_0004,COB
BIOMD0000000472,e_0006,COX2
BIOMD0000000472,e_0007,COX3
BIOMD0000000472,e_0008,CYS3
BIOMD0000000472,e_0010,PMT2
BIOMD0000000472,e_0011,CDC19
BIOMD0000000472,e_0012,GCV3
BIOMD0000000472,e_0016,GDH3
BIOMD0000000472,e_0017,ADE1
BIOMD0000000472,e_0020,SCT1
BIOMD0000000472,e_0022,ACH1
BIOMD0000000472,e_0025,RIB1
BIOMD0000000472,e_0026,URA7
BIOMD0000000472,e_0028,COR1
BIOMD0000000472,e_0029,PRX1
BIOMD0000000472,e_0030,PRS4
BIOMD0000000472,e_0031,ILS1
BIOMD0000000472,e_0038,IPP1
BIOMD0000000472,e_0045,CDS1
BIOMD0000000472,e_0054,TSC3
BIOMD0000000472,e_0057,MIS1
BIOMD0000000472,e_0062,LYS2
BIOMD0000000472,e_0063,TKL2
BIOMD0000000472,e_0064,GRS1
BIOMD0000000472,e_0065,TPS1
BIOMD0000000472,e_0071,RIB7
BIOMD0000000472,e_0074,TYR1
BIOMD0000000472,e_0077,YPC1
BIOMD0000000472,e_0079,PGI1
BIOMD0000000472,e_0084,PYC2
BIOMD0000000472,e_0085,PDB1
BIOMD0000000472,e_0086,GPX2
BIOMD0000000472,e_0087,HIS7
BIOMD0000000472,e_0088,ARO4
BIOMD0000000472,e_0089,DUT1
BIOMD0000000472,e_0090,RIB5
BIOMD0000000472,e_0091,SHM1
BIOMD0000000472,e_0092,TSC10
BIOMD0000000472,e_0100,ILV6
BIOMD0000000472,e_0101,LEU2
BIOMD0000000472,e_0103,HIS4
BIOMD0000000472,e_0104,GRX1
BIOMD0000000472,e_0106,GLK1
BIOMD0000000472,e_0107,APA1
BIOMD0000000472,e_0111,CIT2
BIOMD0000000472,e_0113,PGK1
BIOMD0000000472,e_0117,FEN1
BIOMD0000000472,e_0122,THR4
BIOMD0000000472,e_0124,TRX3
BIOMD0000000472,e_0128,TSC13
BIOMD0000000472,e_0129,GPD1
BIOMD0000000472,e_0133,SLC1
BIOMD0000000472,e_0134,PSA1
BIOMD0000000472,e_0135,IDP1
BIOMD0000000472,e_0136,COX9
BIOMD0000000472,e_0137,MDH3
BIOMD0000000472,e_0139,NDE2
BIOMD0000000472,e_0141,PMT5
BIOMD0000000472,e_0142,PMT1
BIOMD0000000472,e_0146,LYS21
BIOMD0000000472,e_0154,LYS20
BIOMD0000000472,e_0160,GDH2
BIOMD0000000472,e_0165,TRP1
BIOMD0000000472,e_0167,GCV1
BIOMD0000000472,e_0168,SES1
BIOMD0000000472,e_0169,ARO3
BIOMD0000000472,e_0171,KRS1
BIOMD0000000472,e_0175,TPI1
BIOMD0000000472,e_0176,TGL2
BIOMD0000000472,e_0177,LCB2
BIOMD0000000472,e_0179,TPS2
BIOMD0000000472,e_0181,GRX3
BIOMD0000000472,e_0182,ARO1
BIOMD0000000472,e_0186,HOM2
BIOMD0000000472,e_0194,ADK1
BIOMD0000000472,e_0196,LYS4
BIOMD0000000472,e_0203,DPP1
BIOMD0000000472,e_0204,INM2
BIOMD0000000472,e_0206,SUR2
BIOMD0000000472,e_0214,YDR341C
BIOMD0000000472,e_0218,TRR1
BIOMD0000000472,e_0219,TRP4
BIOMD0000000472,e_0220,KEI1
BIOMD0000000472,e_0231,ADE8
BIOMD0000000472,e_0233,TSA2
BIOMD0000000472,e_0234,GUK1
BIOMD0000000472,e_0237,RIB3
BIOMD0000000472,e_0239,SAM2
BIOMD0000000472,e_0242,GRX2
BIOMD0000000472,e_0243,QCR7
BIOMD0000000472,e_0249,URA3
BIOMD0000000472,e_0250,RIP1
BIOMD0000000472,e_0255,CYC7
BIOMD0000000472,e_0269,PMI40
BIOMD0000000472,e_0271,YND1
BIOMD0000000472,e_0273,FAA2
BIOMD0000000472,e_0276,PRO3
BIOMD0000000472,e_0278,CHO1
BIOMD0000000472,e_0280,SAH1
BIOMD0000000472,e_0281,HOM3
BIOMD0000000472,e_0283,HIS1
BIOMD0000000472,e_0290,"ARG5,6"
BIOMD0000000472,e_0291,RNR1
BIOMD0000000472,e_0294,SER3
BIOMD0000000472,e_0296,AIM10
BIOMD0000000472,e_0297,TRP2
BIOMD0000000472,e_0298,MET6
BIOMD0000000472,e_0299,PRS2
BIOMD0000000472,e_0303,ADK2
BIOMD0000000472,e_0304,GRX4
BIOMD0000000472,e_0306,PDA1
BIOMD0000000472,e_0311,LPD1
BIOMD0000000472,e_0312,FRS2
BIOMD0000000472,e_0314,SEC53
BIOMD0000000472,e_0317,GSY1
BIOMD0000000472,e_0320,HIS2
BIOMD0000000472,e_0321,MET10
BIOMD0000000472,e_0322,QCR6
BIOMD0000000472,e_0325,HXK1
BIOMD0000000472,e_0326,ERG26
BIOMD0000000472,e_0328,LEU1
BIOMD0000000472,e_0329,ERG4
BIOMD0000000472,e_0330,TRP5
BIOMD0000000472,e_0334,PYC1
BIOMD0000000472,e_0340,MET13
BIOMD0000000472,e_0342,ARO2
BIOMD0000000472,e_0343,LYS5
BIOMD0000000472,e_0346,COX4
BIOMD0000000472,e_0347,COX13
BIOMD0000000472,e_0348,ARO8
BIOMD0000000472,e_0352,"ADE5,7"
BIOMD0000000472,e_0353,GUS1
BIOMD0000000472,e_0355,HXK2
BIOMD0000000472,e_0364,GSC2
BIOMD0000000472,e_0365,ACB1
BIOMD0000000472,e_0367,ERG25
BIOMD0000000472,e_0368,ADE6
BIOMD0000000472,e_0372,VAS1
BIOMD0000000472,e_0376,ASN2
BIOMD0000000472,e_0379,SKN1
BIOMD0000000472,e_0380,CYS4
BIOMD0000000472,e_0381,CHO2
BIOMD0000000472,e_0382,PSD2
BIOMD0000000472,e_0385,ERG1
BIOMD0000000472,e_0387,RNR4
BIOMD0000000472,e_0389,QCR9
BIOMD0000000472,e_0390,TYS1
BIOMD0000000472,e_0392,TDH3
BIOMD0000000472,e_0393,PDX1
BIOMD0000000472,e_0396,ADE3
BIOMD0000000472,e_0397,SER2
BIOMD0000000472,e_0398,TRX2
BIOMD0000000472,e_0401,PFK1
BIOMD0000000472,e_0405,ENO1
BIOMD0000000472,e_0409,MES1
BIOMD0000000472,e_0418,PRS3
BIOMD0000000472,e_0422,QCR10
BIOMD0000000472,e_0424,ERG11
BIOMD0000000472,e_0425,DIA4
BIOMD0000000472,e_0426,ARG4
BIOMD0000000472,e_0427,DED81
BIOMD0000000472,e_0428,THR1
BIOMD0000000472,e_0431,PUT2
BIOMD0000000472,e_0434,NCP1
BIOMD0000000472,e_0435,INM1
BIOMD0000000472,e_0436,COX6
BIOMD0000000472,e_0440,ERG7
BIOMD0000000472,e_0448,TRR2
BIOMD0000000472,e_0452,DCD1
BIOMD0000000472,e_0454,ENO2
BIOMD0000000472,e_0456,ERG9
BIOMD0000000472,e_0457,BAT1
BIOMD0000000472,e_0458,IMD2
BIOMD0000000472,e_0462,FAA3
BIOMD0000000472,e_0463,DOT5
BIOMD0000000472,e_0465,HIS6
BIOMD0000000472,e_0467,RNR3
BIOMD0000000472,e_0469,SER33
BIOMD0000000472,e_0470,THS1
BIOMD0000000472,e_0472,LYS12
BIOMD0000000472,e_0475,COX5B
BIOMD0000000472,e_0476,HIS5
BIOMD0000000472,e_0489,LYS1
BIOMD0000000472,e_0490,HYR1
BIOMD0000000472,e_0492,RNR2
BIOMD0000000472,e_0495,TDH1
BIOMD0000000472,e_0496,BNA3
BIOMD0000000472,e_0499,ARG3
BIOMD0000000472,e_0506,RPE1
BIOMD0000000472,e_0508,URA2
BIOMD0000000472,e_0510,GLG2
BIOMD0000000472,e_0512,INO1
BIOMD0000000472,e_0514,QCR8
BIOMD0000000472,e_0515,ERG20
BIOMD0000000472,e_0525,TDH2
BIOMD0000000472,e_0528,ILV3
BIOMD0000000472,e_0531,CYC1
BIOMD0000000472,e_0536,OPI3
BIOMD0000000472,e_0540,URA8
BIOMD0000000472,e_0541,ADO1
BIOMD0000000472,e_0542,CPA2
BIOMD0000000472,e_0545,STR2
BIOMD0000000472,e_0547,MET5
BIOMD0000000472,e_0548,HOM6
BIOMD0000000472,e_0549,PMT4
BIOMD0000000472,e_0550,BAT2
BIOMD0000000472,e_0556,MET14
BIOMD0000000472,e_0557,AUR1
BIOMD0000000472,e_0561,URA6
BIOMD0000000472,e_0563,GPX1
BIOMD0000000472,e_0565,UGP1
BIOMD0000000472,e_0567,FBA1
BIOMD0000000472,e_0568,YNK1
BIOMD0000000472,e_0571,MDH1
BIOMD0000000472,e_0574,AAT1
BIOMD0000000472,e_0576,PGM1
BIOMD0000000472,e_0578,TGL1
BIOMD0000000472,e_0582,GPM1
BIOMD0000000472,e_0585,PRS1
BIOMD0000000472,e_0586,FAS1
BIOMD0000000472,e_0591,TRP3
BIOMD0000000472,e_0594,URA1
BIOMD0000000472,e_0603,GLG1
BIOMD0000000472,e_0607,GPT2
BIOMD0000000472,e_0610,MTD1
BIOMD0000000472,e_0611,TGL4
BIOMD0000000472,e_0613,YEH1
BIOMD0000000472,e_0615,DPS1
BIOMD0000000472,e_0629,AAT2
BIOMD0000000472,e_0631,ADE16
BIOMD0000000472,e_0632,COX12
BIOMD0000000472,e_0633,TRX1
BIOMD0000000472,e_0637,ERG3
BIOMD0000000472,e_0638,SHM2
BIOMD0000000472,e_0639,FRS1
BIOMD0000000472,e_0642,ALT1
BIOMD0000000472,e_0644,ERG27
BIOMD0000000472,e_0645,AHP1
BIOMD0000000472,e_0658,SAM1
BIOMD0000000472,e_0667,GSY2
BIOMD0000000472,e_0674,MET17
BIOMD0000000472,e_0675,ACO1
BIOMD0000000472,e_0682,FKS1
BIOMD0000000472,e_0684,TAL1
BIOMD0000000472,e_0685,ILV5
BIOMD0000000472,e_0686,ADE13
BIOMD0000000472,e_0687,SUR4
BIOMD0000000472,e_0690,COX8
BIOMD0000000472,e_0692,URA4
BIOMD0000000472,e_0693,IMD3
BIOMD0000000472,e_0697,HMG2
BIOMD0000000472,e_0699,ERG6
BIOMD0000000472,e_0705,IMD4
BIOMD0000000472,e_0708,HMG1
BIOMD0000000472,e_0711,TSL1
BIOMD0000000472,e_0712,URA5
BIOMD0000000472,e_0714,NDI1
BIOMD0000000472,e_0716,ERG13
BIOMD0000000472,e_0724,ERG5
BIOMD0000000472,e_0729,ARG7
BIOMD0000000472,e_0733,PGM2
BIOMD0000000472,e_0734,ILV2
BIOMD0000000472,e_0736,ADE17
BIOMD0000000472,e_0737,NDE1
BIOMD0000000472,e_0741,GCV2
BIOMD0000000472,e_0742,ERG2
BIOMD0000000472,e_0743,PFK2
BIOMD0000000472,e_0744,HFA1
BIOMD0000000472,e_0745,ERG12
BIOMD0000000472,e_0746,GUA1
BIOMD0000000472,e_0747,ERG8
BIOMD0000000472,e_0750,FAA4
BIOMD0000000472,e_0752,COX7
BIOMD0000000472,e_0753,TPS3
BIOMD0000000472,e_0754,PPA2
BIOMD0000000472,e_0755,URA10
BIOMD0000000472,e_0756,SCS7
BIOMD0000000472,e_0757,PGM3
BIOMD0000000472,e_0761,LCB1
BIOMD0000000472,e_0763,ADE4
BIOMD0000000472,e_0765,TGL3
BIOMD0000000472,e_0769,IDP3
BIOMD0000000472,e_0771,IDH1
BIOMD0000000472,e_0774,COX5A
BIOMD0000000472,e_0775,LAT1
BIOMD0000000472,e_0778,LEU4
BIOMD0000000472,e_0788,PSD1
BIOMD0000000472,e_0791,ADE12
BIOMD0000000472,e_0793,YNL247W
BIOMD0000000472,e_0799,MET2
BIOMD0000000472,e_0800,ERG24
BIOMD0000000472,e_0802,PHA2
BIOMD0000000472,e_0805,CIT1
BIOMD0000000472,e_0808,ACC1
BIOMD0000000472,e_0812,MVD1
BIOMD0000000472,e_0813,LYS9
BIOMD0000000472,e_0826,ARG1
BIOMD0000000472,e_0827,GPD2
BIOMD0000000472,e_0829,PRS5
BIOMD0000000472,e_0830,MET22
BIOMD0000000472,e_0832,RIB2
BIOMD0000000472,e_0836,WRS1
BIOMD0000000472,e_0838,MDH2
BIOMD0000000472,e_0840,ARG8
BIOMD0000000472,e_0841,RIB4
BIOMD0000000472,e_0848,CYT1
BIOMD0000000472,e_0850,CDC21
BIOMD0000000472,e_0851,TGL5
BIOMD0000000472,e_0852,RKI1
BIOMD0000000472,e_0855,LEU9
BIOMD0000000472,e_0860,ADE2
BIOMD0000000472,e_0862,IDH2
BIOMD0000000472,e_0867,GLN4
BIOMD0000000472,e_0869,ALE1
BIOMD0000000472,e_0872,SER1
BIOMD0000000472,e_0875,HIS3
BIOMD0000000472,e_0880,DFR1
BIOMD0000000472,e_0883,DGA1
BIOMD0000000472,e_0888,CPA1
BIOMD0000000472,e_0889,FAA1
BIOMD0000000472,e_0890,PMT3
BIOMD0000000472,e_0894,ALA1
BIOMD0000000472,e_0895,PYK2
BIOMD0000000472,e_0899,GDH1
BIOMD0000000472,e_0903,MET12
BIOMD0000000472,e_0904,ERG10
BIOMD0000000472,e_0910,GRX5
BIOMD0000000472,e_0914,YDC1
BIOMD0000000472,e_0915,GLR1
BIOMD0000000472,e_0922,IDI1
BIOMD0000000472,e_0926,CDC60
BIOMD0000000472,e_0934,FAS2
BIOMD0000000472,e_0940,FUM1
BIOMD0000000472,e_0947,CIT3
BIOMD0000000472,e_0953,HTS1
BIOMD0000000472,e_0955,GLN1
BIOMD0000000472,e_0959,ARO7
BIOMD0000000472,e_0962,TKL1
BIOMD0000000472,e_0963,GRS2
BIOMD0000000472,e_0964,PIS1
BIOMD0000000472,e_0970,ASN1
BIOMD0000000472,e_0973,KRE6
BIOMD0000000472,e_0975,MET16
BIOMD0000000472,e_0976,DPM1
BIOMD0000000472,e_0978,QCR2
BIOMD0000000472,e_0980,YER152C
BIOMD0000000472,s_0002,(1->3)-beta-D-glucan
BIOMD0000000472,s_0004,(1->6)-beta-D-glucan
BIOMD0000000472,s_0008,"(2R,3R)-2,3-dihydroxy-3-methylpentanoate"
BIOMD0000000472,s_0009,"(2R,3S)-3-isopropylmalate"
BIOMD0000000472,s_0010,(2S)-2-isopropyl-3-oxosuccinate
BIOMD0000000472,s_0015,(N(omega)-L-arginino)succinic acid
BIOMD0000000472,s_0016,"(R)-2,3-dihydroxy-3-methylbutanoate"
BIOMD0000000472,s_0018,(R)-5-diphosphomevalonic acid
BIOMD0000000472,s_0019,(R)-5-phosphomevalonic acid
BIOMD0000000472,s_0028,(R)-mevalonate
BIOMD0000000472,s_0037,"(S)-2,3-epoxysqualene"
BIOMD0000000472,s_0039,(S)-2-acetyl-2-hydroxybutanoate
BIOMD0000000472,s_0056,(S)-3-methyl-2-oxopentanoate
BIOMD0000000472,s_0061,(S)-dihydroorotate
BIOMD0000000472,s_0066,(S)-malate
BIOMD0000000472,s_0075,"1,3-bisphospho-D-glycerate"
BIOMD0000000472,s_0076,1-(2-carboxyphenylamino)-1-deoxy-D-ribulose 5-phosphate
BIOMD0000000472,s_0077,1-(5-phospho-D-ribosyl)-5-[(5-phospho-D-ribosylamino)methylideneamino]imidazole-4-carboxamide
BIOMD0000000472,s_0078,1-(5-phosphoribosyl)-5'-AMP
BIOMD0000000472,s_0082,1-acyl-sn-glycerol 3-phosphate
BIOMD0000000472,s_0086,1-C-(indol-3-yl)glycerol 3-phosphate
BIOMD0000000472,s_0089,1-phosphatidyl-1D-myo-inositol
BIOMD0000000472,s_0118,1-pyrroline-5-carboxylate
BIOMD0000000472,s_0120,10-formyl-THF
BIOMD0000000472,s_0122,14-demethyllanosterol
BIOMD0000000472,s_0126,1D-myo-inositol 1-phosphate
BIOMD0000000472,s_0141,"2,5-diamino-4-hydroxy-6-(5-phosphoribosylamino)pyrimidine"
BIOMD0000000472,s_0142,"2,5-diamino-6-(5-phosphono)ribitylamino-4(3H)-pyrimidinone"
BIOMD0000000472,s_0145,2-acetamido-5-oxopentanoate
BIOMD0000000472,s_0146,2-acetyllactic acid
BIOMD0000000472,s_0158,2-hydroxy-3-oxobutyl phosphate
BIOMD0000000472,s_0162,2-isopropylmalate
BIOMD0000000472,s_0165,2-isopropylmaleic acid
BIOMD0000000472,s_0176,2-oxoadipic acid
BIOMD0000000472,s_0178,2-oxobutanoate
BIOMD0000000472,s_0180,2-oxoglutarate
BIOMD0000000472,s_0188,2-phospho-D-glyceric acid
BIOMD0000000472,s_0190,farnesyl diphosphate
BIOMD0000000472,s_0201,3'-phospho-5'-adenylyl sulfate
BIOMD0000000472,s_0204,3-(4-hydroxyphenyl)pyruvate
BIOMD0000000472,s_0207,3-(imidazol-4-yl)-2-oxopropyl dihydrogen phosphate
BIOMD0000000472,s_0209,3-dehydro-4-methylzymosterol
BIOMD0000000472,s_0210,3-dehydroquinate
BIOMD0000000472,s_0211,3-dehydroshikimate
BIOMD0000000472,s_0218,3-hydroxy-3-methylglutaryl-CoA
BIOMD0000000472,s_0231,3-ketosphinganine
BIOMD0000000472,s_0232,3-methyl-2-oxobutanoate
BIOMD0000000472,s_0258,3-phospho-hydroxypyruvate
BIOMD0000000472,s_0259,3-phospho-serine
BIOMD0000000472,s_0260,3-phosphoglycerate
BIOMD0000000472,s_0261,3-phosphoshikimic acid
BIOMD0000000472,s_0262,"4,4-dimethyl-5alpha-cholesta-8,14,24-trien-3beta-ol"
BIOMD0000000472,s_0291,4-methyl-2-oxopentanoate
BIOMD0000000472,s_0295,4-phospho-L-aspartate
BIOMD0000000472,s_0296,4alpha-methylzymosterol
BIOMD0000000472,s_0297,4beta-methylzymosterol-4alpha-carboxylic acid
BIOMD0000000472,s_0298,5'-adenylyl sulfate
BIOMD0000000472,s_0299,5'-phosphoribosyl-4-(N-succinocarboxamide)-5-aminoimidazole
BIOMD0000000472,s_0300,5'-phosphoribosyl-5-aminoimidazole
BIOMD0000000472,s_0301,5'-phosphoribosyl-N-formylglycineamide
BIOMD0000000472,s_0302,5'-phosphoribosyl-N-formylglycineamidine
BIOMD0000000472,s_0304,"5,10-methenyl-THF"
BIOMD0000000472,s_0306,"5,10-methylenetetrahydrofolate"
BIOMD0000000472,s_0312,5-[(5-phospho-1-deoxy-D-ribulos-1-ylamino)methylideneamino]-1-(5-phospho-D-ribosyl)imidazole-4-carboxamide
BIOMD0000000472,s_0313,5-amino-6-(5-phosphoribitylamino)uracil
BIOMD0000000472,s_0314,5-amino-6-(D-ribitylamino)uracil
BIOMD0000000472,s_0322,5-methyltetrahydrofolate
BIOMD0000000472,s_0324,5-O-(1-carboxyvinyl)-3-phosphoshikimic acid
BIOMD0000000472,s_0325,5-phospho-ribosyl-glycineamide
BIOMD0000000472,s_0326,5-phosphoribosyl-ATP
BIOMD0000000472,s_0327,5-phosphoribosylamine
BIOMD0000000472,s_0328,"6,7-dimethyl-8-(1-D-ribityl)lumazine"
BIOMD0000000472,s_0349,7-phospho-2-dehydro-3-deoxy-D-arabino-heptonic acid
BIOMD0000000472,s_0362,acetate
BIOMD0000000472,s_0367,acetoacetyl-CoA
BIOMD0000000472,s_0373,acetyl-CoA
BIOMD0000000472,s_0380,acyl-CoA
BIOMD0000000472,s_0386,adenosine
BIOMD0000000472,s_0390,"adenosine 3',5'-bismonophosphate"
BIOMD0000000472,s_0393,adenylo-succinate
BIOMD0000000472,s_0394,ADP
BIOMD0000000472,s_0403,AICAR
BIOMD0000000472,s_0404,Ala-tRNA(Ala)
BIOMD0000000472,s_0409,"alpha,alpha-trehalose 6-phosphate"
BIOMD0000000472,s_0419,ammonium
BIOMD0000000472,s_0420,ammonium
BIOMD0000000472,s_0423,AMP
BIOMD0000000472,s_0427,anthranilate
BIOMD0000000472,s_0428,Arg-tRNA(Arg)
BIOMD0000000472,s_0430,Asn-tRNA(Asn)
BIOMD0000000472,s_0432,Asp-tRNA(Asp)
BIOMD0000000472,s_0434,ATP
BIOMD0000000472,s_0445,bicarbonate
BIOMD0000000472,s_0454,"but-1-ene-1,2,4-tricarboxylic acid"
BIOMD0000000472,s_0455,carbamoyl phosphate
BIOMD0000000472,s_0456,carbon dioxide
BIOMD0000000472,s_0458,carbon dioxide
BIOMD0000000472,s_0467,CDP
BIOMD0000000472,s_0471,CDP-diacylglycerol
BIOMD0000000472,s_0475,ceramide-1 (C24)
BIOMD0000000472,s_0481,ceramide-2 (C24)
BIOMD0000000472,s_0493,ceramide-3 (C24)
BIOMD0000000472,s_0499,ceramide-4 (C24)
BIOMD0000000472,s_0515,chorismate
BIOMD0000000472,s_0516,cis-aconitate
BIOMD0000000472,s_0522,citrate
BIOMD0000000472,s_0526,CMP
BIOMD0000000472,s_0529,coenzyme A
BIOMD0000000472,s_0539,CTP
BIOMD0000000472,s_0542,Cys-tRNA(Cys)
BIOMD0000000472,s_0550,D-erythro-1-(imidazol-4-yl)glycerol 3-phosphate
BIOMD0000000472,s_0551,D-erythrose 4-phosphate
BIOMD0000000472,s_0555,"D-fructose 1,6-bisphosphate"
BIOMD0000000472,s_0557,D-fructose 6-phosphate
BIOMD0000000472,s_0563,D-glucose
BIOMD0000000472,s_0565,D-glucose
BIOMD0000000472,s_0567,D-glucose 1-phosphate
BIOMD0000000472,s_0568,D-glucose 6-phosphate
BIOMD0000000472,s_0573,D-mannose 1-phosphate
BIOMD0000000472,s_0574,D-mannose 6-phosphate
BIOMD0000000472,s_0577,D-ribulose 5-phosphate
BIOMD0000000472,s_0581,D-xylulose 5-phosphate
BIOMD0000000472,s_0582,dADP
BIOMD0000000472,s_0584,dAMP
BIOMD0000000472,s_0586,dATP
BIOMD0000000472,s_0587,dCDP
BIOMD0000000472,s_0589,dCMP
BIOMD0000000472,s_0595,decanoate
BIOMD0000000472,s_0602,decanoyl-CoA
BIOMD0000000472,s_0613,dGDP
BIOMD0000000472,s_0615,dGMP
BIOMD0000000472,s_0619,diglyceride
BIOMD0000000472,s_0625,dihydrofolic acid
BIOMD0000000472,s_0629,dihydroxyacetone phosphate
BIOMD0000000472,s_0633,diphosphate
BIOMD0000000472,s_0644,dolichyl D-mannosyl phosphate
BIOMD0000000472,s_0645,dolichyl phosphate
BIOMD0000000472,s_0649,dTMP
BIOMD0000000472,s_0654,dUMP
BIOMD0000000472,s_0656,dUTP
BIOMD0000000472,s_0657,episterol
BIOMD0000000472,s_0662,"ergosta-5,7,22,24(28)-tetraen-3beta-ol"
BIOMD0000000472,s_0664,"ergosta-5,7,24(28)-trien-3beta-ol"
BIOMD0000000472,s_0666,ergosterol
BIOMD0000000472,s_0672,ergosterol ester
BIOMD0000000472,s_0700,fecosterol
BIOMD0000000472,s_0709,ferricytochrome c
BIOMD0000000472,s_0710,ferrocytochrome c
BIOMD0000000472,s_0722,formate
BIOMD0000000472,s_0723,formate
BIOMD0000000472,s_0725,fumarate
BIOMD0000000472,s_0739,GDP
BIOMD0000000472,s_0743,GDP-alpha-D-mannose
BIOMD0000000472,s_0745,geranyl diphosphate
BIOMD0000000472,s_0747,Gln-tRNA(Gln)
BIOMD0000000472,s_0748,Glu-tRNA(Glu)
BIOMD0000000472,s_0750,glutathione
BIOMD0000000472,s_0754,glutathione disulfide
BIOMD0000000472,s_0757,Gly-tRNA(Gly)
BIOMD0000000472,s_0764,glyceraldehyde 3-phosphate
BIOMD0000000472,s_0767,glycerol 3-phosphate
BIOMD0000000472,s_0773,glycogen
BIOMD0000000472,s_0782,GMP
BIOMD0000000472,s_0785,GTP
BIOMD0000000472,s_0832,His-tRNA(His)
BIOMD0000000472,s_0835,homocitrate
BIOMD0000000472,s_0836,homoisocitrate
BIOMD0000000472,s_0837,hydrogen peroxide
BIOMD0000000472,s_0841,hydrogen sulfide
BIOMD0000000472,s_0847,Ile-tRNA(Ile)
BIOMD0000000472,s_0849,IMP
BIOMD0000000472,s_0918,inositol-P-ceramide D (C24)
BIOMD0000000472,s_0940,isocitrate
BIOMD0000000472,s_0943,isopentenyl diphosphate
BIOMD0000000472,s_0951,keto-phenylpyruvate
BIOMD0000000472,s_0953,L-2-aminoadipate
BIOMD0000000472,s_0955,L-alanine
BIOMD0000000472,s_0959,L-allysine
BIOMD0000000472,s_0965,L-arginine
BIOMD0000000472,s_0969,L-asparagine
BIOMD0000000472,s_0973,L-aspartate
BIOMD0000000472,s_0978,L-aspartate 4-semialdehyde
BIOMD0000000472,s_0979,L-citrulline
BIOMD0000000472,s_0980,L-cystathionine
BIOMD0000000472,s_0981,L-cysteine
BIOMD0000000472,s_0991,L-glutamate
BIOMD0000000472,s_0999,L-glutamine
BIOMD0000000472,s_1003,L-glycine
BIOMD0000000472,s_1006,L-histidine
BIOMD0000000472,s_1010,L-histidinol
BIOMD0000000472,s_1011,L-histidinol phosphate
BIOMD0000000472,s_1012,L-homocysteine
BIOMD0000000472,s_1014,L-homoserine
BIOMD0000000472,s_1016,L-isoleucine
BIOMD0000000472,s_1021,L-leucine
BIOMD0000000472,s_1025,L-lysine
BIOMD0000000472,s_1029,L-methionine
BIOMD0000000472,s_1032,L-phenylalanine
BIOMD0000000472,s_1035,L-proline
BIOMD0000000472,s_1038,L-saccharopine
BIOMD0000000472,s_1039,L-serine
BIOMD0000000472,s_1045,L-threonine
BIOMD0000000472,s_1048,L-tryptophan
BIOMD0000000472,s_1051,L-tyrosine
BIOMD0000000472,s_1056,L-valine
BIOMD0000000472,s_1059,lanosterol
BIOMD0000000472,s_1065,laurate
BIOMD0000000472,s_1073,lauroyl-CoA
BIOMD0000000472,s_1077,Leu-tRNA(Leu)
BIOMD0000000472,s_1084,lignoceric acid
BIOMD0000000472,s_1099,Lys-tRNA(Lys)
BIOMD0000000472,s_1101,malonyl-CoA
BIOMD0000000472,s_1107,mannan
BIOMD0000000472,s_1148,Met-tRNA(Met)
BIOMD0000000472,s_1153,myo-inositol
BIOMD0000000472,s_1161,myristate
BIOMD0000000472,s_1176,myristoyl-CoA
BIOMD0000000472,s_1182,N(2)-acetyl-L-ornithine
BIOMD0000000472,s_1187,N-(5-phospho-beta-D-ribosyl)anthranilate
BIOMD0000000472,s_1191,N-acetyl-L-gamma-glutamyl phosphate
BIOMD0000000472,s_1192,N-acetyl-L-glutamate
BIOMD0000000472,s_1194,N-carbamoyl-L-aspartate
BIOMD0000000472,s_1198,NAD
BIOMD0000000472,s_1203,NADH
BIOMD0000000472,s_1207,NADP(+)
BIOMD0000000472,s_1212,NADPH
BIOMD0000000472,s_1233,O-acetyl-L-homoserine
BIOMD0000000472,s_1238,O-phospho-L-homoserine
BIOMD0000000472,s_1255,octanoyl-CoA
BIOMD0000000472,s_1266,ornithine
BIOMD0000000472,s_1269,orotate
BIOMD0000000472,s_1270,orotidine 5'-(dihydrogen phosphate)
BIOMD0000000472,s_1271,oxaloacetate
BIOMD0000000472,s_1275,oxygen
BIOMD0000000472,s_1277,oxygen
BIOMD0000000472,s_1286,palmitate
BIOMD0000000472,s_1302,palmitoyl-CoA
BIOMD0000000472,s_1314,Phe-tRNA(Phe)
BIOMD0000000472,s_1322,phosphate
BIOMD0000000472,s_1324,phosphate
BIOMD0000000472,s_1331,phosphatidate
BIOMD0000000472,s_1337,phosphatidyl-L-serine
BIOMD0000000472,s_1342,"phosphatidyl-N,N-dimethylethanolamine"
BIOMD0000000472,s_1343,phosphatidyl-N-methylethanolamine
BIOMD0000000472,s_1346,phosphatidylcholine
BIOMD0000000472,s_1351,phosphatidylethanolamine
BIOMD0000000472,s_1360,phosphoenolpyruvate
BIOMD0000000472,s_1364,phosphoribosyl-carboxy-aminoimidazole
BIOMD0000000472,s_1365,phosphoribosyl-formamido-carboxamide
BIOMD0000000472,s_1366,phytosphingosine
BIOMD0000000472,s_1376,prenyl diphosphate
BIOMD0000000472,s_1377,prephenate
BIOMD0000000472,s_1379,Pro-tRNA(Pro)
BIOMD0000000472,s_1386,PRPP
BIOMD0000000472,s_1399,pyruvate
BIOMD0000000472,s_1405,riboflavin
BIOMD0000000472,s_1408,ribose-5-phosphate
BIOMD0000000472,s_1413,S-adenosyl-L-homocysteine
BIOMD0000000472,s_1416,S-adenosyl-L-methionine
BIOMD0000000472,s_1427,sedoheptulose 7-phosphate
BIOMD0000000472,s_1428,Ser-tRNA(Ser)
BIOMD0000000472,s_1429,shikimate
BIOMD0000000472,s_1445,sphinganine
BIOMD0000000472,s_1447,squalene
BIOMD0000000472,s_1449,stearate
BIOMD0000000472,s_1454,stearoyl-CoA
BIOMD0000000472,s_1467,sulphate
BIOMD0000000472,s_1468,sulphate
BIOMD0000000472,s_1469,sulphite
BIOMD0000000472,s_1487,THF
BIOMD0000000472,s_1491,Thr-tRNA(Thr)
BIOMD0000000472,s_1520,trehalose
BIOMD0000000472,s_1524,triglyceride
BIOMD0000000472,s_1527,Trp-tRNA(Trp)
BIOMD0000000472,s_1533,Tyr-tRNA(Tyr)
BIOMD0000000472,s_1535,ubiquinol-6
BIOMD0000000472,s_1537,ubiquinone-6
BIOMD0000000472,s_1538,UDP
BIOMD0000000472,s_1543,UDP-D-glucose
BIOMD0000000472,s_1545,UMP
BIOMD0000000472,s_1559,UTP
BIOMD0000000472,s_1561,Val-tRNA(Val)
BIOMD0000000472,s_1565,xanthosine-5-phosphate
BIOMD0000000472,s_1569,zymosterol
BIOMD0000000472,s_1576,zymosterol intermediate 1a
BIOMD0000000472,s_1577,zymosterol intermediate 1b
BIOMD0000000472,s_1578,zymosterol intermediate 1c
BIOMD0000000472,s_1579,zymosterol intermediate 2
BIOMD0000000472,s_1582,tRNA(Ala)
BIOMD0000000472,s_1583,tRNA(Arg)
BIOMD0000000472,s_1585,tRNA(Asn)
BIOMD0000000472,s_1587,tRNA(Asp)
BIOMD0000000472,s_1589,tRNA(Cys)
BIOMD0000000472,s_1590,tRNA(Gln)
BIOMD0000000472,s_1591,tRNA(Glu)
BIOMD0000000472,s_1593,tRNA(Gly)
BIOMD0000000472,s_1594,tRNA(His)
BIOMD0000000472,s_1596,tRNA(Ile)
BIOMD0000000472,s_1598,tRNA(Leu)
BIOMD0000000472,s_1600,tRNA(Lys)
BIOMD0000000472,s_1602,tRNA(Met)
BIOMD0000000472,s_1604,tRNA(Phe)
BIOMD0000000472,s_1606,tRNA(Pro)
BIOMD0000000472,s_1607,tRNA(Ser)
BIOMD0000000472,s_1608,tRNA(Thr)
BIOMD0000000472,s_1610,tRNA(Trp)
BIOMD0000000472,s_1612,tRNA(Tyr)
BIOMD0000000472,s_1614,tRNA(Val)
BIOMD0000000472,s_1616,TRX1
BIOMD0000000472,s_1620,TRX1 disulphide
BIOMD0000000473,ADP,ADP
BIOMD0000000473,AMP,AMP
BIOMD0000000473,ATP,ATP
BIOMD0000000473,AcAld,acetaldehyde
BIOMD0000000473,BPG,"1,3-bisphospho-D-glycerate"
BIOMD0000000473,CO2,carbon dioxide
BIOMD0000000473,DHAP,dihydroxyacetone phosphate
BIOMD0000000473,EtOH,ethanol
BIOMD0000000473,F16bP,"D-fructose 1,6-bisphosphate"
BIOMD0000000473,F26bP,"beta-D-fructose 2,6-bisphosphate"
BIOMD0000000473,F6P,D-fructose 6-phosphate
BIOMD0000000473,G6P,D-glucose 6-phosphate
BIOMD0000000473,GAP,glyceraldehyde 3-phosphate
BIOMD0000000473,GLC,D-glucose
BIOMD0000000473,GLCx,D-glucose
BIOMD0000000473,GLY,glycerol
BIOMD0000000473,NAD,NAD
BIOMD0000000473,NADH,NADH
BIOMD0000000473,P2G,2-phospho-D-glyceric acid
BIOMD0000000473,P3G,3-phosphoglycerate
BIOMD0000000473,PEP,phosphoenolpyruvate
BIOMD0000000473,PHO,phosphate
BIOMD0000000473,PYR,pyruvate
BIOMD0000000473,e_0001,COX1
BIOMD0000000473,e_0002,ATP8
BIOMD0000000473,e_0003,ATP6
BIOMD0000000473,e_0004,COB
BIOMD0000000473,e_0005,OLI1
BIOMD0000000473,e_0006,COX2
BIOMD0000000473,e_0007,COX3
BIOMD0000000473,e_0008,CYS3
BIOMD0000000473,e_0010,PMT2
BIOMD0000000473,e_0011,CDC19
BIOMD0000000473,e_0012,GCV3
BIOMD0000000473,e_0017,ADE1
BIOMD0000000473,e_0020,SCT1
BIOMD0000000473,e_0022,ACH1
BIOMD0000000473,e_0025,RIB1
BIOMD0000000473,e_0026,URA7
BIOMD0000000473,e_0028,COR1
BIOMD0000000473,e_0030,PRS4
BIOMD0000000473,e_0031,ILS1
BIOMD0000000473,e_0033,ATP1
BIOMD0000000473,e_0038,IPP1
BIOMD0000000473,e_0045,CDS1
BIOMD0000000473,e_0051,ATP3
BIOMD0000000473,e_0053,FAT1
BIOMD0000000473,e_0054,TSC3
BIOMD0000000473,e_0057,MIS1
BIOMD0000000473,e_0062,LYS2
BIOMD0000000473,e_0063,TKL2
BIOMD0000000473,e_0064,GRS1
BIOMD0000000473,e_0065,TPS1
BIOMD0000000473,e_0066,VMA2
BIOMD0000000473,e_0069,ADH5
BIOMD0000000473,e_0071,RIB7
BIOMD0000000473,e_0074,TYR1
BIOMD0000000473,e_0079,PGI1
BIOMD0000000473,e_0084,PYC2
BIOMD0000000473,e_0087,HIS7
BIOMD0000000473,e_0088,ARO4
BIOMD0000000473,e_0089,DUT1
BIOMD0000000473,e_0090,RIB5
BIOMD0000000473,e_0091,SHM1
BIOMD0000000473,e_0092,TSC10
BIOMD0000000473,e_0100,ILV6
BIOMD0000000473,e_0101,LEU2
BIOMD0000000473,e_0103,HIS4
BIOMD0000000473,e_0106,GLK1
BIOMD0000000473,e_0107,APA1
BIOMD0000000473,e_0109,CHA1
BIOMD0000000473,e_0111,CIT2
BIOMD0000000473,e_0113,PGK1
BIOMD0000000473,e_0117,FEN1
BIOMD0000000473,e_0122,THR4
BIOMD0000000473,e_0124,TRX3
BIOMD0000000473,e_0127,ATP16
BIOMD0000000473,e_0128,TSC13
BIOMD0000000473,e_0129,GPD1
BIOMD0000000473,e_0133,SLC1
BIOMD0000000473,e_0134,PSA1
BIOMD0000000473,e_0135,IDP1
BIOMD0000000473,e_0136,COX9
BIOMD0000000473,e_0137,MDH3
BIOMD0000000473,e_0141,PMT5
BIOMD0000000473,e_0142,PMT1
BIOMD0000000473,e_0146,LYS21
BIOMD0000000473,e_0151,DLD1
BIOMD0000000473,e_0152,DLD2
BIOMD0000000473,e_0154,LYS20
BIOMD0000000473,e_0155,VMA1
BIOMD0000000473,e_0160,GDH2
BIOMD0000000473,e_0165,TRP1
BIOMD0000000473,e_0167,GCV1
BIOMD0000000473,e_0168,SES1
BIOMD0000000473,e_0169,ARO3
BIOMD0000000473,e_0171,KRS1
BIOMD0000000473,e_0175,TPI1
BIOMD0000000473,e_0176,TGL2
BIOMD0000000473,e_0177,LCB2
BIOMD0000000473,e_0179,TPS2
BIOMD0000000473,e_0182,ARO1
BIOMD0000000473,e_0183,YCF1
BIOMD0000000473,e_0186,HOM2
BIOMD0000000473,e_0188,SDH4
BIOMD0000000473,e_0194,ADK1
BIOMD0000000473,e_0196,LYS4
BIOMD0000000473,e_0202,GLO2
BIOMD0000000473,e_0203,DPP1
BIOMD0000000473,e_0204,INM2
BIOMD0000000473,e_0207,ATP5
BIOMD0000000473,e_0213,TIM11
BIOMD0000000473,e_0214,YDR341C
BIOMD0000000473,e_0218,TRR1
BIOMD0000000473,e_0219,TRP4
BIOMD0000000473,e_0220,KEI1
BIOMD0000000473,e_0223,ATP17
BIOMD0000000473,e_0231,ADE8
BIOMD0000000473,e_0234,GUK1
BIOMD0000000473,e_0237,RIB3
BIOMD0000000473,e_0239,SAM2
BIOMD0000000473,e_0243,QCR7
BIOMD0000000473,e_0249,URA3
BIOMD0000000473,e_0250,RIP1
BIOMD0000000473,e_0251,VMA3
BIOMD0000000473,e_0255,CYC7
BIOMD0000000473,e_0260,GLY1
BIOMD0000000473,e_0263,VMA8
BIOMD0000000473,e_0268,DLD3
BIOMD0000000473,e_0269,PMI40
BIOMD0000000473,e_0271,YND1
BIOMD0000000473,e_0273,FAA2
BIOMD0000000473,e_0276,PRO3
BIOMD0000000473,e_0278,CHO1
BIOMD0000000473,e_0280,SAH1
BIOMD0000000473,e_0281,HOM3
BIOMD0000000473,e_0283,HIS1
BIOMD0000000473,e_0288,HOR2
BIOMD0000000473,e_0289,ICL1
BIOMD0000000473,e_0290,"ARG5,6"
BIOMD0000000473,e_0291,RNR1
BIOMD0000000473,e_0293,ALD5
BIOMD0000000473,e_0295,ILV1
BIOMD0000000473,e_0296,AIM10
BIOMD0000000473,e_0297,TRP2
BIOMD0000000473,e_0298,MET6
BIOMD0000000473,e_0299,PRS2
BIOMD0000000473,e_0303,ADK2
BIOMD0000000473,e_0311,LPD1
BIOMD0000000473,e_0312,FRS2
BIOMD0000000473,e_0313,AGX1
BIOMD0000000473,e_0314,SEC53
BIOMD0000000473,e_0317,GSY1
BIOMD0000000473,e_0320,HIS2
BIOMD0000000473,e_0321,MET10
BIOMD0000000473,e_0322,QCR6
BIOMD0000000473,e_0325,HXK1
BIOMD0000000473,e_0326,ERG26
BIOMD0000000473,e_0328,LEU1
BIOMD0000000473,e_0329,ERG4
BIOMD0000000473,e_0330,TRP5
BIOMD0000000473,e_0334,PYC1
BIOMD0000000473,e_0340,MET13
BIOMD0000000473,e_0342,ARO2
BIOMD0000000473,e_0343,LYS5
BIOMD0000000473,e_0346,COX4
BIOMD0000000473,e_0347,COX13
BIOMD0000000473,e_0348,ARO8
BIOMD0000000473,e_0352,"ADE5,7"
BIOMD0000000473,e_0353,GUS1
BIOMD0000000473,e_0355,HXK2
BIOMD0000000473,e_0356,ADH4
BIOMD0000000473,e_0362,VMA7
BIOMD0000000473,e_0364,GSC2
BIOMD0000000473,e_0365,ACB1
BIOMD0000000473,e_0367,ERG25
BIOMD0000000473,e_0368,ADE6
BIOMD0000000473,e_0370,PDC6
BIOMD0000000473,e_0372,VAS1
BIOMD0000000473,e_0376,ASN2
BIOMD0000000473,e_0379,SKN1
BIOMD0000000473,e_0380,CYS4
BIOMD0000000473,e_0381,CHO2
BIOMD0000000473,e_0382,PSD2
BIOMD0000000473,e_0385,ERG1
BIOMD0000000473,e_0387,RNR4
BIOMD0000000473,e_0389,QCR9
BIOMD0000000473,e_0390,TYS1
BIOMD0000000473,e_0392,TDH3
BIOMD0000000473,e_0396,ADE3
BIOMD0000000473,e_0398,TRX2
BIOMD0000000473,e_0401,PFK1
BIOMD0000000473,e_0404,SOL4
BIOMD0000000473,e_0405,ENO1
BIOMD0000000473,e_0407,GND2
BIOMD0000000473,e_0409,MES1
BIOMD0000000473,e_0417,LAG1
BIOMD0000000473,e_0418,PRS3
BIOMD0000000473,e_0422,QCR10
BIOMD0000000473,e_0424,ERG11
BIOMD0000000473,e_0425,DIA4
BIOMD0000000473,e_0426,ARG4
BIOMD0000000473,e_0427,DED81
BIOMD0000000473,e_0428,THR1
BIOMD0000000473,e_0429,VMA16
BIOMD0000000473,e_0431,PUT2
BIOMD0000000473,e_0432,VMA10
BIOMD0000000473,e_0434,NCP1
BIOMD0000000473,e_0435,INM1
BIOMD0000000473,e_0436,COX6
BIOMD0000000473,e_0440,ERG7
BIOMD0000000473,e_0447,GRE3
BIOMD0000000473,e_0448,TRR2
BIOMD0000000473,e_0452,DCD1
BIOMD0000000473,e_0453,SOL3
BIOMD0000000473,e_0454,ENO2
BIOMD0000000473,e_0455,GND1
BIOMD0000000473,e_0456,ERG9
BIOMD0000000473,e_0457,BAT1
BIOMD0000000473,e_0458,IMD2
BIOMD0000000473,e_0462,FAA3
BIOMD0000000473,e_0465,HIS6
BIOMD0000000473,e_0466,RHR2
BIOMD0000000473,e_0467,RNR3
BIOMD0000000473,e_0470,THS1
BIOMD0000000473,e_0472,LYS12
BIOMD0000000473,e_0475,COX5B
BIOMD0000000473,e_0476,HIS5
BIOMD0000000473,e_0489,LYS1
BIOMD0000000473,e_0492,RNR2
BIOMD0000000473,e_0494,YJL045W
BIOMD0000000473,e_0495,TDH1
BIOMD0000000473,e_0496,BNA3
BIOMD0000000473,e_0499,ARG3
BIOMD0000000473,e_0506,RPE1
BIOMD0000000473,e_0508,URA2
BIOMD0000000473,e_0510,GLG2
BIOMD0000000473,e_0512,INO1
BIOMD0000000473,e_0514,QCR8
BIOMD0000000473,e_0515,ERG20
BIOMD0000000473,e_0525,TDH2
BIOMD0000000473,e_0528,ILV3
BIOMD0000000473,e_0531,CYC1
BIOMD0000000473,e_0536,OPI3
BIOMD0000000473,e_0540,URA8
BIOMD0000000473,e_0541,ADO1
BIOMD0000000473,e_0542,CPA2
BIOMD0000000473,e_0544,ATP2
BIOMD0000000473,e_0545,STR2
BIOMD0000000473,e_0547,MET5
BIOMD0000000473,e_0548,HOM6
BIOMD0000000473,e_0549,PMT4
BIOMD0000000473,e_0550,BAT2
BIOMD0000000473,e_0556,MET14
BIOMD0000000473,e_0557,AUR1
BIOMD0000000473,e_0558,LAC1
BIOMD0000000473,e_0559,ATP7
BIOMD0000000473,e_0561,URA6
BIOMD0000000473,e_0565,UGP1
BIOMD0000000473,e_0567,FBA1
BIOMD0000000473,e_0568,YNK1
BIOMD0000000473,e_0569,VMA5
BIOMD0000000473,e_0571,MDH1
BIOMD0000000473,e_0574,AAT1
BIOMD0000000473,e_0576,PGM1
BIOMD0000000473,e_0578,TGL1
BIOMD0000000473,e_0579,SDH3
BIOMD0000000473,e_0581,SDH1
BIOMD0000000473,e_0582,GPM1
BIOMD0000000473,e_0585,PRS1
BIOMD0000000473,e_0586,FAS1
BIOMD0000000473,e_0588,PXA2
BIOMD0000000473,e_0591,TRP3
BIOMD0000000473,e_0594,URA1
BIOMD0000000473,e_0601,SHB17
BIOMD0000000473,e_0603,GLG1
BIOMD0000000473,e_0607,GPT2
BIOMD0000000473,e_0610,MTD1
BIOMD0000000473,e_0611,TGL4
BIOMD0000000473,e_0612,PCK1
BIOMD0000000473,e_0613,YEH1
BIOMD0000000473,e_0615,DPS1
BIOMD0000000473,e_0619,SDH2
BIOMD0000000473,e_0621,YBT1
BIOMD0000000473,e_0629,AAT2
BIOMD0000000473,e_0631,ADE16
BIOMD0000000473,e_0632,COX12
BIOMD0000000473,e_0633,TRX1
BIOMD0000000473,e_0636,PDC1
BIOMD0000000473,e_0638,SHM2
BIOMD0000000473,e_0639,FRS1
BIOMD0000000473,e_0642,ALT1
BIOMD0000000473,e_0644,ERG27
BIOMD0000000473,e_0647,PDC5
BIOMD0000000473,e_0658,SAM1
BIOMD0000000473,e_0667,GSY2
BIOMD0000000473,e_0671,ATP14
BIOMD0000000473,e_0674,MET17
BIOMD0000000473,e_0675,ACO1
BIOMD0000000473,e_0682,FKS1
BIOMD0000000473,e_0684,TAL1
BIOMD0000000473,e_0685,ILV5
BIOMD0000000473,e_0686,ADE13
BIOMD0000000473,e_0687,SUR4
BIOMD0000000473,e_0690,COX8
BIOMD0000000473,e_0692,URA4
BIOMD0000000473,e_0693,IMD3
BIOMD0000000473,e_0695,VMA6
BIOMD0000000473,e_0697,HMG2
BIOMD0000000473,e_0698,GLO1
BIOMD0000000473,e_0699,ERG6
BIOMD0000000473,e_0704,CYB2
BIOMD0000000473,e_0705,IMD4
BIOMD0000000473,e_0708,HMG1
BIOMD0000000473,e_0709,ATP18
BIOMD0000000473,e_0711,TSL1
BIOMD0000000473,e_0712,URA5
BIOMD0000000473,e_0716,ERG13
BIOMD0000000473,e_0727,STV1
BIOMD0000000473,e_0729,ARG7
BIOMD0000000473,e_0730,ADH3
BIOMD0000000473,e_0733,PGM2
BIOMD0000000473,e_0734,ILV2
BIOMD0000000473,e_0736,ADE17
BIOMD0000000473,e_0740,ALD2
BIOMD0000000473,e_0741,GCV2
BIOMD0000000473,e_0742,ERG2
BIOMD0000000473,e_0743,PFK2
BIOMD0000000473,e_0744,HFA1
BIOMD0000000473,e_0745,ERG12
BIOMD0000000473,e_0746,GUA1
BIOMD0000000473,e_0747,ERG8
BIOMD0000000473,e_0750,FAA4
BIOMD0000000473,e_0752,COX7
BIOMD0000000473,e_0753,TPS3
BIOMD0000000473,e_0754,PPA2
BIOMD0000000473,e_0755,URA10
BIOMD0000000473,e_0757,PGM3
BIOMD0000000473,e_0761,LCB1
BIOMD0000000473,e_0762,LIP1
BIOMD0000000473,e_0763,ADE4
BIOMD0000000473,e_0765,TGL3
BIOMD0000000473,e_0769,IDP3
BIOMD0000000473,e_0771,IDH1
BIOMD0000000473,e_0774,COX5A
BIOMD0000000473,e_0778,LEU4
BIOMD0000000473,e_0788,PSD1
BIOMD0000000473,e_0791,ADE12
BIOMD0000000473,e_0792,ZWF1
BIOMD0000000473,e_0793,YNL247W
BIOMD0000000473,e_0799,MET2
BIOMD0000000473,e_0800,ERG24
BIOMD0000000473,e_0802,PHA2
BIOMD0000000473,e_0805,CIT1
BIOMD0000000473,e_0808,ACC1
BIOMD0000000473,e_0812,MVD1
BIOMD0000000473,e_0813,LYS9
BIOMD0000000473,e_0826,ARG1
BIOMD0000000473,e_0827,GPD2
BIOMD0000000473,e_0829,PRS5
BIOMD0000000473,e_0830,MET22
BIOMD0000000473,e_0832,RIB2
BIOMD0000000473,e_0834,ADH1
BIOMD0000000473,e_0836,WRS1
BIOMD0000000473,e_0838,MDH2
BIOMD0000000473,e_0840,ARG8
BIOMD0000000473,e_0841,RIB4
BIOMD0000000473,e_0842,GRE2
BIOMD0000000473,e_0846,GLO4
BIOMD0000000473,e_0848,CYT1
BIOMD0000000473,e_0850,CDC21
BIOMD0000000473,e_0851,TGL5
BIOMD0000000473,e_0852,RKI1
BIOMD0000000473,e_0855,LEU9
BIOMD0000000473,e_0860,ADE2
BIOMD0000000473,e_0862,IDH2
BIOMD0000000473,e_0867,GLN4
BIOMD0000000473,e_0869,ALE1
BIOMD0000000473,e_0875,HIS3
BIOMD0000000473,e_0880,DFR1
BIOMD0000000473,e_0883,DGA1
BIOMD0000000473,e_0884,VPH1
BIOMD0000000473,e_0888,CPA1
BIOMD0000000473,e_0889,FAA1
BIOMD0000000473,e_0890,PMT3
BIOMD0000000473,e_0892,VMA4
BIOMD0000000473,e_0894,ALA1
BIOMD0000000473,e_0895,PYK2
BIOMD0000000473,e_0898,ALD4
BIOMD0000000473,e_0903,MET12
BIOMD0000000473,e_0904,ERG10
BIOMD0000000473,e_0911,ALD6
BIOMD0000000473,e_0913,ATP4
BIOMD0000000473,e_0915,GLR1
BIOMD0000000473,e_0922,IDI1
BIOMD0000000473,e_0924,PXA1
BIOMD0000000473,e_0926,CDC60
BIOMD0000000473,e_0934,FAS2
BIOMD0000000473,e_0935,VMA11
BIOMD0000000473,e_0940,FUM1
BIOMD0000000473,e_0944,ATP15
BIOMD0000000473,e_0947,CIT3
BIOMD0000000473,e_0950,ATP20
BIOMD0000000473,e_0953,HTS1
BIOMD0000000473,e_0955,GLN1
BIOMD0000000473,e_0956,VMA13
BIOMD0000000473,e_0959,ARO7
BIOMD0000000473,e_0962,TKL1
BIOMD0000000473,e_0963,GRS2
BIOMD0000000473,e_0964,PIS1
BIOMD0000000473,e_0970,ASN1
BIOMD0000000473,e_0973,KRE6
BIOMD0000000473,e_0975,MET16
BIOMD0000000473,e_0976,DPM1
BIOMD0000000473,e_0978,QCR2
BIOMD0000000473,e_0980,YER152C
BIOMD0000000473,s_0002,(1->3)-beta-D-glucan
BIOMD0000000473,s_0004,(1->6)-beta-D-glucan
BIOMD0000000473,s_0008,"(2R,3R)-2,3-dihydroxy-3-methylpentanoate"
BIOMD0000000473,s_0009,"(2R,3S)-3-isopropylmalate"
BIOMD0000000473,s_0010,(2S)-2-isopropyl-3-oxosuccinate
BIOMD0000000473,s_0015,(N(omega)-L-arginino)succinic acid
BIOMD0000000473,s_0016,"(R)-2,3-dihydroxy-3-methylbutanoate"
BIOMD0000000473,s_0018,(R)-5-diphosphomevalonic acid
BIOMD0000000473,s_0019,(R)-5-phosphomevalonic acid
BIOMD0000000473,s_0025,(R)-lactate
BIOMD0000000473,s_0028,(R)-mevalonate
BIOMD0000000473,s_0033,(R)-S-lactoylglutathione
BIOMD0000000473,s_0037,"(S)-2,3-epoxysqualene"
BIOMD0000000473,s_0039,(S)-2-acetyl-2-hydroxybutanoate
BIOMD0000000473,s_0056,(S)-3-methyl-2-oxopentanoate
BIOMD0000000473,s_0061,(S)-dihydroorotate
BIOMD0000000473,s_0062,(S)-lactaldehyde
BIOMD0000000473,s_0063,(S)-lactate
BIOMD0000000473,s_0066,(S)-malate
BIOMD0000000473,s_0076,1-(2-carboxyphenylamino)-1-deoxy-D-ribulose 5-phosphate
BIOMD0000000473,s_0077,1-(5-phospho-D-ribosyl)-5-[(5-phospho-D-ribosylamino)methylideneamino]imidazole-4-carboxamide
BIOMD0000000473,s_0078,1-(5-phosphoribosyl)-5'-AMP
BIOMD0000000473,s_0082,1-acyl-sn-glycerol 3-phosphate
BIOMD0000000473,s_0086,1-C-(indol-3-yl)glycerol 3-phosphate
BIOMD0000000473,s_0089,1-phosphatidyl-1D-myo-inositol
BIOMD0000000473,s_0118,1-pyrroline-5-carboxylate
BIOMD0000000473,s_0120,10-formyl-THF
BIOMD0000000473,s_0122,14-demethyllanosterol
BIOMD0000000473,s_0126,1D-myo-inositol 1-phosphate
BIOMD0000000473,s_0141,"2,5-diamino-4-hydroxy-6-(5-phosphoribosylamino)pyrimidine"
BIOMD0000000473,s_0142,"2,5-diamino-6-(5-phosphono)ribitylamino-4(3H)-pyrimidinone"
BIOMD0000000473,s_0145,2-acetamido-5-oxopentanoate
BIOMD0000000473,s_0146,2-acetyllactic acid
BIOMD0000000473,s_0158,2-hydroxy-3-oxobutyl phosphate
BIOMD0000000473,s_0162,2-isopropylmalate
BIOMD0000000473,s_0165,2-isopropylmaleic acid
BIOMD0000000473,s_0176,2-oxoadipic acid
BIOMD0000000473,s_0178,2-oxobutanoate
BIOMD0000000473,s_0180,2-oxoglutarate
BIOMD0000000473,s_0190,farnesyl diphosphate
BIOMD0000000473,s_0201,3'-phospho-5'-adenylyl sulfate
BIOMD0000000473,s_0204,3-(4-hydroxyphenyl)pyruvate
BIOMD0000000473,s_0207,3-(imidazol-4-yl)-2-oxopropyl dihydrogen phosphate
BIOMD0000000473,s_0209,3-dehydro-4-methylzymosterol
BIOMD0000000473,s_0210,3-dehydroquinate
BIOMD0000000473,s_0211,3-dehydroshikimate
BIOMD0000000473,s_0218,3-hydroxy-3-methylglutaryl-CoA
BIOMD0000000473,s_0231,3-ketosphinganine
BIOMD0000000473,s_0232,3-methyl-2-oxobutanoate
BIOMD0000000473,s_0261,3-phosphoshikimic acid
BIOMD0000000473,s_0262,"4,4-dimethyl-5alpha-cholesta-8,14,24-trien-3beta-ol"
BIOMD0000000473,s_0291,4-methyl-2-oxopentanoate
BIOMD0000000473,s_0295,4-phospho-L-aspartate
BIOMD0000000473,s_0296,4alpha-methylzymosterol
BIOMD0000000473,s_0297,4beta-methylzymosterol-4alpha-carboxylic acid
BIOMD0000000473,s_0298,5'-adenylyl sulfate
BIOMD0000000473,s_0299,5'-phosphoribosyl-4-(N-succinocarboxamide)-5-aminoimidazole
BIOMD0000000473,s_0300,5'-phosphoribosyl-5-aminoimidazole
BIOMD0000000473,s_0301,5'-phosphoribosyl-N-formylglycineamide
BIOMD0000000473,s_0302,5'-phosphoribosyl-N-formylglycineamidine
BIOMD0000000473,s_0304,"5,10-methenyl-THF"
BIOMD0000000473,s_0306,"5,10-methylenetetrahydrofolate"
BIOMD0000000473,s_0312,5-[(5-phospho-1-deoxy-D-ribulos-1-ylamino)methylideneamino]-1-(5-phospho-D-ribosyl)imidazole-4-carboxamide
BIOMD0000000473,s_0313,5-amino-6-(5-phosphoribitylamino)uracil
BIOMD0000000473,s_0314,5-amino-6-(D-ribitylamino)uracil
BIOMD0000000473,s_0322,5-methyltetrahydrofolate
BIOMD0000000473,s_0324,5-O-(1-carboxyvinyl)-3-phosphoshikimic acid
BIOMD0000000473,s_0325,5-phospho-ribosyl-glycineamide
BIOMD0000000473,s_0326,5-phosphoribosyl-ATP
BIOMD0000000473,s_0327,5-phosphoribosylamine
BIOMD0000000473,s_0328,"6,7-dimethyl-8-(1-D-ribityl)lumazine"
BIOMD0000000473,s_0335,"6-O-phosphono-D-glucono-1,5-lactone"
BIOMD0000000473,s_0340,6-phospho-D-gluconate
BIOMD0000000473,s_0349,7-phospho-2-dehydro-3-deoxy-D-arabino-heptonic acid
BIOMD0000000473,s_0360,acetaldehyde
BIOMD0000000473,s_0362,acetate
BIOMD0000000473,s_0367,acetoacetyl-CoA
BIOMD0000000473,s_0373,acetyl-CoA
BIOMD0000000473,s_0380,acyl-CoA
BIOMD0000000473,s_0386,adenosine
BIOMD0000000473,s_0390,"adenosine 3',5'-bismonophosphate"
BIOMD0000000473,s_0393,adenylo-succinate
BIOMD0000000473,s_0403,AICAR
BIOMD0000000473,s_0404,Ala-tRNA(Ala)
BIOMD0000000473,s_0409,"alpha,alpha-trehalose 6-phosphate"
BIOMD0000000473,s_0419,ammonium
BIOMD0000000473,s_0420,ammonium
BIOMD0000000473,s_0427,anthranilate
BIOMD0000000473,s_0428,Arg-tRNA(Arg)
BIOMD0000000473,s_0430,Asn-tRNA(Asn)
BIOMD0000000473,s_0432,Asp-tRNA(Asp)
BIOMD0000000473,s_0445,bicarbonate
BIOMD0000000473,s_0454,"but-1-ene-1,2,4-tricarboxylic acid"
BIOMD0000000473,s_0455,carbamoyl phosphate
BIOMD0000000473,s_0458,carbon dioxide
BIOMD0000000473,s_0467,CDP
BIOMD0000000473,s_0471,CDP-diacylglycerol
BIOMD0000000473,s_0478,ceramide-1 (C26)
BIOMD0000000473,s_0505,cerotate
BIOMD0000000473,s_0515,chorismate
BIOMD0000000473,s_0516,cis-aconitate
BIOMD0000000473,s_0522,citrate
BIOMD0000000473,s_0526,CMP
BIOMD0000000473,s_0529,coenzyme A
BIOMD0000000473,s_0539,CTP
BIOMD0000000473,s_0542,Cys-tRNA(Cys)
BIOMD0000000473,s_0550,D-erythro-1-(imidazol-4-yl)glycerol 3-phosphate
BIOMD0000000473,s_0551,D-erythrose 4-phosphate
BIOMD0000000473,s_0567,D-glucose 1-phosphate
BIOMD0000000473,s_0573,D-mannose 1-phosphate
BIOMD0000000473,s_0574,D-mannose 6-phosphate
BIOMD0000000473,s_0577,D-ribulose 5-phosphate
BIOMD0000000473,s_0581,D-xylulose 5-phosphate
BIOMD0000000473,s_0582,dADP
BIOMD0000000473,s_0584,dAMP
BIOMD0000000473,s_0586,dATP
BIOMD0000000473,s_0587,dCDP
BIOMD0000000473,s_0589,dCMP
BIOMD0000000473,s_0595,decanoate
BIOMD0000000473,s_0602,decanoyl-CoA
BIOMD0000000473,s_0613,dGDP
BIOMD0000000473,s_0615,dGMP
BIOMD0000000473,s_0619,diglyceride
BIOMD0000000473,s_0625,dihydrofolic acid
BIOMD0000000473,s_0633,diphosphate
BIOMD0000000473,s_0644,dolichyl D-mannosyl phosphate
BIOMD0000000473,s_0645,dolichyl phosphate
BIOMD0000000473,s_0649,dTMP
BIOMD0000000473,s_0654,dUMP
BIOMD0000000473,s_0656,dUTP
BIOMD0000000473,s_0657,episterol
BIOMD0000000473,s_0662,"ergosta-5,7,22,24(28)-tetraen-3beta-ol"
BIOMD0000000473,s_0666,ergosterol
BIOMD0000000473,s_0672,ergosterol ester
BIOMD0000000473,s_0681,ethanol
BIOMD0000000473,s_0700,fecosterol
BIOMD0000000473,s_0709,ferricytochrome c
BIOMD0000000473,s_0710,ferrocytochrome c
BIOMD0000000473,s_0722,formate
BIOMD0000000473,s_0725,fumarate
BIOMD0000000473,s_0739,GDP
BIOMD0000000473,s_0743,GDP-alpha-D-mannose
BIOMD0000000473,s_0745,geranyl diphosphate
BIOMD0000000473,s_0747,Gln-tRNA(Gln)
BIOMD0000000473,s_0748,Glu-tRNA(Glu)
BIOMD0000000473,s_0750,glutathione
BIOMD0000000473,s_0757,Gly-tRNA(Gly)
BIOMD0000000473,s_0766,glycerol
BIOMD0000000473,s_0767,glycerol 3-phosphate
BIOMD0000000473,s_0773,glycogen
BIOMD0000000473,s_0779,glyoxylate
BIOMD0000000473,s_0782,GMP
BIOMD0000000473,s_0785,GTP
BIOMD0000000473,s_0816,hexacosanoyl-CoA
BIOMD0000000473,s_0832,His-tRNA(His)
BIOMD0000000473,s_0835,homocitrate
BIOMD0000000473,s_0836,homoisocitrate
BIOMD0000000473,s_0841,hydrogen sulfide
BIOMD0000000473,s_0847,Ile-tRNA(Ile)
BIOMD0000000473,s_0849,IMP
BIOMD0000000473,s_0897,inositol-P-ceramide A (C26)
BIOMD0000000473,s_0940,isocitrate
BIOMD0000000473,s_0943,isopentenyl diphosphate
BIOMD0000000473,s_0951,keto-phenylpyruvate
BIOMD0000000473,s_0953,L-2-aminoadipate
BIOMD0000000473,s_0955,L-alanine
BIOMD0000000473,s_0959,L-allysine
BIOMD0000000473,s_0965,L-arginine
BIOMD0000000473,s_0969,L-asparagine
BIOMD0000000473,s_0973,L-aspartate
BIOMD0000000473,s_0978,L-aspartate 4-semialdehyde
BIOMD0000000473,s_0979,L-citrulline
BIOMD0000000473,s_0980,L-cystathionine
BIOMD0000000473,s_0981,L-cysteine
BIOMD0000000473,s_0991,L-glutamate
BIOMD0000000473,s_0999,L-glutamine
BIOMD0000000473,s_1003,L-glycine
BIOMD0000000473,s_1006,L-histidine
BIOMD0000000473,s_1010,L-histidinol
BIOMD0000000473,s_1011,L-histidinol phosphate
BIOMD0000000473,s_1012,L-homocysteine
BIOMD0000000473,s_1014,L-homoserine
BIOMD0000000473,s_1016,L-isoleucine
BIOMD0000000473,s_1021,L-leucine
BIOMD0000000473,s_1025,L-lysine
BIOMD0000000473,s_1029,L-methionine
BIOMD0000000473,s_1032,L-phenylalanine
BIOMD0000000473,s_1035,L-proline
BIOMD0000000473,s_1038,L-saccharopine
BIOMD0000000473,s_1039,L-serine
BIOMD0000000473,s_1045,L-threonine
BIOMD0000000473,s_1048,L-tryptophan
BIOMD0000000473,s_1051,L-tyrosine
BIOMD0000000473,s_1056,L-valine
BIOMD0000000473,s_1059,lanosterol
BIOMD0000000473,s_1065,laurate
BIOMD0000000473,s_1073,lauroyl-CoA
BIOMD0000000473,s_1077,Leu-tRNA(Leu)
BIOMD0000000473,s_1084,lignoceric acid
BIOMD0000000473,s_1099,Lys-tRNA(Lys)
BIOMD0000000473,s_1101,malonyl-CoA
BIOMD0000000473,s_1107,mannan
BIOMD0000000473,s_1148,Met-tRNA(Met)
BIOMD0000000473,s_1151,methylglyoxal
BIOMD0000000473,s_1153,myo-inositol
BIOMD0000000473,s_1161,myristate
BIOMD0000000473,s_1176,myristoyl-CoA
BIOMD0000000473,s_1182,N(2)-acetyl-L-ornithine
BIOMD0000000473,s_1187,N-(5-phospho-beta-D-ribosyl)anthranilate
BIOMD0000000473,s_1191,N-acetyl-L-gamma-glutamyl phosphate
BIOMD0000000473,s_1192,N-acetyl-L-glutamate
BIOMD0000000473,s_1194,N-carbamoyl-L-aspartate
BIOMD0000000473,s_1207,NADP(+)
BIOMD0000000473,s_1212,NADPH
BIOMD0000000473,s_1233,O-acetyl-L-homoserine
BIOMD0000000473,s_1238,O-phospho-L-homoserine
BIOMD0000000473,s_1255,octanoyl-CoA
BIOMD0000000473,s_1266,ornithine
BIOMD0000000473,s_1269,orotate
BIOMD0000000473,s_1270,orotidine 5'-(dihydrogen phosphate)
BIOMD0000000473,s_1271,oxaloacetate
BIOMD0000000473,s_1275,oxygen
BIOMD0000000473,s_1277,oxygen
BIOMD0000000473,s_1286,palmitate
BIOMD0000000473,s_1302,palmitoyl-CoA
BIOMD0000000473,s_1314,Phe-tRNA(Phe)
BIOMD0000000473,s_1324,phosphate
BIOMD0000000473,s_1331,phosphatidate
BIOMD0000000473,s_1337,phosphatidyl-L-serine
BIOMD0000000473,s_1342,"phosphatidyl-N,N-dimethylethanolamine"
BIOMD0000000473,s_1343,phosphatidyl-N-methylethanolamine
BIOMD0000000473,s_1346,phosphatidylcholine
BIOMD0000000473,s_1351,phosphatidylethanolamine
BIOMD0000000473,s_1364,phosphoribosyl-carboxy-aminoimidazole
BIOMD0000000473,s_1365,phosphoribosyl-formamido-carboxamide
BIOMD0000000473,s_1376,prenyl diphosphate
BIOMD0000000473,s_1377,prephenate
BIOMD0000000473,s_1379,Pro-tRNA(Pro)
BIOMD0000000473,s_1386,PRPP
BIOMD0000000473,s_1405,riboflavin
BIOMD0000000473,s_1408,ribose-5-phosphate
BIOMD0000000473,s_1413,S-adenosyl-L-homocysteine
BIOMD0000000473,s_1416,S-adenosyl-L-methionine
BIOMD0000000473,s_1426,"sedoheptulose 1,7-bisphosphate"
BIOMD0000000473,s_1427,sedoheptulose 7-phosphate
BIOMD0000000473,s_1428,Ser-tRNA(Ser)
BIOMD0000000473,s_1429,shikimate
BIOMD0000000473,s_1445,sphinganine
BIOMD0000000473,s_1447,squalene
BIOMD0000000473,s_1449,stearate
BIOMD0000000473,s_1454,stearoyl-CoA
BIOMD0000000473,s_1458,succinate
BIOMD0000000473,s_1459,succinate
BIOMD0000000473,s_1467,sulphate
BIOMD0000000473,s_1468,sulphate
BIOMD0000000473,s_1469,sulphite
BIOMD0000000473,s_1487,THF
BIOMD0000000473,s_1491,Thr-tRNA(Thr)
BIOMD0000000473,s_1520,trehalose
BIOMD0000000473,s_1524,triglyceride
BIOMD0000000473,s_1527,Trp-tRNA(Trp)
BIOMD0000000473,s_1533,Tyr-tRNA(Tyr)
BIOMD0000000473,s_1535,ubiquinol-6
BIOMD0000000473,s_1537,ubiquinone-6
BIOMD0000000473,s_1538,UDP
BIOMD0000000473,s_1543,UDP-D-glucose
BIOMD0000000473,s_1545,UMP
BIOMD0000000473,s_1559,UTP
BIOMD0000000473,s_1561,Val-tRNA(Val)
BIOMD0000000473,s_1565,xanthosine-5-phosphate
BIOMD0000000473,s_1569,zymosterol
BIOMD0000000473,s_1576,zymosterol intermediate 1a
BIOMD0000000473,s_1577,zymosterol intermediate 1b
BIOMD0000000473,s_1578,zymosterol intermediate 1c
BIOMD0000000473,s_1579,zymosterol intermediate 2
BIOMD0000000473,s_1582,tRNA(Ala)
BIOMD0000000473,s_1583,tRNA(Arg)
BIOMD0000000473,s_1585,tRNA(Asn)
BIOMD0000000473,s_1587,tRNA(Asp)
BIOMD0000000473,s_1589,tRNA(Cys)
BIOMD0000000473,s_1590,tRNA(Gln)
BIOMD0000000473,s_1591,tRNA(Glu)
BIOMD0000000473,s_1593,tRNA(Gly)
BIOMD0000000473,s_1594,tRNA(His)
BIOMD0000000473,s_1596,tRNA(Ile)
BIOMD0000000473,s_1598,tRNA(Leu)
BIOMD0000000473,s_1600,tRNA(Lys)
BIOMD0000000473,s_1602,tRNA(Met)
BIOMD0000000473,s_1604,tRNA(Phe)
BIOMD0000000473,s_1606,tRNA(Pro)
BIOMD0000000473,s_1607,tRNA(Ser)
BIOMD0000000473,s_1608,tRNA(Thr)
BIOMD0000000473,s_1610,tRNA(Trp)
BIOMD0000000473,s_1612,tRNA(Tyr)
BIOMD0000000473,s_1614,tRNA(Val)
BIOMD0000000473,s_1616,TRX1
BIOMD0000000473,s_1620,TRX1 disulphide
BIOMD0000000503,ACE,ACE
BIOMD0000000503,ADH1,ADH1
BIOMD0000000503,ADP,ADP
BIOMD0000000503,AMP,AMP
BIOMD0000000503,ATP,ATP
BIOMD0000000503,AcAld,AcAld
BIOMD0000000503,BPG,BPG
BIOMD0000000503,CDC19,CDC19
BIOMD0000000503,DHAP,DHAP
BIOMD0000000503,E4P,E4P
BIOMD0000000503,ENO1,ENO1
BIOMD0000000503,ENO2,ENO2
BIOMD0000000503,EtOH,EtOH
BIOMD0000000503,F16bP,F16bP
BIOMD0000000503,F26bP,F26bP
BIOMD0000000503,F6P,F6P
BIOMD0000000503,FBA1,FBA1
BIOMD0000000503,G1P,G1P
BIOMD0000000503,G3P,G3P
BIOMD0000000503,G6L,G6L
BIOMD0000000503,G6P,G6P
BIOMD0000000503,GAP,GAP
BIOMD0000000503,GLC,GLC
BIOMD0000000503,GLCx,GLCx
BIOMD0000000503,GLK1,GLK1
BIOMD0000000503,GLY,GLY
BIOMD0000000503,GND1,GND1
BIOMD0000000503,GND2,GND2
BIOMD0000000503,GPD1,GPD1
BIOMD0000000503,GPD2,GPD2
BIOMD0000000503,GPM1,GPM1
BIOMD0000000503,HOR2,HOR2
BIOMD0000000503,HXK1,HXK1
BIOMD0000000503,HXK2,HXK2
BIOMD0000000503,NAD,NAD
BIOMD0000000503,NADH,NADH
BIOMD0000000503,NADP,NADP
BIOMD0000000503,NADPH,NADPH
BIOMD0000000503,NQM1,NQM1
BIOMD0000000503,P2G,P2G
BIOMD0000000503,P3G,P3G
BIOMD0000000503,P6G,P6G
BIOMD0000000503,PDC1,PDC1
BIOMD0000000503,PDC5,PDC5
BIOMD0000000503,PDC6,PDC6
BIOMD0000000503,PEP,PEP
BIOMD0000000503,PFK1,PFK1
BIOMD0000000503,PFK2,PFK2
BIOMD0000000503,PGI1,PGI1
BIOMD0000000503,PGK1,PGK1
BIOMD0000000503,PGM1,PGM1
BIOMD0000000503,PGM2,PGM2
BIOMD0000000503,PYR,PYR
BIOMD0000000503,R5P,R5P
BIOMD0000000503,RHR2,RHR2
BIOMD0000000503,RKI1,RKI1
BIOMD0000000503,RPE1,RPE1
BIOMD0000000503,Ru5P,Ru5P
BIOMD0000000503,S7P,S7P
BIOMD0000000503,SOL3,SOL3
BIOMD0000000503,SUC,SUC
BIOMD0000000503,T6P,T6P
BIOMD0000000503,TAL1,TAL1
BIOMD0000000503,TDH1,TDH1
BIOMD0000000503,TDH3,TDH3
BIOMD0000000503,TKL1,TKL1
BIOMD0000000503,TPI1,TPI1
BIOMD0000000503,TPS1,TPS1
BIOMD0000000503,TPS2,TPS2
BIOMD0000000503,TRH,TRH
BIOMD0000000503,UDG,UDG
BIOMD0000000503,UDP,UDP
BIOMD0000000503,UGP1,UGP1
BIOMD0000000503,UTP,UTP
BIOMD0000000503,X5P,X5P
BIOMD0000000503,ZWF1,ZWF1
BIOMD0000000579,s10,PEP
BIOMD0000000579,s100,C14 Ketoacyl-CoA
BIOMD0000000579,s101,C12Acyl-CoA
BIOMD0000000579,s102,C10Acyl-CoA
BIOMD0000000579,s103,C12 Ketoacyl-CoA
BIOMD0000000579,s104,C12 L-3-hydroxyacyl-CoA
BIOMD0000000579,s105,C12 2-trans-enoyl-CoA
BIOMD0000000579,s106,C10 2-trans-enoyl-CoA
BIOMD0000000579,s107,C10 L-3-hydroxyacyl-CoA
BIOMD0000000579,s108,C10 Ketoacyl-CoA
BIOMD0000000579,s109,C8Acyl-CoA
BIOMD0000000579,s11,Pyruvate
BIOMD0000000579,s110,C6Acyl-CoA
BIOMD0000000579,s111,C8 Ketoacyl-CoA
BIOMD0000000579,s112,C8 L-3-hydroxyacyl-CoA
BIOMD0000000579,s113,C8 2-trans-enoyl-CoA
BIOMD0000000579,s114,C6 2-trans-enoyl-CoA
BIOMD0000000579,s115,C6 L-3-hydroxyacyl-CoA
BIOMD0000000579,s116,C6 Ketoacyl-CoA
BIOMD0000000579,s117,C4Acyl-CoA
BIOMD0000000579,s119,C4 Ketoacyl-CoA
BIOMD0000000579,s12,Amino acids
BIOMD0000000579,s120,C4 L-3-hydroxyacyl-CoA
BIOMD0000000579,s121,C4 2-trans-enoyl-CoA
BIOMD0000000579,s122,CAC
BIOMD0000000579,s123,Creatine
BIOMD0000000579,s124,Creatine phosphate
BIOMD0000000579,s125,C22 AcylCoA_cyt
BIOMD0000000579,s126,Carnitine_cyt
BIOMD0000000579,s127,C22car_ims
BIOMD0000000579,s128,C20 AcylCoA_cyt
BIOMD0000000579,s129,C20car_ims
BIOMD0000000579,s13,UDP glucose4epimerase
BIOMD0000000579,s130,C18 AcylCoA_cyt
BIOMD0000000579,s131,C18car_ims
BIOMD0000000579,s132,C16 AcylCoA_cyt
BIOMD0000000579,s133,C16car_ims
BIOMD0000000579,s134,C14 AcylCoA_cyt
BIOMD0000000579,s135,C14car_ims
BIOMD0000000579,s136,car_mat
BIOMD0000000579,s14,Alanine
BIOMD0000000579,s15,C22Acyl-CoA
BIOMD0000000579,s16,Hexokinase
BIOMD0000000579,s17,Alpha keto acid
BIOMD0000000579,s18,Glutaminase
BIOMD0000000579,s181,6PGDL
BIOMD0000000579,s182,6PGluconate
BIOMD0000000579,s183,D-Ribulose5P
BIOMD0000000579,s185,NADPH
BIOMD0000000579,s186,G6PDehydrogenase
BIOMD0000000579,s187,Ribose5P
BIOMD0000000579,s188,Xylulose5P
BIOMD0000000579,s189,Lactonase
BIOMD0000000579,s19,C22 2-trans-enoyl-CoA
BIOMD0000000579,s190,NAPDH
BIOMD0000000579,s192,6PGluconate dehydrogenase
BIOMD0000000579,s193,Phosphopentose isomerase
BIOMD0000000579,s194,Epimerase
BIOMD0000000579,s195,G1P
BIOMD0000000579,s197,Glycogen Primer
BIOMD0000000579,s198,Glycogen
BIOMD0000000579,s199,UDP
BIOMD0000000579,s2,Citrate
BIOMD0000000579,s200,PPi
BIOMD0000000579,s201,UDP Glucose Phosphorylase
BIOMD0000000579,s203,Glycosyl transferase
BIOMD0000000579,s21,Alpha KG
BIOMD0000000579,s22,C22 L-3-hydroxyacyl-CoA
BIOMD0000000579,s23,Aspartate
BIOMD0000000579,s234,G6P
BIOMD0000000579,s237,CO2
BIOMD0000000579,s238,CoA-SH
BIOMD0000000579,s24,Aspartate aminotransferase
BIOMD0000000579,s241,GDP
BIOMD0000000579,s244,Sedoheptulase7P
BIOMD0000000579,s247,Erythrose4P
BIOMD0000000579,s248,Transaldolase
BIOMD0000000579,s249,Phosphogluco mutase
BIOMD0000000579,s25,HCO3-+ NH4+
BIOMD0000000579,s250,"Glycosyl-4,6-Transferase"
BIOMD0000000579,s251,Glycogen phosphorylase
BIOMD0000000579,s252,Limit Dextrin
BIOMD0000000579,s253,"Unbranched alpha(1,4)polymer"
BIOMD0000000579,s254,"Alpha1,6-Glycosidase"
BIOMD0000000579,s255,Glygogen Phosphorylase
BIOMD0000000579,s256,1/2O2
BIOMD0000000579,s258,Cya-a3
BIOMD0000000579,s259,2e
BIOMD0000000579,s26,Succinate dehydrogenase
BIOMD0000000579,s262,CyC
BIOMD0000000579,s263,CyC2
BIOMD0000000579,s265,Cyb
BIOMD0000000579,s267,Q
BIOMD0000000579,s269,FMN
BIOMD0000000579,s27,Fumarase
BIOMD0000000579,s28,Malate dehydrogenase
BIOMD0000000579,s283,Sucrase
BIOMD0000000579,s284,Sucrose
BIOMD0000000579,s285,F1P
BIOMD0000000579,s286,Fructose
BIOMD0000000579,s287,Fructokinase
BIOMD0000000579,s29,2ATP
BIOMD0000000579,s291,Aldolase
BIOMD0000000579,s292,Triglyceride
BIOMD0000000579,s293,Glyceraldehyde
BIOMD0000000579,s294,Triokinase
BIOMD0000000579,s296,Lactate
BIOMD0000000579,s297,Trehalose
BIOMD0000000579,s298,Trehalase
BIOMD0000000579,s3,F6P
BIOMD0000000579,s30,2ADP
BIOMD0000000579,s300,2NADH
BIOMD0000000579,s301,2NAD+
BIOMD0000000579,s302,Galactose1P
BIOMD0000000579,s305,Galactokinase
BIOMD0000000579,s306,Galactose
BIOMD0000000579,s307,Lactose
BIOMD0000000579,s308,UDP-galactose1phosphate uridylyl transferase
BIOMD0000000579,s31,"F1,6BISPHOSPHATASE"
BIOMD0000000579,s32,H20
BIOMD0000000579,s321,AcetoacetylCoA
BIOMD0000000579,s322,HMGCoA
BIOMD0000000579,s323,Acetoacetate
BIOMD0000000579,s324,Acetone
BIOMD0000000579,s325,D-Beta-Hydroxybutyrate
BIOMD0000000579,s326,AcetylCoA
BIOMD0000000579,s327,HMG-CoA Synthase
BIOMD0000000579,s328,Acetoacetate Decarboxylase
BIOMD0000000579,s329,H+
BIOMD0000000579,s33,Carbamoyl phosphate
BIOMD0000000579,s330,D Betahydroxybutyrate dehydrogenase
BIOMD0000000579,s332,Beta-KetoacylCoA dehydrogenase
BIOMD0000000579,s333,Mg2+
BIOMD0000000579,s334,NADP+
BIOMD0000000579,s335,UDP-Glucose
BIOMD0000000579,s336,Glycogen Synthase
BIOMD0000000579,s337,Transketolase
BIOMD0000000579,s34,Ornithine
BIOMD0000000579,s340,Glutamine
BIOMD0000000579,s341,Glutamate
BIOMD0000000579,s342,Citrulline
BIOMD0000000579,s343,Arginine
BIOMD0000000579,s344,Pi
BIOMD0000000579,s345,ATP
BIOMD0000000579,s346,ADP
BIOMD0000000579,s347,H2O
BIOMD0000000579,s348,A CoA
BIOMD0000000579,s349,CO2
BIOMD0000000579,s35,GA3P
BIOMD0000000579,s350,CoA-SH
BIOMD0000000579,s351,NADH
BIOMD0000000579,s352,GDP
BIOMD0000000579,s353,FADH2
BIOMD0000000579,s354,Aconitase
BIOMD0000000579,s355,NAD+
BIOMD0000000579,s356,FAD
BIOMD0000000579,s357,Mg2+
BIOMD0000000579,s358,2H+
BIOMD0000000579,s36,PHOSPHO TRIOSE ISOMERASE
BIOMD0000000579,s361,H+
BIOMD0000000579,s362,Thiolase
BIOMD0000000579,s363,PPi
BIOMD0000000579,s364,Acyl-CoA dehydrogenase
BIOMD0000000579,s365,Enoyl-CoA hydratase
BIOMD0000000579,s366,Beta-hydroxyacyl-CoA dehydrogenase
BIOMD0000000579,s367,C22car_ims
BIOMD0000000579,s368,C14car_ims
BIOMD0000000579,s369,C16car_ims
BIOMD0000000579,s37,C22 Ketoacyl-CoA
BIOMD0000000579,s370,C18car_ims
BIOMD0000000579,s371,C20car_ims
BIOMD0000000579,s374,FeS
BIOMD0000000579,s377,FeS
BIOMD0000000579,s378,Glutamine
BIOMD0000000579,s379,Glutamate
BIOMD0000000579,s38,Citrullyl AMP intermediate
BIOMD0000000579,s381,NADH
BIOMD0000000579,s388,QH2
BIOMD0000000579,s389,2H+
BIOMD0000000579,s39,Arginosuccinate
BIOMD0000000579,s4,cis-Aconitate
BIOMD0000000579,s40,Fumarate
BIOMD0000000579,s400,Creatine Kinase
BIOMD0000000579,s41,Carbamoyl phosphate synthetase I
BIOMD0000000579,s42,C20Acyl-CoA
BIOMD0000000579,s43,PGA MUTASE
BIOMD0000000579,s44,Pi
BIOMD0000000579,s45,PYRUVATE KINASE
BIOMD0000000579,s46,ADP
BIOMD0000000579,s47,AMP
BIOMD0000000579,s48,GTP
BIOMD0000000579,s49,UREA
BIOMD0000000579,s5,Alpha-KG
BIOMD0000000579,s50,OAA
BIOMD0000000579,s51,Glycerol3P
BIOMD0000000579,s52,Isocitrate
BIOMD0000000579,s53,FA
BIOMD0000000579,s54,Citrate Synthase
BIOMD0000000579,s56,Isocitrate dehydrogenase
BIOMD0000000579,s57,Alpha-KG dehydrgenase complex
BIOMD0000000579,s58,S CoA synthase
BIOMD0000000579,s6,S CoA
BIOMD0000000579,s63,ATP
BIOMD0000000579,s64,H2O
BIOMD0000000579,s65,C18Acyl-CoA
BIOMD0000000579,s66,C20 Ketoacyl-CoA
BIOMD0000000579,s67,NADH
BIOMD0000000579,s68,C20 L-3-hydroxyacyl-CoA
BIOMD0000000579,s69,C20 2-trans-enoyl-CoA
BIOMD0000000579,s7,Succinate
BIOMD0000000579,s70,C18 2-trans-enoyl-CoA
BIOMD0000000579,s71,Glucose
BIOMD0000000579,s72,C18 L-3-hydroxyacyl-CoA
BIOMD0000000579,s73,"F1,6P"
BIOMD0000000579,s74,"1,3-BiPGA"
BIOMD0000000579,s75,2-PGA
BIOMD0000000579,s77,G-6-P Phosphatase
BIOMD0000000579,s79,Phosphohexo isomerase
BIOMD0000000579,s8,3-PGA
BIOMD0000000579,s80,C18 Ketoacyl-CoA
BIOMD0000000579,s81,OXALOACETATE
BIOMD0000000579,s82,DHAP
BIOMD0000000579,s83,C16Acyl-CoA
BIOMD0000000579,s84,C14Acyl-CoA
BIOMD0000000579,s85,G3P DEHYDROGENASE
BIOMD0000000579,s86,PGA KINASE
BIOMD0000000579,s87,ENOLASE
BIOMD0000000579,s88,PEP CARBOXYKINASE
BIOMD0000000579,s89,C16 Ketoacyl-CoA
BIOMD0000000579,s9,Malate
BIOMD0000000579,s90,PYRUVATE CARBOXYLASE
BIOMD0000000579,s91,PYRUVATE DEHYDROGENASE
BIOMD0000000579,s92,Co-Ash
BIOMD0000000579,s93,NAD+
BIOMD0000000579,s94,TPP
BIOMD0000000579,s95,LIPOATE
BIOMD0000000579,s96,C16 L-3-hydroxyacyl-CoA
BIOMD0000000579,s97,C16 2-trans-enoyl-CoA
BIOMD0000000579,s98,C14 2-trans-enoyl-CoA
BIOMD0000000579,s99,C14 L-3-hydroxyacyl-CoA
BIOMD0000000590,ca,ca
BIOMD0000000590,cp,cp
BIOMD0000000590,ctp,ctp
BIOMD0000000590,dho,dho
BIOMD0000000590,omp,omp
BIOMD0000000590,oro,oro
BIOMD0000000590,udp,udp
BIOMD0000000590,ump,ump
BIOMD0000000590,utp,utp
BIOMD0000000602,M_3hanthrn_c,M_3HAA
BIOMD0000000602,M_5hoxindact_c,M_5HAc
BIOMD0000000602,M_5hoxnfkyn_c,M_5HFKyn
BIOMD0000000602,M_5htrp_c,M_5HTrp
BIOMD0000000602,M_5hxkyn_c,M_5HKyn
BIOMD0000000602,M_Cinnavalininate_c,M_Cin
BIOMD0000000602,M_Lfmkynr_c,M_FKyn
BIOMD0000000602,M_Lkynr_c,M_L-Kyn
BIOMD0000000602,M_Lkynr_ex,M_LKyn_ex
BIOMD0000000602,M_Nacsertn_c,M_NAcSet
BIOMD0000000602,M_Nactrypta_c,M_Nactrypta
BIOMD0000000602,M_Xanthurenate,M_Xanth
BIOMD0000000602,M_accoa_c,M_AcetylCoA
BIOMD0000000602,M_ahcys_c,M_AHCys
BIOMD0000000602,M_akg_c,M_Ketoglutarate
BIOMD0000000602,M_ala_DASH_L_c,M_L_ALA
BIOMD0000000602,M_am6sa_c,M_Am6sa
BIOMD0000000602,M_amet_c,M_AMet
BIOMD0000000602,M_amp_c,M_AMP
BIOMD0000000602,M_anth_c,M_AA
BIOMD0000000602,M_atp_c,M_ATP
BIOMD0000000602,M_cmusa_c,M_Acms
BIOMD0000000602,M_co2_c,M_CO2
BIOMD0000000602,M_coa_c,M_CoA
BIOMD0000000602,M_dhbpt_c,M_Dhbpt
BIOMD0000000602,M_dnad_c,M_NAAD
BIOMD0000000602,M_f5hoxkyn_c,M_F5HKyn
BIOMD0000000602,M_for_c,M_Formate
BIOMD0000000602,M_glu_DASH_L_c,M_LGlu
BIOMD0000000602,M_h2o2_c,M_H2O2
BIOMD0000000602,M_h2o_c,M_H2O
BIOMD0000000602,M_hLkynr_c,M_3HKyn
BIOMD0000000602,M_h_c,M_H
BIOMD0000000602,M_id3acald_c,M_IndolAc
BIOMD0000000602,M_indpyr_c,M_IndolP
BIOMD0000000602,M_kynate_c,M_Kyna
BIOMD0000000602,M_nadp_c,M_NADP
BIOMD0000000602,M_nadph_c,M_NADPH
BIOMD0000000602,M_nformanth_c,M_FAA
BIOMD0000000602,M_nh4_c,M_NH4
BIOMD0000000602,M_nicrnt_c,M_NaMN
BIOMD0000000602,M_nmsrtn_c,M_NMSer
BIOMD0000000602,M_nmtrpta_c,M_MTrypta
BIOMD0000000602,M_nndmtrpta_c,M_MMTrypta
BIOMD0000000602,M_o2_c,M_O2
BIOMD0000000602,M_o2s_c,M_O2s
BIOMD0000000602,M_ppi_c,M_PPi
BIOMD0000000602,M_prpp_c,M_PRPP
BIOMD0000000602,M_quln_c,M_Quin
BIOMD0000000602,M_srtn_c,M_Serotonin
BIOMD0000000602,M_thbpt,M_Thbpt
BIOMD0000000602,M_trna_trp_c,M_tRNA
BIOMD0000000602,M_trp_DASH_L_c,M_Trp
BIOMD0000000602,M_trp_L_trna_c,M_Trp_tRNA
BIOMD0000000602,M_trypta_c,M_Trypta
BIOMD0000000602,TRP_ex,Trp_ex
BIOMD0000000627,ADP_astrocytes,ADP
BIOMD0000000627,ADP_neurons,ADP
BIOMD0000000627,AMP_astrocytes,AMP
BIOMD0000000627,AMP_neurons,AMP
BIOMD0000000627,CO2_artery,CO2
BIOMD0000000627,Cr_astrocytes,Cr
BIOMD0000000627,Cr_neurons,Cr
BIOMD0000000627,E4P_astrocytes,E4P
BIOMD0000000627,E4P_neurons,E4P
BIOMD0000000627,G6L_astrocytes,G6L
BIOMD0000000627,G6L_neurons,G6L
BIOMD0000000627,GLC_artery,GLC
BIOMD0000000627,GLU_astrocytes,GLU
BIOMD0000000627,GLU_extracellular_space,GLU
BIOMD0000000627,GLU_neurons,GLU
BIOMD0000000627,LAC_artery,LAC
BIOMD0000000627,NADPH_astrocytes,NADPH
BIOMD0000000627,NADPH_neurons,NADPH
BIOMD0000000627,NADP_astrocytes,NADP
BIOMD0000000627,NADP_neurons,NADP
BIOMD0000000627,NAD_astrocytes,NAD
BIOMD0000000627,NAD_neurons,NAD
BIOMD0000000627,Na__astrocytes,Na+
BIOMD0000000627,Na__extracellular_space,Na+
BIOMD0000000627,Na__neurons,Na+
BIOMD0000000627,O2_artery,O2
BIOMD0000000627,P6G_astrocytes,P6G
BIOMD0000000627,P6G_neurons,P6G
BIOMD0000000627,R5P_astrocytes,R5P
BIOMD0000000627,R5P_neurons,R5P
BIOMD0000000627,Ru5P_astrocytes,Ru5P
BIOMD0000000627,Ru5P_neurons,Ru5P
BIOMD0000000627,S7P_astrocytes,S7P
BIOMD0000000627,S7P_neurons,S7P
BIOMD0000000627,X5P_astrocytes,X5P
BIOMD0000000627,X5P_neurons,X5P
BIOMD0000000627,dHb,dHb
BIOMD0000000627,species_1,GLC
BIOMD0000000627,species_10,GAP
BIOMD0000000627,species_11,NADH
BIOMD0000000627,species_12,PEP
BIOMD0000000627,species_13,NADH
BIOMD0000000627,species_14,PEP
BIOMD0000000627,species_15,PYR
BIOMD0000000627,species_16,O2
BIOMD0000000627,species_17,PYR
BIOMD0000000627,species_18,LAC
BIOMD0000000627,species_19,LAC
BIOMD0000000627,species_2,G6P
BIOMD0000000627,species_20,O2
BIOMD0000000627,species_21,PCr
BIOMD0000000627,species_22,PCr
BIOMD0000000627,species_23,O2
BIOMD0000000627,species_24,CO2
BIOMD0000000627,species_25,GLC
BIOMD0000000627,species_26,LAC
BIOMD0000000627,species_27,GLC
BIOMD0000000627,species_28,LAC
BIOMD0000000627,species_3,ATP
BIOMD0000000627,species_4,GLC
BIOMD0000000627,species_5,ATP
BIOMD0000000627,species_6,G6P
BIOMD0000000627,species_7,F6P
BIOMD0000000627,species_8,F6P
BIOMD0000000627,species_9,GAP
BIOMD0000000633,adp,adp
BIOMD0000000633,adp_mito,adp_mito
BIOMD0000000633,amp,amp
BIOMD0000000633,atp,atp
BIOMD0000000633,atp_mito,atp_mito
BIOMD0000000633,bpg13,bpg13
BIOMD0000000633,cit,cit
BIOMD0000000633,co2,co2
BIOMD0000000633,co2_mito,co2_mito
BIOMD0000000633,dhap,dhap
BIOMD0000000633,fru16bp,fru16bp
BIOMD0000000633,fru26bp,fru26bp
BIOMD0000000633,fru6p,fru6p
BIOMD0000000633,gap,gap
BIOMD0000000633,gdp,gdp
BIOMD0000000633,gdp_mito,gdp_mito
BIOMD0000000633,glc,glc
BIOMD0000000633,glc1p,glc1p
BIOMD0000000633,glc6p,glc6p
BIOMD0000000633,glc6p_er,glc6p_er
BIOMD0000000633,glc_er,glc_er
BIOMD0000000633,glc_ext,glc_ext
BIOMD0000000633,glyglc,glyglc
BIOMD0000000633,gtp,gtp
BIOMD0000000633,gtp_mito,gtp_mito
BIOMD0000000633,h,h
BIOMD0000000633,h_mito,h_mito
BIOMD0000000633,lac,lac
BIOMD0000000633,lac_ext,lac_ext
BIOMD0000000633,mal,mal
BIOMD0000000633,mal_mito,mal_mito
BIOMD0000000633,nad,nad
BIOMD0000000633,nad_mito,nad_mito
BIOMD0000000633,nadh,nadh
BIOMD0000000633,nadh_mito,nadh_mito
BIOMD0000000633,oa,oa
BIOMD0000000633,oa_mito,oa_mito
BIOMD0000000633,p,p
BIOMD0000000633,p_er,p_er
BIOMD0000000633,p_mito,p_mito
BIOMD0000000633,pep,pep
BIOMD0000000633,pep_mito,pep_mito
BIOMD0000000633,pg2,pg2
BIOMD0000000633,pg3,pg3
BIOMD0000000633,pp,pp
BIOMD0000000633,pyr,pyr
BIOMD0000000633,pyr_mito,pyr_mito
BIOMD0000000633,udp,udp
BIOMD0000000633,udpglc,udpglc
BIOMD0000000633,utp,utp
BIOMD0000000674,BET,Betaine
BIOMD0000000674,CO,CO2
BIOMD0000000674,DUMP,dUMP
BIOMD0000000674,Fol,Folate
BIOMD0000000674,GAR,GAR
BIOMD0000000674,H2O2,H2O2
BIOMD0000000674,HCHO,Formaldehyde
BIOMD0000000674,NADPH,NADPH
BIOMD0000000674,aic,AICAR
BIOMD0000000674,b_cys,b_Cysteine
BIOMD0000000674,b_glu,b_Glutamate
BIOMD0000000674,b_gly,b_Glycine
BIOMD0000000674,b_gsg,b_GSSG
BIOMD0000000674,b_gsh,b_GSH
BIOMD0000000674,b_met,b_Methionine
BIOMD0000000674,b_ser,b_Serine
BIOMD0000000674,c_10f,c_10-formyl-THF
BIOMD0000000674,c_1cf,c_5-10-methenyl-THF
BIOMD0000000674,c_2cf,c_5-10-methylene-THF
BIOMD0000000674,c_5mf,c_5-methyl-THF
BIOMD0000000674,c_coo,c_Formate
BIOMD0000000674,c_cys,c_Cysteine
BIOMD0000000674,c_dhf,c_DHF
BIOMD0000000674,c_glu,c_Glutamate
BIOMD0000000674,c_gly,c_Glycine
BIOMD0000000674,c_gsg,c_GSSG
BIOMD0000000674,c_gsh,c_GSH
BIOMD0000000674,c_ser,c_Serine
BIOMD0000000674,c_thf,c_THF
BIOMD0000000674,cyt,Cystathionine
BIOMD0000000674,dmg,Dimethylglycine
BIOMD0000000674,glc,Glutamyl-Cysteine
BIOMD0000000674,hcy,Homocysteine
BIOMD0000000674,m_10f,m_10-formyl-THF
BIOMD0000000674,m_1cf,m_5-10-methenyl-THF
BIOMD0000000674,m_2cf,m_5-10-methylene-THF
BIOMD0000000674,m_coo,m_Formate
BIOMD0000000674,m_gly,m_Glycine
BIOMD0000000674,m_ser,m_Serine
BIOMD0000000674,m_thf,m_THF
BIOMD0000000674,met,c_Methionine
BIOMD0000000674,sah,SAH
BIOMD0000000674,sam,SAM
BIOMD0000000674,species_1,dcSAM
BIOMD0000000674,species_2,Putrescine
BIOMD0000000674,species_3,Spermine
BIOMD0000000674,species_4,Spermidine
BIOMD0000000674,species_5,Acetylspermine
BIOMD0000000674,species_6,Acetylspermidine
BIOMD0000000674,species_7,Ornithine
BIOMD0000000674,species_8,Acetyl-CoA
BIOMD0000000674,species_9,CoA
BIOMD0000000674,src,Sarcosine
BIOMD0000000689,ADP,ADP
BIOMD0000000689,AMP,AMP
BIOMD0000000689,ATP,ATP
BIOMD0000000689,CH2_THF,CH2-THF
BIOMD0000000689,DHF,DHF
BIOMD0000000689,Glycine,Glycine
BIOMD0000000689,H2_HMPt,H2-HMPt
BIOMD0000000689,H2_HMPterinPP,H2-HMPterinPP
BIOMD0000000689,H2_Pteroate,H2-Pteroate
BIOMD0000000689,L_Glutamate,L-Glutamate
BIOMD0000000689,L_serine,L-serine
BIOMD0000000689,NADP,NADP
BIOMD0000000689,NADPH,NADPH
BIOMD0000000689,PPi,PPi
BIOMD0000000689,Phosphate,Phosphate
BIOMD0000000689,THF,THF
BIOMD0000000689,p_ABA,p-ABA
BIOMD0000000690,ADP,ADP
BIOMD0000000690,AMP,AMP
BIOMD0000000690,ATP,ATP
BIOMD0000000690,CH2_THF,CH2-THF
BIOMD0000000690,DHF,DHF
BIOMD0000000690,Glycine,Glycine
BIOMD0000000690,H2_HMPt,H2-HMPt
BIOMD0000000690,H2_HMPterinPP,H2-HMPterinPP
BIOMD0000000690,H2_Pteroate,H2-Pteroate
BIOMD0000000690,L_Glutamate,L-Glutamate
BIOMD0000000690,L_serine,L-serine
BIOMD0000000690,NADP,NADP
BIOMD0000000690,NADPH,NADPH
BIOMD0000000690,PPi,PPi
BIOMD0000000690,Phosphate,Phosphate
BIOMD0000000690,THF,THF
BIOMD0000000690,p_ABA,p-ABA
BIOMD0000000691,A,A
BIOMD0000000691,A2__Cell_1_,A2
BIOMD0000000691,A2__Cell_2_,A2
BIOMD0000000691,A3__Cell_1_,A3
BIOMD0000000691,A3__Cell_2_,A3
BIOMD0000000691,N,N
BIOMD0000000691,N1__Cell_1_,N1
BIOMD0000000691,N1__Cell_2_,N1
BIOMD0000000691,N2__Cell_1_,N2
BIOMD0000000691,N2__Cell_2_,N2
BIOMD0000000691,S1__Cell_1_,S1
BIOMD0000000691,S1__Cell_2_,S1
BIOMD0000000691,S2__Cell_1_,S2
BIOMD0000000691,S2__Cell_2_,S2
BIOMD0000000691,S3__Cell_1_,S3
BIOMD0000000691,S3__Cell_2_,S3
BIOMD0000000691,S4__Cell_1_,S4
BIOMD0000000691,S4__Cell_2_,S4
BIOMD0000000691,S4_ex,S4_ex
BIOMD0000000725,ADC,ADC
BIOMD0000000725,ADP,ADP
BIOMD0000000725,AHMDHP,AHMDHP
BIOMD0000000725,AHMDPP,AHMDPP
BIOMD0000000725,AMP,AMP
BIOMD0000000725,ATP,ATP
BIOMD0000000725,Ammonia,Ammonia
BIOMD0000000725,CM,CM
BIOMD0000000725,COTwo,COTwo
BIOMD0000000725,CVPSK,CVPSK
BIOMD0000000725,DAHP,DAHP
BIOMD0000000725,DHF,DHF
BIOMD0000000725,DHNTP,DHNTP
BIOMD0000000725,DHP,DHP
BIOMD0000000725,DHQ,DHQ
BIOMD0000000725,DHSK,DHSK
BIOMD0000000725,DLp,DLp
BIOMD0000000725,EP,EP
BIOMD0000000725,Formyl,Formyl
BIOMD0000000725,GTP,GTP
BIOMD0000000725,Gln,Gln
BIOMD0000000725,Glu,Glu
BIOMD0000000725,Gly,Gly
BIOMD0000000725,HAD,HAD
BIOMD0000000725,Hcy,Hcy
BIOMD0000000725,Lp,Lp
BIOMD0000000725,MTHFGlu,MTHFGlu
BIOMD0000000725,Met,Met
BIOMD0000000725,NAD,NAD
BIOMD0000000725,NADH,NADH
BIOMD0000000725,NADP,NADP
BIOMD0000000725,NADPH,NADPH
BIOMD0000000725,PEP,PEP
BIOMD0000000725,PTHP,PTHP
BIOMD0000000725,Pi,Pi
BIOMD0000000725,Pyr,Pyr
BIOMD0000000725,SAmDLp,SAmDLp
BIOMD0000000725,SK,SK
BIOMD0000000725,SKP,SKP
BIOMD0000000725,Ser,Ser
BIOMD0000000725,THF,THF
BIOMD0000000725,THFGlu,THFGlu
BIOMD0000000725,dTMP,dTMP
BIOMD0000000725,dUMP,dUMP
BIOMD0000000725,fTHFGlu,fTHFGlu
BIOMD0000000725,ffTHFGlu,ffTHFGlu
BIOMD0000000725,fmtRNA,fmtRNA
BIOMD0000000725,meTHFGlu,meTHFGlu
BIOMD0000000725,mtRNA,mtRNA
BIOMD0000000725,myTHFGlu,myTHFGlu
BIOMD0000000725,pABA,pABA
BIOMD0000001061,M_10fthf_c,10-Formyltetrahydrofolate
BIOMD0000001061,M_12ppd__R_c,"(R)-Propane-1,2-diol"
BIOMD0000001061,M_12ppd__S_c,"(S)-Propane-1,2-diol"
BIOMD0000001061,M_13dpg_c,3-Phospho-D-glyceroyl phosphate
BIOMD0000001061,M_14dhncoa_c,"1,4-dihydroxy-2-napthoyl-CoA"
BIOMD0000001061,M_14glucan_c,"1,4-alpha-D-glucan"
BIOMD0000001061,M_14glucan_p,"1,4-alpha-D-glucan"
BIOMD0000001061,M_1agpe120_p,1-Acyl-sn-glycero-3-phosphoethanolamine (n-C12:0)
BIOMD0000001061,M_1agpe140_p,1-Acyl-sn-glycero-3-phosphoethanolamine (n-C14:0)
BIOMD0000001061,M_1agpe141_p,1-Acyl-sn-glycero-3-phosphoethanolamine (n-C14:1)
BIOMD0000001061,M_1agpe160_p,1-Acyl-sn-glycero-3-phosphoethanolamine (n-C16:0)
BIOMD0000001061,M_1agpe161_p,1-Acyl-sn-glycero-3-phosphoethanolamine (n-C16:1)
BIOMD0000001061,M_1agpe180_p,1-Acyl-sn-glycero-3-phosphoethanolamine (n-C18:0)
BIOMD0000001061,M_1agpe181_p,1-Acyl-sn-glycero-3-phosphoethanolamine (n-C18:1)
BIOMD0000001061,M_1agpg120_p,1-Acyl-sn-glycero-3-phosphoglycerol (n-C12:0)
BIOMD0000001061,M_1agpg140_p,1-Acyl-sn-glycero-3-phosphoglycerol (n-C14:0)
BIOMD0000001061,M_1agpg141_p,1-Acyl-sn-glycero-3-phosphoglycerol (n-C14:1)
BIOMD0000001061,M_1agpg160_p,1-Acyl-sn-glycero-3-phosphoglycerol (n-C16:0)
BIOMD0000001061,M_1agpg161_p,1-Acyl-sn-glycero-3-phosphoglycerol (n-C16:1)
BIOMD0000001061,M_1agpg180_p,1-Acyl-sn-glycero-3-phosphoglycerol (n-C18:0)
BIOMD0000001061,M_1agpg181_p,1-Acyl-sn-glycero-3-phosphoglycerol (n-C18:1)
BIOMD0000001061,M_1ddecg3p_c,1-dodecanoyl-sn-glycerol 3-phosphate
BIOMD0000001061,M_1ddecg3p_p,1-dodecanoyl-sn-glycerol 3-phosphate
BIOMD0000001061,M_1hdec9eg3p_c,1-hexadec-9-enoyl-sn-glycerol 3-phosphate
BIOMD0000001061,M_1hdec9eg3p_p,1-hexadec-9-enoyl-sn-glycerol 3-phosphate
BIOMD0000001061,M_1hdecg3p_c,1-hexadecanoyl-sn-glycerol 3-phosphate
BIOMD0000001061,M_1hdecg3p_p,1-hexadecanoyl-sn-glycerol 3-phosphate
BIOMD0000001061,M_1nphtol_e,1-Naphtol
BIOMD0000001061,M_1nphtol_p,1-Naphthol
BIOMD0000001061,M_1odec11eg3p_c,1-octadec-11-enoyl-sn-glycerol 3-phosphate
BIOMD0000001061,M_1odec11eg3p_p,1-octadec-11-enoyl-sn-glycerol 3-phosphate
BIOMD0000001061,M_1odecg3p_c,1-octadecanoyl-sn-glycerol 3-phosphate
BIOMD0000001061,M_1odecg3p_p,1-octadecanoyl-sn-glycerol 3-phosphate
BIOMD0000001061,M_1pyr5c_c,1-Pyrroline-5-carboxylate
BIOMD0000001061,M_1tdec7eg3p_p,1-tetradec-7-enoyl-sn-glycerol 3-phosphate
BIOMD0000001061,M_1tdecg3p_c,1-tetradecanoyl-sn-glycerol 3-phosphate
BIOMD0000001061,M_1tdecg3p_p,1-tetradecanoyl-sn-glycerol 3-phosphate
BIOMD0000001061,M_23dhacoa_c,"2,3-dehydroadipyl-CoA"
BIOMD0000001061,M_23dhdp_c,"2,3-Dihydrodipicolinate"
BIOMD0000001061,M_23dhmb_c,"(R)-2,3-Dihydroxy-3-methylbutanoate"
BIOMD0000001061,M_23dhmp_c,"(R)-2,3-Dihydroxy-3-methylpentanoate"
BIOMD0000001061,M_25aics_c,(S)-2-[5-Amino-1-(5-phospho-D-ribosyl)imidazole-4-carboxamido]succinate
BIOMD0000001061,M_25dhpp_c,2 5 Diamino 6 hydroxy 4  5  phosphoribosylamino  pyrimidine C9H14N5O8P
BIOMD0000001061,M_25drapp_c,"2,5-Diamino-6-(ribosylamino)-4-(3H)-pyrimidinone 5'-phosphate"
BIOMD0000001061,M_26dap_LL_c,"LL-2,6-Diaminoheptanedioate"
BIOMD0000001061,M_26dap__M_c,"Meso-2,6-Diaminoheptanedioate"
BIOMD0000001061,M_2a3o4pob_c,2-Amino-3-oxo-4-phosphonooxybutyrate
BIOMD0000001061,M_2agpe120_c,2-Acyl-sn-glycero-3-phosphoethanolamine (n-C12:0)
BIOMD0000001061,M_2agpe120_p,2-Acyl-sn-glycero-3-phosphoethanolamine (n-C12:0)
BIOMD0000001061,M_2agpe140_c,2-Acyl-sn-glycero-3-phosphoethanolamine (n-C14:0)
BIOMD0000001061,M_2agpe140_p,2-Acyl-sn-glycero-3-phosphoethanolamine (n-C14:0)
BIOMD0000001061,M_2agpe141_c,2-Acyl-sn-glycero-3-phosphoethanolamine (n-C14:1)
BIOMD0000001061,M_2agpe141_p,2-Acyl-sn-glycero-3-phosphoethanolamine (n-C14:1)
BIOMD0000001061,M_2agpe160_c,2-Acyl-sn-glycero-3-phosphoethanolamine (n-C16:0)
BIOMD0000001061,M_2agpe160_p,2-Acyl-sn-glycero-3-phosphoethanolamine (n-C16:0)
BIOMD0000001061,M_2agpe161_c,2-Acyl-sn-glycero-3-phosphoethanolamine (n-C16:1)
BIOMD0000001061,M_2agpe161_p,2-Acyl-sn-glycero-3-phosphoethanolamine (n-C16:1)
BIOMD0000001061,M_2agpe180_c,2-Acyl-sn-glycero-3-phosphoethanolamine (n-C18:0)
BIOMD0000001061,M_2agpe180_p,2-Acyl-sn-glycero-3-phosphoethanolamine (n-C18:0)
BIOMD0000001061,M_2agpe181_c,2-Acyl-sn-glycero-3-phosphoethanolamine (n-C18:1)
BIOMD0000001061,M_2agpe181_p,2-Acyl-sn-glycero-3-phosphoethanolamine (n-C18:1)
BIOMD0000001061,M_2agpg120_c,2-Acyl-sn-glycero-3-phosphoglycerol (n-C12:0)
BIOMD0000001061,M_2agpg120_p,2-Acyl-sn-glycero-3-phosphoglycerol (n-C12:0)
BIOMD0000001061,M_2agpg140_c,2-Acyl-sn-glycero-3-phosphoglycerol (n-C14:0)
BIOMD0000001061,M_2agpg140_p,2-Acyl-sn-glycero-3-phosphoglycerol (n-C14:0)
BIOMD0000001061,M_2agpg141_c,2-Acyl-sn-glycero-3-phosphoglycerol (n-C14:1)
BIOMD0000001061,M_2agpg141_p,2-Acyl-sn-glycero-3-phosphoglycerol (n-C14:1)
BIOMD0000001061,M_2agpg160_c,2-Acyl-sn-glycero-3-phosphoglycerol (n-C16:0)
BIOMD0000001061,M_2agpg160_p,2-Acyl-sn-glycero-3-phosphoglycerol (n-C16:0)
BIOMD0000001061,M_2agpg161_c,2-Acyl-sn-glycero-3-phosphoglycerol (n-C16:1)
BIOMD0000001061,M_2agpg161_p,2-Acyl-sn-glycero-3-phosphoglycerol (n-C16:1)
BIOMD0000001061,M_2agpg180_c,2-Acyl-sn-glycero-3-phosphoglycerol (n-C18:0)
BIOMD0000001061,M_2agpg180_p,2-Acyl-sn-glycero-3-phosphoglycerol (n-C18:0)
BIOMD0000001061,M_2agpg181_c,2-Acyl-sn-glycero-3-phosphoglycerol (n-C18:1)
BIOMD0000001061,M_2agpg181_p,2-Acyl-sn-glycero-3-phosphoglycerol (n-C18:1)
BIOMD0000001061,M_2ahbut_c,(S)-2-Aceto-2-hydroxybutanoate
BIOMD0000001061,M_2ahhmd_c,2 Amino 4 hydroxy 6 hydroxymethyl 7 8 dihydropteridine diphosphate C7H8N5O8P2
BIOMD0000001061,M_2ahhmp_c,2 Amino 4 hydroxy 6 hydroxymethyl 7 8 dihydropteridine C7H9N5O2
BIOMD0000001061,M_2cpr5p_c,1-(2-Carboxyphenylamino)-1-deoxy-D-ribulose 5-phosphate
BIOMD0000001061,M_2dda7p_c,2-Dehydro-3-deoxy-D-arabino-heptonate 7-phosphate
BIOMD0000001061,M_2ddecg3p_c,2-dodecanoyl-sn-glycerol 3-phosphate
BIOMD0000001061,M_2ddecg3p_p,2-dodecanoyl-sn-glycerol 3-phosphate
BIOMD0000001061,M_2dhp_c,2-Dehydropantoate
BIOMD0000001061,M_2dmmq8_c,2-Demethylmenaquinone 8
BIOMD0000001061,M_2dmmql8_c,2-Demethylmenaquinol 8
BIOMD0000001061,M_2fe1s_c,[2Fe-1S] desulfurated iron-sulfur cluster
BIOMD0000001061,M_2fe2s_c,[2Fe-2S] iron-sulfur cluster
BIOMD0000001061,M_2h3oppan_c,2-Hydroxy-3-oxopropanoate
BIOMD0000001061,M_2hdec9eg3p_c,2-hexadec-9-enoyl-sn-glycerol 3-phosphate
BIOMD0000001061,M_2hdec9eg3p_p,2-hexadec-9-enoyl-sn-glycerol 3-phosphate
BIOMD0000001061,M_2hdecg3p_c,2-hexadecanoyl-sn-glycerol 3-phosphate
BIOMD0000001061,M_2hdecg3p_p,2-hexadecanoyl-sn-glycerol 3-phosphate
BIOMD0000001061,M_2ippm_c,2-Isopropylmaleate
BIOMD0000001061,M_2mahmp_c,2-Methyl-4-amino-5-hydroxymethylpyrimidine diphosphate
BIOMD0000001061,M_2me4p_c,2-C-methyl-D-erythritol 4-phosphate
BIOMD0000001061,M_2mecdp_c,"2-C-methyl-D-erythritol 2,4-cyclodiphosphate"
BIOMD0000001061,M_2nphtol_e,2-Naphtol
BIOMD0000001061,M_2nphtol_p,2-Naphthol
BIOMD0000001061,M_2obut_c,2-Oxobutanoate
BIOMD0000001061,M_2odec11eg3p_c,2-octadec-11-enoyl-sn-glycerol 3-phosphate
BIOMD0000001061,M_2odec11eg3p_p,2-octadec-11-enoyl-sn-glycerol 3-phosphate
BIOMD0000001061,M_2odecg3p_c,2-octadecanoyl-sn-glycerol 3-phosphate
BIOMD0000001061,M_2odecg3p_p,2-octadecanoyl-sn-glycerol 3-phosphate
BIOMD0000001061,M_2ohph_c,2-Octaprenyl-6-hydroxyphenol
BIOMD0000001061,M_2ombzl_c,"2-Octaprenyl-6-methoxy-1,4-benzoquinol"
BIOMD0000001061,M_2omhmbl_c,"2-Octaprenyl-3-methyl-5-hydroxy-6-methoxy-1,4-benzoquinol"
BIOMD0000001061,M_2ommbl_c,"2-Octaprenyl-3-methyl-6-methoxy- 1,4-benzoquinol"
BIOMD0000001061,M_2omph_c,2-Octaprenyl-6-methoxyphenol
BIOMD0000001061,M_2oph_c,2-Octaprenylphenol
BIOMD0000001061,M_2p4c2me_c,2-phospho-4-(cytidine 5'-diphospho)-2-C-methyl-D-erythritol
BIOMD0000001061,M_2pg_c,D-Glycerate 2-phosphate
BIOMD0000001061,M_2pglyc_c,2-Phosphoglycolate
BIOMD0000001061,M_2tdec7eg3p_c,2-tetradec-7-enoyl-sn-glycerol 3-phosphate
BIOMD0000001061,M_2tdec7eg3p_p,2-tetradec-7-enoyl-sn-glycerol 3-phosphate
BIOMD0000001061,M_2tdecg3p_c,2-tetradecanoyl-sn-glycerol 3-phosphate
BIOMD0000001061,M_2tdecg3p_p,2-tetradecanoyl-sn-glycerol 3-phosphate
BIOMD0000001061,M_34hpp_c,3-(4-Hydroxyphenyl)pyruvate
BIOMD0000001061,M_3c2hmp_c,3-Carboxy-2-hydroxy-4-methylpentanoate
BIOMD0000001061,M_3c3hmp_c,3-Carboxy-3-hydroxy-4-methylpentanoate
BIOMD0000001061,M_3c4mop_c,3-Carboxy-4-methyl-2-oxopentanoate
BIOMD0000001061,M_3dhq_c,3-Dehydroquinate
BIOMD0000001061,M_3dhsk_c,3-Dehydroshikimate
BIOMD0000001061,M_3haACP_c,(3R)-3-Hydroxyacyl-[acyl-carrier protein]
BIOMD0000001061,M_3hbz_c,3-Hydroxybenzoate
BIOMD0000001061,M_3hbzcoa_c,3-hydroxybenzoyl-CoA
BIOMD0000001061,M_3hcddec5eACP_c,(R)-3-hydroxy-cis-dodec-5-enoyl-[acyl-carrier protein]
BIOMD0000001061,M_3hcmrs7eACP_c,(R)-3-hydroxy-cis-myristol-7-eoyl-[acyl-carrier protein]
BIOMD0000001061,M_3hcpalm9eACP_c,(R)-3-hydroxy-cis-palm-9-eoyl-[acyl-carrier protein]
BIOMD0000001061,M_3hcvac11eACP_c,(R)-3-hydroxy-cis-vacc-11-enoyl-[acyl-carrier protein]
BIOMD0000001061,M_3hddecACP_c,(R)-3-Hydroxydodecanoyl-[acyl-carrier protein]
BIOMD0000001061,M_3hdecACP_c,(R)-3-Hydroxydecanoyl-[acyl-carrier protein]
BIOMD0000001061,M_3hhexACP_c,(R)-3-Hydroxyhexanoyl-[acyl-carrier protein]
BIOMD0000001061,M_3hmrsACP_c,(R)-3-Hydroxytetradecanoyl-[acyl-carrier protein]
BIOMD0000001061,M_3hoctACP_c,(R)-3-Hydroxyoctanoyl-[acyl-carrier protein]
BIOMD0000001061,M_3hoctaACP_c,(R)-3-Hydroxyoctadecanoyl-[acyl-carrier protein]
BIOMD0000001061,M_3hpalmACP_c,R-3-hydroxypalmitoyl-[acyl-carrier protein]
BIOMD0000001061,M_3ig3p_c,C'-(3-Indolyl)-glycerol 3-phosphate
BIOMD0000001061,M_3mob_c,3-Methyl-2-oxobutanoate
BIOMD0000001061,M_3mop_c,(S)-3-Methyl-2-oxopentanoate
BIOMD0000001061,M_3ocddec5eACP_c,3-oxo-cis-dodec-5-enoyl-[acyl-carrier protein]
BIOMD0000001061,M_3ocmrs7eACP_c,3-oxo-cis-myristol-7-eoyl-[acyl-carrier protein]
BIOMD0000001061,M_3ocpalm9eACP_c,3-oxo-cis-palm-9-eoyl-[acyl-carrier protein]
BIOMD0000001061,M_3ocvac11eACP_c,3-oxo-cis-vacc-11-enoyl-[acyl-carrier protein]
BIOMD0000001061,M_3odcoa_c,3-Oxodecanoyl-CoA
BIOMD0000001061,M_3oddcoa_c,3-Oxododecanoyl-CoA
BIOMD0000001061,M_3oddecACP_c,3-Oxododecanoyl-[acyl-carrier protein]
BIOMD0000001061,M_3odecACP_c,3-Oxodecanoyl-[acyl-carrier protein]
BIOMD0000001061,M_3ohcoa_c,3-Oxohexanoyl-CoA
BIOMD0000001061,M_3ohdcoa_c,3-Oxohexadecanoyl-CoA
BIOMD0000001061,M_3ohexACP_c,3-Oxohexanoyl-[acyl-carrier protein]
BIOMD0000001061,M_3ohodcoa_c,3-Oxooctadecanoyl-CoA
BIOMD0000001061,M_3omrsACP_c,3-Oxotetradecanoyl-[acyl-carrier protein]
BIOMD0000001061,M_3oocoa_c,3-Oxooctanoyl-CoA
BIOMD0000001061,M_3ooctACP_c,3-Oxooctanoyl-[acyl-carrier protein]
BIOMD0000001061,M_3ooctdACP_c,3-Oxooctadecanoyl-[acyl-carrier protein]
BIOMD0000001061,M_3opalmACP_c,3-Oxohexadecanoyl-[acyl-carrier protein]
BIOMD0000001061,M_3ophb_c,3-Octaprenyl-4-hydroxybenzoate
BIOMD0000001061,M_3otdcoa_c,3-Oxotetradecanoyl-CoA
BIOMD0000001061,M_3oxdhscoa_c,"3-oxo-5,6-dehydrosuberyl-CoA"
BIOMD0000001061,M_3pg_c,3-Phospho-D-glycerate
BIOMD0000001061,M_3php_c,3-Phosphohydroxypyruvate
BIOMD0000001061,M_3psme_c,5-O-(1-Carboxyvinyl)-3-phosphoshikimate
BIOMD0000001061,M_3sala_c,3-Sulfino-L-alanine
BIOMD0000001061,M_4abut_c,4-Aminobutanoate
BIOMD0000001061,M_4abutn_c,4-Aminobutanal
BIOMD0000001061,M_4abz_c,4-Aminobenzoate
BIOMD0000001061,M_4adcho_c,4-amino-4-deoxychorismate
BIOMD0000001061,M_4ahmmp_c,4-Amino-5-hydroxymethyl-2-methylpyrimidine
BIOMD0000001061,M_4ampm_c,4-Amino-2-methyl-5-phosphomethylpyrimidine
BIOMD0000001061,M_4c2me_c,4-(cytidine 5'-diphospho)-2-C-methyl-D-erythritol
BIOMD0000001061,M_4crsol_c,P-Cresol
BIOMD0000001061,M_4fe4s_c,[4Fe-4S] iron-sulfur cluster
BIOMD0000001061,M_4hba_c,4-Hydroxy-benzyl alcohol
BIOMD0000001061,M_4hbz_c,4-Hydroxybenzoate
BIOMD0000001061,M_4hthr_c,4-Hydroxy-L-threonine
BIOMD0000001061,M_4mop_c,4-Methyl-2-oxopentanoate
BIOMD0000001061,M_4mpetz_c,4-Methyl-5-(2-phosphoethyl)-thiazole
BIOMD0000001061,M_4pasp_c,4-Phospho-L-aspartate
BIOMD0000001061,M_4per_c,4-Phospho-D-erythronate
BIOMD0000001061,M_4ppan_c,D-4'-Phosphopantothenate
BIOMD0000001061,M_4ppcys_c,N-((R)-4-Phosphopantothenoyl)-L-cysteine
BIOMD0000001061,M_4r5au_c,4-(1-D-Ribitylamino)-5-aminouracil
BIOMD0000001061,M_5aizc_c,5-amino-1-(5-phospho-D-ribosyl)imidazole-4-carboxylate
BIOMD0000001061,M_5aop_c,5-Amino-4-oxopentanoate
BIOMD0000001061,M_5aprbu_c,5-Amino-6-(5'-phosphoribitylamino)uracil
BIOMD0000001061,M_5apru_c,5-Amino-6-(5'-phosphoribosylamino)uracil
BIOMD0000001061,M_5caiz_c,5-phosphoribosyl-5-carboxyaminoimidazole
BIOMD0000001061,M_5fthf_c,5-Formyltetrahydrofolate
BIOMD0000001061,M_5hbzid_c,5-hydroxybenzimidazole
BIOMD0000001061,M_5mta_c,5-Methylthioadenosine
BIOMD0000001061,M_5mthf_c,5-Methyltetrahydrofolate
BIOMD0000001061,M_5prdmbz_c,"N1-(5-Phospho-alpha-D-ribosyl)-5,6-dimethylbenzimidazole"
BIOMD0000001061,M_6hmhpt_c,6-hydroxymethyl dihydropterin
BIOMD0000001061,M_6hmhptpp_c,6-hydroxymethyl-dihydropterin pyrophosphate
BIOMD0000001061,M_6pgc_c,6-Phospho-D-gluconate
BIOMD0000001061,M_6pgl_c,"6-phospho-D-glucono-1,5-lactone"
BIOMD0000001061,M_8aonn_c,8-Amino-7-oxononanoate
BIOMD0000001061,M_ACP_c,Acyl carrier protein
BIOMD0000001061,M_LalaDgluMdapDala_c,"L-alanine-D-glutamate-meso-2,6-diaminoheptanedioate-D-alanine"
BIOMD0000001061,M_LalaDgluMdapDala_p,"L-alanine-D-glutamate-meso-2,6-diaminoheptanedioate-D-alanine"
BIOMD0000001061,M_LalaDgluMdap_c,"L-alanine-D-glutamate-meso-2,6-diaminoheptanedioate"
BIOMD0000001061,M_LalaDgluMdap_p,"L-alanine-D-glutamate-meso-2,6-diaminoheptanedioate"
BIOMD0000001061,M_Sfglutth_c,S-Formylglutathione
BIOMD0000001061,M_aacoa_c,Acetoacetyl-CoA
BIOMD0000001061,M_acACP_c,Acetyl-ACP
BIOMD0000001061,M_ac_c,Acetate
BIOMD0000001061,M_ac_e,Acetate
BIOMD0000001061,M_ac_p,Acetate
BIOMD0000001061,M_acald_c,Acetaldehyde
BIOMD0000001061,M_accoa_c,Acetyl-CoA
BIOMD0000001061,M_acg5p_c,N-Acetyl-L-glutamyl 5-phosphate
BIOMD0000001061,M_acg5sa_c,N-Acetyl-L-glutamate 5-semialdehyde
BIOMD0000001061,M_acgam1p_c,N-Acetyl-D-glucosamine 1-phosphate
BIOMD0000001061,M_acgam_c,N-Acetyl-D-glucosamine
BIOMD0000001061,M_acglu_c,N-Acetyl-L-glutamate
BIOMD0000001061,M_achms_c,O Acetyl L homoserine C6H11NO4
BIOMD0000001061,M_acmana_c,N-Acetyl-D-mannosamine
BIOMD0000001061,M_acmum6p_c,N-acetylmuramate 6-phosphate
BIOMD0000001061,M_acorn_c,N2-Acetyl-L-ornithine
BIOMD0000001061,M_acser_c,O-Acetyl-L-serine
BIOMD0000001061,M_actACP_c,Acetoacetyl-ACP
BIOMD0000001061,M_actn__R_c,R  Acetoin C4H8O2
BIOMD0000001061,M_actp_c,Acetyl phosphate
BIOMD0000001061,M_adcobdam_c,Adenosyl cobyrinate diamide
BIOMD0000001061,M_adcobhex_c,Adenosyl-cobyric acid
BIOMD0000001061,M_ade_c,Adenine
BIOMD0000001061,M_adn_c,Adenosine
BIOMD0000001061,M_adocbi_c,Adenosyl cobinamide
BIOMD0000001061,M_adocbip_c,Adenosyl cobinamide phosphate
BIOMD0000001061,M_adocbl_c,Adenosylcobalamin
BIOMD0000001061,M_adocbl_p,Adenosylcobalamin
BIOMD0000001061,M_adp_c,ADP C10H12N5O10P2
BIOMD0000001061,M_adpglc_c,ADPglucose C16H23N5O15P2
BIOMD0000001061,M_adprib_c,ADPribose C15H21N5O14P2
BIOMD0000001061,M_agdpcbi_c,Adenosine-GDP-cobinamide
BIOMD0000001061,M_agm_c,Agmatine
BIOMD0000001061,M_ahcys_c,S-Adenosyl-L-homocysteine
BIOMD0000001061,M_ahdt_c,"2-Amino-4-hydroxy-6-(erythro-1,2,3-trihydroxypropyl)dihydropteridine triphosphate"
BIOMD0000001061,M_aicar_c,5-Amino-1-(5-Phospho-D-ribosyl)imidazole-4-carboxamide
BIOMD0000001061,M_air_c,5-amino-1-(5-phospho-D-ribosyl)imidazole
BIOMD0000001061,M_akg_c,2-Oxoglutarate
BIOMD0000001061,M_akg_p,2-Oxoglutarate
BIOMD0000001061,M_ala_B_c,Beta-Alanine
BIOMD0000001061,M_ala__D_c,D-Alanine
BIOMD0000001061,M_ala__D_e,D-Alanine
BIOMD0000001061,M_ala__D_p,D-Alanine
BIOMD0000001061,M_ala__L_c,L-Alanine
BIOMD0000001061,M_ala__L_p,L-Alanine
BIOMD0000001061,M_alaala_c,D-Alanyl-D-alanine
BIOMD0000001061,M_alaala_e,D-Alanyl-D-alanine
BIOMD0000001061,M_alaala_p,D-Alanyl-D-alanine
BIOMD0000001061,M_alac__S_c,(S)-2-Acetolactate
BIOMD0000001061,M_alatrna_c,L-Alanyl-tRNA(Ala)
BIOMD0000001061,M_alltn_c,Allantoin
BIOMD0000001061,M_alltn_e,Allantoin
BIOMD0000001061,M_alltt_c,Allantoate
BIOMD0000001061,M_alpro_c,S Aminomethyldihydrolipoylprotein CH6NS2X
BIOMD0000001061,M_amet_c,S-Adenosyl-L-methionine
BIOMD0000001061,M_ametam_c,S-Adenosylmethioninamine
BIOMD0000001061,M_amob_c,S-Adenosyl-4-methylthio-2-oxobutanoate
BIOMD0000001061,M_amp_c,AMP C10H12N5O7P
BIOMD0000001061,M_anhgm3p_c,N-Acetyl-D-glucosamine(anhydrous)N-Acetylmuramyl-tripeptide
BIOMD0000001061,M_anhgm3p_p,N-Acetyl-D-glucosamine(anhydrous)N-Acetylmuramyl-tripeptide
BIOMD0000001061,M_anhgm4p_c,N-Acetyl-D-glucosamine(anhydrous)N-Acetylmuramyl-tetrapeptide
BIOMD0000001061,M_anhgm4p_p,N-Acetyl-D-glucosamine(anhydrous)N-Acetylmuramyl-tetrapeptide
BIOMD0000001061,M_anhgm_c,N-Acetyl-D-glucosamine(anhydrous)N-Acetylmuramic acid
BIOMD0000001061,M_anhgm_p,N-Acetyl-D-glucosamine(anhydrous)N-Acetylmuramic acid
BIOMD0000001061,M_anhm3p_c,"1,6-anhydrous-N-Acetylmuramyl-tripeptide"
BIOMD0000001061,M_anhm4p_c,"1,6-anhydrous-N-Acetylmuramyl-tetrapeptide"
BIOMD0000001061,M_anhm_c,"1,6-anhydrous-N-Acetylmuramate"
BIOMD0000001061,M_anth_c,Anthranilate
BIOMD0000001061,M_ap4a_c,"P1,P4-Bis(5'-adenosyl) tetraphosphate"
BIOMD0000001061,M_ap5a_c,"P1,P5-Bis(5'-adenosyl) pentaphosphate"
BIOMD0000001061,M_apoACP_c,Apoprotein [acyl carrier protein]
BIOMD0000001061,M_applp_c,D-1-Aminopropan-2-ol O-phosphate
BIOMD0000001061,M_aps_c,Adenosine 5'-phosphosulfate
BIOMD0000001061,M_arab__L_c,L-Arabinose
BIOMD0000001061,M_arab__L_e,L-Arabinose
BIOMD0000001061,M_arab__L_p,L-Arabinose
BIOMD0000001061,M_arg__L_c,L-Arginine
BIOMD0000001061,M_arg__L_e,L-Arginine
BIOMD0000001061,M_arg__L_p,L-Arginine
BIOMD0000001061,M_argsuc_c,N(omega)-(L-Arginino)succinate
BIOMD0000001061,M_asn__L_c,L-Asparagine
BIOMD0000001061,M_asn__L_e,L-Asparagine
BIOMD0000001061,M_asp__L_c,L-Aspartate
BIOMD0000001061,M_asp__L_e,L-Aspartate
BIOMD0000001061,M_asp__L_p,L-Aspartate
BIOMD0000001061,M_aspsa_c,L-Aspartate 4-semialdehyde
BIOMD0000001061,M_asptrna_c,L-Aspartyl-tRNA(Asp)
BIOMD0000001061,M_athr__L_c,L-Allo-threonine
BIOMD0000001061,M_atp_c,ATP C10H12N5O13P3
BIOMD0000001061,M_b2coa_c,Crotonoyl-CoA
BIOMD0000001061,M_benz_e,Benzene
BIOMD0000001061,M_benz_p,Benzene
BIOMD0000001061,M_bglycogen_c,Branching glycogen
BIOMD0000001061,M_btcoa_c,Butanoyl-CoA
BIOMD0000001061,M_btd_RR_c,R R  2 3 Butanediol C4H10O2
BIOMD0000001061,M_btd_RR_e,R R  2 3 Butanediol C4H10O2
BIOMD0000001061,M_btn_c,Biotin
BIOMD0000001061,M_btn_e,Biotin
BIOMD0000001061,M_btoh_e,Butanol
BIOMD0000001061,M_but2eACP_c,But-2-enoyl-[acyl-carrier protein]
BIOMD0000001061,M_butACP_c,Butyryl-ACP (n-C4:0ACP)
BIOMD0000001061,M_but_e,Butyrate (n-C4:0)
BIOMD0000001061,M_but_p,Butyrate (n-C4:0)
BIOMD0000001061,M_butso3_c,Butanesulfonate
BIOMD0000001061,M_butso3_e,Butanesulfonate
BIOMD0000001061,M_butso3_p,Butanesulfonate
BIOMD0000001061,M_bzal_e,Benzaldehyde
BIOMD0000001061,M_bzal_p,Benzaldehyde
BIOMD0000001061,M_bzalc_p,Benzyl alcohol
BIOMD0000001061,M_ca2_c,Calcium
BIOMD0000001061,M_ca2_e,Calcium
BIOMD0000001061,M_ca2_p,Calcium
BIOMD0000001061,M_cbasp_c,N-Carbamoyl-L-aspartate
BIOMD0000001061,M_cbi_c,Cobinamide
BIOMD0000001061,M_cbi_p,Cobinamide
BIOMD0000001061,M_cbl1_c,Cob(I)alamin
BIOMD0000001061,M_cbl1_p,Cob(I)alamin
BIOMD0000001061,M_cbp_c,Carbamoyl phosphate
BIOMD0000001061,M_cd2_c,Cadmium
BIOMD0000001061,M_cd2_e,Cadmium
BIOMD0000001061,M_cd2_p,Cadmium
BIOMD0000001061,M_cddec5eACP_c,Cis-dodec-5-enoyl-[acyl-carrier protein] (n-C12:1)
BIOMD0000001061,M_cdec3eACP_c,Cis-dec-3-enoyl-[acyl-carrier protein] (n-C10:1)
BIOMD0000001061,M_cdp_c,CDP C9H12N3O11P2
BIOMD0000001061,M_cdpdddecg_c,"CDP-1,2-didodecanoylglycerol"
BIOMD0000001061,M_cdpdhdec9eg_c,"CDP-1,2-dihexadec-9-enoylglycerol"
BIOMD0000001061,M_cdpdhdecg_c,"CDP-1,2-dihexadecanoylglycerol"
BIOMD0000001061,M_cdpdodec11eg_c,"CDP-1,2-dioctadec-11-enoylglycerol"
BIOMD0000001061,M_cdpdodecg_c,"CDP-1,2-dioctadecanoylglycerol"
BIOMD0000001061,M_cdpdtdec7eg_c,"CDP-1,2-ditetradec-7-enoylglycerol"
BIOMD0000001061,M_cdpdtdecg_c,"CDP-1,2-ditetradecanoylglycerol"
BIOMD0000001061,M_cdpglyc_c,CDPglycerol C12H19N3O13P2
BIOMD0000001061,M_cgly_c,Cys Gly C5H10N2O3S
BIOMD0000001061,M_cgly_p,Cys Gly C5H10N2O3S
BIOMD0000001061,M_ch4_e,Methane
BIOMD0000001061,M_ch4_p,Methane
BIOMD0000001061,M_chlben_e,Chlorobenzene
BIOMD0000001061,M_chlben_p,Chlorobenzene
BIOMD0000001061,M_chlphenol_e,4-Chlorophenol
BIOMD0000001061,M_chlphenol_p,4-Chlorophenol
BIOMD0000001061,M_chol_c,Choline C5H14NO
BIOMD0000001061,M_chol_p,Choline C5H14NO
BIOMD0000001061,M_chor_c,Chorismate
BIOMD0000001061,M_cit_c,Citrate
BIOMD0000001061,M_citr__L_c,L-Citrulline
BIOMD0000001061,M_citr__L_e,L-Citrulline
BIOMD0000001061,M_cl_c,Chloride
BIOMD0000001061,M_cl_e,Chloride
BIOMD0000001061,M_cl_p,Chloride
BIOMD0000001061,M_clpn120_c,"Cardiolipin (tetradodecanoyl, n-C12:0)"
BIOMD0000001061,M_clpn140_c,"Cardiolipin (tetratetradecanoyl, n-C14:0)"
BIOMD0000001061,M_clpn160_c,"Cardiolipin (tetrahexadecanoyl, n-C16:0)"
BIOMD0000001061,M_clpn161_c,"Cardiolipin (tetrahexadec-9-enoyl, n-C16:1)"
BIOMD0000001061,M_clpn180_c,"Cardiolipin (tetraoctadecanoyl, n-C18:0)"
BIOMD0000001061,M_clpn181_c,"Cardiolipin (tetraoctadec-11-enoyl, n-C18:1)"
BIOMD0000001061,M_cmp_c,CMP C9H12N3O8P
BIOMD0000001061,M_co1dam_c,"Cob(I)yrinate a,c diamide"
BIOMD0000001061,M_co2_c,CO2 CO2
BIOMD0000001061,M_co2_e,CO2 CO2
BIOMD0000001061,M_co2_p,CO2 CO2
BIOMD0000001061,M_co2dam_c,"Cob(II)yrinate a,c diamide"
BIOMD0000001061,M_co_c,Carbon monoxide
BIOMD0000001061,M_co_e,Carbon monoxide
BIOMD0000001061,M_coa_c,Coenzyme A
BIOMD0000001061,M_cobalt2_c,Co2+
BIOMD0000001061,M_cobalt2_e,Co2+
BIOMD0000001061,M_cobalt2_p,Co2+
BIOMD0000001061,M_cobya_c,Cobyrinate
BIOMD0000001061,M_codhpre6_c,Cobalt-dihydro-precorrin 6
BIOMD0000001061,M_colipa_c,Core oligosaccharide lipid A
BIOMD0000001061,M_colipa_p,Core oligosaccharide lipid A
BIOMD0000001061,M_copre2_c,Cobalt-precorrin-2
BIOMD0000001061,M_copre3_c,Cobalt-precorrin 3
BIOMD0000001061,M_copre4_c,Cobalt-precorrin 4
BIOMD0000001061,M_copre5_c,Cobalt-precorrin 5
BIOMD0000001061,M_copre6_c,Cobalt-precorrin 6
BIOMD0000001061,M_copre8_c,Cobalt-precorrin 8
BIOMD0000001061,M_cpppg3_c,Coproporphyrinogen III
BIOMD0000001061,M_crn__D_c,D-Carnitine
BIOMD0000001061,M_crn__D_p,D-Carnitine
BIOMD0000001061,M_crn_c,L-Carnitine
BIOMD0000001061,M_crn_p,L-Carnitine
BIOMD0000001061,M_csn_e,Cytosine
BIOMD0000001061,M_ctbt_c,Crotonobetaine
BIOMD0000001061,M_ctbt_p,Crotonobetaine
BIOMD0000001061,M_ctp_c,CTP C9H12N3O14P3
BIOMD0000001061,M_cu2_c,Copper
BIOMD0000001061,M_cu2_e,Copper
BIOMD0000001061,M_cu2_p,Copper
BIOMD0000001061,M_cu_c,Cu+
BIOMD0000001061,M_cu_e,Cu+
BIOMD0000001061,M_cu_p,Cu+
BIOMD0000001061,M_cys__L_c,L-Cysteine
BIOMD0000001061,M_cys__L_e,L-Cysteine
BIOMD0000001061,M_cys__L_p,L-Cysteine
BIOMD0000001061,M_cyst__L_c,L-Cystathionine
BIOMD0000001061,M_cystrna_c,L-Cysteinyl-tRNA(Cys)
BIOMD0000001061,M_cyt552moxi_c,Membrane Cytochrome c522 oxidized
BIOMD0000001061,M_cyt552mred_c,Membrane Cytochrome c522 reduced
BIOMD0000001061,M_cyt552oxi_p,Cytochrome c552 oxidized
BIOMD0000001061,M_cyt552red_p,Cytochrome c552 reduced
BIOMD0000001061,M_cyt554oxi_c,cytochrome c554
BIOMD0000001061,M_cyt554red_p,cytochrome c554
BIOMD0000001061,M_cytd_c,Cytidine
BIOMD0000001061,M_dad_2_c,Deoxyadenosine
BIOMD0000001061,M_dad_5_c,5'-Deoxyadenosine
BIOMD0000001061,M_dadp_c,DADP C10H12N5O9P2
BIOMD0000001061,M_damp_c,DAMP C10H12N5O6P
BIOMD0000001061,M_dann_c,"7,8-Diaminononanoate"
BIOMD0000001061,M_datp_c,DATP C10H12N5O12P3
BIOMD0000001061,M_db4p_c,"3,4-dihydroxy-2-butanone 4-phosphate"
BIOMD0000001061,M_dc2coa_c,Trans-Dec-2-enoyl-CoA
BIOMD0000001061,M_dcaACP_c,Decanoyl-ACP (n-C10:0ACP)
BIOMD0000001061,M_dca_c,Decanoate (n-C10:0)
BIOMD0000001061,M_dca_p,Decanoate (n-C10:0)
BIOMD0000001061,M_dcacoa_c,Decanoyl-CoA (n-C10:0CoA)
BIOMD0000001061,M_dcamp_c,"N6-(1,2-Dicarboxyethyl)-AMP"
BIOMD0000001061,M_dcdp_c,DCDP C9H12N3O10P2
BIOMD0000001061,M_dcmp_c,DCMP C9H12N3O7P
BIOMD0000001061,M_dctp_c,DCTP C9H12N3O13P3
BIOMD0000001061,M_dcyt_c,Deoxycytidine
BIOMD0000001061,M_dd2coa_c,Trans-Dodec-2-enoyl-CoA
BIOMD0000001061,M_ddcaACP_c,Dodecanoyl-ACP (n-C12:0ACP)
BIOMD0000001061,M_ddca_c,Dodecanoate (n-C12:0)
BIOMD0000001061,M_ddca_p,Dodecanoate (n-C12:0)
BIOMD0000001061,M_ddcacoa_c,Dodecanoyl-CoA (n-C12:0CoA)
BIOMD0000001061,M_ddcap_c,Dodecanoly-phosphate (n-C12:0)
BIOMD0000001061,M_dgdp_c,DGDP C10H12N5O10P2
BIOMD0000001061,M_dgmp_c,DGMP C10H12N5O7P
BIOMD0000001061,M_dgsn_c,Deoxyguanosine
BIOMD0000001061,M_dgtp_c,DGTP C10H12N5O13P3
BIOMD0000001061,M_dhap_c,Dihydroxyacetone phosphate
BIOMD0000001061,M_dhf_c,"7,8-Dihydrofolate"
BIOMD0000001061,M_dhgly_c,Dehydroglycine
BIOMD0000001061,M_dhlpro_c,Dihydrolipolprotein H2S2X
BIOMD0000001061,M_dhna_c,"1,4-Dihydroxy-2-naphthoate"
BIOMD0000001061,M_dhnpt_c,Dihydroneopterin
BIOMD0000001061,M_dhor__S_c,(S)-Dihydroorotate
BIOMD0000001061,M_dhpmp_c,Dihydroneopterin monophosphate
BIOMD0000001061,M_dhpt_c,Dihydropteroate
BIOMD0000001061,M_dimp_c,DIMP C10H12N4O7P
BIOMD0000001061,M_din_c,Deoxyinosine
BIOMD0000001061,M_ditp_c,DITP(4-)
BIOMD0000001061,M_dmbzid_c,"5,6-Dimethylbenzimidazole"
BIOMD0000001061,M_dmlz_c,"6,7-Dimethyl-8-(1-D-ribityl)lumazine"
BIOMD0000001061,M_dmpp_c,Dimethylallyl diphosphate
BIOMD0000001061,M_dnad_c,Deamino-NAD+
BIOMD0000001061,M_dpcoa_c,Dephospho-CoA
BIOMD0000001061,M_dsbdox_c,Fused thiol:disulfide interchange protein (oxidized)
BIOMD0000001061,M_dsbdrd_c,Fused thiol:disulfide interchange protein (reduced)
BIOMD0000001061,M_dscl_c,Dihydrosirohydrochlorin
BIOMD0000001061,M_dtbt_c,Dethiobiotin
BIOMD0000001061,M_dtdp4addg_c,"DTDP-4-amino-4,6-dideoxy-D-galactose"
BIOMD0000001061,M_dtdp4d6dg_c,DTDP-4-dehydro-6-deoxy-D-glucose
BIOMD0000001061,M_dtdp4d6dm_c,DTDP-4-dehydro-6-deoxy-L-mannose
BIOMD0000001061,M_dtdp_c,DTDP C10H13N2O11P2
BIOMD0000001061,M_dtdpglu_c,DTDPglucose
BIOMD0000001061,M_dtdprmn_c,DTDP-L-rhamnose
BIOMD0000001061,M_dtmp_c,DTMP C10H13N2O8P
BIOMD0000001061,M_dttp_c,DTTP C10H13N2O14P3
BIOMD0000001061,M_dudp_c,DUDP C9H11N2O11P2
BIOMD0000001061,M_dump_c,DUMP C9H11N2O8P
BIOMD0000001061,M_duri_c,Deoxyuridine
BIOMD0000001061,M_dutp_c,DUTP C9H11N2O14P3
BIOMD0000001061,M_dxyl5p_c,1-deoxy-D-xylulose 5-phosphate
BIOMD0000001061,M_e4p_c,D-Erythrose 4-phosphate
BIOMD0000001061,M_egmeACP_c,Enoylglutaryl-[acyl-carrier protein] methyl ester
BIOMD0000001061,M_eig3p_c,D-erythro-1-(Imidazol-4-yl)glycerol 3-phosphate
BIOMD0000001061,M_epmeACP_c,Enoylpimeloyl-[acyl-carrier protein] methyl ester
BIOMD0000001061,M_ethso3_c,Ethanesulfonate
BIOMD0000001061,M_ethso3_e,Ethanesulfonate
BIOMD0000001061,M_ethso3_p,Ethanesulfonate
BIOMD0000001061,M_etoh_c,Ethanol
BIOMD0000001061,M_etoh_e,Ethanol
BIOMD0000001061,M_etoh_p,Ethanol
BIOMD0000001061,M_f1p_c,D-Fructose 1-phosphate
BIOMD0000001061,M_f6p_c,D-Fructose 6-phosphate
BIOMD0000001061,M_fad_c,Flavin adenine dinucleotide oxidized
BIOMD0000001061,M_fadh2_c,Flavin adenine dinucleotide reduced
BIOMD0000001061,M_fdp_c,"D-Fructose 1,6-bisphosphate"
BIOMD0000001061,M_fdxo_42_c,Ferredoxin (oxidized form 4:2)
BIOMD0000001061,M_fdxr_42_c,Ferredoxin (reduced form 4:2)
BIOMD0000001061,M_fe2_c,Fe2+ mitochondria
BIOMD0000001061,M_fe2_e,Fe2+ mitochondria
BIOMD0000001061,M_fe2_p,Fe2+ mitochondria
BIOMD0000001061,M_fe3_c,Fe3+
BIOMD0000001061,M_fe3_e,Fe3+
BIOMD0000001061,M_fe3_p,Fe3+
BIOMD0000001061,M_fe_c,Iron
BIOMD0000001061,M_fe_e,Iron
BIOMD0000001061,M_fe_p,Iron
BIOMD0000001061,M_fgam_c,N2-Formyl-N1-(5-phospho-D-ribosyl)glycinamide
BIOMD0000001061,M_fmettrna_c,N-Formylmethionyl-tRNA
BIOMD0000001061,M_fmn_c,FMN C17H19N4O9P
BIOMD0000001061,M_fmnh2_c,Reduced FMN
BIOMD0000001061,M_fol_c,Folate
BIOMD0000001061,M_fol_e,Folate
BIOMD0000001061,M_for_c,Formate
BIOMD0000001061,M_for_e,Formate
BIOMD0000001061,M_for_p,Formate
BIOMD0000001061,M_fpram_c,2-(Formamido)-N1-(5-phospho-D-ribosyl)acetamidine
BIOMD0000001061,M_fprica_c,5-Formamido-1-(5-phospho-D-ribosyl)imidazole-4-carboxamide
BIOMD0000001061,M_frdp_c,Farnesyl diphosphate
BIOMD0000001061,M_fru_e,D-Fructose
BIOMD0000001061,M_fru_p,D-Fructose
BIOMD0000001061,M_fum_c,Fumarate
BIOMD0000001061,M_fum_p,Fumarate
BIOMD0000001061,M_g1p_c,D-Glucose 1-phosphate
BIOMD0000001061,M_g3p_c,Glyceraldehyde 3-phosphate
BIOMD0000001061,M_g3pc_c,Sn-Glycero-3-phosphocholine
BIOMD0000001061,M_g3pc_p,Sn-Glycero-3-phosphocholine
BIOMD0000001061,M_g3pe_c,Sn-Glycero-3-phosphoethanolamine
BIOMD0000001061,M_g3pe_p,Sn-Glycero-3-phosphoethanolamine
BIOMD0000001061,M_g3pg_c,Glycerophosphoglycerol
BIOMD0000001061,M_g3pg_p,Glycerophosphoglycerol
BIOMD0000001061,M_g3pi_c,Sn-Glycero-3-phospho-1-inositol
BIOMD0000001061,M_g3pi_p,Sn-Glycero-3-phospho-1-inositol
BIOMD0000001061,M_g3ps_c,Glycerophosphoserine
BIOMD0000001061,M_g3ps_p,Glycerophosphoserine
BIOMD0000001061,M_g6p_c,D-Glucose 6-phosphate
BIOMD0000001061,M_gal_c,D-Galactose
BIOMD0000001061,M_gal_e,D-Galactose
BIOMD0000001061,M_gal_p,D-Galactose
BIOMD0000001061,M_galctn__D_e,D-Galactonate
BIOMD0000001061,M_galur_e,D-Galacturonate
BIOMD0000001061,M_galur_p,D-Galacturonate
BIOMD0000001061,M_gam1p_c,D-Glucosamine 1-phosphate
BIOMD0000001061,M_gam6p_c,D-Glucosamine 6-phosphate
BIOMD0000001061,M_gar_c,N1-(5-Phospho-D-ribosyl)glycinamide
BIOMD0000001061,M_gcald_c,Glycolaldehyde
BIOMD0000001061,M_gdp_c,GDP C10H12N5O11P2
BIOMD0000001061,M_gdpmann_c,GDP-D-mannose
BIOMD0000001061,M_gdptp_c,Guanosine 3'-diphosphate 5'-triphosphate
BIOMD0000001061,M_ggdp_c,Geranylgeranyl diphosphate C20H33O7P2
BIOMD0000001061,M_glc__D_c,D-Glucose
BIOMD0000001061,M_glc__D_e,D-Glucose
BIOMD0000001061,M_glc__D_p,D-Glucose
BIOMD0000001061,M_glcn_e,D-Gluconate
BIOMD0000001061,M_glcn_p,D-Gluconate
BIOMD0000001061,M_glcur_e,D-Glucuronate
BIOMD0000001061,M_glcur_p,D-Glucuronate
BIOMD0000001061,M_gln__L_c,L-Glutamine
BIOMD0000001061,M_gln__L_e,L-Glutamine
BIOMD0000001061,M_gln__L_p,L-Glutamine
BIOMD0000001061,M_glntrna_c,L-Glutaminyl-tRNA(Gln)
BIOMD0000001061,M_glu1sa_c,L-Glutamate 1-semialdehyde
BIOMD0000001061,M_glu5p_c,L-Glutamate 5-phosphate
BIOMD0000001061,M_glu5sa_c,L-Glutamate 5-semialdehyde
BIOMD0000001061,M_glu__D_c,D-Glutamate
BIOMD0000001061,M_glu__L_c,L-Glutamate
BIOMD0000001061,M_glu__L_e,L-Glutamate
BIOMD0000001061,M_glu__L_p,L-Glutamate
BIOMD0000001061,M_glucys_c,Gamma-L-Glutamyl-L-cysteine
BIOMD0000001061,M_glutrna_c,L-Glutamyl-tRNA(Glu)
BIOMD0000001061,M_glx_c,Glyoxylate
BIOMD0000001061,M_gly_c,Glycine
BIOMD0000001061,M_gly_e,Glycine
BIOMD0000001061,M_glyald_c,D-Glyceraldehyde
BIOMD0000001061,M_glyb_c,Glycine betaine
BIOMD0000001061,M_glyb_e,Glycine betaine
BIOMD0000001061,M_glyb_p,Glycine betaine
BIOMD0000001061,M_glyc2p_c,Glycerol 2-phosphate
BIOMD0000001061,M_glyc2p_p,Glycerol 2-phosphate
BIOMD0000001061,M_glyc3p_c,Glycerol 3-phosphate
BIOMD0000001061,M_glyc3p_p,Glycerol 3-phosphate
BIOMD0000001061,M_glyc__R_c,(R)-Glycerate
BIOMD0000001061,M_glyc_c,Glycerol
BIOMD0000001061,M_glyc_e,Glycerol
BIOMD0000001061,M_glyc_p,Glycerol
BIOMD0000001061,M_glyclt_c,Glycolate C2H3O3
BIOMD0000001061,M_glyclt_p,Glycolate C2H3O3
BIOMD0000001061,M_glycogen_c,Glycogen C6H10O5
BIOMD0000001061,M_glytrna_c,Glycyl-tRNA(Gly)
BIOMD0000001061,M_gmeACP_c,Glutaryl-[acyl-carrier protein] methyl ester
BIOMD0000001061,M_gmp_c,GMP C10H12N5O8P
BIOMD0000001061,M_gp4g_c,"P1,P4-Bis(5'-guanosyl) tetraphosphate"
BIOMD0000001061,M_grdp_c,Geranyl diphosphate
BIOMD0000001061,M_grxox_c,Glutaredoxin (oxidized)
BIOMD0000001061,M_grxrd_c,Glutaredoxin (reduced)
BIOMD0000001061,M_gsn_c,Guanosine
BIOMD0000001061,M_gthox_c,Oxidized glutathione
BIOMD0000001061,M_gthrd_c,Reduced glutathione
BIOMD0000001061,M_gthrd_p,Reduced glutathione
BIOMD0000001061,M_gtp_c,GTP C10H12N5O14P3
BIOMD0000001061,M_h2_c,Hydrogen
BIOMD0000001061,M_h2_e,Hydrogen
BIOMD0000001061,M_h2_p,Hydrogen
BIOMD0000001061,M_h2mb4p_c,1-hydroxy-2-methyl-2-(E)-butenyl 4-diphosphate
BIOMD0000001061,M_h2o2_c,Hydrogen peroxide
BIOMD0000001061,M_h2o2_p,Hydrogen peroxide
BIOMD0000001061,M_h2o_c,H2O H2O
BIOMD0000001061,M_h2o_e,H2O H2O
BIOMD0000001061,M_h2o_p,H2O H2O
BIOMD0000001061,M_h2s_c,Hydrogen sulfide
BIOMD0000001061,M_h_c,H+
BIOMD0000001061,M_h_e,H+
BIOMD0000001061,M_h_p,H+
BIOMD0000001061,M_ham_c,Hydroxylamine
BIOMD0000001061,M_ham_e,Hydroxylamine
BIOMD0000001061,M_ham_p,Hydroxylamine
BIOMD0000001061,M_hcit_c,2 Hydroxybutane 1 2 4 tricarboxylate C7H7O7
BIOMD0000001061,M_hco3_c,Bicarbonate
BIOMD0000001061,M_hco3_e,Bicarbonate
BIOMD0000001061,M_hco3_p,Bicarbonate
BIOMD0000001061,M_hcys__L_c,L-Homocysteine
BIOMD0000001061,M_hdca_c,Hexadecanoate (n-C16:0)
BIOMD0000001061,M_hdca_p,Hexadecanoate (n-C16:0)
BIOMD0000001061,M_hdcap_c,Hexadecanoyl-phosphate (n-C16:0)
BIOMD0000001061,M_hdcea_c,Hexadecenoate (n-C16:1)
BIOMD0000001061,M_hdcea_p,Hexadecenoate (n-C16:1)
BIOMD0000001061,M_hdceap_c,Hexadecanoyl-phosphate (n-C16:1)
BIOMD0000001061,M_hdd2coa_c,Trans-Hexadec-2-enoyl-CoA
BIOMD0000001061,M_hdeACP_c,Cis-hexadec-9-enoyl-[acyl-carrier protein] (n-C16:1)
BIOMD0000001061,M_hexACP_c,Hexanoyl-ACP (n-C6:0ACP)
BIOMD0000001061,M_hgmeACP_c,3-Hydroxyglutaryl-[acyl-carrier protein] methyl ester
BIOMD0000001061,M_his__L_c,L-Histidine
BIOMD0000001061,M_his__L_e,L-Histidine
BIOMD0000001061,M_his__L_p,L-Histidine
BIOMD0000001061,M_hisp_c,L-Histidinol phosphate
BIOMD0000001061,M_histd_c,L-Histidinol
BIOMD0000001061,M_histrna_c,L-Histidyl-tRNA(His)
BIOMD0000001061,M_hmbil_c,Hydroxymethylbilane
BIOMD0000001061,M_hmgth_c,Hydroxymethylglutathione
BIOMD0000001061,M_hom__L_c,L-Homoserine
BIOMD0000001061,M_hpmeACP_c,3-Hydroxypimeloyl-[acyl-carrier protein] methyl ester
BIOMD0000001061,M_hqn_e,Hydroquinone
BIOMD0000001061,M_hqn_p,Hydroquinone
BIOMD0000001061,M_hx2coa_c,Trans-Hex-2-enoyl-CoA
BIOMD0000001061,M_hxcoa_c,Hexanoyl-CoA (n-C6:0CoA)
BIOMD0000001061,M_iasp_c,Iminoaspartate
BIOMD0000001061,M_icit_c,Isocitrate
BIOMD0000001061,M_idp_c,IDP C10H11N4O11P2
BIOMD0000001061,M_ile__L_c,L-Isoleucine
BIOMD0000001061,M_ile__L_e,L-Isoleucine
BIOMD0000001061,M_ile__L_p,L-Isoleucine
BIOMD0000001061,M_iletrna_c,L-Isoleucyl-tRNA(Ile)
BIOMD0000001061,M_imacp_c,3-(Imidazol-4-yl)-2-oxopropyl phosphate
BIOMD0000001061,M_imp_c,IMP C10H11N4O8P
BIOMD0000001061,M_indole_c,Indole
BIOMD0000001061,M_indole_p,Indole
BIOMD0000001061,M_inost_c,Myo-Inositol
BIOMD0000001061,M_ins_c,Inosine
BIOMD0000001061,M_ipdp_c,Isopentenyl diphosphate
BIOMD0000001061,M_iscs_c,IscS sulfur acceptor protein
BIOMD0000001061,M_iscssh_c,IscS with bound sulfur
BIOMD0000001061,M_iscu_2fe2s_c,IscU with bound [2Fe-2S] cluster
BIOMD0000001061,M_iscu_4fe4s_c,IscU with bound [4Fe-4S] cluster
BIOMD0000001061,M_iscu_c,IscU scaffold protein
BIOMD0000001061,M_isetac_c,Isethionic acid
BIOMD0000001061,M_isetac_e,Isethionic acid
BIOMD0000001061,M_isetac_p,Isethionic acid
BIOMD0000001061,M_itp_c,ITP C10H11N4O14P3
BIOMD0000001061,M_k_c,Potassium
BIOMD0000001061,M_k_e,Potassium
BIOMD0000001061,M_k_p,Potassium
BIOMD0000001061,M_kdo2lipid4_c,KDO(2)-lipid IV(A)
BIOMD0000001061,M_kdo2lipid4_p,KDO(2)-lipid IV(A)
BIOMD0000001061,M_lac__D_c,D-Lactate
BIOMD0000001061,M_lac__D_e,D-Lactate
BIOMD0000001061,M_lac__L_e,L-Lactate
BIOMD0000001061,M_lald__D_c,D-Lactaldehyde
BIOMD0000001061,M_lald__L_c,L-Lactaldehyde
BIOMD0000001061,M_leu__L_c,L-Leucine
BIOMD0000001061,M_leu__L_e,L-Leucine
BIOMD0000001061,M_leu__L_p,L-Leucine
BIOMD0000001061,M_leutrna_c,L-Leucyl-tRNA(Leu)
BIOMD0000001061,M_lgt__S_c,(R)-S-Lactoylglutathione
BIOMD0000001061,M_lipa_c,KDO(2)-lipid (A)
BIOMD0000001061,M_lipa_cold_c,Cold adapted KDO(2)-lipid (A)
BIOMD0000001061,M_lipa_cold_p,Cold adapted KDO(2)-lipid (A)
BIOMD0000001061,M_lipa_p,KDO(2)-lipid (A)
BIOMD0000001061,M_lipopb_c,Lipoate (protein bound)
BIOMD0000001061,M_lpro_c,Lipoylprotein S2X
BIOMD0000001061,M_lys__L_c,L-Lysine
BIOMD0000001061,M_lys__L_e,L-Lysine
BIOMD0000001061,M_lys__L_p,L-Lysine
BIOMD0000001061,M_lystrna_c,L-Lysine-tRNA (Lys)
BIOMD0000001061,M_malACP_c,Malonyl-[acyl-carrier protein]
BIOMD0000001061,M_mal__L_c,L-Malate
BIOMD0000001061,M_mal__L_p,L-Malate
BIOMD0000001061,M_malcoa_c,Malonyl CoA C24H33N7O19P3S
BIOMD0000001061,M_malcoame_c,Malonyl-CoA methyl ester
BIOMD0000001061,M_malt_c,Maltose C12H22O11
BIOMD0000001061,M_malt_e,Maltose C12H22O11
BIOMD0000001061,M_malt_p,Maltose C12H22O11
BIOMD0000001061,M_malthx_c,Maltohexaose
BIOMD0000001061,M_malthx_e,Maltohexaose
BIOMD0000001061,M_malthx_p,Maltohexaose
BIOMD0000001061,M_maltpt_c,Maltopentaose
BIOMD0000001061,M_maltpt_p,Maltopentaose
BIOMD0000001061,M_malttr_c,Maltotriose C18H32O16
BIOMD0000001061,M_malttr_e,Maltotriose C18H32O16
BIOMD0000001061,M_malttr_p,Maltotriose C18H32O16
BIOMD0000001061,M_maltttr_c,Maltotetraose
BIOMD0000001061,M_maltttr_p,Maltotetraose
BIOMD0000001061,M_man1p_c,D-Mannose 1-phosphate
BIOMD0000001061,M_man6p_c,D-Mannose 6-phosphate
BIOMD0000001061,M_man_e,D-Mannose
BIOMD0000001061,M_man_p,D-Mannose
BIOMD0000001061,M_meoh_c,Methanol
BIOMD0000001061,M_meoh_e,Methanol
BIOMD0000001061,M_meoh_p,Methanol
BIOMD0000001061,M_met__D_c,D-Methionine
BIOMD0000001061,M_met__D_p,D-Methionine
BIOMD0000001061,M_met__L_c,L-Methionine
BIOMD0000001061,M_met__L_e,L-Methionine
BIOMD0000001061,M_met__L_p,L-Methionine
BIOMD0000001061,M_methf_c,"5,10-Methenyltetrahydrofolate"
BIOMD0000001061,M_metsox_R__L_c,L-methionine-R-sulfoxide
BIOMD0000001061,M_metsox_S__L_c,L-Methionine Sulfoxide
BIOMD0000001061,M_mettrna_c,L-Methionyl-tRNA (Met)
BIOMD0000001061,M_mg2_c,Magnesium
BIOMD0000001061,M_mg2_e,Magnesium
BIOMD0000001061,M_mg2_p,Magnesium
BIOMD0000001061,M_mi1p__D_c,1D-myo-Inositol 1-phosphate
BIOMD0000001061,M_mlthf_c,"5,10-Methylenetetrahydrofolate"
BIOMD0000001061,M_mn2_c,Manganese
BIOMD0000001061,M_mn2_e,Manganese
BIOMD0000001061,M_mn2_p,Manganese
BIOMD0000001061,M_moadamp_c,MoaD Protein with bound AMP
BIOMD0000001061,M_moadcoo_c,MoaD Protein with carboxylate
BIOMD0000001061,M_mobd_c,Molybdate
BIOMD0000001061,M_mobd_e,Molybdate
BIOMD0000001061,M_mobd_p,Molybdate
BIOMD0000001061,M_mql8_c,Menaquinol 8
BIOMD0000001061,M_mqn8_c,Menaquinone 8
BIOMD0000001061,M_mso3_c,Methanesulfonate
BIOMD0000001061,M_mso3_e,Methanesulfonate
BIOMD0000001061,M_mso3_p,Methanesulfonate
BIOMD0000001061,M_mthgxl_c,Methylglyoxal
BIOMD0000001061,M_mththf_c,"(2R,4S)-2-methyl-2,3,3,4-tetrahydroxytetrahydrofuran"
BIOMD0000001061,M_mththf_p,"(2R,4S)-2-methyl-2,3,3,4-tetrahydroxytetrahydrofuran"
BIOMD0000001061,M_murein3p3p_p,"Two linked disacharide tripeptide murein units (uncrosslinked, middle of chain)"
BIOMD0000001061,M_murein3px4p_p,"Two disacharide linked murein units, tripeptide crosslinked tetrapeptide (A2pm->D-ala) (middle of chain)"
BIOMD0000001061,M_murein4p3p_e,"Two linked disacharide tetrapeptide and tripeptide murein units (uncrosslinked, middle of chain)"
BIOMD0000001061,M_murein4p3p_p,"Two linked disacharide tetrapeptide and tripeptide murein units (uncrosslinked, middle of chain)"
BIOMD0000001061,M_murein4p4p_e,"Two linked disacharide tetrapeptide murein units (uncrosslinked, middle of chain)"
BIOMD0000001061,M_murein4p4p_p,"Two linked disacharide tetrapeptide murein units (uncrosslinked, middle of chain)"
BIOMD0000001061,M_murein4px4p4p_p,"Three disacharide linked murein units (tetrapeptide crosslinked tetrapeptide (A2pm->D-ala), one uncrosslinked tetrapaptide) (middle of chain)"
BIOMD0000001061,M_murein4px4p_e,"Two disacharide linked murein units, tetrapeptide corsslinked tetrapeptide (A2pm->D-ala) (middle of chain)"
BIOMD0000001061,M_murein4px4p_p,"Two disacharide linked murein units, tetrapeptide corsslinked tetrapeptide (A2pm->D-ala) (middle of chain)"
BIOMD0000001061,M_murein4px4px4p_e,Three disacharide linked murein units (tetrapeptide crosslinked tetrapeptide (A2pm->D-ala) & tetrapeptide corsslinked tetrapeptide (A2pm->D-ala)) (middle of chain)
BIOMD0000001061,M_murein4px4px4p_p,Three disacharide linked murein units (tetrapeptide crosslinked tetrapeptide (A2pm->D-ala) & tetrapeptide corsslinked tetrapeptide (A2pm->D-ala)) (middle of chain)
BIOMD0000001061,M_murein5p3p_e,"Two linked disacharide pentapeptide and tripeptide murein units (uncrosslinked, middle of chain)"
BIOMD0000001061,M_murein5p3p_p,"Two linked disacharide pentapeptide and tripeptide murein units (uncrosslinked, middle of chain)"
BIOMD0000001061,M_murein5p4p_e,"Two linked disacharide pentapeptide and tetrapeptide murein units (uncrosslinked, middle of chain)"
BIOMD0000001061,M_murein5p4p_p,"Two linked disacharide pentapeptide and tetrapeptide murein units (uncrosslinked, middle of chain)"
BIOMD0000001061,M_murein5p5p5p_e,"Three linked disacharide pentapeptide murein units (uncrosslinked, middle of chain)"
BIOMD0000001061,M_murein5p5p5p_p,"Three linked disacharide pentapeptide murein units (uncrosslinked, middle of chain)"
BIOMD0000001061,M_murein5p5p_e,"Two linked disacharide pentapeptide murein units (uncrosslinked, middle of chain)"
BIOMD0000001061,M_murein5p5p_p,"Two linked disacharide pentapeptide murein units (uncrosslinked, middle of chain)"
BIOMD0000001061,M_murein5px3p_e,"Two disacharide linked murein units, pentapeptide corsslinked tripeptide (A2pm->A2pm) (middle of chain)"
BIOMD0000001061,M_murein5px4p_e,"Two disacharide linked murein units, pentapeptide crosslinked tetrapeptide (A2pm->D-ala) (middle of chain)"
BIOMD0000001061,M_murein5px4p_p,"Two disacharide linked murein units, pentapeptide crosslinked tetrapeptide (A2pm->D-ala) (middle of chain)"
BIOMD0000001061,M_murein5px4px4p_e,Three disacharide linked murein units (pentapeptide crosslinked tetrapeptide (A2pm->D-ala) tetrapeptide corsslinked tetrapeptide (A2pm->D-ala)) (middle of chain)
BIOMD0000001061,M_murein5px4px4p_p,Three disacharide linked murein units (pentapeptide crosslinked tetrapeptide (A2pm->D-ala) tetrapeptide corsslinked tetrapeptide (A2pm->D-ala)) (middle of chain)
BIOMD0000001061,M_myrsACP_c,Myristoyl-ACP (n-C14:0ACP)
BIOMD0000001061,M_n2o_c,Nitrous oxide
BIOMD0000001061,M_n2o_e,Nitrous oxide
BIOMD0000001061,M_n2o_p,Nitrous oxide
BIOMD0000001061,M_na1_c,Sodium
BIOMD0000001061,M_na1_e,Sodium
BIOMD0000001061,M_na1_p,Sodium
BIOMD0000001061,M_nac_c,Nicotinate
BIOMD0000001061,M_nad_c,Nicotinamide adenine dinucleotide
BIOMD0000001061,M_nadh_c,Nicotinamide adenine dinucleotide - reduced
BIOMD0000001061,M_nadhx__R_c,(R)-NADHX
BIOMD0000001061,M_nadhx__S_c,"Adenosine 5'-(3-{5-[(2S)-5-carbamoyl-2-hydroxy-3,4-dihydropyridin-1-yl]-5-deoxy-?-D-ribofuranosyl} dihydrogen diphosphate)"
BIOMD0000001061,M_nadp_c,Nicotinamide adenine dinucleotide phosphate
BIOMD0000001061,M_nadph_c,Nicotinamide adenine dinucleotide phosphate - reduced
BIOMD0000001061,M_nadphx__R_c,(R)-NADPHX
BIOMD0000001061,M_nadphx__S_c,(S)-NADPHX
BIOMD0000001061,M_nh4_c,Ammonium
BIOMD0000001061,M_nh4_e,Ammonium
BIOMD0000001061,M_nh4_p,Ammonium
BIOMD0000001061,M_nicrnt_c,Nicotinate D-ribonucleotide
BIOMD0000001061,M_nmn_c,NMN C11H14N2O8P
BIOMD0000001061,M_no2_c,Nitrite
BIOMD0000001061,M_no2_e,Nitrite
BIOMD0000001061,M_no2_p,nitrite
BIOMD0000001061,M_no3_e,Nitrate
BIOMD0000001061,M_no3_p,Nitrate
BIOMD0000001061,M_no_c,Nitric oxide
BIOMD0000001061,M_no_e,Nitric oxide
BIOMD0000001061,M_no_p,Nitric oxide
BIOMD0000001061,M_nphtl_e,Naphthalene
BIOMD0000001061,M_nphtl_p,Naphthalene
BIOMD0000001061,M_o2_c,O2 O2
BIOMD0000001061,M_o2_e,O2 O2
BIOMD0000001061,M_o2_p,O2 O2
BIOMD0000001061,M_o2s_c,Superoxide anion
BIOMD0000001061,M_oaa_c,Oxaloacetate
BIOMD0000001061,M_oc2coa_c,Trans-Oct-2-enoyl-CoA
BIOMD0000001061,M_ocACP_c,Octanoyl-ACP (n-C8:0ACP)
BIOMD0000001061,M_occoa_c,Octanoyl-CoA (n-C8:0CoA)
BIOMD0000001061,M_ocdcaACP_c,Octadecanoyl-ACP (n-C18:0ACP)
BIOMD0000001061,M_ocdca_c,Octadecanoate (n-C18:0)
BIOMD0000001061,M_ocdca_p,Octadecanoate (n-C18:0)
BIOMD0000001061,M_ocdcap_c,Octadecanoyl-phosphate (n-C18:0)
BIOMD0000001061,M_ocdcea_c,Octadecenoate (n-C18:1)
BIOMD0000001061,M_ocdcea_p,Octadecenoate (n-C18:1)
BIOMD0000001061,M_ocdceap_c,Octadecanoyl-phosphate (n-C18:1)
BIOMD0000001061,M_octa_c,Octanoate (n-C8:0)
BIOMD0000001061,M_octa_p,Octanoate (n-C8:0)
BIOMD0000001061,M_octapb_c,Octanoate (protein bound)
BIOMD0000001061,M_octdp_c,All-trans-Octaprenyl diphosphate
BIOMD0000001061,M_octeACP_c,Cis-octadec-11-enoyl-[acyl-carrier protein] (n-C18:1)
BIOMD0000001061,M_od2coa_c,Trans-Octadec-2-enoyl-CoA
BIOMD0000001061,M_ogmeACP_c,3-Oxo-glutaryl-[acyl-carrier protein] methyl ester
BIOMD0000001061,M_ohpb_c,2-Oxo-3-hydroxy-4-phosphobutanoate
BIOMD0000001061,M_opmeACP_c,3-Oxo-pimeloyl-[acyl-carrier protein] methyl ester
BIOMD0000001061,M_orn_c,Ornithine
BIOMD0000001061,M_orn_p,Ornithine
BIOMD0000001061,M_orot5p_c,Orotidine 5'-phosphate
BIOMD0000001061,M_orot_c,Orotate C5H3N2O4
BIOMD0000001061,M_orot_p,Orotate C5H3N2O4
BIOMD0000001061,M_oxadpcoa_c,3-Oxoadipyl-CoA
BIOMD0000001061,M_pa120_c,"1,2-didodecanoyl-sn-glycerol 3-phosphate"
BIOMD0000001061,M_pa120_p,"1,2-didodecanoyl-sn-glycerol 3-phosphate"
BIOMD0000001061,M_pa140_c,"1,2-ditetradecanoyl-sn-glycerol 3-phosphate"
BIOMD0000001061,M_pa140_p,"1,2-ditetradecanoyl-sn-glycerol 3-phosphate"
BIOMD0000001061,M_pa141_c,"1,2-ditetradec-7-enoyl-sn-glycerol 3-phosphate"
BIOMD0000001061,M_pa141_p,"1,2-ditetradec-7-enoyl-sn-glycerol 3-phosphate"
BIOMD0000001061,M_pa160_c,"1,2-dihexadecanoyl-sn-glycerol 3-phosphate"
BIOMD0000001061,M_pa160_p,"1,2-dihexadecanoyl-sn-glycerol 3-phosphate"
BIOMD0000001061,M_pa161_c,"1,2-dihexadec-9-enoyl-sn-glycerol 3-phosphate"
BIOMD0000001061,M_pa161_p,"1,2-dihexadec-9-enoyl-sn-glycerol 3-phosphate"
BIOMD0000001061,M_pa180_c,"1,2-dioctadecanoyl-sn-glycerol 3-phosphate"
BIOMD0000001061,M_pa180_p,"1,2-dioctadecanoyl-sn-glycerol 3-phosphate"
BIOMD0000001061,M_pa181_c,"1,2-dioctadec-11-enoyl-sn-glycerol 3-phosphate"
BIOMD0000001061,M_pa181_p,"1,2-dioctadec-11-enoyl-sn-glycerol 3-phosphate"
BIOMD0000001061,M_palmACP_c,Palmitoyl-ACP (n-C16:0ACP)
BIOMD0000001061,M_pan4p_c,Pantetheine 4'-phosphate
BIOMD0000001061,M_pant__R_c,(R)-Pantoate
BIOMD0000001061,M_pap_c,"Adenosine 3',5'-bisphosphate"
BIOMD0000001061,M_paps_c,3'-Phosphoadenylyl sulfate
BIOMD0000001061,M_pdx5p_c,Pyridoxine 5'-phosphate
BIOMD0000001061,M_pe120_c,"Phosphatidylethanolamine (didodecanoyl, n-C12:0)"
BIOMD0000001061,M_pe120_p,"Phosphatidylethanolamine (didodecanoyl, n-C12:0)"
BIOMD0000001061,M_pe140_c,"Phosphatidylethanolamine (ditetradecanoyl, n-C14:0)"
BIOMD0000001061,M_pe140_p,"Phosphatidylethanolamine (ditetradecanoyl, n-C14:0)"
BIOMD0000001061,M_pe141_c,"Phosphatidylethanolamine (ditetradec-7-enoyl, n-C14:1)"
BIOMD0000001061,M_pe141_p,"Phosphatidylethanolamine (ditetradec-7-enoyl, n-C14:1)"
BIOMD0000001061,M_pe160_c,"Phosphatidylethanolamine (dihexadecanoyl, n-C16:0)"
BIOMD0000001061,M_pe160_p,"Phosphatidylethanolamine (dihexadecanoyl, n-C16:0)"
BIOMD0000001061,M_pe161_c,"Phosphatidylethanolamine (dihexadec-9enoyl, n-C16:1)"
BIOMD0000001061,M_pe161_p,"Phosphatidylethanolamine (dihexadec-9enoyl, n-C16:1)"
BIOMD0000001061,M_pe180_c,"Phosphatidylethanolamine (dioctadecanoyl, n-C18:0)"
BIOMD0000001061,M_pe180_p,"Phosphatidylethanolamine (dioctadecanoyl, n-C18:0)"
BIOMD0000001061,M_pe181_c,"Phosphatidylethanolamine (dioctadec-11-enoyl, n-C18:1)"
BIOMD0000001061,M_pe181_p,"Phosphatidylethanolamine (dioctadec-11-enoyl, n-C18:1)"
BIOMD0000001061,M_pep_c,Phosphoenolpyruvate
BIOMD0000001061,M_pg120_c,"Phosphatidylglycerol (didodecanoyl, n-C12:0)"
BIOMD0000001061,M_pg120_p,"Phosphatidylglycerol (didodecanoyl, n-C12:0)"
BIOMD0000001061,M_pg140_c,"Phosphatidylglycerol (ditetradecanoyl, n-C14:0)"
BIOMD0000001061,M_pg140_p,"Phosphatidylglycerol (ditetradecanoyl, n-C14:0)"
BIOMD0000001061,M_pg141_c,"Phosphatidylglycerol (ditetradec-7-enoyl, n-C14:1)"
BIOMD0000001061,M_pg141_p,"Phosphatidylglycerol (ditetradec-7-enoyl, n-C14:1)"
BIOMD0000001061,M_pg160_c,"Phosphatidylglycerol (dihexadecanoyl, n-C16:0)"
BIOMD0000001061,M_pg160_p,"Phosphatidylglycerol (dihexadecanoyl, n-C16:0)"
BIOMD0000001061,M_pg161_c,"Phosphatidylglycerol (dihexadec-9-enoyl, n-C16:1)"
BIOMD0000001061,M_pg161_p,"Phosphatidylglycerol (dihexadec-9-enoyl, n-C16:1)"
BIOMD0000001061,M_pg180_c,"Phosphatidylglycerol (dioctadecanoyl, n-C18:0)"
BIOMD0000001061,M_pg180_p,"Phosphatidylglycerol (dioctadecanoyl, n-C18:0)"
BIOMD0000001061,M_pg181_c,"Phosphatidylglycerol (dioctadec-11-enoyl, n-C18:1)"
BIOMD0000001061,M_pg181_p,"Phosphatidylglycerol (dioctadec-11-enoyl, n-C18:1)"
BIOMD0000001061,M_pgp120_c,"Phosphatidylglycerophosphate (didodecanoyl, n-C12:0)"
BIOMD0000001061,M_pgp120_p,"Phosphatidylglycerophosphate (didodecanoyl, n-C12:0)"
BIOMD0000001061,M_pgp140_c,"Phosphatidylglycerophosphate (ditetradecanoyl, n-C14:0)"
BIOMD0000001061,M_pgp140_p,"Phosphatidylglycerophosphate (ditetradecanoyl, n-C14:0)"
BIOMD0000001061,M_pgp141_c,"Phosphatidylglycerophosphate (ditetradec-7-enoyl, n-C14:1)"
BIOMD0000001061,M_pgp141_p,"Phosphatidylglycerophosphate (ditetradec-7-enoyl, n-C14:1)"
BIOMD0000001061,M_pgp160_c,"Phosphatidylglycerophosphate (dihexadecanoyl, n-C16:0)"
BIOMD0000001061,M_pgp160_p,"Phosphatidylglycerophosphate (dihexadecanoyl, n-C16:0)"
BIOMD0000001061,M_pgp161_c,"Phosphatidylglycerophosphate (dihexadec-9-enoyl, n-C16:1)"
BIOMD0000001061,M_pgp161_p,"Phosphatidylglycerophosphate (dihexadec-9-enoyl, n-C16:1)"
BIOMD0000001061,M_pgp180_c,"Phosphatidylglycerophosphate (dioctadecanoyl, n-C18:0)"
BIOMD0000001061,M_pgp180_p,"Phosphatidylglycerophosphate (dioctadecanoyl, n-C18:0)"
BIOMD0000001061,M_pgp181_c,"Phosphatidylglycerophosphate (dioctadec-11-enoyl, n-C18:1)"
BIOMD0000001061,M_pgp181_p,"Phosphatidylglycerophosphate (dioctadec-11-enoyl, n-C18:1)"
BIOMD0000001061,M_phe__L_c,L-Phenylalanine
BIOMD0000001061,M_pheme_c,Protoheme C34H30FeN4O4
BIOMD0000001061,M_pheme_p,Protoheme C34H30FeN4O4
BIOMD0000001061,M_phenol_e,Phenol
BIOMD0000001061,M_phenol_p,Phenol
BIOMD0000001061,M_phetrna_c,L-Phenylalanyl-tRNA(Phe)
BIOMD0000001061,M_phom_c,O-Phospho-L-homoserine
BIOMD0000001061,M_phpyr_c,Phenylpyruvate
BIOMD0000001061,M_phthr_c,O-Phospho-4-hydroxy-L-threonine
BIOMD0000001061,M_pi_c,Phosphate
BIOMD0000001061,M_pi_e,Phosphate
BIOMD0000001061,M_pi_p,Phosphate
BIOMD0000001061,M_pimACP_c,Pimeloyl-[acyl-carrier protein]
BIOMD0000001061,M_pmcoa_c,Pimeloyl-CoA
BIOMD0000001061,M_pmeACP_c,Pimeloyl-[acyl-carrier protein] methyl ester
BIOMD0000001061,M_pmtcoa_c,Palmitoyl-CoA (n-C16:0CoA)
BIOMD0000001061,M_pnto__R_c,(R)-Pantothenate
BIOMD0000001061,M_ppa_c,Propionate (n-C3:0)
BIOMD0000001061,M_ppa_e,Propionate (n-C3:0)
BIOMD0000001061,M_ppa_p,Propionate (n-C3:0)
BIOMD0000001061,M_ppap_c,Propanoyl phosphate
BIOMD0000001061,M_ppbng_c,Porphobilinogen
BIOMD0000001061,M_ppcoa_c,Propanoyl-CoA
BIOMD0000001061,M_ppgpp_c,"Guanosine 3',5'-bis(diphosphate)"
BIOMD0000001061,M_pphn_c,Prephenate
BIOMD0000001061,M_ppi_c,Diphosphate
BIOMD0000001061,M_ppp9_c,Protoporphyrin
BIOMD0000001061,M_pppg9_c,Protoporphyrinogen IX
BIOMD0000001061,M_pppi_c,Inorganic triphosphate
BIOMD0000001061,M_pram_c,5-Phospho-beta-D-ribosylamine
BIOMD0000001061,M_pran_c,N-(5-Phospho-D-ribosyl)anthranilate
BIOMD0000001061,M_prbamp_c,1-(5-Phosphoribosyl)-AMP
BIOMD0000001061,M_prbatp_c,1-(5-Phosphoribosyl)-ATP
BIOMD0000001061,M_prfp_c,1-(5-Phosphoribosyl)-5-[(5-phosphoribosylamino)methylideneamino]imidazole-4-carboxamide
BIOMD0000001061,M_prlp_c,5-[(5-phospho-1-deoxyribulos-1-ylamino)methylideneamino]-1-(5-phosphoribosyl)imidazole-4-carboxamide
BIOMD0000001061,M_pro__L_c,L-Proline
BIOMD0000001061,M_pro__L_e,L-Proline
BIOMD0000001061,M_pro__L_p,L-Proline
BIOMD0000001061,M_progly_c,L-Prolinylglycine
BIOMD0000001061,M_progly_p,L-Prolinylglycine
BIOMD0000001061,M_protrna_c,L-Prolyl-tRNA(Pro)
BIOMD0000001061,M_prpp_c,5-Phospho-alpha-D-ribose 1-diphosphate
BIOMD0000001061,M_ps140_c,"Phosphatidylserine (ditetradecanoyl, n-C14:0)"
BIOMD0000001061,M_ps160_c,"Phosphatidylserine (dihexadecanoyl, n-C16:0)"
BIOMD0000001061,M_ps161_c,"Phosphatidylserine (dihexadec-9-enoyl, n-C16:1)"
BIOMD0000001061,M_ps181_c,"Phosphatidylserine (dioctadec-11-enoyl, n-C18:1)"
BIOMD0000001061,M_pser__L_c,O-Phospho-L-serine
BIOMD0000001061,M_ptrc_c,Putrescine
BIOMD0000001061,M_ptrc_e,Putrescine
BIOMD0000001061,M_ptrc_p,Putrescine
BIOMD0000001061,M_pyam5p_c,Pyridoxamine 5'-phosphate
BIOMD0000001061,M_pydx5p_c,Pyridoxal 5'-phosphate
BIOMD0000001061,M_pydxn_e,Pyridoxine
BIOMD0000001061,M_pyr_c,Pyruvate
BIOMD0000001061,M_pyr_e,Pyruvate
BIOMD0000001061,M_pyr_p,Pyruvate
BIOMD0000001061,M_q8_c,Ubiquinone-8
BIOMD0000001061,M_q8h2_c,Ubiquinol-8
BIOMD0000001061,M_quln_c,Quinolinate
BIOMD0000001061,M_r1p_c,Alpha-D-Ribose 1-phosphate
BIOMD0000001061,M_r5p_c,Alpha-D-Ribose 5-phosphate
BIOMD0000001061,M_rb15bp_c,"D-Ribulose 1,5-bisphosphate"
BIOMD0000001061,M_rbflvrd_c,Reduced riboflavin
BIOMD0000001061,M_rdmbzi_c,"N1-(alpha-D-ribosyl)-5,6-dimethylbenzimidazole"
BIOMD0000001061,M_rhcys_c,S-Ribosyl-L-homocysteine
BIOMD0000001061,M_rib__D_c,D-Ribose
BIOMD0000001061,M_rib__D_e,D-Ribose
BIOMD0000001061,M_rib__D_p,D-Ribose
BIOMD0000001061,M_ribflv_c,Riboflavin C17H20N4O6
BIOMD0000001061,M_ribflv_e,Riboflavin C17H20N4O6
BIOMD0000001061,M_rmn_e,L-Rhamnose
BIOMD0000001061,M_ru5p__D_c,D-Ribulose 5-phosphate
BIOMD0000001061,M_s17bp_c,"Sedoheptulose 1,7-bisphosphate"
BIOMD0000001061,M_s7p_c,Sedoheptulose 7-phosphate
BIOMD0000001061,M_s_c,Sulfur
BIOMD0000001061,M_scl_c,Sirohydrochlorin
BIOMD0000001061,M_sel_c,Selenate
BIOMD0000001061,M_sel_p,Selenate
BIOMD0000001061,M_seln_c,Selenide
BIOMD0000001061,M_selnp_c,Selenophosphate
BIOMD0000001061,M_ser__D_e,D-Serine
BIOMD0000001061,M_ser__L_c,L-Serine
BIOMD0000001061,M_ser__L_e,L-Serine
BIOMD0000001061,M_sertrna_c,L-Seryl-tRNA(Ser)
BIOMD0000001061,M_sertrna_sec_c,L-Seryl-tRNA(Sec)
BIOMD0000001061,M_sheme_c,Siroheme C42H36FeN4O16
BIOMD0000001061,M_skm5p_c,Shikimate 5-phosphate
BIOMD0000001061,M_skm_c,Shikimate
BIOMD0000001061,M_skm_p,Shikimate
BIOMD0000001061,M_sl26da_c,"N-Succinyl-LL-2,6-diaminoheptanedioate"
BIOMD0000001061,M_sl2a6o_c,N-Succinyl-2-L-amino-6-oxoheptanedioate
BIOMD0000001061,M_slnt_c,Selenite
BIOMD0000001061,M_slnt_p,Selenite
BIOMD0000001061,M_so2_c,Sulfur dioxide
BIOMD0000001061,M_so3_c,Sulfite
BIOMD0000001061,M_so3_e,Sulfite
BIOMD0000001061,M_so3_p,Sulfite
BIOMD0000001061,M_so4_c,Sulfate
BIOMD0000001061,M_so4_e,Sulfate
BIOMD0000001061,M_so4_p,Sulfate
BIOMD0000001061,M_spmd_c,Spermidine
BIOMD0000001061,M_spmd_e,Spermidine
BIOMD0000001061,M_spmd_p,Spermidine
BIOMD0000001061,M_stcoa_c,Stearoyl-CoA (n-C18:0CoA)
BIOMD0000001061,M_succ_c,Succinate
BIOMD0000001061,M_succ_p,Succinate
BIOMD0000001061,M_succoa_c,Succinyl-CoA
BIOMD0000001061,M_suchms_c,O-Succinyl-L-homoserine
BIOMD0000001061,M_sucsal_c,Succinic semialdehyde
BIOMD0000001061,M_sufbcd_2fe2s2_c,SufBCD with two bound [2Fe-2S] clusters
BIOMD0000001061,M_sufbcd_2fe2s_c,SufBCD with bound [2Fe-2S] cluster
BIOMD0000001061,M_sufbcd_4fe4s_c,SufBCD with bound [4Fe-4S] cluster
BIOMD0000001061,M_sufbcd_c,SufBCD scaffold complex
BIOMD0000001061,M_sufse_c,SufSE sulfur acceptor complex
BIOMD0000001061,M_sufsesh_c,SufSE with bound sulfur
BIOMD0000001061,M_sulfac_c,Sulfoacetate
BIOMD0000001061,M_sulfac_e,Sulfoacetate
BIOMD0000001061,M_sulfac_p,Sulfoacetate
BIOMD0000001061,M_t3c11vaceACP_c,Trans-3-cis-11-vacceoyl-[acyl-carrier protein]
BIOMD0000001061,M_t3c5ddeceACP_c,Trans-3-cis-5-dodecenoyl-[acyl-carrier protein]
BIOMD0000001061,M_t3c7mrseACP_c,Trans-3-cis-7-myristoleoyl-[acyl-carrier protein]
BIOMD0000001061,M_t3c9palmeACP_c,Trans-3-cis-9-palmitoleoyl-[acyl-carrier protein]
BIOMD0000001061,M_taur_c,Taurine C2H7NO3S
BIOMD0000001061,M_taur_e,Taurine C2H7NO3S
BIOMD0000001061,M_taur_p,Taurine C2H7NO3S
BIOMD0000001061,M_td2coa_c,Trans-Tetradec-2-enoyl-CoA
BIOMD0000001061,M_tdcoa_c,Tetradecanoyl-CoA (n-C14:0CoA)
BIOMD0000001061,M_tddec2eACP_c,Trans-Dodec-2-enoyl-[acyl-carrier protein]
BIOMD0000001061,M_tdeACP_c,Cis-tetradec-7-enoyl-[acyl-carrier protein] (n-C14:1)
BIOMD0000001061,M_tdec2eACP_c,Trans-Dec-2-enoyl-[acyl-carrier protein]
BIOMD0000001061,M_tdp_c,Tdp
BIOMD0000001061,M_teca_CL_c,"Glycerol teichoic acid (n=25), unlinked, D-ala (specific CL)"
BIOMD0000001061,M_thdp_c,"2,3,4,5-Tetrahydrodipicolinate"
BIOMD0000001061,M_thex2eACP_c,Trans-Hex-2-enoyl-[acyl-carrier protein]
BIOMD0000001061,M_thf_c,"5,6,7,8-Tetrahydrofolate"
BIOMD0000001061,M_thfglu_c,Tetrahydrofolyl Glu 2  C24H27N8O9
BIOMD0000001061,M_thm_c,Thiamin
BIOMD0000001061,M_thm_e,Thiamin
BIOMD0000001061,M_thm_p,Thiamin
BIOMD0000001061,M_thmmp_c,Thiamin monophosphate
BIOMD0000001061,M_thmpp_c,Thiamine diphosphate
BIOMD0000001061,M_thr__L_c,L-Threonine
BIOMD0000001061,M_thr__L_p,L-Threonine
BIOMD0000001061,M_thrp_c,L-Threonine O-3-phosphate
BIOMD0000001061,M_thrtrna_c,L-Threonyl-tRNA(Thr)
BIOMD0000001061,M_thymd_c,Thymidine C10H14N2O5
BIOMD0000001061,M_tmp_c,Trimetaphosphate P3O9
BIOMD0000001061,M_tmrs2eACP_c,Trans-Tetradec-2-enoyl-[acyl-carrier protein]
BIOMD0000001061,M_toct2eACP_c,Trans-Oct-2-enoyl-[acyl-carrier protein]
BIOMD0000001061,M_toctd2eACP_c,Trans-octadec-2-enoyl-[acyl-carrier protein]
BIOMD0000001061,M_tol_e,Toluene
BIOMD0000001061,M_tol_p,Toluene
BIOMD0000001061,M_tpalm2eACP_c,Trans-Hexadec-2-enoyl-[acyl-carrier protein]
BIOMD0000001061,M_trdox_c,Oxidized thioredoxin
BIOMD0000001061,M_trdrd_c,Reduced thioredoxin
BIOMD0000001061,M_trnaala_c,TRNA(Ala)
BIOMD0000001061,M_trnaasp_c,TRNA(Asp)
BIOMD0000001061,M_trnacys_c,TRNA(Cys)
BIOMD0000001061,M_trnagln_c,TRNA(Gln)
BIOMD0000001061,M_trnaglu_c,TRNA (Glu)
BIOMD0000001061,M_trnagly_c,TRNA(Gly)
BIOMD0000001061,M_trnahis_c,TRNA(His)
BIOMD0000001061,M_trnaile_c,TRNA(Ile)
BIOMD0000001061,M_trnaleu_c,TRNA(Leu)
BIOMD0000001061,M_trnalys_c,TRNA(Lys)
BIOMD0000001061,M_trnamet_c,TRNA(Met)
BIOMD0000001061,M_trnaphe_c,TRNA(Phe)
BIOMD0000001061,M_trnapro_c,TRNA(Pro)
BIOMD0000001061,M_trnasecys_c,TRNA(SeCys)
BIOMD0000001061,M_trnaser_c,TRNA(Ser)
BIOMD0000001061,M_trnathr_c,TRNA(Thr)
BIOMD0000001061,M_trnaval_c,TRNA(Val)
BIOMD0000001061,M_trp__L_c,L-Tryptophan
BIOMD0000001061,M_trp__L_e,L-Tryptophan
BIOMD0000001061,M_tsul_c,Thiosulfate
BIOMD0000001061,M_tsul_e,Thiosulfate
BIOMD0000001061,M_tsul_p,Thiosulfate
BIOMD0000001061,M_ttdca_c,Tetradecanoate (n-C14:0)
BIOMD0000001061,M_ttdca_p,Tetradecanoate (n-C14:0)
BIOMD0000001061,M_ttdcap_c,Tetradecanoyl-phosphate (n-C14:0)
BIOMD0000001061,M_ttdcea_c,Tetradecenoate (n-C14:1)
BIOMD0000001061,M_ttdcea_p,Tetradecenoate (n-C14:1)
BIOMD0000001061,M_ttdceap_c,Tetradecanoyl-phosphate (n-C14:1)
BIOMD0000001061,M_ttp_c,Ttp
BIOMD0000001061,M_tyr__L_c,L-Tyrosine
BIOMD0000001061,M_uaagmda_c,"Undecaprenyl-diphospho-N-acetylmuramoyl-(N-acetylglucosamine)-L-ala-D-glu-meso-2,6-diaminopimeloyl-D-ala-D-ala"
BIOMD0000001061,M_uaagmda_e,"Undecaprenyl-diphospho-N-acetylmuramoyl-(N-acetylglucosamine)-L-ala-D-glu-meso-2,6-diaminopimeloyl-D-ala-D-ala"
BIOMD0000001061,M_uaagmda_p,"Undecaprenyl-diphospho-N-acetylmuramoyl-(N-acetylglucosamine)-L-ala-D-glu-meso-2,6-diaminopimeloyl-D-ala-D-ala"
BIOMD0000001061,M_uaccg_c,UDP-N-acetyl-3-O-(1-carboxyvinyl)-D-glucosamine
BIOMD0000001061,M_uacgam_c,UDP-N-acetyl-D-glucosamine
BIOMD0000001061,M_uacmam_c,UDP-N-acetyl-D-mannosamine
BIOMD0000001061,M_uagmda_c,"Undecaprenyl-diphospho-N-acetylmuramoyl-L-alanyl-D-glutamyl-meso-2,6-diaminopimeloyl-D-alanyl-D-alanine"
BIOMD0000001061,M_uama_c,UDP-N-acetylmuramoyl-L-alanine
BIOMD0000001061,M_uamag_c,UDP-N-acetylmuramoyl-L-alanyl-D-glutamate
BIOMD0000001061,M_uamr_c,UDP-N-acetylmuramate
BIOMD0000001061,M_udcpdp_c,Undecaprenyl diphosphate
BIOMD0000001061,M_udcpdp_e,Undecaprenyl diphosphate
BIOMD0000001061,M_udcpdp_p,Undecaprenyl diphosphate
BIOMD0000001061,M_udcpp_c,Undecaprenyl phosphate
BIOMD0000001061,M_udcpp_e,Undecaprenyl phosphate
BIOMD0000001061,M_udcpp_p,Undecaprenyl phosphate
BIOMD0000001061,M_udp_c,UDP C9H11N2O12P2
BIOMD0000001061,M_udpg_c,UDPglucose
BIOMD0000001061,M_udpgal_c,UDPgalactose
BIOMD0000001061,M_udpglcur_c,UDP-D-glucuronate
BIOMD0000001061,M_ugmd_c,"UDP-N-acetylmuramoyl-L-alanyl-D-gamma-glutamyl-meso-2,6-diaminopimelate"
BIOMD0000001061,M_ugmda_c,"UDP-N-acetylmuramoyl-L-alanyl-D-glutamyl-meso-2,6-diaminopimeloyl-D-alanyl-D-alanine"
BIOMD0000001061,M_um4p_c,"UDP-N-acetylmuramoyl-L-alanyl-D-gamma-glutamyl-meso-2,6-diaminopimelate-D-alanine"
BIOMD0000001061,M_ump_c,UMP C9H11N2O9P
BIOMD0000001061,M_uppg3_c,Uroporphyrinogen III
BIOMD0000001061,M_ura_e,Uracil
BIOMD0000001061,M_urea_c,Urea CH4N2O
BIOMD0000001061,M_urea_e,Urea CH4N2O
BIOMD0000001061,M_urea_p,Urea CH4N2O
BIOMD0000001061,M_uri_c,Uridine
BIOMD0000001061,M_utp_c,UTP C9H11N2O15P3
BIOMD0000001061,M_val__L_c,L-Valine
BIOMD0000001061,M_val__L_e,L-Valine
BIOMD0000001061,M_val__L_p,L-Valine
BIOMD0000001061,M_valtrna_c,L-Valyl-tRNA(Val)
BIOMD0000001061,M_xan_e,Xanthine
BIOMD0000001061,M_xmp_c,Xanthosine 5'-phosphate
BIOMD0000001061,M_xtp_c,XTP
BIOMD0000001061,M_xtsn_c,Xanthosine
BIOMD0000001061,M_xu5p__D_c,D-Xylulose 5-phosphate
BIOMD0000001061,M_xyl__D_c,D-Xylose
BIOMD0000001061,M_xyl__D_e,D-Xylose
BIOMD0000001061,M_xyl__D_p,D-Xylose
BIOMD0000001061,M_zn2_c,Zinc
BIOMD0000001061,M_zn2_e,Zinc
BIOMD0000001061,M_zn2_p,Zinc
BIOMD0000001062,M_10fthf_c,10-Formyltetrahydrofolate
BIOMD0000001062,M_12dgr120_c,"1,2-Diacyl-sn-glycerol (didodecanoyl, n-C12:0)"
BIOMD0000001062,M_12dgr120_p,"1,2-Diacyl-sn-glycerol (didodecanoyl, n-C12:0)"
BIOMD0000001062,M_12dgr140_c,"1,2-Diacyl-sn-glycerol (ditetradecanoyl, n-C14:0)"
BIOMD0000001062,M_12dgr140_p,"1,2-Diacyl-sn-glycerol (ditetradecanoyl, n-C14:0)"
BIOMD0000001062,M_12dgr141_c,"1,2-Diacyl-sn-glycerol (ditetradec-7-enoyl, n-C14:1)"
BIOMD0000001062,M_12dgr141_p,"1,2-Diacyl-sn-glycerol (ditetradec-7-enoyl, n-C14:1)"
BIOMD0000001062,M_12dgr160_c,"1,2-Diacyl-sn-glycerol (dihexadecanoyl, n-C16:0)"
BIOMD0000001062,M_12dgr160_p,"1,2-Diacyl-sn-glycerol (dihexadecanoyl, n-C16:0)"
BIOMD0000001062,M_12dgr161_c,"1,2-Diacyl-sn-glycerol (dihexadec-9-enoyl, n-C16:1)"
BIOMD0000001062,M_12dgr161_p,"1,2-Diacyl-sn-glycerol (dihexadec-9-enoyl, n-C16:1)"
BIOMD0000001062,M_12dgr180_c,"1,2-Diacyl-sn-glycerol (dioctadecanoyl, n-C18:0)"
BIOMD0000001062,M_12dgr180_p,"1,2-Diacyl-sn-glycerol (dioctadecanoyl, n-C18:0)"
BIOMD0000001062,M_12dgr181_c,"1,2-Diacyl-sn-glycerol (dioctadec-11-enoyl, n-C18:1)"
BIOMD0000001062,M_12dgr181_p,"1,2-Diacyl-sn-glycerol (dioctadec-11-enoyl, n-C18:1)"
BIOMD0000001062,M_12ppd__R_c,"(R)-Propane-1,2-diol"
BIOMD0000001062,M_12ppd__R_e,"(R)-Propane-1,2-diol"
BIOMD0000001062,M_12ppd__R_p,"(R)-Propane-1,2-diol"
BIOMD0000001062,M_12ppd__S_c,"(S)-Propane-1,2-diol"
BIOMD0000001062,M_12ppd__S_e,"(S)-Propane-1,2-diol"
BIOMD0000001062,M_12ppd__S_p,"(S)-Propane-1,2-diol"
BIOMD0000001062,M_13dpg_c,3-Phospho-D-glyceroyl phosphate
BIOMD0000001062,M_13ppd_c,"1,3-Propanediol"
BIOMD0000001062,M_13ppd_e,"1,3-Propanediol"
BIOMD0000001062,M_14dhncoa_c,"1,4-dihydroxy-2-napthoyl-CoA"
BIOMD0000001062,M_14glucan_c,"1,4-alpha-D-glucan"
BIOMD0000001062,M_14glucan_e,"1,4-alpha-D-glucan"
BIOMD0000001062,M_14glucan_p,"1,4-alpha-D-glucan"
BIOMD0000001062,M_15dap_c,"1,5-Diaminopentane"
BIOMD0000001062,M_15dap_e,"1,5-Diaminopentane"
BIOMD0000001062,M_15dap_p,"1,5-Diaminopentane"
BIOMD0000001062,M_1agpe120_p,1-Acyl-sn-glycero-3-phosphoethanolamine (n-C12:0)
BIOMD0000001062,M_1agpe140_p,1-Acyl-sn-glycero-3-phosphoethanolamine (n-C14:0)
BIOMD0000001062,M_1agpe141_p,1-Acyl-sn-glycero-3-phosphoethanolamine (n-C14:1)
BIOMD0000001062,M_1agpe160_p,1-Acyl-sn-glycero-3-phosphoethanolamine (n-C16:0)
BIOMD0000001062,M_1agpe161_p,1-Acyl-sn-glycero-3-phosphoethanolamine (n-C16:1)
BIOMD0000001062,M_1agpe180_p,1-Acyl-sn-glycero-3-phosphoethanolamine (n-C18:0)
BIOMD0000001062,M_1agpe181_p,1-Acyl-sn-glycero-3-phosphoethanolamine (n-C18:1)
BIOMD0000001062,M_1agpg120_p,1-Acyl-sn-glycero-3-phosphoglycerol (n-C12:0)
BIOMD0000001062,M_1agpg140_p,1-Acyl-sn-glycero-3-phosphoglycerol (n-C14:0)
BIOMD0000001062,M_1agpg141_p,1-Acyl-sn-glycero-3-phosphoglycerol (n-C14:1)
BIOMD0000001062,M_1agpg160_p,1-Acyl-sn-glycero-3-phosphoglycerol (n-C16:0)
BIOMD0000001062,M_1agpg161_p,1-Acyl-sn-glycero-3-phosphoglycerol (n-C16:1)
BIOMD0000001062,M_1agpg180_p,1-Acyl-sn-glycero-3-phosphoglycerol (n-C18:0)
BIOMD0000001062,M_1agpg181_p,1-Acyl-sn-glycero-3-phosphoglycerol (n-C18:1)
BIOMD0000001062,M_1ddecg3p_c,1-dodecanoyl-sn-glycerol 3-phosphate
BIOMD0000001062,M_1ddecg3p_p,1-dodecanoyl-sn-glycerol 3-phosphate
BIOMD0000001062,M_1hdec9eg3p_c,1-hexadec-9-enoyl-sn-glycerol 3-phosphate
BIOMD0000001062,M_1hdec9eg3p_p,1-hexadec-9-enoyl-sn-glycerol 3-phosphate
BIOMD0000001062,M_1hdecg3p_c,1-hexadecanoyl-sn-glycerol 3-phosphate
BIOMD0000001062,M_1hdecg3p_p,1-hexadecanoyl-sn-glycerol 3-phosphate
BIOMD0000001062,M_1odec11eg3p_c,1-octadec-11-enoyl-sn-glycerol 3-phosphate
BIOMD0000001062,M_1odec11eg3p_p,1-octadec-11-enoyl-sn-glycerol 3-phosphate
BIOMD0000001062,M_1odecg3p_c,1-octadecanoyl-sn-glycerol 3-phosphate
BIOMD0000001062,M_1odecg3p_p,1-octadecanoyl-sn-glycerol 3-phosphate
BIOMD0000001062,M_1pyr5c_c,1-Pyrroline-5-carboxylate
BIOMD0000001062,M_1tdec7eg3p_c,1-tetradec-7-enoyl-sn-glycerol 3-phosphate
BIOMD0000001062,M_1tdec7eg3p_p,1-tetradec-7-enoyl-sn-glycerol 3-phosphate
BIOMD0000001062,M_1tdecg3p_c,1-tetradecanoyl-sn-glycerol 3-phosphate
BIOMD0000001062,M_1tdecg3p_p,1-tetradecanoyl-sn-glycerol 3-phosphate
BIOMD0000001062,M_23camp_e,"2',3'-Cyclic AMP"
BIOMD0000001062,M_23camp_p,"2',3'-Cyclic AMP"
BIOMD0000001062,M_23ccmp_e,"2',3'-Cyclic CMP"
BIOMD0000001062,M_23ccmp_p,"2',3'-Cyclic CMP"
BIOMD0000001062,M_23cgmp_e,"2',3'-Cyclic GMP"
BIOMD0000001062,M_23cgmp_p,"2',3'-Cyclic GMP"
BIOMD0000001062,M_23cump_e,"2',3'-Cyclic UMP"
BIOMD0000001062,M_23cump_p,"2',3'-Cyclic UMP"
BIOMD0000001062,M_23dappa_c,"2,3-diaminopropionate"
BIOMD0000001062,M_23dappa_e,"2,3-diaminopropionate"
BIOMD0000001062,M_23dappa_p,"2,3-diaminopropionate"
BIOMD0000001062,M_23ddhb_c,"2,3-Dihydro-2,3-dihydroxybenzoate"
BIOMD0000001062,M_23dhacoa_c,"2,3-dehydroadipyl-CoA"
BIOMD0000001062,M_23dhb_c,"2,3-Dihydroxybenzoate"
BIOMD0000001062,M_23dhba_c,"(2,3-Dihydroxybenzoyl)adenylate"
BIOMD0000001062,M_23dhbzs3_c,2-3-dihydroxybenzoylserine trimer
BIOMD0000001062,M_23dhbzs3_e,2-3-dihydroxybenzoylserine trimer
BIOMD0000001062,M_23dhbzs_c,"2,3-dihydroxybenzoylserine"
BIOMD0000001062,M_23dhdp_c,"2,3-Dihydrodipicolinate"
BIOMD0000001062,M_23dhmb_c,"(R)-2,3-Dihydroxy-3-methylbutanoate"
BIOMD0000001062,M_23dhmp_c,"(R)-2,3-Dihydroxy-3-methylpentanoate"
BIOMD0000001062,M_23doguln_c,"2,3-Dioxo-L-gulonate"
BIOMD0000001062,M_23doguln_p,"2,3-Dioxo-L-gulonate"
BIOMD0000001062,M_25aics_c,(S)-2-[5-Amino-1-(5-phospho-D-ribosyl)imidazole-4-carboxamido]succinate
BIOMD0000001062,M_25dkglcn_c,"2,5-diketo-D-gluconate"
BIOMD0000001062,M_25drapp_c,"2,5-Diamino-6-(ribosylamino)-4-(3H)-pyrimidinone 5'-phosphate"
BIOMD0000001062,M_26dap_LL_c,"LL-2,6-Diaminoheptanedioate"
BIOMD0000001062,M_26dap__M_c,"Meso-2,6-Diaminoheptanedioate"
BIOMD0000001062,M_26dap__M_e,"Meso-2,6-Diaminoheptanedioate"
BIOMD0000001062,M_26dap__M_p,"Meso-2,6-Diaminoheptanedioate"
BIOMD0000001062,M_2agpe120_c,2-Acyl-sn-glycero-3-phosphoethanolamine (n-C12:0)
BIOMD0000001062,M_2agpe120_p,2-Acyl-sn-glycero-3-phosphoethanolamine (n-C12:0)
BIOMD0000001062,M_2agpe140_c,2-Acyl-sn-glycero-3-phosphoethanolamine (n-C14:0)
BIOMD0000001062,M_2agpe140_p,2-Acyl-sn-glycero-3-phosphoethanolamine (n-C14:0)
BIOMD0000001062,M_2agpe141_c,2-Acyl-sn-glycero-3-phosphoethanolamine (n-C14:1)
BIOMD0000001062,M_2agpe141_p,2-Acyl-sn-glycero-3-phosphoethanolamine (n-C14:1)
BIOMD0000001062,M_2agpe160_c,2-Acyl-sn-glycero-3-phosphoethanolamine (n-C16:0)
BIOMD0000001062,M_2agpe160_p,2-Acyl-sn-glycero-3-phosphoethanolamine (n-C16:0)
BIOMD0000001062,M_2agpe161_c,2-Acyl-sn-glycero-3-phosphoethanolamine (n-C16:1)
BIOMD0000001062,M_2agpe161_p,2-Acyl-sn-glycero-3-phosphoethanolamine (n-C16:1)
BIOMD0000001062,M_2agpe180_c,2-Acyl-sn-glycero-3-phosphoethanolamine (n-C18:0)
BIOMD0000001062,M_2agpe180_p,2-Acyl-sn-glycero-3-phosphoethanolamine (n-C18:0)
BIOMD0000001062,M_2agpe181_c,2-Acyl-sn-glycero-3-phosphoethanolamine (n-C18:1)
BIOMD0000001062,M_2agpe181_p,2-Acyl-sn-glycero-3-phosphoethanolamine (n-C18:1)
BIOMD0000001062,M_2agpg120_c,2-Acyl-sn-glycero-3-phosphoglycerol (n-C12:0)
BIOMD0000001062,M_2agpg120_p,2-Acyl-sn-glycero-3-phosphoglycerol (n-C12:0)
BIOMD0000001062,M_2agpg140_c,2-Acyl-sn-glycero-3-phosphoglycerol (n-C14:0)
BIOMD0000001062,M_2agpg140_p,2-Acyl-sn-glycero-3-phosphoglycerol (n-C14:0)
BIOMD0000001062,M_2agpg141_c,2-Acyl-sn-glycero-3-phosphoglycerol (n-C14:1)
BIOMD0000001062,M_2agpg141_p,2-Acyl-sn-glycero-3-phosphoglycerol (n-C14:1)
BIOMD0000001062,M_2agpg160_c,2-Acyl-sn-glycero-3-phosphoglycerol (n-C16:0)
BIOMD0000001062,M_2agpg160_p,2-Acyl-sn-glycero-3-phosphoglycerol (n-C16:0)
BIOMD0000001062,M_2agpg161_c,2-Acyl-sn-glycero-3-phosphoglycerol (n-C16:1)
BIOMD0000001062,M_2agpg161_p,2-Acyl-sn-glycero-3-phosphoglycerol (n-C16:1)
BIOMD0000001062,M_2agpg180_c,2-Acyl-sn-glycero-3-phosphoglycerol (n-C18:0)
BIOMD0000001062,M_2agpg180_p,2-Acyl-sn-glycero-3-phosphoglycerol (n-C18:0)
BIOMD0000001062,M_2agpg181_c,2-Acyl-sn-glycero-3-phosphoglycerol (n-C18:1)
BIOMD0000001062,M_2agpg181_p,2-Acyl-sn-glycero-3-phosphoglycerol (n-C18:1)
BIOMD0000001062,M_2ahbut_c,(S)-2-Aceto-2-hydroxybutanoate
BIOMD0000001062,M_2ameph_e,2-Aminoethylphosphonate
BIOMD0000001062,M_2ameph_p,2-Aminoethylphosphonate
BIOMD0000001062,M_2amsa_c,2-Aminomalonate semialdehyde
BIOMD0000001062,M_2aobut_c,L-2-Amino-3-oxobutanoate
BIOMD0000001062,M_2cpr5p_c,1-(2-Carboxyphenylamino)-1-deoxy-D-ribulose 5-phosphate
BIOMD0000001062,M_2dda7p_c,2-Dehydro-3-deoxy-D-arabino-heptonate 7-phosphate
BIOMD0000001062,M_2ddara_c,2-dehydro-3-deoxy-D-arabinonate
BIOMD0000001062,M_2ddecg3p_c,2-dodecanoyl-sn-glycerol 3-phosphate
BIOMD0000001062,M_2ddecg3p_p,2-dodecanoyl-sn-glycerol 3-phosphate
BIOMD0000001062,M_2ddg6p_c,2-Dehydro-3-deoxy-D-gluconate 6-phosphate
BIOMD0000001062,M_2ddglcn_c,2-Dehydro-3-deoxy-D-gluconate
BIOMD0000001062,M_2ddglcn_e,2-Dehydro-3-deoxy-D-gluconate
BIOMD0000001062,M_2ddglcn_p,2-Dehydro-3-deoxy-D-gluconate
BIOMD0000001062,M_2dglc_c,2 Deoxy D glucose C6H12O5
BIOMD0000001062,M_2dglc_e,2 Deoxy D glucose C6H12O5
BIOMD0000001062,M_2dglc_p,2 Deoxy D glucose C6H12O5
BIOMD0000001062,M_2dh3dgal6p_c,2-Dehydro-3-deoxy-D-galactonate 6-phosphate
BIOMD0000001062,M_2dh3dgal_c,2-Dehydro-3-deoxy-D-galactonate
BIOMD0000001062,M_2dhguln_c,2-Dehydro-L-gulonate
BIOMD0000001062,M_2dhp_c,2-Dehydropantoate
BIOMD0000001062,M_2dmmq8_c,2-Demethylmenaquinone 8
BIOMD0000001062,M_2dmmql8_c,2-Demethylmenaquinol 8
BIOMD0000001062,M_2doxg6p_c,2 Deoxy D glucose 6 phosphate C6H11O8P
BIOMD0000001062,M_2dr1p_c,2-Deoxy-D-ribose 1-phosphate
BIOMD0000001062,M_2dr5p_c,2-Deoxy-D-ribose 5-phosphate
BIOMD0000001062,M_2fe1s_c,[2Fe-1S] desulfurated iron-sulfur cluster
BIOMD0000001062,M_2fe2s_c,[2Fe-2S] iron-sulfur cluster
BIOMD0000001062,M_2h3oppan_c,2-Hydroxy-3-oxopropanoate
BIOMD0000001062,M_2hb_e,2 Hydroxybutyrate C4H7O3
BIOMD0000001062,M_2hdec9eg3p_c,2-hexadec-9-enoyl-sn-glycerol 3-phosphate
BIOMD0000001062,M_2hdec9eg3p_p,2-hexadec-9-enoyl-sn-glycerol 3-phosphate
BIOMD0000001062,M_2hdecg3p_c,2-hexadecanoyl-sn-glycerol 3-phosphate
BIOMD0000001062,M_2hdecg3p_p,2-hexadecanoyl-sn-glycerol 3-phosphate
BIOMD0000001062,M_2hymeph_c,2-(Hydroxymethyl)phenol
BIOMD0000001062,M_2ippm_c,2-Isopropylmaleate
BIOMD0000001062,M_2kmb_c,2-keto-4-methylthiobutyrate
BIOMD0000001062,M_2mahmp_c,2-Methyl-4-amino-5-hydroxymethylpyrimidine diphosphate
BIOMD0000001062,M_2mcacn_c,Cis-2-Methylaconitate
BIOMD0000001062,M_2mcit_c,2-Methylcitrate
BIOMD0000001062,M_2me4p_c,2-C-methyl-D-erythritol 4-phosphate
BIOMD0000001062,M_2mecdp_c,"2-C-methyl-D-erythritol 2,4-cyclodiphosphate"
BIOMD0000001062,M_2obut_c,2-Oxobutanoate
BIOMD0000001062,M_2obut_e,2-Oxobutanoate
BIOMD0000001062,M_2odec11eg3p_c,2-octadec-11-enoyl-sn-glycerol 3-phosphate
BIOMD0000001062,M_2odec11eg3p_p,2-octadec-11-enoyl-sn-glycerol 3-phosphate
BIOMD0000001062,M_2odecg3p_c,2-octadecanoyl-sn-glycerol 3-phosphate
BIOMD0000001062,M_2odecg3p_p,2-octadecanoyl-sn-glycerol 3-phosphate
BIOMD0000001062,M_2ohph_c,2-Octaprenyl-6-hydroxyphenol
BIOMD0000001062,M_2ombz_c,"2-Octaprenyl-6-methoxy-1,4-benzoquinone"
BIOMD0000001062,M_2ombzl_c,"2-Octaprenyl-6-methoxy-1,4-benzoquinol"
BIOMD0000001062,M_2omhmbl_c,"2-Octaprenyl-3-methyl-5-hydroxy-6-methoxy-1,4-benzoquinol"
BIOMD0000001062,M_2ommb_c,"2-Octaprenyl-3-methyl-6-methoxy-1,4-benzoquinone"
BIOMD0000001062,M_2ommbl_c,"2-Octaprenyl-3-methyl-6-methoxy- 1,4-benzoquinol"
BIOMD0000001062,M_2omph_c,2-Octaprenyl-6-methoxyphenol
BIOMD0000001062,M_2oph_c,2-Octaprenylphenol
BIOMD0000001062,M_2oxoadp_c,2 Oxoadipate C6H6O5
BIOMD0000001062,M_2p4c2me_c,2-phospho-4-(cytidine 5'-diphospho)-2-C-methyl-D-erythritol
BIOMD0000001062,M_2pcpgc_c,2 Protocatechoylphloroglucinolcarboxylate C14H7O8
BIOMD0000001062,M_2pg_c,D-Glycerate 2-phosphate
BIOMD0000001062,M_2pg_e,D-Glycerate 2-phosphate
BIOMD0000001062,M_2pg_p,D-Glycerate 2-phosphate
BIOMD0000001062,M_2pglyc_c,2-Phosphoglycolate
BIOMD0000001062,M_2sephchc_c,2-succinyl-5-enolpyruvyl-6-hydroxy-3-cyclohexene-1-carboxylate
BIOMD0000001062,M_2shchc_c,"2-Succinyl-6-hydroxy-2,4-cyclohexadiene-1-carboxylate"
BIOMD0000001062,M_2tdec7eg3p_c,2-tetradec-7-enoyl-sn-glycerol 3-phosphate
BIOMD0000001062,M_2tdec7eg3p_p,2-tetradec-7-enoyl-sn-glycerol 3-phosphate
BIOMD0000001062,M_2tdecg3p_c,2-tetradecanoyl-sn-glycerol 3-phosphate
BIOMD0000001062,M_2tdecg3p_p,2-tetradecanoyl-sn-glycerol 3-phosphate
BIOMD0000001062,M_2tpr3dpcoa_c,2'-(5''-triphosphoribosyl)-3'-dephospho-CoA
BIOMD0000001062,M_34dhpac_e,"3,4-Dihydroxyphenylacetaldehyde"
BIOMD0000001062,M_34dhpac_p,"3,4-Dihydroxyphenylacetaldehyde"
BIOMD0000001062,M_34hpp_c,3-(4-Hydroxyphenyl)pyruvate
BIOMD0000001062,M_35cgmp_c,"3',5'-Cyclic GMP"
BIOMD0000001062,M_36dahx_c,"(3S)-3,6-Diaminohexanoate"
BIOMD0000001062,M_3amac_c,3-Aminoacrylate
BIOMD0000001062,M_3amp_e,3  AMP C10H12N5O7P
BIOMD0000001062,M_3amp_p,3  AMP C10H12N5O7P
BIOMD0000001062,M_3c2hmp_c,3-Carboxy-2-hydroxy-4-methylpentanoate
BIOMD0000001062,M_3c3hmp_c,3-Carboxy-3-hydroxy-4-methylpentanoate
BIOMD0000001062,M_3c4mop_c,3-Carboxy-4-methyl-2-oxopentanoate
BIOMD0000001062,M_3cmp_e,3  CMP C9H12N3O8P
BIOMD0000001062,M_3cmp_p,3  CMP C9H12N3O8P
BIOMD0000001062,M_3dhguln_c,3-Dehydro-L-gulonate
BIOMD0000001062,M_3dhgulnp_c,3-keto-L-gulonate-6-phosphate
BIOMD0000001062,M_3dhq_c,3-Dehydroquinate
BIOMD0000001062,M_3dhsk_c,3-Dehydroshikimate
BIOMD0000001062,M_3fe4s_c,[3Fe-4S] damaged iron-sulfur cluster
BIOMD0000001062,M_3gmp_e,Guanosine 3  phosphate C10H12N5O8P
BIOMD0000001062,M_3gmp_p,Guanosine 3  phosphate C10H12N5O8P
BIOMD0000001062,M_3haACP_c,(3R)-3-Hydroxyacyl-[acyl-carrier protein]
BIOMD0000001062,M_3hadpcoa_c,(3S)-3-Hydroxyadipyl-CoA
BIOMD0000001062,M_3hbcoa_c,(S)-3-Hydroxybutanoyl-CoA
BIOMD0000001062,M_3hbz_c,3-Hydroxybenzoate
BIOMD0000001062,M_3hbzcoa_c,3-hydroxybenzoyl-CoA
BIOMD0000001062,M_3hcddec5eACP_c,(R)-3-hydroxy-cis-dodec-5-enoyl-[acyl-carrier protein]
BIOMD0000001062,M_3hcinnm_c,3-hydroxycinnamic acid
BIOMD0000001062,M_3hcinnm_e,3-hydroxycinnamic acid
BIOMD0000001062,M_3hcinnm_p,3-hydroxycinnamic acid
BIOMD0000001062,M_3hcmrs7eACP_c,(R)-3-hydroxy-cis-myristol-7-eoyl-[acyl-carrier protein]
BIOMD0000001062,M_3hcpalm9eACP_c,(R)-3-hydroxy-cis-palm-9-eoyl-[acyl-carrier protein]
BIOMD0000001062,M_3hcvac11eACP_c,(R)-3-hydroxy-cis-vacc-11-enoyl-[acyl-carrier protein]
BIOMD0000001062,M_3hdcoa_c,(S)-3-Hydroxydecanoyl-CoA
BIOMD0000001062,M_3hddcoa_c,(S)-3-Hydroxydodecanoyl-CoA
BIOMD0000001062,M_3hddecACP_c,(R)-3-Hydroxydodecanoyl-[acyl-carrier protein]
BIOMD0000001062,M_3hdecACP_c,(R)-3-Hydroxydecanoyl-[acyl-carrier protein]
BIOMD0000001062,M_3hhcoa_c,(S)-3-Hydroxyhexanoyl-CoA
BIOMD0000001062,M_3hhdcoa_c,(S)-3-Hydroxyhexadecanoyl-CoA
BIOMD0000001062,M_3hhexACP_c,(R)-3-Hydroxyhexanoyl-[acyl-carrier protein]
BIOMD0000001062,M_3hibutcoa_c,(S)-3-Hydroxyisobutyryl-CoA
BIOMD0000001062,M_3hmp_c,3-Hydroxy-2-methylpropanoate
BIOMD0000001062,M_3hmrsACP_c,(R)-3-Hydroxytetradecanoyl-[acyl-carrier protein]
BIOMD0000001062,M_3hocoa_c,(S)-3-Hydroxyoctanoyl-CoA
BIOMD0000001062,M_3hoctACP_c,(R)-3-Hydroxyoctanoyl-[acyl-carrier protein]
BIOMD0000001062,M_3hoctaACP_c,(R)-3-Hydroxyoctadecanoyl-[acyl-carrier protein]
BIOMD0000001062,M_3hodcoa_c,(S)-3-Hydroxyoctadecanoyl-CoA
BIOMD0000001062,M_3hoxpac_e,3 Hydroxyphenylacetic acid C8H8O3
BIOMD0000001062,M_3hoxpac_p,3 Hydroxyphenylacetic acid C8H8O3
BIOMD0000001062,M_3hpalmACP_c,R-3-hydroxypalmitoyl-[acyl-carrier protein]
BIOMD0000001062,M_3hpp_c,3-Hydroxypropanoate
BIOMD0000001062,M_3hpp_e,3-Hydroxypropanoate
BIOMD0000001062,M_3hpp_p,3-Hydroxypropanoate
BIOMD0000001062,M_3hppnl_c,3-Hydroxypropanal
BIOMD0000001062,M_3hpppn_c,3-(3-hydroxy-phenyl)propionate
BIOMD0000001062,M_3hpppn_e,3-(3-hydroxy-phenyl)propionate
BIOMD0000001062,M_3hpppn_p,3-(3-hydroxy-phenyl)propionate
BIOMD0000001062,M_3htdcoa_c,(S)-3-Hydroxytetradecanoyl-CoA
BIOMD0000001062,M_3ig3p_c,C'-(3-Indolyl)-glycerol 3-phosphate
BIOMD0000001062,M_3mob_c,3-Methyl-2-oxobutanoate
BIOMD0000001062,M_3mop_c,(S)-3-Methyl-2-oxopentanoate
BIOMD0000001062,M_3ntym_e,3 Nitrotyramine C8H15N2
BIOMD0000001062,M_3ocddec5eACP_c,3-oxo-cis-dodec-5-enoyl-[acyl-carrier protein]
BIOMD0000001062,M_3ocmrs7eACP_c,3-oxo-cis-myristol-7-eoyl-[acyl-carrier protein]
BIOMD0000001062,M_3ocpalm9eACP_c,3-oxo-cis-palm-9-eoyl-[acyl-carrier protein]
BIOMD0000001062,M_3ocvac11eACP_c,3-oxo-cis-vacc-11-enoyl-[acyl-carrier protein]
BIOMD0000001062,M_3odcoa_c,3-Oxodecanoyl-CoA
BIOMD0000001062,M_3oddcoa_c,3-Oxododecanoyl-CoA
BIOMD0000001062,M_3oddecACP_c,3-Oxododecanoyl-[acyl-carrier protein]
BIOMD0000001062,M_3odecACP_c,3-Oxodecanoyl-[acyl-carrier protein]
BIOMD0000001062,M_3ohcoa_c,3-Oxohexanoyl-CoA
BIOMD0000001062,M_3ohdcoa_c,3-Oxohexadecanoyl-CoA
BIOMD0000001062,M_3ohexACP_c,3-Oxohexanoyl-[acyl-carrier protein]
BIOMD0000001062,M_3ohodcoa_c,3-Oxooctadecanoyl-CoA
BIOMD0000001062,M_3omrsACP_c,3-Oxotetradecanoyl-[acyl-carrier protein]
BIOMD0000001062,M_3oocoa_c,3-Oxooctanoyl-CoA
BIOMD0000001062,M_3ooctACP_c,3-Oxooctanoyl-[acyl-carrier protein]
BIOMD0000001062,M_3ooctdACP_c,3-Oxooctadecanoyl-[acyl-carrier protein]
BIOMD0000001062,M_3opalmACP_c,3-Oxohexadecanoyl-[acyl-carrier protein]
BIOMD0000001062,M_3ophb_c,3-Octaprenyl-4-hydroxybenzoate
BIOMD0000001062,M_3otdcoa_c,3-Oxotetradecanoyl-CoA
BIOMD0000001062,M_3pg_c,3-Phospho-D-glycerate
BIOMD0000001062,M_3pg_e,3-Phospho-D-glycerate
BIOMD0000001062,M_3pg_p,3-Phospho-D-glycerate
BIOMD0000001062,M_3php_c,3-Phosphohydroxypyruvate
BIOMD0000001062,M_3psme_c,5-O-(1-Carboxyvinyl)-3-phosphoshikimate
BIOMD0000001062,M_3sala_c,3-Sulfino-L-alanine
BIOMD0000001062,M_3ump_e,3  UMP C9H11N2O9P
BIOMD0000001062,M_3ump_p,3  UMP C9H11N2O9P
BIOMD0000001062,M_4abut_c,4-Aminobutanoate
BIOMD0000001062,M_4abut_e,4-Aminobutanoate
BIOMD0000001062,M_4abut_p,4-Aminobutanoate
BIOMD0000001062,M_4abutn_c,4-Aminobutanal
BIOMD0000001062,M_4abz_c,4-Aminobenzoate
BIOMD0000001062,M_4abz_e,4-Aminobenzoate
BIOMD0000001062,M_4abzglu_e,4-aminobenzoyl-glutamate
BIOMD0000001062,M_4abzglu_p,4-aminobenzoyl-glutamate
BIOMD0000001062,M_4adcho_c,4-amino-4-deoxychorismate
BIOMD0000001062,M_4ahmmp_c,4-Amino-5-hydroxymethyl-2-methylpyrimidine
BIOMD0000001062,M_4ampm_c,4-Amino-2-methyl-5-phosphomethylpyrimidine
BIOMD0000001062,M_4c2me_c,4-(cytidine 5'-diphospho)-2-C-methyl-D-erythritol
BIOMD0000001062,M_4crsol_c,P-Cresol
BIOMD0000001062,M_4fe4s_c,[4Fe-4S] iron-sulfur cluster
BIOMD0000001062,M_4hba_c,4-Hydroxy-benzyl alcohol
BIOMD0000001062,M_4hbz_c,4-Hydroxybenzoate
BIOMD0000001062,M_4hbz_p,4-Hydroxybenzoate
BIOMD0000001062,M_4hoxpac_e,4 Hydroxyphenylacetic acid C8H8O3
BIOMD0000001062,M_4hoxpacd_e,4-Hydroxyphenylacetaldehyde
BIOMD0000001062,M_4hoxpacd_p,4-Hydroxyphenylacetaldehyde
BIOMD0000001062,M_4hphac_c,4-Hydroxyphenylacetate
BIOMD0000001062,M_4hphac_e,4-Hydroxyphenylacetate
BIOMD0000001062,M_4hphac_p,4-Hydroxyphenylacetate
BIOMD0000001062,M_4hthr_c,4-Hydroxy-L-threonine
BIOMD0000001062,M_4hthr_e,4-Hydroxy-L-threonine
BIOMD0000001062,M_4hthr_p,4-Hydroxy-L-threonine
BIOMD0000001062,M_4izp_c,4-Imidazolone-5-propanoate
BIOMD0000001062,M_4mhetz_c,4-Methyl-5-(2-hydroxyethyl)-thiazole
BIOMD0000001062,M_4mop_c,4-Methyl-2-oxopentanoate
BIOMD0000001062,M_4mpetz_c,4-Methyl-5-(2-phosphoethyl)-thiazole
BIOMD0000001062,M_4pasp_c,4-Phospho-L-aspartate
BIOMD0000001062,M_4per_c,4-Phospho-D-erythronate
BIOMD0000001062,M_4ppan_c,D-4'-Phosphopantothenate
BIOMD0000001062,M_4ppcys_c,N-((R)-4-Phosphopantothenoyl)-L-cysteine
BIOMD0000001062,M_4r5au_c,4-(1-D-Ribitylamino)-5-aminouracil
BIOMD0000001062,M_56dura_c,"5,6-dihydrouracil"
BIOMD0000001062,M_5aizc_c,5-amino-1-(5-phospho-D-ribosyl)imidazole-4-carboxylate
BIOMD0000001062,M_5aop_c,5-Amino-4-oxopentanoate
BIOMD0000001062,M_5aprbu_c,5-Amino-6-(5'-phosphoribitylamino)uracil
BIOMD0000001062,M_5apru_c,5-Amino-6-(5'-phosphoribosylamino)uracil
BIOMD0000001062,M_5aptn_c,5-Aminopentanoate
BIOMD0000001062,M_5aptn_e,5-Aminopentanoate
BIOMD0000001062,M_5caiz_c,5-phosphoribosyl-5-carboxyaminoimidazole
BIOMD0000001062,M_5dglcn_c,5-Dehydro-D-gluconate
BIOMD0000001062,M_5dglcn_e,5-Dehydro-D-gluconate
BIOMD0000001062,M_5dglcn_p,5-Dehydro-D-gluconate
BIOMD0000001062,M_5dh4dglc_c,5-Dehydro-4-deoxy-D-glucarate
BIOMD0000001062,M_5drib_c,5'-deoxyribose
BIOMD0000001062,M_5fthf_c,5-Formyltetrahydrofolate
BIOMD0000001062,M_5mdr1p_c,5-Methylthio-5-deoxy-D-ribose 1-phosphate
BIOMD0000001062,M_5mdru1p_c,5-Methylthio-5-deoxy-D-ribulose 1-phosphate
BIOMD0000001062,M_5mta_c,5-Methylthioadenosine
BIOMD0000001062,M_5mthf_c,5-Methyltetrahydrofolate
BIOMD0000001062,M_5mtr_c,5-Methylthio-D-ribose
BIOMD0000001062,M_5mtr_e,5-Methylthio-D-ribose
BIOMD0000001062,M_5mtr_p,5-Methylthio-D-ribose
BIOMD0000001062,M_5oxpro_c,5-Oxoproline
BIOMD0000001062,M_5pg35pg_c,5-Phosphoguanylyl(3->5)guanosine
BIOMD0000001062,M_5phdt_c,Phenylhydantoin
BIOMD0000001062,M_5phua_c,Phenylureidoacetic acid
BIOMD0000001062,M_5prdmbz_c,"N1-(5-Phospho-alpha-D-ribosyl)-5,6-dimethylbenzimidazole"
BIOMD0000001062,M_6apa_e,6 Aminopenicillanic acid C8H12N2O3S
BIOMD0000001062,M_6apa_p,6 Aminopenicillanic acid C8H12N2O3S
BIOMD0000001062,M_6hmhpt_c,6-hydroxymethyl dihydropterin
BIOMD0000001062,M_6hmhptpp_c,6-hydroxymethyl-dihydropterin pyrophosphate
BIOMD0000001062,M_6pgc_c,6-Phospho-D-gluconate
BIOMD0000001062,M_6pgg_c,"6-Phospho-beta-D-glucosyl-(1,4)-D-glucose"
BIOMD0000001062,M_6pgl_c,"6-phospho-D-glucono-1,5-lactone"
BIOMD0000001062,M_8aonn_c,8-Amino-7-oxononanoate
BIOMD0000001062,M_ACP_c,Acyl carrier protein
BIOMD0000001062,M_C02356_e,(S)-2-Aminobutanoate
BIOMD0000001062,M_CE0074_e,Alloxan
BIOMD0000001062,M_HC00591_c,2-oxoglutaramate
BIOMD0000001062,M_L2aadp_c,L 2 Aminoadipate C6H10NO4
BIOMD0000001062,M_L_alagly_c,L-alanylglycine
BIOMD0000001062,M_L_alagly_e,L alanylglycine C5H10N2O3
BIOMD0000001062,M_L_alagly_p,L-alanylglycine
BIOMD0000001062,M_LalaDgluMdapDala_c,"L-alanine-D-glutamate-meso-2,6-diaminoheptanedioate-D-alanine"
BIOMD0000001062,M_LalaDgluMdapDala_e,"L-alanine-D-glutamate-meso-2,6-diaminoheptanedioate-D-alanine"
BIOMD0000001062,M_LalaDgluMdapDala_p,"L-alanine-D-glutamate-meso-2,6-diaminoheptanedioate-D-alanine"
BIOMD0000001062,M_LalaDgluMdap_c,"L-alanine-D-glutamate-meso-2,6-diaminoheptanedioate"
BIOMD0000001062,M_LalaDgluMdap_e,"L-alanine-D-glutamate-meso-2,6-diaminoheptanedioate"
BIOMD0000001062,M_LalaDgluMdap_p,"L-alanine-D-glutamate-meso-2,6-diaminoheptanedioate"
BIOMD0000001062,M_LalaDglu_c,L-alanine-D-glutamate
BIOMD0000001062,M_LalaDglu_e,L-alanine-D-glutamate
BIOMD0000001062,M_LalaDglu_p,L-alanine-D-glutamate
BIOMD0000001062,M_LalaLglu_c,L-alanine-L-glutamate
BIOMD0000001062,M_LalaLglu_e,L-alanine-L-glutamate
BIOMD0000001062,M_LalaLglu_p,L-alanine-L-glutamate
BIOMD0000001062,M_LptA_p,Periplasmic lipid A binding protein
BIOMD0000001062,M_N1aspmd_c,N1-Acetylspermidine
BIOMD0000001062,M_Nmtrp_c,N-Methyltryptophan
BIOMD0000001062,M_S2hglut_c,(S)-2-Hydroxyglutarate
BIOMD0000001062,M_Sfglutth_c,S-Formylglutathione
BIOMD0000001062,M_aacald_c,Aminoacetaldehyde
BIOMD0000001062,M_aacoa_c,Acetoacetyl-CoA
BIOMD0000001062,M_aact_c,Aminoacetone
BIOMD0000001062,M_abt__D_e,D-Arabitol
BIOMD0000001062,M_abt__L_e,L Arabinitol C5H12O5
BIOMD0000001062,M_acACP_c,Acetyl-ACP
BIOMD0000001062,M_ac_c,Acetate
BIOMD0000001062,M_ac_e,Acetate
BIOMD0000001062,M_ac_p,Acetate
BIOMD0000001062,M_acac_c,Acetoacetate
BIOMD0000001062,M_acac_e,Acetoacetate
BIOMD0000001062,M_acac_p,Acetoacetate
BIOMD0000001062,M_acald_c,Acetaldehyde
BIOMD0000001062,M_acald_e,Acetaldehyde
BIOMD0000001062,M_acald_p,Acetaldehyde
BIOMD0000001062,M_acampnt_c,2-N-acetamidomethylphosphonate
BIOMD0000001062,M_acanth_c,N-Acetylanthranilate
BIOMD0000001062,M_accoa_c,Acetyl-CoA
BIOMD0000001062,M_acetol_c,Acetol cytosol
BIOMD0000001062,M_acg5p_c,N-Acetyl-L-glutamyl 5-phosphate
BIOMD0000001062,M_acg5sa_c,N-Acetyl-L-glutamate 5-semialdehyde
BIOMD0000001062,M_acgal1p_e,N-Acetyl-D-galactosamine 1-phosphate
BIOMD0000001062,M_acgal1p_p,N-Acetyl-D-galactosamine 1-phosphate
BIOMD0000001062,M_acgal6p_c,N Acetyl D galactosamine 6 phosphate C8H16NO9P
BIOMD0000001062,M_acgal_e,N-Acetyl-D-galactosamine
BIOMD0000001062,M_acgal_p,N-Acetyl-D-galactosamine
BIOMD0000001062,M_acgam1p_c,N-Acetyl-D-glucosamine 1-phosphate
BIOMD0000001062,M_acgam1p_e,N-Acetyl-D-glucosamine 1-phosphate
BIOMD0000001062,M_acgam1p_p,N-Acetyl-D-glucosamine 1-phosphate
BIOMD0000001062,M_acgam6p_c,N-Acetyl-D-glucosamine 6-phosphate
BIOMD0000001062,M_acgam_c,N-Acetyl-D-glucosamine
BIOMD0000001062,M_acgam_e,N-Acetyl-D-glucosamine
BIOMD0000001062,M_acgam_p,N-Acetyl-D-glucosamine
BIOMD0000001062,M_acglc__D_c,6-Acetyl-D-glucose
BIOMD0000001062,M_acglu_c,N-Acetyl-L-glutamate
BIOMD0000001062,M_acglu_e,N-Acetyl-L-glutamate
BIOMD0000001062,M_acmalt_c,Acetyl-maltose
BIOMD0000001062,M_acmana_c,N-Acetyl-D-mannosamine
BIOMD0000001062,M_acmana_e,N-Acetyl-D-mannosamine
BIOMD0000001062,M_acmana_p,N-Acetyl-D-mannosamine
BIOMD0000001062,M_acmanap_c,N-Acetyl-D-mannosamine 6-phosphate
BIOMD0000001062,M_acmet_c,N-Acetylmethionine
BIOMD0000001062,M_acmum6p_c,N-acetylmuramate 6-phosphate
BIOMD0000001062,M_acmum_e,N-Acetylmuramate
BIOMD0000001062,M_acmum_p,N-Acetylmuramate
BIOMD0000001062,M_acnam_c,N-Acetylneuraminate
BIOMD0000001062,M_acnam_e,N-Acetylneuraminate
BIOMD0000001062,M_acnam_p,N-Acetylneuraminate
BIOMD0000001062,M_acolipa_e,4-Amino-4-deoxy-L-arabinose modified core oligosaccharide lipid A
BIOMD0000001062,M_acolipa_p,4-Amino-4-deoxy-L-arabinose modified core oligosaccharide lipid A
BIOMD0000001062,M_acon_C_c,Cis-Aconitate
BIOMD0000001062,M_acon_C_e,Cis-Aconitate
BIOMD0000001062,M_acon_C_p,Cis-Aconitate
BIOMD0000001062,M_acon_T_c,Trans-Aconitate
BIOMD0000001062,M_aconm_c,E-3-carboxy-2-pentenedioate 6-methyl ester
BIOMD0000001062,M_acorn_c,N2-Acetyl-L-ornithine
BIOMD0000001062,M_acser_c,O-Acetyl-L-serine
BIOMD0000001062,M_acser_e,O-Acetyl-L-serine
BIOMD0000001062,M_acser_p,O-Acetyl-L-serine
BIOMD0000001062,M_actACP_c,Acetoacetyl-ACP
BIOMD0000001062,M_actp_c,Acetyl phosphate
BIOMD0000001062,M_ad_e,Acetamide
BIOMD0000001062,M_ade_c,Adenine
BIOMD0000001062,M_ade_e,Adenine
BIOMD0000001062,M_ade_p,Adenine
BIOMD0000001062,M_adn_c,Adenosine
BIOMD0000001062,M_adn_e,Adenosine
BIOMD0000001062,M_adn_p,Adenosine
BIOMD0000001062,M_adocbi_c,Adenosyl cobinamide
BIOMD0000001062,M_adocbip_c,Adenosyl cobinamide phosphate
BIOMD0000001062,M_adocbl_c,Adenosylcobalamin
BIOMD0000001062,M_adocbl_e,Adenosylcobalamin
BIOMD0000001062,M_adocbl_p,Adenosylcobalamin
BIOMD0000001062,M_adocblp_c,Adenosylcobalamin-phosphate
BIOMD0000001062,M_adp_c,ADP C10H12N5O10P2
BIOMD0000001062,M_adpglc_c,ADPglucose C16H23N5O15P2
BIOMD0000001062,M_adphep_DD_c,ADP-D-glycero-D-manno-heptose
BIOMD0000001062,M_adphep_LD_c,ADP-L-glycero-D-manno-heptose
BIOMD0000001062,M_adprib_c,ADPribose C15H21N5O14P2
BIOMD0000001062,M_ag_c,Silver
BIOMD0000001062,M_ag_e,Silver
BIOMD0000001062,M_agdpcbi_c,Adenosine-GDP-cobinamide
BIOMD0000001062,M_agm_c,Agmatine
BIOMD0000001062,M_agm_e,Agmatine
BIOMD0000001062,M_agm_p,Agmatine
BIOMD0000001062,M_ah6p__D_c,Arabino-3-hexulose-6-P
BIOMD0000001062,M_ahcys_c,S-Adenosyl-L-homocysteine
BIOMD0000001062,M_ahdt_c,"2-Amino-4-hydroxy-6-(erythro-1,2,3-trihydroxypropyl)dihydropteridine triphosphate"
BIOMD0000001062,M_aicar_c,5-Amino-1-(5-Phospho-D-ribosyl)imidazole-4-carboxamide
BIOMD0000001062,M_air_c,5-amino-1-(5-phospho-D-ribosyl)imidazole
BIOMD0000001062,M_airs_c,Aminoimidazole-riboside
BIOMD0000001062,M_airs_e,Aminoimidazole-riboside
BIOMD0000001062,M_airs_p,Aminoimidazole-riboside
BIOMD0000001062,M_akg_c,2-Oxoglutarate
BIOMD0000001062,M_akg_e,2-Oxoglutarate
BIOMD0000001062,M_akg_p,2-Oxoglutarate
BIOMD0000001062,M_ala_B_c,Beta-Alanine
BIOMD0000001062,M_ala_B_e,Beta-Alanine
BIOMD0000001062,M_ala_B_p,Beta-Alanine
BIOMD0000001062,M_ala_L_Thr__L_c,Ala L Thr L C7H14N2O4
BIOMD0000001062,M_ala_L_Thr__L_e,Ala L Thr L C7H14N2O4
BIOMD0000001062,M_ala_L_Thr__L_p,Ala L Thr L C7H14N2O4
BIOMD0000001062,M_ala_L_asp__L_c,Ala L asp L C7H11N2O5
BIOMD0000001062,M_ala_L_asp__L_e,Ala L asp L C7H11N2O5
BIOMD0000001062,M_ala_L_asp__L_p,Ala L asp L C7H11N2O5
BIOMD0000001062,M_ala_L_gln__L_c,Ala-Gln
BIOMD0000001062,M_ala_L_gln__L_e,Ala Gln C8H15N3O4
BIOMD0000001062,M_ala_L_gln__L_p,Ala-Gln
BIOMD0000001062,M_ala_L_glu__L_c,Ala L glu L C8H13N2O5
BIOMD0000001062,M_ala_L_glu__L_e,Ala L glu L C8H13N2O5
BIOMD0000001062,M_ala_L_glu__L_p,Ala L glu L C8H13N2O5
BIOMD0000001062,M_ala_L_his__L_c,Ala-His
BIOMD0000001062,M_ala_L_his__L_e,Ala His C9H14N4O3
BIOMD0000001062,M_ala_L_his__L_p,Ala-His
BIOMD0000001062,M_ala_L_leu__L_c,Ala-Leu
BIOMD0000001062,M_ala_L_leu__L_e,Ala Leu C9H18N2O3
BIOMD0000001062,M_ala_L_leu__L_p,Ala-Leu
BIOMD0000001062,M_ala__D_c,D-Alanine
BIOMD0000001062,M_ala__D_e,D-Alanine
BIOMD0000001062,M_ala__D_p,D-Alanine
BIOMD0000001062,M_ala__L_c,L-Alanine
BIOMD0000001062,M_ala__L_e,L-Alanine
BIOMD0000001062,M_ala__L_p,L-Alanine
BIOMD0000001062,M_alaala_c,D-Alanyl-D-alanine
BIOMD0000001062,M_alaala_e,D-Alanyl-D-alanine
BIOMD0000001062,M_alaala_p,D-Alanyl-D-alanine
BIOMD0000001062,M_alac__S_c,(S)-2-Acetolactate
BIOMD0000001062,M_all6p_c,D-Allose 6-phosphate
BIOMD0000001062,M_all__D_c,D-Allose
BIOMD0000001062,M_all__D_e,D-Allose
BIOMD0000001062,M_all__D_p,D-Allose
BIOMD0000001062,M_alltn_c,Allantoin
BIOMD0000001062,M_alltn_e,Allantoin
BIOMD0000001062,M_alltn_p,Allantoin
BIOMD0000001062,M_alltt_c,Allantoate
BIOMD0000001062,M_allul6p_c,Allulose 6-phosphate
BIOMD0000001062,M_alpp_p,Applipoprotein
BIOMD0000001062,M_altrn_c,D-Altronate
BIOMD0000001062,M_amet_c,S-Adenosyl-L-methionine
BIOMD0000001062,M_ametam_c,S-Adenosylmethioninamine
BIOMD0000001062,M_amob_c,S-Adenosyl-4-methylthio-2-oxobutanoate
BIOMD0000001062,M_amp_c,AMP C10H12N5O7P
BIOMD0000001062,M_amp_e,AMP C10H12N5O7P
BIOMD0000001062,M_amp_p,AMP C10H12N5O7P
BIOMD0000001062,M_ampnt_c,Aminomethylphosphonate
BIOMD0000001062,M_anhgm3p_c,N-Acetyl-D-glucosamine(anhydrous)N-Acetylmuramyl-tripeptide
BIOMD0000001062,M_anhgm3p_p,N-Acetyl-D-glucosamine(anhydrous)N-Acetylmuramyl-tripeptide
BIOMD0000001062,M_anhgm4p_c,N-Acetyl-D-glucosamine(anhydrous)N-Acetylmuramyl-tetrapeptide
BIOMD0000001062,M_anhgm4p_p,N-Acetyl-D-glucosamine(anhydrous)N-Acetylmuramyl-tetrapeptide
BIOMD0000001062,M_anhgm_c,N-Acetyl-D-glucosamine(anhydrous)N-Acetylmuramic acid
BIOMD0000001062,M_anhgm_e,N-Acetyl-D-glucosamine(anhydrous)N-Acetylmuramic acid
BIOMD0000001062,M_anhgm_p,N-Acetyl-D-glucosamine(anhydrous)N-Acetylmuramic acid
BIOMD0000001062,M_anhm3p_c,"1,6-anhydrous-N-Acetylmuramyl-tripeptide"
BIOMD0000001062,M_anhm4p_c,"1,6-anhydrous-N-Acetylmuramyl-tetrapeptide"
BIOMD0000001062,M_anhm_c,"1,6-anhydrous-N-Acetylmuramate"
BIOMD0000001062,M_anth_c,Anthranilate
BIOMD0000001062,M_ap4a_c,"P1,P4-Bis(5'-adenosyl) tetraphosphate"
BIOMD0000001062,M_ap5a_c,"P1,P5-Bis(5'-adenosyl) pentaphosphate"
BIOMD0000001062,M_apg120_c,Acyl phosphatidylglycerol (n-C12:0)
BIOMD0000001062,M_apg140_c,Acyl phosphatidylglycerol (n-C14:0)
BIOMD0000001062,M_apg141_c,Acyl phosphatidylglycerol (n-C14:1)
BIOMD0000001062,M_apg160_c,Acyl phosphatidylglycerol (n-C16:0)
BIOMD0000001062,M_apg161_c,Acyl phosphatidylglycerol (n-C16:1)
BIOMD0000001062,M_apg180_c,Acyl phosphatidylglycerol (n-C18:0)
BIOMD0000001062,M_apg181_c,Acyl phosphatidylglycerol (n-C18:1)
BIOMD0000001062,M_apoACP_c,Apoprotein [acyl carrier protein]
BIOMD0000001062,M_appl_c,1-Aminopropan-2-ol
BIOMD0000001062,M_aps_c,Adenosine 5'-phosphosulfate
BIOMD0000001062,M_ara5p_c,D-Arabinose 5-phosphate
BIOMD0000001062,M_arab__D_c,D Arabinose C5H10O5
BIOMD0000001062,M_arab__D_e,D Arabinose C5H10O5
BIOMD0000001062,M_arab__D_p,D Arabinose C5H10O5
BIOMD0000001062,M_arab__L_c,L-Arabinose
BIOMD0000001062,M_arab__L_e,L-Arabinose
BIOMD0000001062,M_arab__L_p,L-Arabinose
BIOMD0000001062,M_arbt6p_c,Arbutin 6-phosphate
BIOMD0000001062,M_arbt_e,Arbutin C12H16O7
BIOMD0000001062,M_arbt_p,Arbutin C12H16O7
BIOMD0000001062,M_arbtn_c,Aerobactin minus Fe3
BIOMD0000001062,M_arbtn_e,Aerobactin minus Fe3
BIOMD0000001062,M_arbtn_fe3_c,Aerobactin
BIOMD0000001062,M_arbtn_fe3_e,Aerobactin
BIOMD0000001062,M_arbtn_fe3_p,Aerobactin
BIOMD0000001062,M_arbtn_p,Aerobactin minus Fe3
BIOMD0000001062,M_arg__L_c,L-Arginine
BIOMD0000001062,M_arg__L_e,L-Arginine
BIOMD0000001062,M_arg__L_p,L-Arginine
BIOMD0000001062,M_argsuc_c,N(omega)-(L-Arginino)succinate
BIOMD0000001062,M_argtrna_c,L-Arginyl-tRNA(Arg)
BIOMD0000001062,M_ascb6p_c,L-ascorbate-6-phosphate
BIOMD0000001062,M_ascb__L_e,L-Ascorbate
BIOMD0000001062,M_ascb__L_p,L-Ascorbate
BIOMD0000001062,M_asn__D_e,D Asparagine
BIOMD0000001062,M_asn__L_c,L-Asparagine
BIOMD0000001062,M_asn__L_e,L-Asparagine
BIOMD0000001062,M_asn__L_p,L-Asparagine
BIOMD0000001062,M_asntrna_c,L-Asparaginyl-tRNA(Asn)
BIOMD0000001062,M_aso3_c,Arsenite
BIOMD0000001062,M_aso3_e,Arsenite
BIOMD0000001062,M_aso3_p,Arsenite
BIOMD0000001062,M_aso4_c,Arsenate
BIOMD0000001062,M_asp__D_e,D-Aspartate
BIOMD0000001062,M_asp__L_c,L-Aspartate
BIOMD0000001062,M_asp__L_e,L-Aspartate
BIOMD0000001062,M_asp__L_p,L-Aspartate
BIOMD0000001062,M_aspsa_c,L-Aspartate 4-semialdehyde
BIOMD0000001062,M_asptrna_c,L-Aspartyl-tRNA(Asp)
BIOMD0000001062,M_athr__L_c,L-Allo-threonine
BIOMD0000001062,M_athtp_c,Adenosine thiamine triphosphate
BIOMD0000001062,M_atp_c,ATP C10H12N5O13P3
BIOMD0000001062,M_b2coa_c,Crotonoyl-CoA
BIOMD0000001062,M_bbtcoa_c,Gamma-butyrobetainyl-CoA
BIOMD0000001062,M_betald_c,Betaine aldehyde
BIOMD0000001062,M_bglycogen_c,Branching glycogen
BIOMD0000001062,M_bhb_c,(R)-3-Hydroxybutanoate
BIOMD0000001062,M_bhb_e,(R)-3-Hydroxybutanoate
BIOMD0000001062,M_bmoco1gdp_c,Bis-molybdopterin mono-guanine dinucleotide
BIOMD0000001062,M_bmoco_c,Bis-molybdenum cofactor
BIOMD0000001062,M_bmocogdp_c,Bis-molybdopterin guanine dinucleotide
BIOMD0000001062,M_btal_c,Butanal C4H8O
BIOMD0000001062,M_btcoa_c,Butanoyl-CoA
BIOMD0000001062,M_btd_RR_e,R R  2 3 Butanediol C4H10O2
BIOMD0000001062,M_btn_c,Biotin
BIOMD0000001062,M_btn_e,Biotin
BIOMD0000001062,M_btn_p,Biotin
BIOMD0000001062,M_btnso_c,D-biotin d-sulfoxide
BIOMD0000001062,M_but2eACP_c,But-2-enoyl-[acyl-carrier protein]
BIOMD0000001062,M_butACP_c,Butyryl-ACP (n-C4:0ACP)
BIOMD0000001062,M_but_c,Butyrate (n-C4:0)
BIOMD0000001062,M_but_e,Butyrate (n-C4:0)
BIOMD0000001062,M_but_p,Butyrate (n-C4:0)
BIOMD0000001062,M_butso3_c,Butanesulfonate
BIOMD0000001062,M_butso3_e,Butanesulfonate
BIOMD0000001062,M_butso3_p,Butanesulfonate
BIOMD0000001062,M_bwco1gdp_c,Tungsten bispterin cofactor mono-guanine dinucleotide
BIOMD0000001062,M_bwco_c,Tungsten bispterin cofactor
BIOMD0000001062,M_bwcogdp_c,Tungsten bispterin cofactor guanine dinucleotide
BIOMD0000001062,M_bz_e,Benzoate
BIOMD0000001062,M_ca2_c,Calcium
BIOMD0000001062,M_ca2_e,Calcium
BIOMD0000001062,M_ca2_p,Calcium
BIOMD0000001062,M_camp_c,CAMP C10H11N5O6P
BIOMD0000001062,M_cbasp_c,N-Carbamoyl-L-aspartate
BIOMD0000001062,M_cbi_c,Cobinamide
BIOMD0000001062,M_cbi_e,Cobinamide
BIOMD0000001062,M_cbi_p,Cobinamide
BIOMD0000001062,M_cbl1_c,Cob(I)alamin
BIOMD0000001062,M_cbl1_e,Cob(I)alamin
BIOMD0000001062,M_cbl1_p,Cob(I)alamin
BIOMD0000001062,M_cbm_c,Carbamate
BIOMD0000001062,M_cbp_c,Carbamoyl phosphate
BIOMD0000001062,M_cd2_c,Cadmium
BIOMD0000001062,M_cd2_e,Cadmium
BIOMD0000001062,M_cd2_p,Cadmium
BIOMD0000001062,M_cddec5eACP_c,Cis-dodec-5-enoyl-[acyl-carrier protein] (n-C12:1)
BIOMD0000001062,M_cdec3eACP_c,Cis-dec-3-enoyl-[acyl-carrier protein] (n-C10:1)
BIOMD0000001062,M_cdg_c,7-deaza-7-carboxyguanine
BIOMD0000001062,M_cdigmp_c,Cyclic diguanosine monophosphate
BIOMD0000001062,M_cdp_c,CDP C9H12N3O11P2
BIOMD0000001062,M_cdpdddecg_c,"CDP-1,2-didodecanoylglycerol"
BIOMD0000001062,M_cdpdhdec9eg_c,"CDP-1,2-dihexadec-9-enoylglycerol"
BIOMD0000001062,M_cdpdhdecg_c,"CDP-1,2-dihexadecanoylglycerol"
BIOMD0000001062,M_cdpdodec11eg_c,"CDP-1,2-dioctadec-11-enoylglycerol"
BIOMD0000001062,M_cdpdodecg_c,"CDP-1,2-dioctadecanoylglycerol"
BIOMD0000001062,M_cdpdtdec7eg_c,"CDP-1,2-ditetradec-7-enoylglycerol"
BIOMD0000001062,M_cdpdtdecg_c,"CDP-1,2-ditetradecanoylglycerol"
BIOMD0000001062,M_cellb6p_c,Cellobiose 6 phosphate C12H21O14P
BIOMD0000001062,M_cellb_c,Cellobiose
BIOMD0000001062,M_cellb_e,Cellobiose
BIOMD0000001062,M_cellb_p,Cellobiose
BIOMD0000001062,M_cgly_c,Cys Gly C5H10N2O3S
BIOMD0000001062,M_cgly_e,Cys Gly C5H10N2O3S
BIOMD0000001062,M_cgly_p,Cys Gly C5H10N2O3S
BIOMD0000001062,M_ch4_c,Methane
BIOMD0000001062,M_ch4_e,Methane
BIOMD0000001062,M_ch4_p,Methane
BIOMD0000001062,M_chit6p_c,Chitobiose-6-phosphate
BIOMD0000001062,M_chitob_e,Chitobiose C16H28N2O11
BIOMD0000001062,M_chitob_p,Chitobiose C16H28N2O11
BIOMD0000001062,M_chol_c,Choline C5H14NO
BIOMD0000001062,M_chol_e,Choline C5H14NO
BIOMD0000001062,M_chol_p,Choline C5H14NO
BIOMD0000001062,M_cholate_c,Cholate c
BIOMD0000001062,M_cholate_p,Cholate c
BIOMD0000001062,M_chor_c,Chorismate
BIOMD0000001062,M_chtbs6p_c,Diacetylchitobiose-6-phosphate
BIOMD0000001062,M_chtbs_e,"N,N'-diacetylchitobiose"
BIOMD0000001062,M_chtbs_p,"N,N'-diacetylchitobiose"
BIOMD0000001062,M_cit_c,Citrate
BIOMD0000001062,M_cit_e,Citrate
BIOMD0000001062,M_cit_p,Citrate
BIOMD0000001062,M_citr__L_c,L-Citrulline
BIOMD0000001062,M_citr__L_e,L-Citrulline
BIOMD0000001062,M_ckdo_c,CMP-3-deoxy-D-manno-octulosonate
BIOMD0000001062,M_cl_c,Chloride
BIOMD0000001062,M_cl_e,Chloride
BIOMD0000001062,M_cl_p,Chloride
BIOMD0000001062,M_clpn120_p,"Cardiolipin (tetradodecanoyl, n-C12:0)"
BIOMD0000001062,M_clpn140_p,"Cardiolipin (tetratetradecanoyl, n-C14:0)"
BIOMD0000001062,M_clpn141_p,"Cardiolipin (tetratetradec-7-enoyl, n-C14:1)"
BIOMD0000001062,M_clpn160_p,"Cardiolipin (tetrahexadecanoyl, n-C16:0)"
BIOMD0000001062,M_clpn161_p,"Cardiolipin (tetrahexadec-9-enoyl, n-C16:1)"
BIOMD0000001062,M_clpn180_p,"Cardiolipin (tetraoctadecanoyl, n-C18:0)"
BIOMD0000001062,M_clpn181_p,"Cardiolipin (tetraoctadec-11-enoyl, n-C18:1)"
BIOMD0000001062,M_cm_e,Chloramphenicol
BIOMD0000001062,M_cm_p,Chloramphenicol
BIOMD0000001062,M_cmp_c,CMP C9H12N3O8P
BIOMD0000001062,M_cmp_e,CMP C9H12N3O8P
BIOMD0000001062,M_cmp_p,CMP C9H12N3O8P
BIOMD0000001062,M_co2_c,CO2 CO2
BIOMD0000001062,M_co2_e,CO2 CO2
BIOMD0000001062,M_co2_p,CO2 CO2
BIOMD0000001062,M_co_c,Carbon monoxide
BIOMD0000001062,M_coa_c,Coenzyme A
BIOMD0000001062,M_cobalt2_c,Co2+
BIOMD0000001062,M_cobalt2_e,Co2+
BIOMD0000001062,M_cobalt2_p,Co2+
BIOMD0000001062,M_colipa20Oag_e,O-antigen-x20-core-oligosaccharide-lipid-A
BIOMD0000001062,M_colipaB_c,Core oligosaccharide lipid A with laurate C159H256N2O88P4
BIOMD0000001062,M_colipaOA_e,Membrane LPS mixture
BIOMD0000001062,M_colipa_c,Core oligosaccharide lipid A
BIOMD0000001062,M_colipa_e,Core oligosaccharide lipid A
BIOMD0000001062,M_colipa_p,Core oligosaccharide lipid A
BIOMD0000001062,M_colipap_e,Core oligosaccharide lipid A diphosphate
BIOMD0000001062,M_colipap_p,Core oligosaccharide lipid A diphosphate
BIOMD0000001062,M_copre2_c,Cobalt-precorrin-2
BIOMD0000001062,M_cpe160_c,"Cyclopropane phosphatidylethanolamine (dihexadec-9,10-cyclo-anoyl, n-C16:0 cyclo)"
BIOMD0000001062,M_cpe180_c,"Cyclopropane phosphatidylethanolamine (dioctadec-11,12-cyclo-anoyl, n-C18:0 cyclo)"
BIOMD0000001062,M_cpg160_c,"Cyclopropane phosphatidylglycerol (dihexadec-9,10-cyclo-anoyl, n-C16:0 cyclo)"
BIOMD0000001062,M_cpg180_c,"Cyclopropane phosphatidylglycerol (dioctadec-11,12-cyclo-anoyl, n-C18:0 cyclo)"
BIOMD0000001062,M_cpgn_c,Coprogen
BIOMD0000001062,M_cpgn_e,Coprogen
BIOMD0000001062,M_cpgn_p,Coprogen
BIOMD0000001062,M_cpgn_un_c,Coprogen unloaded (no Fe(III))
BIOMD0000001062,M_cpgn_un_e,Coprogen unloaded (no Fe(III))
BIOMD0000001062,M_cpgn_un_p,Coprogen unloaded (no Fe(III))
BIOMD0000001062,M_cph4_c,"6-carboxy-5,6,7,8-tetrahydropterin"
BIOMD0000001062,M_cpmp_c,Cyclic pyranopterin monophosphate
BIOMD0000001062,M_cpppg3_c,Coproporphyrinogen III
BIOMD0000001062,M_crnDcoa_c,D-carnitinyl-CoA
BIOMD0000001062,M_crn__D_c,D-Carnitine
BIOMD0000001062,M_crn__D_e,D-Carnitine
BIOMD0000001062,M_crn__D_p,D-Carnitine
BIOMD0000001062,M_crn_c,L-Carnitine
BIOMD0000001062,M_crn_e,L-Carnitine
BIOMD0000001062,M_crn_p,L-Carnitine
BIOMD0000001062,M_crncoa_c,L-Carnitinyl-CoA
BIOMD0000001062,M_cs1_e,Cesium ion
BIOMD0000001062,M_cs1_p,Cesium ion
BIOMD0000001062,M_csn_c,Cytosine
BIOMD0000001062,M_csn_e,Cytosine
BIOMD0000001062,M_csn_p,Cytosine
BIOMD0000001062,M_cspg_c_e,Chondroitin sulfate C (GalNAc6S-GlcA) proteoglycan
BIOMD0000001062,M_ctbt_c,Crotonobetaine
BIOMD0000001062,M_ctbt_p,Crotonobetaine
BIOMD0000001062,M_ctbtcoa_c,Crotonobetainyl-CoA
BIOMD0000001062,M_ctp_c,CTP C9H12N3O14P3
BIOMD0000001062,M_cu2_c,Copper
BIOMD0000001062,M_cu2_e,Copper
BIOMD0000001062,M_cu2_p,Copper
BIOMD0000001062,M_cu_c,Cu+
BIOMD0000001062,M_cu_e,Cu+
BIOMD0000001062,M_cu_p,Cu+
BIOMD0000001062,M_cxsam_c,Carboxy-S-adenosyl-L-methionine
BIOMD0000001062,M_cyan_c,Hydrogen cyanide
BIOMD0000001062,M_cyan_e,Hydrogen cyanide
BIOMD0000001062,M_cyan_p,Hydrogen cyanide
BIOMD0000001062,M_cynt_c,Cyanate
BIOMD0000001062,M_cynt_e,Cyanate
BIOMD0000001062,M_cynt_p,Cyanate
BIOMD0000001062,M_cys__D_c,D-Cysteine
BIOMD0000001062,M_cys__D_e,D-Cysteine
BIOMD0000001062,M_cys__D_p,D-Cysteine
BIOMD0000001062,M_cys__L_c,L-Cysteine
BIOMD0000001062,M_cys__L_e,L-Cysteine
BIOMD0000001062,M_cys__L_p,L-Cysteine
BIOMD0000001062,M_cysi__L_c,L Cystine C6H12N2O4S2
BIOMD0000001062,M_cysi__L_e,L Cystine C6H12N2O4S2
BIOMD0000001062,M_cysi__L_p,L Cystine C6H12N2O4S2
BIOMD0000001062,M_cyst__L_c,L-Cystathionine
BIOMD0000001062,M_cystrna_c,L-Cysteinyl-tRNA(Cys)
BIOMD0000001062,M_cytd_c,Cytidine
BIOMD0000001062,M_cytd_e,Cytidine
BIOMD0000001062,M_cytd_p,Cytidine
BIOMD0000001062,M_d5kgp_c,2-Deoxy-5-keto-D-gluconic acid 6-phosphate
BIOMD0000001062,M_dad_2_c,Deoxyadenosine
BIOMD0000001062,M_dad_2_e,Deoxyadenosine
BIOMD0000001062,M_dad_2_p,Deoxyadenosine
BIOMD0000001062,M_dad_5_c,5'-Deoxyadenosine
BIOMD0000001062,M_dadp_c,DADP C10H12N5O9P2
BIOMD0000001062,M_damp_c,DAMP C10H12N5O6P
BIOMD0000001062,M_damp_e,DAMP C10H12N5O6P
BIOMD0000001062,M_damp_p,DAMP C10H12N5O6P
BIOMD0000001062,M_dann_c,"7,8-Diaminononanoate"
BIOMD0000001062,M_datp_c,DATP C10H12N5O12P3
BIOMD0000001062,M_db4p_c,"3,4-dihydroxy-2-butanone 4-phosphate"
BIOMD0000001062,M_dc2coa_c,Trans-Dec-2-enoyl-CoA
BIOMD0000001062,M_dcaACP_c,Decanoyl-ACP (n-C10:0ACP)
BIOMD0000001062,M_dca_c,Decanoate (n-C10:0)
BIOMD0000001062,M_dca_e,Decanoate (n-C10:0)
BIOMD0000001062,M_dca_p,Decanoate (n-C10:0)
BIOMD0000001062,M_dcacoa_c,Decanoyl-CoA (n-C10:0CoA)
BIOMD0000001062,M_dcamp_c,"N6-(1,2-Dicarboxyethyl)-AMP"
BIOMD0000001062,M_dcdp_c,DCDP C9H12N3O10P2
BIOMD0000001062,M_dcmp_c,DCMP C9H12N3O7P
BIOMD0000001062,M_dcmp_e,DCMP C9H12N3O7P
BIOMD0000001062,M_dcmp_p,DCMP C9H12N3O7P
BIOMD0000001062,M_dctp_c,DCTP C9H12N3O13P3
BIOMD0000001062,M_dcyt_c,Deoxycytidine
BIOMD0000001062,M_dcyt_e,Deoxycytidine
BIOMD0000001062,M_dcyt_p,Deoxycytidine
BIOMD0000001062,M_dd2coa_c,Trans-Dodec-2-enoyl-CoA
BIOMD0000001062,M_ddcaACP_c,Dodecanoyl-ACP (n-C12:0ACP)
BIOMD0000001062,M_ddca_c,Dodecanoate (n-C12:0)
BIOMD0000001062,M_ddca_e,Dodecanoate (n-C12:0)
BIOMD0000001062,M_ddca_p,Dodecanoate (n-C12:0)
BIOMD0000001062,M_ddcacoa_c,Dodecanoyl-CoA (n-C12:0CoA)
BIOMD0000001062,M_ddcap_c,Dodecanoly-phosphate (n-C12:0)
BIOMD0000001062,M_dextrin_e,Dextrin C12H20O10
BIOMD0000001062,M_dgdp_c,DGDP C10H12N5O10P2
BIOMD0000001062,M_dgmp_c,DGMP C10H12N5O7P
BIOMD0000001062,M_dgmp_e,DGMP C10H12N5O7P
BIOMD0000001062,M_dgmp_p,DGMP C10H12N5O7P
BIOMD0000001062,M_dgslnt_c,Selenodiglutathione
BIOMD0000001062,M_dgsn_c,Deoxyguanosine
BIOMD0000001062,M_dgsn_e,Deoxyguanosine
BIOMD0000001062,M_dgsn_p,Deoxyguanosine
BIOMD0000001062,M_dgtp_c,DGTP C10H12N5O13P3
BIOMD0000001062,M_dha_c,Dihydroxyacetone
BIOMD0000001062,M_dha_e,Dihydroxyacetone
BIOMD0000001062,M_dha_p,Dihydroxyacetone
BIOMD0000001062,M_dhap_c,Dihydroxyacetone phosphate
BIOMD0000001062,M_dhcholn_c,"3?,12?-dihydroxy-7-oxo-5?-cholan-24-oate"
BIOMD0000001062,M_dhf_c,"7,8-Dihydrofolate"
BIOMD0000001062,M_dhgly_c,Dehydroglycine
BIOMD0000001062,M_dhlam_c,Dihydrolipoamide C8H17NOS2
BIOMD0000001062,M_dhmpt_c,Dihydromonapterin
BIOMD0000001062,M_dhmptp_c,Dihydromonapterin-triphosphate
BIOMD0000001062,M_dhna_c,"1,4-Dihydroxy-2-naphthoate"
BIOMD0000001062,M_dhnpt_c,Dihydroneopterin
BIOMD0000001062,M_dhor__S_c,(S)-Dihydroorotate
BIOMD0000001062,M_dhpmp_c,Dihydroneopterin monophosphate
BIOMD0000001062,M_dhps_c,"2,3-Dihydroxypropane-1-sulfonate"
BIOMD0000001062,M_dhps_e,"2,3-Dihydroxypropane-1-sulfonate"
BIOMD0000001062,M_dhpt_c,Dihydropteroate
BIOMD0000001062,M_dhptd_c,"4,5-dihydroxy-2,3-pentanedione"
BIOMD0000001062,M_dhptdn_c,"6,7-Dihydropteridine"
BIOMD0000001062,M_diact_e,Diacetyl C4H6O2
BIOMD0000001062,M_didp_c,DIDP; 2'-deoxyinosine-5'-diphosphate(3-)
BIOMD0000001062,M_dimp_c,DIMP C10H12N4O7P
BIOMD0000001062,M_dimp_e,DIMP C10H12N4O7P
BIOMD0000001062,M_dimp_p,DIMP C10H12N4O7P
BIOMD0000001062,M_din_c,Deoxyinosine
BIOMD0000001062,M_din_e,Deoxyinosine
BIOMD0000001062,M_din_p,Deoxyinosine
BIOMD0000001062,M_ditp_c,DITP(4-)
BIOMD0000001062,M_dkdglcn_c,"2,5-Diketo-3-deoxy-D-gluconate"
BIOMD0000001062,M_dkfp_c,6-deoxy-5-ketofructose 1-phosphate
BIOMD0000001062,M_dkmpp_c,"2,3-diketo-5-methylthio-1-phosphopentane"
BIOMD0000001062,M_dmbzid_c,"5,6-Dimethylbenzimidazole"
BIOMD0000001062,M_dmlz_c,"6,7-Dimethyl-8-(1-D-ribityl)lumazine"
BIOMD0000001062,M_dmpp_c,Dimethylallyl diphosphate
BIOMD0000001062,M_dms_c,Dimethyl sulfide
BIOMD0000001062,M_dms_e,Dimethyl sulfide
BIOMD0000001062,M_dms_p,Dimethyl sulfide
BIOMD0000001062,M_dmso_c,Dimethyl sulfoxide
BIOMD0000001062,M_dmso_e,Dimethyl sulfoxide
BIOMD0000001062,M_dmso_p,Dimethyl sulfoxide
BIOMD0000001062,M_dnad_c,Deamino-NAD+
BIOMD0000001062,M_dopa_e,Dopamine
BIOMD0000001062,M_dopa_p,Dopamine
BIOMD0000001062,M_doxrbcn_e,Doxorubicin
BIOMD0000001062,M_doxrbcn_p,Doxorubicin
BIOMD0000001062,M_dpcoa_c,Dephospho-CoA
BIOMD0000001062,M_drib_c,Deoxyribose C5H10O4
BIOMD0000001062,M_drib_e,Deoxyribose C5H10O4
BIOMD0000001062,M_drib_p,Deoxyribose C5H10O4
BIOMD0000001062,M_dsbaox_p,Periplasmic protein disulfide isomerase I (oxidized)
BIOMD0000001062,M_dsbard_p,Periplasmic protein disulfide isomerase I (reduced)
BIOMD0000001062,M_dsbcox_p,Protein disulfide isomerase II (oxidized)
BIOMD0000001062,M_dsbcrd_p,Protein disulfide isomerase II (reduced)
BIOMD0000001062,M_dsbdox_c,Fused thiol:disulfide interchange protein (oxidized)
BIOMD0000001062,M_dsbdrd_c,Fused thiol:disulfide interchange protein (reduced)
BIOMD0000001062,M_dsbgox_p,Periplasmic disulfide isomerase/thiol-disulphide oxidase (oxidized)
BIOMD0000001062,M_dsbgrd_p,Periplasmic disulfide isomerase/thiol-disulphide oxidase (reduced)
BIOMD0000001062,M_dscl_c,Dihydrosirohydrochlorin
BIOMD0000001062,M_dt5hsu_c,4-Deoxy-L-threo-5-hexosulose uronate
BIOMD0000001062,M_dtbt_c,Dethiobiotin
BIOMD0000001062,M_dtdp4aaddg_c,"DTDP-4-acetamido-4,6-dideoxy-D-galactose"
BIOMD0000001062,M_dtdp4addg_c,"DTDP-4-amino-4,6-dideoxy-D-galactose"
BIOMD0000001062,M_dtdp4d6dg_c,DTDP-4-dehydro-6-deoxy-D-glucose
BIOMD0000001062,M_dtdp_c,DTDP C10H13N2O11P2
BIOMD0000001062,M_dtdpglu_c,DTDPglucose
BIOMD0000001062,M_dtgcl_c,2-hydroxyethyldisulfide
BIOMD0000001062,M_dtmp_c,DTMP C10H13N2O8P
BIOMD0000001062,M_dtmp_e,DTMP C10H13N2O8P
BIOMD0000001062,M_dtmp_p,DTMP C10H13N2O8P
BIOMD0000001062,M_dttp_c,DTTP C10H13N2O14P3
BIOMD0000001062,M_dudp_c,DUDP C9H11N2O11P2
BIOMD0000001062,M_dump_c,DUMP C9H11N2O8P
BIOMD0000001062,M_dump_e,DUMP C9H11N2O8P
BIOMD0000001062,M_dump_p,DUMP C9H11N2O8P
BIOMD0000001062,M_duri_c,Deoxyuridine
BIOMD0000001062,M_duri_e,Deoxyuridine
BIOMD0000001062,M_duri_p,Deoxyuridine
BIOMD0000001062,M_dutp_c,DUTP C9H11N2O14P3
BIOMD0000001062,M_dxyl5p_c,1-deoxy-D-xylulose 5-phosphate
BIOMD0000001062,M_dxyl_c,1-deoxy-D-xylulose
BIOMD0000001062,M_dxyl_e,1-deoxy-D-xylulose
BIOMD0000001062,M_dxyl_p,1-deoxy-D-xylulose
BIOMD0000001062,M_dxylnt_c,D-Xylonate
BIOMD0000001062,M_dxylnt_e,D-Xylonate
BIOMD0000001062,M_dxylnt_p,D-Xylonate
BIOMD0000001062,M_e4p_c,D-Erythrose 4-phosphate
BIOMD0000001062,M_eca2und_p,(enterobacterial common antigen)x2 undecaprenyl-diphosphate
BIOMD0000001062,M_eca3und_p,(enterobacterial common antigen)x3 undecaprenyl-diphosphate
BIOMD0000001062,M_eca4colipa_e,(enterobacterial common antigen)x4 core oligosaccharide lipid A
BIOMD0000001062,M_eca4colipa_p,(enterobacterial common antigen)x4 core oligosaccharide lipid A
BIOMD0000001062,M_eca4und_p,(enterobacterial common antigen)x4 undecaprenyl-diphosphate
BIOMD0000001062,M_egmeACP_c,Enoylglutaryl-[acyl-carrier protein] methyl ester
BIOMD0000001062,M_eig3p_c,D-erythro-1-(Imidazol-4-yl)glycerol 3-phosphate
BIOMD0000001062,M_enlipa_e,Phosphoethanolamine KDO(2)-lipid (A)
BIOMD0000001062,M_enlipa_p,Phosphoethanolamine KDO(2)-lipid (A)
BIOMD0000001062,M_enlipidA_LptA_p,1' Phosphoethanolamin lipidIVa C70H132N3O26P3
BIOMD0000001062,M_enlipidA_e,1' Phosphoethanolamin lipidIVa C70H132N3O26P3
BIOMD0000001062,M_enlipidA_p,1' Phosphoethanolamin lipidIVa C70H132N3O26P3
BIOMD0000001062,M_enter_c,Enterochelin
BIOMD0000001062,M_enter_e,Enterochelin
BIOMD0000001062,M_enter_p,Enterochelin
BIOMD0000001062,M_entermg_c,Enterobactin monoglycosylated
BIOMD0000001062,M_epmeACP_c,Enoylpimeloyl-[acyl-carrier protein] methyl ester
BIOMD0000001062,M_erthrs_c,D-erythrose
BIOMD0000001062,M_etha_c,Ethanolamine
BIOMD0000001062,M_etha_e,Ethanolamine
BIOMD0000001062,M_etha_p,Ethanolamine
BIOMD0000001062,M_ethso3_c,Ethanesulfonate
BIOMD0000001062,M_ethso3_e,Ethanesulfonate
BIOMD0000001062,M_ethso3_p,Ethanesulfonate
BIOMD0000001062,M_etoh_c,Ethanol
BIOMD0000001062,M_etoh_e,Ethanol
BIOMD0000001062,M_etoh_p,Ethanol
BIOMD0000001062,M_f1p_c,D-Fructose 1-phosphate
BIOMD0000001062,M_f6p_c,D-Fructose 6-phosphate
BIOMD0000001062,M_f6p_e,D-Fructose 6-phosphate
BIOMD0000001062,M_f6p_p,D-Fructose 6-phosphate
BIOMD0000001062,M_f_c,Fluoride
BIOMD0000001062,M_f_e,Fluoride
BIOMD0000001062,M_f_p,Fluoride
BIOMD0000001062,M_fad_c,Flavin adenine dinucleotide oxidized
BIOMD0000001062,M_fad_e,Flavin adenine dinucleotide oxidized
BIOMD0000001062,M_fad_p,Flavin adenine dinucleotide oxidized
BIOMD0000001062,M_fadh2_c,Flavin adenine dinucleotide reduced
BIOMD0000001062,M_fald_c,Formaldehyde
BIOMD0000001062,M_fald_e,Formaldehyde
BIOMD0000001062,M_fald_p,Formaldehyde
BIOMD0000001062,M_fc1p_c,L-Fuculose 1-phosphate
BIOMD0000001062,M_fcl__L_c,L-fuculose
BIOMD0000001062,M_fdp_c,"D-Fructose 1,6-bisphosphate"
BIOMD0000001062,M_fe2_c,Fe2+ mitochondria
BIOMD0000001062,M_fe2_e,Fe2+ mitochondria
BIOMD0000001062,M_fe2_p,Fe2+ mitochondria
BIOMD0000001062,M_fe3_c,Iron (Fe3+)
BIOMD0000001062,M_fe3_e,Iron (Fe3+)
BIOMD0000001062,M_fe3_p,Iron (Fe3+)
BIOMD0000001062,M_fe3dcit_c,Fe(III)dicitrate
BIOMD0000001062,M_fe3dcit_e,Fe(III)dicitrate
BIOMD0000001062,M_fe3dcit_p,Fe(III)dicitrate
BIOMD0000001062,M_fe3dhbzs3_c,2-3-dihydroxybenzoylserine trimer-Fe-III
BIOMD0000001062,M_fe3dhbzs3_e,2-3-dihydroxybenzoylserine trimer-Fe-III
BIOMD0000001062,M_fe3dhbzs3_p,2-3-dihydroxybenzoylserine trimer-Fe-III
BIOMD0000001062,M_fe3dhbzs_c,"Ferric 2,3-dihydroxybenzoylserine"
BIOMD0000001062,M_fe3dhbzs_e,"Ferric 2,3-dihydroxybenzoylserine"
BIOMD0000001062,M_fe3dhbzs_p,"Ferric 2,3-dihydroxybenzoylserine"
BIOMD0000001062,M_fe3hox_c,Fe(III)hydroxamate
BIOMD0000001062,M_fe3hox_e,Fe(III)hydroxamate
BIOMD0000001062,M_fe3hox_p,Fe(III)hydroxamate
BIOMD0000001062,M_fe3hox_un_c,"Fe(III)hydoxamate, unloaded"
BIOMD0000001062,M_fe3hox_un_e,"Fe(III)hydoxamate, unloaded"
BIOMD0000001062,M_fe3hox_un_p,"Fe(III)hydoxamate, unloaded"
BIOMD0000001062,M_fe_c,Iron
BIOMD0000001062,M_fe_e,Iron
BIOMD0000001062,M_fe_p,Iron
BIOMD0000001062,M_fecrm_c,Ferrichrome
BIOMD0000001062,M_fecrm_e,Ferrichrome
BIOMD0000001062,M_fecrm_p,Ferrichrome
BIOMD0000001062,M_fecrm_un_c,Ferrichrome minus Fe(III)
BIOMD0000001062,M_fecrm_un_e,Ferrichrome minus Fe(III)
BIOMD0000001062,M_fecrm_un_p,Ferrichrome minus Fe(III)
BIOMD0000001062,M_feenter_c,Fe-enterobactin
BIOMD0000001062,M_feenter_e,Fe-enterobactin
BIOMD0000001062,M_feenter_p,Fe-enterobactin
BIOMD0000001062,M_feoxam_c,Generic ferrioxamine-Fe-III
BIOMD0000001062,M_feoxam_e,Generic ferrioxamine-Fe-III
BIOMD0000001062,M_feoxam_p,Generic ferrioxamine-Fe-III
BIOMD0000001062,M_feoxam_un_c,Ferroxamine minus Fe(3)
BIOMD0000001062,M_feoxam_un_e,Ferroxamine minus Fe(3)
BIOMD0000001062,M_feoxam_un_p,Ferroxamine minus Fe(3)
BIOMD0000001062,M_feroxB_e,Ferrioxamine-B
BIOMD0000001062,M_feroxBfe_e,Ferrioxamine-B-fe
BIOMD0000001062,M_feroxE_e,Ferrioxamine-E
BIOMD0000001062,M_feroxEfe_e,Ferrioxamine-E-fe
BIOMD0000001062,M_feroxG_e,Ferrioxamine-G
BIOMD0000001062,M_feroxGfe_e,Ferrioxamine-G-fe
BIOMD0000001062,M_fgam_c,N2-Formyl-N1-(5-phospho-D-ribosyl)glycinamide
BIOMD0000001062,M_fldox_c,Flavodoxin (oxidized) - obsolete
BIOMD0000001062,M_fldrd_c,Flavodoxin (reduced) - obsolete
BIOMD0000001062,M_flxr_c,Flavodoxin reduced
BIOMD0000001062,M_flxso_c,Flavodoxin semi oxidized
BIOMD0000001062,M_fmettrna_c,N-Formylmethionyl-tRNA
BIOMD0000001062,M_fmn_c,FMN C17H19N4O9P
BIOMD0000001062,M_fmn_e,FMN C17H19N4O9P
BIOMD0000001062,M_fmn_p,FMN C17H19N4O9P
BIOMD0000001062,M_fmnh2_c,Reduced FMN
BIOMD0000001062,M_for_c,Formate
BIOMD0000001062,M_for_e,Formate
BIOMD0000001062,M_for_p,Formate
BIOMD0000001062,M_forcoa_c,Formyl-CoA(4-)
BIOMD0000001062,M_fpram_c,2-(Formamido)-N1-(5-phospho-D-ribosyl)acetamidine
BIOMD0000001062,M_fprica_c,5-Formamido-1-(5-phospho-D-ribosyl)imidazole-4-carboxamide
BIOMD0000001062,M_frdp_c,Farnesyl diphosphate
BIOMD0000001062,M_frmd_e,Formamide
BIOMD0000001062,M_frmd_p,Formamide
BIOMD0000001062,M_fru_c,D-Fructose
BIOMD0000001062,M_fru_e,D-Fructose
BIOMD0000001062,M_fru_p,D-Fructose
BIOMD0000001062,M_frulys_e,Fructoselysine
BIOMD0000001062,M_frulys_p,Fructoselysine
BIOMD0000001062,M_fruur_c,D-Fructuronate
BIOMD0000001062,M_fruur_e,D-Fructuronate
BIOMD0000001062,M_fruur_p,D-Fructuronate
BIOMD0000001062,M_fuc__L_c,L-Fucose
BIOMD0000001062,M_fuc__L_e,L-Fucose
BIOMD0000001062,M_fuc__L_p,L-Fucose
BIOMD0000001062,M_fum_c,Fumarate
BIOMD0000001062,M_fum_e,Fumarate
BIOMD0000001062,M_fum_p,Fumarate
BIOMD0000001062,M_fusa_e,Fusidic acid
BIOMD0000001062,M_fusa_p,Fusidic acid
BIOMD0000001062,M_g1p_c,D-Glucose 1-phosphate
BIOMD0000001062,M_g1p_e,D-Glucose 1-phosphate
BIOMD0000001062,M_g1p_p,D-Glucose 1-phosphate
BIOMD0000001062,M_g3p_c,Glyceraldehyde 3-phosphate
BIOMD0000001062,M_g3pc_c,Sn-Glycero-3-phosphocholine
BIOMD0000001062,M_g3pc_e,Sn-Glycero-3-phosphocholine
BIOMD0000001062,M_g3pc_p,Sn-Glycero-3-phosphocholine
BIOMD0000001062,M_g3pe_c,Sn-Glycero-3-phosphoethanolamine
BIOMD0000001062,M_g3pe_e,Sn-Glycero-3-phosphoethanolamine
BIOMD0000001062,M_g3pe_p,Sn-Glycero-3-phosphoethanolamine
BIOMD0000001062,M_g3pg_c,Glycerophosphoglycerol
BIOMD0000001062,M_g3pg_e,Glycerophosphoglycerol
BIOMD0000001062,M_g3pg_p,Glycerophosphoglycerol
BIOMD0000001062,M_g3pi_c,Sn-Glycero-3-phospho-1-inositol
BIOMD0000001062,M_g3pi_e,Sn-Glycero-3-phospho-1-inositol
BIOMD0000001062,M_g3pi_p,Sn-Glycero-3-phospho-1-inositol
BIOMD0000001062,M_g3ps_c,Glycerophosphoserine
BIOMD0000001062,M_g3ps_e,Glycerophosphoserine
BIOMD0000001062,M_g3ps_p,Glycerophosphoserine
BIOMD0000001062,M_g6p_c,D-Glucose 6-phosphate
BIOMD0000001062,M_g6p_e,D-Glucose 6-phosphate
BIOMD0000001062,M_g6p_p,D-Glucose 6-phosphate
BIOMD0000001062,M_gagggicolipaAR1_c,R1 galactosyl glucosyl glucosyl glucosyl inner core oligosaccharide lipid A C155H250N2O83P4
BIOMD0000001062,M_gagggicolipaBR1_c,R1 galactosyl glucosyl glucosyl glucosyl inner core oligosaccharide lipid A with laurate C153H246N2O83P4
BIOMD0000001062,M_gagicolipa_c,Galactosyl-glucosyl-inner core oligosaccharide lipid A
BIOMD0000001062,M_gal1p_c,Alpha-D-Galactose 1-phosphate
BIOMD0000001062,M_gal1p_e,Alpha-D-Galactose 1-phosphate
BIOMD0000001062,M_gal1p_p,Alpha-D-Galactose 1-phosphate
BIOMD0000001062,M_gal_bD_e,Beta D-Galactose
BIOMD0000001062,M_gal_bD_p,Beta D-Galactose
BIOMD0000001062,M_gal_c,D-Galactose
BIOMD0000001062,M_gal_e,D-Galactose
BIOMD0000001062,M_gal_p,D-Galactose
BIOMD0000001062,M_galam6p_c,D Galactosamine 6 phosphate C6H14NO8P
BIOMD0000001062,M_galam_e,D Galactosamine C6H13NO5
BIOMD0000001062,M_galam_p,D Galactosamine C6H13NO5
BIOMD0000001062,M_galct__D_c,D-Galactarate
BIOMD0000001062,M_galct__D_e,D-Galactarate
BIOMD0000001062,M_galct__D_p,D-Galactarate
BIOMD0000001062,M_galctn__D_c,D-Galactonate
BIOMD0000001062,M_galctn__D_e,D-Galactonate
BIOMD0000001062,M_galctn__D_p,D-Galactonate
BIOMD0000001062,M_galctn__L_c,L-Galactonate
BIOMD0000001062,M_galctn__L_e,L-Galactonate
BIOMD0000001062,M_galctn__L_p,L-Galactonate
BIOMD0000001062,M_galt1p_c,Galactitol 1-phosphate
BIOMD0000001062,M_galt_e,Galactitol
BIOMD0000001062,M_galt_p,Galactitol
BIOMD0000001062,M_galur_c,D-Galacturonate
BIOMD0000001062,M_galur_e,D-Galacturonate
BIOMD0000001062,M_galur_p,D-Galacturonate
BIOMD0000001062,M_gam1p_c,D-Glucosamine 1-phosphate
BIOMD0000001062,M_gam6p_c,D-Glucosamine 6-phosphate
BIOMD0000001062,M_gam6p_e,D-Glucosamine 6-phosphate
BIOMD0000001062,M_gam6p_p,D-Glucosamine 6-phosphate
BIOMD0000001062,M_gam_c,D-Glucosamine
BIOMD0000001062,M_gam_e,D-Glucosamine
BIOMD0000001062,M_gam_p,D-Glucosamine
BIOMD0000001062,M_gar_c,N1-(5-Phospho-D-ribosyl)glycinamide
BIOMD0000001062,M_gbbtn_c,Gamma-butyrobetaine
BIOMD0000001062,M_gbbtn_e,Gamma-butyrobetaine
BIOMD0000001062,M_gbbtn_p,Gamma-butyrobetaine
BIOMD0000001062,M_gcald_c,Glycolaldehyde
BIOMD0000001062,M_gdp_c,GDP C10H12N5O11P2
BIOMD0000001062,M_gdp_e,GDP C10H12N5O11P2
BIOMD0000001062,M_gdp_p,GDP C10H12N5O11P2
BIOMD0000001062,M_gdpddman_c,GDP-4-dehydro-6-deoxy-D-mannose
BIOMD0000001062,M_gdpfuc_c,GDP-L-fucose
BIOMD0000001062,M_gdpmann_c,GDP-D-mannose
BIOMD0000001062,M_gdpofuc_c,GDP-4-oxo-L-fucose
BIOMD0000001062,M_gdptp_c,Guanosine 3'-diphosphate 5'-triphosphate
BIOMD0000001062,M_gfgaragund_c,Galactofuranosyl-glucosyl-O-acetyl-rhamanosyl-N-acetylglucosamyl-undecaprenyl diphosphate
BIOMD0000001062,M_ggagicolipa_c,Glucosyl-galactosyl-glucosyl-inner core oligosaccharide lipid A
BIOMD0000001062,M_gggagicolipa_c,Glucosyl-glucosyl-galactosyl-glucosyl-inner core oligosaccharide lipid A
BIOMD0000001062,M_gggicolipaAR1_c,R1 glucosyl glucosyl glucosyl inner core oligosaccharide lipid A C149H240N2O78P4
BIOMD0000001062,M_gggicolipaBR1_c,R1 glucosyl glucosyl glucosyl inner core oligosaccharide lipid A with laurate C147H236N2O78P4
BIOMD0000001062,M_ggicolipaAR1_c,R1 glucosyl glucosyl inner core oligosaccharide lipid A C143H230N2O73P4
BIOMD0000001062,M_ggicolipaBR1_c,R1 glucosyl glucosyl inner core oligosaccharide lipid A with laurate C141H226N2O73P4
BIOMD0000001062,M_ghb_c,Gamma-hydroxybutyrate
BIOMD0000001062,M_gicolipaAR1_c,R1 glucosyl inner core oligosaccharide lipid A C137H220N2O68P4
BIOMD0000001062,M_gicolipaBR1_c,R1 glucosyl inner core oligosaccharide lipid A with laurate C135H216N2O68P4
BIOMD0000001062,M_gicolipa_c,Glucosyl-inner core oligosaccharide lipid A
BIOMD0000001062,M_glc__D_c,D-Glucose
BIOMD0000001062,M_glc__D_e,D-Glucose
BIOMD0000001062,M_glc__D_p,D-Glucose
BIOMD0000001062,M_glcn_c,D-Gluconate
BIOMD0000001062,M_glcn_e,D-Gluconate
BIOMD0000001062,M_glcn_p,D-Gluconate
BIOMD0000001062,M_glcr_c,D-Glucarate
BIOMD0000001062,M_glcr_e,D-Glucarate
BIOMD0000001062,M_glcr_p,D-Glucarate
BIOMD0000001062,M_glcur1p_e,D-Glucuronate 1-phosphate
BIOMD0000001062,M_glcur1p_p,D-Glucuronate 1-phosphate
BIOMD0000001062,M_glcur_c,D-Glucuronate
BIOMD0000001062,M_glcur_e,D-Glucuronate
BIOMD0000001062,M_glcur_p,D-Glucuronate
BIOMD0000001062,M_gln__L_c,L-Glutamine
BIOMD0000001062,M_gln__L_e,L-Glutamine
BIOMD0000001062,M_gln__L_p,L-Glutamine
BIOMD0000001062,M_glntrna_c,L-Glutaminyl-tRNA(Gln)
BIOMD0000001062,M_glu1sa_c,L-Glutamate 1-semialdehyde
BIOMD0000001062,M_glu5p_c,L-Glutamate 5-phosphate
BIOMD0000001062,M_glu5sa_c,L-Glutamate 5-semialdehyde
BIOMD0000001062,M_glu__D_c,D-Glutamate
BIOMD0000001062,M_glu__D_e,D-Glutamate
BIOMD0000001062,M_glu__L_c,L-Glutamate
BIOMD0000001062,M_glu__L_e,L-Glutamate
BIOMD0000001062,M_glu__L_p,L-Glutamate
BIOMD0000001062,M_glucys_c,Gamma-L-Glutamyl-L-cysteine
BIOMD0000001062,M_glutar_c,Glutarate
BIOMD0000001062,M_glutcoa_c,Glutaryl-CoA mitochondria
BIOMD0000001062,M_glutrna_c,L-Glutamyl-tRNA(Glu)
BIOMD0000001062,M_glx_c,Glyoxylate
BIOMD0000001062,M_glx_e,Glyoxylate
BIOMD0000001062,M_gly_asn__L_c,Gly asn L C6H11N3O4
BIOMD0000001062,M_gly_asn__L_e,Gly asn L C6H11N3O4
BIOMD0000001062,M_gly_asn__L_p,Gly asn L C6H11N3O4
BIOMD0000001062,M_gly_asp__L_c,Gly asp L C6H9N2O5
BIOMD0000001062,M_gly_asp__L_e,Gly asp L C6H9N2O5
BIOMD0000001062,M_gly_asp__L_p,Gly asp L C6H9N2O5
BIOMD0000001062,M_gly_c,Glycine
BIOMD0000001062,M_gly_e,Glycine
BIOMD0000001062,M_gly_gln__L_c,Gly-Gln
BIOMD0000001062,M_gly_gln__L_e,Gly Gln C7H13N3O4
BIOMD0000001062,M_gly_gln__L_p,Gly-Gln
BIOMD0000001062,M_gly_glu__L_c,Gly glu L C7H11N2O5
BIOMD0000001062,M_gly_glu__L_e,Gly glu L C7H11N2O5
BIOMD0000001062,M_gly_glu__L_p,Gly glu L C7H11N2O5
BIOMD0000001062,M_gly_met__L_c,Gly-Met
BIOMD0000001062,M_gly_met__L_e,Gly Met C7H14N2O3S
BIOMD0000001062,M_gly_met__L_p,Gly-Met
BIOMD0000001062,M_gly_p,Glycine
BIOMD0000001062,M_gly_pro__L_c,Gly pro L C7H12N2O3
BIOMD0000001062,M_gly_pro__L_e,Gly pro L C7H12N2O3
BIOMD0000001062,M_gly_pro__L_p,Gly pro L C7H12N2O3
BIOMD0000001062,M_glyald_c,D-Glyceraldehyde
BIOMD0000001062,M_glyald_e,D-Glyceraldehyde
BIOMD0000001062,M_glyald_p,D-Glyceraldehyde
BIOMD0000001062,M_glyb_c,Glycine betaine
BIOMD0000001062,M_glyb_e,Glycine betaine
BIOMD0000001062,M_glyb_p,Glycine betaine
BIOMD0000001062,M_glyc2p_c,Glycerol 2-phosphate
BIOMD0000001062,M_glyc2p_e,Glycerol 2-phosphate
BIOMD0000001062,M_glyc2p_p,Glycerol 2-phosphate
BIOMD0000001062,M_glyc3p_c,Glycerol 3-phosphate
BIOMD0000001062,M_glyc3p_e,Glycerol 3-phosphate
BIOMD0000001062,M_glyc3p_p,Glycerol 3-phosphate
BIOMD0000001062,M_glyc__R_c,(R)-Glycerate
BIOMD0000001062,M_glyc__R_e,(R)-Glycerate
BIOMD0000001062,M_glyc__R_p,(R)-Glycerate
BIOMD0000001062,M_glyc_c,Glycerol
BIOMD0000001062,M_glyc_e,Glycerol
BIOMD0000001062,M_glyc_p,Glycerol
BIOMD0000001062,M_glyclt_c,Glycolate C2H3O3
BIOMD0000001062,M_glyclt_e,Glycolate C2H3O3
BIOMD0000001062,M_glyclt_p,Glycolate C2H3O3
BIOMD0000001062,M_glycogen_c,Glycogen C6H10O5
BIOMD0000001062,M_glycogen_e,Glycogen C6H10O5
BIOMD0000001062,M_glytrna_c,Glycyl-tRNA(Gly)
BIOMD0000001062,M_gmeACP_c,Glutaryl-[acyl-carrier protein] methyl ester
BIOMD0000001062,M_gmhep17bp_c,"D-Glycero-D-manno-heptose 1,7-bisphosphate"
BIOMD0000001062,M_gmhep1p_c,D-Glycero-D-manno-heptose 1-phosphate
BIOMD0000001062,M_gmhep7p_c,D-Glycero-D-manno-heptose 7-phosphate
BIOMD0000001062,M_gmp_c,GMP C10H12N5O8P
BIOMD0000001062,M_gmp_e,GMP C10H12N5O8P
BIOMD0000001062,M_gmp_p,GMP C10H12N5O8P
BIOMD0000001062,M_gmplys_c,GMP-N-?-(N-?-acetyl lysine methyl ester) 5'-phosphoramidate
BIOMD0000001062,M_gp4g_c,"P1,P4-Bis(5'-guanosyl) tetraphosphate"
BIOMD0000001062,M_grdp_c,Geranyl diphosphate
BIOMD0000001062,M_grxox_c,Glutaredoxin (oxidized)
BIOMD0000001062,M_grxrd_c,Glutaredoxin (reduced)
BIOMD0000001062,M_gslnt_c,Glutathiolselenolate
BIOMD0000001062,M_gsn_c,Guanosine
BIOMD0000001062,M_gsn_e,Guanosine
BIOMD0000001062,M_gsn_p,Guanosine
BIOMD0000001062,M_gthox_c,Oxidized glutathione
BIOMD0000001062,M_gthox_e,Oxidized glutathione
BIOMD0000001062,M_gthox_p,Oxidized glutathione
BIOMD0000001062,M_gthrd_c,Reduced glutathione
BIOMD0000001062,M_gthrd_e,Reduced glutathione
BIOMD0000001062,M_gthrd_p,Reduced glutathione
BIOMD0000001062,M_gtp_c,GTP C10H12N5O14P3
BIOMD0000001062,M_gtp_e,GTP C10H12N5O14P3
BIOMD0000001062,M_gtp_p,GTP C10H12N5O14P3
BIOMD0000001062,M_gtspmd_c,Glutathionylspermidine
BIOMD0000001062,M_gua_c,Guanine
BIOMD0000001062,M_gua_e,Guanine
BIOMD0000001062,M_gua_p,Guanine
BIOMD0000001062,M_guln__L_e,L-gulonate
BIOMD0000001062,M_guln__L_p,L-gulonate
BIOMD0000001062,M_h2_c,Hydrogen
BIOMD0000001062,M_h2_e,Hydrogen
BIOMD0000001062,M_h2_p,Hydrogen
BIOMD0000001062,M_h2mb4p_c,1-hydroxy-2-methyl-2-(E)-butenyl 4-diphosphate
BIOMD0000001062,M_h2o2_c,Hydrogen peroxide
BIOMD0000001062,M_h2o2_e,Hydrogen peroxide
BIOMD0000001062,M_h2o2_p,Hydrogen peroxide
BIOMD0000001062,M_h2o_c,H2O H2O
BIOMD0000001062,M_h2o_e,H2O H2O
BIOMD0000001062,M_h2o_p,H2O H2O
BIOMD0000001062,M_h2s_c,Hydrogen sulfide
BIOMD0000001062,M_h2s_e,Hydrogen sulfide
BIOMD0000001062,M_h2s_p,Hydrogen sulfide
BIOMD0000001062,M_h_c,H+
BIOMD0000001062,M_h_e,H+
BIOMD0000001062,M_h_p,H+
BIOMD0000001062,M_hacolipa_e,Hepta-acylated core oligosaccharide lipid A (E. coli)
BIOMD0000001062,M_halipa_e,Hepta-acylated KDO(2)-lipid (A)
BIOMD0000001062,M_ham_e,Hydroxylamine
BIOMD0000001062,M_hco3_c,Bicarbonate
BIOMD0000001062,M_hcys__L_c,L-Homocysteine
BIOMD0000001062,M_hdca_c,Hexadecanoate (n-C16:0)
BIOMD0000001062,M_hdca_e,Hexadecanoate (n-C16:0)
BIOMD0000001062,M_hdca_p,Hexadecanoate (n-C16:0)
BIOMD0000001062,M_hdcap_c,Hexadecanoyl-phosphate (n-C16:0)
BIOMD0000001062,M_hdcea_c,Hexadecenoate (n-C16:1)
BIOMD0000001062,M_hdcea_e,Hexadecenoate (n-C16:1)
BIOMD0000001062,M_hdcea_p,Hexadecenoate (n-C16:1)
BIOMD0000001062,M_hdceap_c,Hexadecanoyl-phosphate (n-C16:1)
BIOMD0000001062,M_hdcoa_c,Hexadecenoyl-CoA (n-C16:1CoA)
BIOMD0000001062,M_hdd2coa_c,Trans-Hexadec-2-enoyl-CoA
BIOMD0000001062,M_hdeACP_c,Cis-hexadec-9-enoyl-[acyl-carrier protein] (n-C16:1)
BIOMD0000001062,M_hemeO_c,Heme O C49H56FeN4O5
BIOMD0000001062,M_hexACP_c,Hexanoyl-ACP (n-C6:0ACP)
BIOMD0000001062,M_hg2_c,Mercury  charged 2  Hg
BIOMD0000001062,M_hg2_e,Mercury  charged 2  Hg
BIOMD0000001062,M_hg2_p,Mercury  charged 2  Hg
BIOMD0000001062,M_hgmeACP_c,3-Hydroxyglutaryl-[acyl-carrier protein] methyl ester
BIOMD0000001062,M_hhlipa_c,Heptosyl-heptosyl-kdo2-lipidA
BIOMD0000001062,M_his__L_c,L-Histidine
BIOMD0000001062,M_his__L_e,L-Histidine
BIOMD0000001062,M_his__L_p,L-Histidine
BIOMD0000001062,M_hisp_c,L-Histidinol phosphate
BIOMD0000001062,M_hista_e,Histamine extracellular
BIOMD0000001062,M_histd_c,L-Histidinol
BIOMD0000001062,M_histrna_c,L-Histidyl-tRNA(His)
BIOMD0000001062,M_hlipa_c,Heptosyl-kdo2-lipidA
BIOMD0000001062,M_hmbil_c,Hydroxymethylbilane
BIOMD0000001062,M_hmfurn_c,4-hydroxy-5-methyl-3(2H)-furanone
BIOMD0000001062,M_hmgth_c,Hydroxymethylglutathione
BIOMD0000001062,M_hom__L_c,L-Homoserine
BIOMD0000001062,M_hom__L_e,L-Homoserine
BIOMD0000001062,M_hom__L_p,L-Homoserine
BIOMD0000001062,M_hphhlipaB_c,Heptosyl phospho heptosyl heptosyl kdo2 lipidA with laurate C122H195N2O54P3
BIOMD0000001062,M_hphhlipa_c,Heptosyl-phospho-heptosyl-heptosyl-kdo2-lipidA
BIOMD0000001062,M_hpmeACP_c,3-Hydroxypimeloyl-[acyl-carrier protein] methyl ester
BIOMD0000001062,M_hpyr_c,Hydroxypyruvate
BIOMD0000001062,M_hqn_c,Hydroquinone
BIOMD0000001062,M_hx2coa_c,Trans-Hex-2-enoyl-CoA
BIOMD0000001062,M_hxa_c,Hexanoate (n-C6:0)
BIOMD0000001062,M_hxa_e,Hexanoate (n-C6:0)
BIOMD0000001062,M_hxa_p,Hexanoate (n-C6:0)
BIOMD0000001062,M_hxan_c,Hypoxanthine
BIOMD0000001062,M_hxan_e,Hypoxanthine
BIOMD0000001062,M_hxan_p,Hypoxanthine
BIOMD0000001062,M_hxcoa_c,Hexanoyl-CoA (n-C6:0CoA)
BIOMD0000001062,M_iasp_c,Iminoaspartate
BIOMD0000001062,M_ichor_c,Isochorismate
BIOMD0000001062,M_icit_c,Isocitrate
BIOMD0000001062,M_icit_e,Isocitrate
BIOMD0000001062,M_icit_p,Isocitrate
BIOMD0000001062,M_icolipaAR1_c,R1 inner core oligosaccharide lipid A  E coli  C131H210N2O63P4
BIOMD0000001062,M_icolipaBR1_c,R1 inner core oligosaccharide lipid A  E coli  with laurate C129H206N2O63P4
BIOMD0000001062,M_icolipa_c,Inner core oligosaccharide lipid A (E coli)
BIOMD0000001062,M_idon__L_c,L-Idonate
BIOMD0000001062,M_idon__L_e,L-Idonate
BIOMD0000001062,M_idon__L_p,L-Idonate
BIOMD0000001062,M_idp_c,IDP C10H11N4O11P2
BIOMD0000001062,M_ile__L_c,L-Isoleucine
BIOMD0000001062,M_ile__L_e,L-Isoleucine
BIOMD0000001062,M_ile__L_p,L-Isoleucine
BIOMD0000001062,M_iletrna_c,L-Isoleucyl-tRNA(Ile)
BIOMD0000001062,M_imacp_c,3-(Imidazol-4-yl)-2-oxopropyl phosphate
BIOMD0000001062,M_imp_c,IMP C10H11N4O8P
BIOMD0000001062,M_imp_e,IMP C10H11N4O8P
BIOMD0000001062,M_imp_p,IMP C10H11N4O8P
BIOMD0000001062,M_indole_c,Indole
BIOMD0000001062,M_indole_e,Indole
BIOMD0000001062,M_indole_p,Indole
BIOMD0000001062,M_indpyr_c,Indolepyruvate C11H8NO3
BIOMD0000001062,M_inost_c,Myo-Inositol
BIOMD0000001062,M_inost_e,Myo-Inositol
BIOMD0000001062,M_inost_p,Myo-Inositol
BIOMD0000001062,M_ins_c,Inosine
BIOMD0000001062,M_ins_e,Inosine
BIOMD0000001062,M_ins_p,Inosine
BIOMD0000001062,M_ipdp_c,Isopentenyl diphosphate
BIOMD0000001062,M_iprimv_c,Isoprimeverose
BIOMD0000001062,M_iscs_c,IscS sulfur acceptor protein
BIOMD0000001062,M_iscssh_c,IscS with bound sulfur
BIOMD0000001062,M_iscu_2fe2s2_c,IscU with two bound [2Fe-2S] clusters
BIOMD0000001062,M_iscu_2fe2s_c,IscU with bound [2Fe-2S] cluster
BIOMD0000001062,M_iscu_4fe4s_c,IscU with bound [4Fe-4S] cluster
BIOMD0000001062,M_iscu_c,IscU scaffold protein
BIOMD0000001062,M_isetac_c,Isethionic acid
BIOMD0000001062,M_isetac_e,Isethionic acid
BIOMD0000001062,M_isetac_p,Isethionic acid
BIOMD0000001062,M_itp_c,ITP C10H11N4O14P3
BIOMD0000001062,M_k_c,Potassium
BIOMD0000001062,M_k_e,Potassium
BIOMD0000001062,M_k_p,Potassium
BIOMD0000001062,M_kdo2lipid4L_c,KDO(2)-lipid IV(A) with laurate
BIOMD0000001062,M_kdo2lipid4_c,KDO(2)-lipid IV(A)
BIOMD0000001062,M_kdo2lipid4_e,KDO(2)-lipid IV(A)
BIOMD0000001062,M_kdo2lipid4_p,KDO(2)-lipid IV(A)
BIOMD0000001062,M_kdo2lipid4p_c,KDO(2)-lipid IV(A) with palmitoleoyl
BIOMD0000001062,M_kdo8p_c,3-Deoxy-D-manno-octulosonate 8-phosphate
BIOMD0000001062,M_kdo_c,3-Deoxy-D-manno-2-octulosonate
BIOMD0000001062,M_kdolipid4_c,KDO-lipid IV(A)
BIOMD0000001062,M_kokdolipidA_e,KO-KDO-LIPID A
BIOMD0000001062,M_lac__D_c,D-Lactate
BIOMD0000001062,M_lac__D_e,D-Lactate
BIOMD0000001062,M_lac__D_p,D-Lactate
BIOMD0000001062,M_lac__L_c,L-Lactate
BIOMD0000001062,M_lac__L_e,L-Lactate
BIOMD0000001062,M_lac__L_p,L-Lactate
BIOMD0000001062,M_lald__D_c,D-Lactaldehyde
BIOMD0000001062,M_lald__L_c,L-Lactaldehyde
BIOMD0000001062,M_lcts_c,Lactose C12H22O11
BIOMD0000001062,M_lcts_e,Lactose C12H22O11
BIOMD0000001062,M_lcts_p,Lactose C12H22O11
BIOMD0000001062,M_leu__L_c,L-Leucine
BIOMD0000001062,M_leu__L_e,L-Leucine
BIOMD0000001062,M_leu__L_p,L-Leucine
BIOMD0000001062,M_leutrna_c,L-Leucyl-tRNA(Leu)
BIOMD0000001062,M_lgt__S_c,(R)-S-Lactoylglutathione
BIOMD0000001062,M_lipa_c,KDO(2)-lipid (A)
BIOMD0000001062,M_lipa_cold_c,Cold adapted KDO(2)-lipid (A)
BIOMD0000001062,M_lipa_cold_e,Cold adapted KDO(2)-lipid (A)
BIOMD0000001062,M_lipa_cold_p,Cold adapted KDO(2)-lipid (A)
BIOMD0000001062,M_lipa_e,KDO(2)-lipid (A)
BIOMD0000001062,M_lipa_p,KDO(2)-lipid (A)
BIOMD0000001062,M_lipidA_c,"2,3,2'3'-Tetrakis(beta-hydroxymyristoyl)-D-glucosaminyl-1,6-beta-D-glucosamine 1,4'-bisphosphate"
BIOMD0000001062,M_lipidA_core_e_p,2 3 2'3' Tetrakis beta hydroxymyristoyl  D glucosaminyl 1 6 beta D glucosamine 1 4' bisphosphate C68H126N2O23P2
BIOMD0000001062,M_lipidAds_c,Lipid A Disaccharide
BIOMD0000001062,M_lipidX_c,"2,3-Bis(3-hydroxytetradecanoyl)-beta-D-glucosaminyl 1-phosphate"
BIOMD0000001062,M_lipoamp_c,Lipoyl-AMP
BIOMD0000001062,M_lipoate_c,Lipoate
BIOMD0000001062,M_lipoate_e,Lipoate
BIOMD0000001062,M_lipoate_p,Lipoate
BIOMD0000001062,M_lipopb_c,Lipoate (protein bound)
BIOMD0000001062,M_lkdr_c,2-dehydro-3-deoxy-L-rhamnonate
BIOMD0000001062,M_lpam_c,Lipoamide C8H15NOS2
BIOMD0000001062,M_lpp_p,Lipoprotein
BIOMD0000001062,M_lys__D_e,D-Lysine
BIOMD0000001062,M_lys__L_c,L-Lysine
BIOMD0000001062,M_lys__L_e,L-Lysine
BIOMD0000001062,M_lys__L_p,L-Lysine
BIOMD0000001062,M_lystrna_c,L-Lysine-tRNA (Lys)
BIOMD0000001062,M_lyx__L_c,L-Lyxose
BIOMD0000001062,M_lyx__L_e,L-Lyxose
BIOMD0000001062,M_lyx__L_p,L-Lyxose
BIOMD0000001062,M_madg_e,Alpha Methyl D glucoside C7H14O6
BIOMD0000001062,M_malACP_c,Malonyl-[acyl-carrier protein]
BIOMD0000001062,M_mal__D_c,D-Malate
BIOMD0000001062,M_mal__D_e,D-Malate
BIOMD0000001062,M_mal__D_p,D-Malate
BIOMD0000001062,M_mal__L_c,L-Malate
BIOMD0000001062,M_mal__L_e,L-Malate
BIOMD0000001062,M_mal__L_p,L-Malate
BIOMD0000001062,M_malcoa_c,Malonyl CoA C24H33N7O19P3S
BIOMD0000001062,M_malcoame_c,Malonyl-CoA methyl ester
BIOMD0000001062,M_malt6p_c,Maltose 6'-phosphate
BIOMD0000001062,M_malt_c,Maltose C12H22O11
BIOMD0000001062,M_malt_e,Maltose C12H22O11
BIOMD0000001062,M_malt_p,Maltose C12H22O11
BIOMD0000001062,M_malthp_c,Maltoheptaose
BIOMD0000001062,M_malthx_c,Maltohexaose
BIOMD0000001062,M_malthx_e,Maltohexaose
BIOMD0000001062,M_malthx_p,Maltohexaose
BIOMD0000001062,M_maltpt_c,Maltopentaose
BIOMD0000001062,M_maltpt_e,Maltopentaose
BIOMD0000001062,M_maltpt_p,Maltopentaose
BIOMD0000001062,M_malttr_c,Maltotriose C18H32O16
BIOMD0000001062,M_malttr_e,Maltotriose C18H32O16
BIOMD0000001062,M_malttr_p,Maltotriose C18H32O16
BIOMD0000001062,M_maltttr_c,Maltotetraose
BIOMD0000001062,M_maltttr_e,Maltotetraose
BIOMD0000001062,M_maltttr_p,Maltotetraose
BIOMD0000001062,M_man1p_c,D-Mannose 1-phosphate
BIOMD0000001062,M_man6p_c,D-Mannose 6-phosphate
BIOMD0000001062,M_man6p_e,D-Mannose 6-phosphate
BIOMD0000001062,M_man6p_p,D-Mannose 6-phosphate
BIOMD0000001062,M_man6pglyc_c,2(alpha-D-Mannosyl-6-phosphate)-D-glycerate
BIOMD0000001062,M_man_c,D-Mannose
BIOMD0000001062,M_man_e,D-Mannose
BIOMD0000001062,M_man_p,D-Mannose
BIOMD0000001062,M_mana_c,D-Mannonate
BIOMD0000001062,M_manglyc_e,2(alpha-D-Mannosyl)-D-glycerate
BIOMD0000001062,M_manglyc_p,2(alpha-D-Mannosyl)-D-glycerate
BIOMD0000001062,M_mbdg_e,Beta Methylglucoside C7H14O6
BIOMD0000001062,M_mchtbs6p_c,N-monoacetylchitobiose 6'-phosphate
BIOMD0000001062,M_mdhdhf_c,"(2R,4S)-2-methyl-2,4-dihydroxydihydrofuran-3-one"
BIOMD0000001062,M_melib_c,Melibiose C12H22O11
BIOMD0000001062,M_melib_e,Melibiose C12H22O11
BIOMD0000001062,M_melib_p,Melibiose C12H22O11
BIOMD0000001062,M_meoh_c,Methanol
BIOMD0000001062,M_meoh_e,Methanol
BIOMD0000001062,M_meoh_p,Methanol
BIOMD0000001062,M_mepn_c,Methylphosphonic acid
BIOMD0000001062,M_mepn_e,Methylphosphonic acid
BIOMD0000001062,M_mepn_p,Methylphosphonic acid
BIOMD0000001062,M_mercpeth_c,Mercaptoethanol
BIOMD0000001062,M_mercppyr_c,Mercaptopyruvate
BIOMD0000001062,M_met_L_ala__L_c,Met L ala L C8H16N2O3S
BIOMD0000001062,M_met_L_ala__L_e,Met L ala L C8H16N2O3S
BIOMD0000001062,M_met_L_ala__L_p,Met L ala L C8H16N2O3S
BIOMD0000001062,M_met__D_c,D-Methionine
BIOMD0000001062,M_met__D_e,D-Methionine
BIOMD0000001062,M_met__D_p,D-Methionine
BIOMD0000001062,M_met__L_c,L-Methionine
BIOMD0000001062,M_met__L_e,L-Methionine
BIOMD0000001062,M_met__L_p,L-Methionine
BIOMD0000001062,M_metglcur_c,1-O-methyl-Beta-D-glucuronate
BIOMD0000001062,M_metglcur_e,1-O-methyl-Beta-D-glucuronate
BIOMD0000001062,M_metglcur_p,1-O-methyl-Beta-D-glucuronate
BIOMD0000001062,M_methf_c,"5,10-Methenyltetrahydrofolate"
BIOMD0000001062,M_metsox_R__L_c,L-methionine-R-sulfoxide
BIOMD0000001062,M_metsox_R__L_e,L-methionine-R-sulfoxide
BIOMD0000001062,M_metsox_R__L_p,L-methionine-R-sulfoxide
BIOMD0000001062,M_metsox_S__L_c,L-Methionine Sulfoxide
BIOMD0000001062,M_metsox_S__L_e,L-Methionine Sulfoxide
BIOMD0000001062,M_metsox_S__L_p,L-Methionine Sulfoxide
BIOMD0000001062,M_mettrna_c,L-Methionyl-tRNA (Met)
BIOMD0000001062,M_mg2_c,Magnesium
BIOMD0000001062,M_mg2_e,Magnesium
BIOMD0000001062,M_mg2_p,Magnesium
BIOMD0000001062,M_mi1p__D_c,1D-myo-Inositol 1-phosphate
BIOMD0000001062,M_micit_c,Methylisocitrate
BIOMD0000001062,M_mincyc_e,Minocycline
BIOMD0000001062,M_mincyc_p,Minocycline
BIOMD0000001062,M_minohp_e,Myo-Inositol hexakisphosphate
BIOMD0000001062,M_minohp_p,Myo-Inositol hexakisphosphate
BIOMD0000001062,M_mlthf_c,"5,10-Methylenetetrahydrofolate"
BIOMD0000001062,M_mma_e,Methylamine
BIOMD0000001062,M_mmcoa__R_c,(R)-Methylmalonyl-CoA
BIOMD0000001062,M_mmcoa__S_c,(S)-Methylmalonyl-CoA
BIOMD0000001062,M_mmet_c,S-Methyl-L-methionine
BIOMD0000001062,M_mmet_e,S-Methyl-L-methionine
BIOMD0000001062,M_mmet_p,S-Methyl-L-methionine
BIOMD0000001062,M_mn2_c,Manganese
BIOMD0000001062,M_mn2_e,Manganese
BIOMD0000001062,M_mn2_p,Manganese
BIOMD0000001062,M_mnl1p_c,D-Mannitol 1-phosphate
BIOMD0000001062,M_mnl_e,D-Mannitol
BIOMD0000001062,M_mnl_p,D-Mannitol
BIOMD0000001062,M_moadamp_c,MoaD Protein with bound AMP
BIOMD0000001062,M_moadcoo_c,MoaD Protein with carboxylate
BIOMD0000001062,M_moadcosh_c,MoaD Protein with thiocarboxylate
BIOMD0000001062,M_mobd_c,Molybdate
BIOMD0000001062,M_mobd_e,Molybdate
BIOMD0000001062,M_mobd_p,Molybdate
BIOMD0000001062,M_moco_c,Molybdenum cofactor
BIOMD0000001062,M_mococdp_c,Molybdopterin cytosine dinucleotide
BIOMD0000001062,M_mocogdp_c,Molybdopterin guanine dinucleotide
BIOMD0000001062,M_mpt_c,Molybdopterin
BIOMD0000001062,M_mptamp_c,Adenylated molybdopterin
BIOMD0000001062,M_mql8_c,Menaquinol 8
BIOMD0000001062,M_mqn8_c,Menaquinone 8
BIOMD0000001062,M_msa_c,Malonate semialdehyde
BIOMD0000001062,M_mso3_c,Methanesulfonate
BIOMD0000001062,M_mso3_e,Methanesulfonate
BIOMD0000001062,M_mso3_p,Methanesulfonate
BIOMD0000001062,M_mteo2_c,Methanetelluronate
BIOMD0000001062,M_mthgxl_c,Methylglyoxal
BIOMD0000001062,M_mththf_c,"(2R,4S)-2-methyl-2,3,3,4-tetrahydroxytetrahydrofuran"
BIOMD0000001062,M_mththf_e,"(2R,4S)-2-methyl-2,3,3,4-tetrahydroxytetrahydrofuran"
BIOMD0000001062,M_mththf_p,"(2R,4S)-2-methyl-2,3,3,4-tetrahydroxytetrahydrofuran"
BIOMD0000001062,M_murein3p3p_p,"Two linked disacharide tripeptide murein units (uncrosslinked, middle of chain)"
BIOMD0000001062,M_murein3px3p_p,"Two disacharide linked murein units, tripeptide crosslinked tripeptide (A2pm->A2pm) (middle of chain)"
BIOMD0000001062,M_murein3px4p_p,"Two disacharide linked murein units, tripeptide crosslinked tetrapeptide (A2pm->D-ala) (middle of chain)"
BIOMD0000001062,M_murein4p3p_p,"Two linked disacharide tetrapeptide and tripeptide murein units (uncrosslinked, middle of chain)"
BIOMD0000001062,M_murein4p4p_p,"Two linked disacharide tetrapeptide murein units (uncrosslinked, middle of chain)"
BIOMD0000001062,M_murein4px4p4p_p,"Three disacharide linked murein units (tetrapeptide crosslinked tetrapeptide (A2pm->D-ala), one uncrosslinked tetrapaptide) (middle of chain)"
BIOMD0000001062,M_murein4px4p_p,"Two disacharide linked murein units, tetrapeptide corsslinked tetrapeptide (A2pm->D-ala) (middle of chain)"
BIOMD0000001062,M_murein4px4px4p_p,Three disacharide linked murein units (tetrapeptide crosslinked tetrapeptide (A2pm->D-ala) & tetrapeptide corsslinked tetrapeptide (A2pm->D-ala)) (middle of chain)
BIOMD0000001062,M_murein5p3p_p,"Two linked disacharide pentapeptide and tripeptide murein units (uncrosslinked, middle of chain)"
BIOMD0000001062,M_murein5p4p_p,"Two linked disacharide pentapeptide and tetrapeptide murein units (uncrosslinked, middle of chain)"
BIOMD0000001062,M_murein5p5p5p_p,"Three linked disacharide pentapeptide murein units (uncrosslinked, middle of chain)"
BIOMD0000001062,M_murein5p5p_p,"Two linked disacharide pentapeptide murein units (uncrosslinked, middle of chain)"
BIOMD0000001062,M_murein5px3p_p,"Two disacharide linked murein units, pentapeptide corsslinked tripeptide (A2pm->A2pm) (middle of chain)"
BIOMD0000001062,M_murein5px4p_p,"Two disacharide linked murein units, pentapeptide crosslinked tetrapeptide (A2pm->D-ala) (middle of chain)"
BIOMD0000001062,M_murein5px4px4p_p,Three disacharide linked murein units (pentapeptide crosslinked tetrapeptide (A2pm->D-ala) tetrapeptide corsslinked tetrapeptide (A2pm->D-ala)) (middle of chain)
BIOMD0000001062,M_myrsACP_c,Myristoyl-ACP (n-C14:0ACP)
BIOMD0000001062,M_n2o_c,Nitrous oxide
BIOMD0000001062,M_n2o_e,Nitrous oxide
BIOMD0000001062,M_n2o_p,Nitrous oxide
BIOMD0000001062,M_n8aspmd_c,N8-Acetylspermidine
BIOMD0000001062,M_na15dap_c,"N-3-aminopropyl-1,5-diaminopentane"
BIOMD0000001062,M_na1_c,Sodium
BIOMD0000001062,M_na1_e,Sodium
BIOMD0000001062,M_na1_p,Sodium
BIOMD0000001062,M_nac_c,Nicotinate
BIOMD0000001062,M_nac_e,Nicotinate
BIOMD0000001062,M_nac_p,Nicotinate
BIOMD0000001062,M_nad_c,Nicotinamide adenine dinucleotide
BIOMD0000001062,M_nadh_c,Nicotinamide adenine dinucleotide - reduced
BIOMD0000001062,M_nadhx__R_c,(R)-NADHX
BIOMD0000001062,M_nadhx__S_c,"Adenosine 5'-(3-{5-[(2S)-5-carbamoyl-2-hydroxy-3,4-dihydropyridin-1-yl]-5-deoxy-?-D-ribofuranosyl} dihydrogen diphosphate)"
BIOMD0000001062,M_nadp_c,Nicotinamide adenine dinucleotide phosphate
BIOMD0000001062,M_nadph_c,Nicotinamide adenine dinucleotide phosphate - reduced
BIOMD0000001062,M_nadphx__R_c,(R)-NADPHX
BIOMD0000001062,M_nadphx__S_c,(S)-NADPHX
BIOMD0000001062,M_nalme_c,N-?-acetyl lysine methyl ester
BIOMD0000001062,M_ncam_c,Nicotinamide
BIOMD0000001062,M_nh4_c,Ammonium
BIOMD0000001062,M_nh4_e,Ammonium
BIOMD0000001062,M_nh4_p,Ammonium
BIOMD0000001062,M_ni2_c,Nickel
BIOMD0000001062,M_ni2_e,Nickel
BIOMD0000001062,M_ni2_p,Nickel
BIOMD0000001062,M_nicrns_c,Nicotinate D-ribonucleoside
BIOMD0000001062,M_nicrnt_c,Nicotinate D-ribonucleotide
BIOMD0000001062,M_nmn_c,NMN C11H14N2O8P
BIOMD0000001062,M_nmn_e,NMN C11H14N2O8P
BIOMD0000001062,M_nmn_p,NMN C11H14N2O8P
BIOMD0000001062,M_no2_c,Nitrite
BIOMD0000001062,M_no2_e,Nitrite
BIOMD0000001062,M_no2_p,Nitrite
BIOMD0000001062,M_no3_c,Nitrate
BIOMD0000001062,M_no3_e,Nitrate
BIOMD0000001062,M_no3_p,Nitrate
BIOMD0000001062,M_no_c,Nitric oxide
BIOMD0000001062,M_no_e,Nitric oxide
BIOMD0000001062,M_no_p,Nitric oxide
BIOMD0000001062,M_novbcn_e,Novobiocin
BIOMD0000001062,M_novbcn_p,Novobiocin
BIOMD0000001062,M_o16a4colipa_e,(O16 antigen)x4 core oligosaccharide lipid A
BIOMD0000001062,M_o16a4colipa_p,(O16 antigen)x4 core oligosaccharide lipid A
BIOMD0000001062,M_o16aund_c,O16 antigen undecaprenyl diphosphate
BIOMD0000001062,M_o2_c,O2 O2
BIOMD0000001062,M_o2_e,O2 O2
BIOMD0000001062,M_o2_p,O2 O2
BIOMD0000001062,M_o2s_c,Superoxide anion
BIOMD0000001062,M_o2s_e,Superoxide anion
BIOMD0000001062,M_o2s_p,Superoxide anion
BIOMD0000001062,M_o6a4colipa_e,O6 antigen x4 core oligosaccharide lipid A O225H390N2O120P2
BIOMD0000001062,M_oaa_c,Oxaloacetate
BIOMD0000001062,M_oaa_e,Oxaloacetate
BIOMD0000001062,M_oaa_p,Oxaloacetate
BIOMD0000001062,M_oc2coa_c,Trans-Oct-2-enoyl-CoA
BIOMD0000001062,M_ocACP_c,Octanoyl-ACP (n-C8:0ACP)
BIOMD0000001062,M_occoa_c,Octanoyl-CoA (n-C8:0CoA)
BIOMD0000001062,M_ocdcaACP_c,Octadecanoyl-ACP (n-C18:0ACP)
BIOMD0000001062,M_ocdca_c,Octadecanoate (n-C18:0)
BIOMD0000001062,M_ocdca_e,Octadecanoate (n-C18:0)
BIOMD0000001062,M_ocdca_p,Octadecanoate (n-C18:0)
BIOMD0000001062,M_ocdcap_c,Octadecanoyl-phosphate (n-C18:0)
BIOMD0000001062,M_ocdcea_c,Octadecenoate (n-C18:1)
BIOMD0000001062,M_ocdcea_e,Octadecenoate (n-C18:1)
BIOMD0000001062,M_ocdcea_p,Octadecenoate (n-C18:1)
BIOMD0000001062,M_ocdceap_c,Octadecanoyl-phosphate (n-C18:1)
BIOMD0000001062,M_octa_c,Octanoate (n-C8:0)
BIOMD0000001062,M_octa_e,Octanoate (n-C8:0)
BIOMD0000001062,M_octa_p,Octanoate (n-C8:0)
BIOMD0000001062,M_octapb_c,Octanoate (protein bound)
BIOMD0000001062,M_octdp_c,All-trans-Octaprenyl diphosphate
BIOMD0000001062,M_octeACP_c,Cis-octadec-11-enoyl-[acyl-carrier protein] (n-C18:1)
BIOMD0000001062,M_od2coa_c,Trans-Octadec-2-enoyl-CoA
BIOMD0000001062,M_odecoa_c,Octadecenoyl-CoA (n-C18:1CoA)
BIOMD0000001062,M_ogmeACP_c,3-Oxo-glutaryl-[acyl-carrier protein] methyl ester
BIOMD0000001062,M_ohpb_c,2-Oxo-3-hydroxy-4-phosphobutanoate
BIOMD0000001062,M_opmeACP_c,3-Oxo-pimeloyl-[acyl-carrier protein] methyl ester
BIOMD0000001062,M_orn_c,Ornithine
BIOMD0000001062,M_orn_e,Ornithine
BIOMD0000001062,M_orn_p,Ornithine
BIOMD0000001062,M_orot5p_c,Orotidine 5'-phosphate
BIOMD0000001062,M_orot_c,Orotate C5H3N2O4
BIOMD0000001062,M_orot_e,Orotate C5H3N2O4
BIOMD0000001062,M_orot_p,Orotate C5H3N2O4
BIOMD0000001062,M_oxa_c,Oxalate
BIOMD0000001062,M_oxa_e,Oxalate
BIOMD0000001062,M_oxadpcoa_c,3-Oxoadipyl-CoA
BIOMD0000001062,M_oxalcoa_c,Oxalyl-CoA
BIOMD0000001062,M_oxam_c,Oxamate
BIOMD0000001062,M_oxptn_c,5-Oxopentanoate
BIOMD0000001062,M_oxur_c,Oxalureate
BIOMD0000001062,M_pa120_c,"1,2-didodecanoyl-sn-glycerol 3-phosphate"
BIOMD0000001062,M_pa120_p,"1,2-didodecanoyl-sn-glycerol 3-phosphate"
BIOMD0000001062,M_pa140_c,"1,2-ditetradecanoyl-sn-glycerol 3-phosphate"
BIOMD0000001062,M_pa140_p,"1,2-ditetradecanoyl-sn-glycerol 3-phosphate"
BIOMD0000001062,M_pa141_c,"1,2-ditetradec-7-enoyl-sn-glycerol 3-phosphate"
BIOMD0000001062,M_pa141_p,"1,2-ditetradec-7-enoyl-sn-glycerol 3-phosphate"
BIOMD0000001062,M_pa160_c,"1,2-dihexadecanoyl-sn-glycerol 3-phosphate"
BIOMD0000001062,M_pa160_p,"1,2-dihexadecanoyl-sn-glycerol 3-phosphate"
BIOMD0000001062,M_pa161_c,"1,2-dihexadec-9-enoyl-sn-glycerol 3-phosphate"
BIOMD0000001062,M_pa161_p,"1,2-dihexadec-9-enoyl-sn-glycerol 3-phosphate"
BIOMD0000001062,M_pa180_c,"1,2-dioctadecanoyl-sn-glycerol 3-phosphate"
BIOMD0000001062,M_pa180_p,"1,2-dioctadecanoyl-sn-glycerol 3-phosphate"
BIOMD0000001062,M_pa181_c,"1,2-dioctadec-11-enoyl-sn-glycerol 3-phosphate"
BIOMD0000001062,M_pa181_p,"1,2-dioctadec-11-enoyl-sn-glycerol 3-phosphate"
BIOMD0000001062,M_pac_e,Phenylacetic acid
BIOMD0000001062,M_pac_p,Phenylacetic acid
BIOMD0000001062,M_pacald_c,Phenylacetaldehyde
BIOMD0000001062,M_pacald_e,Phenylacetaldehyde
BIOMD0000001062,M_pacald_p,Phenylacetaldehyde
BIOMD0000001062,M_pala_e,Palatinose C12H22O11
BIOMD0000001062,M_palmACP_c,Palmitoyl-ACP (n-C16:0ACP)
BIOMD0000001062,M_pan4p_c,Pantetheine 4'-phosphate
BIOMD0000001062,M_pant__R_c,(R)-Pantoate
BIOMD0000001062,M_pap_c,"Adenosine 3',5'-bisphosphate"
BIOMD0000001062,M_paps_c,3'-Phosphoadenylyl sulfate
BIOMD0000001062,M_pdx5p_c,Pyridoxine 5'-phosphate
BIOMD0000001062,M_pe120_c,"Phosphatidylethanolamine (didodecanoyl, n-C12:0)"
BIOMD0000001062,M_pe120_p,"Phosphatidylethanolamine (didodecanoyl, n-C12:0)"
BIOMD0000001062,M_pe140_c,"Phosphatidylethanolamine (ditetradecanoyl, n-C14:0)"
BIOMD0000001062,M_pe140_p,"Phosphatidylethanolamine (ditetradecanoyl, n-C14:0)"
BIOMD0000001062,M_pe141_c,"Phosphatidylethanolamine (ditetradec-7-enoyl, n-C14:1)"
BIOMD0000001062,M_pe141_p,"Phosphatidylethanolamine (ditetradec-7-enoyl, n-C14:1)"
BIOMD0000001062,M_pe160_c,"Phosphatidylethanolamine (dihexadecanoyl, n-C16:0)"
BIOMD0000001062,M_pe160_p,"Phosphatidylethanolamine (dihexadecanoyl, n-C16:0)"
BIOMD0000001062,M_pe161_c,"Phosphatidylethanolamine (dihexadec-9enoyl, n-C16:1)"
BIOMD0000001062,M_pe161_p,"Phosphatidylethanolamine (dihexadec-9enoyl, n-C16:1)"
BIOMD0000001062,M_pe180_c,"Phosphatidylethanolamine (dioctadecanoyl, n-C18:0)"
BIOMD0000001062,M_pe180_p,"Phosphatidylethanolamine (dioctadecanoyl, n-C18:0)"
BIOMD0000001062,M_pe181_c,"Phosphatidylethanolamine (dioctadec-11-enoyl, n-C18:1)"
BIOMD0000001062,M_pe181_p,"Phosphatidylethanolamine (dioctadec-11-enoyl, n-C18:1)"
BIOMD0000001062,M_peamn_e,Phenethylamine
BIOMD0000001062,M_peamn_p,Phenethylamine
BIOMD0000001062,M_pectin_e,Pectin C6H7O6
BIOMD0000001062,M_peng_e,Penicillin G C16H18N2O4S
BIOMD0000001062,M_peng_p,Penicillin G C16H18N2O4S
BIOMD0000001062,M_pep_c,Phosphoenolpyruvate
BIOMD0000001062,M_pep_e,Phosphoenolpyruvate
BIOMD0000001062,M_pg120_c,"Phosphatidylglycerol (didodecanoyl, n-C12:0)"
BIOMD0000001062,M_pg120_p,"Phosphatidylglycerol (didodecanoyl, n-C12:0)"
BIOMD0000001062,M_pg140_c,"Phosphatidylglycerol (ditetradecanoyl, n-C14:0)"
BIOMD0000001062,M_pg140_p,"Phosphatidylglycerol (ditetradecanoyl, n-C14:0)"
BIOMD0000001062,M_pg141_c,"Phosphatidylglycerol (ditetradec-7-enoyl, n-C14:1)"
BIOMD0000001062,M_pg141_p,"Phosphatidylglycerol (ditetradec-7-enoyl, n-C14:1)"
BIOMD0000001062,M_pg160_c,"Phosphatidylglycerol (dihexadecanoyl, n-C16:0)"
BIOMD0000001062,M_pg160_p,"Phosphatidylglycerol (dihexadecanoyl, n-C16:0)"
BIOMD0000001062,M_pg161_c,"Phosphatidylglycerol (dihexadec-9-enoyl, n-C16:1)"
BIOMD0000001062,M_pg161_p,"Phosphatidylglycerol (dihexadec-9-enoyl, n-C16:1)"
BIOMD0000001062,M_pg180_c,"Phosphatidylglycerol (dioctadecanoyl, n-C18:0)"
BIOMD0000001062,M_pg180_p,"Phosphatidylglycerol (dioctadecanoyl, n-C18:0)"
BIOMD0000001062,M_pg181_c,"Phosphatidylglycerol (dioctadec-11-enoyl, n-C18:1)"
BIOMD0000001062,M_pg181_p,"Phosphatidylglycerol (dioctadec-11-enoyl, n-C18:1)"
BIOMD0000001062,M_pgp120_c,"Phosphatidylglycerophosphate (didodecanoyl, n-C12:0)"
BIOMD0000001062,M_pgp120_p,"Phosphatidylglycerophosphate (didodecanoyl, n-C12:0)"
BIOMD0000001062,M_pgp140_c,"Phosphatidylglycerophosphate (ditetradecanoyl, n-C14:0)"
BIOMD0000001062,M_pgp140_p,"Phosphatidylglycerophosphate (ditetradecanoyl, n-C14:0)"
BIOMD0000001062,M_pgp141_c,"Phosphatidylglycerophosphate (ditetradec-7-enoyl, n-C14:1)"
BIOMD0000001062,M_pgp141_p,"Phosphatidylglycerophosphate (ditetradec-7-enoyl, n-C14:1)"
BIOMD0000001062,M_pgp160_c,"Phosphatidylglycerophosphate (dihexadecanoyl, n-C16:0)"
BIOMD0000001062,M_pgp160_p,"Phosphatidylglycerophosphate (dihexadecanoyl, n-C16:0)"
BIOMD0000001062,M_pgp161_c,"Phosphatidylglycerophosphate (dihexadec-9-enoyl, n-C16:1)"
BIOMD0000001062,M_pgp161_p,"Phosphatidylglycerophosphate (dihexadec-9-enoyl, n-C16:1)"
BIOMD0000001062,M_pgp180_c,"Phosphatidylglycerophosphate (dioctadecanoyl, n-C18:0)"
BIOMD0000001062,M_pgp180_p,"Phosphatidylglycerophosphate (dioctadecanoyl, n-C18:0)"
BIOMD0000001062,M_pgp181_c,"Phosphatidylglycerophosphate (dioctadec-11-enoyl, n-C18:1)"
BIOMD0000001062,M_pgp181_p,"Phosphatidylglycerophosphate (dioctadec-11-enoyl, n-C18:1)"
BIOMD0000001062,M_phe__L_c,L-Phenylalanine
BIOMD0000001062,M_phe__L_e,L-Phenylalanine
BIOMD0000001062,M_phe__L_p,L-Phenylalanine
BIOMD0000001062,M_pheme_c,Protoheme C34H30FeN4O4
BIOMD0000001062,M_pheme_e,Protoheme C34H30FeN4O4
BIOMD0000001062,M_pheme_p,Protoheme C34H30FeN4O4
BIOMD0000001062,M_phhlipa_c,Phospho-heptosyl-heptosyl-kdo2-lipidA
BIOMD0000001062,M_phom_c,O-Phospho-L-homoserine
BIOMD0000001062,M_phphhlipa_c,Phospho-heptosyl-phospho-heptosyl-heptosyl-kdo2-lipidA
BIOMD0000001062,M_phpyr_c,Phenylpyruvate
BIOMD0000001062,M_phthr_c,O-Phospho-4-hydroxy-L-threonine
BIOMD0000001062,M_pi_c,Phosphate
BIOMD0000001062,M_pi_e,Phosphate
BIOMD0000001062,M_pi_p,Phosphate
BIOMD0000001062,M_pimACP_c,Pimeloyl-[acyl-carrier protein]
BIOMD0000001062,M_pmcoa_c,Pimeloyl-CoA
BIOMD0000001062,M_pmeACP_c,Pimeloyl-[acyl-carrier protein] methyl ester
BIOMD0000001062,M_pmtcoa_c,Palmitoyl-CoA (n-C16:0CoA)
BIOMD0000001062,M_pnto__R_c,(R)-Pantothenate
BIOMD0000001062,M_pnto__R_e,(R)-Pantothenate
BIOMD0000001062,M_pnto__R_p,(R)-Pantothenate
BIOMD0000001062,M_poaac_c,Peroxyaminoacrylate
BIOMD0000001062,M_ppa_c,Propionate (n-C3:0)
BIOMD0000001062,M_ppa_e,Propionate (n-C3:0)
BIOMD0000001062,M_ppa_p,Propionate (n-C3:0)
BIOMD0000001062,M_ppal_c,Propanal
BIOMD0000001062,M_ppal_e,Propanal
BIOMD0000001062,M_ppal_p,Propanal
BIOMD0000001062,M_ppap_c,Propanoyl phosphate
BIOMD0000001062,M_ppbng_c,Porphobilinogen
BIOMD0000001062,M_ppcoa_c,Propanoyl-CoA
BIOMD0000001062,M_ppgpp_c,"Guanosine 3',5'-bis(diphosphate)"
BIOMD0000001062,M_pphn_c,Prephenate
BIOMD0000001062,M_ppi_c,Diphosphate
BIOMD0000001062,M_ppp9_c,Protoporphyrin
BIOMD0000001062,M_pppg9_c,Protoporphyrinogen IX
BIOMD0000001062,M_pppi_c,Inorganic triphosphate
BIOMD0000001062,M_pppn_c,Phenylpropanoate
BIOMD0000001062,M_pppn_e,Phenylpropanoate
BIOMD0000001062,M_pppn_p,Phenylpropanoate
BIOMD0000001062,M_pprdn_c,Piperideine
BIOMD0000001062,M_ppt_e,Phosphonate
BIOMD0000001062,M_ppt_p,Phosphonate
BIOMD0000001062,M_pram_c,5-Phospho-beta-D-ribosylamine
BIOMD0000001062,M_pran_c,N-(5-Phospho-D-ribosyl)anthranilate
BIOMD0000001062,M_prbamp_c,1-(5-Phosphoribosyl)-AMP
BIOMD0000001062,M_prbatp_c,1-(5-Phosphoribosyl)-ATP
BIOMD0000001062,M_prcp_c,"5-phospho-?-D-ribose 1,2-cyclic phosphate"
BIOMD0000001062,M_preq0_c,7-cyano-7-carbaguanine
BIOMD0000001062,M_preq1_c,7-aminomethyl-7-deazaguanine
BIOMD0000001062,M_prfp_c,1-(5-Phosphoribosyl)-5-[(5-phosphoribosylamino)methylideneamino]imidazole-4-carboxamide
BIOMD0000001062,M_prlp_c,5-[(5-phospho-1-deoxyribulos-1-ylamino)methylideneamino]-1-(5-phosphoribosyl)imidazole-4-carboxamide
BIOMD0000001062,M_pro__L_c,L-Proline
BIOMD0000001062,M_pro__L_e,L-Proline
BIOMD0000001062,M_pro__L_p,L-Proline
BIOMD0000001062,M_progly_c,L-Prolinylglycine
BIOMD0000001062,M_progly_e,L-Prolinylglycine
BIOMD0000001062,M_progly_p,L-Prolinylglycine
BIOMD0000001062,M_protrna_c,L-Prolyl-tRNA(Pro)
BIOMD0000001062,M_prpmn_c,?-D-ribose-1-methylphosphonate 5-phosphate
BIOMD0000001062,M_prpncoa_c,Propenoyl-CoA
BIOMD0000001062,M_prpp_c,5-Phospho-alpha-D-ribose 1-diphosphate
BIOMD0000001062,M_ps120_c,"Phosphatidylserine (didodecanoyl, n-C12:0)"
BIOMD0000001062,M_ps140_c,"Phosphatidylserine (ditetradecanoyl, n-C14:0)"
BIOMD0000001062,M_ps141_c,"Phosphatidylserine (ditetradec-7-enoyl, n-C14:1)"
BIOMD0000001062,M_ps160_c,"Phosphatidylserine (dihexadecanoyl, n-C16:0)"
BIOMD0000001062,M_ps161_c,"Phosphatidylserine (dihexadec-9-enoyl, n-C16:1)"
BIOMD0000001062,M_ps180_c,"Phosphatidylserine (dioctadecanoyl, n-C18:0)"
BIOMD0000001062,M_ps181_c,"Phosphatidylserine (dioctadec-11-enoyl, n-C18:1)"
BIOMD0000001062,M_psclys_c,Psicoselysine
BIOMD0000001062,M_psclys_e,Psicoselysine
BIOMD0000001062,M_psclys_p,Psicoselysine
BIOMD0000001062,M_psd5p_c,Pseudouridine 5  phosphate C9H11N2O9P
BIOMD0000001062,M_pser__L_c,O-Phospho-L-serine
BIOMD0000001062,M_pser__L_e,O-Phospho-L-serine
BIOMD0000001062,M_pser__L_p,O-Phospho-L-serine
BIOMD0000001062,M_psuri_c,Pseudouridine
BIOMD0000001062,M_psuri_e,Pseudouridine
BIOMD0000001062,M_psuri_p,Pseudouridine
BIOMD0000001062,M_ptrc_c,Putrescine
BIOMD0000001062,M_ptrc_e,Putrescine
BIOMD0000001062,M_ptrc_p,Putrescine
BIOMD0000001062,M_puacgam_c,"Poly-?-1,6-N-acetyl-D-glucosamine"
BIOMD0000001062,M_puacgam_p,"Poly-?-1,6-N-acetyl-D-glucosamine"
BIOMD0000001062,M_pyam5p_c,Pyridoxamine 5'-phosphate
BIOMD0000001062,M_pydam_c,Pyridoxamine
BIOMD0000001062,M_pydam_e,Pyridoxamine
BIOMD0000001062,M_pydam_p,Pyridoxamine
BIOMD0000001062,M_pydx5p_c,Pyridoxal 5'-phosphate
BIOMD0000001062,M_pydx_c,Pyridoxal
BIOMD0000001062,M_pydx_e,Pyridoxal
BIOMD0000001062,M_pydx_p,Pyridoxal
BIOMD0000001062,M_pydxn_c,Pyridoxine
BIOMD0000001062,M_pydxn_e,Pyridoxine
BIOMD0000001062,M_pydxn_p,Pyridoxine
BIOMD0000001062,M_pyr_c,Pyruvate
BIOMD0000001062,M_pyr_e,Pyruvate
BIOMD0000001062,M_pyr_p,Pyruvate
BIOMD0000001062,M_q8_c,Ubiquinone-8
BIOMD0000001062,M_q8h2_c,Ubiquinol-8
BIOMD0000001062,M_quc_c,Quercetin C15H7O7
BIOMD0000001062,M_quin_c,Quinate
BIOMD0000001062,M_quin_e,Quinate
BIOMD0000001062,M_quin_p,Quinate
BIOMD0000001062,M_quln_c,Quinolinate
BIOMD0000001062,M_r15bp_c,"D-Ribose 1,5-bisphosphate"
BIOMD0000001062,M_r1p_c,Alpha-D-Ribose 1-phosphate
BIOMD0000001062,M_r2hglut_c,(R)-2-Hydroxyglutarate
BIOMD0000001062,M_r5p_c,Alpha-D-Ribose 5-phosphate
BIOMD0000001062,M_r5p_e,Alpha-D-Ribose 5-phosphate
BIOMD0000001062,M_r5p_p,Alpha-D-Ribose 5-phosphate
BIOMD0000001062,M_raffin_e,Raffinose C18H32O16
BIOMD0000001062,M_raffin_p,Raffinose C18H32O16
BIOMD0000001062,M_rbflvrd_c,Reduced riboflavin
BIOMD0000001062,M_rbl__D_c,D-Ribulose
BIOMD0000001062,M_rbl__L_c,L-Ribulose
BIOMD0000001062,M_rbt_e,Ribitol
BIOMD0000001062,M_rdmbzi_c,"N1-(alpha-D-ribosyl)-5,6-dimethylbenzimidazole"
BIOMD0000001062,M_remnant1_e,Residual-atoms-of-reaction-DMBZIDSYN
BIOMD0000001062,M_rfamp_e,Rifampin
BIOMD0000001062,M_rfamp_p,Rifampin
BIOMD0000001062,M_rhcys_c,S-Ribosyl-L-homocysteine
BIOMD0000001062,M_rhmn_c,L-rhamnonate
BIOMD0000001062,M_rib__D_c,D-Ribose
BIOMD0000001062,M_rib__D_e,D-Ribose
BIOMD0000001062,M_rib__D_p,D-Ribose
BIOMD0000001062,M_ribflv_c,Riboflavin C17H20N4O6
BIOMD0000001062,M_ribflv_p,Riboflavin C17H20N4O6
BIOMD0000001062,M_rml1p_c,L-Rhamnulose 1-phosphate
BIOMD0000001062,M_rml_c,L-Rhamnulose
BIOMD0000001062,M_rmn_c,L-Rhamnose
BIOMD0000001062,M_rmn_e,L-Rhamnose
BIOMD0000001062,M_rmn_p,L-Rhamnose
BIOMD0000001062,M_rnam_c,N Ribosylnicotinamide C11H15N2O5
BIOMD0000001062,M_rnam_e,N Ribosylnicotinamide C11H15N2O5
BIOMD0000001062,M_rnam_p,N Ribosylnicotinamide C11H15N2O5
BIOMD0000001062,M_rpntp_c,?-D-ribose-1-methylphosphonate-5-triphosphate
BIOMD0000001062,M_ru5p__D_c,D-Ribulose 5-phosphate
BIOMD0000001062,M_ru5p__L_c,L-Ribulose 5-phosphate
BIOMD0000001062,M_s17bp_c,"Sedoheptulose 1,7-bisphosphate"
BIOMD0000001062,M_s7p_c,Sedoheptulose 7-phosphate
BIOMD0000001062,M_salc_c,Salicylate
BIOMD0000001062,M_salchs2_e,Salmochelin-S2
BIOMD0000001062,M_salchs2fe_c,Salmochelin-S2-Fe-III
BIOMD0000001062,M_salchs2fe_e,Salmochelin-S2-Fe-III
BIOMD0000001062,M_salchs2fe_p,Salmochelin-S2-Fe-III
BIOMD0000001062,M_salchs4_c,Salmochelin-S4
BIOMD0000001062,M_salchs4_e,Salmochelin-S4
BIOMD0000001062,M_salchs4_p,Salmochelin-S4
BIOMD0000001062,M_salchs4fe_c,Salmochelin-S4-Fe-III
BIOMD0000001062,M_salchs4fe_e,Salmochelin-S4-Fe-III
BIOMD0000001062,M_salchs4fe_p,Salmochelin-S4-Fe-III
BIOMD0000001062,M_salchsx_e,Salmochelin-SX
BIOMD0000001062,M_salchsx_p,Salmochelin-SX
BIOMD0000001062,M_salcn6p_c,Salicin 6-phosphate
BIOMD0000001062,M_salcn_c,Salicin C13H18O7
BIOMD0000001062,M_salcn_e,Salicin C13H18O7
BIOMD0000001062,M_salcn_p,Salicin C13H18O7
BIOMD0000001062,M_sarcs_c,Sarcosine C3H7NO2
BIOMD0000001062,M_sbt6p_c,D-Sorbitol 6-phosphate
BIOMD0000001062,M_sbt__D_c,D-Sorbitol
BIOMD0000001062,M_sbt__D_e,D-Sorbitol
BIOMD0000001062,M_sbt__D_p,D-Sorbitol
BIOMD0000001062,M_sbzcoa_c,O-Succinylbenzoyl-CoA
BIOMD0000001062,M_scl_c,Sirohydrochlorin
BIOMD0000001062,M_scys__L_c,S-Sulfo-L-cysteine
BIOMD0000001062,M_sectrna_c,L-Selenocysteinyl-tRNA(Sec)
BIOMD0000001062,M_sel_c,Selenate
BIOMD0000001062,M_sel_e,Selenate
BIOMD0000001062,M_sel_p,Selenate
BIOMD0000001062,M_seln_c,Selenide
BIOMD0000001062,M_selnp_c,Selenophosphate
BIOMD0000001062,M_ser__D_c,D-Serine
BIOMD0000001062,M_ser__D_e,D-Serine
BIOMD0000001062,M_ser__D_p,D-Serine
BIOMD0000001062,M_ser__L_c,L-Serine
BIOMD0000001062,M_ser__L_e,L-Serine
BIOMD0000001062,M_ser__L_p,L-Serine
BIOMD0000001062,M_seramp_c,L-seryl-AMP
BIOMD0000001062,M_sertrna_c,L-Seryl-tRNA(Ser)
BIOMD0000001062,M_sertrna_sec_c,L-Seryl-tRNA(Sec)
BIOMD0000001062,M_sf_c,6-deoxy-6-sulphofructose
BIOMD0000001062,M_sfp_c,6-deoxy-6-sulphofructose 1-phosphate
BIOMD0000001062,M_sheme_c,Siroheme C42H36FeN4O16
BIOMD0000001062,M_skm5p_c,Shikimate 5-phosphate
BIOMD0000001062,M_skm_c,Shikimate
BIOMD0000001062,M_skm_e,Shikimate
BIOMD0000001062,M_skm_p,Shikimate
BIOMD0000001062,M_sl26da_c,"N-Succinyl-LL-2,6-diaminoheptanedioate"
BIOMD0000001062,M_sl2a6o_c,N-Succinyl-2-L-amino-6-oxoheptanedioate
BIOMD0000001062,M_sla_c,Sulpholactaldehyde
BIOMD0000001062,M_slnt_c,Selenite
BIOMD0000001062,M_slnt_e,Selenite
BIOMD0000001062,M_slnt_p,Selenite
BIOMD0000001062,M_so2_c,Sulfur dioxide
BIOMD0000001062,M_so2_e,Sulfur dioxide
BIOMD0000001062,M_so2_p,Sulfur dioxide
BIOMD0000001062,M_so3_c,Sulfite
BIOMD0000001062,M_so3_e,Sulfite
BIOMD0000001062,M_so3_p,Sulfite
BIOMD0000001062,M_so4_c,Sulfate
BIOMD0000001062,M_so4_e,Sulfate
BIOMD0000001062,M_so4_p,Sulfate
BIOMD0000001062,M_spmd_c,Spermidine
BIOMD0000001062,M_spmd_e,Spermidine
BIOMD0000001062,M_spmd_p,Spermidine
BIOMD0000001062,M_sq_e,Sulphoquinovose
BIOMD0000001062,M_srb1p_c,Sorbose 1-phosphate
BIOMD0000001062,M_srb__L_e,L Sorbose C6H12O6
BIOMD0000001062,M_srb__L_p,L Sorbose C6H12O6
BIOMD0000001062,M_stcoa_c,Stearoyl-CoA (n-C18:0CoA)
BIOMD0000001062,M_suc6p_c,Sucrose 6-phosphate
BIOMD0000001062,M_sucarg_c,N2-Succinyl-L-arginine
BIOMD0000001062,M_sucbz_c,O-Succinylbenzoate
BIOMD0000001062,M_succ_c,Succinate
BIOMD0000001062,M_succ_e,Succinate
BIOMD0000001062,M_succ_p,Succinate
BIOMD0000001062,M_succoa_c,Succinyl-CoA
BIOMD0000001062,M_sucglu_c,N2-Succinyl-L-glutamate
BIOMD0000001062,M_sucgsa_c,N2-Succinyl-L-glutamate 5-semialdehyde
BIOMD0000001062,M_suchms_c,O-Succinyl-L-homoserine
BIOMD0000001062,M_sucorn_c,N2-Succinyl-L-ornithine
BIOMD0000001062,M_sucr_e,Sucrose C12H22O11
BIOMD0000001062,M_sucr_p,Sucrose C12H22O11
BIOMD0000001062,M_sucsal_c,Succinic semialdehyde
BIOMD0000001062,M_sufbcd_2fe2s2_c,SufBCD with two bound [2Fe-2S] clusters
BIOMD0000001062,M_sufbcd_2fe2s_c,SufBCD with bound [2Fe-2S] cluster
BIOMD0000001062,M_sufbcd_4fe4s_c,SufBCD with bound [4Fe-4S] cluster
BIOMD0000001062,M_sufbcd_c,SufBCD scaffold complex
BIOMD0000001062,M_sufse_c,SufSE sulfur acceptor complex
BIOMD0000001062,M_sufsesh_c,SufSE with bound sulfur
BIOMD0000001062,M_sulfac_c,Sulfoacetate
BIOMD0000001062,M_sulfac_e,Sulfoacetate
BIOMD0000001062,M_sulfac_p,Sulfoacetate
BIOMD0000001062,M_t3c11vaceACP_c,Trans-3-cis-11-vacceoyl-[acyl-carrier protein]
BIOMD0000001062,M_t3c5ddeceACP_c,Trans-3-cis-5-dodecenoyl-[acyl-carrier protein]
BIOMD0000001062,M_t3c7mrseACP_c,Trans-3-cis-7-myristoleoyl-[acyl-carrier protein]
BIOMD0000001062,M_t3c9palmeACP_c,Trans-3-cis-9-palmitoleoyl-[acyl-carrier protein]
BIOMD0000001062,M_tag1p__D_c,D-Tagatose-1-phosphate
BIOMD0000001062,M_tag6p__D_c,D-Tagatose 6-phosphate
BIOMD0000001062,M_tag__D_e,D-Tagatose
BIOMD0000001062,M_tag__D_p,D-Tagatose
BIOMD0000001062,M_tagdp__D_c,"D-Tagatose 1,6-biphosphate"
BIOMD0000001062,M_tagur_c,D-Tagaturonate
BIOMD0000001062,M_tartr__D_c,D-tartrate
BIOMD0000001062,M_tartr__D_e,D-tartrate
BIOMD0000001062,M_tartr__D_p,D-tartrate
BIOMD0000001062,M_tartr__L_c,L-tartrate
BIOMD0000001062,M_tartr__L_e,L-tartrate
BIOMD0000001062,M_tartr__L_p,L-tartrate
BIOMD0000001062,M_taur_c,Taurine C2H7NO3S
BIOMD0000001062,M_taur_e,Taurine C2H7NO3S
BIOMD0000001062,M_taur_p,Taurine C2H7NO3S
BIOMD0000001062,M_tcb_e,Tricarballylate
BIOMD0000001062,M_tcb_p,Tricarballylate
BIOMD0000001062,M_tcynt_c,Thiocyanate
BIOMD0000001062,M_tcynt_e,Thiocyanate
BIOMD0000001062,M_tcynt_p,Thiocyanate
BIOMD0000001062,M_td2coa_c,Trans-Tetradec-2-enoyl-CoA
BIOMD0000001062,M_tdcoa_c,Tetradecanoyl-CoA (n-C14:0CoA)
BIOMD0000001062,M_tddec2eACP_c,Trans-Dodec-2-enoyl-[acyl-carrier protein]
BIOMD0000001062,M_tdeACP_c,Cis-tetradec-7-enoyl-[acyl-carrier protein] (n-C14:1)
BIOMD0000001062,M_tdec2eACP_c,Trans-Dec-2-enoyl-[acyl-carrier protein]
BIOMD0000001062,M_tdecoa_c,Tetradecenoyl-CoA (n-C14:1CoA)
BIOMD0000001062,M_teo2_c,Tellurite
BIOMD0000001062,M_tet_e,Tetrathionate
BIOMD0000001062,M_tet_p,Tetrathionate
BIOMD0000001062,M_thdp_c,"2,3,4,5-Tetrahydrodipicolinate"
BIOMD0000001062,M_thex2eACP_c,Trans-Hex-2-enoyl-[acyl-carrier protein]
BIOMD0000001062,M_thf_c,"5,6,7,8-Tetrahydrofolate"
BIOMD0000001062,M_thm_c,Thiamin
BIOMD0000001062,M_thm_e,Thiamin
BIOMD0000001062,M_thm_p,Thiamin
BIOMD0000001062,M_thmmp_c,Thiamin monophosphate
BIOMD0000001062,M_thmnp_c,Tetrahydromonapterin
BIOMD0000001062,M_thmpp_c,Thiamine diphosphate
BIOMD0000001062,M_thptdn_c,"5,6,7,8-tetrahydropteridine"
BIOMD0000001062,M_thr__L_c,L-Threonine
BIOMD0000001062,M_thr__L_e,L-Threonine
BIOMD0000001062,M_thr__L_p,L-Threonine
BIOMD0000001062,M_thrp_e,L-Threonine O-3-phosphate
BIOMD0000001062,M_thrp_p,L-Threonine O-3-phosphate
BIOMD0000001062,M_thrtrna_c,L-Threonyl-tRNA(Thr)
BIOMD0000001062,M_thym_c,Thymine C5H6N2O2
BIOMD0000001062,M_thym_e,Thymine C5H6N2O2
BIOMD0000001062,M_thym_p,Thymine C5H6N2O2
BIOMD0000001062,M_thymd_c,Thymidine C10H14N2O5
BIOMD0000001062,M_thymd_e,Thymidine C10H14N2O5
BIOMD0000001062,M_thymd_p,Thymidine C10H14N2O5
BIOMD0000001062,M_tma_c,Trimethylamine
BIOMD0000001062,M_tma_e,Trimethylamine
BIOMD0000001062,M_tma_p,Trimethylamine
BIOMD0000001062,M_tmao_c,Trimethylamine N-oxide
BIOMD0000001062,M_tmao_e,Trimethylamine N-oxide
BIOMD0000001062,M_tmao_p,Trimethylamine N-oxide
BIOMD0000001062,M_tmrs2eACP_c,Trans-Tetradec-2-enoyl-[acyl-carrier protein]
BIOMD0000001062,M_toct2eACP_c,Trans-Oct-2-enoyl-[acyl-carrier protein]
BIOMD0000001062,M_toctd2eACP_c,Trans-octadec-2-enoyl-[acyl-carrier protein]
BIOMD0000001062,M_tpalm2eACP_c,Trans-Hexadec-2-enoyl-[acyl-carrier protein]
BIOMD0000001062,M_trdox_c,Oxidized thioredoxin
BIOMD0000001062,M_trdrd_c,Reduced thioredoxin
BIOMD0000001062,M_tre6p_c,"Alpha,alpha'-Trehalose 6-phosphate"
BIOMD0000001062,M_tre_c,Trehalose
BIOMD0000001062,M_tre_e,Trehalose
BIOMD0000001062,M_tre_p,Trehalose
BIOMD0000001062,M_trnaarg_c,TRNA(Arg)
BIOMD0000001062,M_trnaasn_c,TRNA Asn  C10H17O10PR2
BIOMD0000001062,M_trnaasp_c,TRNA(Asp)
BIOMD0000001062,M_trnacys_c,TRNA(Cys)
BIOMD0000001062,M_trnagln_c,TRNA(Gln)
BIOMD0000001062,M_trnaglu_c,TRNA (Glu)
BIOMD0000001062,M_trnagly_c,TRNA(Gly)
BIOMD0000001062,M_trnahis_c,TRNA(His)
BIOMD0000001062,M_trnaile_c,TRNA(Ile)
BIOMD0000001062,M_trnaleu_c,TRNA(Leu)
BIOMD0000001062,M_trnalys_c,TRNA(Lys)
BIOMD0000001062,M_trnamet_c,TRNA(Met)
BIOMD0000001062,M_trnapro_c,TRNA(Pro)
BIOMD0000001062,M_trnasecys_c,TRNA(SeCys)
BIOMD0000001062,M_trnaser_c,TRNA(Ser)
BIOMD0000001062,M_trnathr_c,TRNA(Thr)
BIOMD0000001062,M_trnatrp_c,TRNA(Trp)
BIOMD0000001062,M_trnatyr_c,TRNA(Tyr)
BIOMD0000001062,M_trnaval_c,TRNA(Val)
BIOMD0000001062,M_trp__L_c,L-Tryptophan
BIOMD0000001062,M_trp__L_e,L-Tryptophan
BIOMD0000001062,M_trp__L_p,L-Tryptophan
BIOMD0000001062,M_trptrna_c,L-Tryptophanyl-tRNA(Trp)
BIOMD0000001062,M_tsul_c,Thiosulfate
BIOMD0000001062,M_tsul_e,Thiosulfate
BIOMD0000001062,M_tsul_p,Thiosulfate
BIOMD0000001062,M_ttdca_c,Tetradecanoate (n-C14:0)
BIOMD0000001062,M_ttdca_e,Tetradecanoate (n-C14:0)
BIOMD0000001062,M_ttdca_p,Tetradecanoate (n-C14:0)
BIOMD0000001062,M_ttdcap_c,Tetradecanoyl-phosphate (n-C14:0)
BIOMD0000001062,M_ttdcea_c,Tetradecenoate (n-C14:1)
BIOMD0000001062,M_ttdcea_e,Tetradecenoate (n-C14:1)
BIOMD0000001062,M_ttdcea_p,Tetradecenoate (n-C14:1)
BIOMD0000001062,M_ttdceap_c,Tetradecanoyl-phosphate (n-C14:1)
BIOMD0000001062,M_tton_e,Trithionate
BIOMD0000001062,M_ttrcyc_e,Tetracycline
BIOMD0000001062,M_ttrcyc_p,Tetracycline
BIOMD0000001062,M_tungs_c,Tungstate
BIOMD0000001062,M_tungs_e,Tungstate
BIOMD0000001062,M_tungs_p,Tungstate
BIOMD0000001062,M_tym_e,Tyramine
BIOMD0000001062,M_tym_p,Tyramine
BIOMD0000001062,M_tyr__L_c,L-Tyrosine
BIOMD0000001062,M_tyr__L_e,L-Tyrosine
BIOMD0000001062,M_tyr__L_p,L-Tyrosine
BIOMD0000001062,M_tyrp_e,Phosphotyrosine
BIOMD0000001062,M_tyrp_p,Phosphotyrosine
BIOMD0000001062,M_tyrtrna_c,L-Tyrosyl-tRNA(Tyr)
BIOMD0000001062,M_u23ga_c,"UDP-2,3-bis(3-hydroxytetradecanoyl)glucosamine"
BIOMD0000001062,M_u3aga_c,UDP-3-O-(3-hydroxytetradecanoyl)-N-acetylglucosamine
BIOMD0000001062,M_u3hga_c,UDP-3-O-(3-hydroxytetradecanoyl)-D-glucosamine
BIOMD0000001062,M_uLa4fn_c,Undecaprenyl phosphate-4-amino-4-formyl-L-arabinose
BIOMD0000001062,M_uLa4n_c,Undecaprenyl phosphate-4-amino-4-deoxy-L-arabinose
BIOMD0000001062,M_uLa4n_p,Undecaprenyl phosphate-4-amino-4-deoxy-L-arabinose
BIOMD0000001062,M_uaagmda_c,"Undecaprenyl-diphospho-N-acetylmuramoyl-(N-acetylglucosamine)-L-ala-D-glu-meso-2,6-diaminopimeloyl-D-ala-D-ala"
BIOMD0000001062,M_uaccg_c,UDP-N-acetyl-3-O-(1-carboxyvinyl)-D-glucosamine
BIOMD0000001062,M_uacgam_c,UDP-N-acetyl-D-glucosamine
BIOMD0000001062,M_uacgam_e,UDP-N-acetyl-D-glucosamine
BIOMD0000001062,M_uacgam_p,UDP-N-acetyl-D-glucosamine
BIOMD0000001062,M_uacmam_c,UDP-N-acetyl-D-mannosamine
BIOMD0000001062,M_uacmamu_c,UDP-N-acetyl-D-mannosaminouronate
BIOMD0000001062,M_uagmda_c,"Undecaprenyl-diphospho-N-acetylmuramoyl-L-alanyl-D-glutamyl-meso-2,6-diaminopimeloyl-D-alanyl-D-alanine"
BIOMD0000001062,M_uama_c,UDP-N-acetylmuramoyl-L-alanine
BIOMD0000001062,M_uamag_c,UDP-N-acetylmuramoyl-L-alanyl-D-glutamate
BIOMD0000001062,M_uamr_c,UDP-N-acetylmuramate
BIOMD0000001062,M_udcpdp_c,Undecaprenyl diphosphate
BIOMD0000001062,M_udcpdp_p,Undecaprenyl diphosphate
BIOMD0000001062,M_udcpgl_c,Undecaprenol-diphosphate-glucose
BIOMD0000001062,M_udcpo4_e,Undecaprenyl diphosphate galactose-rhamnose-mannose-abequose
BIOMD0000001062,M_udcpo5_e,Undecaprenyl diphosphate galactose-rhamnose-mannose-abequose-acetyl
BIOMD0000001062,M_udcpp_c,Undecaprenyl phosphate
BIOMD0000001062,M_udcpp_p,Undecaprenyl phosphate
BIOMD0000001062,M_udpLa4fn_c,Uridine 5''-diphospho-{beta}-4-deoxy-4-formamido-L-arabinose
BIOMD0000001062,M_udpLa4n_c,Uridine 5''-diphospho-{beta}-4-deoxy-4-amino-L-arabinose
BIOMD0000001062,M_udpLa4o_c,UDP-4-keto-pyranose
BIOMD0000001062,M_udp_c,UDP C9H11N2O12P2
BIOMD0000001062,M_udpacgal_c,UDP-N-acetyl-D-galactosamine
BIOMD0000001062,M_udpacgal_e,UDP-N-acetyl-D-galactosamine
BIOMD0000001062,M_udpacgal_p,UDP-N-acetyl-D-galactosamine
BIOMD0000001062,M_udpg_c,UDPglucose
BIOMD0000001062,M_udpg_e,UDPglucose
BIOMD0000001062,M_udpg_p,UDPglucose
BIOMD0000001062,M_udpgal_c,UDPgalactose
BIOMD0000001062,M_udpgal_e,UDPgalactose
BIOMD0000001062,M_udpgal_p,UDPgalactose
BIOMD0000001062,M_udpglcur_c,UDP-D-glucuronate
BIOMD0000001062,M_udpglcur_e,UDP-D-glucuronate
BIOMD0000001062,M_udpglcur_p,UDP-D-glucuronate
BIOMD0000001062,M_ugmd_c,"UDP-N-acetylmuramoyl-L-alanyl-D-gamma-glutamyl-meso-2,6-diaminopimelate"
BIOMD0000001062,M_ugmda_c,"UDP-N-acetylmuramoyl-L-alanyl-D-glutamyl-meso-2,6-diaminopimeloyl-D-alanyl-D-alanine"
BIOMD0000001062,M_um4p_c,"UDP-N-acetylmuramoyl-L-alanyl-D-gamma-glutamyl-meso-2,6-diaminopimelate-D-alanine"
BIOMD0000001062,M_ump_c,UMP C9H11N2O9P
BIOMD0000001062,M_ump_e,UMP C9H11N2O9P
BIOMD0000001062,M_ump_p,UMP C9H11N2O9P
BIOMD0000001062,M_unaga_c,Undecaprenyl diphospho N-acetyl-glucosamine
BIOMD0000001062,M_unagamu_c,Undecaprenyl-diphospho-N-acetylglucosamine-N-acetylmannosaminuronate
BIOMD0000001062,M_unagamuf_c,"Undecaprenyl-diphospho N-acetylglucosamine-N-acetylmannosaminuronate-N-acetamido-4,6-dideoxy-D-galactose"
BIOMD0000001062,M_unagamuf_p,"Undecaprenyl-diphospho N-acetylglucosamine-N-acetylmannosaminuronate-N-acetamido-4,6-dideoxy-D-galactose"
BIOMD0000001062,M_uppg3_c,Uroporphyrinogen III
BIOMD0000001062,M_ura_c,Uracil
BIOMD0000001062,M_ura_e,Uracil
BIOMD0000001062,M_ura_p,Uracil
BIOMD0000001062,M_uracp_c,Ureidoacrylate peracid
BIOMD0000001062,M_urate_c,Urate C5H4N4O3
BIOMD0000001062,M_urate_e,Urate C5H4N4O3
BIOMD0000001062,M_urate_p,Urate C5H4N4O3
BIOMD0000001062,M_urcan_c,Urocanate C6H5N2O2
BIOMD0000001062,M_urdgci_c,S-ureidoglycine
BIOMD0000001062,M_urdglyc_c,(-)-Ureidoglycolate
BIOMD0000001062,M_urea_c,Urea CH4N2O
BIOMD0000001062,M_urea_e,Urea CH4N2O
BIOMD0000001062,M_urea_p,Urea CH4N2O
BIOMD0000001062,M_uri_c,Uridine
BIOMD0000001062,M_uri_e,Uridine
BIOMD0000001062,M_uri_p,Uridine
BIOMD0000001062,M_utp_c,UTP C9H11N2O15P3
BIOMD0000001062,M_val__D_e,D Valine
BIOMD0000001062,M_val__L_c,L-Valine
BIOMD0000001062,M_val__L_e,L-Valine
BIOMD0000001062,M_val__L_p,L-Valine
BIOMD0000001062,M_valtrna_c,L-Valyl-tRNA(Val)
BIOMD0000001062,M_wco_c,Tungsten binding cofactor
BIOMD0000001062,M_xan_c,Xanthine
BIOMD0000001062,M_xan_e,Xanthine
BIOMD0000001062,M_xan_p,Xanthine
BIOMD0000001062,M_xdp_c,XDP
BIOMD0000001062,M_xmp_c,Xanthosine 5'-phosphate
BIOMD0000001062,M_xmp_e,Xanthosine 5'-phosphate
BIOMD0000001062,M_xmp_p,Xanthosine 5'-phosphate
BIOMD0000001062,M_xtp_c,XTP
BIOMD0000001062,M_xtsn_c,Xanthosine
BIOMD0000001062,M_xtsn_e,Xanthosine
BIOMD0000001062,M_xtsn_p,Xanthosine
BIOMD0000001062,M_xu5p__D_c,D-Xylulose 5-phosphate
BIOMD0000001062,M_xu5p__L_c,L-Xylulose 5-phosphate
BIOMD0000001062,M_xyl__D_c,D-Xylose
BIOMD0000001062,M_xyl__D_e,D-Xylose
BIOMD0000001062,M_xyl__D_p,D-Xylose
BIOMD0000001062,M_xylt_c,Xylitol C5H12O5
BIOMD0000001062,M_xylt_e,Xylitol C5H12O5
BIOMD0000001062,M_xylu__D_c,D-Xylulose
BIOMD0000001062,M_xylu__L_c,L-Xylulose
BIOMD0000001062,M_xylu__L_e,L-Xylulose
BIOMD0000001062,M_xylu__L_p,L-Xylulose
BIOMD0000001062,M_zn2_c,Zinc
BIOMD0000001062,M_zn2_e,Zinc
BIOMD0000001062,M_zn2_p,Zinc
BIOMD0000001063,s_0001__91__ce__93__,(1->3)-beta-D-glucan [cell envelope]
BIOMD0000001063,s_0002__91__c__93__,(1->3)-beta-D-glucan [cytoplasm]
BIOMD0000001063,s_0003__91__e__93__,(1->3)-beta-D-glucan [extracellular]
BIOMD0000001063,s_0004__91__ce__93__,(1->6)-beta-D-glucan [cell envelope]
BIOMD0000001063,s_0006__91__m__93__,"(2-amino-4-hydroxy-7,8-dihydropteridin-6-yl)methyl trihydrogen diphosphate [mitochondrion]"
BIOMD0000001063,s_0007__91__c__93__,(2E)-3-(methoxycarbonyl)pent-2-enedioic acid [cytoplasm]
BIOMD0000001063,s_0008__91__m__93__,"(2R,3R)-2,3-dihydroxy-3-methylpentanoate [mitochondrion]"
BIOMD0000001063,s_0009__91__c__93__,"(2R,3S)-3-isopropylmalate [cytoplasm]"
BIOMD0000001063,s_0010__91__c__93__,(2S)-2-isopropyl-3-oxosuccinate [cytoplasm]
BIOMD0000001063,s_0011__91__m__93__,(2S)-2-isopropyl-3-oxosuccinate [mitochondrion]
BIOMD0000001063,s_0012__91__m__93__,"(2S,3R)-3-hydroxybutane-1,2,3-tricarboxylic acid [mitochondrion]"
BIOMD0000001063,s_0013__91__c__93__,"(5S,6S)-di-HETE [cytoplasm]"
BIOMD0000001063,s_0014__91__n__93__,"(5S,6S)-di-HETE [nucleus]"
BIOMD0000001063,s_0015__91__c__93__,(N(omega)-L-arginino)succinic acid [cytoplasm]
BIOMD0000001063,s_0016__91__m__93__,"(R)-2,3-dihydroxy-3-methylbutanoate [mitochondrion]"
BIOMD0000001063,s_0017__91__c__93__,(R)-4'-phosphopantothenic acid [cytoplasm]
BIOMD0000001063,s_0018__91__c__93__,(R)-5-diphosphomevalonic acid [cytoplasm]
BIOMD0000001063,s_0019__91__c__93__,(R)-5-phosphomevalonic acid [cytoplasm]
BIOMD0000001063,s_0020__91__c__93__,(R)-acetoin [cytoplasm]
BIOMD0000001063,s_0021__91__c__93__,(R)-carnitine [cytoplasm]
BIOMD0000001063,s_0022__91__e__93__,(R)-carnitine [extracellular]
BIOMD0000001063,s_0023__91__m__93__,(R)-carnitine [mitochondrion]
BIOMD0000001063,s_0024__91__p__93__,(R)-carnitine [peroxisome]
BIOMD0000001063,s_0025__91__c__93__,(R)-lactate [cytoplasm]
BIOMD0000001063,s_0026__91__e__93__,(R)-lactate [extracellular]
BIOMD0000001063,s_0027__91__m__93__,(R)-lactate [mitochondrion]
BIOMD0000001063,s_0028__91__c__93__,(R)-mevalonate [cytoplasm]
BIOMD0000001063,s_0029__91__e__93__,(R)-mevalonate [extracellular]
BIOMD0000001063,s_0030__91__c__93__,(R)-pantoate [cytoplasm]
BIOMD0000001063,s_0031__91__c__93__,(R)-pantothenate [cytoplasm]
BIOMD0000001063,s_0032__91__e__93__,(R)-pantothenate [extracellular]
BIOMD0000001063,s_0033__91__c__93__,(R)-S-lactoylglutathione [cytoplasm]
BIOMD0000001063,s_0034__91__m__93__,(R)-S-lactoylglutathione [mitochondrion]
BIOMD0000001063,s_0035__91__c__93__,"(R,R)-2,3-butanediol [cytoplasm]"
BIOMD0000001063,s_0036__91__e__93__,"(R,R)-2,3-butanediol [extracellular]"
BIOMD0000001063,s_0037__91__c__93__,"(S)-2,3-epoxysqualene [cytoplasm]"
BIOMD0000001063,s_0038__91__er__93__,"(S)-2,3-epoxysqualene [endoplasmic reticulum]"
BIOMD0000001063,s_0039__91__m__93__,(S)-2-acetyl-2-hydroxybutanoate [mitochondrion]
BIOMD0000001063,s_0042__91__p__93__,(R)-3-hydroxydecanoyl-CoA [peroxisome]
BIOMD0000001063,s_0045__91__p__93__,(S)-3-hydroxyhexacosanoyl-CoA [peroxisome]
BIOMD0000001063,s_0048__91__p__93__,(R)-3-hydroxylauroyl-CoA [peroxisome]
BIOMD0000001063,s_0051__91__p__93__,(S)-3-hydroxypalmitoyl-CoA [peroxisome]
BIOMD0000001063,s_0054__91__p__93__,(S)-3-hydroxytetradecanoyl-CoA [peroxisome]
BIOMD0000001063,s_0056__91__c__93__,(S)-3-methyl-2-oxopentanoate [cytoplasm]
BIOMD0000001063,s_0058__91__e__93__,(S)-3-methyl-2-oxopentanoate [extracellular]
BIOMD0000001063,s_0060__91__m__93__,(S)-3-methyl-2-oxopentanoate [mitochondrion]
BIOMD0000001063,s_0061__91__c__93__,(S)-dihydroorotate [cytoplasm]
BIOMD0000001063,s_0062__91__c__93__,(S)-lactaldehyde [cytoplasm]
BIOMD0000001063,s_0063__91__c__93__,(S)-lactate [cytoplasm]
BIOMD0000001063,s_0064__91__e__93__,(S)-lactate [extracellular]
BIOMD0000001063,s_0065__91__m__93__,(S)-lactate [mitochondrion]
BIOMD0000001063,s_0066__91__c__93__,(S)-malate [cytoplasm]
BIOMD0000001063,s_0067__91__e__93__,(S)-malate [extracellular]
BIOMD0000001063,s_0068__91__m__93__,(S)-malate [mitochondrion]
BIOMD0000001063,s_0069__91__p__93__,(S)-malate [peroxisome]
BIOMD0000001063,s_0075__91__c__93__,"1,3-bisphospho-D-glycerate [cytoplasm]"
BIOMD0000001063,s_0076__91__c__93__,1-(2-carboxyphenylamino)-1-deoxy-D-ribulose 5-phosphate [cytoplasm]
BIOMD0000001063,s_0077__91__c__93__,1-(5-phospho-D-ribosyl)-5-[(5-phospho-D-ribosylamino)methylideneamino]imidazole-4-carboxamide [cytoplasm]
BIOMD0000001063,s_0078__91__c__93__,1-(5-phosphoribosyl)-5'-AMP [cytoplasm]
BIOMD0000001063,s_0079__91__c__93__,1-(sn-glycero-3-phospho)-1D-myo-inositol [cytoplasm]
BIOMD0000001063,s_0080__91__e__93__,1-(sn-glycero-3-phospho)-1D-myo-inositol [extracellular]
BIOMD0000001063,s_0084__91__e__93__,1-acylglycerophosphocholine [extracellular]
BIOMD0000001063,s_0086__91__c__93__,1-C-(indol-3-yl)glycerol 3-phosphate [cytoplasm]
BIOMD0000001063,s_0087__91__c__93__,1-methylnicotinamide [cytoplasm]
BIOMD0000001063,s_0089__91__c__93__,1-phosphatidyl-1D-myo-inositol backbone [cytoplasm]
BIOMD0000001063,s_0116__91__c__93__,1-pyrroline-3-hydroxy-5-carboxylic acid [cytoplasm]
BIOMD0000001063,s_0117__91__m__93__,1-pyrroline-3-hydroxy-5-carboxylic acid [mitochondrion]
BIOMD0000001063,s_0118__91__c__93__,1-pyrroline-5-carboxylate [cytoplasm]
BIOMD0000001063,s_0119__91__m__93__,1-pyrroline-5-carboxylate [mitochondrion]
BIOMD0000001063,s_0120__91__c__93__,10-formyl-THF [cytoplasm]
BIOMD0000001063,s_0121__91__m__93__,10-formyl-THF [mitochondrion]
BIOMD0000001063,s_0122__91__c__93__,14-demethyllanosterol [cytoplasm]
BIOMD0000001063,s_0123__91__n__93__,"1D-myo-inositol 1,3,4,5-tetrakisphosphate [nucleus]"
BIOMD0000001063,s_0124__91__n__93__,"1D-myo-inositol 1,4,5,6-tetrakisphosphate [nucleus]"
BIOMD0000001063,s_0125__91__n__93__,"1D-myo-inositol 1,4,5-trisphosphate [nucleus]"
BIOMD0000001063,s_0126__91__c__93__,1D-myo-inositol 1-phosphate [cytoplasm]
BIOMD0000001063,s_0127__91__er__93__,1D-myo-inositol 1-phosphate [endoplasmic reticulum]
BIOMD0000001063,s_0129__91__m__93__,1D-myo-inositol 3-phosphate [mitochondrion]
BIOMD0000001063,s_0131__91__c__93__,"2',3'-cyclic AMP [cytoplasm]"
BIOMD0000001063,s_0132__91__c__93__,2'-deoxyadenosine [cytoplasm]
BIOMD0000001063,s_0133__91__e__93__,2'-deoxyadenosine [extracellular]
BIOMD0000001063,s_0134__91__c__93__,2'-deoxyguanosine [cytoplasm]
BIOMD0000001063,s_0135__91__e__93__,2'-deoxyguanosine [extracellular]
BIOMD0000001063,s_0136__91__c__93__,2'-deoxyinosine [cytoplasm]
BIOMD0000001063,s_0137__91__e__93__,2'-deoxyinosine [extracellular]
BIOMD0000001063,s_0138__91__c__93__,2'-deoxyuridine [cytoplasm]
BIOMD0000001063,s_0139__91__e__93__,2'-deoxyuridine [extracellular]
BIOMD0000001063,s_0140__91__c__93__,"2,3-bisphospho-D-glyceric acid [cytoplasm]"
BIOMD0000001063,s_0141__91__c__93__,"2,5-diamino-4-hydroxy-6-(5-phosphoribosylamino)pyrimidine [cytoplasm]"
BIOMD0000001063,s_0142__91__c__93__,"2,5-diamino-6-(5-phosphono)ribitylamino-4(3H)-pyrimidinone [cytoplasm]"
BIOMD0000001063,s_0143__91__c__93__,2-(3-amino-3-carboxypropyl)-L-histidine [cytoplasm]
BIOMD0000001063,s_0144__91__c__93__,2-[3-carboxy-3-(methylammonio)propyl]-L-histidine [cytoplasm]
BIOMD0000001063,s_0145__91__m__93__,2-acetamido-5-oxopentanoate [mitochondrion]
BIOMD0000001063,s_0146__91__m__93__,2-acetyllactic acid [mitochondrion]
BIOMD0000001063,s_0147__91__c__93__,2-amino-3-carboxymuconate-6-semialdehyde [cytoplasm]
BIOMD0000001063,s_0148__91__m__93__,"2-amino-6-(hydroxymethyl)-7,8-dihydropteridin-4-ol [mitochondrion]"
BIOMD0000001063,s_0149__91__c__93__,2-dehydropantoate [cytoplasm]
BIOMD0000001063,s_0150__91__m__93__,2-dehydropantoate [mitochondrion]
BIOMD0000001063,s_0152__91__c__93__,2-deoxy-D-ribose [cytoplasm]
BIOMD0000001063,s_0153__91__c__93__,2-deoxy-D-ribose 5-phosphate [cytoplasm]
BIOMD0000001063,s_0154__91__m__93__,"2-hexaprenyl-5-hydroxy-6-methoxy-3-methyl-1,4-benzoquinone [mitochondrion]"
BIOMD0000001063,s_0155__91__m__93__,"2-hexaprenyl-6-methoxy-1,4-benzoquinone [mitochondrion]"
BIOMD0000001063,s_0156__91__m__93__,"2-hexaprenyl-6-methoxy-3-methyl-1,4-benzoquinone [mitochondrion]"
BIOMD0000001063,s_0157__91__m__93__,2-hexaprenyl-6-methoxyphenol [mitochondrion]
BIOMD0000001063,s_0158__91__c__93__,2-hydroxy-3-oxobutyl phosphate [cytoplasm]
BIOMD0000001063,s_0161__91__er__93__,2-hydroxyhexadecanal [endoplasmic reticulum]
BIOMD0000001063,s_0162__91__c__93__,2-isopropylmalate [cytoplasm]
BIOMD0000001063,s_0163__91__e__93__,2-isopropylmalate [extracellular]
BIOMD0000001063,s_0164__91__m__93__,2-isopropylmalate [mitochondrion]
BIOMD0000001063,s_0165__91__c__93__,2-isopropylmaleic acid [cytoplasm]
BIOMD0000001063,s_0166__91__c__93__,2-methylbutanal [cytoplasm]
BIOMD0000001063,s_0167__91__e__93__,2-methylbutanal [extracellular]
BIOMD0000001063,s_0168__91__m__93__,2-methylbutanal [mitochondrion]
BIOMD0000001063,s_0169__91__c__93__,2-methylbutanol [cytoplasm]
BIOMD0000001063,s_0170__91__e__93__,2-methylbutanol [extracellular]
BIOMD0000001063,s_0171__91__m__93__,2-methylbutanol [mitochondrion]
BIOMD0000001063,s_0172__91__c__93__,2-methylbutyl acetate [cytoplasm]
BIOMD0000001063,s_0173__91__e__93__,2-methylbutyl acetate [extracellular]
BIOMD0000001063,s_0174__91__m__93__,2-methylcitrate [mitochondrion]
BIOMD0000001063,s_0176__91__c__93__,2-oxoadipic acid [cytoplasm]
BIOMD0000001063,s_0177__91__m__93__,2-oxoadipic acid [mitochondrion]
BIOMD0000001063,s_0178__91__c__93__,2-oxobutanoate [cytoplasm]
BIOMD0000001063,s_0179__91__m__93__,2-oxobutanoate [mitochondrion]
BIOMD0000001063,s_0180__91__c__93__,2-oxoglutarate [cytoplasm]
BIOMD0000001063,s_0181__91__e__93__,2-oxoglutarate [extracellular]
BIOMD0000001063,s_0182__91__m__93__,2-oxoglutarate [mitochondrion]
BIOMD0000001063,s_0183__91__n__93__,2-oxoglutarate [nucleus]
BIOMD0000001063,s_0184__91__p__93__,2-oxoglutarate [peroxisome]
BIOMD0000001063,s_0185__91__c__93__,2-phenylethanol [cytoplasm]
BIOMD0000001063,s_0186__91__e__93__,2-phenylethanol [extracellular]
BIOMD0000001063,s_0187__91__m__93__,2-phenylethanol [mitochondrion]
BIOMD0000001063,s_0188__91__c__93__,2-phospho-D-glyceric acid [cytoplasm]
BIOMD0000001063,s_0189__91__c__93__,geranylgeranyl diphosphate [cytoplasm]
BIOMD0000001063,s_0190__91__c__93__,farnesyl diphosphate [cytoplasm]
BIOMD0000001063,s_0191__91__m__93__,farnesyl diphosphate [mitochondrion]
BIOMD0000001063,s_0192__91__c__93__,"3',5'-cyclic AMP [cytoplasm]"
BIOMD0000001063,s_0193__91__c__93__,"3',5'-cyclic CMP [cytoplasm]"
BIOMD0000001063,s_0194__91__c__93__,"3',5'-cyclic dAMP [cytoplasm]"
BIOMD0000001063,s_0195__91__c__93__,"3',5'-cyclic GMP [cytoplasm]"
BIOMD0000001063,s_0196__91__c__93__,"3',5'-cyclic IMP [cytoplasm]"
BIOMD0000001063,s_0197__91__c__93__,3'-dephospho-CoA [cytoplasm]
BIOMD0000001063,s_0200__91__m__93__,3'-dephospho-CoA [mitochondrion]
BIOMD0000001063,s_0201__91__c__93__,3'-phospho-5'-adenylyl sulfate [cytoplasm]
BIOMD0000001063,s_0204__91__c__93__,3-(4-hydroxyphenyl)pyruvate [cytoplasm]
BIOMD0000001063,s_0206__91__p__93__,3-(4-hydroxyphenyl)pyruvate [peroxisome]
BIOMD0000001063,s_0207__91__c__93__,3-(imidazol-4-yl)-2-oxopropyl dihydrogen phosphate [cytoplasm]
BIOMD0000001063,s_0208__91__c__93__,3-aminopropanal [cytoplasm]
BIOMD0000001063,s_0209__91__c__93__,3-dehydro-4-methylzymosterol [cytoplasm]
BIOMD0000001063,s_0210__91__c__93__,3-dehydroquinate [cytoplasm]
BIOMD0000001063,s_0211__91__c__93__,3-dehydroshikimate [cytoplasm]
BIOMD0000001063,s_0212__91__c__93__,"3-hexaprenyl-4,5-dihydroxybenzoic acid [cytoplasm]"
BIOMD0000001063,s_0213__91__m__93__,"3-hexaprenyl-4,5-dihydroxybenzoic acid [mitochondrion]"
BIOMD0000001063,s_0214__91__m__93__,3-hexaprenyl-4-hydroxy-5-methoxybenzoic acid [mitochondrion]
BIOMD0000001063,s_0215__91__c__93__,3-hexaprenyl-4-hydroxybenzoic acid [cytoplasm]
BIOMD0000001063,s_0216__91__m__93__,3-hexaprenyl-4-hydroxybenzoic acid [mitochondrion]
BIOMD0000001063,s_0217__91__c__93__,3-hydroxy-2-isopropyl-4-methoxy-4-oxobutanoate [cytoplasm]
BIOMD0000001063,s_0218__91__c__93__,3-hydroxy-3-methylglutaryl-CoA [cytoplasm]
BIOMD0000001063,s_0221__91__m__93__,3-hydroxy-3-methylglutaryl-CoA [mitochondrion]
BIOMD0000001063,s_0222__91__c__93__,3-hydroxy-L-kynurenine [cytoplasm]
BIOMD0000001063,s_0224__91__c__93__,3-hydroxyanthranilate [cytoplasm]
BIOMD0000001063,s_0229__91__p__93__,3-hydroxyoctadecanoyl-CoA [peroxisome]
BIOMD0000001063,s_0231__91__er__93__,3-ketosphinganine [endoplasmic reticulum]
BIOMD0000001063,s_0232__91__c__93__,3-methyl-2-oxobutanoate [cytoplasm]
BIOMD0000001063,s_0233__91__m__93__,3-methyl-2-oxobutanoate [mitochondrion]
BIOMD0000001063,s_0234__91__c__93__,3-methylbutanal [cytoplasm]
BIOMD0000001063,s_0235__91__e__93__,3-methylbutanal [extracellular]
BIOMD0000001063,s_0236__91__m__93__,3-methylbutanal [mitochondrion]
BIOMD0000001063,s_0239__91__p__93__,3-oxodecanoyl-CoA [peroxisome]
BIOMD0000001063,s_0243__91__p__93__,3-oxohexacosanoyl-CoA [peroxisome]
BIOMD0000001063,s_0247__91__p__93__,3-oxolauroyl-CoA [peroxisome]
BIOMD0000001063,s_0250__91__p__93__,3-oxooctadecanoyl-CoA [peroxisome]
BIOMD0000001063,s_0253__91__p__93__,3-oxopalmitoyl-CoA [peroxisome]
BIOMD0000001063,s_0257__91__p__93__,3-oxotetradecanoyl-CoA [peroxisome]
BIOMD0000001063,s_0258__91__c__93__,3-phospho-hydroxypyruvate [cytoplasm]
BIOMD0000001063,s_0259__91__c__93__,3-phospho-serine [cytoplasm]
BIOMD0000001063,s_0260__91__c__93__,3-phosphonato-D-glycerate(3-) [cytoplasm]
BIOMD0000001063,s_0261__91__c__93__,3-phosphoshikimic acid [cytoplasm]
BIOMD0000001063,s_0262__91__c__93__,"4,4-dimethyl-5alpha-cholesta-8,14,24-trien-3beta-ol [cytoplasm]"
BIOMD0000001063,s_0263__91__c__93__,"4,5-bis(diphospho)-1D-myo-inositol tetrakisphosphate [cytoplasm]"
BIOMD0000001063,s_0264__91__c__93__,4-(phosphonooxy)-L-threonine [cytoplasm]
BIOMD0000001063,s_0267__91__c__93__,4-amino-2-methyl-5-diphosphomethylpyrimidine [cytoplasm]
BIOMD0000001063,s_0268__91__c__93__,4-amino-2-methyl-5-phosphomethylpyrimidine [cytoplasm]
BIOMD0000001063,s_0269__91__c__93__,4-amino-4-deoxychorismate [cytoplasm]
BIOMD0000001063,s_0270__91__c__93__,4-amino-5-hydroxymethyl-2-methylpyrimidine [cytoplasm]
BIOMD0000001063,s_0271__91__c__93__,4-aminobenzoate [cytoplasm]
BIOMD0000001063,s_0272__91__e__93__,4-aminobenzoate [extracellular]
BIOMD0000001063,s_0273__91__m__93__,4-aminobenzoate [mitochondrion]
BIOMD0000001063,s_0274__91__c__93__,4-aminobutanal [cytoplasm]
BIOMD0000001063,s_0275__91__m__93__,4-aminobutanal [mitochondrion]
BIOMD0000001063,s_0279__91__c__93__,4-diphospho-1D-myo-inositol pentakisphosphate [cytoplasm]
BIOMD0000001063,s_0280__91__c__93__,4-guanidinobutanamide [cytoplasm]
BIOMD0000001063,s_0281__91__c__93__,4-guanidinobutanoic acid [cytoplasm]
BIOMD0000001063,s_0282__91__c__93__,4-hydroxy-2-oxoglutarate [cytoplasm]
BIOMD0000001063,s_0283__91__m__93__,4-hydroxy-2-oxoglutarate [mitochondrion]
BIOMD0000001063,s_0284__91__p__93__,4-hydroxy-2-oxoglutarate [peroxisome]
BIOMD0000001063,s_0285__91__c__93__,4-hydroxy-L-threonine [cytoplasm]
BIOMD0000001063,s_0286__91__c__93__,4-hydroxybenzoate [cytoplasm]
BIOMD0000001063,s_0287__91__m__93__,4-hydroxybenzoate [mitochondrion]
BIOMD0000001063,s_0290__91__m__93__,4-hydroxybenzoyl-CoA [mitochondrion]
BIOMD0000001063,s_0291__91__c__93__,4-methyl-2-oxopentanoate [cytoplasm]
BIOMD0000001063,s_0292__91__m__93__,4-methyl-2-oxopentanoate [mitochondrion]
BIOMD0000001063,s_0293__91__c__93__,4-methyl-5-(2-phosphonooxyethyl)thiazole [cytoplasm]
BIOMD0000001063,s_0294__91__c__93__,4-methylthio-2-oxobutanoate [cytoplasm]
BIOMD0000001063,s_0295__91__c__93__,4-phospho-L-aspartate [cytoplasm]
BIOMD0000001063,s_0296__91__c__93__,4alpha-methylzymosterol [cytoplasm]
BIOMD0000001063,s_0297__91__c__93__,4beta-methylzymosterol-4alpha-carboxylic acid [cytoplasm]
BIOMD0000001063,s_0298__91__c__93__,5'-adenylyl sulfate [cytoplasm]
BIOMD0000001063,s_0299__91__c__93__,5'-phosphoribosyl-4-(N-succinocarboxamide)-5-aminoimidazole [cytoplasm]
BIOMD0000001063,s_0300__91__c__93__,5'-phosphoribosyl-5-aminoimidazole [cytoplasm]
BIOMD0000001063,s_0301__91__c__93__,5'-phosphoribosyl-N-formylglycineamide [cytoplasm]
BIOMD0000001063,s_0302__91__c__93__,5'-phosphoribosyl-N-formylglycineamidine [cytoplasm]
BIOMD0000001063,s_0303__91__c__93__,5'-S-methyl-5'-thioadenosine [cytoplasm]
BIOMD0000001063,s_0304__91__c__93__,"5,10-methenyl-THF [cytoplasm]"
BIOMD0000001063,s_0305__91__m__93__,"5,10-methenyl-THF [mitochondrion]"
BIOMD0000001063,s_0306__91__c__93__,"5,10-methylenetetrahydrofolate [cytoplasm]"
BIOMD0000001063,s_0307__91__m__93__,"5,10-methylenetetrahydrofolate [mitochondrion]"
BIOMD0000001063,s_0308__91__c__93__,"5,6,7,8-tetrahydrofolyl-L-glutamic acid [cytoplasm]"
BIOMD0000001063,s_0309__91__c__93__,"5,6-bis(diphospho)-1D-myo-inositol tetrakisphosphate [cytoplasm]"
BIOMD0000001063,s_0310__91__c__93__,5-(2-hydroxyethyl)-4-methylthiazole [cytoplasm]
BIOMD0000001063,s_0311__91__c__93__,"5-(methylsulfanyl)-2,3-dioxopentyl phosphate [cytoplasm]"
BIOMD0000001063,s_0312__91__c__93__,5-[(5-phospho-1-deoxy-D-ribulos-1-ylamino)methylideneamino]-1-(5-phospho-D-ribosyl)imidazole-4-carboxamide [cytoplasm]
BIOMD0000001063,s_0313__91__c__93__,5-amino-6-(5-phosphoribitylamino)uracil [cytoplasm]
BIOMD0000001063,s_0314__91__c__93__,5-amino-6-(D-ribitylamino)uracil [cytoplasm]
BIOMD0000001063,s_0315__91__c__93__,5-aminolevulinate [cytoplasm]
BIOMD0000001063,s_0316__91__e__93__,5-aminolevulinate [extracellular]
BIOMD0000001063,s_0317__91__m__93__,5-aminolevulinate [mitochondrion]
BIOMD0000001063,s_0318__91__c__93__,5-diphospho-1D-myo-inositol pentakisphosphate [cytoplasm]
BIOMD0000001063,s_0319__91__c__93__,5-formyltetrahydrofolic acid [cytoplasm]
BIOMD0000001063,s_0320__91__e__93__,5-formyltetrahydrofolic acid [extracellular]
BIOMD0000001063,s_0321__91__m__93__,5-formyltetrahydrofolic acid [mitochondrion]
BIOMD0000001063,s_0322__91__c__93__,5-methyltetrahydrofolate [cytoplasm]
BIOMD0000001063,s_0323__91__c__93__,5-methyltetrahydropteroyltri-L-glutamic acid [cytoplasm]
BIOMD0000001063,s_0324__91__c__93__,5-O-(1-carboxyvinyl)-3-phosphoshikimic acid [cytoplasm]
BIOMD0000001063,s_0325__91__c__93__,5-phospho-ribosyl-glycineamide [cytoplasm]
BIOMD0000001063,s_0326__91__c__93__,5-phosphoribosyl-ATP [cytoplasm]
BIOMD0000001063,s_0327__91__c__93__,5-phosphoribosylamine [cytoplasm]
BIOMD0000001063,s_0328__91__c__93__,"6,7-dimethyl-8-(1-D-ribityl)lumazine [cytoplasm]"
BIOMD0000001063,s_0329__91__er__93__,6-(alpha-D-glucosaminyl)-1-phosphatidyl-1D-myo-inositol [endoplasmic reticulum]
BIOMD0000001063,s_0330__91__er__93__,6-(alpha-D-glucosaminyl)-O-acyl-1-phosphatidyl-1D-myo-inositol [endoplasmic reticulum]
BIOMD0000001063,s_0331__91__er__93__,6-(N-acetyl-alpha-D-glucosaminyl)-1-phosphatidyl-1D-myo-inositol [endoplasmic reticulum]
BIOMD0000001063,s_0332__91__er__93__,6-[6-(2-aminoethylphosphoryl)-alpha-mannosyl-(1->6)-2-(2-aminoethylphosphoryl)-alpha-mannosyl-(1->6)-alpha-2-(2-aminoethylphosphoryl)mannosyl-(1->4)-alpha-glucosaminyl]-O-acyl-1-phosphatidyl-1D-myo-inositol [endoplasmic reticulum]
BIOMD0000001063,s_0333__91__c__93__,6-diphospho-1D-myo-inositol pentakisphosphate [cytoplasm]
BIOMD0000001063,s_0334__91__er__93__,6-O-[alpha-D-mannosyl-(1->4)-alpha-D-glucosaminyl]-O-acyl-1-phosphatidyl-1D-myo-inositol [endoplasmic reticulum]
BIOMD0000001063,s_0335__91__c__93__,"6-O-phosphono-D-glucono-1,5-lactone [cytoplasm]"
BIOMD0000001063,s_0337__91__er__93__,6-O-{2-O-[(2-aminoethyl)phosphoryl]-alpha-D-mannosyl-(1->4)-alpha-D-glucosaminyl}-O-acyl-1-phosphatidyl-1D-myo-inositol [endoplasmic reticulum]
BIOMD0000001063,s_0338__91__er__93__,6-O-{alpha-D-mannosyl-(1->2)-alpha-D-mannosyl-(1->6)-2-O-[(2-aminoethyl)phosphoryl]-alpha-D-mannosyl-(1->4)-alpha-D-glucosaminyl}-O-acyl-1-phosphatidyl-1D-myo-inositol [endoplasmic reticulum]
BIOMD0000001063,s_0339__91__er__93__,6-O-{alpha-D-mannosyl-(1->6)-2-O-[(2-aminoethyl)phosphoryl]-alpha-D-mannosyl-(1->4)-alpha-D-glucosaminyl}-O-acyl-1-phosphatidyl-1D-myo-inositol [endoplasmic reticulum]
BIOMD0000001063,s_0340__91__c__93__,6-phospho-D-gluconate [cytoplasm]
BIOMD0000001063,s_0341__91__c__93__,"7,8-diaminononanoate [cytoplasm]"
BIOMD0000001063,s_0342__91__e__93__,"7,8-diaminononanoate [extracellular]"
BIOMD0000001063,s_0343__91__c__93__,"7,8-dihydroneopterin [cytoplasm]"
BIOMD0000001063,s_0344__91__m__93__,"7,8-dihydroneopterin [mitochondrion]"
BIOMD0000001063,s_0345__91__c__93__,"7,8-dihydroneopterin 3'-phosphate [cytoplasm]"
BIOMD0000001063,s_0346__91__c__93__,"7,8-dihydroneopterin 3'-triphosphate [cytoplasm]"
BIOMD0000001063,s_0347__91__c__93__,"7,8-dihydropteroate [cytoplasm]"
BIOMD0000001063,s_0348__91__m__93__,"7,8-dihydropteroate [mitochondrion]"
BIOMD0000001063,s_0349__91__c__93__,7-phospho-2-dehydro-3-deoxy-D-arabino-heptonic acid [cytoplasm]
BIOMD0000001063,s_0350__91__m__93__,7-phospho-2-dehydro-3-deoxy-D-arabino-heptonic acid [mitochondrion]
BIOMD0000001063,s_0352__91__c__93__,8-amino-7-oxononanoate [cytoplasm]
BIOMD0000001063,s_0354__91__e__93__,8-amino-7-oxononanoate [extracellular]
BIOMD0000001063,s_0357__91__c__93__,9H-xanthine [cytoplasm]
BIOMD0000001063,s_0358__91__e__93__,9H-xanthine [extracellular]
BIOMD0000001063,s_0359__91__c__93__,acetaldehyde [cytoplasm]
BIOMD0000001063,s_0360__91__e__93__,acetaldehyde [extracellular]
BIOMD0000001063,s_0361__91__m__93__,acetaldehyde [mitochondrion]
BIOMD0000001063,s_0362__91__c__93__,acetate [cytoplasm]
BIOMD0000001063,s_0363__91__er__93__,acetate [endoplasmic reticulum]
BIOMD0000001063,s_0364__91__e__93__,acetate [extracellular]
BIOMD0000001063,s_0365__91__m__93__,acetate [mitochondrion]
BIOMD0000001063,s_0366__91__n__93__,acetate [nucleus]
BIOMD0000001063,s_0367__91__c__93__,acetoacetyl-CoA [cytoplasm]
BIOMD0000001063,s_0370__91__m__93__,acetoacetyl-CoA [mitochondrion]
BIOMD0000001063,s_0372__91__m__93__,acetyl-ACP [mitochondrion]
BIOMD0000001063,s_0373__91__c__93__,acetyl-CoA [cytoplasm]
BIOMD0000001063,s_0376__91__m__93__,acetyl-CoA [mitochondrion]
BIOMD0000001063,s_0377__91__n__93__,acetyl-CoA [nucleus]
BIOMD0000001063,s_0378__91__p__93__,acetyl-CoA [peroxisome]
BIOMD0000001063,s_0383__91__c__93__,adenine [cytoplasm]
BIOMD0000001063,s_0384__91__e__93__,adenine [extracellular]
BIOMD0000001063,s_0385__91__m__93__,adenine [mitochondrion]
BIOMD0000001063,s_0386__91__c__93__,adenosine [cytoplasm]
BIOMD0000001063,s_0387__91__e__93__,adenosine [extracellular]
BIOMD0000001063,s_0389__91__c__93__,adenosine 2'-phosphate [cytoplasm]
BIOMD0000001063,s_0390__91__c__93__,"adenosine 3',5'-bismonophosphate [cytoplasm]"
BIOMD0000001063,s_0391__91__e__93__,"adenosine 3',5'-bismonophosphate [extracellular]"
BIOMD0000001063,s_0392__91__m__93__,"adenosine 3',5'-bismonophosphate [mitochondrion]"
BIOMD0000001063,s_0393__91__c__93__,adenylo-succinate [cytoplasm]
BIOMD0000001063,s_0394__91__c__93__,ADP [cytoplasm]
BIOMD0000001063,s_0395__91__er__93__,ADP [endoplasmic reticulum]
BIOMD0000001063,s_0397__91__m__93__,ADP [mitochondrion]
BIOMD0000001063,s_0398__91__n__93__,ADP [nucleus]
BIOMD0000001063,s_0399__91__p__93__,ADP [peroxisome]
BIOMD0000001063,s_0402__91__n__93__,ADP-ribose [nucleus]
BIOMD0000001063,s_0403__91__c__93__,AICAR [cytoplasm]
BIOMD0000001063,s_0404__91__c__93__,Ala-tRNA(Ala) [cytoplasm]
BIOMD0000001063,s_0405__91__c__93__,allantoate [cytoplasm]
BIOMD0000001063,s_0406__91__e__93__,allantoate [extracellular]
BIOMD0000001063,s_0407__91__c__93__,allantoin [cytoplasm]
BIOMD0000001063,s_0408__91__e__93__,allantoin [extracellular]
BIOMD0000001063,s_0409__91__c__93__,"alpha,alpha-trehalose 6-phosphate [cytoplasm]"
BIOMD0000001063,s_0410__91__c__93__,alpha-D-galactose 1-phosphate [cytoplasm]
BIOMD0000001063,s_0411__91__c__93__,alpha-D-glucosamine 1-phosphate [cytoplasm]
BIOMD0000001063,s_0412__91__c__93__,alpha-D-glucosamine 6-phosphate [cytoplasm]
BIOMD0000001063,s_0413__91__e__93__,alpha-D-glucosamine 6-phosphate [extracellular]
BIOMD0000001063,s_0414__91__g__93__,alpha-D-mannosyl-beta-D-mannosyldiacetylchitobiosyldiphosphodolichol [Golgi]
BIOMD0000001063,s_0415__91__c__93__,alpha-D-ribose 1-phosphate(2-) [cytoplasm]
BIOMD0000001063,s_0416__91__m__93__,alpha-D-ribose 1-phosphate(2-) [mitochondrion]
BIOMD0000001063,s_0417__91__c__93__,aminoacetaldehyde [cytoplasm]
BIOMD0000001063,s_0418__91__c__93__,aminoacetone [cytoplasm]
BIOMD0000001063,s_0419__91__c__93__,ammonium [cytoplasm]
BIOMD0000001063,s_0420__91__e__93__,ammonium [extracellular]
BIOMD0000001063,s_0421__91__m__93__,ammonium [mitochondrion]
BIOMD0000001063,s_0423__91__c__93__,AMP [cytoplasm]
BIOMD0000001063,s_0424__91__m__93__,AMP [mitochondrion]
BIOMD0000001063,s_0425__91__n__93__,AMP [nucleus]
BIOMD0000001063,s_0426__91__p__93__,AMP [peroxisome]
BIOMD0000001063,s_0427__91__c__93__,anthranilate [cytoplasm]
BIOMD0000001063,s_0428__91__c__93__,Arg-tRNA(Arg) [cytoplasm]
BIOMD0000001063,s_0429__91__m__93__,Arg-tRNA(Arg) [mitochondrion]
BIOMD0000001063,s_0430__91__c__93__,Asn-tRNA(Asn) [cytoplasm]
BIOMD0000001063,s_0431__91__m__93__,Asn-tRNA(Asn) [mitochondrion]
BIOMD0000001063,s_0432__91__c__93__,Asp-tRNA(Asp) [cytoplasm]
BIOMD0000001063,s_0433__91__m__93__,Asp-tRNA(Asp) [mitochondrion]
BIOMD0000001063,s_0434__91__c__93__,ATP [cytoplasm]
BIOMD0000001063,s_0435__91__er__93__,ATP [endoplasmic reticulum]
BIOMD0000001063,s_0437__91__m__93__,ATP [mitochondrion]
BIOMD0000001063,s_0438__91__n__93__,ATP [nucleus]
BIOMD0000001063,s_0439__91__p__93__,ATP [peroxisome]
BIOMD0000001063,s_0441__91__c__93__,beta-alanine [cytoplasm]
BIOMD0000001063,s_0442__91__c__93__,"beta-D-fructose 2,6-bisphosphate [cytoplasm]"
BIOMD0000001063,s_0443__91__c__93__,beta-D-mannosyldiacetylchitobiosyldiphosphodolichol [cytoplasm]
BIOMD0000001063,s_0444__91__g__93__,beta-D-mannosyldiacetylchitobiosyldiphosphodolichol [Golgi]
BIOMD0000001063,s_0445__91__c__93__,bicarbonate [cytoplasm]
BIOMD0000001063,s_0446__91__e__93__,bicarbonate [extracellular]
BIOMD0000001063,s_0447__91__m__93__,bicarbonate [mitochondrion]
BIOMD0000001063,s_0448__91__n__93__,bicarbonate [nucleus]
BIOMD0000001063,s_0450__91__c__93__,biomass [cytoplasm]
BIOMD0000001063,s_0451__91__c__93__,biotin [cytoplasm]
BIOMD0000001063,s_0452__91__e__93__,biotin [extracellular]
BIOMD0000001063,s_0453__91__c__93__,biotinyl-5'-AMP [cytoplasm]
BIOMD0000001063,s_0454__91__m__93__,"but-1-ene-1,2,4-tricarboxylic acid [mitochondrion]"
BIOMD0000001063,s_0455__91__c__93__,carbamoyl phosphate [cytoplasm]
BIOMD0000001063,s_0456__91__c__93__,carbon dioxide [cytoplasm]
BIOMD0000001063,s_0457__91__er__93__,carbon dioxide [endoplasmic reticulum]
BIOMD0000001063,s_0458__91__e__93__,carbon dioxide [extracellular]
BIOMD0000001063,s_0460__91__m__93__,carbon dioxide [mitochondrion]
BIOMD0000001063,s_0461__91__n__93__,carbon dioxide [nucleus]
BIOMD0000001063,s_0462__91__p__93__,carbon dioxide [peroxisome]
BIOMD0000001063,s_0465__91__m__93__,carboxyacetyl-ACP [mitochondrion]
BIOMD0000001063,s_0467__91__c__93__,CDP [cytoplasm]
BIOMD0000001063,s_0468__91__n__93__,CDP [nucleus]
BIOMD0000001063,s_0469__91__c__93__,CDP-choline [cytoplasm]
BIOMD0000001063,s_0474__91__c__93__,CDP-ethanolamine [cytoplasm]
BIOMD0000001063,s_0475__91__er__93__,ceramide-1 (C24) [endoplasmic reticulum]
BIOMD0000001063,s_0476__91__g__93__,ceramide-1 (C24) [Golgi]
BIOMD0000001063,s_0477__91__m__93__,ceramide-1 (C24) [mitochondrion]
BIOMD0000001063,s_0478__91__er__93__,ceramide-1 (C26) [endoplasmic reticulum]
BIOMD0000001063,s_0479__91__g__93__,ceramide-1 (C26) [Golgi]
BIOMD0000001063,s_0480__91__m__93__,ceramide-1 (C26) [mitochondrion]
BIOMD0000001063,s_0481__91__er__93__,ceramide-2 (C24) [endoplasmic reticulum]
BIOMD0000001063,s_0482__91__g__93__,ceramide-2 (C24) [Golgi]
BIOMD0000001063,s_0483__91__m__93__,ceramide-2 (C24) [mitochondrion]
BIOMD0000001063,s_0484__91__er__93__,ceramide-2 (C26) [endoplasmic reticulum]
BIOMD0000001063,s_0485__91__g__93__,ceramide-2 (C26) [Golgi]
BIOMD0000001063,s_0486__91__m__93__,ceramide-2 (C26) [mitochondrion]
BIOMD0000001063,s_0487__91__er__93__,ceramide-2' (C24) [endoplasmic reticulum]
BIOMD0000001063,s_0488__91__g__93__,ceramide-2' (C24) [Golgi]
BIOMD0000001063,s_0489__91__m__93__,ceramide-2' (C24) [mitochondrion]
BIOMD0000001063,s_0490__91__er__93__,ceramide-2' (C26) [endoplasmic reticulum]
BIOMD0000001063,s_0491__91__g__93__,ceramide-2' (C26) [Golgi]
BIOMD0000001063,s_0492__91__m__93__,ceramide-2' (C26) [mitochondrion]
BIOMD0000001063,s_0493__91__er__93__,ceramide-3 (C24) [endoplasmic reticulum]
BIOMD0000001063,s_0494__91__g__93__,ceramide-3 (C24) [Golgi]
BIOMD0000001063,s_0495__91__m__93__,ceramide-3 (C24) [mitochondrion]
BIOMD0000001063,s_0496__91__er__93__,ceramide-3 (C26) [endoplasmic reticulum]
BIOMD0000001063,s_0497__91__g__93__,ceramide-3 (C26) [Golgi]
BIOMD0000001063,s_0498__91__m__93__,ceramide-3 (C26) [mitochondrion]
BIOMD0000001063,s_0499__91__er__93__,ceramide-4 (C24) [endoplasmic reticulum]
BIOMD0000001063,s_0500__91__g__93__,ceramide-4 (C24) [Golgi]
BIOMD0000001063,s_0501__91__m__93__,ceramide-4 (C24) [mitochondrion]
BIOMD0000001063,s_0502__91__er__93__,ceramide-4 (C26) [endoplasmic reticulum]
BIOMD0000001063,s_0503__91__g__93__,ceramide-4 (C26) [Golgi]
BIOMD0000001063,s_0504__91__m__93__,ceramide-4 (C26) [mitochondrion]
BIOMD0000001063,s_0507__91__er__93__,cerotic acid [endoplasmic reticulum]
BIOMD0000001063,s_0509__91__c__93__,chitin [cytoplasm]
BIOMD0000001063,s_0510__91__ce__93__,chitosan [cell envelope]
BIOMD0000001063,s_0511__91__ce__93__,choline [cell envelope]
BIOMD0000001063,s_0512__91__c__93__,choline [cytoplasm]
BIOMD0000001063,s_0513__91__e__93__,choline [extracellular]
BIOMD0000001063,s_0514__91__c__93__,choline phosphate [cytoplasm]
BIOMD0000001063,s_0515__91__c__93__,chorismate [cytoplasm]
BIOMD0000001063,s_0516__91__c__93__,cis-aconitate [cytoplasm]
BIOMD0000001063,s_0517__91__m__93__,cis-aconitate [mitochondrion]
BIOMD0000001063,s_0522__91__c__93__,citrate [cytoplasm]
BIOMD0000001063,s_0523__91__e__93__,citrate [extracellular]
BIOMD0000001063,s_0524__91__m__93__,citrate [mitochondrion]
BIOMD0000001063,s_0525__91__p__93__,citrate [peroxisome]
BIOMD0000001063,s_0526__91__c__93__,CMP [cytoplasm]
BIOMD0000001063,s_0528__91__m__93__,CMP [mitochondrion]
BIOMD0000001063,s_0529__91__c__93__,coenzyme A [cytoplasm]
BIOMD0000001063,s_0530__91__er__93__,coenzyme A [endoplasmic reticulum]
BIOMD0000001063,s_0531__91__lp__93__,coenzyme A [lipid particle]
BIOMD0000001063,s_0532__91__m__93__,coenzyme A [mitochondrion]
BIOMD0000001063,s_0533__91__n__93__,coenzyme A [nucleus]
BIOMD0000001063,s_0534__91__p__93__,coenzyme A [peroxisome]
BIOMD0000001063,s_0538__91__c__93__,coproporphyrinogen III [cytoplasm]
BIOMD0000001063,s_0539__91__c__93__,CTP [cytoplasm]
BIOMD0000001063,s_0541__91__m__93__,CTP [mitochondrion]
BIOMD0000001063,s_0542__91__c__93__,Cys-tRNA(Cys) [cytoplasm]
BIOMD0000001063,s_0543__91__c__93__,cytidine [cytoplasm]
BIOMD0000001063,s_0544__91__e__93__,cytidine [extracellular]
BIOMD0000001063,s_0545__91__c__93__,cytosine [cytoplasm]
BIOMD0000001063,s_0546__91__e__93__,cytosine [extracellular]
BIOMD0000001063,s_0547__91__c__93__,"D-arabinono-1,4-lactone [cytoplasm]"
BIOMD0000001063,s_0548__91__c__93__,D-arabinose [cytoplasm]
BIOMD0000001063,s_0549__91__e__93__,D-arabinose [extracellular]
BIOMD0000001063,s_0550__91__c__93__,D-erythro-1-(imidazol-4-yl)glycerol 3-phosphate [cytoplasm]
BIOMD0000001063,s_0551__91__c__93__,D-erythrose 4-phosphate [cytoplasm]
BIOMD0000001063,s_0552__91__m__93__,D-erythrose 4-phosphate [mitochondrion]
BIOMD0000001063,s_0553__91__c__93__,D-fructose [cytoplasm]
BIOMD0000001063,s_0554__91__e__93__,D-fructose [extracellular]
BIOMD0000001063,s_0555__91__c__93__,"D-fructose 1,6-bisphosphate [cytoplasm]"
BIOMD0000001063,s_0556__91__c__93__,D-fructose 1-phosphate [cytoplasm]
BIOMD0000001063,s_0557__91__c__93__,D-fructose 6-phosphate [cytoplasm]
BIOMD0000001063,s_0558__91__c__93__,D-galactose [cytoplasm]
BIOMD0000001063,s_0559__91__e__93__,D-galactose [extracellular]
BIOMD0000001063,s_0560__91__e__93__,D-galacturonate [extracellular]
BIOMD0000001063,s_0561__91__c__93__,D-glucitol [cytoplasm]
BIOMD0000001063,s_0562__91__e__93__,D-glucitol [extracellular]
BIOMD0000001063,s_0563__91__c__93__,D-glucose [cytoplasm]
BIOMD0000001063,s_0565__91__e__93__,D-glucose [extracellular]
BIOMD0000001063,s_0566__91__v__93__,D-glucose [vacuole]
BIOMD0000001063,s_0567__91__c__93__,D-glucose 1-phosphate [cytoplasm]
BIOMD0000001063,s_0568__91__c__93__,D-glucose 6-phosphate [cytoplasm]
BIOMD0000001063,s_0570__91__c__93__,D-glyceraldehyde [cytoplasm]
BIOMD0000001063,s_0571__91__c__93__,D-mannose [cytoplasm]
BIOMD0000001063,s_0572__91__e__93__,D-mannose [extracellular]
BIOMD0000001063,s_0573__91__c__93__,D-mannose 1-phosphate [cytoplasm]
BIOMD0000001063,s_0574__91__c__93__,D-mannose 6-phosphate [cytoplasm]
BIOMD0000001063,s_0575__91__c__93__,D-ribose [cytoplasm]
BIOMD0000001063,s_0576__91__e__93__,D-ribose [extracellular]
BIOMD0000001063,s_0577__91__c__93__,D-ribulose 5-phosphate [cytoplasm]
BIOMD0000001063,s_0578__91__c__93__,D-xylose [cytoplasm]
BIOMD0000001063,s_0579__91__e__93__,D-xylose [extracellular]
BIOMD0000001063,s_0580__91__c__93__,D-xylulose [cytoplasm]
BIOMD0000001063,s_0581__91__c__93__,D-xylulose 5-phosphate [cytoplasm]
BIOMD0000001063,s_0582__91__c__93__,dADP [cytoplasm]
BIOMD0000001063,s_0583__91__n__93__,dADP [nucleus]
BIOMD0000001063,s_0584__91__c__93__,dAMP [cytoplasm]
BIOMD0000001063,s_0585__91__m__93__,dAMP [mitochondrion]
BIOMD0000001063,s_0586__91__c__93__,dATP [cytoplasm]
BIOMD0000001063,s_0587__91__c__93__,dCDP [cytoplasm]
BIOMD0000001063,s_0588__91__n__93__,dCDP [nucleus]
BIOMD0000001063,s_0589__91__c__93__,dCMP [cytoplasm]
BIOMD0000001063,s_0590__91__c__93__,dCTP [cytoplasm]
BIOMD0000001063,s_0591__91__c__93__,deamido-NAD(+) [cytoplasm]
BIOMD0000001063,s_0593__91__n__93__,deamido-NAD(+) [nucleus]
BIOMD0000001063,s_0595__91__c__93__,decanoate [cytoplasm]
BIOMD0000001063,s_0597__91__e__93__,decanoate [extracellular]
BIOMD0000001063,s_0600__91__p__93__,decanoate [peroxisome]
BIOMD0000001063,s_0605__91__p__93__,decanoyl-CoA [peroxisome]
BIOMD0000001063,s_0606__91__lp__93__,decaprenyl diphosphate [lipid particle]
BIOMD0000001063,s_0607__91__c__93__,"dehydro-D-arabinono-1,4-lactone [cytoplasm]"
BIOMD0000001063,s_0608__91__c__93__,"Delta(6)-trans,Delta(8)-cis-leukotriene B4 [cytoplasm]"
BIOMD0000001063,s_0609__91__n__93__,"Delta(6)-trans,Delta(8)-cis-leukotriene B4 [nucleus]"
BIOMD0000001063,s_0610__91__c__93__,deoxycytidine [cytoplasm]
BIOMD0000001063,s_0611__91__e__93__,deoxycytidine [extracellular]
BIOMD0000001063,s_0612__91__c__93__,dethiobiotin [cytoplasm]
BIOMD0000001063,s_0613__91__c__93__,dGDP [cytoplasm]
BIOMD0000001063,s_0614__91__n__93__,dGDP [nucleus]
BIOMD0000001063,s_0615__91__c__93__,dGMP [cytoplasm]
BIOMD0000001063,s_0616__91__m__93__,dGMP [mitochondrion]
BIOMD0000001063,s_0617__91__c__93__,dGTP [cytoplasm]
BIOMD0000001063,s_0618__91__c__93__,dIDP [cytoplasm]
BIOMD0000001063,s_0620__91__er__93__,diglyceride backbone [endoplasmic reticulum]
BIOMD0000001063,s_0625__91__c__93__,dihydrofolic acid [cytoplasm]
BIOMD0000001063,s_0626__91__m__93__,dihydrofolic acid [mitochondrion]
BIOMD0000001063,s_0627__91__m__93__,dihydrolipoamide [mitochondrion]
BIOMD0000001063,s_0628__91__m__93__,dihydrolipoylprotein [mitochondrion]
BIOMD0000001063,s_0629__91__c__93__,dihydroxyacetone phosphate [cytoplasm]
BIOMD0000001063,s_0631__91__lp__93__,dihydroxyacetone phosphate [lipid particle]
BIOMD0000001063,s_0632__91__m__93__,dihydroxyacetone phosphate [mitochondrion]
BIOMD0000001063,s_0633__91__c__93__,diphosphate [cytoplasm]
BIOMD0000001063,s_0635__91__lp__93__,diphosphate [lipid particle]
BIOMD0000001063,s_0636__91__m__93__,diphosphate [mitochondrion]
BIOMD0000001063,s_0637__91__n__93__,diphosphate [nucleus]
BIOMD0000001063,s_0638__91__p__93__,diphosphate [peroxisome]
BIOMD0000001063,s_0639__91__c__93__,dITP [cytoplasm]
BIOMD0000001063,s_0640__91__lp__93__,docosaprenyl diphosphate [lipid particle]
BIOMD0000001063,s_0641__91__lp__93__,dodecaprenyl diphosphate [lipid particle]
BIOMD0000001063,s_0642__91__c__93__,dolichol [cytoplasm]
BIOMD0000001063,s_0644__91__er__93__,dolichyl D-mannosyl phosphate [endoplasmic reticulum]
BIOMD0000001063,s_0645__91__c__93__,dolichyl phosphate [cytoplasm]
BIOMD0000001063,s_0646__91__er__93__,dolichyl phosphate [endoplasmic reticulum]
BIOMD0000001063,s_0647__91__c__93__,dTDP [cytoplasm]
BIOMD0000001063,s_0649__91__c__93__,dTMP [cytoplasm]
BIOMD0000001063,s_0650__91__c__93__,dTTP [cytoplasm]
BIOMD0000001063,s_0651__91__e__93__,dTTP [extracellular]
BIOMD0000001063,s_0652__91__c__93__,dUDP [cytoplasm]
BIOMD0000001063,s_0653__91__n__93__,dUDP [nucleus]
BIOMD0000001063,s_0654__91__c__93__,dUMP [cytoplasm]
BIOMD0000001063,s_0655__91__n__93__,dUMP [nucleus]
BIOMD0000001063,s_0656__91__c__93__,dUTP [cytoplasm]
BIOMD0000001063,s_0657__91__c__93__,episterol [cytoplasm]
BIOMD0000001063,s_0659__91__e__93__,episterol [extracellular]
BIOMD0000001063,s_0662__91__c__93__,"ergosta-5,7,22,24(28)-tetraen-3beta-ol [cytoplasm]"
BIOMD0000001063,s_0663__91__er__93__,"ergosta-5,7,22,24(28)-tetraen-3beta-ol [endoplasmic reticulum]"
BIOMD0000001063,s_0664__91__c__93__,"ergosta-5,7,24(28)-trien-3beta-ol [cytoplasm]"
BIOMD0000001063,s_0665__91__ce__93__,ergosterol [cell envelope]
BIOMD0000001063,s_0666__91__c__93__,ergosterol [cytoplasm]
BIOMD0000001063,s_0667__91__er__93__,ergosterol [endoplasmic reticulum]
BIOMD0000001063,s_0668__91__e__93__,ergosterol [extracellular]
BIOMD0000001063,s_0669__91__lp__93__,ergosterol [lipid particle]
BIOMD0000001063,s_0670__91__c__93__,ergosterol 3-beta-D-glucoside [cytoplasm]
BIOMD0000001063,s_0672__91__c__93__,ergosterol ester backbone [cytoplasm]
BIOMD0000001063,s_0677__91__c__93__,erythro-4-hydroxy-L-glutamic acid [cytoplasm]
BIOMD0000001063,s_0678__91__m__93__,erythro-4-hydroxy-L-glutamic acid [mitochondrion]
BIOMD0000001063,s_0679__91__p__93__,erythro-4-hydroxy-L-glutamic acid [peroxisome]
BIOMD0000001063,s_0680__91__c__93__,ethanol [cytoplasm]
BIOMD0000001063,s_0681__91__e__93__,ethanol [extracellular]
BIOMD0000001063,s_0682__91__m__93__,ethanol [mitochondrion]
BIOMD0000001063,s_0683__91__c__93__,ethanolamine [cytoplasm]
BIOMD0000001063,s_0684__91__e__93__,ethanolamine [extracellular]
BIOMD0000001063,s_0685__91__c__93__,ethyl acetate [cytoplasm]
BIOMD0000001063,s_0686__91__e__93__,ethyl acetate [extracellular]
BIOMD0000001063,s_0687__91__c__93__,FAD [cytoplasm]
BIOMD0000001063,s_0688__91__m__93__,FAD [mitochondrion]
BIOMD0000001063,s_0689__91__c__93__,FADH2 [cytoplasm]
BIOMD0000001063,s_0690__91__m__93__,FADH2 [mitochondrion]
BIOMD0000001063,s_0692__91__lp__93__,farnesyl diphosphate [lipid particle]
BIOMD0000001063,s_0694__91__c__93__,fatty acid backbone [cytoplasm]
BIOMD0000001063,s_0699__91__ce__93__,fecosterol [cell envelope]
BIOMD0000001063,s_0700__91__c__93__,fecosterol [cytoplasm]
BIOMD0000001063,s_0702__91__e__93__,fecosterol [extracellular]
BIOMD0000001063,s_0703__91__lp__93__,fecosterol [lipid particle]
BIOMD0000001063,s_0709__91__m__93__,ferricytochrome c [mitochondrion]
BIOMD0000001063,s_0710__91__m__93__,ferrocytochrome c [mitochondrion]
BIOMD0000001063,s_0712__91__m__93__,ferroheme b [mitochondrion]
BIOMD0000001063,s_0713__91__m__93__,fMet-tRNA(fMet) [mitochondrion]
BIOMD0000001063,s_0714__91__c__93__,FMN [cytoplasm]
BIOMD0000001063,s_0715__91__e__93__,FMN [extracellular]
BIOMD0000001063,s_0716__91__m__93__,FMN [mitochondrion]
BIOMD0000001063,s_0717__91__c__93__,FMNH2 [cytoplasm]
BIOMD0000001063,s_0719__91__c__93__,folate [cytoplasm]
BIOMD0000001063,s_0720__91__e__93__,folate [extracellular]
BIOMD0000001063,s_0721__91__c__93__,formaldehyde [cytoplasm]
BIOMD0000001063,s_0722__91__c__93__,formate [cytoplasm]
BIOMD0000001063,s_0723__91__e__93__,formate [extracellular]
BIOMD0000001063,s_0724__91__m__93__,formate [mitochondrion]
BIOMD0000001063,s_0725__91__c__93__,fumarate [cytoplasm]
BIOMD0000001063,s_0726__91__e__93__,fumarate [extracellular]
BIOMD0000001063,s_0727__91__m__93__,fumarate [mitochondrion]
BIOMD0000001063,s_0734__91__c__93__,gamma-aminobutyrate [cytoplasm]
BIOMD0000001063,s_0736__91__e__93__,gamma-aminobutyrate [extracellular]
BIOMD0000001063,s_0738__91__m__93__,gamma-aminobutyrate [mitochondrion]
BIOMD0000001063,s_0739__91__c__93__,GDP [cytoplasm]
BIOMD0000001063,s_0740__91__g__93__,GDP [Golgi]
BIOMD0000001063,s_0741__91__m__93__,GDP [mitochondrion]
BIOMD0000001063,s_0742__91__n__93__,GDP [nucleus]
BIOMD0000001063,s_0743__91__c__93__,GDP-alpha-D-mannose [cytoplasm]
BIOMD0000001063,s_0744__91__g__93__,GDP-alpha-D-mannose [Golgi]
BIOMD0000001063,s_0745__91__c__93__,geranyl diphosphate [cytoplasm]
BIOMD0000001063,s_0746__91__lp__93__,geranylgeranyl diphosphate [lipid particle]
BIOMD0000001063,s_0747__91__c__93__,Gln-tRNA(Gln) [cytoplasm]
BIOMD0000001063,s_0748__91__c__93__,Glu-tRNA(Glu) [cytoplasm]
BIOMD0000001063,s_0749__91__m__93__,Glu-tRNA(Glu) [mitochondrion]
BIOMD0000001063,s_0750__91__c__93__,glutathione [cytoplasm]
BIOMD0000001063,s_0751__91__e__93__,glutathione [extracellular]
BIOMD0000001063,s_0752__91__m__93__,glutathione [mitochondrion]
BIOMD0000001063,s_0753__91__v__93__,glutathione [vacuole]
BIOMD0000001063,s_0754__91__c__93__,glutathione disulfide [cytoplasm]
BIOMD0000001063,s_0755__91__e__93__,glutathione disulfide [extracellular]
BIOMD0000001063,s_0756__91__m__93__,glutathione disulfide [mitochondrion]
BIOMD0000001063,s_0757__91__c__93__,Gly-tRNA(Gly) [cytoplasm]
BIOMD0000001063,s_0764__91__c__93__,glyceraldehyde 3-phosphate [cytoplasm]
BIOMD0000001063,s_0765__91__c__93__,glycerol [cytoplasm]
BIOMD0000001063,s_0766__91__e__93__,glycerol [extracellular]
BIOMD0000001063,s_0767__91__c__93__,glycerol 3-phosphate [cytoplasm]
BIOMD0000001063,s_0769__91__lp__93__,glycerol 3-phosphate [lipid particle]
BIOMD0000001063,s_0770__91__m__93__,glycerol 3-phosphate [mitochondrion]
BIOMD0000001063,s_0771__91__c__93__,glycerone [cytoplasm]
BIOMD0000001063,s_0773__91__c__93__,glycogen [cytoplasm]
BIOMD0000001063,s_0774__91__v__93__,glycogen [vacuole]
BIOMD0000001063,s_0775__91__c__93__,glycolaldehyde [cytoplasm]
BIOMD0000001063,s_0776__91__e__93__,glycolaldehyde [extracellular]
BIOMD0000001063,s_0777__91__m__93__,glycolaldehyde [mitochondrion]
BIOMD0000001063,s_0779__91__c__93__,glyoxylate [cytoplasm]
BIOMD0000001063,s_0780__91__e__93__,glyoxylate [extracellular]
BIOMD0000001063,s_0781__91__p__93__,glyoxylate [peroxisome]
BIOMD0000001063,s_0782__91__c__93__,GMP [cytoplasm]
BIOMD0000001063,s_0783__91__g__93__,GMP [Golgi]
BIOMD0000001063,s_0785__91__c__93__,GTP [cytoplasm]
BIOMD0000001063,s_0786__91__m__93__,GTP [mitochondrion]
BIOMD0000001063,s_0787__91__c__93__,guanine [cytoplasm]
BIOMD0000001063,s_0788__91__e__93__,guanine [extracellular]
BIOMD0000001063,s_0789__91__m__93__,guanine [mitochondrion]
BIOMD0000001063,s_0790__91__c__93__,guanosine [cytoplasm]
BIOMD0000001063,s_0791__91__e__93__,guanosine [extracellular]
BIOMD0000001063,s_0792__91__m__93__,guanosine [mitochondrion]
BIOMD0000001063,s_0793__91__ce__93__,H+ [cell envelope]
BIOMD0000001063,s_0794__91__c__93__,H+ [cytoplasm]
BIOMD0000001063,s_0795__91__er__93__,H+ [endoplasmic reticulum]
BIOMD0000001063,s_0796__91__e__93__,H+ [extracellular]
BIOMD0000001063,s_0797__91__g__93__,H+ [Golgi]
BIOMD0000001063,s_0798__91__lp__93__,H+ [lipid particle]
BIOMD0000001063,s_0799__91__m__93__,H+ [mitochondrion]
BIOMD0000001063,s_0800__91__n__93__,H+ [nucleus]
BIOMD0000001063,s_0801__91__p__93__,H+ [peroxisome]
BIOMD0000001063,s_0802__91__v__93__,H+ [vacuole]
BIOMD0000001063,s_0803__91__c__93__,H2O [cytoplasm]
BIOMD0000001063,s_0804__91__er__93__,H2O [endoplasmic reticulum]
BIOMD0000001063,s_0805__91__e__93__,H2O [extracellular]
BIOMD0000001063,s_0806__91__g__93__,H2O [Golgi]
BIOMD0000001063,s_0807__91__m__93__,H2O [mitochondrion]
BIOMD0000001063,s_0808__91__n__93__,H2O [nucleus]
BIOMD0000001063,s_0809__91__p__93__,H2O [peroxisome]
BIOMD0000001063,s_0810__91__v__93__,H2O [vacuole]
BIOMD0000001063,s_0811__91__m__93__,heme a [mitochondrion]
BIOMD0000001063,s_0812__91__m__93__,heme o [mitochondrion]
BIOMD0000001063,s_0813__91__lp__93__,henicosaprenyl diphosphate [lipid particle]
BIOMD0000001063,s_0814__91__lp__93__,heptadecaprenyl diphosphate [lipid particle]
BIOMD0000001063,s_0815__91__lp__93__,heptaprenyl diphosphate [lipid particle]
BIOMD0000001063,s_0816__91__c__93__,hexacosanoyl-CoA [cytoplasm]
BIOMD0000001063,s_0817__91__er__93__,hexacosanoyl-CoA [endoplasmic reticulum]
BIOMD0000001063,s_0819__91__p__93__,hexacosanoyl-CoA [peroxisome]
BIOMD0000001063,s_0823__91__p__93__,hexadec-2-enoyl-CoA [peroxisome]
BIOMD0000001063,s_0825__91__er__93__,hexadecanal [endoplasmic reticulum]
BIOMD0000001063,s_0826__91__e__93__,hexadecanal [extracellular]
BIOMD0000001063,s_0829__91__lp__93__,hexadecaprenyl diphosphate [lipid particle]
BIOMD0000001063,s_0830__91__lp__93__,hexaprenyl diphosphate [lipid particle]
BIOMD0000001063,s_0831__91__m__93__,hexaprenyl diphosphate [mitochondrion]
BIOMD0000001063,s_0832__91__c__93__,His-tRNA(His) [cytoplasm]
BIOMD0000001063,s_0833__91__m__93__,His-tRNA(His) [mitochondrion]
BIOMD0000001063,s_0834__91__m__93__,homocitrate [mitochondrion]
BIOMD0000001063,s_0835__91__n__93__,homocitrate [nucleus]
BIOMD0000001063,s_0836__91__m__93__,homoisocitrate [mitochondrion]
BIOMD0000001063,s_0837__91__c__93__,hydrogen peroxide [cytoplasm]
BIOMD0000001063,s_0838__91__m__93__,hydrogen peroxide [mitochondrion]
BIOMD0000001063,s_0839__91__n__93__,hydrogen peroxide [nucleus]
BIOMD0000001063,s_0840__91__p__93__,hydrogen peroxide [peroxisome]
BIOMD0000001063,s_0841__91__c__93__,hydrogen sulfide [cytoplasm]
BIOMD0000001063,s_0843__91__c__93__,hypoxanthine [cytoplasm]
BIOMD0000001063,s_0844__91__e__93__,hypoxanthine [extracellular]
BIOMD0000001063,s_0845__91__lp__93__,icosaprenyl diphosphate [lipid particle]
BIOMD0000001063,s_0846__91__c__93__,IDP [cytoplasm]
BIOMD0000001063,s_0847__91__c__93__,Ile-tRNA(Ile) [cytoplasm]
BIOMD0000001063,s_0848__91__m__93__,Ile-tRNA(Ile) [mitochondrion]
BIOMD0000001063,s_0849__91__c__93__,IMP [cytoplasm]
BIOMD0000001063,s_0850__91__c__93__,indol-3-ylacetaldehyde [cytoplasm]
BIOMD0000001063,s_0851__91__e__93__,indol-3-ylacetaldehyde [extracellular]
BIOMD0000001063,s_0852__91__m__93__,indol-3-ylacetaldehyde [mitochondrion]
BIOMD0000001063,s_0853__91__c__93__,indole-3-acetate [cytoplasm]
BIOMD0000001063,s_0854__91__m__93__,indole-3-acetate [mitochondrion]
BIOMD0000001063,s_0855__91__c__93__,indole-3-pyruvate [cytoplasm]
BIOMD0000001063,s_0856__91__c__93__,inosine [cytoplasm]
BIOMD0000001063,s_0857__91__e__93__,inosine [extracellular]
BIOMD0000001063,s_0859__91__g__93__,inositol phosphomannosylinositol phosphoceramide backbone [Golgi]
BIOMD0000001063,s_0861__91__er__93__,inositol phosphomannosylinositol phosphoceramide A (C24) [endoplasmic reticulum]
BIOMD0000001063,s_0862__91__g__93__,inositol phosphomannosylinositol phosphoceramide A (C24) [Golgi]
BIOMD0000001063,s_0863__91__m__93__,inositol phosphomannosylinositol phosphoceramide A (C24) [mitochondrion]
BIOMD0000001063,s_0864__91__er__93__,inositol phosphomannosylinositol phosphoceramide A (C26) [endoplasmic reticulum]
BIOMD0000001063,s_0865__91__g__93__,inositol phosphomannosylinositol phosphoceramide A (C26) [Golgi]
BIOMD0000001063,s_0866__91__m__93__,inositol phosphomannosylinositol phosphoceramide A (C26) [mitochondrion]
BIOMD0000001063,s_0867__91__er__93__,inositol phosphomannosylinositol phosphoceramide B (C24) [endoplasmic reticulum]
BIOMD0000001063,s_0868__91__g__93__,inositol phosphomannosylinositol phosphoceramide B (C24) [Golgi]
BIOMD0000001063,s_0869__91__m__93__,inositol phosphomannosylinositol phosphoceramide B (C24) [mitochondrion]
BIOMD0000001063,s_0870__91__er__93__,inositol phosphomannosylinositol phosphoceramide B (C26) [endoplasmic reticulum]
BIOMD0000001063,s_0871__91__g__93__,inositol phosphomannosylinositol phosphoceramide B (C26) [Golgi]
BIOMD0000001063,s_0872__91__m__93__,inositol phosphomannosylinositol phosphoceramide B (C26) [mitochondrion]
BIOMD0000001063,s_0873__91__er__93__,inositol phosphomannosylinositol phosphoceramide B' (C24) [endoplasmic reticulum]
BIOMD0000001063,s_0874__91__g__93__,inositol phosphomannosylinositol phosphoceramide B' (C24) [Golgi]
BIOMD0000001063,s_0875__91__m__93__,inositol phosphomannosylinositol phosphoceramide B' (C24) [mitochondrion]
BIOMD0000001063,s_0876__91__er__93__,inositol phosphomannosylinositol phosphoceramide B' (C26) [endoplasmic reticulum]
BIOMD0000001063,s_0877__91__g__93__,inositol phosphomannosylinositol phosphoceramide B' (C26) [Golgi]
BIOMD0000001063,s_0878__91__m__93__,inositol phosphomannosylinositol phosphoceramide B' (C26) [mitochondrion]
BIOMD0000001063,s_0879__91__er__93__,inositol phosphomannosylinositol phosphoceramide C (C24) [endoplasmic reticulum]
BIOMD0000001063,s_0880__91__g__93__,inositol phosphomannosylinositol phosphoceramide C (C24) [Golgi]
BIOMD0000001063,s_0881__91__m__93__,inositol phosphomannosylinositol phosphoceramide C (C24) [mitochondrion]
BIOMD0000001063,s_0882__91__er__93__,inositol phosphomannosylinositol phosphoceramide C (C26) [endoplasmic reticulum]
BIOMD0000001063,s_0883__91__g__93__,inositol phosphomannosylinositol phosphoceramide C (C26) [Golgi]
BIOMD0000001063,s_0884__91__m__93__,inositol phosphomannosylinositol phosphoceramide C (C26) [mitochondrion]
BIOMD0000001063,s_0885__91__er__93__,inositol phosphomannosylinositol phosphoceramide D (C24) [endoplasmic reticulum]
BIOMD0000001063,s_0886__91__g__93__,inositol phosphomannosylinositol phosphoceramide D (C24) [Golgi]
BIOMD0000001063,s_0887__91__m__93__,inositol phosphomannosylinositol phosphoceramide D (C24) [mitochondrion]
BIOMD0000001063,s_0888__91__er__93__,inositol phosphomannosylinositol phosphoceramide D (C26) [endoplasmic reticulum]
BIOMD0000001063,s_0889__91__g__93__,inositol phosphomannosylinositol phosphoceramide D (C26) [Golgi]
BIOMD0000001063,s_0890__91__m__93__,inositol phosphomannosylinositol phosphoceramide D (C26) [mitochondrion]
BIOMD0000001063,s_0892__91__g__93__,inositol-P-ceramide backbone [Golgi]
BIOMD0000001063,s_0894__91__er__93__,inositol-P-ceramide A (C24) [endoplasmic reticulum]
BIOMD0000001063,s_0895__91__g__93__,inositol-P-ceramide A (C24) [Golgi]
BIOMD0000001063,s_0896__91__m__93__,inositol-P-ceramide A (C24) [mitochondrion]
BIOMD0000001063,s_0897__91__er__93__,inositol-P-ceramide A (C26) [endoplasmic reticulum]
BIOMD0000001063,s_0898__91__g__93__,inositol-P-ceramide A (C26) [Golgi]
BIOMD0000001063,s_0899__91__m__93__,inositol-P-ceramide A (C26) [mitochondrion]
BIOMD0000001063,s_0900__91__er__93__,inositol-P-ceramide B (C24) [endoplasmic reticulum]
BIOMD0000001063,s_0901__91__g__93__,inositol-P-ceramide B (C24) [Golgi]
BIOMD0000001063,s_0902__91__m__93__,inositol-P-ceramide B (C24) [mitochondrion]
BIOMD0000001063,s_0903__91__er__93__,inositol-P-ceramide B (C26) [endoplasmic reticulum]
BIOMD0000001063,s_0904__91__g__93__,inositol-P-ceramide B (C26) [Golgi]
BIOMD0000001063,s_0905__91__m__93__,inositol-P-ceramide B (C26) [mitochondrion]
BIOMD0000001063,s_0906__91__er__93__,inositol-P-ceramide B' (C24) [endoplasmic reticulum]
BIOMD0000001063,s_0907__91__g__93__,inositol-P-ceramide B' (C24) [Golgi]
BIOMD0000001063,s_0908__91__m__93__,inositol-P-ceramide B' (C24) [mitochondrion]
BIOMD0000001063,s_0909__91__er__93__,inositol-P-ceramide B' (C26) [endoplasmic reticulum]
BIOMD0000001063,s_0910__91__g__93__,inositol-P-ceramide B' (C26) [Golgi]
BIOMD0000001063,s_0911__91__m__93__,inositol-P-ceramide B' (C26) [mitochondrion]
BIOMD0000001063,s_0912__91__er__93__,inositol-P-ceramide C (C24) [endoplasmic reticulum]
BIOMD0000001063,s_0913__91__g__93__,inositol-P-ceramide C (C24) [Golgi]
BIOMD0000001063,s_0914__91__m__93__,inositol-P-ceramide C (C24) [mitochondrion]
BIOMD0000001063,s_0915__91__er__93__,inositol-P-ceramide C (C26) [endoplasmic reticulum]
BIOMD0000001063,s_0916__91__g__93__,inositol-P-ceramide C (C26) [Golgi]
BIOMD0000001063,s_0917__91__m__93__,inositol-P-ceramide C (C26) [mitochondrion]
BIOMD0000001063,s_0918__91__er__93__,inositol-P-ceramide D (C24) [endoplasmic reticulum]
BIOMD0000001063,s_0919__91__g__93__,inositol-P-ceramide D (C24) [Golgi]
BIOMD0000001063,s_0920__91__m__93__,inositol-P-ceramide D (C24) [mitochondrion]
BIOMD0000001063,s_0921__91__er__93__,inositol-P-ceramide D (C26) [endoplasmic reticulum]
BIOMD0000001063,s_0922__91__g__93__,inositol-P-ceramide D (C26) [Golgi]
BIOMD0000001063,s_0923__91__m__93__,inositol-P-ceramide D (C26) [mitochondrion]
BIOMD0000001063,s_0924__91__c__93__,iron(2+) [cytoplasm]
BIOMD0000001063,s_0925__91__e__93__,iron(2+) [extracellular]
BIOMD0000001063,s_0926__91__m__93__,iron(2+) [mitochondrion]
BIOMD0000001063,s_0927__91__c__93__,isoamyl acetate [cytoplasm]
BIOMD0000001063,s_0928__91__e__93__,isoamyl acetate [extracellular]
BIOMD0000001063,s_0929__91__c__93__,isoamylol [cytoplasm]
BIOMD0000001063,s_0930__91__e__93__,isoamylol [extracellular]
BIOMD0000001063,s_0931__91__m__93__,isoamylol [mitochondrion]
BIOMD0000001063,s_0932__91__c__93__,isobutanol [cytoplasm]
BIOMD0000001063,s_0933__91__e__93__,isobutanol [extracellular]
BIOMD0000001063,s_0934__91__m__93__,isobutanol [mitochondrion]
BIOMD0000001063,s_0935__91__c__93__,isobutyl acetate [cytoplasm]
BIOMD0000001063,s_0936__91__e__93__,isobutyl acetate [extracellular]
BIOMD0000001063,s_0937__91__c__93__,isobutyraldehyde [cytoplasm]
BIOMD0000001063,s_0938__91__e__93__,isobutyraldehyde [extracellular]
BIOMD0000001063,s_0939__91__m__93__,isobutyraldehyde [mitochondrion]
BIOMD0000001063,s_0940__91__c__93__,isocitrate [cytoplasm]
BIOMD0000001063,s_0941__91__m__93__,isocitrate [mitochondrion]
BIOMD0000001063,s_0942__91__p__93__,isocitrate [peroxisome]
BIOMD0000001063,s_0943__91__c__93__,isopentenyl diphosphate [cytoplasm]
BIOMD0000001063,s_0944__91__lp__93__,isopentenyl diphosphate [lipid particle]
BIOMD0000001063,s_0945__91__m__93__,isopentenyl diphosphate [mitochondrion]
BIOMD0000001063,s_0946__91__m__93__,itaconate [mitochondrion]
BIOMD0000001063,s_0949__91__m__93__,itaconyl-CoA [mitochondrion]
BIOMD0000001063,s_0950__91__c__93__,ITP [cytoplasm]
BIOMD0000001063,s_0951__91__c__93__,keto-phenylpyruvate [cytoplasm]
BIOMD0000001063,s_0952__91__c__93__,L-2-amino-3-oxobutanoate [cytoplasm]
BIOMD0000001063,s_0953__91__c__93__,L-2-aminoadipate [cytoplasm]
BIOMD0000001063,s_0954__91__m__93__,L-4-hydroxyglutamic semialdehyde [mitochondrion]
BIOMD0000001063,s_0955__91__c__93__,L-alanine [cytoplasm]
BIOMD0000001063,s_0956__91__e__93__,L-alanine [extracellular]
BIOMD0000001063,s_0957__91__m__93__,L-alanine [mitochondrion]
BIOMD0000001063,s_0958__91__c__93__,L-allothreonine [cytoplasm]
BIOMD0000001063,s_0959__91__c__93__,L-allysine [cytoplasm]
BIOMD0000001063,s_0960__91__c__93__,L-alpha-formylglycine [cytoplasm]
BIOMD0000001063,s_0961__91__c__93__,L-arabinitol [cytoplasm]
BIOMD0000001063,s_0962__91__e__93__,L-arabinitol [extracellular]
BIOMD0000001063,s_0963__91__c__93__,L-arabinose [cytoplasm]
BIOMD0000001063,s_0964__91__e__93__,L-arabinose [extracellular]
BIOMD0000001063,s_0965__91__c__93__,L-arginine [cytoplasm]
BIOMD0000001063,s_0966__91__e__93__,L-arginine [extracellular]
BIOMD0000001063,s_0967__91__m__93__,L-arginine [mitochondrion]
BIOMD0000001063,s_0968__91__v__93__,L-arginine [vacuole]
BIOMD0000001063,s_0969__91__c__93__,L-asparagine [cytoplasm]
BIOMD0000001063,s_0970__91__e__93__,L-asparagine [extracellular]
BIOMD0000001063,s_0971__91__m__93__,L-asparagine [mitochondrion]
BIOMD0000001063,s_0972__91__v__93__,L-asparagine [vacuole]
BIOMD0000001063,s_0973__91__c__93__,L-aspartate [cytoplasm]
BIOMD0000001063,s_0974__91__e__93__,L-aspartate [extracellular]
BIOMD0000001063,s_0975__91__m__93__,L-aspartate [mitochondrion]
BIOMD0000001063,s_0976__91__p__93__,L-aspartate [peroxisome]
BIOMD0000001063,s_0977__91__v__93__,L-aspartate [vacuole]
BIOMD0000001063,s_0978__91__c__93__,L-aspartate 4-semialdehyde [cytoplasm]
BIOMD0000001063,s_0979__91__c__93__,L-citrulline [cytoplasm]
BIOMD0000001063,s_0980__91__c__93__,L-cystathionine [cytoplasm]
BIOMD0000001063,s_0981__91__c__93__,L-cysteine [cytoplasm]
BIOMD0000001063,s_0982__91__e__93__,L-cysteine [extracellular]
BIOMD0000001063,s_0983__91__c__93__,L-cysteinylglycine [cytoplasm]
BIOMD0000001063,s_0984__91__c__93__,L-cystine [cytoplasm]
BIOMD0000001063,s_0985__91__v__93__,L-cystine [vacuole]
BIOMD0000001063,s_0986__91__c__93__,L-gamma-glutamyl phosphate [cytoplasm]
BIOMD0000001063,s_0987__91__c__93__,L-gamma-glutamyl-L-alanine [cytoplasm]
BIOMD0000001063,s_0988__91__c__93__,L-gamma-glutamyl-L-cysteine [cytoplasm]
BIOMD0000001063,s_0989__91__c__93__,L-glucitol [cytoplasm]
BIOMD0000001063,s_0990__91__e__93__,L-glucitol [extracellular]
BIOMD0000001063,s_0991__91__c__93__,L-glutamate [cytoplasm]
BIOMD0000001063,s_0992__91__e__93__,L-glutamate [extracellular]
BIOMD0000001063,s_0993__91__m__93__,L-glutamate [mitochondrion]
BIOMD0000001063,s_0994__91__n__93__,L-glutamate [nucleus]
BIOMD0000001063,s_0995__91__p__93__,L-glutamate [peroxisome]
BIOMD0000001063,s_0996__91__v__93__,L-glutamate [vacuole]
BIOMD0000001063,s_0997__91__c__93__,L-glutamic 5-semialdehyde [cytoplasm]
BIOMD0000001063,s_0999__91__c__93__,L-glutamine [cytoplasm]
BIOMD0000001063,s_1000__91__e__93__,L-glutamine [extracellular]
BIOMD0000001063,s_1001__91__n__93__,L-glutamine [nucleus]
BIOMD0000001063,s_1002__91__v__93__,L-glutamine [vacuole]
BIOMD0000001063,s_1003__91__c__93__,L-glycine [cytoplasm]
BIOMD0000001063,s_1004__91__e__93__,L-glycine [extracellular]
BIOMD0000001063,s_1005__91__m__93__,L-glycine [mitochondrion]
BIOMD0000001063,s_1006__91__c__93__,L-histidine [cytoplasm]
BIOMD0000001063,s_1007__91__e__93__,L-histidine [extracellular]
BIOMD0000001063,s_1008__91__m__93__,L-histidine [mitochondrion]
BIOMD0000001063,s_1009__91__v__93__,L-histidine [vacuole]
BIOMD0000001063,s_1010__91__c__93__,L-histidinol [cytoplasm]
BIOMD0000001063,s_1011__91__c__93__,L-histidinol phosphate [cytoplasm]
BIOMD0000001063,s_1012__91__c__93__,L-homocysteine [cytoplasm]
BIOMD0000001063,s_1014__91__c__93__,L-homoserine [cytoplasm]
BIOMD0000001063,s_1015__91__e__93__,L-homoserine [extracellular]
BIOMD0000001063,s_1016__91__c__93__,L-isoleucine [cytoplasm]
BIOMD0000001063,s_1017__91__e__93__,L-isoleucine [extracellular]
BIOMD0000001063,s_1018__91__m__93__,L-isoleucine [mitochondrion]
BIOMD0000001063,s_1019__91__v__93__,L-isoleucine [vacuole]
BIOMD0000001063,s_1020__91__c__93__,L-kynurenine [cytoplasm]
BIOMD0000001063,s_1021__91__c__93__,L-leucine [cytoplasm]
BIOMD0000001063,s_1022__91__e__93__,L-leucine [extracellular]
BIOMD0000001063,s_1023__91__m__93__,L-leucine [mitochondrion]
BIOMD0000001063,s_1024__91__v__93__,L-leucine [vacuole]
BIOMD0000001063,s_1025__91__c__93__,L-lysine [cytoplasm]
BIOMD0000001063,s_1026__91__e__93__,L-lysine [extracellular]
BIOMD0000001063,s_1027__91__m__93__,L-lysine [mitochondrion]
BIOMD0000001063,s_1028__91__v__93__,L-lysine [vacuole]
BIOMD0000001063,s_1029__91__c__93__,L-methionine [cytoplasm]
BIOMD0000001063,s_1030__91__e__93__,L-methionine [extracellular]
BIOMD0000001063,s_1031__91__m__93__,L-methionine [mitochondrion]
BIOMD0000001063,s_1032__91__c__93__,L-phenylalanine [cytoplasm]
BIOMD0000001063,s_1033__91__e__93__,L-phenylalanine [extracellular]
BIOMD0000001063,s_1034__91__m__93__,L-phenylalanine [mitochondrion]
BIOMD0000001063,s_1035__91__c__93__,L-proline [cytoplasm]
BIOMD0000001063,s_1036__91__e__93__,L-proline [extracellular]
BIOMD0000001063,s_1037__91__m__93__,L-proline [mitochondrion]
BIOMD0000001063,s_1038__91__c__93__,L-saccharopine [cytoplasm]
BIOMD0000001063,s_1039__91__c__93__,L-serine [cytoplasm]
BIOMD0000001063,s_1040__91__er__93__,L-serine [endoplasmic reticulum]
BIOMD0000001063,s_1041__91__e__93__,L-serine [extracellular]
BIOMD0000001063,s_1042__91__m__93__,L-serine [mitochondrion]
BIOMD0000001063,s_1043__91__c__93__,L-sorbose [cytoplasm]
BIOMD0000001063,s_1044__91__e__93__,L-sorbose [extracellular]
BIOMD0000001063,s_1045__91__c__93__,L-threonine [cytoplasm]
BIOMD0000001063,s_1046__91__e__93__,L-threonine [extracellular]
BIOMD0000001063,s_1047__91__m__93__,L-threonine [mitochondrion]
BIOMD0000001063,s_1048__91__c__93__,L-tryptophan [cytoplasm]
BIOMD0000001063,s_1049__91__e__93__,L-tryptophan [extracellular]
BIOMD0000001063,s_1050__91__m__93__,L-tryptophan [mitochondrion]
BIOMD0000001063,s_1051__91__c__93__,L-tyrosine [cytoplasm]
BIOMD0000001063,s_1052__91__e__93__,L-tyrosine [extracellular]
BIOMD0000001063,s_1053__91__m__93__,L-tyrosine [mitochondrion]
BIOMD0000001063,s_1054__91__p__93__,L-tyrosine [peroxisome]
BIOMD0000001063,s_1055__91__v__93__,L-tyrosine [vacuole]
BIOMD0000001063,s_1056__91__c__93__,L-valine [cytoplasm]
BIOMD0000001063,s_1057__91__e__93__,L-valine [extracellular]
BIOMD0000001063,s_1058__91__m__93__,L-valine [mitochondrion]
BIOMD0000001063,s_1059__91__c__93__,lanosterol [cytoplasm]
BIOMD0000001063,s_1061__91__e__93__,lanosterol [extracellular]
BIOMD0000001063,s_1065__91__c__93__,laurate [cytoplasm]
BIOMD0000001063,s_1067__91__e__93__,laurate [extracellular]
BIOMD0000001063,s_1070__91__p__93__,laurate [peroxisome]
BIOMD0000001063,s_1073__91__c__93__,lauroyl-CoA [cytoplasm]
BIOMD0000001063,s_1076__91__p__93__,lauroyl-CoA [peroxisome]
BIOMD0000001063,s_1077__91__c__93__,Leu-tRNA(Leu) [cytoplasm]
BIOMD0000001063,s_1078__91__m__93__,Leu-tRNA(Leu) [mitochondrion]
BIOMD0000001063,s_1079__91__c__93__,leukotriene A4 [cytoplasm]
BIOMD0000001063,s_1080__91__n__93__,leukotriene A4 [nucleus]
BIOMD0000001063,s_1081__91__c__93__,leukotriene B4 [cytoplasm]
BIOMD0000001063,s_1082__91__n__93__,leukotriene B4 [nucleus]
BIOMD0000001063,s_1085__91__er__93__,lignoceric acid [endoplasmic reticulum]
BIOMD0000001063,s_1096__91__c__93__,lipid [cytoplasm]
BIOMD0000001063,s_1097__91__m__93__,lipoamide [mitochondrion]
BIOMD0000001063,s_1098__91__m__93__,lipoylprotein [mitochondrion]
BIOMD0000001063,s_1099__91__c__93__,Lys-tRNA(Lys) [cytoplasm]
BIOMD0000001063,s_1100__91__m__93__,Lys-tRNA(Lys) [mitochondrion]
BIOMD0000001063,s_1101__91__c__93__,malonyl-CoA [cytoplasm]
BIOMD0000001063,s_1104__91__m__93__,malonyl-CoA [mitochondrion]
BIOMD0000001063,s_1105__91__c__93__,maltose [cytoplasm]
BIOMD0000001063,s_1106__91__e__93__,maltose [extracellular]
BIOMD0000001063,s_1107__91__c__93__,mannan [cytoplasm]
BIOMD0000001063,s_1108__91__er__93__,mannan [endoplasmic reticulum]
BIOMD0000001063,s_1109__91__er__93__,mannose-(1D-myo-inositol 1-phosphate)2 [endoplasmic reticulum]
BIOMD0000001063,s_1110__91__m__93__,mannose-(1D-myo-inositol 1-phosphate)2 [mitochondrion]
BIOMD0000001063,s_1111__91__er__93__,mannose-1D-myo-inositol 1-phosphate [endoplasmic reticulum]
BIOMD0000001063,s_1112__91__m__93__,mannose-1D-myo-inositol 1-phosphate [mitochondrion]
BIOMD0000001063,s_1114__91__g__93__,mannosylinositol phosphorylceramide backbone [Golgi]
BIOMD0000001063,s_1116__91__er__93__,mannosylinositol phosphorylceramide A (C24) [endoplasmic reticulum]
BIOMD0000001063,s_1117__91__g__93__,mannosylinositol phosphorylceramide A (C24) [Golgi]
BIOMD0000001063,s_1118__91__m__93__,mannosylinositol phosphorylceramide A (C24) [mitochondrion]
BIOMD0000001063,s_1119__91__er__93__,mannosylinositol phosphorylceramide A (C26) [endoplasmic reticulum]
BIOMD0000001063,s_1120__91__g__93__,mannosylinositol phosphorylceramide A (C26) [Golgi]
BIOMD0000001063,s_1121__91__m__93__,mannosylinositol phosphorylceramide A (C26) [mitochondrion]
BIOMD0000001063,s_1122__91__er__93__,mannosylinositol phosphorylceramide B (C24) [endoplasmic reticulum]
BIOMD0000001063,s_1123__91__g__93__,mannosylinositol phosphorylceramide B (C24) [Golgi]
BIOMD0000001063,s_1124__91__m__93__,mannosylinositol phosphorylceramide B (C24) [mitochondrion]
BIOMD0000001063,s_1125__91__er__93__,mannosylinositol phosphorylceramide B (C26) [endoplasmic reticulum]
BIOMD0000001063,s_1126__91__g__93__,mannosylinositol phosphorylceramide B (C26) [Golgi]
BIOMD0000001063,s_1127__91__m__93__,mannosylinositol phosphorylceramide B (C26) [mitochondrion]
BIOMD0000001063,s_1128__91__er__93__,mannosylinositol phosphorylceramide B' (C24) [endoplasmic reticulum]
BIOMD0000001063,s_1129__91__g__93__,mannosylinositol phosphorylceramide B' (C24) [Golgi]
BIOMD0000001063,s_1130__91__m__93__,mannosylinositol phosphorylceramide B' (C24) [mitochondrion]
BIOMD0000001063,s_1131__91__er__93__,mannosylinositol phosphorylceramide B' (C26) [endoplasmic reticulum]
BIOMD0000001063,s_1132__91__g__93__,mannosylinositol phosphorylceramide B' (C26) [Golgi]
BIOMD0000001063,s_1133__91__m__93__,mannosylinositol phosphorylceramide B' (C26) [mitochondrion]
BIOMD0000001063,s_1134__91__er__93__,mannosylinositol phosphorylceramide C (C24) [endoplasmic reticulum]
BIOMD0000001063,s_1135__91__g__93__,mannosylinositol phosphorylceramide C (C24) [Golgi]
BIOMD0000001063,s_1136__91__m__93__,mannosylinositol phosphorylceramide C (C24) [mitochondrion]
BIOMD0000001063,s_1137__91__er__93__,mannosylinositol phosphorylceramide C (C26) [endoplasmic reticulum]
BIOMD0000001063,s_1138__91__g__93__,mannosylinositol phosphorylceramide C (C26) [Golgi]
BIOMD0000001063,s_1139__91__m__93__,mannosylinositol phosphorylceramide C (C26) [mitochondrion]
BIOMD0000001063,s_1140__91__er__93__,mannosylinositol phosphorylceramide D (C24) [endoplasmic reticulum]
BIOMD0000001063,s_1141__91__g__93__,mannosylinositol phosphorylceramide D (C24) [Golgi]
BIOMD0000001063,s_1142__91__m__93__,mannosylinositol phosphorylceramide D (C24) [mitochondrion]
BIOMD0000001063,s_1143__91__er__93__,mannosylinositol phosphorylceramide D (C26) [endoplasmic reticulum]
BIOMD0000001063,s_1144__91__g__93__,mannosylinositol phosphorylceramide D (C26) [Golgi]
BIOMD0000001063,s_1145__91__m__93__,mannosylinositol phosphorylceramide D (C26) [mitochondrion]
BIOMD0000001063,s_1148__91__c__93__,Met-tRNA(Met) [cytoplasm]
BIOMD0000001063,s_1149__91__m__93__,Met-tRNA(Met) [mitochondrion]
BIOMD0000001063,s_1150__91__c__93__,methanethiol [cytoplasm]
BIOMD0000001063,s_1151__91__c__93__,methylglyoxal [cytoplasm]
BIOMD0000001063,s_1153__91__c__93__,myo-inositol [cytoplasm]
BIOMD0000001063,s_1154__91__e__93__,myo-inositol [extracellular]
BIOMD0000001063,s_1156__91__c__93__,"myo-inositol 1,3,4,5,6-pentakisphosphate [cytoplasm]"
BIOMD0000001063,s_1157__91__n__93__,"myo-inositol 1,3,4,5,6-pentakisphosphate [nucleus]"
BIOMD0000001063,s_1158__91__c__93__,myo-inositol hexakisphosphate [cytoplasm]
BIOMD0000001063,s_1159__91__n__93__,myo-inositol hexakisphosphate [nucleus]
BIOMD0000001063,s_1161__91__c__93__,myristate [cytoplasm]
BIOMD0000001063,s_1163__91__e__93__,myristate [extracellular]
BIOMD0000001063,s_1166__91__p__93__,myristate [peroxisome]
BIOMD0000001063,s_1176__91__c__93__,myristoyl-CoA [cytoplasm]
BIOMD0000001063,s_1179__91__p__93__,myristoyl-CoA [peroxisome]
BIOMD0000001063,s_1180__91__c__93__,N(1)-acetylspermidine [cytoplasm]
BIOMD0000001063,s_1181__91__c__93__,N(1)-acetylspermine [cytoplasm]
BIOMD0000001063,s_1182__91__m__93__,N(2)-acetyl-L-ornithine [mitochondrion]
BIOMD0000001063,s_1183__91__c__93__,N(pros)-methyl-L-histidine [cytoplasm]
BIOMD0000001063,s_1184__91__c__93__,"N,N'-diacetylchitobiosyldiphosphodolichol [cytoplasm]"
BIOMD0000001063,s_1185__91__c__93__,"N,N'-diformyldityrosine [cytoplasm]"
BIOMD0000001063,s_1186__91__e__93__,"N,N'-diformyldityrosine [extracellular]"
BIOMD0000001063,s_1187__91__c__93__,N-(5-phospho-beta-D-ribosyl)anthranilate [cytoplasm]
BIOMD0000001063,s_1188__91__c__93__,N-[(R)-4-phosphonopantothenoyl]-L-cysteine [cytoplasm]
BIOMD0000001063,s_1189__91__c__93__,N-acetyl-alpha-D-glucosamine 1-phosphate [cytoplasm]
BIOMD0000001063,s_1190__91__c__93__,N-acetyl-D-glucosamine 6-phosphate [cytoplasm]
BIOMD0000001063,s_1191__91__m__93__,N-acetyl-L-gamma-glutamyl phosphate [mitochondrion]
BIOMD0000001063,s_1192__91__m__93__,N-acetyl-L-glutamate [mitochondrion]
BIOMD0000001063,s_1193__91__c__93__,N-acetylputrescine [cytoplasm]
BIOMD0000001063,s_1194__91__c__93__,N-carbamoyl-L-aspartate [cytoplasm]
BIOMD0000001063,s_1195__91__c__93__,N-formyl-L-kynurenine [cytoplasm]
BIOMD0000001063,s_1196__91__c__93__,N-formyl-L-tyrosine [cytoplasm]
BIOMD0000001063,s_1198__91__c__93__,NAD [cytoplasm]
BIOMD0000001063,s_1199__91__er__93__,NAD [endoplasmic reticulum]
BIOMD0000001063,s_1200__91__m__93__,NAD [mitochondrion]
BIOMD0000001063,s_1201__91__n__93__,NAD [nucleus]
BIOMD0000001063,s_1202__91__p__93__,NAD [peroxisome]
BIOMD0000001063,s_1203__91__c__93__,NADH [cytoplasm]
BIOMD0000001063,s_1204__91__er__93__,NADH [endoplasmic reticulum]
BIOMD0000001063,s_1205__91__m__93__,NADH [mitochondrion]
BIOMD0000001063,s_1206__91__p__93__,NADH [peroxisome]
BIOMD0000001063,s_1207__91__c__93__,NADP(+) [cytoplasm]
BIOMD0000001063,s_1208__91__er__93__,NADP(+) [endoplasmic reticulum]
BIOMD0000001063,s_1210__91__m__93__,NADP(+) [mitochondrion]
BIOMD0000001063,s_1211__91__p__93__,NADP(+) [peroxisome]
BIOMD0000001063,s_1212__91__c__93__,NADPH [cytoplasm]
BIOMD0000001063,s_1213__91__er__93__,NADPH [endoplasmic reticulum]
BIOMD0000001063,s_1214__91__m__93__,NADPH [mitochondrion]
BIOMD0000001063,s_1215__91__p__93__,NADPH [peroxisome]
BIOMD0000001063,s_1216__91__c__93__,nicotinamide [cytoplasm]
BIOMD0000001063,s_1217__91__n__93__,nicotinamide [nucleus]
BIOMD0000001063,s_1218__91__c__93__,nicotinamide riboside [cytoplasm]
BIOMD0000001063,s_1219__91__c__93__,nicotinate [cytoplasm]
BIOMD0000001063,s_1220__91__e__93__,nicotinate [extracellular]
BIOMD0000001063,s_1221__91__m__93__,nicotinate [mitochondrion]
BIOMD0000001063,s_1222__91__c__93__,nicotinic acid D-ribonucleotide [cytoplasm]
BIOMD0000001063,s_1223__91__m__93__,nicotinic acid D-ribonucleotide [mitochondrion]
BIOMD0000001063,s_1224__91__c__93__,NMN [cytoplasm]
BIOMD0000001063,s_1225__91__e__93__,NMN [extracellular]
BIOMD0000001063,s_1227__91__n__93__,NMN [nucleus]
BIOMD0000001063,s_1228__91__p__93__,NMN [peroxisome]
BIOMD0000001063,s_1229__91__lp__93__,nonadecaprenyl diphosphate [lipid particle]
BIOMD0000001063,s_1230__91__c__93__,nonaprenyl 4-hydroxybenzoate [cytoplasm]
BIOMD0000001063,s_1231__91__c__93__,nonaprenyl diphosphate [cytoplasm]
BIOMD0000001063,s_1232__91__lp__93__,nonaprenyl diphosphate [lipid particle]
BIOMD0000001063,s_1233__91__c__93__,O-acetyl-L-homoserine [cytoplasm]
BIOMD0000001063,s_1234__91__c__93__,O-acetyl-L-serine [cytoplasm]
BIOMD0000001063,s_1235__91__c__93__,O-acetylcarnitine [cytoplasm]
BIOMD0000001063,s_1236__91__m__93__,O-acetylcarnitine [mitochondrion]
BIOMD0000001063,s_1237__91__p__93__,O-acetylcarnitine [peroxisome]
BIOMD0000001063,s_1238__91__c__93__,O-phospho-L-homoserine [cytoplasm]
BIOMD0000001063,s_1239__91__c__93__,O-phosphoethanolamine [cytoplasm]
BIOMD0000001063,s_1240__91__er__93__,O-phosphoethanolamine [endoplasmic reticulum]
BIOMD0000001063,s_1241__91__c__93__,O-succinyl-L-homoserine [cytoplasm]
BIOMD0000001063,s_1246__91__lp__93__,octadecaprenyl diphosphate [lipid particle]
BIOMD0000001063,s_1248__91__c__93__,octanoate [cytoplasm]
BIOMD0000001063,s_1250__91__e__93__,octanoate [extracellular]
BIOMD0000001063,s_1253__91__p__93__,octanoate [peroxisome]
BIOMD0000001063,s_1254__91__m__93__,octanoyl-ACP [mitochondrion]
BIOMD0000001063,s_1258__91__p__93__,octanoyl-CoA [peroxisome]
BIOMD0000001063,s_1259__91__lp__93__,octaprenyl diphosphate [lipid particle]
BIOMD0000001063,s_1260__91__c__93__,oleate [cytoplasm]
BIOMD0000001063,s_1262__91__c__93__,oleoyl-CoA [cytoplasm]
BIOMD0000001063,s_1265__91__p__93__,oleoyl-CoA [peroxisome]
BIOMD0000001063,s_1266__91__c__93__,ornithine [cytoplasm]
BIOMD0000001063,s_1267__91__e__93__,ornithine [extracellular]
BIOMD0000001063,s_1268__91__m__93__,ornithine [mitochondrion]
BIOMD0000001063,s_1269__91__c__93__,orotate [cytoplasm]
BIOMD0000001063,s_1270__91__c__93__,orotidine 5'-(dihydrogen phosphate) [cytoplasm]
BIOMD0000001063,s_1271__91__c__93__,oxaloacetate [cytoplasm]
BIOMD0000001063,s_1272__91__e__93__,oxaloacetate [extracellular]
BIOMD0000001063,s_1273__91__m__93__,oxaloacetate [mitochondrion]
BIOMD0000001063,s_1274__91__p__93__,oxaloacetate [peroxisome]
BIOMD0000001063,s_1275__91__c__93__,oxygen [cytoplasm]
BIOMD0000001063,s_1276__91__er__93__,oxygen [endoplasmic reticulum]
BIOMD0000001063,s_1277__91__e__93__,oxygen [extracellular]
BIOMD0000001063,s_1278__91__m__93__,oxygen [mitochondrion]
BIOMD0000001063,s_1279__91__p__93__,oxygen [peroxisome]
BIOMD0000001063,s_1282__91__c__93__,"P(1),P(4)-bis(5'-adenosyl) tetraphosphate [cytoplasm]"
BIOMD0000001063,s_1283__91__c__93__,"P(1),P(4)-bis(5'-guanosyl) tetraphosphate [cytoplasm]"
BIOMD0000001063,s_1284__91__c__93__,"P1-(5'-adenosyl),P4-(5'-guanosyl) tetraphosphate [cytoplasm]"
BIOMD0000001063,s_1286__91__c__93__,palmitate [cytoplasm]
BIOMD0000001063,s_1288__91__e__93__,palmitate [extracellular]
BIOMD0000001063,s_1291__91__p__93__,palmitate [peroxisome]
BIOMD0000001063,s_1293__91__c__93__,palmitoleate [cytoplasm]
BIOMD0000001063,s_1295__91__e__93__,palmitoleate [extracellular]
BIOMD0000001063,s_1298__91__p__93__,palmitoleate [peroxisome]
BIOMD0000001063,s_1302__91__c__93__,palmitoyl-CoA [cytoplasm]
BIOMD0000001063,s_1303__91__er__93__,palmitoyl-CoA [endoplasmic reticulum]
BIOMD0000001063,s_1305__91__p__93__,palmitoyl-CoA [peroxisome]
BIOMD0000001063,s_1307__91__c__93__,pantetheine 4'-phosphate [cytoplasm]
BIOMD0000001063,s_1308__91__m__93__,pantetheine 4'-phosphate [mitochondrion]
BIOMD0000001063,s_1309__91__e__93__,pectin [extracellular]
BIOMD0000001063,s_1310__91__lp__93__,pentadecaprenyl diphosphate [lipid particle]
BIOMD0000001063,s_1311__91__c__93__,pentaprenyl diphosphate [cytoplasm]
BIOMD0000001063,s_1312__91__lp__93__,pentaprenyl diphosphate [lipid particle]
BIOMD0000001063,s_1313__91__m__93__,pentaprenyl diphosphate [mitochondrion]
BIOMD0000001063,s_1314__91__c__93__,Phe-tRNA(Phe) [cytoplasm]
BIOMD0000001063,s_1315__91__m__93__,Phe-tRNA(Phe) [mitochondrion]
BIOMD0000001063,s_1316__91__c__93__,phenethyl acetate [cytoplasm]
BIOMD0000001063,s_1317__91__e__93__,phenethyl acetate [extracellular]
BIOMD0000001063,s_1318__91__c__93__,phenylacetaldehyde [cytoplasm]
BIOMD0000001063,s_1319__91__e__93__,phenylacetaldehyde [extracellular]
BIOMD0000001063,s_1320__91__m__93__,phenylacetaldehyde [mitochondrion]
BIOMD0000001063,s_1321__91__c__93__,phenylacetic acid [cytoplasm]
BIOMD0000001063,s_1322__91__c__93__,phosphate [cytoplasm]
BIOMD0000001063,s_1323__91__er__93__,phosphate [endoplasmic reticulum]
BIOMD0000001063,s_1324__91__e__93__,phosphate [extracellular]
BIOMD0000001063,s_1325__91__g__93__,phosphate [Golgi]
BIOMD0000001063,s_1326__91__m__93__,phosphate [mitochondrion]
BIOMD0000001063,s_1329__91__v__93__,phosphate [vacuole]
BIOMD0000001063,s_1337__91__c__93__,phosphatidyl-L-serine backbone [cytoplasm]
BIOMD0000001063,s_1346__91__c__93__,phosphatidylcholine backbone [cytoplasm]
BIOMD0000001063,s_1351__91__c__93__,phosphatidylethanolamine backbone [cytoplasm]
BIOMD0000001063,s_1352__91__er__93__,phosphatidylethanolamine backbone [endoplasmic reticulum]
BIOMD0000001063,s_1360__91__c__93__,phosphoenolpyruvate [cytoplasm]
BIOMD0000001063,s_1361__91__m__93__,phosphoenolpyruvate [mitochondrion]
BIOMD0000001063,s_1364__91__c__93__,phosphoribosyl-carboxy-aminoimidazole [cytoplasm]
BIOMD0000001063,s_1365__91__c__93__,phosphoribosyl-formamido-carboxamide [cytoplasm]
BIOMD0000001063,s_1366__91__er__93__,phytosphingosine [endoplasmic reticulum]
BIOMD0000001063,s_1367__91__er__93__,phytosphingosine 1-phosphate [endoplasmic reticulum]
BIOMD0000001063,s_1368__91__c__93__,pimeloyl-CoA [cytoplasm]
BIOMD0000001063,s_1371__91__c__93__,polysulphur [cytoplasm]
BIOMD0000001063,s_1372__91__c__93__,porphobilinogen [cytoplasm]
BIOMD0000001063,s_1373__91__c__93__,potassium [cytoplasm]
BIOMD0000001063,s_1374__91__e__93__,potassium [extracellular]
BIOMD0000001063,s_1375__91__c__93__,precorrin-2 [cytoplasm]
BIOMD0000001063,s_1376__91__c__93__,prenyl diphosphate(3-) [cytoplasm]
BIOMD0000001063,s_1377__91__c__93__,prephenate [cytoplasm]
BIOMD0000001063,s_1378__91__c__93__,preuroporphyrinogen [cytoplasm]
BIOMD0000001063,s_1379__91__c__93__,Pro-tRNA(Pro) [cytoplasm]
BIOMD0000001063,s_1382__91__m__93__,propionyl-CoA [mitochondrion]
BIOMD0000001063,s_1383__91__m__93__,protoporphyrin [mitochondrion]
BIOMD0000001063,s_1384__91__c__93__,protoporphyrinogen [cytoplasm]
BIOMD0000001063,s_1385__91__m__93__,protoporphyrinogen [mitochondrion]
BIOMD0000001063,s_1386__91__c__93__,PRPP [cytoplasm]
BIOMD0000001063,s_1387__91__m__93__,PRPP [mitochondrion]
BIOMD0000001063,s_1388__91__c__93__,pseudouridine 5'-phosphate [cytoplasm]
BIOMD0000001063,s_1389__91__c__93__,putrescine [cytoplasm]
BIOMD0000001063,s_1390__91__e__93__,putrescine [extracellular]
BIOMD0000001063,s_1391__91__v__93__,putrescine [vacuole]
BIOMD0000001063,s_1392__91__c__93__,pyridoxal [cytoplasm]
BIOMD0000001063,s_1393__91__c__93__,pyridoxal 5'-phosphate [cytoplasm]
BIOMD0000001063,s_1394__91__c__93__,pyridoxamine [cytoplasm]
BIOMD0000001063,s_1395__91__c__93__,pyridoxamine 5'-phosphate [cytoplasm]
BIOMD0000001063,s_1396__91__c__93__,pyridoxine [cytoplasm]
BIOMD0000001063,s_1397__91__e__93__,pyridoxine [extracellular]
BIOMD0000001063,s_1398__91__c__93__,pyridoxine 5'-phosphate [cytoplasm]
BIOMD0000001063,s_1399__91__c__93__,pyruvate [cytoplasm]
BIOMD0000001063,s_1400__91__e__93__,pyruvate [extracellular]
BIOMD0000001063,s_1401__91__m__93__,pyruvate [mitochondrion]
BIOMD0000001063,s_1403__91__c__93__,quinolinate [cytoplasm]
BIOMD0000001063,s_1404__91__m__93__,quinolinate [mitochondrion]
BIOMD0000001063,s_1405__91__c__93__,riboflavin [cytoplasm]
BIOMD0000001063,s_1406__91__e__93__,riboflavin [extracellular]
BIOMD0000001063,s_1407__91__m__93__,riboflavin [mitochondrion]
BIOMD0000001063,s_1408__91__c__93__,ribose-5-phosphate [cytoplasm]
BIOMD0000001063,s_1409__91__m__93__,S(8)-aminomethyldihydrolipoamide [mitochondrion]
BIOMD0000001063,s_1410__91__m__93__,S(8)-aminomethyldihydrolipoylprotein [mitochondrion]
BIOMD0000001063,s_1411__91__m__93__,S(8)-succinyldihydrolipoamide [mitochondrion]
BIOMD0000001063,s_1412__91__c__93__,S-adenosyl-4-methylthio-2-oxobutanoate [cytoplasm]
BIOMD0000001063,s_1413__91__c__93__,S-adenosyl-L-homocysteine [cytoplasm]
BIOMD0000001063,s_1415__91__m__93__,S-adenosyl-L-homocysteine [mitochondrion]
BIOMD0000001063,s_1416__91__c__93__,S-adenosyl-L-methionine [cytoplasm]
BIOMD0000001063,s_1418__91__e__93__,S-adenosyl-L-methionine [extracellular]
BIOMD0000001063,s_1419__91__m__93__,S-adenosyl-L-methionine [mitochondrion]
BIOMD0000001063,s_1420__91__c__93__,S-adenosylmethioninamine [cytoplasm]
BIOMD0000001063,s_1421__91__c__93__,S-formylglutathione [cytoplasm]
BIOMD0000001063,s_1422__91__c__93__,S-methyl-5-thio-alpha-D-ribose 1-phosphate [cytoplasm]
BIOMD0000001063,s_1423__91__c__93__,S-methyl-5-thio-D-ribulose 1-phosphate [cytoplasm]
BIOMD0000001063,s_1424__91__c__93__,S-methyl-L-methionine [cytoplasm]
BIOMD0000001063,s_1425__91__e__93__,S-methyl-L-methionine [extracellular]
BIOMD0000001063,s_1426__91__c__93__,"sedoheptulose 1,7-bisphosphate [cytoplasm]"
BIOMD0000001063,s_1427__91__c__93__,sedoheptulose 7-phosphate [cytoplasm]
BIOMD0000001063,s_1428__91__c__93__,Ser-tRNA(Ser) [cytoplasm]
BIOMD0000001063,s_1429__91__c__93__,shikimate [cytoplasm]
BIOMD0000001063,s_1430__91__c__93__,siroheme [cytoplasm]
BIOMD0000001063,s_1431__91__c__93__,sirohydrochlorin [cytoplasm]
BIOMD0000001063,s_1432__91__ce__93__,sn-glycero-3-phosphocholine [cell envelope]
BIOMD0000001063,s_1433__91__c__93__,sn-glycero-3-phosphocholine [cytoplasm]
BIOMD0000001063,s_1435__91__e__93__,sn-glycero-3-phosphocholine [extracellular]
BIOMD0000001063,s_1437__91__c__93__,sodium [cytoplasm]
BIOMD0000001063,s_1438__91__e__93__,sodium [extracellular]
BIOMD0000001063,s_1439__91__c__93__,spermidine [cytoplasm]
BIOMD0000001063,s_1440__91__e__93__,spermidine [extracellular]
BIOMD0000001063,s_1441__91__v__93__,spermidine [vacuole]
BIOMD0000001063,s_1442__91__c__93__,spermine [cytoplasm]
BIOMD0000001063,s_1443__91__e__93__,spermine [extracellular]
BIOMD0000001063,s_1444__91__v__93__,spermine [vacuole]
BIOMD0000001063,s_1445__91__er__93__,sphinganine [endoplasmic reticulum]
BIOMD0000001063,s_1446__91__er__93__,sphinganine 1-phosphate [endoplasmic reticulum]
BIOMD0000001063,s_1447__91__c__93__,squalene [cytoplasm]
BIOMD0000001063,s_1448__91__er__93__,squalene [endoplasmic reticulum]
BIOMD0000001063,s_1449__91__c__93__,stearate [cytoplasm]
BIOMD0000001063,s_1450__91__e__93__,stearate [extracellular]
BIOMD0000001063,s_1451__91__p__93__,stearate [peroxisome]
BIOMD0000001063,s_1454__91__c__93__,stearoyl-CoA [cytoplasm]
BIOMD0000001063,s_1457__91__p__93__,stearoyl-CoA [peroxisome]
BIOMD0000001063,s_1458__91__c__93__,succinate [cytoplasm]
BIOMD0000001063,s_1459__91__e__93__,succinate [extracellular]
BIOMD0000001063,s_1460__91__m__93__,succinate [mitochondrion]
BIOMD0000001063,s_1461__91__c__93__,succinic semialdehyde [cytoplasm]
BIOMD0000001063,s_1464__91__m__93__,succinyl-CoA [mitochondrion]
BIOMD0000001063,s_1466__91__e__93__,sucrose [extracellular]
BIOMD0000001063,s_1467__91__c__93__,sulphate [cytoplasm]
BIOMD0000001063,s_1468__91__e__93__,sulphate [extracellular]
BIOMD0000001063,s_1469__91__c__93__,sulphite [cytoplasm]
BIOMD0000001063,s_1470__91__e__93__,sulphite [extracellular]
BIOMD0000001063,s_1471__91__c__93__,taurine [cytoplasm]
BIOMD0000001063,s_1472__91__e__93__,taurine [extracellular]
BIOMD0000001063,s_1473__91__c__93__,taurocholic acid [cytoplasm]
BIOMD0000001063,s_1474__91__v__93__,taurocholic acid [vacuole]
BIOMD0000001063,s_1475__91__c__93__,TDP [cytoplasm]
BIOMD0000001063,s_1476__91__e__93__,TDP [extracellular]
BIOMD0000001063,s_1477__91__m__93__,TDP [mitochondrion]
BIOMD0000001063,s_1479__91__c__93__,tetracosanoyl-CoA [cytoplasm]
BIOMD0000001063,s_1480__91__er__93__,tetracosanoyl-CoA [endoplasmic reticulum]
BIOMD0000001063,s_1482__91__p__93__,tetracosanoyl-CoA [peroxisome]
BIOMD0000001063,s_1483__91__lp__93__,tetradecaprenyl diphosphate [lipid particle]
BIOMD0000001063,s_1486__91__c__93__,tetrahydropteroyltri-L-glutamic acid [cytoplasm]
BIOMD0000001063,s_1487__91__c__93__,THF [cytoplasm]
BIOMD0000001063,s_1488__91__m__93__,THF [mitochondrion]
BIOMD0000001063,s_1489__91__c__93__,thiamine [cytoplasm]
BIOMD0000001063,s_1490__91__e__93__,thiamine [extracellular]
BIOMD0000001063,s_1491__91__c__93__,Thr-tRNA(Thr) [cytoplasm]
BIOMD0000001063,s_1492__91__m__93__,Thr-tRNA(Thr) [mitochondrion]
BIOMD0000001063,s_1493__91__c__93__,thymidine [cytoplasm]
BIOMD0000001063,s_1494__91__e__93__,thymidine [extracellular]
BIOMD0000001063,s_1497__91__c__93__,TMP [cytoplasm]
BIOMD0000001063,s_1498__91__e__93__,TMP [extracellular]
BIOMD0000001063,s_1503__91__c__93__,trans-aconitate [cytoplasm]
BIOMD0000001063,s_1504__91__m__93__,trans-aconitate [mitochondrion]
BIOMD0000001063,s_1507__91__p__93__,trans-dec-2-enoyl-CoA [peroxisome]
BIOMD0000001063,s_1510__91__p__93__,trans-dodec-2-enoyl-CoA [peroxisome]
BIOMD0000001063,s_1513__91__p__93__,trans-hexacos-2-enoyl-CoA [peroxisome]
BIOMD0000001063,s_1516__91__p__93__,trans-octadec-2-enoyl-CoA [peroxisome]
BIOMD0000001063,s_1519__91__p__93__,trans-tetradec-2-enoyl-CoA [peroxisome]
BIOMD0000001063,s_1520__91__c__93__,trehalose [cytoplasm]
BIOMD0000001063,s_1521__91__e__93__,trehalose [extracellular]
BIOMD0000001063,s_1522__91__v__93__,trehalose [vacuole]
BIOMD0000001063,s_1523__91__lp__93__,tridecaprenyl diphosphate [lipid particle]
BIOMD0000001063,s_1524__91__c__93__,triglyceride backbone [cytoplasm]
BIOMD0000001063,s_1526__91__c__93__,trimethylenediamine [cytoplasm]
BIOMD0000001063,s_1527__91__c__93__,Trp-tRNA(Trp) [cytoplasm]
BIOMD0000001063,s_1528__91__m__93__,Trp-tRNA(Trp) [mitochondrion]
BIOMD0000001063,s_1529__91__c__93__,tryptophol [cytoplasm]
BIOMD0000001063,s_1530__91__e__93__,tryptophol [extracellular]
BIOMD0000001063,s_1531__91__m__93__,tryptophol [mitochondrion]
BIOMD0000001063,s_1532__91__c__93__,thiamine(1+) triphosphate(4-) [cytoplasm]
BIOMD0000001063,s_1533__91__c__93__,Tyr-tRNA(Tyr) [cytoplasm]
BIOMD0000001063,s_1534__91__m__93__,Tyr-tRNA(Tyr) [mitochondrion]
BIOMD0000001063,s_1535__91__m__93__,ubiquinol-6 [mitochondrion]
BIOMD0000001063,s_1537__91__m__93__,ubiquinone-6 [mitochondrion]
BIOMD0000001063,s_1538__91__c__93__,UDP [cytoplasm]
BIOMD0000001063,s_1539__91__g__93__,UDP [Golgi]
BIOMD0000001063,s_1540__91__n__93__,UDP [nucleus]
BIOMD0000001063,s_1541__91__c__93__,UDP-D-galactose [cytoplasm]
BIOMD0000001063,s_1542__91__g__93__,UDP-D-galactose [Golgi]
BIOMD0000001063,s_1543__91__c__93__,UDP-D-glucose [cytoplasm]
BIOMD0000001063,s_1544__91__c__93__,UDP-N-acetyl-alpha-D-glucosamine [cytoplasm]
BIOMD0000001063,s_1545__91__c__93__,UMP [cytoplasm]
BIOMD0000001063,s_1546__91__g__93__,UMP [Golgi]
BIOMD0000001063,s_1547__91__m__93__,UMP [mitochondrion]
BIOMD0000001063,s_1548__91__n__93__,UMP [nucleus]
BIOMD0000001063,s_1549__91__lp__93__,undecaprenyl diphosphate [lipid particle]
BIOMD0000001063,s_1550__91__c__93__,uracil [cytoplasm]
BIOMD0000001063,s_1551__91__e__93__,uracil [extracellular]
BIOMD0000001063,s_1552__91__c__93__,urea [cytoplasm]
BIOMD0000001063,s_1553__91__e__93__,urea [extracellular]
BIOMD0000001063,s_1554__91__c__93__,urea-1-carboxylic acid [cytoplasm]
BIOMD0000001063,s_1555__91__c__93__,ureidoglycolic acid [cytoplasm]
BIOMD0000001063,s_1556__91__c__93__,uridine [cytoplasm]
BIOMD0000001063,s_1557__91__e__93__,uridine [extracellular]
BIOMD0000001063,s_1558__91__c__93__,uroporphyrinogen III [cytoplasm]
BIOMD0000001063,s_1559__91__c__93__,UTP [cytoplasm]
BIOMD0000001063,s_1560__91__m__93__,UTP [mitochondrion]
BIOMD0000001063,s_1561__91__c__93__,Val-tRNA(Val) [cytoplasm]
BIOMD0000001063,s_1562__91__m__93__,Val-tRNA(Val) [mitochondrion]
BIOMD0000001063,s_1563__91__c__93__,xanthosine [cytoplasm]
BIOMD0000001063,s_1564__91__e__93__,xanthosine [extracellular]
BIOMD0000001063,s_1565__91__c__93__,xanthosine-5-phosphate [cytoplasm]
BIOMD0000001063,s_1566__91__c__93__,xylitol [cytoplasm]
BIOMD0000001063,s_1567__91__e__93__,xylitol [extracellular]
BIOMD0000001063,s_1568__91__ce__93__,zymosterol [cell envelope]
BIOMD0000001063,s_1569__91__c__93__,zymosterol [cytoplasm]
BIOMD0000001063,s_1571__91__e__93__,zymosterol [extracellular]
BIOMD0000001063,s_1572__91__lp__93__,zymosterol [lipid particle]
BIOMD0000001063,s_1576__91__c__93__,zymosterol intermediate 1a [cytoplasm]
BIOMD0000001063,s_1577__91__c__93__,zymosterol intermediate 1b [cytoplasm]
BIOMD0000001063,s_1578__91__c__93__,zymosterol intermediate 1c [cytoplasm]
BIOMD0000001063,s_1579__91__c__93__,zymosterol intermediate 2 [cytoplasm]
BIOMD0000001063,s_1582__91__c__93__,tRNA(Ala) [cytoplasm]
BIOMD0000001063,s_1583__91__c__93__,tRNA(Arg) [cytoplasm]
BIOMD0000001063,s_1584__91__m__93__,tRNA(Arg) [mitochondrion]
BIOMD0000001063,s_1585__91__c__93__,tRNA(Asn) [cytoplasm]
BIOMD0000001063,s_1586__91__m__93__,tRNA(Asn) [mitochondrion]
BIOMD0000001063,s_1587__91__c__93__,tRNA(Asp) [cytoplasm]
BIOMD0000001063,s_1588__91__m__93__,tRNA(Asp) [mitochondrion]
BIOMD0000001063,s_1589__91__c__93__,tRNA(Cys) [cytoplasm]
BIOMD0000001063,s_1590__91__c__93__,tRNA(Gln) [cytoplasm]
BIOMD0000001063,s_1591__91__c__93__,tRNA(Glu) [cytoplasm]
BIOMD0000001063,s_1592__91__m__93__,tRNA(Glu) [mitochondrion]
BIOMD0000001063,s_1593__91__c__93__,tRNA(Gly) [cytoplasm]
BIOMD0000001063,s_1594__91__c__93__,tRNA(His) [cytoplasm]
BIOMD0000001063,s_1595__91__m__93__,tRNA(His) [mitochondrion]
BIOMD0000001063,s_1596__91__c__93__,tRNA(Ile) [cytoplasm]
BIOMD0000001063,s_1597__91__m__93__,tRNA(Ile) [mitochondrion]
BIOMD0000001063,s_1598__91__c__93__,tRNA(Leu) [cytoplasm]
BIOMD0000001063,s_1599__91__m__93__,tRNA(Leu) [mitochondrion]
BIOMD0000001063,s_1600__91__c__93__,tRNA(Lys) [cytoplasm]
BIOMD0000001063,s_1601__91__m__93__,tRNA(Lys) [mitochondrion]
BIOMD0000001063,s_1602__91__c__93__,tRNA(Met) [cytoplasm]
BIOMD0000001063,s_1603__91__m__93__,tRNA(Met) [mitochondrion]
BIOMD0000001063,s_1604__91__c__93__,tRNA(Phe) [cytoplasm]
BIOMD0000001063,s_1605__91__m__93__,tRNA(Phe) [mitochondrion]
BIOMD0000001063,s_1606__91__c__93__,tRNA(Pro) [cytoplasm]
BIOMD0000001063,s_1607__91__c__93__,tRNA(Ser) [cytoplasm]
BIOMD0000001063,s_1608__91__c__93__,tRNA(Thr) [cytoplasm]
BIOMD0000001063,s_1609__91__m__93__,tRNA(Thr) [mitochondrion]
BIOMD0000001063,s_1610__91__c__93__,tRNA(Trp) [cytoplasm]
BIOMD0000001063,s_1611__91__m__93__,tRNA(Trp) [mitochondrion]
BIOMD0000001063,s_1612__91__c__93__,tRNA(Tyr) [cytoplasm]
BIOMD0000001063,s_1613__91__m__93__,tRNA(Tyr) [mitochondrion]
BIOMD0000001063,s_1614__91__c__93__,tRNA(Val) [cytoplasm]
BIOMD0000001063,s_1615__91__m__93__,tRNA(Val) [mitochondrion]
BIOMD0000001063,s_1616__91__c__93__,TRX1 [cytoplasm]
BIOMD0000001063,s_1617__91__m__93__,TRX1 [mitochondrion]
BIOMD0000001063,s_1618__91__n__93__,TRX1 [nucleus]
BIOMD0000001063,s_1619__91__p__93__,TRX1 [peroxisome]
BIOMD0000001063,s_1620__91__c__93__,TRX1 disulphide [cytoplasm]
BIOMD0000001063,s_1621__91__m__93__,TRX1 disulphide [mitochondrion]
BIOMD0000001063,s_1622__91__n__93__,TRX1 disulphide [nucleus]
BIOMD0000001063,s_1623__91__p__93__,TRX1 disulphide [peroxisome]
BIOMD0000001063,s_1845__91__m__93__,ACP1 [mitochondrion]
BIOMD0000001063,s_2763__91__c__93__,kynurenic acid [cytoplasm]
BIOMD0000001063,s_2764__91__c__93__,quinaldic acid [cytoplasm]
BIOMD0000001063,s_2766__91__e__93__,14-demethyllanosterol [extracellular]
BIOMD0000001063,s_2768__91__e__93__,"ergosta-5,7,22,24(28)-tetraen-3beta-ol [extracellular]"
BIOMD0000001063,s_2770__91__m__93__,acetoacetyl-ACP [mitochondrion]
BIOMD0000001063,s_2771__91__m__93__,butanoyl-ACP [mitochondrion]
BIOMD0000001063,s_2772__91__m__93__,3-oxo-hexanoyl-ACP [mitochondrion]
BIOMD0000001063,s_2773__91__m__93__,hexanoyl-ACP [mitochondrion]
BIOMD0000001063,s_2774__91__m__93__,3-oxo-octanoyl-ACP [mitochondrion]
BIOMD0000001063,s_2775__91__m__93__,3-hydroxybutanoyl-ACP [mitochondrion]
BIOMD0000001063,s_2776__91__m__93__,3-hydroxyhexanoyl-ACP [mitochondrion]
BIOMD0000001063,s_2777__91__m__93__,3-hydroxyoctanoyl-ACP [mitochondrion]
BIOMD0000001063,s_2778__91__m__93__,trans-but-2-enoyl-ACP [mitochondrion]
BIOMD0000001063,s_2779__91__m__93__,trans-hex-2-enoyl-ACP [mitochondrion]
BIOMD0000001063,s_2780__91__m__93__,trans-oct-2-enoyl-ACP [mitochondrion]
BIOMD0000001063,s_2781__91__erm__93__,lauroyl-CoA [endoplasmic reticulum membrane]
BIOMD0000001063,s_2782__91__erm__93__,malonyl-CoA [endoplasmic reticulum membrane]
BIOMD0000001063,s_2783__91__erm__93__,H+ [endoplasmic reticulum membrane]
BIOMD0000001063,s_2784__91__erm__93__,carbon dioxide [endoplasmic reticulum membrane]
BIOMD0000001063,s_2785__91__erm__93__,coenzyme A [endoplasmic reticulum membrane]
BIOMD0000001063,s_2786__91__erm__93__,3-oxotetradecanoyl-CoA [endoplasmic reticulum membrane]
BIOMD0000001063,s_2787__91__erm__93__,myristoyl-CoA [endoplasmic reticulum membrane]
BIOMD0000001063,s_2788__91__erm__93__,3-oxopalmitoyl-CoA [endoplasmic reticulum membrane]
BIOMD0000001063,s_2789__91__erm__93__,palmitoyl-CoA [endoplasmic reticulum membrane]
BIOMD0000001063,s_2790__91__erm__93__,3-oxooctadecanoyl-CoA [endoplasmic reticulum membrane]
BIOMD0000001063,s_2791__91__erm__93__,stearoyl-CoA [endoplasmic reticulum membrane]
BIOMD0000001063,s_2792__91__erm__93__,3-oxoicosanoyl-CoA [endoplasmic reticulum membrane]
BIOMD0000001063,s_2793__91__erm__93__,icosanoyl-CoA [endoplasmic reticulum membrane]
BIOMD0000001063,s_2794__91__erm__93__,3-oxodocosanoyl-CoA [endoplasmic reticulum membrane]
BIOMD0000001063,s_2795__91__erm__93__,docosanoyl-CoA [endoplasmic reticulum membrane]
BIOMD0000001063,s_2796__91__erm__93__,3-oxotetracosanoyl-CoA [endoplasmic reticulum membrane]
BIOMD0000001063,s_2797__91__erm__93__,tetracosanoyl-CoA [endoplasmic reticulum membrane]
BIOMD0000001063,s_2798__91__erm__93__,3-oxohexacosanoyl-CoA [endoplasmic reticulum membrane]
BIOMD0000001063,s_2799__91__erm__93__,NADPH [endoplasmic reticulum membrane]
BIOMD0000001063,s_2800__91__erm__93__,NADP(+) [endoplasmic reticulum membrane]
BIOMD0000001063,s_2801__91__erm__93__,(S)-3-hydroxytetradecanoyl-CoA [endoplasmic reticulum membrane]
BIOMD0000001063,s_2802__91__erm__93__,(S)-3-hydroxypalmitoyl-CoA [endoplasmic reticulum membrane]
BIOMD0000001063,s_2803__91__erm__93__,3-hydroxyoctadecanoyl-CoA [endoplasmic reticulum membrane]
BIOMD0000001063,s_2804__91__erm__93__,3-hydroxyicosanoyl-CoA [endoplasmic reticulum membrane]
BIOMD0000001063,s_2805__91__erm__93__,3-hydroxydocosanoyl-CoA [endoplasmic reticulum membrane]
BIOMD0000001063,s_2806__91__erm__93__,3-hydroxytetracosanoyl-CoA [endoplasmic reticulum membrane]
BIOMD0000001063,s_2807__91__erm__93__,(S)-3-hydroxyhexacosanoyl-CoA [endoplasmic reticulum membrane]
BIOMD0000001063,s_2808__91__erm__93__,H2O [endoplasmic reticulum membrane]
BIOMD0000001063,s_2809__91__erm__93__,trans-tetradec-2-enoyl-CoA [endoplasmic reticulum membrane]
BIOMD0000001063,s_2810__91__erm__93__,trans-hexadec-2-enoyl-CoA [endoplasmic reticulum membrane]
BIOMD0000001063,s_2811__91__erm__93__,trans-octadec-2-enoyl-CoA [endoplasmic reticulum membrane]
BIOMD0000001063,s_2812__91__erm__93__,trans-icos-2-enoyl-CoA [endoplasmic reticulum membrane]
BIOMD0000001063,s_2813__91__erm__93__,trans-docos-2-enoyl-CoA [endoplasmic reticulum membrane]
BIOMD0000001063,s_2814__91__erm__93__,trans-tetracos-2-enoyl-CoA [endoplasmic reticulum membrane]
BIOMD0000001063,s_2815__91__erm__93__,trans-hexacos-2-enoyl-CoA [endoplasmic reticulum membrane]
BIOMD0000001063,s_2816__91__erm__93__,hexacosanoyl-CoA [endoplasmic reticulum membrane]
BIOMD0000001063,s_2817__91__erm__93__,oxygen [endoplasmic reticulum membrane]
BIOMD0000001063,s_2818__91__erm__93__,NADH [endoplasmic reticulum membrane]
BIOMD0000001063,s_2819__91__erm__93__,palmitoleoyl-CoA(4-) [endoplasmic reticulum membrane]
BIOMD0000001063,s_2820__91__erm__93__,NAD [endoplasmic reticulum membrane]
BIOMD0000001063,s_2821__91__erm__93__,oleoyl-CoA [endoplasmic reticulum membrane]
BIOMD0000001063,s_2822__91__e__93__,butyrate [extracellular]
BIOMD0000001063,s_2824__91__e__93__,hexanoate [extracellular]
BIOMD0000001063,s_2826__91__e__93__,oleate [extracellular]
BIOMD0000001063,s_2828__91__c__93__,butyrate [cytoplasm]
BIOMD0000001063,s_2829__91__c__93__,hexanoate [cytoplasm]
BIOMD0000001063,s_2831__91__erm__93__,ATP [endoplasmic reticulum membrane]
BIOMD0000001063,s_2832__91__erm__93__,laurate [endoplasmic reticulum membrane]
BIOMD0000001063,s_2833__91__erm__93__,AMP [endoplasmic reticulum membrane]
BIOMD0000001063,s_2834__91__erm__93__,diphosphate [endoplasmic reticulum membrane]
BIOMD0000001063,s_2835__91__erm__93__,myristate [endoplasmic reticulum membrane]
BIOMD0000001063,s_2836__91__erm__93__,palmitate [endoplasmic reticulum membrane]
BIOMD0000001063,s_2837__91__erm__93__,palmitoleate [endoplasmic reticulum membrane]
BIOMD0000001063,s_2838__91__erm__93__,stearate [endoplasmic reticulum membrane]
BIOMD0000001063,s_2839__91__erm__93__,oleate [endoplasmic reticulum membrane]
BIOMD0000001063,s_2840__91__lp__93__,ATP [lipid particle]
BIOMD0000001063,s_2841__91__lp__93__,laurate [lipid particle]
BIOMD0000001063,s_2842__91__lp__93__,AMP [lipid particle]
BIOMD0000001063,s_2843__91__lp__93__,lauroyl-CoA [lipid particle]
BIOMD0000001063,s_2844__91__lp__93__,myristate [lipid particle]
BIOMD0000001063,s_2845__91__lp__93__,myristoyl-CoA [lipid particle]
BIOMD0000001063,s_2846__91__lp__93__,palmitate [lipid particle]
BIOMD0000001063,s_2847__91__lp__93__,palmitoyl-CoA [lipid particle]
BIOMD0000001063,s_2848__91__lp__93__,palmitoleate [lipid particle]
BIOMD0000001063,s_2849__91__lp__93__,palmitoleoyl-CoA(4-) [lipid particle]
BIOMD0000001063,s_2850__91__lp__93__,stearate [lipid particle]
BIOMD0000001063,s_2851__91__lp__93__,stearoyl-CoA [lipid particle]
BIOMD0000001063,s_2852__91__lp__93__,oleate [lipid particle]
BIOMD0000001063,s_2853__91__lp__93__,oleoyl-CoA [lipid particle]
BIOMD0000001063,s_2854__91__p__93__,palmitoleoyl-CoA(4-) [peroxisome]
BIOMD0000001063,s_2855__91__p__93__,oleate [peroxisome]
BIOMD0000001063,s_2856__91__ce__93__,ATP [cell envelope]
BIOMD0000001063,s_2857__91__ce__93__,coenzyme A [cell envelope]
BIOMD0000001063,s_2858__91__ce__93__,arachidate [cell envelope]
BIOMD0000001063,s_2859__91__ce__93__,AMP [cell envelope]
BIOMD0000001063,s_2860__91__ce__93__,diphosphate [cell envelope]
BIOMD0000001063,s_2861__91__ce__93__,icosanoyl-CoA [cell envelope]
BIOMD0000001063,s_2862__91__ce__93__,behenate [cell envelope]
BIOMD0000001063,s_2863__91__ce__93__,docosanoyl-CoA [cell envelope]
BIOMD0000001063,s_2864__91__ce__93__,lignoceric acid [cell envelope]
BIOMD0000001063,s_2865__91__ce__93__,tetracosanoyl-CoA [cell envelope]
BIOMD0000001063,s_2866__91__ce__93__,cerotic acid [cell envelope]
BIOMD0000001063,s_2867__91__ce__93__,hexacosanoyl-CoA [cell envelope]
BIOMD0000001063,s_2868__91__erm__93__,behenate [endoplasmic reticulum membrane]
BIOMD0000001063,s_2869__91__erm__93__,lignoceric acid [endoplasmic reticulum membrane]
BIOMD0000001063,s_2870__91__erm__93__,cerotic acid [endoplasmic reticulum membrane]
BIOMD0000001063,s_2871__91__lp__93__,behenate [lipid particle]
BIOMD0000001063,s_2872__91__lp__93__,docosanoyl-CoA [lipid particle]
BIOMD0000001063,s_2873__91__lp__93__,lignoceric acid [lipid particle]
BIOMD0000001063,s_2874__91__lp__93__,tetracosanoyl-CoA [lipid particle]
BIOMD0000001063,s_2875__91__lp__93__,cerotic acid [lipid particle]
BIOMD0000001063,s_2876__91__lp__93__,hexacosanoyl-CoA [lipid particle]
BIOMD0000001063,s_2877__91__c__93__,palmitoleoyl-CoA(4-) [cytoplasm]
BIOMD0000001063,s_2878__91__c__93__,icosanoyl-CoA [cytoplasm]
BIOMD0000001063,s_2879__91__p__93__,icosanoyl-CoA [peroxisome]
BIOMD0000001063,s_2880__91__c__93__,docosanoyl-CoA [cytoplasm]
BIOMD0000001063,s_2881__91__p__93__,docosanoyl-CoA [peroxisome]
BIOMD0000001063,s_2882__91__p__93__,butyrate [peroxisome]
BIOMD0000001063,s_2883__91__p__93__,hexanoate [peroxisome]
BIOMD0000001063,s_2884__91__p__93__,butanoyl-CoA [peroxisome]
BIOMD0000001063,s_2885__91__p__93__,hexanoyl-CoA [peroxisome]
BIOMD0000001063,s_2886__91__p__93__,but-2-enoyl-CoA [peroxisome]
BIOMD0000001063,s_2887__91__p__93__,trans-hex-2-enoyl-CoA [peroxisome]
BIOMD0000001063,s_2888__91__p__93__,trans-oct-2-enoyl-CoA [peroxisome]
BIOMD0000001063,s_2889__91__p__93__,trans-icos-2-enoyl-CoA [peroxisome]
BIOMD0000001063,s_2890__91__p__93__,trans-docos-2-enoyl-CoA [peroxisome]
BIOMD0000001063,s_2891__91__p__93__,trans-tetracos-2-enoyl-CoA [peroxisome]
BIOMD0000001063,s_2892__91__p__93__,"trans-2,cis-9-hexadecadienoyl-CoA [peroxisome]"
BIOMD0000001063,s_2893__91__p__93__,cis-tetradec-7-enoyl-CoA [peroxisome]
BIOMD0000001063,s_2894__91__p__93__,"trans-2,cis-7-tetradecadienoyl-CoA [peroxisome]"
BIOMD0000001063,s_2895__91__p__93__,cis-dodec-5-enoyl-CoA [peroxisome]
BIOMD0000001063,s_2896__91__p__93__,"trans-2,cis-5-dodecadienoyl-CoA [peroxisome]"
BIOMD0000001063,s_2897__91__p__93__,"trans-2,cis-9-octadecadienoyl-CoA [peroxisome]"
BIOMD0000001063,s_2898__91__p__93__,cis-hexadec-7-enoyl-CoA [peroxisome]
BIOMD0000001063,s_2899__91__p__93__,"trans-2,cis-7-hexadecadienoyl-CoA [peroxisome]"
BIOMD0000001063,s_2900__91__p__93__,cis-tetradec-5-enoyl-CoA [peroxisome]
BIOMD0000001063,s_2901__91__p__93__,"trans-2,cis-5-tetradecadienoyl-CoA [peroxisome]"
BIOMD0000001063,s_2902__91__p__93__,(R)-3-hydroxybutanoyl-CoA [peroxisome]
BIOMD0000001063,s_2903__91__p__93__,(R)-3-hydroxyhexanoyl-CoA [peroxisome]
BIOMD0000001063,s_2904__91__p__93__,(R)-3-hydroxyoctanoyl-CoA [peroxisome]
BIOMD0000001063,s_2905__91__p__93__,(R)-3-hydroxyicosanoyl-CoA [peroxisome]
BIOMD0000001063,s_2906__91__p__93__,(R)-3-hydroxydocosanoyl-CoA [peroxisome]
BIOMD0000001063,s_2907__91__p__93__,(R)-3-hydroxytetracosanoyl-CoA [peroxisome]
BIOMD0000001063,s_2908__91__p__93__,(R)-3-hydroxy-cis-hexadec-9-enoyl-CoA [peroxisome]
BIOMD0000001063,s_2909__91__p__93__,(R)-3-hydroxy-cis-tetradec-7-enoyl-CoA [peroxisome]
BIOMD0000001063,s_2910__91__p__93__,(R)-3-hydroxy-cis-dodec-5-enoyl-CoA [peroxisome]
BIOMD0000001063,s_2911__91__p__93__,(R)-3-hydroxy-cis-octadec-9-enoyl-CoA [peroxisome]
BIOMD0000001063,s_2912__91__p__93__,(R)-3-hydroxy-cis-hexadec-7-enoyl-CoA [peroxisome]
BIOMD0000001063,s_2913__91__p__93__,(R)-3-hydroxy-cis-tetradec-5-enoyl-CoA [peroxisome]
BIOMD0000001063,s_2914__91__p__93__,acetoacetyl-CoA [peroxisome]
BIOMD0000001063,s_2915__91__p__93__,3-oxohexanoyl-CoA [peroxisome]
BIOMD0000001063,s_2916__91__p__93__,3-oxooctanoyl-CoA [peroxisome]
BIOMD0000001063,s_2917__91__p__93__,3-oxoicosanoyl-CoA [peroxisome]
BIOMD0000001063,s_2918__91__p__93__,3-oxodocosanoyl-CoA [peroxisome]
BIOMD0000001063,s_2919__91__p__93__,3-oxotetracosanoyl-CoA [peroxisome]
BIOMD0000001063,s_2920__91__p__93__,3-oxo-cis-hexadec-9-enoyl-CoA [peroxisome]
BIOMD0000001063,s_2921__91__p__93__,3-oxo-cis-tetradec-7-enoyl-CoA [peroxisome]
BIOMD0000001063,s_2922__91__p__93__,3-oxo-cis-dodec-5-enoyl-CoA [peroxisome]
BIOMD0000001063,s_2923__91__p__93__,3-oxo-cis-octadec-9-enoyl-CoA [peroxisome]
BIOMD0000001063,s_2924__91__p__93__,3-oxo-cis-hexadec-7-enoyl-CoA [peroxisome]
BIOMD0000001063,s_2925__91__p__93__,3-oxo-cis-tetradec-5-enoyl-CoA [peroxisome]
BIOMD0000001063,s_2926__91__p__93__,cis-dec-3-enoyl-CoA [peroxisome]
BIOMD0000001063,s_2927__91__p__93__,cis-dodec-3-enoyl-CoA [peroxisome]
BIOMD0000001063,s_2928__91__p__93__,"trans-3,cis-5-dodecadienoyl-CoA [peroxisome]"
BIOMD0000001063,s_2929__91__p__93__,trans-dodec-3-enoyl-CoA [peroxisome]
BIOMD0000001063,s_2930__91__p__93__,"trans-3,cis-5-tetradecadienoyl-CoA [peroxisome]"
BIOMD0000001063,s_2931__91__p__93__,trans-tetradec-3-enoyl-CoA [peroxisome]
BIOMD0000001063,s_2932__91__p__93__,"trans-2,trans-4-dodecadienoyl-CoA [peroxisome]"
BIOMD0000001063,s_2933__91__p__93__,"trans-2,trans-4-tetradecadienoyl-CoA [peroxisome]"
BIOMD0000001063,s_2934__91__erm__93__,glycerol 3-phosphate [endoplasmic reticulum membrane]
BIOMD0000001063,s_2935__91__erm__93__,1-acyl-sn-glycerol 3-phosphate (16:0) [endoplasmic reticulum membrane]
BIOMD0000001063,s_2936__91__erm__93__,1-acyl-sn-glycerol 3-phosphate (16:1) [endoplasmic reticulum membrane]
BIOMD0000001063,s_2937__91__erm__93__,1-acyl-sn-glycerol 3-phosphate (18:0) [endoplasmic reticulum membrane]
BIOMD0000001063,s_2938__91__erm__93__,1-acyl-sn-glycerol 3-phosphate (18:1) [endoplasmic reticulum membrane]
BIOMD0000001063,s_2939__91__erm__93__,dihydroxyacetone phosphate [endoplasmic reticulum membrane]
BIOMD0000001063,s_2940__91__erm__93__,acylglycerone phosphate (16:0) [endoplasmic reticulum membrane]
BIOMD0000001063,s_2941__91__erm__93__,acylglycerone phosphate (16:1) [endoplasmic reticulum membrane]
BIOMD0000001063,s_2942__91__erm__93__,acylglycerone phosphate (18:0) [endoplasmic reticulum membrane]
BIOMD0000001063,s_2943__91__erm__93__,acylglycerone phosphate (18:1) [endoplasmic reticulum membrane]
BIOMD0000001063,s_2944__91__lp__93__,1-acyl-sn-glycerol 3-phosphate (16:0) [lipid particle]
BIOMD0000001063,s_2945__91__lp__93__,1-acyl-sn-glycerol 3-phosphate (16:1) [lipid particle]
BIOMD0000001063,s_2946__91__lp__93__,1-acyl-sn-glycerol 3-phosphate (18:0) [lipid particle]
BIOMD0000001063,s_2947__91__lp__93__,1-acyl-sn-glycerol 3-phosphate (18:1) [lipid particle]
BIOMD0000001063,s_2948__91__lp__93__,acylglycerone phosphate (16:0) [lipid particle]
BIOMD0000001063,s_2949__91__lp__93__,acylglycerone phosphate (16:1) [lipid particle]
BIOMD0000001063,s_2950__91__lp__93__,acylglycerone phosphate (18:0) [lipid particle]
BIOMD0000001063,s_2951__91__lp__93__,acylglycerone phosphate (18:1) [lipid particle]
BIOMD0000001063,s_2952__91__lp__93__,NADPH [lipid particle]
BIOMD0000001063,s_2953__91__lp__93__,NADP(+) [lipid particle]
BIOMD0000001063,s_2954__91__erm__93__,"phosphatidate (1-16:0, 2-16:1) [endoplasmic reticulum membrane]"
BIOMD0000001063,s_2955__91__erm__93__,"phosphatidate (1-16:0, 2-18:1) [endoplasmic reticulum membrane]"
BIOMD0000001063,s_2956__91__erm__93__,"phosphatidate (1-16:1, 2-16:1) [endoplasmic reticulum membrane]"
BIOMD0000001063,s_2957__91__erm__93__,"phosphatidate (1-16:1, 2-18:1) [endoplasmic reticulum membrane]"
BIOMD0000001063,s_2958__91__erm__93__,"phosphatidate (1-18:0, 2-16:1) [endoplasmic reticulum membrane]"
BIOMD0000001063,s_2959__91__erm__93__,"phosphatidate (1-18:0, 2-18:1) [endoplasmic reticulum membrane]"
BIOMD0000001063,s_2960__91__erm__93__,"phosphatidate (1-18:1, 2-16:1) [endoplasmic reticulum membrane]"
BIOMD0000001063,s_2961__91__erm__93__,"phosphatidate (1-18:1, 2-18:1) [endoplasmic reticulum membrane]"
BIOMD0000001063,s_2962__91__lp__93__,"phosphatidate (1-16:0, 2-18:1) [lipid particle]"
BIOMD0000001063,s_2963__91__lp__93__,"phosphatidate (1-16:1, 2-18:1) [lipid particle]"
BIOMD0000001063,s_2964__91__lp__93__,"phosphatidate (1-18:0, 2-18:1) [lipid particle]"
BIOMD0000001063,s_2965__91__lp__93__,"phosphatidate (1-18:1, 2-18:1) [lipid particle]"
BIOMD0000001063,s_2966__91__erm__93__,phosphate [endoplasmic reticulum membrane]
BIOMD0000001063,s_2967__91__erm__93__,"diglyceride (1-16:0, 2-16:1) [endoplasmic reticulum membrane]"
BIOMD0000001063,s_2968__91__erm__93__,"diglyceride (1-16:0, 2-18:1) [endoplasmic reticulum membrane]"
BIOMD0000001063,s_2969__91__erm__93__,"diglyceride (1-16:1, 2-16:1) [endoplasmic reticulum membrane]"
BIOMD0000001063,s_2970__91__erm__93__,"diglyceride (1-16:1, 2-18:1) [endoplasmic reticulum membrane]"
BIOMD0000001063,s_2971__91__erm__93__,"diglyceride (1-18:0, 2-16:1) [endoplasmic reticulum membrane]"
BIOMD0000001063,s_2972__91__erm__93__,"diglyceride (1-18:0, 2-18:1) [endoplasmic reticulum membrane]"
BIOMD0000001063,s_2973__91__erm__93__,"diglyceride (1-18:1, 2-16:1) [endoplasmic reticulum membrane]"
BIOMD0000001063,s_2974__91__erm__93__,"diglyceride (1-18:1, 2-18:1) [endoplasmic reticulum membrane]"
BIOMD0000001063,s_2975__91__vm__93__,"phosphatidate (1-16:0, 2-16:1) [vacuolar membrane]"
BIOMD0000001063,s_2976__91__vm__93__,H2O [vacuolar membrane]
BIOMD0000001063,s_2977__91__vm__93__,phosphate [vacuolar membrane]
BIOMD0000001063,s_2978__91__vm__93__,"diglyceride (1-16:0, 2-16:1) [vacuolar membrane]"
BIOMD0000001063,s_2979__91__vm__93__,"phosphatidate (1-16:0, 2-18:1) [vacuolar membrane]"
BIOMD0000001063,s_2980__91__vm__93__,"diglyceride (1-16:0, 2-18:1) [vacuolar membrane]"
BIOMD0000001063,s_2981__91__vm__93__,"phosphatidate (1-16:1, 2-16:1) [vacuolar membrane]"
BIOMD0000001063,s_2982__91__vm__93__,"diglyceride (1-16:1, 2-16:1) [vacuolar membrane]"
BIOMD0000001063,s_2983__91__vm__93__,"phosphatidate (1-16:1, 2-18:1) [vacuolar membrane]"
BIOMD0000001063,s_2984__91__vm__93__,"diglyceride (1-16:1, 2-18:1) [vacuolar membrane]"
BIOMD0000001063,s_2985__91__vm__93__,"phosphatidate (1-18:0, 2-16:1) [vacuolar membrane]"
BIOMD0000001063,s_2986__91__vm__93__,"diglyceride (1-18:0, 2-16:1) [vacuolar membrane]"
BIOMD0000001063,s_2987__91__vm__93__,"phosphatidate (1-18:0, 2-18:1) [vacuolar membrane]"
BIOMD0000001063,s_2988__91__vm__93__,"diglyceride (1-18:0, 2-18:1) [vacuolar membrane]"
BIOMD0000001063,s_2989__91__vm__93__,"phosphatidate (1-18:1, 2-16:1) [vacuolar membrane]"
BIOMD0000001063,s_2990__91__vm__93__,"diglyceride (1-18:1, 2-16:1) [vacuolar membrane]"
BIOMD0000001063,s_2991__91__vm__93__,"phosphatidate (1-18:1, 2-18:1) [vacuolar membrane]"
BIOMD0000001063,s_2992__91__vm__93__,"diglyceride (1-18:1, 2-18:1) [vacuolar membrane]"
BIOMD0000001063,s_2993__91__gm__93__,"phosphatidate (1-16:0, 2-16:1) [Golgi membrane]"
BIOMD0000001063,s_2994__91__gm__93__,H2O [Golgi membrane]
BIOMD0000001063,s_2995__91__gm__93__,phosphate [Golgi membrane]
BIOMD0000001063,s_2996__91__gm__93__,"diglyceride (1-16:0, 2-16:1) [Golgi membrane]"
BIOMD0000001063,s_2997__91__gm__93__,"phosphatidate (1-16:0, 2-18:1) [Golgi membrane]"
BIOMD0000001063,s_2998__91__gm__93__,"diglyceride (1-16:0, 2-18:1) [Golgi membrane]"
BIOMD0000001063,s_2999__91__gm__93__,"phosphatidate (1-16:1, 2-16:1) [Golgi membrane]"
BIOMD0000001063,s_3000__91__gm__93__,"diglyceride (1-16:1, 2-16:1) [Golgi membrane]"
BIOMD0000001063,s_3001__91__gm__93__,"phosphatidate (1-16:1, 2-18:1) [Golgi membrane]"
BIOMD0000001063,s_3002__91__gm__93__,"diglyceride (1-16:1, 2-18:1) [Golgi membrane]"
BIOMD0000001063,s_3003__91__gm__93__,"phosphatidate (1-18:0, 2-16:1) [Golgi membrane]"
BIOMD0000001063,s_3004__91__gm__93__,"diglyceride (1-18:0, 2-16:1) [Golgi membrane]"
BIOMD0000001063,s_3005__91__gm__93__,"phosphatidate (1-18:0, 2-18:1) [Golgi membrane]"
BIOMD0000001063,s_3006__91__gm__93__,"diglyceride (1-18:0, 2-18:1) [Golgi membrane]"
BIOMD0000001063,s_3007__91__gm__93__,"phosphatidate (1-18:1, 2-16:1) [Golgi membrane]"
BIOMD0000001063,s_3008__91__gm__93__,"diglyceride (1-18:1, 2-16:1) [Golgi membrane]"
BIOMD0000001063,s_3009__91__gm__93__,"phosphatidate (1-18:1, 2-18:1) [Golgi membrane]"
BIOMD0000001063,s_3010__91__gm__93__,"diglyceride (1-18:1, 2-18:1) [Golgi membrane]"
BIOMD0000001063,s_3011__91__erm__93__,"triglyceride (1-16:0, 2-16:1, 3-16:0) [endoplasmic reticulum membrane]"
BIOMD0000001063,s_3012__91__erm__93__,"triglyceride (1-16:0, 2-18:1, 3-16:0) [endoplasmic reticulum membrane]"
BIOMD0000001063,s_3013__91__erm__93__,"triglyceride (1-16:1, 2-16:1, 3-16:0) [endoplasmic reticulum membrane]"
BIOMD0000001063,s_3014__91__erm__93__,"triglyceride (1-16:1, 2-18:1, 3-16:0) [endoplasmic reticulum membrane]"
BIOMD0000001063,s_3015__91__erm__93__,"triglyceride (1-18:0, 2-16:1, 3-16:0) [endoplasmic reticulum membrane]"
BIOMD0000001063,s_3016__91__erm__93__,"triglyceride (1-18:0, 2-18:1, 3-16:0) [endoplasmic reticulum membrane]"
BIOMD0000001063,s_3017__91__erm__93__,"triglyceride (1-18:1, 2-16:1, 3-16:0) [endoplasmic reticulum membrane]"
BIOMD0000001063,s_3018__91__erm__93__,"triglyceride (1-18:1, 2-18:1, 3-16:0) [endoplasmic reticulum membrane]"
BIOMD0000001063,s_3019__91__erm__93__,"triglyceride (1-16:0, 2-16:1, 3-16:1) [endoplasmic reticulum membrane]"
BIOMD0000001063,s_3020__91__erm__93__,"triglyceride (1-16:0, 2-18:1, 3-16:1) [endoplasmic reticulum membrane]"
BIOMD0000001063,s_3021__91__erm__93__,"triglyceride (1-16:1, 2-16:1, 3-16:1) [endoplasmic reticulum membrane]"
BIOMD0000001063,s_3022__91__erm__93__,"triglyceride (1-16:1, 2-18:1, 3-16:1) [endoplasmic reticulum membrane]"
BIOMD0000001063,s_3023__91__erm__93__,"triglyceride (1-18:0, 2-16:1, 3-16:1) [endoplasmic reticulum membrane]"
BIOMD0000001063,s_3024__91__erm__93__,"triglyceride (1-18:0, 2-18:1, 3-16:1) [endoplasmic reticulum membrane]"
BIOMD0000001063,s_3025__91__erm__93__,"triglyceride (1-18:1, 2-16:1, 3-16:1) [endoplasmic reticulum membrane]"
BIOMD0000001063,s_3026__91__erm__93__,"triglyceride (1-18:1, 2-18:1, 3-16:1) [endoplasmic reticulum membrane]"
BIOMD0000001063,s_3027__91__erm__93__,"triglyceride (1-16:0, 2-16:1, 3-18:0) [endoplasmic reticulum membrane]"
BIOMD0000001063,s_3028__91__erm__93__,"triglyceride (1-16:0, 2-18:1, 3-18:0) [endoplasmic reticulum membrane]"
BIOMD0000001063,s_3029__91__erm__93__,"triglyceride (1-16:1, 2-16:1, 3-18:0) [endoplasmic reticulum membrane]"
BIOMD0000001063,s_3030__91__erm__93__,"triglyceride (1-16:1, 2-18:1, 3-18:0) [endoplasmic reticulum membrane]"
BIOMD0000001063,s_3031__91__erm__93__,"triglyceride (1-18:0, 2-16:1, 3-18:0) [endoplasmic reticulum membrane]"
BIOMD0000001063,s_3032__91__erm__93__,"triglyceride (1-18:0, 2-18:1, 3-18:0) [endoplasmic reticulum membrane]"
BIOMD0000001063,s_3033__91__erm__93__,"triglyceride (1-18:1, 2-16:1, 3-18:0) [endoplasmic reticulum membrane]"
BIOMD0000001063,s_3034__91__erm__93__,"triglyceride (1-18:1, 2-18:1, 3-18:0) [endoplasmic reticulum membrane]"
BIOMD0000001063,s_3035__91__erm__93__,"triglyceride (1-16:0, 2-16:1, 3-18:1) [endoplasmic reticulum membrane]"
BIOMD0000001063,s_3036__91__erm__93__,"triglyceride (1-16:0, 2-18:1, 3-18:1) [endoplasmic reticulum membrane]"
BIOMD0000001063,s_3037__91__erm__93__,"triglyceride (1-16:1, 2-16:1, 3-18:1) [endoplasmic reticulum membrane]"
BIOMD0000001063,s_3038__91__erm__93__,"triglyceride (1-16:1, 2-18:1, 3-18:1) [endoplasmic reticulum membrane]"
BIOMD0000001063,s_3039__91__erm__93__,"triglyceride (1-18:0, 2-16:1, 3-18:1) [endoplasmic reticulum membrane]"
BIOMD0000001063,s_3040__91__erm__93__,"triglyceride (1-18:0, 2-18:1, 3-18:1) [endoplasmic reticulum membrane]"
BIOMD0000001063,s_3041__91__erm__93__,"triglyceride (1-18:1, 2-16:1, 3-18:1) [endoplasmic reticulum membrane]"
BIOMD0000001063,s_3042__91__erm__93__,"triglyceride (1-18:1, 2-18:1, 3-18:1) [endoplasmic reticulum membrane]"
BIOMD0000001063,s_3043__91__lp__93__,"diglyceride (1-16:0, 2-16:1) [lipid particle]"
BIOMD0000001063,s_3044__91__lp__93__,"triglyceride (1-16:0, 2-16:1, 3-16:0) [lipid particle]"
BIOMD0000001063,s_3045__91__lp__93__,"diglyceride (1-16:0, 2-18:1) [lipid particle]"
BIOMD0000001063,s_3046__91__lp__93__,"triglyceride (1-16:0, 2-18:1, 3-16:0) [lipid particle]"
BIOMD0000001063,s_3047__91__lp__93__,"diglyceride (1-16:1, 2-16:1) [lipid particle]"
BIOMD0000001063,s_3048__91__lp__93__,"triglyceride (1-16:1, 2-16:1, 3-16:0) [lipid particle]"
BIOMD0000001063,s_3049__91__lp__93__,"diglyceride (1-16:1, 2-18:1) [lipid particle]"
BIOMD0000001063,s_3050__91__lp__93__,"triglyceride (1-16:1, 2-18:1, 3-16:0) [lipid particle]"
BIOMD0000001063,s_3051__91__lp__93__,"diglyceride (1-18:0, 2-16:1) [lipid particle]"
BIOMD0000001063,s_3052__91__lp__93__,"triglyceride (1-18:0, 2-16:1, 3-16:0) [lipid particle]"
BIOMD0000001063,s_3053__91__lp__93__,"diglyceride (1-18:0, 2-18:1) [lipid particle]"
BIOMD0000001063,s_3054__91__lp__93__,"triglyceride (1-18:0, 2-18:1, 3-16:0) [lipid particle]"
BIOMD0000001063,s_3055__91__lp__93__,"diglyceride (1-18:1, 2-16:1) [lipid particle]"
BIOMD0000001063,s_3056__91__lp__93__,"triglyceride (1-18:1, 2-16:1, 3-16:0) [lipid particle]"
BIOMD0000001063,s_3057__91__lp__93__,"diglyceride (1-18:1, 2-18:1) [lipid particle]"
BIOMD0000001063,s_3058__91__lp__93__,"triglyceride (1-18:1, 2-18:1, 3-16:0) [lipid particle]"
BIOMD0000001063,s_3059__91__lp__93__,"triglyceride (1-16:0, 2-16:1, 3-16:1) [lipid particle]"
BIOMD0000001063,s_3060__91__lp__93__,"triglyceride (1-16:0, 2-18:1, 3-16:1) [lipid particle]"
BIOMD0000001063,s_3061__91__lp__93__,"triglyceride (1-16:1, 2-16:1, 3-16:1) [lipid particle]"
BIOMD0000001063,s_3062__91__lp__93__,"triglyceride (1-16:1, 2-18:1, 3-16:1) [lipid particle]"
BIOMD0000001063,s_3063__91__lp__93__,"triglyceride (1-18:0, 2-16:1, 3-16:1) [lipid particle]"
BIOMD0000001063,s_3064__91__lp__93__,"triglyceride (1-18:0, 2-18:1, 3-16:1) [lipid particle]"
BIOMD0000001063,s_3065__91__lp__93__,"triglyceride (1-18:1, 2-16:1, 3-16:1) [lipid particle]"
BIOMD0000001063,s_3066__91__lp__93__,"triglyceride (1-18:1, 2-18:1, 3-16:1) [lipid particle]"
BIOMD0000001063,s_3067__91__lp__93__,"triglyceride (1-16:0, 2-16:1, 3-18:0) [lipid particle]"
BIOMD0000001063,s_3068__91__lp__93__,"triglyceride (1-16:0, 2-18:1, 3-18:0) [lipid particle]"
BIOMD0000001063,s_3069__91__lp__93__,"triglyceride (1-16:1, 2-16:1, 3-18:0) [lipid particle]"
BIOMD0000001063,s_3070__91__lp__93__,"triglyceride (1-16:1, 2-18:1, 3-18:0) [lipid particle]"
BIOMD0000001063,s_3071__91__lp__93__,"triglyceride (1-18:0, 2-16:1, 3-18:0) [lipid particle]"
BIOMD0000001063,s_3072__91__lp__93__,"triglyceride (1-18:0, 2-18:1, 3-18:0) [lipid particle]"
BIOMD0000001063,s_3073__91__lp__93__,"triglyceride (1-18:1, 2-16:1, 3-18:0) [lipid particle]"
BIOMD0000001063,s_3074__91__lp__93__,"triglyceride (1-18:1, 2-18:1, 3-18:0) [lipid particle]"
BIOMD0000001063,s_3075__91__lp__93__,"triglyceride (1-16:0, 2-16:1, 3-18:1) [lipid particle]"
BIOMD0000001063,s_3076__91__lp__93__,"triglyceride (1-16:0, 2-18:1, 3-18:1) [lipid particle]"
BIOMD0000001063,s_3077__91__lp__93__,"triglyceride (1-16:1, 2-16:1, 3-18:1) [lipid particle]"
BIOMD0000001063,s_3078__91__lp__93__,"triglyceride (1-16:1, 2-18:1, 3-18:1) [lipid particle]"
BIOMD0000001063,s_3079__91__lp__93__,"triglyceride (1-18:0, 2-16:1, 3-18:1) [lipid particle]"
BIOMD0000001063,s_3080__91__lp__93__,"triglyceride (1-18:0, 2-18:1, 3-18:1) [lipid particle]"
BIOMD0000001063,s_3081__91__lp__93__,"triglyceride (1-18:1, 2-16:1, 3-18:1) [lipid particle]"
BIOMD0000001063,s_3082__91__lp__93__,"triglyceride (1-18:1, 2-18:1, 3-18:1) [lipid particle]"
BIOMD0000001063,s_3083__91__erm__93__,CTP [endoplasmic reticulum membrane]
BIOMD0000001063,s_3084__91__erm__93__,"CDP-diacylglycerol (1-16:0, 2-16:1) [endoplasmic reticulum membrane]"
BIOMD0000001063,s_3085__91__erm__93__,"CDP-diacylglycerol (1-16:1, 2-16:1) [endoplasmic reticulum membrane]"
BIOMD0000001063,s_3086__91__erm__93__,"CDP-diacylglycerol (1-18:0, 2-16:1) [endoplasmic reticulum membrane]"
BIOMD0000001063,s_3087__91__erm__93__,"CDP-diacylglycerol (1-18:1, 2-16:1) [endoplasmic reticulum membrane]"
BIOMD0000001063,s_3088__91__erm__93__,"CDP-diacylglycerol (1-16:0, 2-18:1) [endoplasmic reticulum membrane]"
BIOMD0000001063,s_3089__91__erm__93__,"CDP-diacylglycerol (1-16:1, 2-18:1) [endoplasmic reticulum membrane]"
BIOMD0000001063,s_3090__91__erm__93__,"CDP-diacylglycerol (1-18:0, 2-18:1) [endoplasmic reticulum membrane]"
BIOMD0000001063,s_3091__91__erm__93__,"CDP-diacylglycerol (1-18:1, 2-18:1) [endoplasmic reticulum membrane]"
BIOMD0000001063,s_3092__91__mm__93__,"phosphatidate (1-16:0, 2-16:1) [mitochondrial membrane]"
BIOMD0000001063,s_3093__91__mm__93__,CTP [mitochondrial membrane]
BIOMD0000001063,s_3094__91__mm__93__,H+ [mitochondrial membrane]
BIOMD0000001063,s_3095__91__mm__93__,diphosphate [mitochondrial membrane]
BIOMD0000001063,s_3096__91__mm__93__,"CDP-diacylglycerol (1-16:0, 2-16:1) [mitochondrial membrane]"
BIOMD0000001063,s_3097__91__mm__93__,"phosphatidate (1-16:1, 2-16:1) [mitochondrial membrane]"
BIOMD0000001063,s_3098__91__mm__93__,"CDP-diacylglycerol (1-16:1, 2-16:1) [mitochondrial membrane]"
BIOMD0000001063,s_3099__91__mm__93__,"phosphatidate (1-18:0, 2-16:1) [mitochondrial membrane]"
BIOMD0000001063,s_3100__91__mm__93__,"CDP-diacylglycerol (1-18:0, 2-16:1) [mitochondrial membrane]"
BIOMD0000001063,s_3101__91__mm__93__,"phosphatidate (1-18:1, 2-16:1) [mitochondrial membrane]"
BIOMD0000001063,s_3102__91__mm__93__,"CDP-diacylglycerol (1-18:1, 2-16:1) [mitochondrial membrane]"
BIOMD0000001063,s_3103__91__mm__93__,"phosphatidate (1-16:0, 2-18:1) [mitochondrial membrane]"
BIOMD0000001063,s_3104__91__mm__93__,"CDP-diacylglycerol (1-16:0, 2-18:1) [mitochondrial membrane]"
BIOMD0000001063,s_3105__91__mm__93__,"phosphatidate (1-16:1, 2-18:1) [mitochondrial membrane]"
BIOMD0000001063,s_3106__91__mm__93__,"CDP-diacylglycerol (1-16:1, 2-18:1) [mitochondrial membrane]"
BIOMD0000001063,s_3107__91__erm__93__,L-serine [endoplasmic reticulum membrane]
BIOMD0000001063,s_3108__91__erm__93__,CMP [endoplasmic reticulum membrane]
BIOMD0000001063,s_3109__91__erm__93__,"phosphatidyl-L-serine (1-16:0, 2-16:1) [endoplasmic reticulum membrane]"
BIOMD0000001063,s_3110__91__erm__93__,"phosphatidyl-L-serine (1-16:1, 2-16:1) [endoplasmic reticulum membrane]"
BIOMD0000001063,s_3111__91__erm__93__,"phosphatidyl-L-serine (1-18:0, 2-16:1) [endoplasmic reticulum membrane]"
BIOMD0000001063,s_3112__91__erm__93__,"phosphatidyl-L-serine (1-18:1, 2-16:1) [endoplasmic reticulum membrane]"
BIOMD0000001063,s_3113__91__erm__93__,"phosphatidyl-L-serine (1-16:0, 2-18:1) [endoplasmic reticulum membrane]"
BIOMD0000001063,s_3114__91__erm__93__,"phosphatidyl-L-serine (1-16:1, 2-18:1) [endoplasmic reticulum membrane]"
BIOMD0000001063,s_3115__91__erm__93__,"phosphatidyl-L-serine (1-18:0, 2-18:1) [endoplasmic reticulum membrane]"
BIOMD0000001063,s_3116__91__erm__93__,"phosphatidyl-L-serine (1-18:1, 2-18:1) [endoplasmic reticulum membrane]"
BIOMD0000001063,s_3117__91__erm__93__,myo-inositol [endoplasmic reticulum membrane]
BIOMD0000001063,s_3118__91__erm__93__,"1-phosphatidyl-1D-myo-inositol (1-16:0, 2-16:1) [endoplasmic reticulum membrane]"
BIOMD0000001063,s_3119__91__erm__93__,"1-phosphatidyl-1D-myo-inositol (1-16:1, 2-16:1) [endoplasmic reticulum membrane]"
BIOMD0000001063,s_3120__91__erm__93__,"1-phosphatidyl-1D-myo-inositol (1-18:0, 2-16:1) [endoplasmic reticulum membrane]"
BIOMD0000001063,s_3121__91__erm__93__,"1-phosphatidyl-1D-myo-inositol (1-18:1, 2-16:1) [endoplasmic reticulum membrane]"
BIOMD0000001063,s_3122__91__erm__93__,"1-phosphatidyl-1D-myo-inositol (1-16:0, 2-18:1) [endoplasmic reticulum membrane]"
BIOMD0000001063,s_3123__91__erm__93__,"1-phosphatidyl-1D-myo-inositol (1-16:1, 2-18:1) [endoplasmic reticulum membrane]"
BIOMD0000001063,s_3124__91__erm__93__,"1-phosphatidyl-1D-myo-inositol (1-18:0, 2-18:1) [endoplasmic reticulum membrane]"
BIOMD0000001063,s_3125__91__erm__93__,"1-phosphatidyl-1D-myo-inositol (1-18:1, 2-18:1) [endoplasmic reticulum membrane]"
BIOMD0000001063,s_3126__91__erm__93__,sn-2-acyl-1-lysophosphatidylinositol (16:1) [endoplasmic reticulum membrane]
BIOMD0000001063,s_3127__91__erm__93__,sn-2-acyl-1-lysophosphatidylinositol (18:1) [endoplasmic reticulum membrane]
BIOMD0000001063,s_3128__91__mm__93__,"phosphatidyl-L-serine (1-16:0, 2-16:1) [mitochondrial membrane]"
BIOMD0000001063,s_3129__91__mm__93__,carbon dioxide [mitochondrial membrane]
BIOMD0000001063,s_3130__91__mm__93__,"phosphatidylethanolamine (1-16:0, 2-16:1) [mitochondrial membrane]"
BIOMD0000001063,s_3131__91__mm__93__,"phosphatidyl-L-serine (1-16:1, 2-16:1) [mitochondrial membrane]"
BIOMD0000001063,s_3132__91__mm__93__,"phosphatidylethanolamine (1-16:1, 2-16:1) [mitochondrial membrane]"
BIOMD0000001063,s_3133__91__mm__93__,"phosphatidyl-L-serine (1-18:0, 2-16:1) [mitochondrial membrane]"
BIOMD0000001063,s_3134__91__mm__93__,"phosphatidylethanolamine (1-18:0, 2-16:1) [mitochondrial membrane]"
BIOMD0000001063,s_3135__91__mm__93__,"phosphatidyl-L-serine (1-18:1, 2-16:1) [mitochondrial membrane]"
BIOMD0000001063,s_3136__91__mm__93__,"phosphatidylethanolamine (1-18:1, 2-16:1) [mitochondrial membrane]"
BIOMD0000001063,s_3137__91__mm__93__,"phosphatidyl-L-serine (1-16:0, 2-18:1) [mitochondrial membrane]"
BIOMD0000001063,s_3138__91__mm__93__,"phosphatidylethanolamine (1-16:0, 2-18:1) [mitochondrial membrane]"
BIOMD0000001063,s_3139__91__mm__93__,"phosphatidyl-L-serine (1-16:1, 2-18:1) [mitochondrial membrane]"
BIOMD0000001063,s_3140__91__mm__93__,"phosphatidylethanolamine (1-16:1, 2-18:1) [mitochondrial membrane]"
BIOMD0000001063,s_3141__91__mm__93__,"phosphatidyl-L-serine (1-18:0, 2-18:1) [mitochondrial membrane]"
BIOMD0000001063,s_3142__91__mm__93__,"phosphatidylethanolamine (1-18:0, 2-18:1) [mitochondrial membrane]"
BIOMD0000001063,s_3143__91__mm__93__,"phosphatidyl-L-serine (1-18:1, 2-18:1) [mitochondrial membrane]"
BIOMD0000001063,s_3144__91__mm__93__,"phosphatidylethanolamine (1-18:1, 2-18:1) [mitochondrial membrane]"
BIOMD0000001063,s_3145__91__gm__93__,"phosphatidyl-L-serine (1-16:0, 2-16:1) [Golgi membrane]"
BIOMD0000001063,s_3146__91__gm__93__,H+ [Golgi membrane]
BIOMD0000001063,s_3147__91__gm__93__,carbon dioxide [Golgi membrane]
BIOMD0000001063,s_3148__91__gm__93__,"phosphatidylethanolamine (1-16:0, 2-16:1) [Golgi membrane]"
BIOMD0000001063,s_3149__91__gm__93__,"phosphatidyl-L-serine (1-16:1, 2-16:1) [Golgi membrane]"
BIOMD0000001063,s_3150__91__gm__93__,"phosphatidylethanolamine (1-16:1, 2-16:1) [Golgi membrane]"
BIOMD0000001063,s_3151__91__gm__93__,"phosphatidyl-L-serine (1-18:0, 2-16:1) [Golgi membrane]"
BIOMD0000001063,s_3152__91__gm__93__,"phosphatidylethanolamine (1-18:0, 2-16:1) [Golgi membrane]"
BIOMD0000001063,s_3153__91__gm__93__,"phosphatidyl-L-serine (1-18:1, 2-16:1) [Golgi membrane]"
BIOMD0000001063,s_3154__91__gm__93__,"phosphatidylethanolamine (1-18:1, 2-16:1) [Golgi membrane]"
BIOMD0000001063,s_3155__91__gm__93__,"phosphatidyl-L-serine (1-16:0, 2-18:1) [Golgi membrane]"
BIOMD0000001063,s_3156__91__gm__93__,"phosphatidylethanolamine (1-16:0, 2-18:1) [Golgi membrane]"
BIOMD0000001063,s_3157__91__gm__93__,"phosphatidyl-L-serine (1-16:1, 2-18:1) [Golgi membrane]"
BIOMD0000001063,s_3158__91__gm__93__,"phosphatidylethanolamine (1-16:1, 2-18:1) [Golgi membrane]"
BIOMD0000001063,s_3159__91__gm__93__,"phosphatidyl-L-serine (1-18:0, 2-18:1) [Golgi membrane]"
BIOMD0000001063,s_3160__91__gm__93__,"phosphatidylethanolamine (1-18:0, 2-18:1) [Golgi membrane]"
BIOMD0000001063,s_3161__91__gm__93__,"phosphatidyl-L-serine (1-18:1, 2-18:1) [Golgi membrane]"
BIOMD0000001063,s_3162__91__gm__93__,"phosphatidylethanolamine (1-18:1, 2-18:1) [Golgi membrane]"
BIOMD0000001063,s_3163__91__vm__93__,"phosphatidyl-L-serine (1-16:0, 2-16:1) [vacuolar membrane]"
BIOMD0000001063,s_3164__91__vm__93__,H+ [vacuolar membrane]
BIOMD0000001063,s_3165__91__vm__93__,carbon dioxide [vacuolar membrane]
BIOMD0000001063,s_3166__91__vm__93__,"phosphatidylethanolamine (1-16:0, 2-16:1) [vacuolar membrane]"
BIOMD0000001063,s_3167__91__vm__93__,"phosphatidyl-L-serine (1-16:1, 2-16:1) [vacuolar membrane]"
BIOMD0000001063,s_3168__91__vm__93__,"phosphatidylethanolamine (1-16:1, 2-16:1) [vacuolar membrane]"
BIOMD0000001063,s_3169__91__vm__93__,"phosphatidyl-L-serine (1-18:0, 2-16:1) [vacuolar membrane]"
BIOMD0000001063,s_3170__91__vm__93__,"phosphatidylethanolamine (1-18:0, 2-16:1) [vacuolar membrane]"
BIOMD0000001063,s_3171__91__vm__93__,"phosphatidyl-L-serine (1-18:1, 2-16:1) [vacuolar membrane]"
BIOMD0000001063,s_3172__91__vm__93__,"phosphatidylethanolamine (1-18:1, 2-16:1) [vacuolar membrane]"
BIOMD0000001063,s_3173__91__vm__93__,"phosphatidyl-L-serine (1-16:0, 2-18:1) [vacuolar membrane]"
BIOMD0000001063,s_3174__91__vm__93__,"phosphatidylethanolamine (1-16:0, 2-18:1) [vacuolar membrane]"
BIOMD0000001063,s_3175__91__vm__93__,"phosphatidyl-L-serine (1-16:1, 2-18:1) [vacuolar membrane]"
BIOMD0000001063,s_3176__91__vm__93__,"phosphatidylethanolamine (1-16:1, 2-18:1) [vacuolar membrane]"
BIOMD0000001063,s_3177__91__vm__93__,"phosphatidyl-L-serine (1-18:0, 2-18:1) [vacuolar membrane]"
BIOMD0000001063,s_3178__91__vm__93__,"phosphatidylethanolamine (1-18:0, 2-18:1) [vacuolar membrane]"
BIOMD0000001063,s_3179__91__vm__93__,"phosphatidyl-L-serine (1-18:1, 2-18:1) [vacuolar membrane]"
BIOMD0000001063,s_3180__91__vm__93__,"phosphatidylethanolamine (1-18:1, 2-18:1) [vacuolar membrane]"
BIOMD0000001063,s_3181__91__erm__93__,"phosphatidylethanolamine (1-16:0, 2-16:1) [endoplasmic reticulum membrane]"
BIOMD0000001063,s_3182__91__erm__93__,S-adenosyl-L-methionine [endoplasmic reticulum membrane]
BIOMD0000001063,s_3183__91__erm__93__,S-adenosyl-L-homocysteine [endoplasmic reticulum membrane]
BIOMD0000001063,s_3184__91__erm__93__,"phosphatidyl-N-methylethanolamine (1-16:0, 2-16:1) [endoplasmic reticulum membrane]"
BIOMD0000001063,s_3185__91__erm__93__,"phosphatidylethanolamine (1-16:1, 2-16:1) [endoplasmic reticulum membrane]"
BIOMD0000001063,s_3186__91__erm__93__,"phosphatidyl-N-methylethanolamine (1-16:1, 2-16:1) [endoplasmic reticulum membrane]"
BIOMD0000001063,s_3187__91__erm__93__,"phosphatidylethanolamine (1-18:0, 2-16:1) [endoplasmic reticulum membrane]"
BIOMD0000001063,s_3188__91__erm__93__,"phosphatidyl-N-methylethanolamine (1-18:0, 2-16:1) [endoplasmic reticulum membrane]"
BIOMD0000001063,s_3189__91__erm__93__,"phosphatidylethanolamine (1-18:1, 2-16:1) [endoplasmic reticulum membrane]"
BIOMD0000001063,s_3190__91__erm__93__,"phosphatidyl-N-methylethanolamine (1-18:1, 2-16:1) [endoplasmic reticulum membrane]"
BIOMD0000001063,s_3191__91__erm__93__,"phosphatidylethanolamine (1-16:0, 2-18:1) [endoplasmic reticulum membrane]"
BIOMD0000001063,s_3192__91__erm__93__,"phosphatidyl-N-methylethanolamine (1-16:0, 2-18:1) [endoplasmic reticulum membrane]"
BIOMD0000001063,s_3193__91__erm__93__,"phosphatidylethanolamine (1-16:1, 2-18:1) [endoplasmic reticulum membrane]"
BIOMD0000001063,s_3194__91__erm__93__,"phosphatidyl-N-methylethanolamine (1-16:1, 2-18:1) [endoplasmic reticulum membrane]"
BIOMD0000001063,s_3195__91__erm__93__,"phosphatidylethanolamine (1-18:0, 2-18:1) [endoplasmic reticulum membrane]"
BIOMD0000001063,s_3196__91__erm__93__,"phosphatidyl-N-methylethanolamine (1-18:0, 2-18:1) [endoplasmic reticulum membrane]"
BIOMD0000001063,s_3197__91__erm__93__,"phosphatidylethanolamine (1-18:1, 2-18:1) [endoplasmic reticulum membrane]"
BIOMD0000001063,s_3198__91__erm__93__,"phosphatidyl-N-methylethanolamine (1-18:1, 2-18:1) [endoplasmic reticulum membrane]"
BIOMD0000001063,s_3199__91__erm__93__,"phosphatidyl-N,N-dimethylethanolamine (1-16:0, 2-16:1) [endoplasmic reticulum membrane]"
BIOMD0000001063,s_3200__91__erm__93__,"phosphatidyl-N,N-dimethylethanolamine (1-16:1, 2-16:1) [endoplasmic reticulum membrane]"
BIOMD0000001063,s_3201__91__erm__93__,"phosphatidyl-N,N-dimethylethanolamine (1-18:0, 2-16:1) [endoplasmic reticulum membrane]"
BIOMD0000001063,s_3202__91__erm__93__,"phosphatidyl-N,N-dimethylethanolamine (1-18:1, 2-16:1) [endoplasmic reticulum membrane]"
BIOMD0000001063,s_3203__91__erm__93__,"phosphatidyl-N,N-dimethylethanolamine (1-16:0, 2-18:1) [endoplasmic reticulum membrane]"
BIOMD0000001063,s_3204__91__erm__93__,"phosphatidyl-N,N-dimethylethanolamine (1-16:1, 2-18:1) [endoplasmic reticulum membrane]"
BIOMD0000001063,s_3205__91__erm__93__,"phosphatidyl-N,N-dimethylethanolamine (1-18:0, 2-18:1) [endoplasmic reticulum membrane]"
BIOMD0000001063,s_3206__91__erm__93__,"phosphatidyl-N,N-dimethylethanolamine (1-18:1, 2-18:1) [endoplasmic reticulum membrane]"
BIOMD0000001063,s_3207__91__erm__93__,"phosphatidylcholine (1-16:0, 2-16:1) [endoplasmic reticulum membrane]"
BIOMD0000001063,s_3208__91__erm__93__,"phosphatidylcholine (1-16:1, 2-16:1) [endoplasmic reticulum membrane]"
BIOMD0000001063,s_3209__91__erm__93__,"phosphatidylcholine (1-18:0, 2-16:1) [endoplasmic reticulum membrane]"
BIOMD0000001063,s_3210__91__erm__93__,"phosphatidylcholine (1-18:1, 2-16:1) [endoplasmic reticulum membrane]"
BIOMD0000001063,s_3211__91__erm__93__,"phosphatidylcholine (1-16:0, 2-18:1) [endoplasmic reticulum membrane]"
BIOMD0000001063,s_3212__91__erm__93__,"phosphatidylcholine (1-16:1, 2-18:1) [endoplasmic reticulum membrane]"
BIOMD0000001063,s_3213__91__erm__93__,"phosphatidylcholine (1-18:0, 2-18:1) [endoplasmic reticulum membrane]"
BIOMD0000001063,s_3214__91__erm__93__,"phosphatidylcholine (1-18:1, 2-18:1) [endoplasmic reticulum membrane]"
BIOMD0000001063,s_3215__91__erm__93__,CDP [endoplasmic reticulum membrane]
BIOMD0000001063,s_3216__91__erm__93__,CDP-ethanolamine [endoplasmic reticulum membrane]
BIOMD0000001063,s_3217__91__erm__93__,CDP-choline [endoplasmic reticulum membrane]
BIOMD0000001063,s_3218__91__mm__93__,glycerol 3-phosphate [mitochondrial membrane]
BIOMD0000001063,s_3219__91__mm__93__,CMP [mitochondrial membrane]
BIOMD0000001063,s_3220__91__mm__93__,"3-(3-sn-phosphatidyl)-sn-glycerol 1-phosphate (1-16:0, 2-16:1) [mitochondrial membrane]"
BIOMD0000001063,s_3221__91__mm__93__,"3-(3-sn-phosphatidyl)-sn-glycerol 1-phosphate (1-16:1, 2-16:1) [mitochondrial membrane]"
BIOMD0000001063,s_3222__91__mm__93__,"3-(3-sn-phosphatidyl)-sn-glycerol 1-phosphate (1-18:0, 2-16:1) [mitochondrial membrane]"
BIOMD0000001063,s_3223__91__mm__93__,"3-(3-sn-phosphatidyl)-sn-glycerol 1-phosphate (1-18:1, 2-16:1) [mitochondrial membrane]"
BIOMD0000001063,s_3224__91__mm__93__,"3-(3-sn-phosphatidyl)-sn-glycerol 1-phosphate (1-16:0, 2-18:1) [mitochondrial membrane]"
BIOMD0000001063,s_3225__91__mm__93__,"3-(3-sn-phosphatidyl)-sn-glycerol 1-phosphate (1-16:1, 2-18:1) [mitochondrial membrane]"
BIOMD0000001063,s_3226__91__mm__93__,H2O [mitochondrial membrane]
BIOMD0000001063,s_3227__91__mm__93__,"phosphatidylglycerol (1-16:0, 2-16:1) [mitochondrial membrane]"
BIOMD0000001063,s_3228__91__mm__93__,phosphate [mitochondrial membrane]
BIOMD0000001063,s_3229__91__mm__93__,"phosphatidylglycerol (1-16:1, 2-16:1) [mitochondrial membrane]"
BIOMD0000001063,s_3230__91__mm__93__,"phosphatidylglycerol (1-18:0, 2-16:1) [mitochondrial membrane]"
BIOMD0000001063,s_3231__91__mm__93__,"phosphatidylglycerol (1-18:1, 2-16:1) [mitochondrial membrane]"
BIOMD0000001063,s_3232__91__mm__93__,"phosphatidylglycerol (1-16:0, 2-18:1) [mitochondrial membrane]"
BIOMD0000001063,s_3233__91__mm__93__,"phosphatidylglycerol (1-16:1, 2-18:1) [mitochondrial membrane]"
BIOMD0000001063,s_3234__91__mm__93__,"cardiolipin (1-16:0, 2-16:1, 3-16:0, 4-16:1) [mitochondrial membrane]"
BIOMD0000001063,s_3235__91__mm__93__,"cardiolipin (1-16:0, 2-16:1, 3-16:1, 4-16:1) [mitochondrial membrane]"
BIOMD0000001063,s_3236__91__mm__93__,"cardiolipin (1-16:0, 2-16:1, 3-18:0, 4-16:1) [mitochondrial membrane]"
BIOMD0000001063,s_3237__91__mm__93__,"cardiolipin (1-16:0, 2-16:1, 3-18:1, 4-16:1) [mitochondrial membrane]"
BIOMD0000001063,s_3238__91__mm__93__,"cardiolipin (1-16:0, 2-16:1, 3-16:0, 4-18:1) [mitochondrial membrane]"
BIOMD0000001063,s_3239__91__mm__93__,"cardiolipin (1-16:0, 2-16:1, 3-16:1, 4-18:1) [mitochondrial membrane]"
BIOMD0000001063,s_3240__91__mm__93__,"cardiolipin (1-16:1, 2-16:1, 3-16:0, 4-16:1) [mitochondrial membrane]"
BIOMD0000001063,s_3241__91__mm__93__,"cardiolipin (1-16:1, 2-16:1, 3-16:1, 4-16:1) [mitochondrial membrane]"
BIOMD0000001063,s_3242__91__mm__93__,"cardiolipin (1-16:1, 2-16:1, 3-18:0, 4-16:1) [mitochondrial membrane]"
BIOMD0000001063,s_3243__91__mm__93__,"cardiolipin (1-16:1, 2-16:1, 3-18:1, 4-16:1) [mitochondrial membrane]"
BIOMD0000001063,s_3244__91__mm__93__,"cardiolipin (1-16:1, 2-16:1, 3-16:0, 4-18:1) [mitochondrial membrane]"
BIOMD0000001063,s_3245__91__mm__93__,"cardiolipin (1-16:1, 2-16:1, 3-16:1, 4-18:1) [mitochondrial membrane]"
BIOMD0000001063,s_3246__91__mm__93__,"cardiolipin (1-18:0, 2-16:1, 3-16:0, 4-16:1) [mitochondrial membrane]"
BIOMD0000001063,s_3247__91__mm__93__,"cardiolipin (1-18:0, 2-16:1, 3-16:1, 4-16:1) [mitochondrial membrane]"
BIOMD0000001063,s_3248__91__mm__93__,"cardiolipin (1-18:0, 2-16:1, 3-18:0, 4-16:1) [mitochondrial membrane]"
BIOMD0000001063,s_3249__91__mm__93__,"cardiolipin (1-18:0, 2-16:1, 3-18:1, 4-16:1) [mitochondrial membrane]"
BIOMD0000001063,s_3250__91__mm__93__,"cardiolipin (1-18:0, 2-16:1, 3-16:0, 4-18:1) [mitochondrial membrane]"
BIOMD0000001063,s_3251__91__mm__93__,"cardiolipin (1-18:0, 2-16:1, 3-16:1, 4-18:1) [mitochondrial membrane]"
BIOMD0000001063,s_3252__91__mm__93__,"cardiolipin (1-18:1, 2-16:1, 3-16:0, 4-16:1) [mitochondrial membrane]"
BIOMD0000001063,s_3253__91__mm__93__,"cardiolipin (1-18:1, 2-16:1, 3-16:1, 4-16:1) [mitochondrial membrane]"
BIOMD0000001063,s_3254__91__mm__93__,"cardiolipin (1-18:1, 2-16:1, 3-18:0, 4-16:1) [mitochondrial membrane]"
BIOMD0000001063,s_3255__91__mm__93__,"cardiolipin (1-18:1, 2-16:1, 3-18:1, 4-16:1) [mitochondrial membrane]"
BIOMD0000001063,s_3256__91__mm__93__,"cardiolipin (1-18:1, 2-16:1, 3-16:0, 4-18:1) [mitochondrial membrane]"
BIOMD0000001063,s_3257__91__mm__93__,"cardiolipin (1-18:1, 2-16:1, 3-16:1, 4-18:1) [mitochondrial membrane]"
BIOMD0000001063,s_3258__91__mm__93__,"cardiolipin (1-16:0, 2-18:1, 3-16:0, 4-16:1) [mitochondrial membrane]"
BIOMD0000001063,s_3259__91__mm__93__,"cardiolipin (1-16:0, 2-18:1, 3-16:1, 4-16:1) [mitochondrial membrane]"
BIOMD0000001063,s_3260__91__mm__93__,"cardiolipin (1-16:0, 2-18:1, 3-18:0, 4-16:1) [mitochondrial membrane]"
BIOMD0000001063,s_3261__91__mm__93__,"cardiolipin (1-16:0, 2-18:1, 3-18:1, 4-16:1) [mitochondrial membrane]"
BIOMD0000001063,s_3262__91__mm__93__,"cardiolipin (1-16:0, 2-18:1, 3-16:0, 4-18:1) [mitochondrial membrane]"
BIOMD0000001063,s_3263__91__mm__93__,"cardiolipin (1-16:0, 2-18:1, 3-16:1, 4-18:1) [mitochondrial membrane]"
BIOMD0000001063,s_3264__91__mm__93__,"cardiolipin (1-16:1, 2-18:1, 3-16:0, 4-16:1) [mitochondrial membrane]"
BIOMD0000001063,s_3265__91__mm__93__,"cardiolipin (1-16:1, 2-18:1, 3-16:1, 4-16:1) [mitochondrial membrane]"
BIOMD0000001063,s_3266__91__mm__93__,"cardiolipin (1-16:1, 2-18:1, 3-18:0, 4-16:1) [mitochondrial membrane]"
BIOMD0000001063,s_3267__91__mm__93__,"cardiolipin (1-16:1, 2-18:1, 3-18:1, 4-16:1) [mitochondrial membrane]"
BIOMD0000001063,s_3268__91__mm__93__,"cardiolipin (1-16:1, 2-18:1, 3-16:0, 4-18:1) [mitochondrial membrane]"
BIOMD0000001063,s_3269__91__mm__93__,"cardiolipin (1-16:1, 2-18:1, 3-16:1, 4-18:1) [mitochondrial membrane]"
BIOMD0000001063,s_3270__91__mm__93__,"monolysocardiolipin (2-16:1, 3-16:0, 4-16:1) [mitochondrial membrane]"
BIOMD0000001063,s_3271__91__mm__93__,palmitate [mitochondrial membrane]
BIOMD0000001063,s_3272__91__mm__93__,"monolysocardiolipin (2-16:1, 3-16:1, 4-16:1) [mitochondrial membrane]"
BIOMD0000001063,s_3273__91__mm__93__,"monolysocardiolipin (2-16:1, 3-18:0, 4-16:1) [mitochondrial membrane]"
BIOMD0000001063,s_3274__91__mm__93__,"monolysocardiolipin (2-16:1, 3-18:1, 4-16:1) [mitochondrial membrane]"
BIOMD0000001063,s_3275__91__mm__93__,"monolysocardiolipin (2-16:1, 3-16:0, 4-18:1) [mitochondrial membrane]"
BIOMD0000001063,s_3276__91__mm__93__,"monolysocardiolipin (2-16:1, 3-16:1, 4-18:1) [mitochondrial membrane]"
BIOMD0000001063,s_3277__91__mm__93__,stearate [mitochondrial membrane]
BIOMD0000001063,s_3278__91__mm__93__,"monolysocardiolipin (2-18:1, 3-16:0, 4-16:1) [mitochondrial membrane]"
BIOMD0000001063,s_3279__91__mm__93__,"monolysocardiolipin (2-18:1, 3-16:1, 4-16:1) [mitochondrial membrane]"
BIOMD0000001063,s_3280__91__mm__93__,"monolysocardiolipin (2-18:1, 3-18:0, 4-16:1) [mitochondrial membrane]"
BIOMD0000001063,s_3281__91__mm__93__,"monolysocardiolipin (2-18:1, 3-18:1, 4-16:1) [mitochondrial membrane]"
BIOMD0000001063,s_3282__91__mm__93__,"monolysocardiolipin (2-18:1, 3-16:0, 4-18:1) [mitochondrial membrane]"
BIOMD0000001063,s_3283__91__mm__93__,"monolysocardiolipin (2-18:1, 3-16:1, 4-18:1) [mitochondrial membrane]"
BIOMD0000001063,s_3284__91__mm__93__,"monolysocardiolipin (1-16:0, 2-16:1, 4-16:1) [mitochondrial membrane]"
BIOMD0000001063,s_3285__91__mm__93__,"monolysocardiolipin (1-16:0, 2-16:1, 4-18:1) [mitochondrial membrane]"
BIOMD0000001063,s_3286__91__mm__93__,"monolysocardiolipin (1-16:1, 2-16:1, 4-16:1) [mitochondrial membrane]"
BIOMD0000001063,s_3287__91__mm__93__,"monolysocardiolipin (1-16:1, 2-16:1, 4-18:1) [mitochondrial membrane]"
BIOMD0000001063,s_3288__91__mm__93__,"monolysocardiolipin (1-18:0, 2-16:1, 4-16:1) [mitochondrial membrane]"
BIOMD0000001063,s_3289__91__mm__93__,"monolysocardiolipin (1-18:0, 2-16:1, 4-18:1) [mitochondrial membrane]"
BIOMD0000001063,s_3290__91__mm__93__,"monolysocardiolipin (1-18:1, 2-16:1, 4-16:1) [mitochondrial membrane]"
BIOMD0000001063,s_3291__91__mm__93__,"monolysocardiolipin (1-18:1, 2-16:1, 4-18:1) [mitochondrial membrane]"
BIOMD0000001063,s_3292__91__mm__93__,"monolysocardiolipin (1-16:0, 2-18:1, 4-16:1) [mitochondrial membrane]"
BIOMD0000001063,s_3293__91__mm__93__,"monolysocardiolipin (1-16:0, 2-18:1, 4-18:1) [mitochondrial membrane]"
BIOMD0000001063,s_3294__91__mm__93__,"monolysocardiolipin (1-16:1, 2-18:1, 4-16:1) [mitochondrial membrane]"
BIOMD0000001063,s_3295__91__mm__93__,"monolysocardiolipin (1-16:1, 2-18:1, 4-18:1) [mitochondrial membrane]"
BIOMD0000001063,s_3296__91__mm__93__,"phosphatidylcholine (1-16:0, 2-16:1) [mitochondrial membrane]"
BIOMD0000001063,s_3297__91__mm__93__,1-acylglycerophosphocholine (16:0) [mitochondrial membrane]
BIOMD0000001063,s_3298__91__mm__93__,"phosphatidylcholine (1-16:1, 2-16:1) [mitochondrial membrane]"
BIOMD0000001063,s_3299__91__mm__93__,1-acylglycerophosphocholine (16:1) [mitochondrial membrane]
BIOMD0000001063,s_3300__91__mm__93__,"phosphatidylcholine (1-18:0, 2-16:1) [mitochondrial membrane]"
BIOMD0000001063,s_3301__91__mm__93__,1-acylglycerophosphocholine (18:0) [mitochondrial membrane]
BIOMD0000001063,s_3302__91__mm__93__,"phosphatidylcholine (1-18:1, 2-16:1) [mitochondrial membrane]"
BIOMD0000001063,s_3303__91__mm__93__,1-acylglycerophosphocholine (18:1) [mitochondrial membrane]
BIOMD0000001063,s_3304__91__mm__93__,"phosphatidylcholine (1-16:0, 2-18:1) [mitochondrial membrane]"
BIOMD0000001063,s_3305__91__mm__93__,"phosphatidylcholine (1-16:1, 2-18:1) [mitochondrial membrane]"
BIOMD0000001063,s_3306__91__mm__93__,"phosphatidylcholine (1-18:0, 2-18:1) [mitochondrial membrane]"
BIOMD0000001063,s_3307__91__mm__93__,"phosphatidylcholine (1-18:1, 2-18:1) [mitochondrial membrane]"
BIOMD0000001063,s_3308__91__mm__93__,"cardiolipin (1-18:1, 2-18:1, 3-16:0, 4-16:1) [mitochondrial membrane]"
BIOMD0000001063,s_3309__91__mm__93__,"cardiolipin (1-18:1, 2-18:1, 3-16:1, 4-16:1) [mitochondrial membrane]"
BIOMD0000001063,s_3310__91__mm__93__,"cardiolipin (1-18:1, 2-18:1, 3-18:0, 4-16:1) [mitochondrial membrane]"
BIOMD0000001063,s_3311__91__mm__93__,"cardiolipin (1-18:1, 2-18:1, 3-18:1, 4-16:1) [mitochondrial membrane]"
BIOMD0000001063,s_3312__91__mm__93__,"cardiolipin (1-18:1, 2-18:1, 3-16:0, 4-18:1) [mitochondrial membrane]"
BIOMD0000001063,s_3313__91__mm__93__,"cardiolipin (1-18:1, 2-18:1, 3-16:1, 4-18:1) [mitochondrial membrane]"
BIOMD0000001063,s_3314__91__mm__93__,"cardiolipin (1-16:0, 2-16:1, 3-18:1, 4-18:1) [mitochondrial membrane]"
BIOMD0000001063,s_3315__91__mm__93__,"cardiolipin (1-16:1, 2-16:1, 3-18:1, 4-18:1) [mitochondrial membrane]"
BIOMD0000001063,s_3316__91__mm__93__,"cardiolipin (1-18:0, 2-16:1, 3-18:1, 4-18:1) [mitochondrial membrane]"
BIOMD0000001063,s_3317__91__mm__93__,"cardiolipin (1-18:1, 2-16:1, 3-18:1, 4-18:1) [mitochondrial membrane]"
BIOMD0000001063,s_3318__91__mm__93__,"cardiolipin (1-16:0, 2-18:1, 3-18:1, 4-18:1) [mitochondrial membrane]"
BIOMD0000001063,s_3319__91__mm__93__,"cardiolipin (1-16:1, 2-18:1, 3-18:1, 4-18:1) [mitochondrial membrane]"
BIOMD0000001063,s_3320__91__mm__93__,palmitoleoyl-CoA(4-) [mitochondrial membrane]
BIOMD0000001063,s_3321__91__mm__93__,coenzyme A [mitochondrial membrane]
BIOMD0000001063,s_3322__91__mm__93__,oleoyl-CoA [mitochondrial membrane]
BIOMD0000001063,s_3323__91__ce__93__,"1-phosphatidyl-1D-myo-inositol (1-16:0, 2-16:1) [cell envelope]"
BIOMD0000001063,s_3324__91__ce__93__,ADP [cell envelope]
BIOMD0000001063,s_3325__91__ce__93__,"1-phosphatidyl-1D-myo-inositol 4-phosphate (1-16:0, 2-16:1) [cell envelope]"
BIOMD0000001063,s_3326__91__ce__93__,"1-phosphatidyl-1D-myo-inositol (1-16:1, 2-16:1) [cell envelope]"
BIOMD0000001063,s_3327__91__ce__93__,"1-phosphatidyl-1D-myo-inositol 4-phosphate (1-16:1, 2-16:1) [cell envelope]"
BIOMD0000001063,s_3328__91__ce__93__,"1-phosphatidyl-1D-myo-inositol (1-18:0, 2-16:1) [cell envelope]"
BIOMD0000001063,s_3329__91__ce__93__,"1-phosphatidyl-1D-myo-inositol 4-phosphate (1-18:0, 2-16:1) [cell envelope]"
BIOMD0000001063,s_3330__91__ce__93__,"1-phosphatidyl-1D-myo-inositol (1-18:1, 2-16:1) [cell envelope]"
BIOMD0000001063,s_3331__91__ce__93__,"1-phosphatidyl-1D-myo-inositol 4-phosphate (1-18:1, 2-16:1) [cell envelope]"
BIOMD0000001063,s_3332__91__ce__93__,"1-phosphatidyl-1D-myo-inositol (1-16:0, 2-18:1) [cell envelope]"
BIOMD0000001063,s_3333__91__ce__93__,"1-phosphatidyl-1D-myo-inositol 4-phosphate (1-16:0, 2-18:1) [cell envelope]"
BIOMD0000001063,s_3334__91__ce__93__,"1-phosphatidyl-1D-myo-inositol (1-16:1, 2-18:1) [cell envelope]"
BIOMD0000001063,s_3335__91__ce__93__,"1-phosphatidyl-1D-myo-inositol 4-phosphate (1-16:1, 2-18:1) [cell envelope]"
BIOMD0000001063,s_3336__91__ce__93__,"1-phosphatidyl-1D-myo-inositol (1-18:0, 2-18:1) [cell envelope]"
BIOMD0000001063,s_3337__91__ce__93__,"1-phosphatidyl-1D-myo-inositol 4-phosphate (1-18:0, 2-18:1) [cell envelope]"
BIOMD0000001063,s_3338__91__ce__93__,"1-phosphatidyl-1D-myo-inositol (1-18:1, 2-18:1) [cell envelope]"
BIOMD0000001063,s_3339__91__ce__93__,"1-phosphatidyl-1D-myo-inositol 4-phosphate (1-18:1, 2-18:1) [cell envelope]"
BIOMD0000001063,s_3340__91__vm__93__,"1-phosphatidyl-1D-myo-inositol (1-16:0, 2-16:1) [vacuolar membrane]"
BIOMD0000001063,s_3341__91__vm__93__,ATP [vacuolar membrane]
BIOMD0000001063,s_3342__91__vm__93__,ADP [vacuolar membrane]
BIOMD0000001063,s_3343__91__vm__93__,"1-phosphatidyl-1D-myo-inositol 4-phosphate (1-16:0, 2-16:1) [vacuolar membrane]"
BIOMD0000001063,s_3344__91__vm__93__,"1-phosphatidyl-1D-myo-inositol (1-16:1, 2-16:1) [vacuolar membrane]"
BIOMD0000001063,s_3345__91__vm__93__,"1-phosphatidyl-1D-myo-inositol 4-phosphate (1-16:1, 2-16:1) [vacuolar membrane]"
BIOMD0000001063,s_3346__91__vm__93__,"1-phosphatidyl-1D-myo-inositol (1-18:0, 2-16:1) [vacuolar membrane]"
BIOMD0000001063,s_3347__91__vm__93__,"1-phosphatidyl-1D-myo-inositol 4-phosphate (1-18:0, 2-16:1) [vacuolar membrane]"
BIOMD0000001063,s_3348__91__vm__93__,"1-phosphatidyl-1D-myo-inositol (1-18:1, 2-16:1) [vacuolar membrane]"
BIOMD0000001063,s_3349__91__vm__93__,"1-phosphatidyl-1D-myo-inositol 4-phosphate (1-18:1, 2-16:1) [vacuolar membrane]"
BIOMD0000001063,s_3350__91__vm__93__,"1-phosphatidyl-1D-myo-inositol (1-16:0, 2-18:1) [vacuolar membrane]"
BIOMD0000001063,s_3351__91__vm__93__,"1-phosphatidyl-1D-myo-inositol 4-phosphate (1-16:0, 2-18:1) [vacuolar membrane]"
BIOMD0000001063,s_3352__91__vm__93__,"1-phosphatidyl-1D-myo-inositol (1-16:1, 2-18:1) [vacuolar membrane]"
BIOMD0000001063,s_3353__91__vm__93__,"1-phosphatidyl-1D-myo-inositol 4-phosphate (1-16:1, 2-18:1) [vacuolar membrane]"
BIOMD0000001063,s_3354__91__vm__93__,"1-phosphatidyl-1D-myo-inositol (1-18:0, 2-18:1) [vacuolar membrane]"
BIOMD0000001063,s_3355__91__vm__93__,"1-phosphatidyl-1D-myo-inositol 4-phosphate (1-18:0, 2-18:1) [vacuolar membrane]"
BIOMD0000001063,s_3356__91__vm__93__,"1-phosphatidyl-1D-myo-inositol (1-18:1, 2-18:1) [vacuolar membrane]"
BIOMD0000001063,s_3357__91__vm__93__,"1-phosphatidyl-1D-myo-inositol 4-phosphate (1-18:1, 2-18:1) [vacuolar membrane]"
BIOMD0000001063,s_3358__91__gm__93__,"1-phosphatidyl-1D-myo-inositol (1-16:0, 2-16:1) [Golgi membrane]"
BIOMD0000001063,s_3359__91__gm__93__,ATP [Golgi membrane]
BIOMD0000001063,s_3360__91__gm__93__,ADP [Golgi membrane]
BIOMD0000001063,s_3361__91__gm__93__,"1-phosphatidyl-1D-myo-inositol 4-phosphate (1-16:0, 2-16:1) [Golgi membrane]"
BIOMD0000001063,s_3362__91__gm__93__,"1-phosphatidyl-1D-myo-inositol (1-16:1, 2-16:1) [Golgi membrane]"
BIOMD0000001063,s_3363__91__gm__93__,"1-phosphatidyl-1D-myo-inositol 4-phosphate (1-16:1, 2-16:1) [Golgi membrane]"
BIOMD0000001063,s_3364__91__gm__93__,"1-phosphatidyl-1D-myo-inositol (1-18:0, 2-16:1) [Golgi membrane]"
BIOMD0000001063,s_3365__91__gm__93__,"1-phosphatidyl-1D-myo-inositol 4-phosphate (1-18:0, 2-16:1) [Golgi membrane]"
BIOMD0000001063,s_3366__91__gm__93__,"1-phosphatidyl-1D-myo-inositol (1-18:1, 2-16:1) [Golgi membrane]"
BIOMD0000001063,s_3367__91__gm__93__,"1-phosphatidyl-1D-myo-inositol 4-phosphate (1-18:1, 2-16:1) [Golgi membrane]"
BIOMD0000001063,s_3368__91__gm__93__,"1-phosphatidyl-1D-myo-inositol (1-16:0, 2-18:1) [Golgi membrane]"
BIOMD0000001063,s_3369__91__gm__93__,"1-phosphatidyl-1D-myo-inositol 4-phosphate (1-16:0, 2-18:1) [Golgi membrane]"
BIOMD0000001063,s_3370__91__gm__93__,"1-phosphatidyl-1D-myo-inositol (1-16:1, 2-18:1) [Golgi membrane]"
BIOMD0000001063,s_3371__91__gm__93__,"1-phosphatidyl-1D-myo-inositol 4-phosphate (1-16:1, 2-18:1) [Golgi membrane]"
BIOMD0000001063,s_3372__91__gm__93__,"1-phosphatidyl-1D-myo-inositol (1-18:0, 2-18:1) [Golgi membrane]"
BIOMD0000001063,s_3373__91__gm__93__,"1-phosphatidyl-1D-myo-inositol 4-phosphate (1-18:0, 2-18:1) [Golgi membrane]"
BIOMD0000001063,s_3374__91__gm__93__,"1-phosphatidyl-1D-myo-inositol (1-18:1, 2-18:1) [Golgi membrane]"
BIOMD0000001063,s_3375__91__gm__93__,"1-phosphatidyl-1D-myo-inositol 4-phosphate (1-18:1, 2-18:1) [Golgi membrane]"
BIOMD0000001063,s_3376__91__n__93__,"1-phosphatidyl-1D-myo-inositol (1-16:0, 2-16:1) [nucleus]"
BIOMD0000001063,s_3377__91__n__93__,"1-phosphatidyl-1D-myo-inositol 4-phosphate (1-16:0, 2-16:1) [nucleus]"
BIOMD0000001063,s_3378__91__n__93__,"1-phosphatidyl-1D-myo-inositol (1-16:1, 2-16:1) [nucleus]"
BIOMD0000001063,s_3379__91__n__93__,"1-phosphatidyl-1D-myo-inositol 4-phosphate (1-16:1, 2-16:1) [nucleus]"
BIOMD0000001063,s_3380__91__n__93__,"1-phosphatidyl-1D-myo-inositol (1-18:0, 2-16:1) [nucleus]"
BIOMD0000001063,s_3381__91__n__93__,"1-phosphatidyl-1D-myo-inositol 4-phosphate (1-18:0, 2-16:1) [nucleus]"
BIOMD0000001063,s_3382__91__n__93__,"1-phosphatidyl-1D-myo-inositol (1-18:1, 2-16:1) [nucleus]"
BIOMD0000001063,s_3383__91__n__93__,"1-phosphatidyl-1D-myo-inositol 4-phosphate (1-18:1, 2-16:1) [nucleus]"
BIOMD0000001063,s_3384__91__n__93__,"1-phosphatidyl-1D-myo-inositol (1-16:0, 2-18:1) [nucleus]"
BIOMD0000001063,s_3385__91__n__93__,"1-phosphatidyl-1D-myo-inositol 4-phosphate (1-16:0, 2-18:1) [nucleus]"
BIOMD0000001063,s_3386__91__n__93__,"1-phosphatidyl-1D-myo-inositol (1-16:1, 2-18:1) [nucleus]"
BIOMD0000001063,s_3387__91__n__93__,"1-phosphatidyl-1D-myo-inositol 4-phosphate (1-16:1, 2-18:1) [nucleus]"
BIOMD0000001063,s_3388__91__n__93__,"1-phosphatidyl-1D-myo-inositol (1-18:0, 2-18:1) [nucleus]"
BIOMD0000001063,s_3389__91__n__93__,"1-phosphatidyl-1D-myo-inositol 4-phosphate (1-18:0, 2-18:1) [nucleus]"
BIOMD0000001063,s_3390__91__n__93__,"1-phosphatidyl-1D-myo-inositol (1-18:1, 2-18:1) [nucleus]"
BIOMD0000001063,s_3391__91__n__93__,"1-phosphatidyl-1D-myo-inositol 4-phosphate (1-18:1, 2-18:1) [nucleus]"
BIOMD0000001063,s_3392__91__vm__93__,"1-phosphatidyl-1D-myo-inositol 3-phosphate (1-16:0, 2-16:1) [vacuolar membrane]"
BIOMD0000001063,s_3393__91__vm__93__,"1-phosphatidyl-1D-myo-inositol 3-phosphate (1-16:1, 2-16:1) [vacuolar membrane]"
BIOMD0000001063,s_3394__91__vm__93__,"1-phosphatidyl-1D-myo-inositol 3-phosphate (1-18:0, 2-16:1) [vacuolar membrane]"
BIOMD0000001063,s_3395__91__vm__93__,"1-phosphatidyl-1D-myo-inositol 3-phosphate (1-18:1, 2-16:1) [vacuolar membrane]"
BIOMD0000001063,s_3396__91__vm__93__,"1-phosphatidyl-1D-myo-inositol 3-phosphate (1-16:0, 2-18:1) [vacuolar membrane]"
BIOMD0000001063,s_3397__91__vm__93__,"1-phosphatidyl-1D-myo-inositol 3-phosphate (1-16:1, 2-18:1) [vacuolar membrane]"
BIOMD0000001063,s_3398__91__vm__93__,"1-phosphatidyl-1D-myo-inositol 3-phosphate (1-18:0, 2-18:1) [vacuolar membrane]"
BIOMD0000001063,s_3399__91__vm__93__,"1-phosphatidyl-1D-myo-inositol 3-phosphate (1-18:1, 2-18:1) [vacuolar membrane]"
BIOMD0000001063,s_3400__91__n__93__,"1-phosphatidyl-1D-myo-inositol 4,5-bisphosphate (1-16:0, 2-16:1) [nucleus]"
BIOMD0000001063,s_3401__91__n__93__,"1-phosphatidyl-1D-myo-inositol 4,5-bisphosphate (1-16:1, 2-16:1) [nucleus]"
BIOMD0000001063,s_3402__91__n__93__,"1-phosphatidyl-1D-myo-inositol 4,5-bisphosphate (1-18:0, 2-16:1) [nucleus]"
BIOMD0000001063,s_3403__91__n__93__,"1-phosphatidyl-1D-myo-inositol 4,5-bisphosphate (1-18:1, 2-16:1) [nucleus]"
BIOMD0000001063,s_3404__91__n__93__,"1-phosphatidyl-1D-myo-inositol 4,5-bisphosphate (1-16:0, 2-18:1) [nucleus]"
BIOMD0000001063,s_3405__91__n__93__,"1-phosphatidyl-1D-myo-inositol 4,5-bisphosphate (1-16:1, 2-18:1) [nucleus]"
BIOMD0000001063,s_3406__91__n__93__,"1-phosphatidyl-1D-myo-inositol 4,5-bisphosphate (1-18:0, 2-18:1) [nucleus]"
BIOMD0000001063,s_3407__91__n__93__,"1-phosphatidyl-1D-myo-inositol 4,5-bisphosphate (1-18:1, 2-18:1) [nucleus]"
BIOMD0000001063,s_3408__91__ce__93__,"1-phosphatidyl-1D-myo-inositol 4,5-bisphosphate (1-16:0, 2-16:1) [cell envelope]"
BIOMD0000001063,s_3409__91__ce__93__,"1-phosphatidyl-1D-myo-inositol 4,5-bisphosphate (1-16:1, 2-16:1) [cell envelope]"
BIOMD0000001063,s_3410__91__ce__93__,"1-phosphatidyl-1D-myo-inositol 4,5-bisphosphate (1-18:0, 2-16:1) [cell envelope]"
BIOMD0000001063,s_3411__91__ce__93__,"1-phosphatidyl-1D-myo-inositol 4,5-bisphosphate (1-18:1, 2-16:1) [cell envelope]"
BIOMD0000001063,s_3412__91__ce__93__,"1-phosphatidyl-1D-myo-inositol 4,5-bisphosphate (1-16:0, 2-18:1) [cell envelope]"
BIOMD0000001063,s_3413__91__ce__93__,"1-phosphatidyl-1D-myo-inositol 4,5-bisphosphate (1-16:1, 2-18:1) [cell envelope]"
BIOMD0000001063,s_3414__91__ce__93__,"1-phosphatidyl-1D-myo-inositol 4,5-bisphosphate (1-18:0, 2-18:1) [cell envelope]"
BIOMD0000001063,s_3415__91__ce__93__,"1-phosphatidyl-1D-myo-inositol 4,5-bisphosphate (1-18:1, 2-18:1) [cell envelope]"
BIOMD0000001063,s_3416__91__vm__93__,"1-phosphatidyl-1D-myo-inositol 3,5-bisphosphate (1-16:0, 2-16:1) [vacuolar membrane]"
BIOMD0000001063,s_3417__91__vm__93__,"1-phosphatidyl-1D-myo-inositol 3,5-bisphosphate (1-16:1, 2-16:1) [vacuolar membrane]"
BIOMD0000001063,s_3418__91__vm__93__,"1-phosphatidyl-1D-myo-inositol 3,5-bisphosphate (1-18:0, 2-16:1) [vacuolar membrane]"
BIOMD0000001063,s_3419__91__vm__93__,"1-phosphatidyl-1D-myo-inositol 3,5-bisphosphate (1-18:1, 2-16:1) [vacuolar membrane]"
BIOMD0000001063,s_3420__91__vm__93__,"1-phosphatidyl-1D-myo-inositol 3,5-bisphosphate (1-16:0, 2-18:1) [vacuolar membrane]"
BIOMD0000001063,s_3421__91__vm__93__,"1-phosphatidyl-1D-myo-inositol 3,5-bisphosphate (1-16:1, 2-18:1) [vacuolar membrane]"
BIOMD0000001063,s_3422__91__vm__93__,"1-phosphatidyl-1D-myo-inositol 3,5-bisphosphate (1-18:0, 2-18:1) [vacuolar membrane]"
BIOMD0000001063,s_3423__91__vm__93__,"1-phosphatidyl-1D-myo-inositol 3,5-bisphosphate (1-18:1, 2-18:1) [vacuolar membrane]"
BIOMD0000001063,s_3424__91__erm__93__,1-acylglycerophosphoethanolamine (16:0) [endoplasmic reticulum membrane]
BIOMD0000001063,s_3425__91__erm__93__,1-acylglycerophosphoethanolamine (16:1) [endoplasmic reticulum membrane]
BIOMD0000001063,s_3426__91__erm__93__,1-acylglycerophosphoethanolamine (18:0) [endoplasmic reticulum membrane]
BIOMD0000001063,s_3427__91__erm__93__,1-acylglycerophosphoethanolamine (18:1) [endoplasmic reticulum membrane]
BIOMD0000001063,s_3428__91__erm__93__,1-acylglycerophosphocholine (16:0) [endoplasmic reticulum membrane]
BIOMD0000001063,s_3429__91__erm__93__,1-acylglycerophosphocholine (16:1) [endoplasmic reticulum membrane]
BIOMD0000001063,s_3430__91__erm__93__,1-acylglycerophosphocholine (18:0) [endoplasmic reticulum membrane]
BIOMD0000001063,s_3431__91__erm__93__,1-acylglycerophosphocholine (18:1) [endoplasmic reticulum membrane]
BIOMD0000001063,s_3432__91__erm__93__,episterol [endoplasmic reticulum membrane]
BIOMD0000001063,s_3433__91__erm__93__,episteryl oleate [endoplasmic reticulum membrane]
BIOMD0000001063,s_3434__91__erm__93__,episteryl palmitoleate [endoplasmic reticulum membrane]
BIOMD0000001063,s_3435__91__erm__93__,fecosterol [endoplasmic reticulum membrane]
BIOMD0000001063,s_3436__91__erm__93__,fecosteryl oleate [endoplasmic reticulum membrane]
BIOMD0000001063,s_3437__91__erm__93__,fecosteryl palmitoleate [endoplasmic reticulum membrane]
BIOMD0000001063,s_3438__91__erm__93__,lanosterol [endoplasmic reticulum membrane]
BIOMD0000001063,s_3439__91__erm__93__,lanosteryl oleate [endoplasmic reticulum membrane]
BIOMD0000001063,s_3440__91__erm__93__,lanosteryl palmitoleate [endoplasmic reticulum membrane]
BIOMD0000001063,s_3441__91__erm__93__,ergosterol [endoplasmic reticulum membrane]
BIOMD0000001063,s_3442__91__erm__93__,ergosteryl oleate [endoplasmic reticulum membrane]
BIOMD0000001063,s_3443__91__erm__93__,ergosteryl palmitoleate [endoplasmic reticulum membrane]
BIOMD0000001063,s_3444__91__erm__93__,zymosterol [endoplasmic reticulum membrane]
BIOMD0000001063,s_3445__91__erm__93__,zymosteryl oleate [endoplasmic reticulum membrane]
BIOMD0000001063,s_3446__91__erm__93__,zymosteryl palmitoleate [endoplasmic reticulum membrane]
BIOMD0000001063,s_3447__91__erm__93__,sn-glycero-3-phosphocholine [endoplasmic reticulum membrane]
BIOMD0000001063,s_3448__91__ce__93__,"phosphatidylcholine (1-16:0, 2-16:1) [cell envelope]"
BIOMD0000001063,s_3449__91__ce__93__,H2O [cell envelope]
BIOMD0000001063,s_3450__91__ce__93__,1-acylglycerophosphocholine (16:0) [cell envelope]
BIOMD0000001063,s_3451__91__ce__93__,palmitoleate [cell envelope]
BIOMD0000001063,s_3452__91__ce__93__,"phosphatidylcholine (1-16:1, 2-16:1) [cell envelope]"
BIOMD0000001063,s_3453__91__ce__93__,1-acylglycerophosphocholine (16:1) [cell envelope]
BIOMD0000001063,s_3454__91__ce__93__,"phosphatidylcholine (1-18:0, 2-16:1) [cell envelope]"
BIOMD0000001063,s_3455__91__ce__93__,1-acylglycerophosphocholine (18:0) [cell envelope]
BIOMD0000001063,s_3456__91__ce__93__,"phosphatidylcholine (1-18:1, 2-16:1) [cell envelope]"
BIOMD0000001063,s_3457__91__ce__93__,1-acylglycerophosphocholine (18:1) [cell envelope]
BIOMD0000001063,s_3458__91__ce__93__,"phosphatidylcholine (1-16:0, 2-18:1) [cell envelope]"
BIOMD0000001063,s_3459__91__ce__93__,oleate [cell envelope]
BIOMD0000001063,s_3460__91__ce__93__,"phosphatidylcholine (1-16:1, 2-18:1) [cell envelope]"
BIOMD0000001063,s_3461__91__ce__93__,"phosphatidylcholine (1-18:0, 2-18:1) [cell envelope]"
BIOMD0000001063,s_3462__91__ce__93__,"phosphatidylcholine (1-18:1, 2-18:1) [cell envelope]"
BIOMD0000001063,s_3463__91__ce__93__,palmitate [cell envelope]
BIOMD0000001063,s_3464__91__ce__93__,stearate [cell envelope]
BIOMD0000001063,s_3465__91__ce__93__,"phosphatidylethanolamine (1-16:0, 2-16:1) [cell envelope]"
BIOMD0000001063,s_3466__91__ce__93__,1-acylglycerophosphoethanolamine (16:0) [cell envelope]
BIOMD0000001063,s_3467__91__ce__93__,"phosphatidylethanolamine (1-16:1, 2-16:1) [cell envelope]"
BIOMD0000001063,s_3468__91__ce__93__,1-acylglycerophosphoethanolamine (16:1) [cell envelope]
BIOMD0000001063,s_3469__91__ce__93__,"phosphatidylethanolamine (1-18:0, 2-16:1) [cell envelope]"
BIOMD0000001063,s_3470__91__ce__93__,1-acylglycerophosphoethanolamine (18:0) [cell envelope]
BIOMD0000001063,s_3471__91__ce__93__,"phosphatidylethanolamine (1-18:1, 2-16:1) [cell envelope]"
BIOMD0000001063,s_3472__91__ce__93__,1-acylglycerophosphoethanolamine (18:1) [cell envelope]
BIOMD0000001063,s_3473__91__ce__93__,"phosphatidylethanolamine (1-16:0, 2-18:1) [cell envelope]"
BIOMD0000001063,s_3474__91__ce__93__,"phosphatidylethanolamine (1-16:1, 2-18:1) [cell envelope]"
BIOMD0000001063,s_3475__91__ce__93__,"phosphatidylethanolamine (1-18:0, 2-18:1) [cell envelope]"
BIOMD0000001063,s_3476__91__ce__93__,"phosphatidylethanolamine (1-18:1, 2-18:1) [cell envelope]"
BIOMD0000001063,s_3477__91__ce__93__,sn-glycero-3-phosphoethanolamine [cell envelope]
BIOMD0000001063,s_3478__91__ce__93__,"phosphatidyl-L-serine (1-16:0, 2-16:1) [cell envelope]"
BIOMD0000001063,s_3479__91__ce__93__,1-acylglycerophosphoserine (16:0) [cell envelope]
BIOMD0000001063,s_3480__91__ce__93__,"phosphatidyl-L-serine (1-16:1, 2-16:1) [cell envelope]"
BIOMD0000001063,s_3481__91__ce__93__,1-acylglycerophosphoserine (16:1) [cell envelope]
BIOMD0000001063,s_3482__91__ce__93__,"phosphatidyl-L-serine (1-18:0, 2-16:1) [cell envelope]"
BIOMD0000001063,s_3483__91__ce__93__,1-acylglycerophosphoserine (18:0) [cell envelope]
BIOMD0000001063,s_3484__91__ce__93__,"phosphatidyl-L-serine (1-18:1, 2-16:1) [cell envelope]"
BIOMD0000001063,s_3485__91__ce__93__,1-acylglycerophosphoserine (18:1) [cell envelope]
BIOMD0000001063,s_3486__91__ce__93__,"phosphatidyl-L-serine (1-16:0, 2-18:1) [cell envelope]"
BIOMD0000001063,s_3487__91__ce__93__,"phosphatidyl-L-serine (1-16:1, 2-18:1) [cell envelope]"
BIOMD0000001063,s_3488__91__ce__93__,"phosphatidyl-L-serine (1-18:0, 2-18:1) [cell envelope]"
BIOMD0000001063,s_3489__91__ce__93__,"phosphatidyl-L-serine (1-18:1, 2-18:1) [cell envelope]"
BIOMD0000001063,s_3490__91__ce__93__,sn-glycero-3-phosphoserine [cell envelope]
BIOMD0000001063,s_3491__91__ce__93__,1-acylglycerophosphoinositol (16:0) [cell envelope]
BIOMD0000001063,s_3492__91__ce__93__,1-acylglycerophosphoinositol (16:1) [cell envelope]
BIOMD0000001063,s_3493__91__ce__93__,1-acylglycerophosphoinositol (18:0) [cell envelope]
BIOMD0000001063,s_3494__91__ce__93__,1-acylglycerophosphoinositol (18:1) [cell envelope]
BIOMD0000001063,s_3495__91__ce__93__,1-(sn-glycero-3-phospho)-1D-myo-inositol [cell envelope]
BIOMD0000001063,s_3496__91__c__93__,"1-phosphatidyl-1D-myo-inositol 4,5-bisphosphate (1-16:0, 2-16:1) [cytoplasm]"
BIOMD0000001063,s_3497__91__c__93__,"diglyceride (1-16:0, 2-16:1) [cytoplasm]"
BIOMD0000001063,s_3498__91__c__93__,"1D-myo-inositol 1,4,5-trisphosphate [cytoplasm]"
BIOMD0000001063,s_3499__91__c__93__,"1-phosphatidyl-1D-myo-inositol 4,5-bisphosphate (1-16:1, 2-16:1) [cytoplasm]"
BIOMD0000001063,s_3500__91__c__93__,"diglyceride (1-16:1, 2-16:1) [cytoplasm]"
BIOMD0000001063,s_3501__91__c__93__,"1-phosphatidyl-1D-myo-inositol 4,5-bisphosphate (1-18:0, 2-16:1) [cytoplasm]"
BIOMD0000001063,s_3502__91__c__93__,"diglyceride (1-18:0, 2-16:1) [cytoplasm]"
BIOMD0000001063,s_3503__91__c__93__,"1-phosphatidyl-1D-myo-inositol 4,5-bisphosphate (1-18:1, 2-16:1) [cytoplasm]"
BIOMD0000001063,s_3504__91__c__93__,"diglyceride (1-18:1, 2-16:1) [cytoplasm]"
BIOMD0000001063,s_3505__91__c__93__,"1-phosphatidyl-1D-myo-inositol 4,5-bisphosphate (1-16:0, 2-18:1) [cytoplasm]"
BIOMD0000001063,s_3506__91__c__93__,"diglyceride (1-16:0, 2-18:1) [cytoplasm]"
BIOMD0000001063,s_3507__91__c__93__,"1-phosphatidyl-1D-myo-inositol 4,5-bisphosphate (1-16:1, 2-18:1) [cytoplasm]"
BIOMD0000001063,s_3508__91__c__93__,"diglyceride (1-16:1, 2-18:1) [cytoplasm]"
BIOMD0000001063,s_3509__91__c__93__,"1-phosphatidyl-1D-myo-inositol 4,5-bisphosphate (1-18:0, 2-18:1) [cytoplasm]"
BIOMD0000001063,s_3510__91__c__93__,"diglyceride (1-18:0, 2-18:1) [cytoplasm]"
BIOMD0000001063,s_3511__91__c__93__,"1-phosphatidyl-1D-myo-inositol 4,5-bisphosphate (1-18:1, 2-18:1) [cytoplasm]"
BIOMD0000001063,s_3512__91__c__93__,"diglyceride (1-18:1, 2-18:1) [cytoplasm]"
BIOMD0000001063,s_3513__91__n__93__,"diglyceride (1-16:0, 2-16:1) [nucleus]"
BIOMD0000001063,s_3514__91__n__93__,"diglyceride (1-16:1, 2-16:1) [nucleus]"
BIOMD0000001063,s_3515__91__n__93__,"diglyceride (1-18:0, 2-16:1) [nucleus]"
BIOMD0000001063,s_3516__91__n__93__,"diglyceride (1-18:1, 2-16:1) [nucleus]"
BIOMD0000001063,s_3517__91__n__93__,"diglyceride (1-16:0, 2-18:1) [nucleus]"
BIOMD0000001063,s_3518__91__n__93__,"diglyceride (1-16:1, 2-18:1) [nucleus]"
BIOMD0000001063,s_3519__91__n__93__,"diglyceride (1-18:0, 2-18:1) [nucleus]"
BIOMD0000001063,s_3520__91__n__93__,"diglyceride (1-18:1, 2-18:1) [nucleus]"
BIOMD0000001063,s_3521__91__mm__93__,"diglyceride (1-16:0, 2-16:1) [mitochondrial membrane]"
BIOMD0000001063,s_3522__91__mm__93__,"diglyceride (1-16:1, 2-16:1) [mitochondrial membrane]"
BIOMD0000001063,s_3523__91__mm__93__,"diglyceride (1-18:0, 2-16:1) [mitochondrial membrane]"
BIOMD0000001063,s_3524__91__mm__93__,"diglyceride (1-18:1, 2-16:1) [mitochondrial membrane]"
BIOMD0000001063,s_3525__91__mm__93__,"diglyceride (1-16:0, 2-18:1) [mitochondrial membrane]"
BIOMD0000001063,s_3526__91__mm__93__,"diglyceride (1-16:1, 2-18:1) [mitochondrial membrane]"
BIOMD0000001063,s_3527__91__ce__93__,"phosphatidate (1-16:0, 2-16:1) [cell envelope]"
BIOMD0000001063,s_3528__91__ce__93__,"phosphatidate (1-16:1, 2-16:1) [cell envelope]"
BIOMD0000001063,s_3529__91__ce__93__,"phosphatidate (1-18:0, 2-16:1) [cell envelope]"
BIOMD0000001063,s_3530__91__ce__93__,"phosphatidate (1-18:1, 2-16:1) [cell envelope]"
BIOMD0000001063,s_3531__91__ce__93__,"phosphatidate (1-16:0, 2-18:1) [cell envelope]"
BIOMD0000001063,s_3532__91__ce__93__,"phosphatidate (1-16:1, 2-18:1) [cell envelope]"
BIOMD0000001063,s_3533__91__ce__93__,"phosphatidate (1-18:0, 2-18:1) [cell envelope]"
BIOMD0000001063,s_3534__91__ce__93__,"phosphatidate (1-18:1, 2-18:1) [cell envelope]"
BIOMD0000001063,s_3535__91__ce__93__,"1-phosphatidyl-1D-myo-inositol 3-phosphate (1-16:0, 2-16:1) [cell envelope]"
BIOMD0000001063,s_3536__91__ce__93__,phosphate [cell envelope]
BIOMD0000001063,s_3537__91__ce__93__,"1-phosphatidyl-1D-myo-inositol 3-phosphate (1-16:1, 2-16:1) [cell envelope]"
BIOMD0000001063,s_3538__91__ce__93__,"1-phosphatidyl-1D-myo-inositol 3-phosphate (1-18:0, 2-16:1) [cell envelope]"
BIOMD0000001063,s_3539__91__ce__93__,"1-phosphatidyl-1D-myo-inositol 3-phosphate (1-18:1, 2-16:1) [cell envelope]"
BIOMD0000001063,s_3540__91__ce__93__,"1-phosphatidyl-1D-myo-inositol 3-phosphate (1-16:0, 2-18:1) [cell envelope]"
BIOMD0000001063,s_3541__91__ce__93__,"1-phosphatidyl-1D-myo-inositol 3-phosphate (1-16:1, 2-18:1) [cell envelope]"
BIOMD0000001063,s_3542__91__ce__93__,"1-phosphatidyl-1D-myo-inositol 3-phosphate (1-18:0, 2-18:1) [cell envelope]"
BIOMD0000001063,s_3543__91__ce__93__,"1-phosphatidyl-1D-myo-inositol 3-phosphate (1-18:1, 2-18:1) [cell envelope]"
BIOMD0000001063,s_3544__91__c__93__,"1-phosphatidyl-1D-myo-inositol 3-phosphate (1-16:0, 2-16:1) [cytoplasm]"
BIOMD0000001063,s_3545__91__c__93__,"1-phosphatidyl-1D-myo-inositol (1-16:0, 2-16:1) [cytoplasm]"
BIOMD0000001063,s_3546__91__c__93__,"1-phosphatidyl-1D-myo-inositol 3-phosphate (1-16:1, 2-16:1) [cytoplasm]"
BIOMD0000001063,s_3547__91__c__93__,"1-phosphatidyl-1D-myo-inositol (1-16:1, 2-16:1) [cytoplasm]"
BIOMD0000001063,s_3548__91__c__93__,"1-phosphatidyl-1D-myo-inositol 3-phosphate (1-18:0, 2-16:1) [cytoplasm]"
BIOMD0000001063,s_3549__91__c__93__,"1-phosphatidyl-1D-myo-inositol (1-18:0, 2-16:1) [cytoplasm]"
BIOMD0000001063,s_3550__91__c__93__,"1-phosphatidyl-1D-myo-inositol 3-phosphate (1-18:1, 2-16:1) [cytoplasm]"
BIOMD0000001063,s_3551__91__c__93__,"1-phosphatidyl-1D-myo-inositol (1-18:1, 2-16:1) [cytoplasm]"
BIOMD0000001063,s_3552__91__c__93__,"1-phosphatidyl-1D-myo-inositol 3-phosphate (1-16:0, 2-18:1) [cytoplasm]"
BIOMD0000001063,s_3553__91__c__93__,"1-phosphatidyl-1D-myo-inositol (1-16:0, 2-18:1) [cytoplasm]"
BIOMD0000001063,s_3554__91__c__93__,"1-phosphatidyl-1D-myo-inositol 3-phosphate (1-16:1, 2-18:1) [cytoplasm]"
BIOMD0000001063,s_3555__91__c__93__,"1-phosphatidyl-1D-myo-inositol (1-16:1, 2-18:1) [cytoplasm]"
BIOMD0000001063,s_3556__91__c__93__,"1-phosphatidyl-1D-myo-inositol 3-phosphate (1-18:0, 2-18:1) [cytoplasm]"
BIOMD0000001063,s_3557__91__c__93__,"1-phosphatidyl-1D-myo-inositol (1-18:0, 2-18:1) [cytoplasm]"
BIOMD0000001063,s_3558__91__c__93__,"1-phosphatidyl-1D-myo-inositol 3-phosphate (1-18:1, 2-18:1) [cytoplasm]"
BIOMD0000001063,s_3559__91__c__93__,"1-phosphatidyl-1D-myo-inositol (1-18:1, 2-18:1) [cytoplasm]"
BIOMD0000001063,s_3560__91__erm__93__,"1-phosphatidyl-1D-myo-inositol 3-phosphate (1-16:0, 2-16:1) [endoplasmic reticulum membrane]"
BIOMD0000001063,s_3561__91__erm__93__,"1-phosphatidyl-1D-myo-inositol 3-phosphate (1-16:1, 2-16:1) [endoplasmic reticulum membrane]"
BIOMD0000001063,s_3562__91__erm__93__,"1-phosphatidyl-1D-myo-inositol 3-phosphate (1-18:0, 2-16:1) [endoplasmic reticulum membrane]"
BIOMD0000001063,s_3563__91__erm__93__,"1-phosphatidyl-1D-myo-inositol 3-phosphate (1-18:1, 2-16:1) [endoplasmic reticulum membrane]"
BIOMD0000001063,s_3564__91__erm__93__,"1-phosphatidyl-1D-myo-inositol 3-phosphate (1-16:0, 2-18:1) [endoplasmic reticulum membrane]"
BIOMD0000001063,s_3565__91__erm__93__,"1-phosphatidyl-1D-myo-inositol 3-phosphate (1-16:1, 2-18:1) [endoplasmic reticulum membrane]"
BIOMD0000001063,s_3566__91__erm__93__,"1-phosphatidyl-1D-myo-inositol 3-phosphate (1-18:0, 2-18:1) [endoplasmic reticulum membrane]"
BIOMD0000001063,s_3567__91__erm__93__,"1-phosphatidyl-1D-myo-inositol 3-phosphate (1-18:1, 2-18:1) [endoplasmic reticulum membrane]"
BIOMD0000001063,s_3568__91__gm__93__,"1-phosphatidyl-1D-myo-inositol 3-phosphate (1-16:0, 2-16:1) [Golgi membrane]"
BIOMD0000001063,s_3569__91__gm__93__,"1-phosphatidyl-1D-myo-inositol 3-phosphate (1-16:1, 2-16:1) [Golgi membrane]"
BIOMD0000001063,s_3570__91__gm__93__,"1-phosphatidyl-1D-myo-inositol 3-phosphate (1-18:0, 2-16:1) [Golgi membrane]"
BIOMD0000001063,s_3571__91__gm__93__,"1-phosphatidyl-1D-myo-inositol 3-phosphate (1-18:1, 2-16:1) [Golgi membrane]"
BIOMD0000001063,s_3572__91__gm__93__,"1-phosphatidyl-1D-myo-inositol 3-phosphate (1-16:0, 2-18:1) [Golgi membrane]"
BIOMD0000001063,s_3573__91__gm__93__,"1-phosphatidyl-1D-myo-inositol 3-phosphate (1-16:1, 2-18:1) [Golgi membrane]"
BIOMD0000001063,s_3574__91__gm__93__,"1-phosphatidyl-1D-myo-inositol 3-phosphate (1-18:0, 2-18:1) [Golgi membrane]"
BIOMD0000001063,s_3575__91__gm__93__,"1-phosphatidyl-1D-myo-inositol 3-phosphate (1-18:1, 2-18:1) [Golgi membrane]"
BIOMD0000001063,s_3576__91__c__93__,"1-phosphatidyl-1D-myo-inositol 4-phosphate (1-16:0, 2-16:1) [cytoplasm]"
BIOMD0000001063,s_3577__91__c__93__,"1-phosphatidyl-1D-myo-inositol 4-phosphate (1-16:1, 2-16:1) [cytoplasm]"
BIOMD0000001063,s_3578__91__c__93__,"1-phosphatidyl-1D-myo-inositol 4-phosphate (1-18:0, 2-16:1) [cytoplasm]"
BIOMD0000001063,s_3579__91__c__93__,"1-phosphatidyl-1D-myo-inositol 4-phosphate (1-18:1, 2-16:1) [cytoplasm]"
BIOMD0000001063,s_3580__91__c__93__,"1-phosphatidyl-1D-myo-inositol 4-phosphate (1-16:0, 2-18:1) [cytoplasm]"
BIOMD0000001063,s_3581__91__c__93__,"1-phosphatidyl-1D-myo-inositol 4-phosphate (1-16:1, 2-18:1) [cytoplasm]"
BIOMD0000001063,s_3582__91__c__93__,"1-phosphatidyl-1D-myo-inositol 4-phosphate (1-18:0, 2-18:1) [cytoplasm]"
BIOMD0000001063,s_3583__91__c__93__,"1-phosphatidyl-1D-myo-inositol 4-phosphate (1-18:1, 2-18:1) [cytoplasm]"
BIOMD0000001063,s_3584__91__erm__93__,"1-phosphatidyl-1D-myo-inositol 4-phosphate (1-16:0, 2-16:1) [endoplasmic reticulum membrane]"
BIOMD0000001063,s_3585__91__erm__93__,"1-phosphatidyl-1D-myo-inositol 4-phosphate (1-16:1, 2-16:1) [endoplasmic reticulum membrane]"
BIOMD0000001063,s_3586__91__erm__93__,"1-phosphatidyl-1D-myo-inositol 4-phosphate (1-18:0, 2-16:1) [endoplasmic reticulum membrane]"
BIOMD0000001063,s_3587__91__erm__93__,"1-phosphatidyl-1D-myo-inositol 4-phosphate (1-18:1, 2-16:1) [endoplasmic reticulum membrane]"
BIOMD0000001063,s_3588__91__erm__93__,"1-phosphatidyl-1D-myo-inositol 4-phosphate (1-16:0, 2-18:1) [endoplasmic reticulum membrane]"
BIOMD0000001063,s_3589__91__erm__93__,"1-phosphatidyl-1D-myo-inositol 4-phosphate (1-16:1, 2-18:1) [endoplasmic reticulum membrane]"
BIOMD0000001063,s_3590__91__erm__93__,"1-phosphatidyl-1D-myo-inositol 4-phosphate (1-18:0, 2-18:1) [endoplasmic reticulum membrane]"
BIOMD0000001063,s_3591__91__erm__93__,"1-phosphatidyl-1D-myo-inositol 4-phosphate (1-18:1, 2-18:1) [endoplasmic reticulum membrane]"
BIOMD0000001063,s_3592__91__ce__93__,"1-phosphatidyl-1D-myo-inositol 3,5-bisphosphate (1-16:0, 2-16:1) [cell envelope]"
BIOMD0000001063,s_3593__91__ce__93__,"1-phosphatidyl-1D-myo-inositol 3,5-bisphosphate (1-16:1, 2-16:1) [cell envelope]"
BIOMD0000001063,s_3594__91__ce__93__,"1-phosphatidyl-1D-myo-inositol 3,5-bisphosphate (1-18:0, 2-16:1) [cell envelope]"
BIOMD0000001063,s_3595__91__ce__93__,"1-phosphatidyl-1D-myo-inositol 3,5-bisphosphate (1-18:1, 2-16:1) [cell envelope]"
BIOMD0000001063,s_3596__91__ce__93__,"1-phosphatidyl-1D-myo-inositol 3,5-bisphosphate (1-16:0, 2-18:1) [cell envelope]"
BIOMD0000001063,s_3597__91__ce__93__,"1-phosphatidyl-1D-myo-inositol 3,5-bisphosphate (1-16:1, 2-18:1) [cell envelope]"
BIOMD0000001063,s_3598__91__ce__93__,"1-phosphatidyl-1D-myo-inositol 3,5-bisphosphate (1-18:0, 2-18:1) [cell envelope]"
BIOMD0000001063,s_3599__91__ce__93__,"1-phosphatidyl-1D-myo-inositol 3,5-bisphosphate (1-18:1, 2-18:1) [cell envelope]"
BIOMD0000001063,s_3600__91__c__93__,"1-phosphatidyl-1D-myo-inositol 3,5-bisphosphate (1-16:0, 2-16:1) [cytoplasm]"
BIOMD0000001063,s_3601__91__c__93__,"1-phosphatidyl-1D-myo-inositol 3,5-bisphosphate (1-16:1, 2-16:1) [cytoplasm]"
BIOMD0000001063,s_3602__91__c__93__,"1-phosphatidyl-1D-myo-inositol 3,5-bisphosphate (1-18:0, 2-16:1) [cytoplasm]"
BIOMD0000001063,s_3603__91__c__93__,"1-phosphatidyl-1D-myo-inositol 3,5-bisphosphate (1-18:1, 2-16:1) [cytoplasm]"
BIOMD0000001063,s_3604__91__c__93__,"1-phosphatidyl-1D-myo-inositol 3,5-bisphosphate (1-16:0, 2-18:1) [cytoplasm]"
BIOMD0000001063,s_3605__91__c__93__,"1-phosphatidyl-1D-myo-inositol 3,5-bisphosphate (1-16:1, 2-18:1) [cytoplasm]"
BIOMD0000001063,s_3606__91__c__93__,"1-phosphatidyl-1D-myo-inositol 3,5-bisphosphate (1-18:0, 2-18:1) [cytoplasm]"
BIOMD0000001063,s_3607__91__c__93__,"1-phosphatidyl-1D-myo-inositol 3,5-bisphosphate (1-18:1, 2-18:1) [cytoplasm]"
BIOMD0000001063,s_3608__91__erm__93__,"1-phosphatidyl-1D-myo-inositol 4,5-bisphosphate (1-16:0, 2-16:1) [endoplasmic reticulum membrane]"
BIOMD0000001063,s_3609__91__erm__93__,"1-phosphatidyl-1D-myo-inositol 4,5-bisphosphate (1-16:1, 2-16:1) [endoplasmic reticulum membrane]"
BIOMD0000001063,s_3610__91__erm__93__,"1-phosphatidyl-1D-myo-inositol 4,5-bisphosphate (1-18:0, 2-16:1) [endoplasmic reticulum membrane]"
BIOMD0000001063,s_3611__91__erm__93__,"1-phosphatidyl-1D-myo-inositol 4,5-bisphosphate (1-18:1, 2-16:1) [endoplasmic reticulum membrane]"
BIOMD0000001063,s_3612__91__erm__93__,"1-phosphatidyl-1D-myo-inositol 4,5-bisphosphate (1-16:0, 2-18:1) [endoplasmic reticulum membrane]"
BIOMD0000001063,s_3613__91__erm__93__,"1-phosphatidyl-1D-myo-inositol 4,5-bisphosphate (1-16:1, 2-18:1) [endoplasmic reticulum membrane]"
BIOMD0000001063,s_3614__91__erm__93__,"1-phosphatidyl-1D-myo-inositol 4,5-bisphosphate (1-18:0, 2-18:1) [endoplasmic reticulum membrane]"
BIOMD0000001063,s_3615__91__erm__93__,"1-phosphatidyl-1D-myo-inositol 4,5-bisphosphate (1-18:1, 2-18:1) [endoplasmic reticulum membrane]"
BIOMD0000001063,s_3616__91__vm__93__,"1,2-diacylglycerol 3-diphosphate (1-16:0, 2-16:1) [vacuolar membrane]"
BIOMD0000001063,s_3617__91__vm__93__,"1,2-diacylglycerol 3-diphosphate (1-16:1, 2-16:1) [vacuolar membrane]"
BIOMD0000001063,s_3618__91__vm__93__,"1,2-diacylglycerol 3-diphosphate (1-18:0, 2-16:1) [vacuolar membrane]"
BIOMD0000001063,s_3619__91__vm__93__,"1,2-diacylglycerol 3-diphosphate (1-18:1, 2-16:1) [vacuolar membrane]"
BIOMD0000001063,s_3620__91__vm__93__,"1,2-diacylglycerol 3-diphosphate (1-16:0, 2-18:1) [vacuolar membrane]"
BIOMD0000001063,s_3621__91__vm__93__,"1,2-diacylglycerol 3-diphosphate (1-16:1, 2-18:1) [vacuolar membrane]"
BIOMD0000001063,s_3622__91__vm__93__,"1,2-diacylglycerol 3-diphosphate (1-18:0, 2-18:1) [vacuolar membrane]"
BIOMD0000001063,s_3623__91__vm__93__,"1,2-diacylglycerol 3-diphosphate (1-18:1, 2-18:1) [vacuolar membrane]"
BIOMD0000001063,s_3624__91__gm__93__,"1,2-diacylglycerol 3-diphosphate (1-16:0, 2-16:1) [Golgi membrane]"
BIOMD0000001063,s_3625__91__gm__93__,"1,2-diacylglycerol 3-diphosphate (1-16:1, 2-16:1) [Golgi membrane]"
BIOMD0000001063,s_3626__91__gm__93__,"1,2-diacylglycerol 3-diphosphate (1-18:0, 2-16:1) [Golgi membrane]"
BIOMD0000001063,s_3627__91__gm__93__,"1,2-diacylglycerol 3-diphosphate (1-18:1, 2-16:1) [Golgi membrane]"
BIOMD0000001063,s_3628__91__gm__93__,"1,2-diacylglycerol 3-diphosphate (1-16:0, 2-18:1) [Golgi membrane]"
BIOMD0000001063,s_3629__91__gm__93__,"1,2-diacylglycerol 3-diphosphate (1-16:1, 2-18:1) [Golgi membrane]"
BIOMD0000001063,s_3630__91__gm__93__,"1,2-diacylglycerol 3-diphosphate (1-18:0, 2-18:1) [Golgi membrane]"
BIOMD0000001063,s_3631__91__gm__93__,"1,2-diacylglycerol 3-diphosphate (1-18:1, 2-18:1) [Golgi membrane]"
BIOMD0000001063,s_3632__91__c__93__,1-acyl-sn-glycerol 3-phosphate (16:0) [cytoplasm]
BIOMD0000001063,s_3633__91__c__93__,1-monoglyceride (16:0) [cytoplasm]
BIOMD0000001063,s_3634__91__c__93__,1-acyl-sn-glycerol 3-phosphate (16:1) [cytoplasm]
BIOMD0000001063,s_3635__91__c__93__,1-monoglyceride (16:1) [cytoplasm]
BIOMD0000001063,s_3636__91__c__93__,1-acyl-sn-glycerol 3-phosphate (18:0) [cytoplasm]
BIOMD0000001063,s_3637__91__c__93__,1-monoglyceride (18:0) [cytoplasm]
BIOMD0000001063,s_3638__91__c__93__,1-acyl-sn-glycerol 3-phosphate (18:1) [cytoplasm]
BIOMD0000001063,s_3639__91__c__93__,1-monoglyceride (18:1) [cytoplasm]
BIOMD0000001063,s_3640__91__vm__93__,1-acyl-sn-glycerol 3-phosphate (16:0) [vacuolar membrane]
BIOMD0000001063,s_3641__91__vm__93__,1-monoglyceride (16:0) [vacuolar membrane]
BIOMD0000001063,s_3642__91__vm__93__,1-acyl-sn-glycerol 3-phosphate (16:1) [vacuolar membrane]
BIOMD0000001063,s_3643__91__vm__93__,1-monoglyceride (16:1) [vacuolar membrane]
BIOMD0000001063,s_3644__91__vm__93__,1-acyl-sn-glycerol 3-phosphate (18:0) [vacuolar membrane]
BIOMD0000001063,s_3645__91__vm__93__,1-monoglyceride (18:0) [vacuolar membrane]
BIOMD0000001063,s_3646__91__vm__93__,1-acyl-sn-glycerol 3-phosphate (18:1) [vacuolar membrane]
BIOMD0000001063,s_3647__91__vm__93__,1-monoglyceride (18:1) [vacuolar membrane]
BIOMD0000001063,s_3648__91__gm__93__,1-acyl-sn-glycerol 3-phosphate (16:0) [Golgi membrane]
BIOMD0000001063,s_3649__91__gm__93__,1-monoglyceride (16:0) [Golgi membrane]
BIOMD0000001063,s_3650__91__gm__93__,1-acyl-sn-glycerol 3-phosphate (16:1) [Golgi membrane]
BIOMD0000001063,s_3651__91__gm__93__,1-monoglyceride (16:1) [Golgi membrane]
BIOMD0000001063,s_3652__91__gm__93__,1-acyl-sn-glycerol 3-phosphate (18:0) [Golgi membrane]
BIOMD0000001063,s_3653__91__gm__93__,1-monoglyceride (18:0) [Golgi membrane]
BIOMD0000001063,s_3654__91__gm__93__,1-acyl-sn-glycerol 3-phosphate (18:1) [Golgi membrane]
BIOMD0000001063,s_3655__91__gm__93__,1-monoglyceride (18:1) [Golgi membrane]
BIOMD0000001063,s_3656__91__lp__93__,ergosteryl palmitoleate [lipid particle]
BIOMD0000001063,s_3657__91__lp__93__,H2O [lipid particle]
BIOMD0000001063,s_3658__91__lp__93__,ergosteryl oleate [lipid particle]
BIOMD0000001063,s_3659__91__lp__93__,episteryl palmitoleate [lipid particle]
BIOMD0000001063,s_3660__91__lp__93__,episterol [lipid particle]
BIOMD0000001063,s_3661__91__lp__93__,episteryl oleate [lipid particle]
BIOMD0000001063,s_3662__91__lp__93__,fecosteryl palmitoleate [lipid particle]
BIOMD0000001063,s_3663__91__lp__93__,fecosteryl oleate [lipid particle]
BIOMD0000001063,s_3664__91__lp__93__,lanosteryl palmitoleate [lipid particle]
BIOMD0000001063,s_3665__91__lp__93__,lanosterol [lipid particle]
BIOMD0000001063,s_3666__91__lp__93__,lanosteryl oleate [lipid particle]
BIOMD0000001063,s_3667__91__lp__93__,zymosteryl palmitoleate [lipid particle]
BIOMD0000001063,s_3668__91__lp__93__,zymosteryl oleate [lipid particle]
BIOMD0000001063,s_3669__91__ce__93__,zymosteryl palmitoleate [cell envelope]
BIOMD0000001063,s_3670__91__ce__93__,zymosteryl oleate [cell envelope]
BIOMD0000001063,s_3671__91__lp__93__,1-monoglyceride (16:0) [lipid particle]
BIOMD0000001063,s_3672__91__lp__93__,1-monoglyceride (16:1) [lipid particle]
BIOMD0000001063,s_3673__91__lp__93__,1-monoglyceride (18:0) [lipid particle]
BIOMD0000001063,s_3674__91__lp__93__,1-monoglyceride (18:1) [lipid particle]
BIOMD0000001063,s_3675__91__m__93__,"diglyceride (1-16:0, 2-18:1) [mitochondrion]"
BIOMD0000001063,s_3676__91__m__93__,1-monoglyceride (16:0) [mitochondrion]
BIOMD0000001063,s_3677__91__m__93__,oleate [mitochondrion]
BIOMD0000001063,s_3678__91__m__93__,"diglyceride (1-16:1, 2-18:1) [mitochondrion]"
BIOMD0000001063,s_3679__91__m__93__,1-monoglyceride (16:1) [mitochondrion]
BIOMD0000001063,s_3680__91__m__93__,"diglyceride (1-18:0, 2-18:1) [mitochondrion]"
BIOMD0000001063,s_3681__91__m__93__,1-monoglyceride (18:0) [mitochondrion]
BIOMD0000001063,s_3682__91__m__93__,"diglyceride (1-18:1, 2-18:1) [mitochondrion]"
BIOMD0000001063,s_3683__91__m__93__,1-monoglyceride (18:1) [mitochondrion]
BIOMD0000001063,s_3684__91__lp__93__,glycerol [lipid particle]
BIOMD0000001063,s_3685__91__lp__93__,1-acylglycerophosphoethanolamine (16:0) [lipid particle]
BIOMD0000001063,s_3686__91__lp__93__,"phosphatidylethanolamine (1-16:0, 2-18:1) [lipid particle]"
BIOMD0000001063,s_3687__91__lp__93__,1-acylglycerophosphoethanolamine (16:1) [lipid particle]
BIOMD0000001063,s_3688__91__lp__93__,"phosphatidylethanolamine (1-16:1, 2-18:1) [lipid particle]"
BIOMD0000001063,s_3689__91__lp__93__,1-acylglycerophosphoethanolamine (18:0) [lipid particle]
BIOMD0000001063,s_3690__91__lp__93__,"phosphatidylethanolamine (1-18:0, 2-18:1) [lipid particle]"
BIOMD0000001063,s_3691__91__lp__93__,1-acylglycerophosphoethanolamine (18:1) [lipid particle]
BIOMD0000001063,s_3692__91__lp__93__,"phosphatidylethanolamine (1-18:1, 2-18:1) [lipid particle]"
BIOMD0000001063,s_3693__91__lp__93__,"phosphatidylcholine (1-16:0, 2-16:1) [lipid particle]"
BIOMD0000001063,s_3694__91__lp__93__,1-acylglycerophosphocholine (16:0) [lipid particle]
BIOMD0000001063,s_3695__91__lp__93__,"phosphatidylcholine (1-16:1, 2-16:1) [lipid particle]"
BIOMD0000001063,s_3696__91__lp__93__,1-acylglycerophosphocholine (16:1) [lipid particle]
BIOMD0000001063,s_3697__91__lp__93__,"phosphatidylcholine (1-18:0, 2-16:1) [lipid particle]"
BIOMD0000001063,s_3698__91__lp__93__,1-acylglycerophosphocholine (18:0) [lipid particle]
BIOMD0000001063,s_3699__91__lp__93__,"phosphatidylcholine (1-18:1, 2-16:1) [lipid particle]"
BIOMD0000001063,s_3700__91__lp__93__,1-acylglycerophosphocholine (18:1) [lipid particle]
BIOMD0000001063,s_3701__91__lp__93__,"phosphatidylcholine (1-16:0, 2-18:1) [lipid particle]"
BIOMD0000001063,s_3702__91__lp__93__,"phosphatidylcholine (1-16:1, 2-18:1) [lipid particle]"
BIOMD0000001063,s_3703__91__lp__93__,"phosphatidylcholine (1-18:0, 2-18:1) [lipid particle]"
BIOMD0000001063,s_3704__91__lp__93__,"phosphatidylcholine (1-18:1, 2-18:1) [lipid particle]"
BIOMD0000001063,s_3705__91__lp__93__,"phosphatidylethanolamine (1-16:0, 2-16:1) [lipid particle]"
BIOMD0000001063,s_3706__91__lp__93__,"phosphatidylethanolamine (1-16:1, 2-16:1) [lipid particle]"
BIOMD0000001063,s_3707__91__lp__93__,"phosphatidylethanolamine (1-18:0, 2-16:1) [lipid particle]"
BIOMD0000001063,s_3708__91__lp__93__,"phosphatidylethanolamine (1-18:1, 2-16:1) [lipid particle]"
BIOMD0000001063,s_3709__91__erm__93__,ergosterol ester backbone [endoplasmic reticulum membrane]
BIOMD0000001063,s_3710__91__erm__93__,phosphatidyl-L-serine backbone [endoplasmic reticulum membrane]
BIOMD0000001063,s_3711__91__erm__93__,phosphatidylcholine backbone [endoplasmic reticulum membrane]
BIOMD0000001063,s_3712__91__erm__93__,phosphatidylethanolamine backbone [endoplasmic reticulum membrane]
BIOMD0000001063,s_3713__91__erm__93__,triglyceride backbone [endoplasmic reticulum membrane]
BIOMD0000001063,s_3714__91__c__93__,heme a [cytoplasm]
BIOMD0000001063,s_3715__91__e__93__,raffinose [extracellular]
BIOMD0000001063,s_3716__91__e__93__,melibiose [extracellular]
BIOMD0000001063,s_3717__91__c__93__,protein [cytoplasm]
BIOMD0000001063,s_3718__91__c__93__,carbohydrate [cytoplasm]
BIOMD0000001063,s_3719__91__c__93__,RNA [cytoplasm]
BIOMD0000001063,s_3720__91__c__93__,DNA [cytoplasm]
BIOMD0000001063,s_3721__91__g__93__,ceramide backbone [Golgi]
BIOMD0000001063,s_3722__91__c__93__,ceramide backbone [cytoplasm]
BIOMD0000001063,s_3723__91__c__93__,inositol phosphomannosylinositol phosphoceramide backbone [cytoplasm]
BIOMD0000001063,s_3724__91__c__93__,inositol-P-ceramide backbone [cytoplasm]
BIOMD0000001063,s_3725__91__c__93__,mannosylinositol phosphorylceramide backbone [cytoplasm]
BIOMD0000001063,s_3726__91__er__93__,long-chain base backbone [endoplasmic reticulum]
BIOMD0000001063,s_3727__91__c__93__,long-chain base backbone [cytoplasm]
BIOMD0000001063,s_3728__91__er__93__,long-chain base phosphate backbone [endoplasmic reticulum]
BIOMD0000001063,s_3729__91__c__93__,long-chain base phosphate backbone [cytoplasm]
BIOMD0000001063,s_3730__91__erm__93__,phosphatidate backbone [endoplasmic reticulum membrane]
BIOMD0000001063,s_3731__91__c__93__,phosphatidate backbone [cytoplasm]
BIOMD0000001063,s_3732__91__erm__93__,diglyceride backbone [endoplasmic reticulum membrane]
BIOMD0000001063,s_3733__91__c__93__,diglyceride backbone [cytoplasm]
BIOMD0000001063,s_3734__91__erm__93__,sn-2-acyl-1-lysophosphatidylinositol backbone [endoplasmic reticulum membrane]
BIOMD0000001063,s_3735__91__c__93__,sn-2-acyl-1-lysophosphatidylinositol backbone [cytoplasm]
BIOMD0000001063,s_3736__91__mm__93__,phosphatidylglycerol backbone [mitochondrial membrane]
BIOMD0000001063,s_3737__91__c__93__,phosphatidylglycerol backbone [cytoplasm]
BIOMD0000001063,s_3738__91__mm__93__,cardiolipin backbone [mitochondrial membrane]
BIOMD0000001063,s_3739__91__c__93__,cardiolipin backbone [cytoplasm]
BIOMD0000001063,s_3740__91__c__93__,C16:0 chain [cytoplasm]
BIOMD0000001063,s_3741__91__c__93__,C16:1 chain [cytoplasm]
BIOMD0000001063,s_3742__91__c__93__,C18:0 chain [cytoplasm]
BIOMD0000001063,s_3743__91__c__93__,C18:1 chain [cytoplasm]
BIOMD0000001063,s_3744__91__c__93__,C24:0 chain [cytoplasm]
BIOMD0000001063,s_3745__91__c__93__,C26:0 chain [cytoplasm]
BIOMD0000001063,s_3746__91__c__93__,lipid backbone [cytoplasm]
BIOMD0000001063,s_3747__91__c__93__,lipid chain [cytoplasm]
BIOMD0000001063,s_3748__91__m__93__,Cytochrome c [mitochondrion]
BIOMD0000001063,s_3749__91__m__93__,Apocytochrome c [mitochondrion]
BIOMD0000001063,s_3750__91__c__93__,diacetyl [cytoplasm]
BIOMD0000001063,s_3751__91__n__93__,(R)-acetoin [nucleus]
BIOMD0000001063,s_3752__91__n__93__,diacetyl [nucleus]
BIOMD0000001063,s_3753__91__n__93__,NADH [nucleus]
BIOMD0000001063,s_3754__91__m__93__,L-glutamyl-tRNA(Gln) [mitochondrion]
BIOMD0000001063,s_3755__91__m__93__,L-glutamine [mitochondrion]
BIOMD0000001063,s_3756__91__m__93__,Gln-tRNA(Gln) [mitochondrion]
BIOMD0000001063,s_3757__91__v__93__,Met-Ala [vacuole]
BIOMD0000001063,s_3758__91__v__93__,L-methionine [vacuole]
BIOMD0000001063,s_3759__91__v__93__,L-alanine [vacuole]
BIOMD0000001063,s_3760__91__c__93__,ADP-D-ribose 1''-phosphate [cytoplasm]
BIOMD0000001063,s_3761__91__c__93__,ADP-ribose [cytoplasm]
BIOMD0000001063,s_3762__91__c__93__,quinone [cytoplasm]
BIOMD0000001063,s_3763__91__c__93__,"1,4-benzosemiquinone [cytoplasm]"
BIOMD0000001063,s_3764__91__er__93__,UDP-N-acetyl-alpha-D-glucosamine [endoplasmic reticulum]
BIOMD0000001063,s_3765__91__er__93__,N-Acetyl-D-glucosaminyldiphosphodolichol [endoplasmic reticulum]
BIOMD0000001063,s_3766__91__er__93__,UDP [endoplasmic reticulum]
BIOMD0000001063,s_3767__91__er__93__,"N,N'-Chitobiosyldiphosphodolichol [endoplasmic reticulum]"
BIOMD0000001063,s_3768__91__c__93__,D-ribofuranose 5-phosphate [cytoplasm]
BIOMD0000001063,s_3769__91__p__93__,Oxalate [peroxisome]
BIOMD0000001063,s_3770__91__p__93__,Oxalyl-CoA [peroxisome]
BIOMD0000001063,s_3771__91__er__93__,G00171 [endoplasmic reticulum]
BIOMD0000001063,s_3772__91__er__93__,D-glucose [endoplasmic reticulum]
BIOMD0000001063,s_3773__91__er__93__,G00010 [endoplasmic reticulum]
BIOMD0000001063,s_3774__91__er__93__,G00011 [endoplasmic reticulum]
BIOMD0000001063,s_3775__91__v__93__,sodium [vacuole]
BIOMD0000001063,s_3776__91__v__93__,potassium [vacuole]
BIOMD0000001063,s_3777__91__v__93__,chloride [vacuole]
BIOMD0000001063,s_3778__91__c__93__,chloride [cytoplasm]
BIOMD0000001063,s_3779__91__v__93__,D-fructose [vacuole]
BIOMD0000001063,s_3780__91__v__93__,D-galactose [vacuole]
BIOMD0000001063,s_3781__91__er__93__,UMP [endoplasmic reticulum]
BIOMD0000001063,s_3782__91__c__93__,cadmium(2+) [cytoplasm]
BIOMD0000001063,s_3783__91__e__93__,cadmium(2+) [extracellular]
BIOMD0000001063,s_3784__91__m__93__,(sulfur carrier)-H [mitochondrion]
BIOMD0000001063,s_3785__91__m__93__,L-cysteine [mitochondrion]
BIOMD0000001063,s_3786__91__m__93__,(sulfur carrier)-SH [mitochondrion]
BIOMD0000001063,s_3787__91__er__93__,cholesterol [endoplasmic reticulum]
BIOMD0000001063,s_3788__91__erm__93__,cholesterol [endoplasmic reticulum membrane]
BIOMD0000001063,s_3789__91__c__93__,3-chlorobenzyl alcohol [cytoplasm]
BIOMD0000001063,s_3790__91__c__93__,3-chlorobenzaldehyde [cytoplasm]
BIOMD0000001063,s_3791__91__c__93__,3-hydroxybenzyl alcohol [cytoplasm]
BIOMD0000001063,s_3792__91__c__93__,3-hydroxybenzaldehyde [cytoplasm]
BIOMD0000001063,s_3793__91__c__93__,3-methylbenzyl alcohol [cytoplasm]
BIOMD0000001063,s_3794__91__c__93__,3-methylbenzaldehyde [cytoplasm]
BIOMD0000001063,s_3795__91__c__93__,4-isopropylbenzyl alcohol [cytoplasm]
BIOMD0000001063,s_3796__91__c__93__,p-cumic aldehyde [cytoplasm]
BIOMD0000001063,s_3797__91__c__93__,4-methylbenzyl alcohol [cytoplasm]
BIOMD0000001063,s_3798__91__c__93__,4-methylbenzaldehyde [cytoplasm]
BIOMD0000001063,s_3799__91__c__93__,benzyl alcohol [cytoplasm]
BIOMD0000001063,s_3800__91__c__93__,benzaldehyde [cytoplasm]
BIOMD0000001063,s_3801__91__c__93__,Mn(2+) [cytoplasm]
BIOMD0000001063,s_3802__91__er__93__,Mn(2+) [endoplasmic reticulum]
BIOMD0000001063,s_3805__91__c__93__,Mannitol [cytoplasm]
BIOMD0000001063,s_3806__91__c__93__,4-hydroxy-4-methyl-2-oxoglutarate [cytoplasm]
BIOMD0000001063,s_3807__91__c__93__,L-methionine (S)-S-oxide [cytoplasm]
BIOMD0000001063,s_3808__91__m__93__,tRNA(Pro) [mitochondrion]
BIOMD0000001063,s_3809__91__m__93__,Pro-tRNA(Pro) [mitochondrion]
BIOMD0000001063,s_3810__91__c__93__,5-oxo-L-proline [cytoplasm]
BIOMD0000001063,s_3811__91__m__93__,4a-Hydroxytetrahydrobiopterin [mitochondrion]
BIOMD0000001063,s_3812__91__m__93__,Dihydrobiopterin [mitochondrion]
BIOMD0000001063,s_3813__91__m__93__,superoxide [mitochondrion]
BIOMD0000001063,s_3814__91__c__93__,2-deoxy-D-glucose 6-phosphate [cytoplasm]
BIOMD0000001063,s_3815__91__c__93__,2-deoxy-D-glucose [cytoplasm]
BIOMD0000001063,s_3816__91__c__93__,[cytochrome c]-L-lysine [cytoplasm]
BIOMD0000001063,s_3817__91__c__93__,[cytochrome c]-N6-methyl-L-lysine [cytoplasm]
BIOMD0000001063,s_3818__91__n__93__,S-adenosyl-L-methionine [nucleus]
BIOMD0000001063,s_3819__91__n__93__,L-lysine-[histone] [nucleus]
BIOMD0000001063,s_3820__91__n__93__,S-adenosyl-L-homocysteine [nucleus]
BIOMD0000001063,s_3821__91__n__93__,N6-methyl-L-lysine-[histone] [nucleus]
BIOMD0000001063,s_3822__91__c__93__,Zn(2+) [cytoplasm]
BIOMD0000001063,s_3823__91__er__93__,Zn(2+) [endoplasmic reticulum]
BIOMD0000001063,s_3826__91__m__93__,Ferricytochrome b5 [mitochondrion]
BIOMD0000001063,s_3827__91__m__93__,Ferrocytochrome b5 [mitochondrion]
BIOMD0000001063,s_3828__91__c__93__,(S)-benzoin [cytoplasm]
BIOMD0000001063,s_3829__91__c__93__,benzil [cytoplasm]
BIOMD0000001063,s_3830__91__er__93__,RX [endoplasmic reticulum]
BIOMD0000001063,s_3831__91__er__93__,glutathione [endoplasmic reticulum]
BIOMD0000001063,s_3832__91__er__93__,HX [endoplasmic reticulum]
BIOMD0000001063,s_3833__91__er__93__,R-S-glutathione [endoplasmic reticulum]
BIOMD0000001063,s_3834__91__c__93__,RX [cytoplasm]
BIOMD0000001063,s_3835__91__c__93__,HX [cytoplasm]
BIOMD0000001063,s_3836__91__c__93__,R-S-glutathione [cytoplasm]
BIOMD0000001063,s_3837__91__c__93__,L-Methionine S-oxide [cytoplasm]
BIOMD0000001063,s_3838__91__v__93__,Ala-Gly [vacuole]
BIOMD0000001063,s_3839__91__v__93__,L-glycine [vacuole]
BIOMD0000001063,s_3840__91__v__93__,Ala-Leu [vacuole]
BIOMD0000001063,s_3841__91__c__93__,Threo-3-hydroxy-L-aspartate [cytoplasm]
BIOMD0000001063,s_3842__91__p__93__,RX [peroxisome]
BIOMD0000001063,s_3843__91__p__93__,glutathione [peroxisome]
BIOMD0000001063,s_3844__91__p__93__,HX [peroxisome]
BIOMD0000001063,s_3845__91__p__93__,R-S-glutathione [peroxisome]
BIOMD0000001063,s_3846__91__c__93__,dehydroascorbate [cytoplasm]
BIOMD0000001063,s_3847__91__c__93__,ascorbate [cytoplasm]
BIOMD0000001063,s_3848__91__p__93__,dehydroascorbate [peroxisome]
BIOMD0000001063,s_3849__91__p__93__,glutathione disulfide [peroxisome]
BIOMD0000001063,s_3850__91__p__93__,ascorbate [peroxisome]
BIOMD0000001063,s_3851__91__c__93__,Cyanamide [cytoplasm]
BIOMD0000001063,s_3852__91__c__93__,aldehydo-D-ribose 5-phosphate [cytoplasm]
BIOMD0000001063,s_3853__91__c__93__,R-S-Cysteinylglycine [cytoplasm]
BIOMD0000001063,s_3854__91__c__93__,S-Substituted L-cysteine [cytoplasm]
BIOMD0000001063,s_3855__91__m__93__,iron(3+) [mitochondrion]
BIOMD0000001063,s_3856__91__c__93__,Glycyl-tRNA(Ala) [cytoplasm]
BIOMD0000001063,s_3857__91__c__93__,D-tyrosyl-tRNA(Tyr) [cytoplasm]
BIOMD0000001063,s_3858__91__c__93__,D-tyrosine [cytoplasm]
BIOMD0000001063,s_3859__91__c__93__,4-nitrophenyl phosphate [cytoplasm]
BIOMD0000001063,s_3860__91__c__93__,4-nitrophenol [cytoplasm]
BIOMD0000001063,s_3861__91__c__93__,L-iditol [cytoplasm]
BIOMD0000001063,s_3862__91__c__93__,alpha-D-Galactose [cytoplasm]
BIOMD0000001063,s_3863__91__m__93__,3-hydroxy-2-methylpropanoyl-CoA [mitochondrion]
BIOMD0000001063,s_3864__91__m__93__,3-hydroxy-2-methylpropanoate [mitochondrion]
BIOMD0000001063,s_3865__91__e__93__,sterols [extracellular]
BIOMD0000001063,s_3866__91__c__93__,sterols [cytoplasm]
BIOMD0000001063,s_3867__91__c__93__,2-Phenylacetamide [cytoplasm]
BIOMD0000001063,s_3868__91__c__93__,(Indol-3-yl)acetamide [cytoplasm]
BIOMD0000001063,s_3871__91__c__93__,Acrylic acid [cytoplasm]
BIOMD0000001063,s_3872__91__c__93__,Acrylamide [cytoplasm]
BIOMD0000001063,s_3873__91__c__93__,Benzamide [cytoplasm]
BIOMD0000001063,s_3874__91__c__93__,Benzoate [cytoplasm]
BIOMD0000001063,s_3875__91__c__93__,D-gluconate [cytoplasm]
BIOMD0000001063,s_3876__91__c__93__,Protein C-terminal S-farnesyl-L-cysteine [cytoplasm]
BIOMD0000001063,s_3877__91__c__93__,Protein C-terminal S-farnesyl-L-cysteine methyl ester [cytoplasm]
BIOMD0000001063,s_3878__91__er__93__,1-phosphatidyl-1D-myo-inositol [endoplasmic reticulum]
BIOMD0000001063,s_3879__91__er__93__,G00143 [endoplasmic reticulum]
BIOMD0000001063,s_3880__91__c__93__,Ca(2+) [cytoplasm]
BIOMD0000001063,s_3881__91__v__93__,ATP [vacuole]
BIOMD0000001063,s_3882__91__v__93__,Ca(2+) [vacuole]
BIOMD0000001063,s_3883__91__v__93__,ADP [vacuole]
BIOMD0000001063,s_3884__91__c__93__,generic protein [cytoplasm]
BIOMD0000001063,s_3885__91__c__93__,L-Arginyl-protein [cytoplasm]
BIOMD0000001063,s_3886__91__er__93__,Protein asparagine [endoplasmic reticulum]
BIOMD0000001063,s_3887__91__er__93__,G00008 [endoplasmic reticulum]
BIOMD0000001063,s_3888__91__er__93__,Dolichyl diphosphate [endoplasmic reticulum]
BIOMD0000001063,s_3889__91__er__93__,G00009 [endoplasmic reticulum]
BIOMD0000001063,s_3890__91__er__93__,GDP-alpha-D-mannose [endoplasmic reticulum]
BIOMD0000001063,s_3891__91__er__93__,G10694 [endoplasmic reticulum]
BIOMD0000001063,s_3892__91__er__93__,GDP [endoplasmic reticulum]
BIOMD0000001063,s_3893__91__er__93__,G01813 [endoplasmic reticulum]
BIOMD0000001063,s_3894__91__er__93__,G00003 [endoplasmic reticulum]
BIOMD0000001063,s_3895__91__er__93__,G00004 [endoplasmic reticulum]
BIOMD0000001063,s_3896__91__er__93__,G00005 [endoplasmic reticulum]
BIOMD0000001063,s_3897__91__v__93__,2-O-(6-phospho-alpha-D-mannosyl)-D-glycerate [vacuole]
BIOMD0000001063,s_3898__91__v__93__,D-mannose 6-phosphate [vacuole]
BIOMD0000001063,s_3899__91__v__93__,D-Glycerate [vacuole]
BIOMD0000001063,s_3900__91__v__93__,alpha-D-mannoside [vacuole]
BIOMD0000001063,s_3901__91__v__93__,alpha-D-mannopyranose [vacuole]
BIOMD0000001063,s_3902__91__v__93__,non glycosylated sugar acceptor [vacuole]
BIOMD0000001063,s_3903__91__c__93__,L-Threonylcarbamoyladenylate [cytoplasm]
BIOMD0000001063,s_3904__91__c__93__,D-Serine [cytoplasm]
BIOMD0000001063,s_3905__91__m__93__,O-acetyl-L-serine [mitochondrion]
BIOMD0000001063,s_3906__91__m__93__,hydrogen sulfide [mitochondrion]
BIOMD0000001063,s_3907__91__m__93__,phosphatidate [mitochondrion]
BIOMD0000001063,s_3908__91__m__93__,CDP-diacylglycerol [mitochondrion]
BIOMD0000001063,s_3909__91__c__93__,Sulfur donor [cytoplasm]
BIOMD0000001063,s_3910__91__c__93__,ADP-5-ethyl-4-methylthiazole-2-carboxylate [cytoplasm]
BIOMD0000001063,s_3911__91__er__93__,Dolichyl beta-D-glucosyl phosphate [endoplasmic reticulum]
BIOMD0000001063,s_3912__91__er__93__,G10599 [endoplasmic reticulum]
BIOMD0000001063,s_3913__91__c__93__,nitric oxide [cytoplasm]
BIOMD0000001063,s_3914__91__c__93__,nitrate [cytoplasm]
BIOMD0000001063,s_3915__91__c__93__,(R)-Lipoate [cytoplasm]
BIOMD0000001063,s_3916__91__c__93__,Lipoyl-AMP [cytoplasm]
BIOMD0000001063,s_3917__91__c__93__,Apoprotein [cytoplasm]
BIOMD0000001063,s_3918__91__c__93__,Protein N6-(lipoyl)lysine [cytoplasm]
BIOMD0000001063,s_3923__91__c__93__,N-(4-oxoglutarate)-L-cysteinylglycine [cytoplasm]
BIOMD0000001063,s_3924__91__m__93__,N-(4-oxoglutarate)-L-cysteinylglycine [mitochondrion]
BIOMD0000001063,s_3925__91__m__93__,L-cysteinylglycine [mitochondrion]
BIOMD0000001063,s_3926__91__g__93__,chloride [Golgi]
BIOMD0000001063,s_3927__91__c__93__,ribonucleoside 5'-triphosphate [cytoplasm]
BIOMD0000001063,s_3928__91__c__93__,ribonucleoside 5'-phosphate [cytoplasm]
BIOMD0000001063,s_3929__91__c__93__,2'-deoxyribonucleoside 5'-triphosphate [cytoplasm]
BIOMD0000001063,s_3930__91__c__93__,2'-deoxyribonucleoside 5'-phosphate [cytoplasm]
BIOMD0000001063,s_3931__91__c__93__,superoxide [cytoplasm]
BIOMD0000001063,s_3932__91__er__93__,G00012 [endoplasmic reticulum]
BIOMD0000001063,s_3933__91__er__93__,D-mannose [endoplasmic reticulum]
BIOMD0000001063,s_3934__91__c__93__,Ethylnitronate [cytoplasm]
BIOMD0000001063,s_3935__91__c__93__,Nitrite [cytoplasm]
BIOMD0000001063,s_3936__91__e__93__,iron(3+) [extracellular]
BIOMD0000001063,s_3937__91__er__93__,Acyl-CoA [endoplasmic reticulum]
BIOMD0000001063,s_3938__91__er__93__,1-acyl-sn-glycerol 3-phosphate [endoplasmic reticulum]
BIOMD0000001063,s_3939__91__er__93__,"1,2-diacyl-sn-glycerol 3-phosphate [endoplasmic reticulum]"
BIOMD0000001063,s_3940__91__c__93__,Peptide diphthine [cytoplasm]
BIOMD0000001063,s_3941__91__c__93__,Peptide diphthamide [cytoplasm]
BIOMD0000001063,s_3942__91__p__93__,8-oxo-dGTP [peroxisome]
BIOMD0000001063,s_3943__91__p__93__,8-oxo-dGMP [peroxisome]
BIOMD0000001063,s_3944__91__m__93__,Apoprotein [mitochondrion]
BIOMD0000001063,s_3945__91__m__93__,Protein N6-(octanoyl)lysine [mitochondrion]
BIOMD0000001063,s_3946__91__m__93__,Lipoyl-[acp] [mitochondrion]
BIOMD0000001063,s_3947__91__m__93__,Protein N6-(lipoyl)lysine [mitochondrion]
BIOMD0000001063,s_3948__91__c__93__,beta-D-Fructose 6-phosphate [cytoplasm]
BIOMD0000001063,s_3949__91__c__93__,beta-D-Glucose [cytoplasm]
BIOMD0000001063,s_3950__91__c__93__,beta-D-Glucose 6-phosphate [cytoplasm]
BIOMD0000001063,s_3951__91__c__93__,alpha-D-Glucose [cytoplasm]
BIOMD0000001063,s_3952__91__c__93__,alpha-D-Glucose 6-phosphate [cytoplasm]
BIOMD0000001063,s_3953__91__c__93__,D-Glucosamine [cytoplasm]
BIOMD0000001063,s_3954__91__c__93__,beta-D-Fructose [cytoplasm]
BIOMD0000001063,s_3958__91__c__93__,D-Glycerate [cytoplasm]
BIOMD0000001063,s_3959__91__c__93__,2-Propynal [cytoplasm]
BIOMD0000001063,s_3960__91__c__93__,Propynoate [cytoplasm]
BIOMD0000001063,s_3961__91__c__93__,D-Glucuronolactone [cytoplasm]
BIOMD0000001063,s_3962__91__c__93__,D-Glucarate [cytoplasm]
BIOMD0000001063,s_3963__91__c__93__,4-Trimethylammoniobutanal [cytoplasm]
BIOMD0000001063,s_3964__91__c__93__,4-Trimethylammoniobutanoate [cytoplasm]
BIOMD0000001063,s_3965__91__c__93__,(S)-Methylmalonate semialdehyde [cytoplasm]
BIOMD0000001063,s_3966__91__c__93__,Methylmalonate [cytoplasm]
BIOMD0000001063,s_3967__91__c__93__,Imidazole-4-acetaldehyde [cytoplasm]
BIOMD0000001063,s_3968__91__c__93__,Imidazole-4-acetate [cytoplasm]
BIOMD0000001063,s_3969__91__c__93__,"3alpha,7alpha-Dihydroxy-5beta-cholestan-26-al [cytoplasm]"
BIOMD0000001063,s_3970__91__c__93__,"3alpha,7alpha-Dihydroxy-5beta-cholestanate [cytoplasm]"
BIOMD0000001063,s_3971__91__c__93__,5-Hydroxyindoleacetaldehyde [cytoplasm]
BIOMD0000001063,s_3972__91__c__93__,5-Hydroxyindoleacetate [cytoplasm]
BIOMD0000001063,s_3973__91__c__93__,N4-Acetylaminobutanal [cytoplasm]
BIOMD0000001063,s_3974__91__c__93__,4-Acetamidobutanoate [cytoplasm]
BIOMD0000001063,s_3975__91__c__93__,trans-3-Chloroallyl aldehyde [cytoplasm]
BIOMD0000001063,s_3976__91__c__93__,trans-3-Chloroacrylic acid [cytoplasm]
BIOMD0000001063,s_3977__91__c__93__,cis-3-Chloroallyl aldehyde [cytoplasm]
BIOMD0000001063,s_3978__91__c__93__,cis-3-Chloroacrylic acid [cytoplasm]
BIOMD0000001063,s_3979__91__c__93__,Chloroacetaldehyde [cytoplasm]
BIOMD0000001063,s_3980__91__c__93__,Chloroacetic acid [cytoplasm]
BIOMD0000001063,s_3981__91__c__93__,Perillyl aldehyde [cytoplasm]
BIOMD0000001063,s_3982__91__c__93__,Perillic acid [cytoplasm]
BIOMD0000001063,s_3983__91__c__93__,"2-trans,6-trans-Farnesal [cytoplasm]"
BIOMD0000001063,s_3984__91__c__93__,Farnesoic acid [cytoplasm]
BIOMD0000001063,s_3985__91__erm__93__,phospholipid [endoplasmic reticulum membrane]
BIOMD0000001063,s_3986__91__gm__93__,phospholipid [Golgi membrane]
BIOMD0000001063,s_3987__91__erm__93__,ADP [endoplasmic reticulum membrane]
BIOMD0000001063,s_3988__91__c__93__,1-oleoyl-sn-glycerol [cytoplasm]
BIOMD0000001063,s_3989__91__er__93__,G10526 [endoplasmic reticulum]
BIOMD0000001063,s_3990__91__er__93__,G00006 [endoplasmic reticulum]
BIOMD0000001063,s_3991__91__c__93__,carnosine [cytoplasm]
BIOMD0000001063,s_3992__91__c__93__,anserine [cytoplasm]
BIOMD0000001063,s_3993__91__er__93__,G10595 [endoplasmic reticulum]
BIOMD0000001063,s_3994__91__er__93__,G10596 [endoplasmic reticulum]
BIOMD0000001063,s_3995__91__er__93__,G10597 [endoplasmic reticulum]
BIOMD0000001063,s_3996__91__er__93__,G00007 [endoplasmic reticulum]
BIOMD0000001063,s_3997__91__c__93__,glycolate [cytoplasm]
BIOMD0000001063,s_3998__91__c__93__,sucrose [cytoplasm]
BIOMD0000001063,s_3999__91__c__93__,Isomaltose [cytoplasm]
BIOMD0000001063,s_4000__91__c__93__,Dextrin [cytoplasm]
BIOMD0000001063,s_4001__91__er__93__,G10598 [endoplasmic reticulum]
BIOMD0000001063,s_4002__91__er__93__,G00149 [endoplasmic reticulum]
BIOMD0000001063,s_4003__91__er__93__,G00140 [endoplasmic reticulum]
BIOMD0000001063,s_4004__91__m__93__,Sulfur donor [mitochondrion]
BIOMD0000001063,s_4005__91__m__93__,5'-Deoxyadenosine [mitochondrion]
BIOMD0000001063,s_4006__91__m__93__,S-sulfanyl-[L-cysteine desulfurase] [mitochondrion]
BIOMD0000001063,s_4007__91__m__93__,[disordered-form [Fe-S] cluster scaffold protein] [mitochondrion]
BIOMD0000001063,s_4008__91__m__93__,S-sulfanyl-[cysteine desulfurase]-[disordered-form scaffold protein] complex [mitochondrion]
BIOMD0000001063,s_4009__91__m__93__,hydrogen cyanide [mitochondrion]
BIOMD0000001063,s_4010__91__m__93__,thiosulfate [mitochondrion]
BIOMD0000001063,s_4011__91__m__93__,sulphite [mitochondrion]
BIOMD0000001063,s_4012__91__m__93__,thiocyanate [mitochondrion]
BIOMD0000001063,s_4013__91__c__93__,Mg(2+) [cytoplasm]
BIOMD0000001063,s_4014__91__m__93__,Mg(2+) [mitochondrion]
BIOMD0000001063,s_4015__91__er__93__,UDP-D-glucose [endoplasmic reticulum]
BIOMD0000001063,s_4016__91__er__93__,sulphate [endoplasmic reticulum]
BIOMD0000001063,s_4017__91__c__93__,N-Acetyl-D-glucosamine [cytoplasm]
BIOMD0000001063,s_4018__91__c__93__,polyphosphate [cytoplasm]
BIOMD0000001063,s_4019__91__c__93__,Cu2(+) [cytoplasm]
BIOMD0000001063,s_4020__91__g__93__,Cu2(+) [Golgi]
BIOMD0000001063,s_4021__91__c__93__,2-Oxoglutaramate [cytoplasm]
BIOMD0000001063,s_4022__91__m__93__,porphyrin [mitochondrion]
BIOMD0000001063,s_4023__91__c__93__,porphyrin [cytoplasm]
BIOMD0000001063,s_4024__91__c__93__,Starch [cytoplasm]
BIOMD0000001063,s_4025__91__g__93__,UDP-N-acetyl-alpha-D-glucosamine [Golgi]
BIOMD0000001063,s_4026__91__m__93__,Zn(2+) [mitochondrion]
BIOMD0000001063,s_4027__91__v__93__,Zn(2+) [vacuole]
BIOMD0000001063,s_4028__91__m__93__,RX [mitochondrion]
BIOMD0000001063,s_4029__91__m__93__,HX [mitochondrion]
BIOMD0000001063,s_4030__91__m__93__,R-S-glutathione [mitochondrion]
BIOMD0000001063,s_4031__91__v__93__,iron(3+) [vacuole]
BIOMD0000001063,s_4032__91__c__93__,[protein]-L-lysine [cytoplasm]
BIOMD0000001063,s_4033__91__c__93__,[protein]-N(6)-acetyl-L-lysine [cytoplasm]
BIOMD0000001063,s_4034__91__e__93__,Ala-Gln [extracellular]
BIOMD0000001063,s_4035__91__c__93__,Ala-Gln [cytoplasm]
BIOMD0000001063,s_4036__91__v__93__,Ala-Gln [vacuole]
BIOMD0000001063,s_4037__91__e__93__,Ala-Glu [extracellular]
BIOMD0000001063,s_4038__91__c__93__,Ala-Glu [cytoplasm]
BIOMD0000001063,s_4039__91__v__93__,Ala-Glu [vacuole]
BIOMD0000001063,s_4040__91__e__93__,Ala-Thr [extracellular]
BIOMD0000001063,s_4041__91__c__93__,Ala-Thr [cytoplasm]
BIOMD0000001063,s_4042__91__v__93__,Ala-Thr [vacuole]
BIOMD0000001063,s_4043__91__v__93__,L-threonine [vacuole]
BIOMD0000001063,s_4044__91__c__93__,thymidine 3'-monophosphate [cytoplasm]
BIOMD0000001063,s_4045__91__e__93__,thymidine 3'-monophosphate [extracellular]
BIOMD0000001063,s_4046__91__c__93__,thymidine 5'-monophosphate [cytoplasm]
BIOMD0000001063,s_4047__91__e__93__,thymidine 5'-monophosphate [extracellular]
BIOMD0000001063,s_4048__91__c__93__,glycerol 1-phosphate [cytoplasm]
BIOMD0000001063,s_4049__91__e__93__,glycerol 1-phosphate [extracellular]
BIOMD0000001063,s_4050__91__e__93__,Ala-His [extracellular]
BIOMD0000001063,s_4051__91__c__93__,Ala-His [cytoplasm]
BIOMD0000001063,s_4052__91__v__93__,Ala-His [vacuole]
BIOMD0000001063,s_4053__91__e__93__,Gly-Asn [extracellular]
BIOMD0000001063,s_4054__91__c__93__,Gly-Asn [cytoplasm]
BIOMD0000001063,s_4055__91__v__93__,Gly-Asn [vacuole]
BIOMD0000001063,s_4056__91__e__93__,Gly-Gln [extracellular]
BIOMD0000001063,s_4057__91__c__93__,Gly-Gln [cytoplasm]
BIOMD0000001063,s_4058__91__v__93__,Gly-Gln [vacuole]
BIOMD0000001063,s_4059__91__e__93__,Gly-Glu [extracellular]
BIOMD0000001063,s_4060__91__c__93__,Gly-Glu [cytoplasm]
BIOMD0000001063,s_4061__91__v__93__,Gly-Glu [vacuole]
BIOMD0000001063,s_4062__91__c__93__,glycerol 2-phosphate(2-) [cytoplasm]
BIOMD0000001063,s_4063__91__e__93__,glycerol 2-phosphate(2-) [extracellular]
BIOMD0000001063,s_4064__91__c__93__,O-phospho-L-threonine [cytoplasm]
BIOMD0000001063,s_4065__91__e__93__,O-phospho-L-threonine [extracellular]
BIOMD0000001063,s_4066__91__c__93__,guanosine 2'-monophosphate [cytoplasm]
BIOMD0000001063,s_4067__91__e__93__,guanosine 2'-monophosphate [extracellular]
BIOMD0000001063,s_4068__91__c__93__,3'-GMP [cytoplasm]
BIOMD0000001063,s_4069__91__e__93__,3'-GMP [extracellular]
BIOMD0000001063,s_4070__91__e__93__,2-phosphoglycolate [extracellular]
BIOMD0000001063,s_4071__91__c__93__,2-phosphoglycolate [cytoplasm]
BIOMD0000001063,s_4072__91__c__93__,cysteamine S-phosphate [cytoplasm]
BIOMD0000001063,s_4073__91__c__93__,cysteamine [cytoplasm]
BIOMD0000001063,s_4074__91__e__93__,cysteamine [extracellular]
BIOMD0000001063,s_4075__91__e__93__,cysteamine S-phosphate [extracellular]
BIOMD0000001063,s_4076__91__c__93__,hypotaurine [cytoplasm]
BIOMD0000001063,s_4077__91__c__93__,O-phosphonatooxy-D-serine(2-) [cytoplasm]
BIOMD0000001063,s_4078__91__e__93__,O-phosphonatooxy-D-serine(2-) [extracellular]
BIOMD0000001063,s_4079__91__c__93__,2-aminobutanoate [cytoplasm]
BIOMD0000001063,s_4080__91__e__93__,2-aminobutanoate [extracellular]
BIOMD0000001063,s_4081__91__c__93__,uridine 2'-phosphate [cytoplasm]
BIOMD0000001063,s_4082__91__e__93__,uridine 2'-phosphate [extracellular]
BIOMD0000001063,s_4083__91__c__93__,3'-UMP [cytoplasm]
BIOMD0000001063,s_4084__91__e__93__,3'-UMP [extracellular]
BIOMD0000001063,s_4085__91__e__93__,Gly-Met [extracellular]
BIOMD0000001063,s_4086__91__c__93__,Gly-Met [cytoplasm]
BIOMD0000001063,s_4087__91__v__93__,Gly-Met [vacuole]
BIOMD0000001063,s_4088__91__c__93__,N-phosphocreatine [cytoplasm]
BIOMD0000001063,s_4089__91__c__93__,creatinine [cytoplasm]
BIOMD0000001063,s_4090__91__e__93__,N-phosphocreatine [extracellular]
BIOMD0000001063,s_4091__91__e__93__,creatinine [extracellular]
BIOMD0000001063,s_4092__91__c__93__,N(omega)-phospho-L-arginine [cytoplasm]
BIOMD0000001063,s_4093__91__e__93__,N(omega)-phospho-L-arginine [extracellular]
BIOMD0000001063,s_4094__91__c__93__,"2',3'-cyclic GMP [cytoplasm]"
BIOMD0000001063,s_4095__91__e__93__,"2',3'-cyclic GMP [extracellular]"
BIOMD0000001063,s_4096__91__c__93__,O(4)-phospho-L-tyrosine [cytoplasm]
BIOMD0000001063,s_4097__91__e__93__,O(4)-phospho-L-tyrosine [extracellular]
BIOMD0000001063,s_4098__91__c__93__,triphosphate [cytoplasm]
BIOMD0000001063,s_4099__91__e__93__,triphosphate [extracellular]
BIOMD0000001063,s_4100__91__c__93__,cytidine 2'-phosphate [cytoplasm]
BIOMD0000001063,s_4101__91__e__93__,cytidine 2'-phosphate [extracellular]
BIOMD0000001063,s_4102__91__c__93__,"2',3'-cyclic UMP [cytoplasm]"
BIOMD0000001063,s_4103__91__e__93__,"2',3'-cyclic UMP [extracellular]"
BIOMD0000001063,s_4104__91__c__93__,3-sulfino-L-alanine [cytoplasm]
BIOMD0000001063,s_4105__91__e__93__,3-sulfino-L-alanine [extracellular]
BIOMD0000001063,s_4106__91__c__93__,3'-AMP [cytoplasm]
BIOMD0000001063,s_4107__91__e__93__,3'-AMP [extracellular]
BIOMD0000001063,s_4108__91__c__93__,6-O-alpha-D-glucopyranosyl-D-fructofuranose [cytoplasm]
BIOMD0000001063,s_4109__91__e__93__,6-O-alpha-D-glucopyranosyl-D-fructofuranose [extracellular]
BIOMD0000001063,s_4110__91__c__93__,N-acetyl-L-cysteine [cytoplasm]
BIOMD0000001063,s_4111__91__e__93__,N-acetyl-L-cysteine [extracellular]
BIOMD0000001063,s_4112__91__c__93__,tetrathionate [cytoplasm]
BIOMD0000001063,s_4113__91__c__93__,thiosulfate [cytoplasm]
BIOMD0000001063,s_4114__91__e__93__,tetrathionate [extracellular]
BIOMD0000001063,s_4115__91__c__93__,2-hydroxyethane-1-sulfonate [cytoplasm]
BIOMD0000001063,s_4116__91__e__93__,2-hydroxyethane-1-sulfonate [extracellular]
BIOMD0000001063,s_4117__91__c__93__,5-dehydro-D-gluconate [cytoplasm]
BIOMD0000001063,s_4118__91__e__93__,5-dehydro-D-gluconate [extracellular]
BIOMD0000001063,s_4119__91__e__93__,Ala-Asp [extracellular]
BIOMD0000001063,s_4120__91__c__93__,Ala-Asp [cytoplasm]
BIOMD0000001063,s_4121__91__v__93__,Ala-Asp [vacuole]
BIOMD0000001063,s_4122__91__c__93__,methyl alpha-D-glucopyranoside [cytoplasm]
BIOMD0000001063,s_4123__91__c__93__,methanol [cytoplasm]
BIOMD0000001063,s_4124__91__e__93__,methanol [extracellular]
BIOMD0000001063,s_4125__91__e__93__,methyl alpha-D-glucopyranoside [extracellular]
BIOMD0000001063,s_4126__91__c__93__,"2',3'-cyclic CMP [cytoplasm]"
BIOMD0000001063,s_4127__91__e__93__,"2',3'-cyclic CMP [extracellular]"
BIOMD0000001063,s_4128__91__c__93__,D-tagatose [cytoplasm]
BIOMD0000001063,s_4129__91__c__93__,D-tagatofuranose 6-phosphate [cytoplasm]
BIOMD0000001063,s_4130__91__e__93__,D-tagatose [extracellular]
BIOMD0000001063,s_4131__91__e__93__,turanose [extracellular]
BIOMD0000001063,s_4132__91__c__93__,acetoacetate [cytoplasm]
BIOMD0000001063,s_4133__91__e__93__,acetoacetate [extracellular]
BIOMD0000001063,s_4134__91__c__93__,N(alpha)-acetyl-L-methionine [cytoplasm]
BIOMD0000001063,s_4135__91__e__93__,N(alpha)-acetyl-L-methionine [extracellular]
BIOMD0000001063,s_4136__91__c__93__,3-oxalomalate(3-) [cytoplasm]
BIOMD0000001063,s_4137__91__e__93__,3-oxalomalate(3-) [extracellular]
BIOMD0000001063,s_4138__91__c__93__,L-cysteate [cytoplasm]
BIOMD0000001063,s_4139__91__e__93__,L-cysteate [extracellular]
BIOMD0000001063,s_4140__91__e__93__,alpha-maltotriose [extracellular]
BIOMD0000001063,s_4141__91__e__93__,2-phospho-D-glyceric acid [extracellular]
BIOMD0000001063,s_4142__91__e__93__,3-phosphonato-D-glycerate(3-) [extracellular]
BIOMD0000001063,s_4143__91__e__93__,Met-Ala [extracellular]
BIOMD0000001063,s_4144__91__c__93__,Met-Ala [cytoplasm]
BIOMD0000001063,s_4145__91__e__93__,D-glucose 1-phosphate [extracellular]
BIOMD0000001063,s_4146__91__e__93__,carbamoyl phosphate [extracellular]
BIOMD0000001063,s_4147__91__e__93__,3-phospho-serine [extracellular]
BIOMD0000001063,s_4148__91__e__93__,GMP [extracellular]
BIOMD0000001063,s_4149__91__e__93__,myo-inositol hexakisphosphate [extracellular]
BIOMD0000001063,s_4150__91__e__93__,D-glucose 6-phosphate [extracellular]
BIOMD0000001063,s_4151__91__e__93__,UMP [extracellular]
BIOMD0000001063,s_4152__91__e__93__,phosphoenolpyruvate [extracellular]
BIOMD0000001063,s_4153__91__e__93__,D-mannose 6-phosphate [extracellular]
BIOMD0000001063,s_4154__91__e__93__,O-phosphoethanolamine [extracellular]
BIOMD0000001063,s_4155__91__e__93__,6-phospho-D-gluconate [extracellular]
BIOMD0000001063,s_4156__91__e__93__,D-mannose 1-phosphate [extracellular]
BIOMD0000001063,s_4157__91__e__93__,diphosphate [extracellular]
BIOMD0000001063,s_4158__91__e__93__,choline phosphate [extracellular]
BIOMD0000001063,s_4159__91__e__93__,thiosulfate [extracellular]
BIOMD0000001063,s_4160__91__e__93__,AMP [extracellular]
BIOMD0000001063,s_4161__91__e__93__,"2',3'-cyclic AMP [extracellular]"
BIOMD0000001063,s_4162__91__e__93__,adenosine 2'-phosphate [extracellular]
BIOMD0000001063,s_4163__91__e__93__,CMP [extracellular]
BIOMD0000001063,s_4164__91__e__93__,D-Glucosamine [extracellular]
BIOMD0000001063,s_4165__91__e__93__,2-deoxy-D-ribose [extracellular]
BIOMD0000001063,s_4166__91__e__93__,L-citrulline [extracellular]
BIOMD0000001063,s_4167__91__e__93__,glycerone [extracellular]
BIOMD0000001063,s_4168__91__e__93__,Ala-Leu [extracellular]
BIOMD0000001063,s_4169__91__c__93__,Ala-Leu [cytoplasm]
BIOMD0000001063,s_4170__91__e__93__,Ala-Gly [extracellular]
BIOMD0000001063,s_4171__91__c__93__,Ala-Gly [cytoplasm]
BIOMD0000001063,s_4172__91__e__93__,N-acetyl-L-glutamate [extracellular]
BIOMD0000001063,s_4173__91__c__93__,N-acetyl-L-glutamate [cytoplasm]
BIOMD0000001063,s_4174__91__e__93__,lipoamide [extracellular]
BIOMD0000001063,s_4175__91__c__93__,lipoamide [cytoplasm]
BIOMD0000001063,s_4176__91__e__93__,L-Methionine S-oxide [extracellular]
BIOMD0000001063,s_4177__91__c__93__,homogentisate [cytoplasm]
BIOMD0000001063,s_4178__91__c__93__,4-maleylacetoacetate [cytoplasm]
BIOMD0000001063,s_4179__91__c__93__,4-fumarylacetoacetate [cytoplasm]
BIOMD0000001063,s_4180__91__c__93__,L-xylulose [cytoplasm]
BIOMD0000001063,s_4181__91__c__93__,D-arabinitol [cytoplasm]
BIOMD0000001063,s_4182__91__c__93__,2-hydroxyglutarate [cytoplasm]
BIOMD0000001063,s_4183__91__c__93__,propionyl-CoA [cytoplasm]
BIOMD0000001063,s_4184__91__c__93__,3-oxopropanoate [cytoplasm]
BIOMD0000001063,s_4185__91__c__93__,"(R)-2,3-dihydroxy-3-methylbutanoate [cytoplasm]"
BIOMD0000001063,s_4186__91__c__93__,3-hydroxy-3-methyl-2-oxobutanoate [cytoplasm]
BIOMD0000001063,s_4187__91__c__93__,2-acetyllactic acid [cytoplasm]
BIOMD0000001063,s_4188__91__c__93__,(2S)-2-acetolactate [cytoplasm]
BIOMD0000001063,s_4189__91__c__93__,"(2R,3S)-3-methylmalate [cytoplasm]"
BIOMD0000001063,s_4190__91__c__93__,"trans-2,cis-9-octadecadienoyl-CoA [cytoplasm]"
BIOMD0000001063,s_4191__91__c__93__,"(9Z,12Z)-octadecadienoate [cytoplasm]"
BIOMD0000001063,s_4192__91__c__93__,stachyose [cytoplasm]
BIOMD0000001063,s_4193__91__c__93__,raffinose [cytoplasm]
BIOMD0000001063,s_4194__91__c__93__,4-hydroxyphenyl acetate [cytoplasm]
BIOMD0000001063,s_4195__91__c__93__,Hydroquinone [cytoplasm]
BIOMD0000001063,s_4196__91__g__93__,ATP [Golgi]
BIOMD0000001063,s_4197__91__g__93__,Ca(2+) [Golgi]
BIOMD0000001063,s_4198__91__g__93__,ADP [Golgi]
BIOMD0000001063,s_4199__91__e__93__,Ca(2+) [extracellular]
BIOMD0000001063,s_4200__91__e__93__,chloride [extracellular]
BIOMD0000001063,s_4201__91__e__93__,Cu2(+) [extracellular]
BIOMD0000001063,s_4202__91__e__93__,Mn(2+) [extracellular]
BIOMD0000001063,s_4203__91__e__93__,Zn(2+) [extracellular]
BIOMD0000001063,s_4204__91__e__93__,Mg(2+) [extracellular]
BIOMD0000001063,s_4205__91__c__93__,cofactor [cytoplasm]
BIOMD0000001063,s_4206__91__c__93__,ion [cytoplasm]
BIOMD0000001063,s_4207__91__c__93__,trans-4-hydroxy-L-proline [cytoplasm]
BIOMD0000001063,s_4208__91__c__93__,"2,3-dihydroxy-3-methylbutanoate [cytoplasm]"
BIOMD0000001063,s_4209__91__erm__93__,Ferrocytochrome b5 [endoplasmic reticulum membrane]
BIOMD0000001063,s_4210__91__erm__93__,Ferricytochrome b5 [endoplasmic reticulum membrane]
BIOMD0000001063,s_4211__91__m__93__,hexanoyl-CoA [mitochondrion]
BIOMD0000001063,s_4212__91__m__93__,ethyl hexanoate [mitochondrion]
BIOMD0000001063,s_4213__91__m__93__,octanoyl-CoA [mitochondrion]
BIOMD0000001063,s_4214__91__m__93__,ethyl octanoate [mitochondrion]
BIOMD0000001063,s_4215__91__m__93__,butanoyl-CoA [mitochondrion]
BIOMD0000001063,s_4216__91__m__93__,ethyl butanoate [mitochondrion]
BIOMD0000001063,s_4217__91__m__93__,hexanol [mitochondrion]
BIOMD0000001063,s_4218__91__m__93__,hexyl acetate [mitochondrion]
BIOMD0000001063,s_4219__91__m__93__,decanoyl-CoA [mitochondrion]
BIOMD0000001063,s_4220__91__m__93__,ethyl decanoate [mitochondrion]
BIOMD0000001063,s_4221__91__c__93__,ethyl hexanoate [cytoplasm]
BIOMD0000001063,s_4222__91__c__93__,ethyl octanoate [cytoplasm]
BIOMD0000001063,s_4223__91__c__93__,ethyl butanoate [cytoplasm]
BIOMD0000001063,s_4224__91__c__93__,hexyl acetate [cytoplasm]
BIOMD0000001063,s_4225__91__c__93__,ethyl decanoate [cytoplasm]
BIOMD0000001063,s_4226__91__e__93__,ethyl hexanoate [extracellular]
BIOMD0000001063,s_4227__91__e__93__,ethyl octanoate [extracellular]
BIOMD0000001063,s_4228__91__e__93__,ethyl butanoate [extracellular]
BIOMD0000001063,s_4229__91__e__93__,hexyl acetate [extracellular]
BIOMD0000001063,s_4230__91__e__93__,ethyl decanoate [extracellular]
BIOMD0000001063,s_4231__91__m__93__,ethyl acetate [mitochondrion]
BIOMD0000001063,s_4232__91__c__93__,propanal [cytoplasm]
BIOMD0000001063,s_4233__91__c__93__,propanol [cytoplasm]
BIOMD0000001063,s_4234__91__m__93__,propanal [mitochondrion]
BIOMD0000001063,s_4235__91__m__93__,propanol [mitochondrion]
BIOMD0000001063,s_4236__91__e__93__,propanal [extracellular]
BIOMD0000001063,s_4237__91__e__93__,propanol [extracellular]
BIOMD0000001063,s_4238__91__c__93__,methional [cytoplasm]
BIOMD0000001063,s_4239__91__c__93__,methionol [cytoplasm]
BIOMD0000001063,s_4240__91__m__93__,methional [mitochondrion]
BIOMD0000001063,s_4241__91__m__93__,methionol [mitochondrion]
BIOMD0000001063,s_4242__91__e__93__,methional [extracellular]
BIOMD0000001063,s_4243__91__e__93__,methionol [extracellular]
BIOMD0000001063,s_4244__91__c__93__,(4-hydroxyphenyl)acetaldehyde [cytoplasm]
BIOMD0000001063,s_4245__91__c__93__,tyrosol [cytoplasm]
BIOMD0000001063,s_4246__91__m__93__,(4-hydroxyphenyl)acetaldehyde [mitochondrion]
BIOMD0000001063,s_4247__91__m__93__,tyrosol [mitochondrion]
BIOMD0000001063,s_4248__91__e__93__,(4-hydroxyphenyl)acetaldehyde [extracellular]
BIOMD0000001063,s_4249__91__e__93__,tyrosol [extracellular]
BIOMD0000001063,s_4250__91__c__93__,propionate [cytoplasm]
BIOMD0000001063,s_4251__91__p__93__,propionate [peroxisome]
BIOMD0000001063,s_4252__91__p__93__,propionyl-CoA [peroxisome]
BIOMD0000001063,s_4253__91__m__93__,ethyl propionate [mitochondrion]
BIOMD0000001063,s_4254__91__c__93__,tyrosyl acetate [cytoplasm]
BIOMD0000001063,s_4255__91__e__93__,tyrosyl acetate [extracellular]
BIOMD0000001063,s_4256__91__c__93__,methionyl acetate [cytoplasm]
BIOMD0000001063,s_4257__91__e__93__,methionyl acetate [extracellular]
BIOMD0000001063,s_4258__91__c__93__,propyl acetate [cytoplasm]
BIOMD0000001063,s_4259__91__e__93__,propyl acetate [extracellular]
BIOMD0000001063,s_4261__91__c__93__,ethyl propionate [cytoplasm]
BIOMD0000001063,s_4262__91__e__93__,ethyl propionate [extracellular]
BIOMD0000001090,M_Biomass_cytop,Biomass
BIOMD0000001090,M_Biomass_extr,Biomass
BIOMD0000001090,M_C00001_cytop,H2O
BIOMD0000001090,M_C00001_extr,H2O
BIOMD0000001090,M_C00002_cytop,ATP
BIOMD0000001090,M_C00003_cytop,NAD+
BIOMD0000001090,M_C00004_cytop,NADH
BIOMD0000001090,M_C00005_cytop,NADPH
BIOMD0000001090,M_C00006_cytop,NADP+
BIOMD0000001090,M_C00007_cytop,Oxygen
BIOMD0000001090,M_C00007_extr,Oxygen
BIOMD0000001090,M_C00008_cytop,ADP
BIOMD0000001090,M_C00009_cytop,Orthophosphate
BIOMD0000001090,M_C00009_extr,Orthophosphate
BIOMD0000001090,M_C00010_cytop,CoA
BIOMD0000001090,M_C00011_cytop,CO2
BIOMD0000001090,M_C00011_extr,CO2
BIOMD0000001090,M_C00013_cytop,Diphosphate
BIOMD0000001090,M_C00014_cytop,NH3
BIOMD0000001090,M_C00014_extr,NH3
BIOMD0000001090,M_C00015_cytop,UDP
BIOMD0000001090,M_C00016_cytop,FAD
BIOMD0000001090,M_C00018_cytop,Pyridoxal phosphate
BIOMD0000001090,M_C00019_cytop,S-Adenosyl-L-methionine
BIOMD0000001090,M_C00020_cytop,AMP
BIOMD0000001090,M_C00022_cytop,Pyruvate
BIOMD0000001090,M_C00022_extr,Pyruvate
BIOMD0000001090,M_C00024_cytop,Acetyl-CoA
BIOMD0000001090,M_C00025_cytop,L-Glutamate
BIOMD0000001090,M_C00025_extr,L-Glutamate
BIOMD0000001090,M_C00026_cytop,2-Oxoglutarate
BIOMD0000001090,M_C00027_cytop,Hydrogen peroxide
BIOMD0000001090,M_C00027_extr,Hydrogen peroxide
BIOMD0000001090,M_C00029_cytop,UDP-glucose
BIOMD0000001090,M_C00033_cytop,Acetate
BIOMD0000001090,M_C00033_extr,Acetate
BIOMD0000001090,M_C00035_cytop,GDP
BIOMD0000001090,M_C00036_cytop,Oxaloacetate
BIOMD0000001090,M_C00037_cytop,Glycine
BIOMD0000001090,M_C00037_extr,Glycine
BIOMD0000001090,M_C00041_cytop,L-Alanine
BIOMD0000001090,M_C00041_extr,L-Alanine
BIOMD0000001090,M_C00042_cytop,Succinate
BIOMD0000001090,M_C00042_extr,Succinate
BIOMD0000001090,M_C00043_cytop,UDP-N-acetyl-alpha-D-glucosamine
BIOMD0000001090,M_C00044_cytop,GTP
BIOMD0000001090,M_C00047_cytop,L-Lysine
BIOMD0000001090,M_C00047_extr,L-Lysine
BIOMD0000001090,M_C00049_cytop,L-Aspartate
BIOMD0000001090,M_C00049_extr,L-Aspartate
BIOMD0000001090,M_C00052_cytop,UDP-alpha-D-galactose
BIOMD0000001090,M_C00054_cytop,"Adenosine 3',5'-bisphosphate"
BIOMD0000001090,M_C00055_cytop,CMP
BIOMD0000001090,M_C00058_cytop,Formate
BIOMD0000001090,M_C00058_extr,Formate
BIOMD0000001090,M_C00059_cytop,Sulfate
BIOMD0000001090,M_C00059_extr,Sulfate
BIOMD0000001090,M_C00061_cytop,FMN
BIOMD0000001090,M_C00061_extr,FMN
BIOMD0000001090,M_C00062_cytop,L-Arginine
BIOMD0000001090,M_C00062_extr,L-Arginine
BIOMD0000001090,M_C00063_cytop,CTP
BIOMD0000001090,M_C00064_cytop,L-Glutamine
BIOMD0000001090,M_C00064_extr,L-Glutamine
BIOMD0000001090,M_C00065_cytop,L-Serine
BIOMD0000001090,M_C00065_extr,L-Serine
BIOMD0000001090,M_C00068_cytop,Thiamin diphosphate
BIOMD0000001090,M_C00073_cytop,L-Methionine
BIOMD0000001090,M_C00073_extr,L-Methionine
BIOMD0000001090,M_C00074_cytop,Phosphoenolpyruvate
BIOMD0000001090,M_C00075_cytop,UTP
BIOMD0000001090,M_C00078_cytop,L-Tryptophan
BIOMD0000001090,M_C00078_extr,L-Tryptophan
BIOMD0000001090,M_C00079_cytop,L-Phenylalanine
BIOMD0000001090,M_C00079_extr,L-Phenylalanine
BIOMD0000001090,M_C00080_cytop,H+
BIOMD0000001090,M_C00080_extr,H+
BIOMD0000001090,M_C00082_cytop,L-Tyrosine
BIOMD0000001090,M_C00082_extr,L-Tyrosine
BIOMD0000001090,M_C00083_cytop,Malonyl-CoA
BIOMD0000001090,M_C00084_cytop,Acetaldehyde
BIOMD0000001090,M_C00089_cytop,Sucrose
BIOMD0000001090,M_C00089_extr,Sucrose
BIOMD0000001090,M_C00091_cytop,Succinyl-CoA
BIOMD0000001090,M_C00093_cytop,sn-Glycerol 3-phosphate
BIOMD0000001090,M_C00097_cytop,L-Cysteine
BIOMD0000001090,M_C00097_extr,L-Cysteine
BIOMD0000001090,M_C00100_cytop,Propanoyl-CoA
BIOMD0000001090,M_C00101_cytop,Tetrahydrofolate
BIOMD0000001090,M_C00103_cytop,D-Glucose 1-phosphate
BIOMD0000001090,M_C00105_cytop,UMP
BIOMD0000001090,M_C00106_cytop,Uracil
BIOMD0000001090,M_C00106_extr,Uracil
BIOMD0000001090,M_C00108_cytop,Anthranilate
BIOMD0000001090,M_C00109_cytop,2-Oxobutanoate
BIOMD0000001090,M_C00111_cytop,Glycerone phosphate
BIOMD0000001090,M_C00112_cytop,CDP
BIOMD0000001090,M_C00114_cytop,Choline
BIOMD0000001090,M_C00114_extr,Choline
BIOMD0000001090,M_C00116_cytop,Glycerol
BIOMD0000001090,M_C00116_extr,Glycerol
BIOMD0000001090,M_C00117_cytop,D-Ribose 5-phosphate
BIOMD0000001090,M_C00118_cytop,D-Glyceraldehyde 3-phosphate
BIOMD0000001090,M_C00119_cytop,5-Phospho-alpha-D-ribose 1-diphosphate
BIOMD0000001090,M_C00120_cytop,Biotin
BIOMD0000001090,M_C00120_extr,Biotin
BIOMD0000001090,M_C00122_cytop,Fumarate
BIOMD0000001090,M_C00122_extr,Fumarate
BIOMD0000001090,M_C00123_cytop,L-Leucine
BIOMD0000001090,M_C00123_extr,L-Leucine
BIOMD0000001090,M_C00124_cytop,D-Galactose
BIOMD0000001090,M_C00124_extr,D-Galactose
BIOMD0000001090,M_C00129_cytop,Isopentenyl diphosphate
BIOMD0000001090,M_C00130_cytop,IMP
BIOMD0000001090,M_C00131_cytop,dATP
BIOMD0000001090,M_C00133_cytop,D-Alanine
BIOMD0000001090,M_C00134_cytop,Putrescine
BIOMD0000001090,M_C00134_extr,Putrescine
BIOMD0000001090,M_C00135_cytop,L-Histidine
BIOMD0000001090,M_C00135_extr,L-Histidine
BIOMD0000001090,M_C00140_extr,N-Acetyl-D-glucosamine
BIOMD0000001090,M_C00141_cytop,3-Methyl-2-oxobutanoic acid
BIOMD0000001090,M_C00143_cytop,"5,10-Methylenetetrahydrofolate"
BIOMD0000001090,M_C00144_cytop,GMP
BIOMD0000001090,M_C00147_cytop,Adenine
BIOMD0000001090,M_C00147_extr,Adenine
BIOMD0000001090,M_C00148_cytop,L-Proline
BIOMD0000001090,M_C00148_extr,L-Proline
BIOMD0000001090,M_C00152_cytop,L-Asparagine
BIOMD0000001090,M_C00152_extr,L-Asparagine
BIOMD0000001090,M_C00153_cytop,Nicotinamide
BIOMD0000001090,M_C00153_extr,Nicotinamide
BIOMD0000001090,M_C00155_cytop,L-Homocysteine
BIOMD0000001090,M_C00159_extr,D-Mannose
BIOMD0000001090,M_C00162_cytop,Fatty acid
BIOMD0000001090,M_C00166_cytop,Phenylpyruvate
BIOMD0000001090,M_C00169_cytop,Carbamoyl phosphate
BIOMD0000001090,M_C00170_cytop,5'-Methylthioadenosine
BIOMD0000001090,M_C00173_cytop,Acyl-[acyl-carrier protein]
BIOMD0000001090,M_C00179_cytop,Agmatine
BIOMD0000001090,M_C00183_cytop,L-Valine
BIOMD0000001090,M_C00183_extr,L-Valine
BIOMD0000001090,M_C00186_cytop,(S)-Lactate
BIOMD0000001090,M_C00186_extr,(S)-Lactate
BIOMD0000001090,M_C00188_cytop,L-Threonine
BIOMD0000001090,M_C00188_extr,L-Threonine
BIOMD0000001090,M_C00197_cytop,3-Phospho-D-glycerate
BIOMD0000001090,M_C00199_cytop,D-Ribulose 5-phosphate
BIOMD0000001090,M_C00203_cytop,UDP-N-acetyl-D-galactosamine
BIOMD0000001090,M_C00206_cytop,dADP
BIOMD0000001090,M_C00212_cytop,Adenosine
BIOMD0000001090,M_C00212_extr,Adenosine
BIOMD0000001090,M_C00217_cytop,D-Glutamate
BIOMD0000001090,M_C00221_cytop,beta-D-Glucose
BIOMD0000001090,M_C00227_cytop,Acetyl phosphate
BIOMD0000001090,M_C00229_cytop,Acyl-carrier protein
BIOMD0000001090,M_C00231_cytop,D-Xylulose 5-phosphate
BIOMD0000001090,M_C00233_cytop,4-Methyl-2-oxopentanoate
BIOMD0000001090,M_C00234_cytop,10-Formyltetrahydrofolate
BIOMD0000001090,M_C00235_cytop,Dimethylallyl diphosphate
BIOMD0000001090,M_C00236_cytop,3-Phospho-D-glyceroyl phosphate
BIOMD0000001090,M_C00239_cytop,dCMP
BIOMD0000001090,M_C00242_cytop,Guanine
BIOMD0000001090,M_C00242_extr,Guanine
BIOMD0000001090,M_C00243_cytop,Lactose
BIOMD0000001090,M_C00243_extr,Lactose
BIOMD0000001090,M_C00249_cytop,Hexadecanoic acid
BIOMD0000001090,M_C00250_cytop,Pyridoxal
BIOMD0000001090,M_C00250_extr,Pyridoxal
BIOMD0000001090,M_C00251_cytop,Chorismate
BIOMD0000001090,M_C00253_cytop,Nicotinate
BIOMD0000001090,M_C00253_extr,Nicotinate
BIOMD0000001090,M_C00254_cytop,Prephenate
BIOMD0000001090,M_C00255_cytop,Riboflavin
BIOMD0000001090,M_C00255_extr,Riboflavin
BIOMD0000001090,M_C00262_cytop,Hypoxanthine
BIOMD0000001090,M_C00262_extr,Hypoxanthine
BIOMD0000001090,M_C00263_cytop,L-Homoserine
BIOMD0000001090,M_C00266_cytop,Glycolaldehyde
BIOMD0000001090,M_C00266_extr,Glycolaldehyde
BIOMD0000001090,M_C00267_cytop,alpha-D-Glucose
BIOMD0000001090,M_C00267_extr,alpha-D-Glucose
BIOMD0000001090,M_C00269_cytop,CDP-diacylglycerol
BIOMD0000001090,M_C00275_cytop,D-Mannose 6-phosphate
BIOMD0000001090,M_C00279_cytop,D-Erythrose 4-phosphate
BIOMD0000001090,M_C00286_cytop,dGTP
BIOMD0000001090,M_C00288_cytop,HCO3-
BIOMD0000001090,M_C00288_extr,HCO3-
BIOMD0000001090,M_C00294_cytop,Inosine
BIOMD0000001090,M_C00294_extr,Inosine
BIOMD0000001090,M_C00295_cytop,Orotate
BIOMD0000001090,M_C00299_cytop,Uridine
BIOMD0000001090,M_C00315_cytop,Spermidine
BIOMD0000001090,M_C00315_extr,Spermidine
BIOMD0000001090,M_C00327_cytop,L-Citrulline
BIOMD0000001090,M_C00332_cytop,Acetoacetyl-CoA
BIOMD0000001090,M_C00337_cytop,(S)-Dihydroorotate
BIOMD0000001090,M_C00341_cytop,Geranyl diphosphate
BIOMD0000001090,M_C00342_cytop,Thioredoxin
BIOMD0000001090,M_C00343_cytop,Thioredoxin disulfide
BIOMD0000001090,M_C00344_cytop,Phosphatidylglycerol
BIOMD0000001090,M_C00345_cytop,6-Phospho-D-gluconate
BIOMD0000001090,M_C00352_cytop,D-Glucosamine 6-phosphate
BIOMD0000001090,M_C00356_cytop,(S)-3-Hydroxy-3-methylglutaryl-CoA
BIOMD0000001090,M_C00357_cytop,N-Acetyl-D-glucosamine 6-phosphate
BIOMD0000001090,M_C00360_cytop,dAMP
BIOMD0000001090,M_C00361_cytop,dGDP
BIOMD0000001090,M_C00362_cytop,dGMP
BIOMD0000001090,M_C00363_cytop,dTDP
BIOMD0000001090,M_C00364_cytop,dTMP
BIOMD0000001090,M_C00365_cytop,dUMP
BIOMD0000001090,M_C00378_cytop,Thiamine
BIOMD0000001090,M_C00378_extr,Thiamine
BIOMD0000001090,M_C00385_cytop,Xanthine
BIOMD0000001090,M_C00385_extr,Xanthine
BIOMD0000001090,M_C00387_cytop,Guanosine
BIOMD0000001090,M_C00387_extr,Guanosine
BIOMD0000001090,M_C00392_extr,Mannitol
BIOMD0000001090,M_C00407_cytop,L-Isoleucine
BIOMD0000001090,M_C00407_extr,L-Isoleucine
BIOMD0000001090,M_C00415_cytop,Dihydrofolate
BIOMD0000001090,M_C00416_cytop,Phosphatidate
BIOMD0000001090,M_C00418_cytop,(R)-Mevalonate
BIOMD0000001090,M_C00436_cytop,N-Carbamoylputrescine
BIOMD0000001090,M_C00438_cytop,N-Carbamoyl-L-aspartate
BIOMD0000001090,M_C00440_cytop,5-Methyltetrahydrofolate
BIOMD0000001090,M_C00441_cytop,L-Aspartate 4-semialdehyde
BIOMD0000001090,M_C00445_cytop,"5,10-Methenyltetrahydrofolate"
BIOMD0000001090,M_C00446_cytop,alpha-D-Galactose 1-phosphate
BIOMD0000001090,M_C00448_cytop,"trans,trans-Farnesyl diphosphate"
BIOMD0000001090,M_C00455_cytop,Nicotinamide D-ribonucleotide
BIOMD0000001090,M_C00458_cytop,dCTP
BIOMD0000001090,M_C00459_cytop,dTTP
BIOMD0000001090,M_C00460_cytop,dUTP
BIOMD0000001090,M_C00469_cytop,Ethanol
BIOMD0000001090,M_C00469_extr,Ethanol
BIOMD0000001090,M_C00475_cytop,Cytidine
BIOMD0000001090,M_C00492_cytop,Raffinose
BIOMD0000001090,M_C00492_extr,Raffinose
BIOMD0000001090,M_C00493_cytop,Shikimate
BIOMD0000001090,M_C00504_cytop,Folate
BIOMD0000001090,M_C00504_extr,Folate
BIOMD0000001090,M_C00526_cytop,Deoxyuridine
BIOMD0000001090,M_C00568_cytop,4-Aminobenzoate
BIOMD0000001090,M_C00588_cytop,Choline phosphate
BIOMD0000001090,M_C00620_cytop,alpha-D-Ribose 1-phosphate
BIOMD0000001090,M_C00631_cytop,2-Phospho-D-glycerate
BIOMD0000001090,M_C00641_cytop,"1,2-Diacyl-sn-glycerol"
BIOMD0000001090,M_C00644_cytop,D-Mannitol 1-phosphate
BIOMD0000001090,M_C00655_cytop,Xanthosine 5'-phosphate
BIOMD0000001090,M_C00666_cytop,"LL-2,6-Diaminoheptanedioate"
BIOMD0000001090,M_C00668_cytop,alpha-D-Glucose 6-phosphate
BIOMD0000001090,M_C00671_cytop,(S)-3-Methyl-2-oxopentanoic acid
BIOMD0000001090,M_C00672_cytop,2-Deoxy-D-ribose 1-phosphate
BIOMD0000001090,M_C00673_cytop,2-Deoxy-D-ribose 5-phosphate
BIOMD0000001090,M_C00680_cytop,"meso-2,6-Diaminoheptanedioate"
BIOMD0000001090,M_C00681_cytop,1-Acyl-sn-glycerol 3-phosphate
BIOMD0000001090,M_C00692_cytop,UDP-N-acetylmuramoyl-L-alanyl-D-glutamate
BIOMD0000001090,M_C00705_cytop,dCDP
BIOMD0000001090,M_C00750_cytop,Spermine
BIOMD0000001090,M_C00750_extr,Spermine
BIOMD0000001090,M_C00857_cytop,Deamino-NAD+
BIOMD0000001090,M_C00864_cytop,Pantothenate
BIOMD0000001090,M_C00864_extr,Pantothenate
BIOMD0000001090,M_C00881_cytop,Deoxycytidine
BIOMD0000001090,M_C00882_cytop,Dephospho-CoA
BIOMD0000001090,M_C00921_cytop,Dihydropteroate
BIOMD0000001090,M_C00944_cytop,3-Dehydroquinate
BIOMD0000001090,M_C00993_cytop,D-Alanyl-D-alanine
BIOMD0000001090,M_C01050_cytop,UDP-N-acetylmuramate
BIOMD0000001090,M_C01068_cytop,D-Ribitol 5-phosphate
BIOMD0000001090,M_C01097_cytop,D-Tagatose 6-phosphate
BIOMD0000001090,M_C01102_cytop,O-Phospho-L-homoserine
BIOMD0000001090,M_C01103_cytop,Orotidine 5'-phosphate
BIOMD0000001090,M_C01107_cytop,(R)-5-Phosphomevalonate
BIOMD0000001090,M_C01113_cytop,D-Galactose 6-phosphate
BIOMD0000001090,M_C01118_cytop,O-Succinyl-L-homoserine
BIOMD0000001090,M_C01134_cytop,Pantetheine 4'-phosphate
BIOMD0000001090,M_C01137_cytop,S-Adenosylmethioninamine
BIOMD0000001090,M_C01143_cytop,(R)-5-Diphosphomevalonate
BIOMD0000001090,M_C01165_cytop,L-Glutamate 5-semialdehyde
BIOMD0000001090,M_C01172_cytop,beta-D-Glucose 6-phosphate
BIOMD0000001090,M_C01179_cytop,3-(4-Hydroxyphenyl)pyruvate
BIOMD0000001090,M_C01185_cytop,Nicotinate D-ribonucleotide
BIOMD0000001090,M_C01209_cytop,Malonyl-[acyl-carrier protein]
BIOMD0000001090,M_C01212_cytop,UDP-N-acetylmuramoyl-L-alanine
BIOMD0000001090,M_C01236_cytop,"D-Glucono-1,5-lactone 6-phosphate"
BIOMD0000001090,M_C01269_cytop,5-O-(1-Carboxyvinyl)-3-phosphoshikimate
BIOMD0000001090,M_C01300_cytop,"2-Amino-4-hydroxy-6-hydroxymethyl-7,8-dihydropteridine"
BIOMD0000001090,M_C01302_cytop,1-(2-Carboxyphenylamino)-1-deoxy-D-ribulose 5-phosphate
BIOMD0000001090,M_C01330_cytop,Sodium cation
BIOMD0000001090,M_C01330_extr,Sodium cation
BIOMD0000001090,M_C01346_cytop,dUDP
BIOMD0000001090,M_C01356_cytop,Lipid
BIOMD0000001090,M_C01613_cytop,Stachyose
BIOMD0000001090,M_C01613_extr,Stachyose
BIOMD0000001090,M_C01672_cytop,Cadaverine
BIOMD0000001090,M_C01762_cytop,Xanthosine
BIOMD0000001090,M_C01762_extr,Xanthosine
BIOMD0000001090,M_C02218_cytop,Dehydroalanine
BIOMD0000001090,M_C02291_cytop,L-Cystathionine
BIOMD0000001090,M_C02291_extr,L-Cystathionine
BIOMD0000001090,M_C02336_cytop,beta-D-Fructose
BIOMD0000001090,M_C02637_cytop,3-Dehydroshikimate
BIOMD0000001090,M_C02679_cytop,Dodecanoic acid
BIOMD0000001090,M_C02876_cytop,Propanoyl phosphate
BIOMD0000001090,M_C03082_cytop,4-Phospho-L-aspartate
BIOMD0000001090,M_C03089_cytop,5-Methylthio-D-ribose
BIOMD0000001090,M_C03090_cytop,5-Phosphoribosylamine
BIOMD0000001090,M_C03150_cytop,Nicotinamide-beta-riboside
BIOMD0000001090,M_C03175_cytop,Shikimate 3-phosphate
BIOMD0000001090,M_C03287_cytop,L-Glutamyl 5-phosphate
BIOMD0000001090,M_C03373_cytop,Aminoimidazole ribotide
BIOMD0000001090,M_C03406_cytop,N-(L-Arginino)succinate
BIOMD0000001090,M_C03492_cytop,D-4'-Phosphopantothenate
BIOMD0000001090,M_C03506_cytop,Indoleglycerol phosphate
BIOMD0000001090,M_C03688_cytop,Apo-[acyl-carrier-protein]
BIOMD0000001090,M_C03785_cytop,"D-Tagatose 1,6-bisphosphate"
BIOMD0000001090,M_C03794_cytop,"N6-(1,2-Dicarboxyethyl)-AMP"
BIOMD0000001090,M_C03838_cytop,5'-Phosphoribosylglycinamide
BIOMD0000001090,M_C03892_cytop,Phosphatidylglycerophosphate
BIOMD0000001090,M_C03912_cytop,(S)-1-Pyrroline-5-carboxylate
BIOMD0000001090,M_C03939_cytop,Acetyl-[acyl-carrier protein]
BIOMD0000001090,M_C03972_cytop,"2,3,4,5-Tetrahydrodipicolinate"
BIOMD0000001090,M_C04046_cytop,"3-D-Glucosyl-1,2-diacylglycerol"
BIOMD0000001090,M_C04088_cytop,Octadecanoyl-[acyl-carrier protein]
BIOMD0000001090,M_C04181_cytop,3-Hydroxy-3-methyl-2-oxobutanoic acid
BIOMD0000001090,M_C04236_cytop,(2S)-2-Isopropyl-3-oxosuccinate
BIOMD0000001090,M_C04246_cytop,But-2-enoyl-[acyl-carrier protein]
BIOMD0000001090,M_C04272_cytop,"(R)-2,3-Dihydroxy-3-methylbutanoate"
BIOMD0000001090,M_C04302_cytop,N-(5-Phospho-D-ribosyl)anthranilate
BIOMD0000001090,M_C04332_cytop,"6,7-Dimethyl-8-(D-ribityl)lumazine"
BIOMD0000001090,M_C04352_cytop,(R)-4'-Phosphopantothenoyl-L-cysteine
BIOMD0000001090,M_C04376_cytop,5'-Phosphoribosyl-N-formylglycinamide
BIOMD0000001090,M_C04390_cytop,"N6-Acetyl-LL-2,6-diaminoheptanedioate"
BIOMD0000001090,M_C04411_cytop,"(2R,3S)-3-Isopropylmalate"
BIOMD0000001090,M_C04501_cytop,N-Acetyl-alpha-D-glucosamine 1-phosphate
BIOMD0000001090,M_C04574_cytop,"di-trans,poly-cis-Undecaprenyl diphosphate"
BIOMD0000001090,M_C04618_cytop,(3R)-3-Hydroxybutanoyl-[acyl-carrier protein]
BIOMD0000001090,M_C04619_cytop,(3R)-3-Hydroxydecanoyl-[acyl-carrier protein]
BIOMD0000001090,M_C04620_cytop,(3R)-3-Hydroxyoctanoyl-[acyl-carrier protein]
BIOMD0000001090,M_C04631_cytop,UDP-N-acetyl-3-(1-carboxyvinyl)-D-glucosamine
BIOMD0000001090,M_C04633_cytop,(3R)-3-Hydroxypalmitoyl-[acyl-carrier protein]
BIOMD0000001090,M_C04640_cytop,2-(Formamido)-N1-(5'-phosphoribosyl)acetamidine
BIOMD0000001090,M_C04677_cytop,1-(5'-Phosphoribosyl)-5-amino-4-imidazolecarboxamide
BIOMD0000001090,M_C04688_cytop,(3R)-3-Hydroxytetradecanoyl-[acyl-carrier protein]
BIOMD0000001090,M_C04691_cytop,2-Dehydro-3-deoxy-D-arabino-heptonate 7-phosphate
BIOMD0000001090,M_C04702_cytop,UDPMurAc(oyl-L-Ala-D-gamma-Glu-L-Lys-D-Ala-D-Ala)
BIOMD0000001090,M_C04732_cytop,5-Amino-6-(1-D-ribitylamino)uracil
BIOMD0000001090,M_C04734_cytop,1-(5'-Phosphoribosyl)-5-formamido-4-imidazolecarboxamide
BIOMD0000001090,M_C04751_cytop,1-(5-Phospho-D-ribosyl)-5-amino-4-imidazolecarboxylate
BIOMD0000001090,M_C04807_cytop,"2-Amino-7,8-dihydro-4-hydroxy-6-(diphosphooxymethyl)pteridine"
BIOMD0000001090,M_C04823_cytop,1-(5'-Phosphoribosyl)-5-amino-4-(N-succinocarboxamide)-imidazole
BIOMD0000001090,M_C04851_cytop,MurAc(oyl-L-Ala-D-gamma-Glu-L-Lys-D-Ala-D-Ala)-diphospho-undecaprenol
BIOMD0000001090,M_C04874_cytop,"2-Amino-4-hydroxy-6-(D-erythro-1,2,3-trihydroxypropyl)-7,8-dihydropteridine"
BIOMD0000001090,M_C04895_cytop,"7,8-Dihydroneopterin 3'-triphosphate"
BIOMD0000001090,M_C05125_cytop,2-(alpha-Hydroxyethyl)thiamine diphosphate
BIOMD0000001090,M_C05223_cytop,Dodecanoyl-[acyl-carrier protein]
BIOMD0000001090,M_C05345_cytop,beta-D-Fructose 6-phosphate
BIOMD0000001090,M_C05378_cytop,"beta-D-Fructose 1,6-bisphosphate"
BIOMD0000001090,M_C05382_cytop,Sedoheptulose 7-phosphate
BIOMD0000001090,M_C05396_cytop,Lactose 6-phosphate
BIOMD0000001090,M_C05539_cytop,N-Acetyl-L-2-amino-6-oxopimelate
BIOMD0000001090,M_C05744_cytop,Acetoacetyl-[acp]
BIOMD0000001090,M_C05745_cytop,Butyryl-[acp]
BIOMD0000001090,M_C05746_cytop,3-Oxohexanoyl-[acp]
BIOMD0000001090,M_C05747_cytop,(R)-3-Hydroxyhexanoyl-[acp]
BIOMD0000001090,M_C05748_cytop,trans-Hex-2-enoyl-[acp]
BIOMD0000001090,M_C05749_cytop,Hexanoyl-[acp]
BIOMD0000001090,M_C05750_cytop,3-Oxooctanoyl-[acp]
BIOMD0000001090,M_C05751_cytop,trans-Oct-2-enoyl-[acp]
BIOMD0000001090,M_C05752_cytop,Octanoyl-[acp]
BIOMD0000001090,M_C05753_cytop,3-Oxodecanoyl-[acp]
BIOMD0000001090,M_C05754_cytop,trans-Dec-2-enoyl-[acp]
BIOMD0000001090,M_C05755_cytop,Decanoyl-[acp]
BIOMD0000001090,M_C05756_cytop,3-Oxododecanoyl-[acp]
BIOMD0000001090,M_C05757_cytop,(R)-3-Hydroxydodecanoyl-[acp]
BIOMD0000001090,M_C05758_cytop,trans-Dodec-2-enoyl-[acp]
BIOMD0000001090,M_C05759_cytop,3-Oxotetradecanoyl-[acp]
BIOMD0000001090,M_C05760_cytop,trans-Tetradec-2-enoyl-[acp]
BIOMD0000001090,M_C05761_cytop,Tetradecanoyl-[acp]
BIOMD0000001090,M_C05762_cytop,3-Oxohexadecanoyl-[acp]
BIOMD0000001090,M_C05763_cytop,trans-Hexadec-2-enoyl-[acp]
BIOMD0000001090,M_C05764_cytop,Hexadecanoyl-[acp]
BIOMD0000001090,M_C05796_cytop,Galactan
BIOMD0000001090,M_C05841_cytop,Nicotinate D-ribonucleoside
BIOMD0000001090,M_C05892_cytop,UDP-N-acetylmuramoyl-L-alanyl-gamma-D-glutamyl-L-lysine
BIOMD0000001090,M_C05893_cytop,Undecaprenyl-diphospho-N-acetylmuramoyl-(N-acetylglucosamine)-L-alanyl-gamma-D-glutamyl-L-lysyl-D-alanyl-D-alanine
BIOMD0000001090,M_C05922_cytop,Formamidopyrimidine nucleoside triphosphate
BIOMD0000001090,M_C05923_cytop,"2,5-Diaminopyrimidine nucleoside triphosphate"
BIOMD0000001090,M_C05980_cytop,Cardiolipin
BIOMD0000001090,M_C06006_cytop,(S)-2-Aceto-2-hydroxybutanoate
BIOMD0000001090,M_C06007_cytop,"(R)-2,3-Dihydroxy-3-methylpentanoate"
BIOMD0000001090,M_C06010_cytop,(S)-2-Acetolactate
BIOMD0000001090,M_C06040_cytop,Diglucosyl-diacylglycerol
BIOMD0000001090,M_C06042_cytop,Lipoteichoic acid
BIOMD0000001090,M_C06148_cytop,"2,5-Diamino-6-(5'-triphosphoryl-3',4'-trihydroxy-2'-oxopentyl)-amino-4-oxopyrimidine"
BIOMD0000001090,M_C06156_cytop,alpha-D-Glucosamine 1-phosphate
BIOMD0000001090,M_C06424_cytop,Tetradecanoic acid
BIOMD0000001090,M_C06707_cytop,Teichoic acid
BIOMD0000001090,M_C11355_cytop,4-Amino-4-deoxychorismate
BIOMD0000001090,M_C11826_cytop,[GlcNAc-(1->4)-Mur2Ac(oyl-L-Ala-g-D-Glu-L-Lys-D-Ala-D-Ala)]n-diphosphoundecaprenol
BIOMD0000001090,M_C13378_cytop,"alpha,beta-Dihydroxyethyl-TPP"
BIOMD0000001090,M_C14463_cytop,(R)-3-Hydroxy-3-methyl-2-oxopentanoate
BIOMD0000001090,M_C14818_cytop,Fe2+
BIOMD0000001090,M_C14818_extr,Fe2+
BIOMD0000001090,M_C15556_cytop,"L-3,4-Dihydroxybutan-2-one 4-phosphate"
BIOMD0000001090,M_C15667_cytop,5-Carboxyamino-1-(5-phospho-D-ribosyl)imidazole
BIOMD0000001090,M_C15972_cytop,Enzyme N6-(lipoyl)lysine
BIOMD0000001090,M_C15973_cytop,Enzyme N6-(dihydrolipoyl)lysine
BIOMD0000001090,M_C16219_cytop,3-Oxostearoyl-[acp]
BIOMD0000001090,M_C16220_cytop,3-Hydroxyoctadecanoyl-[acp]
BIOMD0000001090,M_C16221_cytop,(2E)-Octadecenoyl-[acp]
BIOMD0000001090,M_C16255_cytop,[Dihydrolipoyllysine-residue acetyltransferase] S-acetyldihydrolipoyllysine
BIOMD0000001090,M_C16688_cytop,Sucrose 6-phosphate
BIOMD0000001090,M_C17556_cytop,"di-trans,poly-cis-Undecaprenyl phosphate"
BIOMD0000001090,M_C20258_cytop,"(2S,4S)-4-Hydroxy-2,3,4,5-tetrahydrodipicolinate"
BIOMD0000001090,M_e_CellWall_cytop,e-CellWall
BIOMD0000001090,M_e_Cofactor_cytop,e-Cofactor
BIOMD0000001090,M_e_DNA_cytop,e-DNA
BIOMD0000001090,M_e_Protein_cytop,e-Protein
BIOMD0000001090,M_e_RNA_cytop,e-RNA
BIOMD0000001091,M_10fthf_c,10-Formyltetrahydrofolate_c0
BIOMD0000001091,M_10fthfglu__L_c,10-Formyl-THF-L-glutamate_c0
BIOMD0000001091,M_12dgr120_c,"1,2-Diacyl-sn-glycerol didodecanoyl_c0"
BIOMD0000001091,M_12dgr140_c,"1,2-Diacyl-sn-glycerol ditetradecanoyl_c0"
BIOMD0000001091,M_12dgr141_c,"1,2-Diacyl-sn-glycerol ditetradec-7-enoyl_c0"
BIOMD0000001091,M_12dgr160_c,"1,2-Diacyl-sn-glycerol dihexadecanoyl_c0"
BIOMD0000001091,M_12dgr161_c,"1,2-Diacyl-sn-glycerol dihexadec-9-enoyl_c0"
BIOMD0000001091,M_12dgr180_c,"1,2-Diacyl-sn-glycerol dioctadecanoyl_c0"
BIOMD0000001091,M_12dgr181_c,"1,2-Diacyl-sn-glycerol dioctadec-11-enoyl_c0"
BIOMD0000001091,M_13dampp_c,"1,3-Propanediamine_c0"
BIOMD0000001091,M_13dpg_c,"1,3-Bisphospho-D-glycerate_c0"
BIOMD0000001091,M_15HPET_c,15(S)-HPETE_c0
BIOMD0000001091,M_15dap_c,Cadaverine_c0
BIOMD0000001091,M_1btol_c,n-Butanol_c0
BIOMD0000001091,M_1ddecg3p_c,1-dodecanoyl-sn-glycerol 3-phosphate_c0
BIOMD0000001091,M_1hdec9eg3p_c,1-hexadec-9-enoyl-sn-glycerol 3-phosphate_c0
BIOMD0000001091,M_1hdecg3p_c,1-hexadecanoyl-sn-glycerol 3-phosphate_c0
BIOMD0000001091,M_1mncam_c,1-Methylnicotinamide_c0
BIOMD0000001091,M_1odec11eg3p_c,1-octadec-11-enoyl-sn-glycerol 3-phosphate_c0
BIOMD0000001091,M_1odecg3p_c,1-octadecanoyl-sn-glycerol 3-phosphate_c0
BIOMD0000001091,M_1p3h5c_c,3-Hydroxy-L-1-pyrroline-5-carboxylate_c0
BIOMD0000001091,M_1pipdn2c_c,delta1-Piperideine-2-carboxylate_c0
BIOMD0000001091,M_1pyr5c_c,1-Pyrroline-5-carboxylate_c0
BIOMD0000001091,M_1tdec7eg3p_c,1-tetradec-7-enoyl-sn-glycerol 3-phosphate_c0
BIOMD0000001091,M_1tdecg3p_c,1-tetradecanoyl-sn-glycerol 3-phosphate_c0
BIOMD0000001091,M_23ddhb_c,"2,3-Dihydroxy-2,3-dihydrobenzoate_c0"
BIOMD0000001091,M_23dhdp_c,Dihydrodipicolinate_c0
BIOMD0000001091,M_23dhmb_c,"2,3-Dihydroxy-isovalerate_c0"
BIOMD0000001091,M_23dhmp_c,"2,3-Dihydroxy-3-methylvalerate_c0"
BIOMD0000001091,M_23dpg_c,DPG_c0
BIOMD0000001091,M_25aics_c,SAICAR_c0
BIOMD0000001091,M_25dop_c,"2,5-Dioxopentanoate_c0"
BIOMD0000001091,M_25drapp_c,"2,5-Diamino-6-(5'-phosphoribosylamino)-4-pyrimidineone_c0"
BIOMD0000001091,M_26dap_LL_c,"LL-2,6-Diaminopimelate_c0"
BIOMD0000001091,M_26dap__M_c,"meso-2,6-Diaminopimelate_c0"
BIOMD0000001091,M_2ahbut_c,2-Aceto-2-hydroxybutanoate_c0
BIOMD0000001091,M_2ahethmpp_c,2-Hydroxyethyl-ThPP_c0
BIOMD0000001091,M_2ahhmd_c,2-Amino-4-hydroxy-6-hydroxymethyl-7-8-dihydropteridinediphosphate_c0
BIOMD0000001091,M_2amac_c,Dehydroalanine_c0
BIOMD0000001091,M_2ameph_c,Ciliatine_c0
BIOMD0000001091,M_2cpr5p_c,1-(2-carboxyphenylamino)-1-deoxyribulose 5-phosphate_c0
BIOMD0000001091,M_2dda7p_c,DAHP_c0
BIOMD0000001091,M_2ddg6p_c,2-Keto-3-deoxy-6-phosphogluconate_c0
BIOMD0000001091,M_2ddglcn_c,2-keto-3-deoxygluconate_c0
BIOMD0000001091,M_2dglc_c,2-Deoxy-D-glucose_c0
BIOMD0000001091,M_2dh3dgal6p_c,2-Dehydro-3-deoxy-D-galactonate 6-phosphate_c0
BIOMD0000001091,M_2dhp_c,2-Dehydropantoate_c0
BIOMD0000001091,M_2dmmq8_c,2-Demethylmenaquinone 8_c0
BIOMD0000001091,M_2dmmql8_c,2-Demethylmenaquinol 8_c0
BIOMD0000001091,M_2doxg6p_c,2-Deoxy-D-glucose 6-phosphate_c0
BIOMD0000001091,M_2dr1p_c,deoxyribose-1-phosphate_c0
BIOMD0000001091,M_2dr5p_c,deoxyribose-5-phosphate_c0
BIOMD0000001091,M_2h3k5m_c,2-Hydroxy-3-keto-5-methylthiopentenyl-1-phosphate_c0
BIOMD0000001091,M_2h3oppan_c,Tartronate semialdehyde_c0
BIOMD0000001091,M_2hb_c,2-Hydroxybutyrate_c0
BIOMD0000001091,M_2hh24dd_c,"2-Hydroxyhepta-2,4-dienedioate_c0"
BIOMD0000001091,M_2hmc_c,2-Hydroxymuconate_c0
BIOMD0000001091,M_2hymeph_c,Saligenin_c0
BIOMD0000001091,M_2ins_c,2-Inosose_c0
BIOMD0000001091,M_2ippm_c,2-Isopropylmaleate_c0
BIOMD0000001091,M_2kmb_c,4-methylthio 2-oxobutyrate_c0
BIOMD0000001091,M_2maacoa_c,2-Methylacetoacetyl-CoA_c0
BIOMD0000001091,M_2mahmp_c,4-Amino-2-methyl-5-diphosphomethylpyrimidine_c0
BIOMD0000001091,M_2mb2coa_c,Tiglyl-CoA_c0
BIOMD0000001091,M_2mbcoa_c,2-Methylbutyryl-CoA_c0
BIOMD0000001091,M_2mcit_c,2-Methylcitrate_c0
BIOMD0000001091,M_2me4p_c,2-C-methyl-D-erythritol4-phosphate_c0
BIOMD0000001091,M_2mecdp_c,2-C-methyl-D-erythritol2-4-cyclodiphosphate_c0
BIOMD0000001091,M_2mhob_c,2-Methyl-1-hydroxybutyl-TPP_c0
BIOMD0000001091,M_2mhop_c,2-Methyl-1-hydroxypropyl-TPP_c0
BIOMD0000001091,M_2mop_c,3-Oxo-2-methylpropanoate_c0
BIOMD0000001091,M_2mp2coa_c,Methacrylyl-CoA_c0
BIOMD0000001091,M_2mpdhl_c,S-(2-Methylpropionyl)-dihydrolipoamide_c0
BIOMD0000001091,M_2obut_c,2-Oxobutyrate_c0
BIOMD0000001091,M_2ohed_c,2-Oxohept-3-enedioate_c0
BIOMD0000001091,M_2ohph_c,2-Octaprenyl-6-hydroxyphenol_c0
BIOMD0000001091,M_2ombzl_c,"2-Octaprenyl-6-methoxy-1,4-benzoquinone_c0"
BIOMD0000001091,M_2omhmbl_c,"2-Octaprenyl-3-methyl-5-hydroxy-6-methoxy-1,4-benzoquinone_c0"
BIOMD0000001091,M_2ommbl_c,"2-Octaprenyl-3-methyl-6-methoxy-1,4-benzoquinone_c0"
BIOMD0000001091,M_2omph_c,2-Octaprenyl-6-methoxyphenol_c0
BIOMD0000001091,M_2oph_c,2-Octaprenylphenol_c0
BIOMD0000001091,M_2oxoadp_c,2-Oxoadipate_c0
BIOMD0000001091,M_2p4c2me_c,2-phospho-4--cytidine5-diphospho-2-C-methyl-D-erythritol_c0
BIOMD0000001091,M_2pg_c,2-Phospho-D-glycerate_c0
BIOMD0000001091,M_2sephchc_c,2-Succinyl-5-enolpyruvyl-6-hydroxy-3-cyclohexene-1-carboxylate_c0
BIOMD0000001091,M_2shchc_c,SHCHC_c0
BIOMD0000001091,M_2tpr3dpcoa_c,2'-(5''-triphosphoribosyl)-3'-dephospho-CoA_c0
BIOMD0000001091,M_34dhmald_c,"3,4-Dihydroxymandelaldehyde_c0"
BIOMD0000001091,M_34dhoxpeg_c,"3,4-Dihydroxyphenylethyleneglycol_c0"
BIOMD0000001091,M_34dhpha_c,Homoprotocatechuate_c0
BIOMD0000001091,M_34hpp_c,p-hydroxyphenylpyruvate_c0
BIOMD0000001091,M_3c2hmp_c,3-Isopropylmalate_c0
BIOMD0000001091,M_3c3hmp_c,2-Isopropylmalate_c0
BIOMD0000001091,M_3c4mop_c,2-isopropyl-3-oxosuccinate_c0
BIOMD0000001091,M_3dhq_c,5-Dehydroquinate_c0
BIOMD0000001091,M_3dhsk_c,3-Dehydroshikimate_c0
BIOMD0000001091,M_3hacoa_c,(S)-3-Hydroxyacyl-CoA_c0
BIOMD0000001091,M_3hadpcoa_c,(3S)-3-Hydroxyadipyl-CoA_c0
BIOMD0000001091,M_3hanthrn_c,3-Hydroxyanthranilate_c0
BIOMD0000001091,M_3hbcoa_c,(S)-3-Hydroxybutyryl-CoA_c0
BIOMD0000001091,M_3hbutACP_c,(R)-3-Hydroxybutanoyl-[acyl-carrier protein]_c0
BIOMD0000001091,M_3hdcoa_c,(S)-Hydroxydecanoyl-CoA_c0
BIOMD0000001091,M_3hddcoa_c,(S)-3-Hydroxydodecanoyl-CoA_c0
BIOMD0000001091,M_3hddecACP_c,D-3-Hydroxydodecanoyl-[acp]_c0
BIOMD0000001091,M_3hdecACP_c,(R)-3-Hydroxydecanoyl-[acyl-carrier protein]_c0
BIOMD0000001091,M_3hhcoa_c,(S)-Hydroxyhexanoyl-CoA_c0
BIOMD0000001091,M_3hhdcoa_c,(S)-3-Hydroxyhexadecanoyl-CoA_c0
BIOMD0000001091,M_3hhexACP_c,D-3-Hydroxyhexanoyl-[acp]_c0
BIOMD0000001091,M_3hibutcoa_c,(S)-3-Hydroxyisobutyryl-CoA_c0
BIOMD0000001091,M_3hmbcoa_c,2-methyl-3-hydroxy-butyryl-CoA_c0
BIOMD0000001091,M_3hmoa_c,2-Oxo-3-hydroxyisovalerate_c0
BIOMD0000001091,M_3hmp_c,3-Hydroxyisobutyrate_c0
BIOMD0000001091,M_3hmrsACP_c,HMA_c0
BIOMD0000001091,M_3hocoa_c,(S)-Hydroxyoctanoyl-CoA_c0
BIOMD0000001091,M_3hoctACP_c,(R)-3-Hydroxyoctanoyl-[acyl-carrier protein]_c0
BIOMD0000001091,M_3hoxpac_c,3-Hydroxyphenylacetate_c0
BIOMD0000001091,M_3hpalmACP_c,R-3-hydroxypalmitoyl-acyl-carrierprotein-_c0
BIOMD0000001091,M_3hpcoa_c,3-Hydroxypropanoyl-CoA_c0
BIOMD0000001091,M_3hpimcoa_c,3-Hydroxypimelyl-CoA_c0
BIOMD0000001091,M_3htdcoa_c,(S)-3-Hydroxytetradecanoyl-CoA_c0
BIOMD0000001091,M_3ig3p_c,Indoleglycerol phosphate_c0
BIOMD0000001091,M_3mb2coa_c,Dimethylacryloyl-CoA_c0
BIOMD0000001091,M_3mgcoa_c,3-Methylglutaconyl-CoA_c0
BIOMD0000001091,M_3mhtpp_c,3-Methyl-1-hydroxybutyl-TPP_c0
BIOMD0000001091,M_3mob_c,3-Methyl-2-oxobutanoate_c0
BIOMD0000001091,M_3mop_c,3MOP_c0
BIOMD0000001091,M_3oacoa_c,3-Oxoacyl-CoA_c0
BIOMD0000001091,M_3odcoa_c,3-Oxodecanoyl-CoA_c0
BIOMD0000001091,M_3oddcoa_c,3-Oxododecanoyl-CoA_c0
BIOMD0000001091,M_3oddecACP_c,3-oxododecanoyl-acp_c0
BIOMD0000001091,M_3odecACP_c,3-oxodecanoyl-acp_c0
BIOMD0000001091,M_3ohcoa_c,3-Oxohexanoyl-CoA_c0
BIOMD0000001091,M_3ohdcoa_c,3-Oxopalmitoyl-CoA_c0
BIOMD0000001091,M_3ohexACP_c,3-Oxohexanoyl-[acp]_c0
BIOMD0000001091,M_3omrsACP_c,3-oxotetradecanoyl-acp_c0
BIOMD0000001091,M_3oocoa_c,3-Oxooctanoyl-CoA_c0
BIOMD0000001091,M_3ooctACP_c,3-oxooctanoyl-acp_c0
BIOMD0000001091,M_3opalmACP_c,3-oxohexadecanoyl-acp_c0
BIOMD0000001091,M_3ophb_c,3-Octaprenyl-4-hydroxybenzoate_c0
BIOMD0000001091,M_3otdcoa_c,3-Oxotetradecanoyl-CoA_c0
BIOMD0000001091,M_3pg_c,3-Phosphoglycerate_c0
BIOMD0000001091,M_3php_c,3-Phosphonooxypyruvate_c0
BIOMD0000001091,M_3psme_c,5-O--1-Carboxyvinyl-3-phosphoshikimate_c0
BIOMD0000001091,M_3uib_c,3-Ureidoisobutyrate_c0
BIOMD0000001091,M_4abut_c,GABA_c0
BIOMD0000001091,M_4abut_e,GABA_e0
BIOMD0000001091,M_4abutn_c,4-Aminobutanal_c0
BIOMD0000001091,M_4abz_c,ABEE_c0
BIOMD0000001091,M_4adcho_c,ADC_c0
BIOMD0000001091,M_4ahmmp_c,Toxopyrimidine_c0
BIOMD0000001091,M_4ampm_c,4-Amino-5-phosphomethyl-2-methylpyrimidine_c0
BIOMD0000001091,M_4c2me_c,4--cytidine5-diphospho-2-C-methyl-D-erythritol_c0
BIOMD0000001091,M_4gudbd_c,4-Guanidinobutanamide_c0
BIOMD0000001091,M_4gudbutn_c,4-Guanidinobutanoate_c0
BIOMD0000001091,M_4h2oglt_c,4-Hydroxy-2-oxoglutarate_c0
BIOMD0000001091,M_4hba_c,4-Hydroxy-benzylalcohol_c0
BIOMD0000001091,M_4hba_e,4-Hydroxy-benzylalcohol_e0
BIOMD0000001091,M_4hbald_c,p-Hydroxybenzaldehyde_c0
BIOMD0000001091,M_4hbz_c,4-Hydroxybenzoate_c0
BIOMD0000001091,M_4hglu_c,4-Hydroxy-L-glutamate_c0
BIOMD0000001091,M_4hphac_c,4-Hydroxyphenylacetate_c0
BIOMD0000001091,M_4hpro_LT_c,trans-4-Hydroxy-L-proline_c0
BIOMD0000001091,M_4hthr_c,4-Hydroxy-L-threonine_c0
BIOMD0000001091,M_4izp_c,4-Imidazolone-5-propanoate_c0
BIOMD0000001091,M_4mhetz_c,4-Methyl-5--2-hydroxyethyl-thiazole_c0
BIOMD0000001091,M_4mop_c,4MOP_c0
BIOMD0000001091,M_4mpetz_c,4-Methyl-5--2-phosphoethyl-thiazole_c0
BIOMD0000001091,M_4nph_c,PNP_c0
BIOMD0000001091,M_4pasp_c,4-Phospho-L-aspartate_c0
BIOMD0000001091,M_4per_c,4-Phosphoerythronate_c0
BIOMD0000001091,M_4ppan_c,4-phosphopantothenate_c0
BIOMD0000001091,M_4ppcys_c,(R)-4'-Phosphopantothenoyl-L-cysteine_c0
BIOMD0000001091,M_4pyrdx_c,4-Pyridoxate_c0
BIOMD0000001091,M_4r5au_c,4--1-D-Ribitylamino-5-aminouracil_c0
BIOMD0000001091,M_56dh5flura_c,5-Fluorodihydrouracil_c0
BIOMD0000001091,M_56dthm_c,Dihydrothymine_c0
BIOMD0000001091,M_56dura_c,Hydrouracil_c0
BIOMD0000001091,M_5HPET_c,5(S)-HPETE_c0
BIOMD0000001091,M_5aizc_c,5'-Phosphoribosyl-4-carboxy-5-aminoimidazole_c0
BIOMD0000001091,M_5aop_c,5-Aminolevulinate_c0
BIOMD0000001091,M_5aprbu_c,5-Amino-6--5-phosphoribitylaminouracil_c0
BIOMD0000001091,M_5apru_c,5-Amino-6--5-phosphoribosylaminouracil_c0
BIOMD0000001091,M_5cmhm_c,5-Carboxymethyl-2-hydroxymuconate_c0
BIOMD0000001091,M_5cmhmsa_c,5-Carboxymethyl-2-hydroxymuconic semialdehyde_c0
BIOMD0000001091,M_5cohe_c,5-Carboxy-2-oxohept-3-enedioate_c0
BIOMD0000001091,M_5dglcn_c,5-Dehydrogluconate_c0
BIOMD0000001091,M_5dpmev_c,5-diphosphomevalonate_c0
BIOMD0000001091,M_5flura_c,5-FU_c0
BIOMD0000001091,M_5flurimp_c,5-Fluorouridine monophosphate_c0
BIOMD0000001091,M_5forthf_c,5-Formiminotetrahydrofolate_c0
BIOMD0000001091,M_5fthf_c,5-Formyltetrahydrofolate_c0
BIOMD0000001091,M_5hiu_c,5-Hydroxyisourate_c0
BIOMD0000001091,M_5houdic_c,"5-Hydroxy-2-oxo-4-ureido-2,5-dihydro-1H-imidazole-5-carboxylate_c0"
BIOMD0000001091,M_5hoxindact_c,5-Hydroxyindoleacetaldehyde_c0
BIOMD0000001091,M_5hoxindoa_c,5-Hydroxyindoleacetate_c0
BIOMD0000001091,M_5mdr1p_c,methylthioribose-1-phosphate_c0
BIOMD0000001091,M_5mdru1p_c,methylthioribulose-1-phosphate_c0
BIOMD0000001091,M_5mta_c,5-Methylthioadenosine_c0
BIOMD0000001091,M_5mthf_c,5-Methyltetrahydrofolate_c0
BIOMD0000001091,M_5mtr_c,5-Methylthio-D-ribose_c0
BIOMD0000001091,M_5oxpro_c,5-Oxoproline_c0
BIOMD0000001091,M_5pmev_c,5-phosphomevalonate_c0
BIOMD0000001091,M_5prdmbz_c,alpha-Ribazole 5'-phosphate_c0
BIOMD0000001091,M_6a2ohxnt_c,2-Oxo-6-aminocaproate_c0
BIOMD0000001091,M_6hmhpt_c,6-hydroxymethyl dihydropterin_c0
BIOMD0000001091,M_6occhcoa_c,6-Ketoxycyclohex-1-ene-1-carboxyl-CoA_c0
BIOMD0000001091,M_6pgc_c,6-Phospho-D-gluconate_c0
BIOMD0000001091,M_6pgl_c,6-phospho-D-glucono-1-5-lactone_c0
BIOMD0000001091,M_8aonn_c,8-Amino-7-oxononanoate_c0
BIOMD0000001091,M_ACP_c,ACP_c0
BIOMD0000001091,M_L2aadp6sa_c,2-Aminoadipate 6-semialdehyde_c0
BIOMD0000001091,M_L_alagly_c,L-alanylglycine_c0
BIOMD0000001091,M_L_alagly_e,L-alanylglycine_e0
BIOMD0000001091,M_Largn_c,Pretyrosine_c0
BIOMD0000001091,M_Lcyst_c,L-Cysteate_c0
BIOMD0000001091,M_Lcyst_e,L-Cysteate_e0
BIOMD0000001091,M_Lfmkynr_c,N-Formylkynurenine_c0
BIOMD0000001091,M_Lkynr_c,L-Kynurenine_c0
BIOMD0000001091,M_NPmehis_c,1-Methylhistidine_c0
BIOMD0000001091,M_Nacasp_c,N-Acetyl-L-aspartate_c0
BIOMD0000001091,M_Nforglu_c,N-Formyl-L-glutamate_c0
BIOMD0000001091,M_Ssq23epx_c,"Squalene 2,3-oxide_c0"
BIOMD0000001091,M_aa_c,Acrylamide_c0
BIOMD0000001091,M_aacald_c,Aminoacetaldehyde_c0
BIOMD0000001091,M_aacoa_c,Acetoacetyl-CoA_c0
BIOMD0000001091,M_abt_c,L-Lyxitol_c0
BIOMD0000001091,M_acACP_c,Acetyl-ACP_c0
BIOMD0000001091,M_ac_c,Acetate_c0
BIOMD0000001091,M_acac_c,Acetoacetate_c0
BIOMD0000001091,M_acald_c,Acetaldehyde_c0
BIOMD0000001091,M_accoa_c,Acetyl-CoA_c0
BIOMD0000001091,M_acg5p_c,n-acetylglutamyl-phosphate_c0
BIOMD0000001091,M_acg5sa_c,2-Acetamido-5-oxopentanoate_c0
BIOMD0000001091,M_acgam1p_c,N-Acetyl-D-glucosamine1-phosphate_c0
BIOMD0000001091,M_acgam6p_c,N-Acetyl-D-glucosamine 6-phosphate_c0
BIOMD0000001091,M_acgam_e,N-Acetyl-D-glucosamine_e0
BIOMD0000001091,M_acglu_c,N-Acetyl-L-glutamate_c0
BIOMD0000001091,M_achms_c,O-Acetyl-L-homoserine_c0
BIOMD0000001091,M_acmana_c,N-Acetyl-D-mannosamine_c0
BIOMD0000001091,M_acmanap_c,N-Acetylmannosamine 6-phosphate_c0
BIOMD0000001091,M_acnam_c,Neu5Ac_c0
BIOMD0000001091,M_acoa_c,Acyl-CoA_c0
BIOMD0000001091,M_acon_C_c,cis-Aconitate_c0
BIOMD0000001091,M_acorn_c,N-Acetylornithine_c0
BIOMD0000001091,M_acryl_c,Acrylate_c0
BIOMD0000001091,M_acser_c,O-Acetyl-L-serine_c0
BIOMD0000001091,M_actACP_c,Acetoacetyl-ACP_c0
BIOMD0000001091,M_actn__R_c,(R)-2-acetoin
BIOMD0000001091,M_actp_c,Acetylphosphate_c0
BIOMD0000001091,M_ad_c,Acetamide_c0
BIOMD0000001091,M_adcobdam_c,Adenosyl cobyrinate diamide_c0
BIOMD0000001091,M_adcobhex_c,Adenosylcobyric acid_c0
BIOMD0000001091,M_ade_c,Adenine_c0
BIOMD0000001091,M_adhlam_c,S-Acetyldihydrolipoamide_c0
BIOMD0000001091,M_adn_c,Adenosine_c0
BIOMD0000001091,M_adocbi_c,Adenosyl cobinamide_c0
BIOMD0000001091,M_adocbip_c,Adenosyl cobinamide phosphate_c0
BIOMD0000001091,M_adocbl_c,Calomide_c0
BIOMD0000001091,M_adp_c,ADP_c0
BIOMD0000001091,M_adpglc_c,ADPglucose_c0
BIOMD0000001091,M_adprib_c,ADPribose_c0
BIOMD0000001091,M_aflburppa_c,2-Fluoro-3-ureidopropionic acid_c0
BIOMD0000001091,M_agdpcbi_c,Adenosylcobinamide-GDP_c0
BIOMD0000001091,M_agm_c,Agmatine_c0
BIOMD0000001091,M_ahcys_c,S-Adenosyl-homocysteine_c0
BIOMD0000001091,M_ahdt_c,"7,8-Dihydroneopterin 3'-triphosphate_c0"
BIOMD0000001091,M_aicar_c,AICAR_c0
BIOMD0000001091,M_air_c,AIR_c0
BIOMD0000001091,M_ak2g_hs_c,1-Alkyl-2-acylglycerol_c0
BIOMD0000001091,M_akg_c,2-Oxoglutarate_c0
BIOMD0000001091,M_ala_B_c,beta-Alanine_c0
BIOMD0000001091,M_ala__D_c,D-Alanine_c0
BIOMD0000001091,M_ala__L_c,L-Alanine_c0
BIOMD0000001091,M_ala__L_e,L-Alanine_e0
BIOMD0000001091,M_alac__S_c,(S)-2-Acetolactate
BIOMD0000001091,M_allphn_c,Allophanate_c0
BIOMD0000001091,M_alltn_c,Allantoin_c0
BIOMD0000001091,M_alltn_e,Allantoin_e0
BIOMD0000001091,M_alltt_c,Allantoate_c0
BIOMD0000001091,M_alpro_c,S-Aminomethyldihydrolipoylprotein_c0
BIOMD0000001091,M_amet_c,S-Adenosyl-L-methionine_c0
BIOMD0000001091,M_ametam_c,S-Adenosylmethioninamine_c0
BIOMD0000001091,M_amob_c,S-Adenosyl-4-methylthio-2-oxobutanoate_c0
BIOMD0000001091,M_amp_c,AMP_c0
BIOMD0000001091,M_amuco_c,o-Aminomuconate_c0
BIOMD0000001091,M_ans_c,Anserine_c0
BIOMD0000001091,M_anth_c,Anthranilate_c0
BIOMD0000001091,M_apoACP_c,apo-ACP_c0
BIOMD0000001091,M_appl_c,1-Aminopropan-2-ol_c0
BIOMD0000001091,M_applp_c,(R)-1-Aminopropan-2-yl phosphate_c0
BIOMD0000001091,M_aproa_c,3-Aminopropanal_c0
BIOMD0000001091,M_aps_c,APS_c0
BIOMD0000001091,M_arab__L_c,L-Arabinose_c0
BIOMD0000001091,M_arab__L_e,L-Arabinose_e0
BIOMD0000001091,M_arbt6p_c,Arbutin-6P_c0
BIOMD0000001091,M_arbt_e,Ursin_e0
BIOMD0000001091,M_arg__L_c,L-Arginine_c0
BIOMD0000001091,M_arg__L_e,L-Arginine_e0
BIOMD0000001091,M_argsuc_c,L-Argininosuccinate_c0
BIOMD0000001091,M_ascb__L_c,L-Ascorbate_c0
BIOMD0000001091,M_asn__L_c,L-Asparagine_c0
BIOMD0000001091,M_aso3_c,Arsenite_c0
BIOMD0000001091,M_aso3_e,Arsenite_e0
BIOMD0000001091,M_aso4_c,Arsenate_c0
BIOMD0000001091,M_aso4_e,Arsenate_e0
BIOMD0000001091,M_asp__D_c,D-Aspartate_c0
BIOMD0000001091,M_asp__L_c,L-Aspartate_c0
BIOMD0000001091,M_asp__L_e,L-Aspartate_e0
BIOMD0000001091,M_aspsa_c,L-Aspartate4-semialdehyde_c0
BIOMD0000001091,M_atp_c,ATP_c0
BIOMD0000001091,M_b2coa_c,Crotonyl-CoA_c0
BIOMD0000001091,M_betald_c,Betaine aldehyde_c0
BIOMD0000001091,M_bhb_c,(R)-3-Hydroxybutanoate_c0
BIOMD0000001091,M_btal_c,Butanal_c0
BIOMD0000001091,M_btamp_c,Biotinyl-5-AMP_c0
BIOMD0000001091,M_btcoa_c,Butyryl-CoA_c0
BIOMD0000001091,M_btd_RR_c,"(R,R)-2,3-Butanediol"
BIOMD0000001091,M_btd_RR_e,"(R,R)-2,3-Butanediol"
BIOMD0000001091,M_btnCCP_c,Holo-[carboxylase]_c0
BIOMD0000001091,M_btn_c,BIOT_c0
BIOMD0000001091,M_btn_e,BIOT_e0
BIOMD0000001091,M_but2eACP_c,But-2-enoyl-[acyl-carrier protein]_c0
BIOMD0000001091,M_butACP_c,Butyryl-ACP_c0
BIOMD0000001091,M_but_c,Butyrate_c0
BIOMD0000001091,M_butpi_c,Butanoylphosphate_c0
BIOMD0000001091,M_butso3_c,butanesulfonate_c0
BIOMD0000001091,M_butso3_e,butanesulfonate_e0
BIOMD0000001091,M_bz_c,Benzoate_c0
BIOMD0000001091,M_bzal_c,Benzaldehyde_c0
BIOMD0000001091,M_ca2_c,Ca2+_c0
BIOMD0000001091,M_ca2_e,Ca2+_e0
BIOMD0000001091,M_caffcoa_c,Caffeoyl-CoA_c0
BIOMD0000001091,M_cala_c,3-Ureidopropanoate_c0
BIOMD0000001091,M_camp_c,cAMP_c0
BIOMD0000001091,M_cbasp_c,N-Carbamoyl-L-aspartate_c0
BIOMD0000001091,M_cbi_c,Cobinamide_c0
BIOMD0000001091,M_cbl1_c,Cbl_c0
BIOMD0000001091,M_cbl1_e,Cbl_e0
BIOMD0000001091,M_cbl2_c,Vitamin B12r_c0
BIOMD0000001091,M_cbl2_e,Vitamin B12r_e0
BIOMD0000001091,M_cbp_c,Carbamoylphosphate_c0
BIOMD0000001091,M_cbtnCCP_c,Carboxybiotin-carboxyl-carrier protein_c0
BIOMD0000001091,M_cchoxod_c,"2-Hydroxy-6-oxo-hept-2,4-dienoate_c0"
BIOMD0000001091,M_cd2_c,Cd2+_c0
BIOMD0000001091,M_cd2_e,Cd2+_e0
BIOMD0000001091,M_cdp4dh6doglc_c,CDP-4-dehydro-6-deoxy-D-glucose_c0
BIOMD0000001091,M_cdp_c,CDP_c0
BIOMD0000001091,M_cdpdddecg_c,"CDP-1,2-didodecanoylglycerol_c0"
BIOMD0000001091,M_cdpdhdec9eg_c,"CDP-1,2-dihexadec-9-enoylglycerol_c0"
BIOMD0000001091,M_cdpdhdecg_c,"CDP-1,2-dihexadecanoylglycerol_c0"
BIOMD0000001091,M_cdpdodec11eg_c,"CDP-1,2-dioctadec-11-enoylglycerol_c0"
BIOMD0000001091,M_cdpdodecg_c,"CDP-1,2-dioctadecanoylglycerol_c0"
BIOMD0000001091,M_cdpdtdec7eg_c,"CDP-1,2-ditetradec-7-enoylglycerol_c0"
BIOMD0000001091,M_cdpdtdecg_c,"CDP-1,2-ditetradecanoylglycerol_c0"
BIOMD0000001091,M_cdpea_c,CDPethanolamine_c0
BIOMD0000001091,M_cdpg_c,cDPG_c0
BIOMD0000001091,M_cdpglc_c,CDP-glucose_c0
BIOMD0000001091,M_cdpglyc_c,CDPglycerol_c0
BIOMD0000001091,M_cellb6p_c,cellobiose 6-phoshate_c0
BIOMD0000001091,M_cellb_c,CELB_c0
BIOMD0000001091,M_cellb_e,CELB_e0
BIOMD0000001091,M_cgly_c,Cys-Gly_c0
BIOMD0000001091,M_cgly_e,Cys-Gly_e0
BIOMD0000001091,M_chol_c,Choline_c0
BIOMD0000001091,M_chol_e,Choline_e0
BIOMD0000001091,M_cholate_c,Cholate_c0
BIOMD0000001091,M_cholcoaone_c,"3alpha,7alpha,12alpha-Trihydroxy-5beta-24-oxocholestanoyl-CoA_c0"
BIOMD0000001091,M_chols_c,Choline sulfate_c0
BIOMD0000001091,M_chols_e,Choline sulfate_e0
BIOMD0000001091,M_chor_c,Chorismate_c0
BIOMD0000001091,M_cinnm_c,(E)-Cinnamate_c0
BIOMD0000001091,M_cit_c,Citrate_c0
BIOMD0000001091,M_cit_e,Citrate_e0
BIOMD0000001091,M_citalald_c,Citalopram aldehyde_c0
BIOMD0000001091,M_citalppa_c,Citalopram propionic acid_c0
BIOMD0000001091,M_citr__L_c,Citrulline_c0
BIOMD0000001091,M_ckdo_c,CMP-KDO_c0
BIOMD0000001091,M_cl_c,Cl-_c0
BIOMD0000001091,M_cl_e,Cl-_e0
BIOMD0000001091,M_cmp2amep_c,CMPciliatine_c0
BIOMD0000001091,M_cmp_c,CMP_c0
BIOMD0000001091,M_cmpacna_c,CMP-N-acetylneuraminate_c0
BIOMD0000001091,M_co1dam_c,Cob(I)yrinate diamide_c0
BIOMD0000001091,M_co2_c,CO2_c0
BIOMD0000001091,M_co2_e,CO2_e0
BIOMD0000001091,M_co2dam_c,Cob(II)yrinate diamide_c0
BIOMD0000001091,M_coa_c,CoA_c0
BIOMD0000001091,M_cobalt2_c,Co2+_c0
BIOMD0000001091,M_cobalt2_e,Co2+_e0
BIOMD0000001091,M_cobya_c,Cobyrinate_c0
BIOMD0000001091,M_codscl5b_c,Cobalt-precorrin 5B_c0
BIOMD0000001091,M_conialdh_c,Ferulaldehyde_c0
BIOMD0000001091,M_copre2_c,Cobalt-precorrin 2_c0
BIOMD0000001091,M_copre3_c,Cobalt-precorrin 3_c0
BIOMD0000001091,M_copre4_c,Cobalt-precorrin 4_c0
BIOMD0000001091,M_copre5_c,Cobalt-precorrin 5_c0
BIOMD0000001091,M_copre8_c,Cobalt-precorrin 8_c0
BIOMD0000001091,M_coucoa_c,4-Coumaroyl-CoA_c0
BIOMD0000001091,M_cpd00049_c0,Carboxylic acid_c0
BIOMD0000001091,M_cpd00173_c0,NTP_c0
BIOMD0000001091,M_cpd00190_c0,beta-D-Glucose_c0
BIOMD0000001091,M_cpd00195_c0,1-Alcohol_c0
BIOMD0000001091,M_cpd00301_c0,Sterol_c0
BIOMD0000001091,M_cpd00329_c0,Cyclohexanone_c0
BIOMD0000001091,M_cpd00354_c0,NDP_c0
BIOMD0000001091,M_cpd00364_c0,Chinone_c0
BIOMD0000001091,M_cpd00373_c0,Sinapate_c0
BIOMD0000001091,M_cpd00392_c0,Phycite_c0
BIOMD0000001091,M_cpd00398_c0,Naringenin_c0
BIOMD0000001091,M_cpd00424_c0,Cystathionine_c0
BIOMD0000001091,M_cpd00442_c0,(3S)-Citryl-CoA_c0
BIOMD0000001091,M_cpd00445_c0,Cyclohexanamine_c0
BIOMD0000001091,M_cpd00479_c0,Gentisate_c0
BIOMD0000001091,M_cpd00542_c0,R-CN_c0
BIOMD0000001091,M_cpd00769_c0,N-Formyl-L-aspartate_c0
BIOMD0000001091,M_cpd00788_c0,N-Acetyl-beta-alanine_c0
BIOMD0000001091,M_cpd00820_c0,"L-Galactono-1,4-lactone_c0"
BIOMD0000001091,M_cpd00888_c0,N-Methylethanolamine phosphate_c0
BIOMD0000001091,M_cpd00907_c0,"alpha-D-glucose-1,6-biphosphate_c0"
BIOMD0000001091,M_cpd00947_c0,LacCer_c0
BIOMD0000001091,M_cpd01061_c0,Geranial_c0
BIOMD0000001091,M_cpd01085_c0,Viomycin_c0
BIOMD0000001091,M_cpd01129_c0,Phthalate_c0
BIOMD0000001091,M_cpd01140_c0,UDP-apiose_c0
BIOMD0000001091,M_cpd01221_c0,(S)-Acetoin_c0
BIOMD0000001091,M_cpd01324_c0,L-Histidinal_c0
BIOMD0000001091,M_cpd01345_c0,Taurocyamine_c0
BIOMD0000001091,M_cpd01357_c0,(R)-Mandelate_c0
BIOMD0000001091,M_cpd01368_c0,Vinyl cyanide_c0
BIOMD0000001091,M_cpd01404_c0,Pseudotropine_c0
BIOMD0000001091,M_cpd01407_c0,Volemulose_c0
BIOMD0000001091,M_cpd01413_c0,Styrene oxide_c0
BIOMD0000001091,M_cpd01418_c0,TSH_c0
BIOMD0000001091,M_cpd01447_c0,Benzoylformate_c0
BIOMD0000001091,M_cpd01466_c0,Maleylpyruvate_c0
BIOMD0000001091,M_cpd01489_c0,beta-Alanopine_c0
BIOMD0000001091,M_cpd01512_c0,5-Oxo-D-proline_c0
BIOMD0000001091,M_cpd01530_c0,Dichloromethane_c0
BIOMD0000001091,M_cpd01560_c0,beta-Alanyl-CoA_c0
BIOMD0000001091,M_cpd01567_c0,(R)-Allantoin_c0
BIOMD0000001091,M_cpd01584_c0,p-Aminophenol_c0
BIOMD0000001091,M_cpd01610_c0,N-Methyltyramine_c0
BIOMD0000001091,M_cpd01623_c0,UDP-galactosamine_c0
BIOMD0000001091,M_cpd01634_c0,L-beta-Leucine_c0
BIOMD0000001091,M_cpd01642_c0,2-Biphenylol_c0
BIOMD0000001091,M_cpd01650_c0,3-(ADP)-glycerate_c0
BIOMD0000001091,M_cpd01651_c0,L-3-Cyanoalanine_c0
BIOMD0000001091,M_cpd01653_c0,3-Fumarylpyruvate_c0
BIOMD0000001091,M_cpd01663_c0,Chenodiol_c0
BIOMD0000001091,M_cpd01679_c0,N-Methylhydantoin_c0
BIOMD0000001091,M_cpd01684_c0,O-Phosphoviomycin_c0
BIOMD0000001091,M_cpd01691_c0,Retinol palmitate_c0
BIOMD0000001091,M_cpd01736_c0,Deacetoxyvindoline_c0
BIOMD0000001091,M_cpd01743_c0,Cerebroside_c0
BIOMD0000001091,M_cpd01759_c0,N-Acyl-L-aspartate_c0
BIOMD0000001091,M_cpd01859_c0,(2-Naphthyl)methanol_c0
BIOMD0000001091,M_cpd01877_c0,"3,4-Dihydroxypyridine_c0"
BIOMD0000001091,M_cpd01955_c0,"2,6-Dihydroxypyridine_c0"
BIOMD0000001091,M_cpd01956_c0,o-Formylbenzoic acid_c0
BIOMD0000001091,M_cpd02026_c0,TSST_c0
BIOMD0000001091,M_cpd02045_c0,1-Hydroxy-2-naphthoate_c0
BIOMD0000001091,M_cpd02046_c0,10-Formyldihydrofolate_c0
BIOMD0000001091,M_cpd02056_c0,2-Hydroxy-3-oxoadipate_c0
BIOMD0000001091,M_cpd02080_c0,2-Butynedioic acid_c0
BIOMD0000001091,M_cpd02132_c0,3-Phospho-D-erythronate_c0
BIOMD0000001091,M_cpd02135_c0,4-Nitrophenyl phosphate_c0
BIOMD0000001091,M_cpd02200_c0,CDP-N-methylethanolamine_c0
BIOMD0000001091,M_cpd02203_c0,D-Erythritol 4-phosphate_c0
BIOMD0000001091,M_cpd02259_c0,4-Hydroxybenzoylformate_c0
BIOMD0000001091,M_cpd02264_c0,CDPparatose_c0
BIOMD0000001091,M_cpd02265_c0,CDPtyvelose_c0
BIOMD0000001091,M_cpd02298_c0,1F-beta-D-Fructosylsucrose_c0
BIOMD0000001091,M_cpd02306_c0,3-(ADP)-2-phosphoglycerate_c0
BIOMD0000001091,M_cpd02353_c0,2-Methylpropionyl phosphate_c0
BIOMD0000001091,M_cpd02414_c0,L-2-Amino-6-oxopimelate_c0
BIOMD0000001091,M_cpd02427_c0,Thiomorpholine 3-carboxylate_c0
BIOMD0000001091,M_cpd02469_c0,enol-Oxaloacetate_c0
BIOMD0000001091,M_cpd02471_c0,Linalool_c0
BIOMD0000001091,M_cpd02490_c0,Lysopine_c0
BIOMD0000001091,M_cpd02497_c0,D-Galacturonate 1-phosphate_c0
BIOMD0000001091,M_cpd02601_c0,2-Lysolecithin_c0
BIOMD0000001091,M_cpd02603_c0,3-Lysolecithin_c0
BIOMD0000001091,M_cpd02616_c0,"dTDP-4-amino-4,6-dideoxy-D-glucose_c0"
BIOMD0000001091,M_cpd02626_c0,1-Pyrroline-4-hydroxy-2-carboxylate_c0
BIOMD0000001091,M_cpd02638_c0,"CDP-4-dehydro-3,6-dideoxy-D-glucose_c0"
BIOMD0000001091,M_cpd02645_c0,Phosphoenol-4-deoxy-3-tetrulosonate_c0
BIOMD0000001091,M_cpd02655_c0,"5,10-Methenyltetrahydromethanopterin_c0"
BIOMD0000001091,M_cpd02708_c0,"cis-2-Methyl-5-isopropylhexa-2,5-dienal_c0"
BIOMD0000001091,M_cpd02714_c0,"3,4-Dehydrothiomorpholine-3-carboxylate_c0"
BIOMD0000001091,M_cpd02715_c0,"3-(3,4-Dihydroxypyridin-1-yl)-L-alanine_c0"
BIOMD0000001091,M_cpd02733_c0,Deoxycholate_c0
BIOMD0000001091,M_cpd02734_c0,4-Carboxy-2-hydroxymuconate semialdehyde_c0
BIOMD0000001091,M_cpd02787_c0,"16-Methoxy-2,3-dihydro-3-hydroxytabersonine_c0"
BIOMD0000001091,M_cpd02807_c0,Cosmetin_c0
BIOMD0000001091,M_cpd02870_c0,Isopentenyl-AMP_c0
BIOMD0000001091,M_cpd02890_c0,15(S)-HETE_c0
BIOMD0000001091,M_cpd02918_c0,5-HETE_c0
BIOMD0000001091,M_cpd02952_c0,Apiin_c0
BIOMD0000001091,M_cpd02967_c0,"N-Acetyl-beta-D-mannosaminyl-1,4-N-acetyl-D- glucosaminyldiphosphoundecaprenol_c0"
BIOMD0000001091,M_cpd02972_c0,"alpha-N-Acetylneuraminyl-2,8-alpha-N-acetylneuraminyl-2,3-beta-D- galactosyl-R_c0"
BIOMD0000001091,M_cpd02996_c0,GM2_c0
BIOMD0000001091,M_cpd02999_c0,GD1a_c0
BIOMD0000001091,M_cpd03043_c0,3-Hydroxybutanoyl-CoA_c0
BIOMD0000001091,M_cpd03077_c0,alpha-Amino acid_c0
BIOMD0000001091,M_cpd03083_c0,(R)-Reticuline_c0
BIOMD0000001091,M_cpd03158_c0,Nicotianamine_c0
BIOMD0000001091,M_cpd03189_c0,3-Carboxy-1-hydroxypropyl-ThPP_c0
BIOMD0000001091,M_cpd03232_c0,"3alpha,7alpha-Dihydroxy-5beta-24-oxocholestanoyl-CoA_c0"
BIOMD0000001091,M_cpd03233_c0,"3alpha,7alpha,12alpha,24-Tetrahydroxy-5beta-cholestanoyl-CoA_c0"
BIOMD0000001091,M_cpd03244_c0,Taurodeoxycholate_c0
BIOMD0000001091,M_cpd03245_c0,Glycodeoxycholate_c0
BIOMD0000001091,M_cpd03247_c0,Glycochenodeoxycholate_c0
BIOMD0000001091,M_cpd03315_c0,Gentisate aldehyde_c0
BIOMD0000001091,M_cpd03333_c0,Sinapaldehyde_c0
BIOMD0000001091,M_cpd03351_c0,Cinnavalininate_c0
BIOMD0000001091,M_cpd03365_c0,"5-(2'-Formylethyl)-4,6-dihydroxypicolinate_c0"
BIOMD0000001091,M_cpd03366_c0,"5-(2'-Carboxyethyl)-4,6-dihydroxypicolinate_c0"
BIOMD0000001091,M_cpd03407_c0,gamma-Glutamyl-beta-cyanoalanine_c0
BIOMD0000001091,M_cpd03413_c0,L-Glutamyl 1-phosphate_c0
BIOMD0000001091,M_cpd03424_c0,Vitamin B12_c0
BIOMD0000001091,M_cpd03424_e0,Vitamin B12_e0
BIOMD0000001091,M_cpd03472_c0,N'-Methyl-2-pyridone-5-carboxamide_c0
BIOMD0000001091,M_cpd03473_c0,1-Methyl-4-pyridone-3-carboximide_c0
BIOMD0000001091,M_cpd03518_c0,Formamidopyrimidine nucleoside triphosphate_c0
BIOMD0000001091,M_cpd03519_c0,"2,5-Diaminopyrimidine nucleoside triphosphate_c0"
BIOMD0000001091,M_cpd03560_c0,Propionyladenylate_c0
BIOMD0000001091,M_cpd03583_c0,D-arabino-6-Phospho-hex-3-ulose_c0
BIOMD0000001091,M_cpd03588_c0,L-erythro-3-Methylmalyl-CoA_c0
BIOMD0000001091,M_cpd03596_c0,4-Methylene-2-oxoglutarate_c0
BIOMD0000001091,M_cpd03646_c0,gamma-Glutamyl-3-aminopropiononitrile_c0
BIOMD0000001091,M_cpd03653_c0,GM4_c0
BIOMD0000001091,M_cpd03654_c0,GD3_c0
BIOMD0000001091,M_cpd03655_c0,GD2_c0
BIOMD0000001091,M_cpd03656_c0,GA2_c0
BIOMD0000001091,M_cpd03658_c0,GT1a_c0
BIOMD0000001091,M_cpd03659_c0,GQ1_c0
BIOMD0000001091,M_cpd03660_c0,GT1b_c0
BIOMD0000001091,M_cpd03661_c0,GD1b_c0
BIOMD0000001091,M_cpd03666_c0,"2,5-Diamino-6-(5'-triphosphoryl-3',4'-trihydroxy-2'-oxopentyl)- amino-4-oxopyrimidine_c0"
BIOMD0000001091,M_cpd03680_c0,"1,2-Dehydroreticuline_c0"
BIOMD0000001091,M_cpd03706_c0,UppppU_c0
BIOMD0000001091,M_cpd03709_c0,Salicylaldehyde_c0
BIOMD0000001091,M_cpd03722_c0,Sedoheptulose 1-phosphate_c0
BIOMD0000001091,M_cpd03897_c0,4a-Hydroxytetrahydrobiopterin_c0
BIOMD0000001091,M_cpd03933_c0,Coniine_c0
BIOMD0000001091,M_cpd03962_c0,Cyanuric acid_c0
BIOMD0000001091,M_cpd03963_c0,Biuret_c0
BIOMD0000001091,M_cpd03989_c0,"2-Hydroxy-6-oxo-7-methylocta-2,4-dienoate_c0"
BIOMD0000001091,M_cpd04015_c0,trans-3-Chloro-2-propene-1-ol_c0
BIOMD0000001091,M_cpd04016_c0,cis-3-Chloro-2-propene-1-ol_c0
BIOMD0000001091,M_cpd04017_c0,3-Chloroallyl aldehyde_c0
BIOMD0000001091,M_cpd04049_c0,"6-Oxo-2-hydroxy-7-(4'-chlorophenyl)-3,8,8-trichloroocta-2E,4E,7E- trienoate_c0"
BIOMD0000001091,M_cpd04050_c0,"2-(4'-Chlorophenyl)-3,3-dichloropropenoate_c0"
BIOMD0000001091,M_cpd04058_c0,L-N2-(2-Carboxyethyl)arginine_c0
BIOMD0000001091,M_cpd04097_c0,Pb_c0
BIOMD0000001091,M_cpd04097_e0,Pb_e0
BIOMD0000001091,M_cpd04105_c0,Mycothiol_c0
BIOMD0000001091,M_cpd04106_c0,S-Formylmycothiol_c0
BIOMD0000001091,M_cpd04107_c0,Dihydrophloroglucinol_c0
BIOMD0000001091,M_cpd04126_c0,2'-Hydroxybiphenyl-2-sulfinate_c0
BIOMD0000001091,M_cpd04248_c0,Chloral hydrate_c0
BIOMD0000001091,M_cpd04393_c0,"2-Hydroxy-6-oxo-octa-2,4-dienoate_c0"
BIOMD0000001091,M_cpd04509_c0,(R)-Mandelamide_c0
BIOMD0000001091,M_cpd04661_c0,Trichloroethanol_c0
BIOMD0000001091,M_cpd04806_c0,Aldophosphamide_c0
BIOMD0000001091,M_cpd05041_c0,"2-Hydroxy-6-oxo-(2'-aminophenyl)-hexa-2,4-dienoate_c0"
BIOMD0000001091,M_cpd05546_c0,Cyanin_c0
BIOMD0000001091,M_cpd05630_c0,Pelargonin_c0
BIOMD0000001091,M_cpd06559_c0,alpha-Farnesene_c0
BIOMD0000001091,M_cpd06707_c0,Benzamide_c0
BIOMD0000001091,M_cpd06712_c0,Benzoylsuccinyl-CoA_c0
BIOMD0000001091,M_cpd06739_c0,(R)-(+)-Citronellal_c0
BIOMD0000001091,M_cpd07027_c0,gamma-Coniceine_c0
BIOMD0000001091,M_cpd08208_c0,"2-Hydroxy-3-chloropenta-2,4-dienoate_c0"
BIOMD0000001091,M_cpd08238_c0,(S)-(-)-Citronellal_c0
BIOMD0000001091,M_cpd08279_c0,1-Hydroxy-2-naphthaldehyde_c0
BIOMD0000001091,M_cpd08707_c0,"dTDP-3-oxo-4,6-dideoxy-D-glucose_c0"
BIOMD0000001091,M_cpd08732_c0,4-Isopropenyl-2-oxy-cyclohexanecarboxyl-CoA_c0
BIOMD0000001091,M_cpd08733_c0,3-Isopropenylpimelyl-CoA_c0
BIOMD0000001091,M_cpd08739_c0,"trans-2-Methyl-5-isopropylhexa-2,5-dienal_c0"
BIOMD0000001091,M_cpd08740_c0,"trans-2-Methyl-5-isopropylhexa-2,5-dienoic acid_c0"
BIOMD0000001091,M_cpd08741_c0,"cis-2-Methyl-5-isopropylhexa-2,5-dienoic acid_c0"
BIOMD0000001091,M_cpd09204_c0,Acetylpseudotropine_c0
BIOMD0000001091,M_cpd09350_c0,N2-Acetyl-L-aminoadipyl-delta-phosphate_c0
BIOMD0000001091,M_cpd09351_c0,N2-Acetyl-L-aminoadipate semialdehyde_c0
BIOMD0000001091,M_cpd09421_c0,"2-(1,2-Dihydroxyethyl)-TPP_c0"
BIOMD0000001091,M_cpd09433_c0,9'-cis-Neoxanthin_c0
BIOMD0000001091,M_cpd09434_c0,9-cis-Violaxanthin_c0
BIOMD0000001091,M_cpd09790_c0,3-Methylsalicylaldehyde_c0
BIOMD0000001091,M_cpd09791_c0,3-Methylsalicylate_c0
BIOMD0000001091,M_cpd09792_c0,1-Naphthalenemethanol_c0
BIOMD0000001091,M_cpd09793_c0,1-Naphthaldehyde_c0
BIOMD0000001091,M_cpd09794_c0,1-Naphthoic acid_c0
BIOMD0000001091,M_cpd09801_c0,2-Methylnaphthalene_c0
BIOMD0000001091,M_cpd09802_c0,2-Naphthaldehyde_c0
BIOMD0000001091,M_cpd09804_c0,2-Naphthoic acid_c0
BIOMD0000001091,M_cpd09811_c0,4-Hydroxymethylsalicylaldehyde_c0
BIOMD0000001091,M_cpd09812_c0,4-Hydroxymethylsalicylate_c0
BIOMD0000001091,M_cpd09818_c0,Naphthyl-2-methyl-succinic acid_c0
BIOMD0000001091,M_cpd09846_c0,Cyromazine_c0
BIOMD0000001091,M_cpd09847_c0,N-Cyclopropylammeline_c0
BIOMD0000001091,M_cpd09848_c0,N-Cyclopropylammelide_c0
BIOMD0000001091,M_cpd09849_c0,Cyclopropylamine_c0
BIOMD0000001091,M_cpd10162_c0,(R)-3-Hydroxy-3-methyl-2-oxopentanoate_c0
BIOMD0000001091,M_cpd11177_c0,9-cis-Retinoic acid_c0
BIOMD0000001091,M_cpd11206_c0,Precorrin 1_c0
BIOMD0000001091,M_cpd11209_c0,N-Acetyl-L-citrulline_c0
BIOMD0000001091,M_cpd11217_c0,"1,4-Dihydroxy-2-naphthoyl-CoA_c0"
BIOMD0000001091,M_cpd11416_c0,Biomass_c0
BIOMD0000001091,M_cpd11432_c0,fa11coa_c0
BIOMD0000001091,M_cpd11434_c0,fa12coa_c0
BIOMD0000001091,M_cpd11435_c0,fa1coa_c0
BIOMD0000001091,M_cpd11437_c0,fa3coa_c0
BIOMD0000001091,M_cpd11439_c0,fa4coa_c0
BIOMD0000001091,M_cpd11441_c0,fa6coa_c0
BIOMD0000001091,M_cpd11451_c0,mql7_c0
BIOMD0000001091,M_cpd11495_c0,2-methylbutyryl-ACP_c0
BIOMD0000001091,M_cpd11496_c0,4-methyl-3-oxo-hexanoyl-ACP_c0
BIOMD0000001091,M_cpd11497_c0,4-methyl-3-hydroxy-hexanoyl-ACP_c0
BIOMD0000001091,M_cpd11498_c0,4-methyl-trans-hex-2-enoyl-ACP_c0
BIOMD0000001091,M_cpd11499_c0,4-methyl-hexanoyl-ACP_c0
BIOMD0000001091,M_cpd11500_c0,6-methyl-3-oxo-octanoyl-ACP_c0
BIOMD0000001091,M_cpd11501_c0,6-methyl-3-hydroxy-octanoyl-ACP_c0
BIOMD0000001091,M_cpd11502_c0,6-methyl-trans-oct-2-enoyl-ACP_c0
BIOMD0000001091,M_cpd11503_c0,6-methyl-octanoyl-ACP_c0
BIOMD0000001091,M_cpd11504_c0,8-methyl-3-oxo-decanoyl-ACP_c0
BIOMD0000001091,M_cpd11505_c0,8-methyl-3-hydroxy-decanoyl-ACP_c0
BIOMD0000001091,M_cpd11506_c0,8-methyl-trans-dec-2-enoyl-ACP_c0
BIOMD0000001091,M_cpd11507_c0,8-methyl-decanoyl-ACP_c0
BIOMD0000001091,M_cpd11508_c0,10-methyl-3-oxo-dodecanoyl-ACP_c0
BIOMD0000001091,M_cpd11509_c0,10-methyl-3-hydroxy-dodecanoyl-ACP_c0
BIOMD0000001091,M_cpd11510_c0,10-methyl-trans-dodec-2-enoyl-ACP_c0
BIOMD0000001091,M_cpd11511_c0,10-methyl-dodecanoyl-ACP_c0
BIOMD0000001091,M_cpd11512_c0,12-methyl-3-oxo-tetra-decanoyl-ACP_c0
BIOMD0000001091,M_cpd11513_c0,12-methyl-3-hydroxy-tetra-decanoyl-ACP_c0
BIOMD0000001091,M_cpd11514_c0,12-methyl-trans-tetra-dec-2-enoyl-ACP_c0
BIOMD0000001091,M_cpd11515_c0,12-methyl-tetra-decanoyl-ACP_c0
BIOMD0000001091,M_cpd11516_c0,14-methyl-3-oxo-hexa-decanoyl-ACP_c0
BIOMD0000001091,M_cpd11517_c0,14-methyl-3-hydroxy-hexa-decanoyl-ACP_c0
BIOMD0000001091,M_cpd11518_c0,14-methyl-trans-hexa-dec-2-enoyl-ACP_c0
BIOMD0000001091,M_cpd11519_c0,14-methyl-hexa-decanoyl-ACP_c0
BIOMD0000001091,M_cpd11520_c0,isovaleryl-ACP_c0
BIOMD0000001091,M_cpd11521_c0,5-methyl-3-oxo-hexanoyl-ACP_c0
BIOMD0000001091,M_cpd11522_c0,5-methyl-3-hydroxy-hexanoyl-ACP_c0
BIOMD0000001091,M_cpd11523_c0,5-methyl-trans-hex-2-enoyl-ACP_c0
BIOMD0000001091,M_cpd11524_c0,5-methyl-hexanoyl-ACP_c0
BIOMD0000001091,M_cpd11525_c0,7-methyl-3-oxo-octanoyl-ACP_c0
BIOMD0000001091,M_cpd11526_c0,7-methyl-3-hydroxy-octanoyl-ACP_c0
BIOMD0000001091,M_cpd11527_c0,7-methyl-trans-oct-2-enoyl-ACP_c0
BIOMD0000001091,M_cpd11528_c0,7-methyl-octanoyl-ACP_c0
BIOMD0000001091,M_cpd11529_c0,9-methyl-3-oxo-decanoyl-ACP_c0
BIOMD0000001091,M_cpd11530_c0,9-methyl-3-hydroxy-decanoyl-ACP_c0
BIOMD0000001091,M_cpd11531_c0,9-methyl-trans-dec-2-enoyl-ACP_c0
BIOMD0000001091,M_cpd11532_c0,9-methyl-decanoyl-ACP_c0
BIOMD0000001091,M_cpd11533_c0,11-methyl-3-oxo-dodecanoyl-ACP_c0
BIOMD0000001091,M_cpd11534_c0,11-methyl-3-hydroxy-dodecanoyl-ACP_c0
BIOMD0000001091,M_cpd11535_c0,11-methyl-trans-dodec-2-enoyl-ACP_c0
BIOMD0000001091,M_cpd11536_c0,11-methyl-dodecanoyl-ACP_c0
BIOMD0000001091,M_cpd11537_c0,13-methyl-3-oxo-tetra-decanoyl-ACP_c0
BIOMD0000001091,M_cpd11538_c0,13-methyl-3-hydroxy-tetra-decanoyl-ACP_c0
BIOMD0000001091,M_cpd11539_c0,13-methyl-trans-tetra-dec-2-enoyl-ACP_c0
BIOMD0000001091,M_cpd11540_c0,13-methyl-tetra-decanoyl-ACP_c0
BIOMD0000001091,M_cpd11541_c0,15-methyl-3-oxo-hexa-decanoyl-ACP_c0
BIOMD0000001091,M_cpd11542_c0,15-methyl-3-hydroxy-hexa-decanoyl-ACP_c0
BIOMD0000001091,M_cpd11543_c0,15-methyl-trans-hexa-dec-2-enoyl-ACP_c0
BIOMD0000001091,M_cpd11544_c0,15-methyl-hexa-decanoyl-ACP_c0
BIOMD0000001091,M_cpd11545_c0,isobutyryl-ACP_c0
BIOMD0000001091,M_cpd11546_c0,4-methyl-3-oxo-pentanoyl-ACP_c0
BIOMD0000001091,M_cpd11547_c0,4-methyl-3-hydroxy-pentanoyl-ACP_c0
BIOMD0000001091,M_cpd11548_c0,4-methyl-trans-pent-2-enoyl-ACP_c0
BIOMD0000001091,M_cpd11549_c0,4-methyl-pentanoyl-ACP_c0
BIOMD0000001091,M_cpd11550_c0,6-methyl-3-oxo-heptanoyl-ACP_c0
BIOMD0000001091,M_cpd11551_c0,6-methyl-3-hydroxy-heptanoyl-ACP_c0
BIOMD0000001091,M_cpd11552_c0,6-methyl-trans-hept-2-enoyl-ACP_c0
BIOMD0000001091,M_cpd11553_c0,6-methyl-heptanoyl-ACP_c0
BIOMD0000001091,M_cpd11554_c0,8-methyl-3-oxo-nonanoyl-ACP_c0
BIOMD0000001091,M_cpd11555_c0,8-methyl-3-hydroxy-nonanoyl-ACP_c0
BIOMD0000001091,M_cpd11556_c0,8-methyl-trans-non-2-enoyl-ACP_c0
BIOMD0000001091,M_cpd11557_c0,8-methyl-nonanoyl-ACP_c0
BIOMD0000001091,M_cpd11558_c0,10-methyl-3-oxo-undecanoyl-ACP_c0
BIOMD0000001091,M_cpd11559_c0,10-methyl-3-hydroxy-undecanoyl-ACP_c0
BIOMD0000001091,M_cpd11560_c0,10-methyl-trans-undec-2-enoyl-ACP_c0
BIOMD0000001091,M_cpd11561_c0,10-methyl-undecanoyl-ACP_c0
BIOMD0000001091,M_cpd11562_c0,12-methyl-3-oxo-tridecanoyl-ACP_c0
BIOMD0000001091,M_cpd11563_c0,12-methyl-3-hydroxy-tridecanoyl-ACP_c0
BIOMD0000001091,M_cpd11564_c0,12-methyl-trans-tridec-2-enoyl-ACP_c0
BIOMD0000001091,M_cpd11565_c0,12-methyl-tridecanoyl-ACP_c0
BIOMD0000001091,M_cpd11566_c0,14-methyl-3-oxo-pentadecanoyl-ACP_c0
BIOMD0000001091,M_cpd11567_c0,14-methyl-3-hydroxy-pentadecanoyl-ACP_c0
BIOMD0000001091,M_cpd11568_c0,14-methyl-trans-pentadec-2-enoyl-ACP_c0
BIOMD0000001091,M_cpd11569_c0,14-methyl-pentadecanoyl-ACP_c0
BIOMD0000001091,M_cpd11570_c0,3-Oxooctodecanoyl-ACP_c0
BIOMD0000001091,M_cpd11571_c0,3-Hydroxyoctodecanoyl-ACP_c0
BIOMD0000001091,M_cpd11572_c0,trans-Octodec-2-enoyl-ACP_c0
BIOMD0000001091,M_cpd11573_c0,Octodecanoyl-ACP_c0
BIOMD0000001091,M_cpd11575_c0,MOPS_c0
BIOMD0000001091,M_cpd11575_e0,MOPS_e0
BIOMD0000001091,M_cpd11578_c0,hexanesulfonate_c0
BIOMD0000001091,M_cpd11578_e0,hexanesulfonate_e0
BIOMD0000001091,M_cpd11580_c0,Gly-Gln_c0
BIOMD0000001091,M_cpd11580_e0,Gly-Gln_e0
BIOMD0000001091,M_cpd11581_c0,gly-asn-L_c0
BIOMD0000001091,M_cpd11581_e0,gly-asn-L_e0
BIOMD0000001091,M_cpd11582_c0,ala-L-Thr-L_c0
BIOMD0000001091,M_cpd11582_e0,ala-L-Thr-L_e0
BIOMD0000001091,M_cpd11583_c0,Ala-Leu_c0
BIOMD0000001091,M_cpd11583_e0,Ala-Leu_e0
BIOMD0000001091,M_cpd11584_c0,Ala-His_c0
BIOMD0000001091,M_cpd11584_e0,Ala-His_e0
BIOMD0000001091,M_cpd11586_c0,ala-L-glu-L_c0
BIOMD0000001091,M_cpd11586_e0,ala-L-glu-L_e0
BIOMD0000001091,M_cpd11587_c0,Ala-Gln_c0
BIOMD0000001091,M_cpd11587_e0,Ala-Gln_e0
BIOMD0000001091,M_cpd11588_c0,gly-pro-L_c0
BIOMD0000001091,M_cpd11588_e0,gly-pro-L_e0
BIOMD0000001091,M_cpd11589_c0,gly-asp-L_c0
BIOMD0000001091,M_cpd11589_e0,gly-asp-L_e0
BIOMD0000001091,M_cpd11590_c0,met-L-ala-L_c0
BIOMD0000001091,M_cpd11590_e0,met-L-ala-L_e0
BIOMD0000001091,M_cpd11591_c0,Gly-Met_c0
BIOMD0000001091,M_cpd11591_e0,Gly-Met_e0
BIOMD0000001091,M_cpd11592_c0,gly-glu-L_c0
BIOMD0000001091,M_cpd11592_e0,gly-glu-L_e0
BIOMD0000001091,M_cpd11593_c0,ala-L-asp-L_c0
BIOMD0000001091,M_cpd11593_e0,ala-L-asp-L_e0
BIOMD0000001091,M_cpd11597_c0,ARSENOBETAINE_c0
BIOMD0000001091,M_cpd11597_e0,ARSENOBETAINE_e0
BIOMD0000001091,M_cpd11616_c0,RCHO_c0
BIOMD0000001091,M_cpd11623_c0,L-Amino acid_c0
BIOMD0000001091,M_cpd11625_c0,2-Oxo acid_c0
BIOMD0000001091,M_cpd11636_c0,Amide_c0
BIOMD0000001091,M_cpd11679_c0,Secondary alcohol_c0
BIOMD0000001091,M_cpd11704_c0,Protein tyrosine_c0
BIOMD0000001091,M_cpd11706_c0,beta-D-Galactoside_c0
BIOMD0000001091,M_cpd11712_c0,Protein histidine_c0
BIOMD0000001091,M_cpd11727_c0,N-Acyl-D-mannosamine 6-phosphate_c0
BIOMD0000001091,M_cpd11733_c0,Ketone_c0
BIOMD0000001091,M_cpd11794_c0,beta-L-Aldose 1-phosphate_c0
BIOMD0000001091,M_cpd11820_c0,Protein tyrosine phosphate_c0
BIOMD0000001091,M_cpd11827_c0,Phospholipid olefinic fatty acid_c0
BIOMD0000001091,M_cpd11837_c0,Phosphatidylinositol 4-phosphate_c0
BIOMD0000001091,M_cpd11848_c0,ROH_c0
BIOMD0000001091,M_cpd11849_c0,RSH_c0
BIOMD0000001091,M_cpd11888_c0,ADP-aldose_c0
BIOMD0000001091,M_cpd11953_c0,Diphthamide_c0
BIOMD0000001091,M_cpd11979_c0,Steryl ester_c0
BIOMD0000001091,M_cpd12018_c0,Retinyl ester_c0
BIOMD0000001091,M_cpd12044_c0,Protein serine_c0
BIOMD0000001091,M_cpd12050_c0,Alkyl sulfenate_c0
BIOMD0000001091,M_cpd12113_c0,[Glu(-Cys)]n-Gly_c0
BIOMD0000001091,M_cpd12155_c0,D-Glutamyl-peptide_c0
BIOMD0000001091,M_cpd12176_c0,[Glu(-Cys)]n+1-Gly_c0
BIOMD0000001091,M_cpd12232_c0,Nucleoside phosphate_c0
BIOMD0000001091,M_cpd12300_c0,Acylglycerone phosphate_c0
BIOMD0000001091,M_cpd12322_c0,1-Alkenyl-2-acylglycerol_c0
BIOMD0000001091,M_cpd12358_c0,Peptidylproline (omega=0)_c0
BIOMD0000001091,M_cpd12379_c0,S-Alkyl-L-cysteine S-oxide_c0
BIOMD0000001091,M_cpd12383_c0,6-Acetyl-beta-D-galactoside_c0
BIOMD0000001091,M_cpd12390_c0,Peptidylproline (omega=180)_c0
BIOMD0000001091,M_cpd12424_c0,alpha-N-Peptidyl-L-glutamate_c0
BIOMD0000001091,M_cpd12425_c0,alpha-N-Peptidyl-L-glutamine_c0
BIOMD0000001091,M_cpd12458_c0,Stearoyl-[acyl-carrier protein]_c0
BIOMD0000001091,M_cpd12473_c0,N-Acyl-D-glucosamine 6-phosphate_c0
BIOMD0000001091,M_cpd12496_c0,Phospholipid methylene fatty acid_c0
BIOMD0000001091,M_cpd12508_c0,Protein N-pros-phosphohistidine_c0
BIOMD0000001091,M_cpd12522_c0,EF-2 N-(ADP-D-ribosyl)diphthamide_c0
BIOMD0000001091,M_cpd12554_c0,1-Alkyl-2-acylglycerophosphoethanolamine_c0
BIOMD0000001091,M_cpd12592_c0,"alpha-N-Acetylneuraminyl-2,3-beta-D-galactosyl-R_c0"
BIOMD0000001091,M_cpd12597_c0,Holo-[propionyl-CoA-carboxylase (ATP-hydrolysing)]_c0
BIOMD0000001091,M_cpd12599_c0,GM3_c0
BIOMD0000001091,M_cpd12606_c0,Plasmenylethanolamine_c0
BIOMD0000001091,M_cpd12608_c0,Apo-[propionyl-CoA-carboxylase (ATP-hydrolysing)]_c0
BIOMD0000001091,M_cpd12640_c0,GM1_c0
BIOMD0000001091,M_cpd12677_c0,[Myelin basic protein]-arginine_c0
BIOMD0000001091,M_cpd12700_c0,[Myelin basic protein]-N(omega)-methylarginine_c0
BIOMD0000001091,M_cpd12729_c0,Urate-3-ribonucleoside_c0
BIOMD0000001091,M_cpd12847_c0,Apo-[carboxylase]_c0
BIOMD0000001091,M_cpd12868_c0,[Protein]-D-serine_c0
BIOMD0000001091,M_cpd12870_c0,"[Ribulose-1,5-bisphosphate-carboxylase]-lysine_c0"
BIOMD0000001091,M_cpd12871_c0,"[Ribulose-1,5-bisphosphate-carboxylase]-N6-methyl-L-lysine_c0"
BIOMD0000001091,M_cpd14474_c0,R-S-S-R_c0
BIOMD0000001091,M_cpd14475_c0,ROOH_c0
BIOMD0000001091,M_cpd14699_c0,S-(3-Methylbutanoyl)-dihydrolipoamide-E_c0
BIOMD0000001091,M_cpd14703_c0,S-(2-Methylbutanoyl)-dihydrolipoamide-E_c0
BIOMD0000001091,M_cpd14710_c0,"2,6-Dihydroxypseudooxynicotine_c0"
BIOMD0000001091,M_cpd14711_c0,4-Methylaminobutyrate_c0
BIOMD0000001091,M_cpd14790_c0,3-Sulfolactate_c0
BIOMD0000001091,M_cpd14795_c0,Benzyl cyanide_c0
BIOMD0000001091,M_cpd14796_c0,(Z)-Phenylacetaldehyde oxime_c0
BIOMD0000001091,M_cpd14980_c0,"2-Hydroxy-6-oxo-6-(2-carboxyphenyl)-hexa-2,4-dienoate_c0"
BIOMD0000001091,M_cpd14988_c0,3-Hydroxy-5-oxohexanoate_c0
BIOMD0000001091,M_cpd15028_c0,Delphin_c0
BIOMD0000001091,M_cpd15029_c0,Delphinidin 3-glucoside 5-caffoyl-glucoside_c0
BIOMD0000001091,M_cpd15045_c0,3-Hydroxy-OPC8-CoA_c0
BIOMD0000001091,M_cpd15046_c0,3-Oxo-OPC8-CoA_c0
BIOMD0000001091,M_cpd15049_c0,3-Hydroxy-OPC6-CoA_c0
BIOMD0000001091,M_cpd15050_c0,3-Oxo-OPC6-CoA_c0
BIOMD0000001091,M_cpd15053_c0,3-Hydroxy-OPC4-CoA_c0
BIOMD0000001091,M_cpd15054_c0,3-Oxo-OPC4-CoA_c0
BIOMD0000001091,M_cpd15064_c0,cis-3-Chloroallyl aldehyde_c0
BIOMD0000001091,M_cpd15065_c0,Pelargonidin 3-O-beta-D-glucoside 5-O-(6-coumaroyl-beta-D-glucoside)_c0
BIOMD0000001091,M_cpd15066_c0,Cyanidin 3-O-beta-D-glucoside 5-O-(6-coumaroyl-beta-D-glucoside)_c0
BIOMD0000001091,M_cpd15067_c0,Delphinidin 3-O-beta-D-glucoside 5-O-(6-coumaroyl-beta-D-glucoside)_c0
BIOMD0000001091,M_cpd15087_c0,Pelargonidin 3-glucoside 5-caffeoylglucoside_c0
BIOMD0000001091,M_cpd15088_c0,Cyanidin 3-glucoside 5-caffeoylglucoside_c0
BIOMD0000001091,M_cpd15130_c0,Isopentenyl-ATP_c0
BIOMD0000001091,M_cpd15131_c0,Isopentenyl-ADP_c0
BIOMD0000001091,M_cpd15165_c0,Geranic acid_c0
BIOMD0000001091,M_cpd15166_c0,Citronellate_c0
BIOMD0000001091,M_cpd15173_c0,3-Hydroxy-5-methylhex-4-enoyl-CoA_c0
BIOMD0000001091,M_cpd15175_c0,5-Methyl-3-oxo-4-hexenoyl-CoA_c0
BIOMD0000001091,M_cpd15277_c0,Palmitoyl-ACP_c0
BIOMD0000001091,M_cpd15584_c0,alpha-Methyl-D-glucoside_c0
BIOMD0000001091,M_cpd15585_c0,beta-Methylglucoside_c0
BIOMD0000001091,M_cpd15603_c0,Gly-Cys_c0
BIOMD0000001091,M_cpd15603_e0,Gly-Cys_e0
BIOMD0000001091,M_cpd15604_c0,Gly-Leu_c0
BIOMD0000001091,M_cpd15604_e0,Gly-Leu_e0
BIOMD0000001091,M_cpd15605_c0,Gly-Phe_c0
BIOMD0000001091,M_cpd15605_e0,Gly-Phe_e0
BIOMD0000001091,M_cpd15606_c0,Gly-Tyr_c0
BIOMD0000001091,M_cpd15606_e0,Gly-Tyr_e0
BIOMD0000001091,M_cpd15611_c0,hexanal_c0
BIOMD0000001091,M_cpd15663_c0,Prenol-45n teichoic acid-alanine substituted_c0
BIOMD0000001091,M_cpd15665_c0,Peptidoglycan polymer (n subunits)_c0
BIOMD0000001091,M_cpd15666_c0,Peptidoglycan polymer (n-1 subunits)_c0
BIOMD0000001091,M_cpd15667_c0,"glycerol teichoic acid (n=45), linked, unsubstituted_c0"
BIOMD0000001091,M_cpd15668_c0,"glycerol teichoic acid (n=45), linked, D-ala substituted_c0"
BIOMD0000001091,M_cpd15669_c0,"glycerol teichoic acid (n=45), linked, glucose substituted_c0"
BIOMD0000001091,M_cpd15671_c0,1-isoheptadecanoyl-sn-glycerol 3-phosphate_c0
BIOMD0000001091,M_cpd15672_c0,1-anteisoheptadecanoyl-sn-glycerol 3-phosphate_c0
BIOMD0000001091,M_cpd15673_c0,1-isotetradecanoyl-sn-glycerol 3-phosphate_c0
BIOMD0000001091,M_cpd15674_c0,1-isopentadecanoyl-sn-glycerol 3-phosphate_c0
BIOMD0000001091,M_cpd15675_c0,1-anteisopentadecanoyl-sn-glycerol 3-phosphate_c0
BIOMD0000001091,M_cpd15676_c0,1-isohexadecanoyl-sn-glycerol 3-phosphate_c0
BIOMD0000001091,M_cpd15677_c0,"1,2-diisoheptadecanoyl-sn-glycerol 3-phosphate_c0"
BIOMD0000001091,M_cpd15678_c0,"1,2-dianteisoheptadecanoyl-sn-glycerol 3-phosphate_c0"
BIOMD0000001091,M_cpd15679_c0,"1,2-diisotetradecanoyl-sn-glycerol 3-phosphate_c0"
BIOMD0000001091,M_cpd15680_c0,"1,2-diisopentadecanoyl-sn-glycerol 3-phosphate_c0"
BIOMD0000001091,M_cpd15681_c0,"1,2-dianteisopentadecanoyl-sn-glycerol 3-phosphate_c0"
BIOMD0000001091,M_cpd15682_c0,"1,2-diisohexadecanoyl-sn-glycerol 3-phosphate_c0"
BIOMD0000001091,M_cpd15683_c0,"CDP-1,2-diisoheptadecanoylglycerol_c0"
BIOMD0000001091,M_cpd15684_c0,"CDP-1,2-dianteisoheptadecanoylglycerol_c0"
BIOMD0000001091,M_cpd15685_c0,"CDP-1,2-diisotetradecanoylglycerol_c0"
BIOMD0000001091,M_cpd15686_c0,"CDP-1,2-diisopentadecanoylglycerol_c0"
BIOMD0000001091,M_cpd15687_c0,"CDP-1,2-dianteisopentadecanoylglycerol_c0"
BIOMD0000001091,M_cpd15688_c0,"CDP-1,2-diisohexadecanoylglycerol_c0"
BIOMD0000001091,M_cpd15689_c0,Diisoheptadecanoylphosphatidylserine_c0
BIOMD0000001091,M_cpd15690_c0,Dianteisoheptadecanoylphosphatidylserine_c0
BIOMD0000001091,M_cpd15691_c0,Diisotetradecanoylphosphatidylserine_c0
BIOMD0000001091,M_cpd15692_c0,Diisopentadecanoylphosphatidylserine_c0
BIOMD0000001091,M_cpd15693_c0,Dianteisopentadecanoylphosphatidylserine_c0
BIOMD0000001091,M_cpd15694_c0,Diisohexadecanoylphosphatidylserine_c0
BIOMD0000001091,M_cpd15695_c0,Diisoheptadecanoylphosphatidylethanolamine_c0
BIOMD0000001091,M_cpd15696_c0,Dianteisoheptadecanoylphosphatidylethanolamine_c0
BIOMD0000001091,M_cpd15697_c0,Diisotetradecanoylphosphatidylethanolamine_c0
BIOMD0000001091,M_cpd15698_c0,Diisopentadecanoylphosphatidylethanolamine_c0
BIOMD0000001091,M_cpd15699_c0,Dianteisopentadecanoylphosphatidylethanolamine_c0
BIOMD0000001091,M_cpd15700_c0,Diisohexadecanoylphosphatidylethanolamine_c0
BIOMD0000001091,M_cpd15701_c0,"1,2-Diisoheptadecanoyl-sn-glycerol_c0"
BIOMD0000001091,M_cpd15702_c0,"1,2-Dianteisoheptadecanoyl-sn-glycerol_c0"
BIOMD0000001091,M_cpd15703_c0,"1,2-Diisotetradecanoyl-sn-glycerol_c0"
BIOMD0000001091,M_cpd15704_c0,"1,2-Diisopentadecanoyl-sn-glycerol_c0"
BIOMD0000001091,M_cpd15705_c0,"1,2-Dianteisopentadecanoyl-sn-glycerol_c0"
BIOMD0000001091,M_cpd15706_c0,"1,2-Diisohexadecanoyl-sn-glycerol_c0"
BIOMD0000001091,M_cpd15716_c0,Diisoheptadecanoylphosphatidylglycerophosphate_c0
BIOMD0000001091,M_cpd15717_c0,Dianteisoheptadecanoylphosphatidylglycerophosphate_c0
BIOMD0000001091,M_cpd15718_c0,Diisotetradecanoylphosphatidylglycerophosphate_c0
BIOMD0000001091,M_cpd15719_c0,Diisopentadecanoylphosphatidylglycerophosphate_c0
BIOMD0000001091,M_cpd15720_c0,Dianteisopentadecanoylphosphatidylglycerophosphate_c0
BIOMD0000001091,M_cpd15721_c0,Diisohexadecanoylphosphatidylglycerophosphate_c0
BIOMD0000001091,M_cpd15722_c0,Diisoheptadecanoylphosphatidylglycerol_c0
BIOMD0000001091,M_cpd15723_c0,Dianteisoheptadecanoylphosphatidylglycerol_c0
BIOMD0000001091,M_cpd15724_c0,Diisotetradecanoylphosphatidylglycerol_c0
BIOMD0000001091,M_cpd15725_c0,Diisopentadecanoylphosphatidylglycerol_c0
BIOMD0000001091,M_cpd15726_c0,Dianteisopentadecanoylphosphatidylglycerol_c0
BIOMD0000001091,M_cpd15727_c0,Diisohexadecanoylphosphatidylglycerol_c0
BIOMD0000001091,M_cpd15728_c0,"Diglucosyl-1,2 dipalmitoylglycerol_c0"
BIOMD0000001091,M_cpd15729_c0,"Diglucosyl-1,2 dimyristoylglycerol_c0"
BIOMD0000001091,M_cpd15730_c0,"Diglucosyl-1,2 distearoylglycerol_c0"
BIOMD0000001091,M_cpd15731_c0,"Diglucosyl-1,2 diisoheptadecanoylglycerol_c0"
BIOMD0000001091,M_cpd15732_c0,"Diglucosyl-1,2 dianteisoheptadecanoylglycerol_c0"
BIOMD0000001091,M_cpd15733_c0,"Diglucosyl-1,2 diisotetradecanoylglycerol_c0"
BIOMD0000001091,M_cpd15734_c0,"Diglucosyl-1,2 diisopentadecanoylglycerol_c0"
BIOMD0000001091,M_cpd15735_c0,"Diglucosyl-1,2 dianteisopentadecanoylglycerol_c0"
BIOMD0000001091,M_cpd15736_c0,"Diglucosyl-1,2 diisohexadecanoylglycerol_c0"
BIOMD0000001091,M_cpd15737_c0,"Monoglucosyl-1,2 dipalmitoylglycerol_c0"
BIOMD0000001091,M_cpd15738_c0,"Monoglucosyl-1,2 dimyristoylglycerol_c0"
BIOMD0000001091,M_cpd15739_c0,"Monoglucosyl-1,2 distearoylglycerol_c0"
BIOMD0000001091,M_cpd15740_c0,"Monoglucosyl-1,2 diisoheptadecanoylglycerol_c0"
BIOMD0000001091,M_cpd15741_c0,"Monoglucosyl-1,2 dianteisoheptadecanoylglycerol_c0"
BIOMD0000001091,M_cpd15742_c0,"Monoglucosyl-1,2 diisotetradecanoylglycerol_c0"
BIOMD0000001091,M_cpd15743_c0,"Monoglucosyl-1,2 diisopentadecanoylglycerol_c0"
BIOMD0000001091,M_cpd15744_c0,"Monoglucosyl-1,2 dianteisopentadecanoylglycerol_c0"
BIOMD0000001091,M_cpd15745_c0,"Monoglucosyl-1,2 diisohexadecanoylglycerol_c0"
BIOMD0000001091,M_cpd15746_c0,"Palmitoyllipoteichoic acid (n=24), linked, unsubstituted_c0"
BIOMD0000001091,M_cpd15747_c0,"Myristoyllipoteichoic acid (n=24), linked, unsubstituted_c0"
BIOMD0000001091,M_cpd15748_c0,"Stearoyllipoteichoic acid (n=24), linked, unsubstituted_c0"
BIOMD0000001091,M_cpd15749_c0,"Isoheptadecanoyllipoteichoic acid (n=24), linked, unsubstituted_c0"
BIOMD0000001091,M_cpd15750_c0,"Anteisoheptadecanoyllipoteichoic acid (n=24), linked, unsubstituted_c0"
BIOMD0000001091,M_cpd15751_c0,"Isotetradecanoyllipoteichoic acid (n=24), linked, unsubstituted_c0"
BIOMD0000001091,M_cpd15752_c0,"Isopentadecanoyllipoteichoic acid (n=24), linked, unsubstituted_c0"
BIOMD0000001091,M_cpd15753_c0,"Anteisopentadecanoyllipoteichoic acid (n=24), linked, unsubstituted_c0"
BIOMD0000001091,M_cpd15754_c0,"Isohexadecanoyllipoteichoic acid (n=24), linked, unsubstituted_c0"
BIOMD0000001091,M_cpd15757_c0,"Stearoyllipoteichoic acid (n=24), linked, glucose substituted_c0"
BIOMD0000001091,M_cpd15758_c0,"Isoheptadecanoyllipoteichoic acid (n=24), linked, glucose substituted_c0"
BIOMD0000001091,M_cpd15759_c0,"Anteisoheptadecanoyllipoteichoic acid (n=24), linked, glucose substituted_c0"
BIOMD0000001091,M_cpd15764_c0,"Palmitoyllipoteichoic acid (n=24), linked, N-acetyl-D-glucosamine_c0"
BIOMD0000001091,M_cpd15765_c0,"Myristoyllipoteichoic acid (n=24), linked, N-acetyl-D-glucosamine_c0"
BIOMD0000001091,M_cpd15766_c0,"Stearoyllipoteichoic acid (n=24), linked, N-acetyl-D-glucosamine_c0"
BIOMD0000001091,M_cpd15767_c0,"Isoheptadecanoyllipoteichoic acid (n=24), linked, N-acetyl-D-glucosamine_c0"
BIOMD0000001091,M_cpd15768_c0,"Anteisoheptadecanoyllipoteichoic acid (n=24), linked, N-acetyl-D-glucosamine_c0"
BIOMD0000001091,M_cpd15769_c0,"Isotetradecanoyllipoteichoic acid (n=24), linked, N-acetyl-D-glucosamine_c0"
BIOMD0000001091,M_cpd15770_c0,"Isopentadecanoyllipoteichoic acid (n=24), linked, N-acetyl-D-glucosamine_c0"
BIOMD0000001091,M_cpd15771_c0,"Anteisopentadecanoyllipoteichoic acid (n=24), linked, N-acetyl-D-glucosamine_c0"
BIOMD0000001091,M_cpd15772_c0,"Isohexadecanoyllipoteichoic acid (n=24), linked, N-acetyl-D-glucosamine_c0"
BIOMD0000001091,M_cpd15775_c0,"Stearoyllipoteichoic acid (n=24), linked, D-alanine substituted_c0"
BIOMD0000001091,M_cpd15776_c0,"Isoheptadecanoyllipoteichoic acid (n=24), linked, D-alanine substituted_c0"
BIOMD0000001091,M_cpd15777_c0,"Anteisoheptadecanoyllipoteichoic acid (n=24), linked, D-alanine substituted_c0"
BIOMD0000001091,M_cpd15791_c0,Palmitoylcardiolipin (B. subtilis)_c0
BIOMD0000001091,M_cpd15792_c0,Myristoylcardiolipin (B. subtilis)_c0
BIOMD0000001091,M_cpd15793_c0,Stearoylcardiolipin (B. subtilis)_c0
BIOMD0000001091,M_cpd15794_c0,Isoheptadecanoylcardiolipin (B. subtilis)_c0
BIOMD0000001091,M_cpd15795_c0,Anteisoheptadecanoylcardiolipin (B. subtilis)_c0
BIOMD0000001091,M_cpd15796_c0,Isotetradecanoylcardiolipin (B. subtilis)_c0
BIOMD0000001091,M_cpd15797_c0,Isopentadecanoylcardiolipin (B. subtilis)_c0
BIOMD0000001091,M_cpd15798_c0,Anteisopentadecanoylcardiolipin (B. subtilis)_c0
BIOMD0000001091,M_cpd15799_c0,Isohexadecanoylcardiolipin (B. subtilis)_c0
BIOMD0000001091,M_cpd16329_c0,Doxifluridine_c0
BIOMD0000001091,M_cpd16365_c0,Alcophosphamide_c0
BIOMD0000001091,M_cpd16395_c0,"2-Phenyl-1,3-propanediol monocarbamate_c0"
BIOMD0000001091,M_cpd16396_c0,3-Carbamoyl-2-phenylpropionaldehyde_c0
BIOMD0000001091,M_cpd16401_c0,"4-Hydroxy-5-phenyltetrahydro-1,3-oxazin-2-one_c0"
BIOMD0000001091,M_cpd16402_c0,"5-Phenyl-1,3-oxazinane-2,4-dione_c0"
BIOMD0000001091,M_cpd16439_c0,5'-Deoxy-5-fluorocytidine_c0
BIOMD0000001091,M_cpd16471_c0,Benzylpenicilloic acid_c0
BIOMD0000001091,M_cpd16483_c0,5-L-Glutamyl-D-glutamyl-peptide_c0
BIOMD0000001091,M_cpd16540_c0,5-Deoxy glucuronic acid_c0
BIOMD0000001091,M_cpd17041_c0,Protein biosynthesis_c0
BIOMD0000001091,M_cpd17042_c0,DNA replication_c0
BIOMD0000001091,M_cpd17043_c0,RNA transcription_c0
BIOMD0000001091,M_cpd17512_c0,O-Acylpseudotropine_c0
BIOMD0000001091,M_cpd18006_c0,Flavaprenin_c0
BIOMD0000001091,M_cpd18007_c0,Leachianone G_c0
BIOMD0000001091,M_cpd18036_c0,Sophoraflavanone G_c0
BIOMD0000001091,M_cpppg1_c,CoproporphyrinogenI_c0
BIOMD0000001091,M_cpppg3_c,CoproporphyrinogenIII_c0
BIOMD0000001091,M_creat_c,Creatine_c0
BIOMD0000001091,M_crn_c,Carnitine_c0
BIOMD0000001091,M_crn_e,Carnitine_e0
BIOMD0000001091,M_crtn_c,Creatinine_c0
BIOMD0000001091,M_csn_c,Cytosine_c0
BIOMD0000001091,M_ctp_c,CTP_c0
BIOMD0000001091,M_cu2_c,Cu2+_c0
BIOMD0000001091,M_cu2_e,Cu2+_e0
BIOMD0000001091,M_cyan_c,HCN_c0
BIOMD0000001091,M_cyart_c,Cycloartenol_c0
BIOMD0000001091,M_cys__L_c,L-Cysteine_c0
BIOMD0000001091,M_cytd_c,Cytidine_c0
BIOMD0000001091,M_dad_2_c,Deoxyadenosine_c0
BIOMD0000001091,M_dad_5_c,5'-Deoxyadenosine_c0
BIOMD0000001091,M_dadp_c,dADP_c0
BIOMD0000001091,M_damp_c,dAMP_c0
BIOMD0000001091,M_dann_c,7-8-Diaminononanoate_c0
BIOMD0000001091,M_datp_c,dATP_c0
BIOMD0000001091,M_db4p_c,3-4-dihydroxy-2-butanone4-phosphate_c0
BIOMD0000001091,M_dc2coa_c,(2E)-Decenoyl-CoA_c0
BIOMD0000001091,M_dcaACP_c,Decanoyl-ACP_c0
BIOMD0000001091,M_dcacoa_c,Decanoyl-CoA_c0
BIOMD0000001091,M_dcamp_c,Adenylosuccinate_c0
BIOMD0000001091,M_dcdp_c,dCDP_c0
BIOMD0000001091,M_dcmp_c,dCMP_c0
BIOMD0000001091,M_dctp_c,dCTP_c0
BIOMD0000001091,M_dcyt_c,Deoxycytidine_c0
BIOMD0000001091,M_dd2coa_c,(2E)-Dodecenoyl-CoA_c0
BIOMD0000001091,M_ddcaACP_c,Dodecanoyl-ACP_c0
BIOMD0000001091,M_ddcacoa_c,Lauroyl-CoA_c0
BIOMD0000001091,M_dextrin_c,Dextrin_c0
BIOMD0000001091,M_dgdp_c,dGDP_c0
BIOMD0000001091,M_dgmp_c,dGMP_c0
BIOMD0000001091,M_dgsn_c,Deoxyguanosine_c0
BIOMD0000001091,M_dgtp_c,dGTP_c0
BIOMD0000001091,M_dha_c,Glycerone_c0
BIOMD0000001091,M_dhap_c,Glycerone-phosphate_c0
BIOMD0000001091,M_dhbpt_c,Dihydrobiopterin_c0
BIOMD0000001091,M_dhf_c,Dihydrofolate_c0
BIOMD0000001091,M_dhgly_c,Iminoglycine_c0
BIOMD0000001091,M_dhlam_c,Dihydrolipoamide_c0
BIOMD0000001091,M_dhlpro_c,Dihydrolipolprotein_c0
BIOMD0000001091,M_dhmtp_c,"1,2-dihydroxy-3-keto-5-methylthiopentene_c0"
BIOMD0000001091,M_dhna_c,1-4-Dihydroxy-2-naphthoate_c0
BIOMD0000001091,M_dhnpt_c,Dihydroneopterin_c0
BIOMD0000001091,M_dhor__S_c,S-Dihydroorotate_c0
BIOMD0000001091,M_dhpt_c,Dihydropteroate_c0
BIOMD0000001091,M_dhptd_c,4-5-dihydroxy-2-3-pentanedione_c0
BIOMD0000001091,M_diala__L_c,Ala-Ala_c0
BIOMD0000001091,M_din_c,Deoxyinosine_c0
BIOMD0000001091,M_dkdi_c,DKDI_c0
BIOMD0000001091,M_dmbzid_c,Dimethylbenzimidazole_c0
BIOMD0000001091,M_dmlz_c,6-7-Dimethyl-8--1-D-ribityllumazine_c0
BIOMD0000001091,M_dmpp_c,DMAPP_c0
BIOMD0000001091,M_dmtphllqne_c,Demethylphylloquinone_c0
BIOMD0000001091,M_dna5mtc_c,DNA 5-methylcytosine_c0
BIOMD0000001091,M_dnac_c,DNA cytosine_c0
BIOMD0000001091,M_dnad_c,Deamido-NAD_c0
BIOMD0000001091,M_dpcoa_c,Dephospho-CoA_c0
BIOMD0000001091,M_drib_c,Thyminose_c0
BIOMD0000001091,M_drib_e,Thyminose_e0
BIOMD0000001091,M_dtbt_c,Dethiobiotin_c0
BIOMD0000001091,M_dtdp4d6dg_c,dTDP-4-oxo-6-deoxy-D-glucose_c0
BIOMD0000001091,M_dtdp_c,dTDP_c0
BIOMD0000001091,M_dtmp_c,dTMP_c0
BIOMD0000001091,M_dttp_c,TTP_c0
BIOMD0000001091,M_dudp_c,dUDP_c0
BIOMD0000001091,M_dump_c,dUMP_c0
BIOMD0000001091,M_duri_c,Deoxyuridine_c0
BIOMD0000001091,M_dutp_c,dUTP_c0
BIOMD0000001091,M_dxyl5p_c,1-deoxy-D-xylulose5-phosphate_c0
BIOMD0000001091,M_e4p_c,D-Erythrose4-phosphate_c0
BIOMD0000001091,M_eig3p_c,D-erythro-imidazol-glycerol-phosphate_c0
BIOMD0000001091,M_etha_c,Aminoethanol_c0
BIOMD0000001091,M_ethamp_c,Phosphoethanolamine_c0
BIOMD0000001091,M_ethso3_c,ethanesulfonate_c0
BIOMD0000001091,M_ethso3_e,ethanesulfonate_e0
BIOMD0000001091,M_etoh_c,Ethanol_c0
BIOMD0000001091,M_f1p_c,D-fructose-1-phosphate_c0
BIOMD0000001091,M_f26bp_c,"D-Fructose 2,6-bisphosphate_c0"
BIOMD0000001091,M_f6p_c,D-fructose-6-phosphate_c0
BIOMD0000001091,M_fa11_c,fa11_c0
BIOMD0000001091,M_fa12_c,fa12_c0
BIOMD0000001091,M_fa1_c,fa1_c0
BIOMD0000001091,M_fa3_c,fa3_c0
BIOMD0000001091,M_fa4_c,fa4_c0
BIOMD0000001091,M_fa6_c,fa6_c0
BIOMD0000001091,M_fad_c,FAD_c0
BIOMD0000001091,M_fadh2_c,FADH2_c0
BIOMD0000001091,M_fald_c,Formaldehyde_c0
BIOMD0000001091,M_fdp_c,"D-fructose-1,6-bisphosphate_c0"
BIOMD0000001091,M_fdxox_c,Oxidizedferredoxin_c0
BIOMD0000001091,M_fdxrd_c,Reducedferredoxin_c0
BIOMD0000001091,M_fe2_c,Fe2+_c0
BIOMD0000001091,M_fe2_e,Fe2+_e0
BIOMD0000001091,M_fe3_c,fe3_c0
BIOMD0000001091,M_fe3_e,fe3_e0
BIOMD0000001091,M_fe3dcit_c,Fe(III)dicitrate_c0
BIOMD0000001091,M_fe3dcit_e,Fe(III)dicitrate_e0
BIOMD0000001091,M_fecost_c,Fecosterol_c0
BIOMD0000001091,M_fecrm_c,Ferrichrome_c0
BIOMD0000001091,M_fecrm_e,Ferrichrome_e0
BIOMD0000001091,M_fer_c,Ferulate_c0
BIOMD0000001091,M_fgam_c,N-Formyl-GAR_c0
BIOMD0000001091,M_ficytC_c,Cytochrome c3+_c0
BIOMD0000001091,M_fmn_c,FMN_c0
BIOMD0000001091,M_fmnh2_c,FMNH2_c0
BIOMD0000001091,M_focytC_c,Cytochrome c2+_c0
BIOMD0000001091,M_fol_c,Folate_c0
BIOMD0000001091,M_for_c,Formate_c0
BIOMD0000001091,M_forglu_c,N-Formimino-L-glutamate_c0
BIOMD0000001091,M_fpram_c,5'-Phosphoribosylformylglycinamidine_c0
BIOMD0000001091,M_fprica_c,FAICAR_c0
BIOMD0000001091,M_frdp_c,Farnesyldiphosphate_c0
BIOMD0000001091,M_frmd_c,Formamide_c0
BIOMD0000001091,M_fru_c,D-Fructose_c0
BIOMD0000001091,M_fru_e,D-Fructose_e0
BIOMD0000001091,M_fruur_c,D-Fructuronate_c0
BIOMD0000001091,M_fuc1p__L_c,L-Fucose 1-phosphate_c0
BIOMD0000001091,M_fuc__L_c,L-Fucose_c0
BIOMD0000001091,M_fum_c,Fumarate_c0
BIOMD0000001091,M_fum_e,Fumarate_e0
BIOMD0000001091,M_g1p_c,Glucose-1-phosphate_c0
BIOMD0000001091,M_g3p_c,Glyceraldehyde3-phosphate_c0
BIOMD0000001091,M_g3pc_c,Glycerophosphocholine_c0
BIOMD0000001091,M_g3pe_c,Glycerophosphoethanolamine_c0
BIOMD0000001091,M_g3pg_c,Glycerophosphoglycerol_c0
BIOMD0000001091,M_g6p_B_c,beta-D-Glucose 6-phosphate_c0
BIOMD0000001091,M_g6p_c,D-glucose-6-phosphate_c0
BIOMD0000001091,M_gal1p_c,D-Galactose 1-phosphate_c0
BIOMD0000001091,M_gal_c,Galactose_c0
BIOMD0000001091,M_galt1p_c,Galactitol 1-phosphate_c0
BIOMD0000001091,M_galt_e,Dulcose_e0
BIOMD0000001091,M_galur_c,D-Galacturonate_c0
BIOMD0000001091,M_gam1p_c,D-Glucosamine1-phosphate_c0
BIOMD0000001091,M_gam6p_c,D-Glucosamine phosphate_c0
BIOMD0000001091,M_gam_e,GLUM_e0
BIOMD0000001091,M_gar_c,GAR_c0
BIOMD0000001091,M_gcald_c,Glycolaldehyde_c0
BIOMD0000001091,M_gchola_c,Glycocholate_c0
BIOMD0000001091,M_gdp_c,GDP_c0
BIOMD0000001091,M_gdpmann_c,GDP-mannose_c0
BIOMD0000001091,M_gdptp_c,"Guanosine 5'-triphosphate,3'-diphosphate_c0"
BIOMD0000001091,M_gg4abut_c,gamma-Glutamyl-GABA_c0
BIOMD0000001091,M_ggbutal_c,gamma-glutamyl-gamma-butyraldehyde_c0
BIOMD0000001091,M_ggdp_c,Geranylgeranyl diphosphate_c0
BIOMD0000001091,M_glc__D_c,D-Glucose_c0
BIOMD0000001091,M_glc__D_e,D-Glucose_e0
BIOMD0000001091,M_glcn__D_c,GLCN_c0
BIOMD0000001091,M_glcur_c,Glucuronate_c0
BIOMD0000001091,M_gln__L_c,L-Glutamine_c0
BIOMD0000001091,M_gln__L_e,L-Glutamine_e0
BIOMD0000001091,M_glu1sa_c,L-Glutamate1-semialdehyde_c0
BIOMD0000001091,M_glu5p_c,L-Glutamyl 5-phosphate_c0
BIOMD0000001091,M_glu5sa_c,L-Glutamate5-semialdehyde_c0
BIOMD0000001091,M_glu__D_c,D-Glutamate_c0
BIOMD0000001091,M_glu__L_c,L-Glutamate_c0
BIOMD0000001091,M_glu__L_e,L-Glutamate_e0
BIOMD0000001091,M_glucys_c,gamma-Glutamylcysteine_c0
BIOMD0000001091,M_glutrna_c,L-Glutamyl-tRNA-Glu_c0
BIOMD0000001091,M_glx_c,Glyoxalate_c0
BIOMD0000001091,M_gly_c,Glycine_c0
BIOMD0000001091,M_glyald_c,D-Glyceraldehyde_c0
BIOMD0000001091,M_glyb_c,BET_c0
BIOMD0000001091,M_glyb_e,BET_e0
BIOMD0000001091,M_glyc3p_c,Glycerol-3-phosphate_c0
BIOMD0000001091,M_glyc3p_e,Glycerol-3-phosphate_e0
BIOMD0000001091,M_glyc__R_c,Glycerate_c0
BIOMD0000001091,M_glyc_c,Glycerol_c0
BIOMD0000001091,M_glyc_e,Glycerol_e0
BIOMD0000001091,M_glyclt_c,Glycolate_c0
BIOMD0000001091,M_gmp_c,GMP_c0
BIOMD0000001091,M_grdp_c,Geranyldiphosphate_c0
BIOMD0000001091,M_gsn_c,Guanosine_c0
BIOMD0000001091,M_gthox_c,Oxidized glutathione_c0
BIOMD0000001091,M_gthrd_c,GSH_c0
BIOMD0000001091,M_gtp_c,GTP_c0
BIOMD0000001091,M_gua_c,Guanine_c0
BIOMD0000001091,M_gudac_c,Glycocyamine_c0
BIOMD0000001091,M_h2_c,H2_c0
BIOMD0000001091,M_h2mb4p_c,1-Hydroxy-2-methyl-2-butenyl 4-diphosphate_c0
BIOMD0000001091,M_h2o2_c,H2O2_c0
BIOMD0000001091,M_h2o_c,H2O_c0
BIOMD0000001091,M_h2o_e,H2O_e0
BIOMD0000001091,M_h2s_c,H2S_c0
BIOMD0000001091,M_hLkynr_c,3-Hydroxy-L-kynurenine_c0
BIOMD0000001091,M_h_c,H+_c0
BIOMD0000001091,M_h_e,H+_e0
BIOMD0000001091,M_hco3_c,H2CO3_c0
BIOMD0000001091,M_hcys__L_c,Homocysteine_c0
BIOMD0000001091,M_hdca_c,Palmitate_c0
BIOMD0000001091,M_hdcea_c,hexadecenoate_c0
BIOMD0000001091,M_hdcoa_c,Hexadecenoyl-CoA_c0
BIOMD0000001091,M_hdd2coa_c,(2E)-Hexadecenoyl-CoA_c0
BIOMD0000001091,M_hdeACP_c,Hexadecenoyl-ACP_c0
BIOMD0000001091,M_hemeO_c,hemeO_c0
BIOMD0000001091,M_hepdp_c,all-trans-Heptaprenyl diphosphate_c0
BIOMD0000001091,M_hexACP_c,Hexanoyl-ACP_c0
BIOMD0000001091,M_hexdp_c,all-trans-Hexaprenyl diphosphate_c0
BIOMD0000001091,M_hg2_c,Hg2+_c0
BIOMD0000001091,M_hg2_e,Hg2+_e0
BIOMD0000001091,M_hgbam_c,Hydrogenobyrinate diamide_c0
BIOMD0000001091,M_hgbyr_c,Hydrogenobyrinate_c0
BIOMD0000001091,M_his__L_c,L-Histidine_c0
BIOMD0000001091,M_hisp_c,L-histidinol-phosphate_c0
BIOMD0000001091,M_histd_c,L-Histidinol_c0
BIOMD0000001091,M_hkmpp_c,"2,3-diketo5-methylthio-1-phosphopentane_c0"
BIOMD0000001091,M_hkndd_c,"2-Hydroxy-6-oxonona-2,4-diene-1,9-dioate_c0"
BIOMD0000001091,M_hkntd_c,2-Hydroxy-6-ketononatrienedioate_c0
BIOMD0000001091,M_hmbil_c,Hydroxymethylbilane_c0
BIOMD0000001091,M_hmgcoa_c,HMG-CoA_c0
BIOMD0000001091,M_hmpscoa_c,(Hydroxymethylphenyl)succinyl-CoA_c0
BIOMD0000001091,M_hom__L_c,L-Homoserine_c0
BIOMD0000001091,M_hpyr_c,Hydroxypyruvate_c0
BIOMD0000001091,M_hqn_c,Quinol_c0
BIOMD0000001091,M_hspmd_c,Homospermidine_c0
BIOMD0000001091,M_hx2coa_c,(2E)-Hexenoyl-CoA_c0
BIOMD0000001091,M_hxan_c,HYXN_c0
BIOMD0000001091,M_hxan_e,HYXN_e0
BIOMD0000001091,M_hxcoa_c,Hexanoyl-CoA_c0
BIOMD0000001091,M_iad_c,Indole-3-acetamide_c0
BIOMD0000001091,M_iasp_c,Iminoaspartate_c0
BIOMD0000001091,M_ibcoa_c,Isobutyryl-CoA_c0
BIOMD0000001091,M_ibt_c,Isobutyrate_c0
BIOMD0000001091,M_ichor_c,Isochorismate_c0
BIOMD0000001091,M_icit_c,Isocitrate_c0
BIOMD0000001091,M_idp_c,IDP_c0
BIOMD0000001091,M_ile__L_c,L-Isoleucine_c0
BIOMD0000001091,M_ile__L_e,L-Isoleucine_e0
BIOMD0000001091,M_im4ac_c,4-Imidazoleacetate_c0
BIOMD0000001091,M_im4act_c,Imidazole acetaldehyde_c0
BIOMD0000001091,M_imacp_c,imidazole acetol-phosphate_c0
BIOMD0000001091,M_imp_c,IMP_c0
BIOMD0000001091,M_ind3ac_c,Indoleacetate_c0
BIOMD0000001091,M_indole_c,indol_c0
BIOMD0000001091,M_inost_c,L-Inositol_c0
BIOMD0000001091,M_ins_c,Inosine_c0
BIOMD0000001091,M_ipdp_c,Isopentenyldiphosphate_c0
BIOMD0000001091,M_isetac_c,Isethionate_c0
BIOMD0000001091,M_isetac_e,Isethionate_e0
BIOMD0000001091,M_isomal_c,Brachiose_c0
BIOMD0000001091,M_itp_c,ITP_c0
BIOMD0000001091,M_ivcoa_c,Isovaleryl-CoA_c0
BIOMD0000001091,M_k_c,K+_c0
BIOMD0000001091,M_k_e,K+_e0
BIOMD0000001091,M_kdo_c,KDO_c0
BIOMD0000001091,M_lac__L_c,L-Lactate_c0
BIOMD0000001091,M_lac__L_e,L-Lactate_e0
BIOMD0000001091,M_leu__L_c,L-Leucine_c0
BIOMD0000001091,M_leu__L_e,L-Leucine_e0
BIOMD0000001091,M_lgt__S_c,(R)-S-Lactoylglutathione_c0
BIOMD0000001091,M_lpam_c,Lipoamide_c0
BIOMD0000001091,M_lpro_c,Lipoylprotein_c0
BIOMD0000001091,M_lys__L_c,L-Lysine_c0
BIOMD0000001091,M_lys__L_e,L-Lysine_e0
BIOMD0000001091,M_malACP_c,Malonyl-acyl-carrierprotein-_c0
BIOMD0000001091,M_mal__D_c,D-Malate_c0
BIOMD0000001091,M_mal__L_c,L-Malate_c0
BIOMD0000001091,M_mal__L_e,L-Malate_e0
BIOMD0000001091,M_malcoa_c,Malonyl-CoA_c0
BIOMD0000001091,M_malon_c,Malonate_c0
BIOMD0000001091,M_malt6p_c,maltose-6-phosphate_c0
BIOMD0000001091,M_malt_c,Maltose_c0
BIOMD0000001091,M_malt_e,Maltose_e0
BIOMD0000001091,M_malthp_c,Maltoheptaose_c0
BIOMD0000001091,M_malthx_c,Maltohexaose_c0
BIOMD0000001091,M_malthx_e,Maltohexaose_e0
BIOMD0000001091,M_maltpt_c,Maltopentaose_c0
BIOMD0000001091,M_malttr_c,Amylotriose_c0
BIOMD0000001091,M_malttr_e,Amylotriose_e0
BIOMD0000001091,M_maltttr_c,Maltotetraose_c0
BIOMD0000001091,M_man1p_c,D-Mannose1-phosphate_c0
BIOMD0000001091,M_man6p_c,D-mannose-6-phosphate_c0
BIOMD0000001091,M_man_e,D-Mannose_e0
BIOMD0000001091,M_melib_c,Melibiose_c0
BIOMD0000001091,M_menecyart_c,24-Methylenecycloartanol_c0
BIOMD0000001091,M_meoh_c,Methanol_c0
BIOMD0000001091,M_mercplac_c,3-Mercaptolactate_c0
BIOMD0000001091,M_mercppyr_c,Mercaptopyruvate_c0
BIOMD0000001091,M_mescoa_c,Mesaconyl-CoA_c0
BIOMD0000001091,M_met__D_c,D-Methionine_c0
BIOMD0000001091,M_met__D_e,D-Methionine_e0
BIOMD0000001091,M_met__L_c,L-Methionine_c0
BIOMD0000001091,M_met__L_e,L-Methionine_e0
BIOMD0000001091,M_methf_c,5-10-Methenyltetrahydrofolate_c0
BIOMD0000001091,M_metox__R_c,L-methionine R-oxide_c0
BIOMD0000001091,M_metox__R_e,L-methionine R-oxide_e0
BIOMD0000001091,M_metsox_S__L_c,L-Methionine S-oxide_c0
BIOMD0000001091,M_metsox_S__L_e,L-Methionine S-oxide_e0
BIOMD0000001091,M_mev__R_c,Mevalonic acid_c0
BIOMD0000001091,M_mg2_c,Mg_c0
BIOMD0000001091,M_mg2_e,Mg_e0
BIOMD0000001091,M_mhpglu_c,5-Methyltetrahydropteroyltri-L-glutamate_c0
BIOMD0000001091,M_mi1p__D_c,Inositol 1-phosphate_c0
BIOMD0000001091,M_mi3p__D_c,Inositol 3-phosphate_c0
BIOMD0000001091,M_mi4p__D_c,Inositol 4-phosphate_c0
BIOMD0000001091,M_mleneh4spt_c,"5,10-Methylenetetrahydromethanopterin_c0"
BIOMD0000001091,M_mlthf_c,5-10-Methylenetetrahydrofolate_c0
BIOMD0000001091,M_mm_c,Methylmalonate_c0
BIOMD0000001091,M_mmcoa__R_c,L-methylmalonyl-CoA_c0
BIOMD0000001091,M_mmcoa__S_c,D-methylmalonyl-CoA_c0
BIOMD0000001091,M_mn2_c,Mn2+_c0
BIOMD0000001091,M_mn2_e,Mn2+_e0
BIOMD0000001091,M_mnl1p_c,D-mannitol-1-phosphate_c0
BIOMD0000001091,M_mnl_e,D-Mannitol_e0
BIOMD0000001091,M_mnt_c,Manninotriose_c0
BIOMD0000001091,M_mql8_c,Menaquinol 8_c0
BIOMD0000001091,M_mqn7_c,Menaquinone 7_c0
BIOMD0000001091,M_mqn8_c,Menaquinone 8_c0
BIOMD0000001091,M_msa_c,3-Oxopropanoate_c0
BIOMD0000001091,M_mso3_c,methanesulfonate_c0
BIOMD0000001091,M_mso3_e,methanesulfonate_e0
BIOMD0000001091,M_mthgxl_c,2-Oxopropanal_c0
BIOMD0000001091,M_myrsACP_c,Myristoyl-ACP_c0
BIOMD0000001091,M_n2o_c,Nitrous oxide_c0
BIOMD0000001091,M_n6all26d_c,"N-acetyl-LL-2,6-diaminopimelate_c0"
BIOMD0000001091,M_na1_c,Na+_c0
BIOMD0000001091,M_na1_e,Na+_e0
BIOMD0000001091,M_nac_c,Niacin_c0
BIOMD0000001091,M_nad_c,NAD_c0
BIOMD0000001091,M_nadh_c,NADH_c0
BIOMD0000001091,M_nadp_c,NADP_c0
BIOMD0000001091,M_nadph_c,NADPH_c0
BIOMD0000001091,M_nal2a6o_c,L-2-Acetamido-6-oxopimelate_c0
BIOMD0000001091,M_ncam_c,Nicotinamide_c0
BIOMD0000001091,M_neoxan_c,Neoxanthin_c0
BIOMD0000001091,M_nh4_c,NH3_c0
BIOMD0000001091,M_nh4_e,NH3_e0
BIOMD0000001091,M_nicrns_c,Nicotinate D-ribonucleoside_c0
BIOMD0000001091,M_nicrnt_c,Nicotinate ribonucleotide_c0
BIOMD0000001091,M_nmn_c,Nicotinamide ribonucleotide_c0
BIOMD0000001091,M_no2_c,Nitrite_c0
BIOMD0000001091,M_no2_e,Nitrite_e0
BIOMD0000001091,M_no3_c,Nitrate_c0
BIOMD0000001091,M_no3_e,Nitrate_e0
BIOMD0000001091,M_no_c,NO_c0
BIOMD0000001091,M_nwharg_c,N-(omega)-Hydroxyarginine_c0
BIOMD0000001091,M_o2_c,O2_c0
BIOMD0000001091,M_o2_e,O2_e0
BIOMD0000001091,M_o2s_c,O2-_c0
BIOMD0000001091,M_oaa_c,Oxaloacetate_c0
BIOMD0000001091,M_oc2coa_c,(2E)-Octenoyl-CoA_c0
BIOMD0000001091,M_ocACP_c,Octanoyl-ACP_c0
BIOMD0000001091,M_occoa_c,Octanoyl-CoA_c0
BIOMD0000001091,M_ocdcaACP_c,Octadecanoyl-ACP_c0
BIOMD0000001091,M_ocdca_c,ocdca_c0
BIOMD0000001091,M_ocdcea_c,octadecenoate_c0
BIOMD0000001091,M_octdp_5_c,Farnesylfarnesylgeraniol_c0
BIOMD0000001091,M_octeACP_c,Octadecenoyl-ACP_c0
BIOMD0000001091,M_odecoa_c,Octadecenoyl-CoA_c0
BIOMD0000001091,M_ohpb_c,2-Oxo-3-hydroxy-4-phosphobutanoate_c0
BIOMD0000001091,M_op4en_c,Oxopent-4-enoate_c0
BIOMD0000001091,M_orn__L_c,Ornithine_c0
BIOMD0000001091,M_orn__L_e,Ornithine_e0
BIOMD0000001091,M_orot5p_c,Orotidylic acid_c0
BIOMD0000001091,M_orot_c,Orotate_c0
BIOMD0000001091,M_osuc_c,Oxalosuccinate_c0
BIOMD0000001091,M_oxa_c,Oxalate_c0
BIOMD0000001091,M_oxadpcoa_c,3-Oxoadipyl-CoA_c0
BIOMD0000001091,M_oxalc_c,4-Oxalocrotonate_c0
BIOMD0000001091,M_oxalcoa_c,Oxalyl-CoA_c0
BIOMD0000001091,M_oxglyc_c,Oxaloglycolate_c0
BIOMD0000001091,M_pa120_c,"1,2-didodecanoyl-sn-glycerol 3-phosphate_c0"
BIOMD0000001091,M_pa140_c,"1,2-ditetradecanoyl-sn-glycerol 3-phosphate_c0"
BIOMD0000001091,M_pa141_c,"1,2-ditetradec-7-enoyl-sn-glycerol 3-phosphate_c0"
BIOMD0000001091,M_pa160_c,"1,2-dihexadecanoyl-sn-glycerol 3-phosphate_c0"
BIOMD0000001091,M_pa161_c,"1,2-dihexadec-9-enoyl-sn-glycerol 3-phosphate_c0"
BIOMD0000001091,M_pa180_c,"1,2-dioctadecanoyl-sn-glycerol 3-phosphate_c0"
BIOMD0000001091,M_pa181_c,"1,2-dioctadec-11-enoyl-sn-glycerol 3-phosphate_c0"
BIOMD0000001091,M_pac_c,PACT_c0
BIOMD0000001091,M_pacald_c,alpha-Tolualdehyde_c0
BIOMD0000001091,M_pad_c,2-Phenylacetamide_c0
BIOMD0000001091,M_palmACP_c,hexadecanoyl-acp_c0
BIOMD0000001091,M_pan4p_c,Phosphopantetheine_c0
BIOMD0000001091,M_pant__R_c,Pantoate_c0
BIOMD0000001091,M_pap_c,Adenosine 3-5-bisphosphate_c0
BIOMD0000001091,M_paps_c,3-phosphoadenylylsulfate_c0
BIOMD0000001091,M_pc_SC_c,Lecithin_c0
BIOMD0000001091,M_pdx5p_c,Pyridoxine phosphate_c0
BIOMD0000001091,M_pe120_c,phosphatidylethanolamine didodecanoyl_c0
BIOMD0000001091,M_pe140_c,phosphatidylethanolamine ditetradecanoyl_c0
BIOMD0000001091,M_pe141_c,phosphatidylethanolamine ditetradec-7-enoyl_c0
BIOMD0000001091,M_pe160_c,phosphatidylethanolamine dihexadecanoyl_c0
BIOMD0000001091,M_pe161_c,phosphatidylethanolamine dihexadec-9enoyl_c0
BIOMD0000001091,M_pe180_c,phosphatidylethanolamine dioctadecanoyl_c0
BIOMD0000001091,M_pe181_c,phosphatidylethanolamine dioctadec-11-enoyl_c0
BIOMD0000001091,M_pencil_c,Penam_c0
BIOMD0000001091,M_pencilca_c,Penicilloic acid_c0
BIOMD0000001091,M_pendp_c,pendp_c0
BIOMD0000001091,M_peng_c,Penicillin G_c0
BIOMD0000001091,M_pep_c,Phosphoenolpyruvate_c0
BIOMD0000001091,M_pg140_c,Phosphatidylglycerol ditetradecanoyl_c0
BIOMD0000001091,M_pg160_c,Phosphatidylglycerol dihexadecanoyl_c0
BIOMD0000001091,M_pg180_c,Phosphatidylglycerol dioctadecanoyl_c0
BIOMD0000001091,M_pgp120_c,Phosphatidylglycerophosphate didodecanoyl_c0
BIOMD0000001091,M_pgp140_c,Phosphatidylglycerophosphate ditetradecanoyl_c0
BIOMD0000001091,M_pgp141_c,Phosphatidylglycerophosphate ditetradec-7-enoyl_c0
BIOMD0000001091,M_pgp160_c,Phosphatidylglycerophosphate dihexadecanoyl_c0
BIOMD0000001091,M_pgp161_c,Phosphatidylglycerophosphate dihexadec-9-enoyl_c0
BIOMD0000001091,M_pgp180_c,Phosphatidylglycerophosphate dioctadecanoyl_c0
BIOMD0000001091,M_pgp181_c,Phosphatidylglycerophosphate dioctadec-11-enoyl_c0
BIOMD0000001091,M_phdp_c,Phytyl diphosphate_c0
BIOMD0000001091,M_phe__L_c,L-Phenylalanine_c0
BIOMD0000001091,M_pheme_c,Heme_c0
BIOMD0000001091,M_phenol_c,Phenol_c0
BIOMD0000001091,M_phom_c,O-Phospho-L-homoserine_c0
BIOMD0000001091,M_phpyr_c,Phenylpyruvate_c0
BIOMD0000001091,M_phthr_c,4-(Phosphonooxy)-threonine_c0
BIOMD0000001091,M_pi_c,Phosphate_c0
BIOMD0000001091,M_pi_e,Phosphate_e0
BIOMD0000001091,M_pmcoa_c,Pimeloyl-CoA_c0
BIOMD0000001091,M_pmtcoa_c,Palmitoyl-CoA_c0
BIOMD0000001091,M_pnto__R_c,PAN_c0
BIOMD0000001091,M_pp2coa_c,Acrylyl-CoA_c0
BIOMD0000001091,M_ppa_c,Propionate_c0
BIOMD0000001091,M_ppap_c,Propionyl phosphate_c0
BIOMD0000001091,M_ppbng_c,Porphobilinogen_c0
BIOMD0000001091,M_ppcoa_c,Propionyl-CoA_c0
BIOMD0000001091,M_pphn_c,Prephenate_c0
BIOMD0000001091,M_ppi_c,PPi_c0
BIOMD0000001091,M_ppi_e,PPi_e0
BIOMD0000001091,M_ppp9_c,Protoporphyrin_c0
BIOMD0000001091,M_pppg9_c,ProtoporphyrinogenIX_c0
BIOMD0000001091,M_pppi_c,Triphosphate_c0
BIOMD0000001091,M_pppn_c,Phenylpropanoate_c0
BIOMD0000001091,M_pppn_e,Phenylpropanoate_e0
BIOMD0000001091,M_pram_c,5-Phosphoribosylamine_c0
BIOMD0000001091,M_pran_c,N-5-phosphoribosyl-anthranilate_c0
BIOMD0000001091,M_prbamp_c,Phosphoribosyl-AMP_c0
BIOMD0000001091,M_prbatp_c,Phosphoribosyl-ATP_c0
BIOMD0000001091,M_pre2_c,Precorrin 2_c0
BIOMD0000001091,M_pre3a_c,Precorrin 3A_c0
BIOMD0000001091,M_pre3b_c,Precorrin 3B_c0
BIOMD0000001091,M_pre4_c,Precorrin 4_c0
BIOMD0000001091,M_pre5_c,Precorrin 5_c0
BIOMD0000001091,M_pre8_c,Precorrin 8_c0
BIOMD0000001091,M_prenoN_acid_c,Prenol-45n teichoic acid_c0
BIOMD0000001091,M_prenoN_ated_c,Prenol-45n teichoic acid-glucose substituted_c0
BIOMD0000001091,M_prfp_c,phosphoribosylformiminoaicar-phosphate_c0
BIOMD0000001091,M_prlp_c,phosphoribulosylformimino-AICAR-phosphate_c0
BIOMD0000001091,M_pro__L_c,L-Proline_c0
BIOMD0000001091,M_pro__L_e,L-Proline_e0
BIOMD0000001091,M_prpp_c,PRPP_c0
BIOMD0000001091,M_ps120_c,phosphatidylserine didodecanoyl_c0
BIOMD0000001091,M_ps140_c,phosphatidylserine ditetradecanoyl_c0
BIOMD0000001091,M_ps141_c,phosphatidylserine ditetradec-7-enoyl_c0
BIOMD0000001091,M_ps160_c,phosphatidylserine dihexadecanoyl_c0
BIOMD0000001091,M_ps161_c,phosphatidylserine dihexadec-9-enoyl_c0
BIOMD0000001091,M_ps180_c,phosphatidylserine dioctadecanoyl_c0
BIOMD0000001091,M_ps181_c,phosphatidylserine dioctadec-11-enoyl_c0
BIOMD0000001091,M_psd5p_c,Pseudouridine 5'-phosphate_c0
BIOMD0000001091,M_pser__L_c,phosphoserine_c0
BIOMD0000001091,M_ptcys_c,N-Pantothenoylcysteine_c0
BIOMD0000001091,M_ptd145bp_SC_c,"Phosphatidylinositol-4,5-bisphosphate_c0"
BIOMD0000001091,M_ptrc_c,Putrescine_c0
BIOMD0000001091,M_ptrc_e,Putrescine_e0
BIOMD0000001091,M_ptth_c,Pantetheine_c0
BIOMD0000001091,M_pyam5p_c,Pyridoxamine phosphate_c0
BIOMD0000001091,M_pydam_c,PM_c0
BIOMD0000001091,M_pydx5p_c,Pyridoxal phosphate_c0
BIOMD0000001091,M_pydx_c,Pyridoxal_c0
BIOMD0000001091,M_pydxn_c,Pyridoxol_c0
BIOMD0000001091,M_pyr_c,Pyruvate_c0
BIOMD0000001091,M_q8_c,Ubiquinone-8_c0
BIOMD0000001091,M_q8h2_c,Ubiquinol-8_c0
BIOMD0000001091,M_q_c,Q_c0
BIOMD0000001091,M_qh2_c,QH2_c0
BIOMD0000001091,M_quln_c,Quinolinate_c0
BIOMD0000001091,M_r15bp_c,"Ribose 1,5-bisphosphate_c0"
BIOMD0000001091,M_r1p_c,Ribose 1-phosphate_c0
BIOMD0000001091,M_r3mmal_c,D-erythro-3-Methylmalate_c0
BIOMD0000001091,M_r5p_c,ribose-5-phosphate_c0
BIOMD0000001091,M_raffin_c,Melitose_c0
BIOMD0000001091,M_rbflvrd_c,Reduced riboflavin_c0
BIOMD0000001091,M_rbl__D_c,D-Ribulose_c0
BIOMD0000001091,M_rbl__L_c,L-Ribulose_c0
BIOMD0000001091,M_rdmbzi_c,alpha-Ribazole_c0
BIOMD0000001091,M_retinal_c,Retinal_c0
BIOMD0000001091,M_retinal_cis_9_c,9-cis-Retinal_c0
BIOMD0000001091,M_retinol_c,Retinol_c0
BIOMD0000001091,M_retinol_cis_11_c,11-cis-Retinol_c0
BIOMD0000001091,M_retn_c,Tretin M_c0
BIOMD0000001091,M_retpalm_11_cis_c,11-cis-Retinyl palmitate_c0
BIOMD0000001091,M_rhcys_c,S-Ribosylhomocysteine_c0
BIOMD0000001091,M_rib__D_c,D-Ribose_c0
BIOMD0000001091,M_rib__D_e,D-Ribose_e0
BIOMD0000001091,M_ribflv_c,Riboflavin_c0
BIOMD0000001091,M_ribflv_e,Riboflavin_e0
BIOMD0000001091,M_rnam_c,N-Ribosylnicotinamide_c0
BIOMD0000001091,M_ru5p__D_c,D-Ribulose5-phosphate_c0
BIOMD0000001091,M_ru5p__L_c,L-Ribulose 5-phosphate
BIOMD0000001091,M_s17bp_c,"Sedoheptulose 1,7-bisphosphate_c0"
BIOMD0000001091,M_s7p_c,Sedoheptulose7-phosphate_c0
BIOMD0000001091,M_s_c,S_c0
BIOMD0000001091,M_saccrp__L_c,Saccharopine_c0
BIOMD0000001091,M_salc6p_c,Salicin-6P_c0
BIOMD0000001091,M_salc_c,SALC_c0
BIOMD0000001091,M_salcn_e,Salicin_e0
BIOMD0000001091,M_sarcs_c,Sarcosine_c0
BIOMD0000001091,M_sbt6p_c,Sorbitol 6-phosphate_c0
BIOMD0000001091,M_sbt__D_e,Sorbitol_e0
BIOMD0000001091,M_sbzcoa_c,Succinylbenzoyl-CoA_c0
BIOMD0000001091,M_scl_c,Sirohydrochlorin_c0
BIOMD0000001091,M_sdhlam_c,S-Succinyldihydrolipoamide_c0
BIOMD0000001091,M_seahcys_c,Se-Adenosylselenohomocysteine_c0
BIOMD0000001091,M_sectrna_c,L-Selenocysteinyl-tRNA(Sec)_c0
BIOMD0000001091,M_selcyst_c,Selenocystathionine_c0
BIOMD0000001091,M_selhcys_c,Selenohomocysteine_c0
BIOMD0000001091,M_selnp_c,Selenophosphate_c0
BIOMD0000001091,M_ser__D_c,D-Serine_c0
BIOMD0000001091,M_ser__L_c,L-Serine_c0
BIOMD0000001091,M_sertrna_sec_c,L-Seryl-tRNA(Sec)_c0
BIOMD0000001091,M_sheme_c,Siroheme_c0
BIOMD0000001091,M_skm5p_c,3-phosphoshikimate_c0
BIOMD0000001091,M_skm_c,Shikimate_c0
BIOMD0000001091,M_so3_c,Sulfite_c0
BIOMD0000001091,M_so4_c,Sulfate_c0
BIOMD0000001091,M_so4_e,Sulfate_e0
BIOMD0000001091,M_spmd_c,Spermidine_c0
BIOMD0000001091,M_spmd_e,Spermidine_e0
BIOMD0000001091,M_sql_c,Supraene_c0
BIOMD0000001091,M_stcoa_c,strcoa_c0
BIOMD0000001091,M_stys_c,Stachyose_c0
BIOMD0000001091,M_suc6p_c,6-Phosphosucrose_c0
BIOMD0000001091,M_sucbz_c,Succinylbenzoate_c0
BIOMD0000001091,M_succ_c,Succinate_c0
BIOMD0000001091,M_succ_e,Succinate_e0
BIOMD0000001091,M_succoa_c,Succinyl-CoA_c0
BIOMD0000001091,M_suchms_c,O-Succinyl-L-homoserine_c0
BIOMD0000001091,M_sucr_c,Sucrose_c0
BIOMD0000001091,M_sucr_e,Sucrose_e0
BIOMD0000001091,M_sucsal_c,4-Oxobutanoate_c0
BIOMD0000001091,M_sulfac_c,Sulfoacetate_c0
BIOMD0000001091,M_sulfac_e,Sulfoacetate_e0
BIOMD0000001091,M_tag6p__D_c,D-Tagatose 6-phosphate_c0
BIOMD0000001091,M_tagdp__D_c,"D-Tagatose 1,6-biphosphate_c0"
BIOMD0000001091,M_tagur_c,D-Tagaturonate_c0
BIOMD0000001091,M_tartr__L_c,Tartrate_c0
BIOMD0000001091,M_tartr__M_c,meso-Tartrate_c0
BIOMD0000001091,M_taur_c,Taurine_c0
BIOMD0000001091,M_taur_e,Taurine_e0
BIOMD0000001091,M_tcam_c,tcam_c0
BIOMD0000001091,M_tchola_c,Taurocholate_c0
BIOMD0000001091,M_tcynt_c,Thiocyanate_c0
BIOMD0000001091,M_td2coa_c,(2E)-Tetradecenoyl-CoA_c0
BIOMD0000001091,M_tdchola_c,Taurochenodeoxycholate_c0
BIOMD0000001091,M_tdcoa_c,Myristoyl-CoA_c0
BIOMD0000001091,M_tddec2eACP_c,(2E)-Dodecenoyl-[acp]_c0
BIOMD0000001091,M_tdeACP_c,Tetradecenoyl-ACP_c0
BIOMD0000001091,M_tdec2eACP_c,(2E)-Decenoyl-[acp]_c0
BIOMD0000001091,M_thbpt_c,Tetrahydrobiopterin_c0
BIOMD0000001091,M_thcholoylcoa_c,"3alpha,7alpha,24-Trihydroxy-5beta-cholestanoyl-CoA_c0"
BIOMD0000001091,M_thdp_c,tetrahydrodipicolinate_c0
BIOMD0000001091,M_thex2eACP_c,(2E)-Hexenoyl-[acp]_c0
BIOMD0000001091,M_thf_c,Tetrahydrofolate_c0
BIOMD0000001091,M_thfglu_c,THF-L-glutamate_c0
BIOMD0000001091,M_thglu_c,Tetrahydropteroyltri-L-glutamate_c0
BIOMD0000001091,M_thm_c,Thiamin_c0
BIOMD0000001091,M_thm_e,Thiamin_e0
BIOMD0000001091,M_thmmp_c,Thiamine phosphate_c0
BIOMD0000001091,M_thmpp_c,TPP_c0
BIOMD0000001091,M_thr__L_c,L-Threonine_c0
BIOMD0000001091,M_thrp_c,L-Threonine phosphate_c0
BIOMD0000001091,M_thym_c,Thymine_c0
BIOMD0000001091,M_thymd_c,Thymidine_c0
BIOMD0000001091,M_tmrs2eACP_c,(2E)-Tetradecenoyl-[acp]_c0
BIOMD0000001091,M_toct2eACP_c,(2E)-Octenoyl-[acp]_c0
BIOMD0000001091,M_toctd2eACP_c,(2E)-Octadecenoyl-[acp]_c0
BIOMD0000001091,M_tpalm2eACP_c,(2E)-Hexadecenoyl-[acp]_c0
BIOMD0000001091,M_trdox_c,trdox_c0
BIOMD0000001091,M_trdrd_c,trdrd_c0
BIOMD0000001091,M_tre6p_c,Trehalose 6-phosphate_c0
BIOMD0000001091,M_tre_c,TRHL_c0
BIOMD0000001091,M_tre_e,TRHL_e0
BIOMD0000001091,M_trnagln_c,Alcohol_c0
BIOMD0000001091,M_trnaglu_c,tRNA-Glu_c0
BIOMD0000001091,M_trp__L_c,L-Tryptophan_c0
BIOMD0000001091,M_trp__L_e,L-Tryptophan_e0
BIOMD0000001091,M_tsul_c,H2S2O3_c0
BIOMD0000001091,M_ttc_ggdp_c,"trans,trans,cis-Geranylgeranyl diphosphate_c0"
BIOMD0000001091,M_ttdca_c,Myristic acid_c0
BIOMD0000001091,M_tym_c,Tyramine_c0
BIOMD0000001091,M_tyr__L_c,L-Tyrosine_c0
BIOMD0000001091,M_uAgl_c,UDP-N-acetylmuramoyl-L-alanyl-D-glutamyl-L-lysine_c0
BIOMD0000001091,M_uAgla_c,UDPMurAc(oyl-L-Ala-D-gamma-Glu-L-Lys-D-Ala-D-Ala)_c0
BIOMD0000001091,M_uaGgla_c,MurAc(oyl-L-Ala-D-gamma-Glu-L-Lys-D-Ala-D-Ala)-diphospho- undecaprenol_c0
BIOMD0000001091,M_uaaAgla_c,Undecaprenyl-diphospho-N-acetylmuramoyl-(N-acetylglucosamine)-L-alanyl-D-glutamyl-L-lysyl-D-alanyl-D-alanine_c0
BIOMD0000001091,M_uaaAgtla_c,Undecaprenyl-diphospho-N-acetylmuramoyl-(N-acetylglucosamine)-L-alanyl-D-glutaminyl-L-lysyl-D-alanyl-D-alanine_c0
BIOMD0000001091,M_uaaGgla_c,Undecaprenyl-diphospho-N-acetylmuramoyl-(N-acetylglucosamine)-L-alanyl-gamma-D-glutamyl-L-lysyl-D-alanyl-D-alanine_c0
BIOMD0000001091,M_uaaGgtla_c,Undecaprenyl-diphospho-N-acetylmuramoyl-(N-acetylglucosamine)-L-alanyl-D-isoglutaminyl-L-lysyl-D-alanyl-D-alanine_c0
BIOMD0000001091,M_uaagmda_c,Undecaprenyl-diphospho-N-acetylmuramoyl--N-acetylglucosamine-L-ala-D-glu-meso-2-6-diaminopimeloyl-D-ala-D-ala_c0
BIOMD0000001091,M_uaagtmda_c,"Undecaprenyl-diphospho-N-acetylmuramoyl-(N-acetylglucosamine)-L-alanyl-D-glutaminyl-meso-2,6-diaminopimeloyl-D-alanyl-D-alanine_c0"
BIOMD0000001091,M_uaccg_c,UDP-N-acetylglucosamine enolpyruvate_c0
BIOMD0000001091,M_uacgam_c,UDP-N-acetylglucosamine_c0
BIOMD0000001091,M_uacmam_c,UDP-N-acetyl-D-mannosamine_c0
BIOMD0000001091,M_uagmda_c,Undecaprenyl-diphospho-N-acetylmuramoyl-L-alanyl-D-glutamyl-meso-2-6-diaminopimeloyl-D-alanyl-D-alanine_c0
BIOMD0000001091,M_uama_c,UDP-N-acetylmuramoyl-L-alanine_c0
BIOMD0000001091,M_uamag_c,UDP-N-acetylmuramoyl-L-alanyl-D-glutamate_c0
BIOMD0000001091,M_uamr_c,UDP-MurNAc_c0
BIOMD0000001091,M_udcpdp_c,Bactoprenyl diphosphate_c0
BIOMD0000001091,M_udcpp_c,Undecaprenylphosphate_c0
BIOMD0000001091,M_udg_c,Ureidoglycine_c0
BIOMD0000001091,M_udp_c,UDP_c0
BIOMD0000001091,M_udpacgal_c,UDP-N-acetyl-D-galactosamine_c0
BIOMD0000001091,M_udpg_c,UDP-glucose_c0
BIOMD0000001091,M_udpgal_c,UDP-galactose_c0
BIOMD0000001091,M_udpgalfur_c,"UDP-D-galacto-1,4-furanose_c0"
BIOMD0000001091,M_udpgalur_c,UDPgalacturonate_c0
BIOMD0000001091,M_udpglcur_c,UDPglucuronate_c0
BIOMD0000001091,M_ugam_c,UDP-glucosamine_c0
BIOMD0000001091,M_uggmd_c,UDP-N-acetylmuramoyl-L-alanyl-D-gamma-glutamyl-meso-2-6-diaminopimelate_c0
BIOMD0000001091,M_uggmda_c,UDP-N-acetylmuramoyl-L-alanyl-D-glutamyl-6-carboxy-L-lysyl-D-alanyl- D-alanine_c0
BIOMD0000001091,M_ump_c,UMP_c0
BIOMD0000001091,M_unaga_c,Undecaprenyl diphospho N-acetyl-glucosamine_c0
BIOMD0000001091,M_uppg1_c,UroporphyrinogenI_c0
BIOMD0000001091,M_uppg3_c,UroporphyrinogenIII_c0
BIOMD0000001091,M_ura_c,Uracil_c0
BIOMD0000001091,M_ura_e,Uracil_e0
BIOMD0000001091,M_urate_c,Urate_c0
BIOMD0000001091,M_urcan_c,Urocanate_c0
BIOMD0000001091,M_urdglyc_c,Ureidoglycolate_c0
BIOMD0000001091,M_urea_c,Urea_c0
BIOMD0000001091,M_uri_c,Uridine_c0
BIOMD0000001091,M_utp_c,UTP_c0
BIOMD0000001091,M_val__L_c,L-Valine_c0
BIOMD0000001091,M_val__L_e,L-Valine_e0
BIOMD0000001091,M_vioxan_c,Violaxanthin_c0
BIOMD0000001091,M_xan_c,XAN_c0
BIOMD0000001091,M_xan_e,XAN_e0
BIOMD0000001091,M_xmp_c,XMP_c0
BIOMD0000001091,M_xol24oh_c,Cerebrosterol_c0
BIOMD0000001091,M_xol7ah2al_c,"3alpha,7alpha-Dihydroxy-5beta-cholestan-26-al_c0"
BIOMD0000001091,M_xol7ah3_c,"5beta-Cholestane-3alpha,7alpha,26-triol_c0"
BIOMD0000001091,M_xoltri24_c,"(24S)-Cholest-5-ene-3beta,7alpha,24-triol_c0"
BIOMD0000001091,M_xtsn_c,Xanthosine_c0
BIOMD0000001091,M_xu5p__D_c,D-Xylulose5-phosphate_c0
BIOMD0000001091,M_xyl__D_c,Xylose_c0
BIOMD0000001091,M_xyl__D_e,D-Xylose
BIOMD0000001091,M_xylu__D_c,D-Lyxulose_c0
BIOMD0000001091,M_zn2_c,Zn2+_c0
BIOMD0000001091,M_zn2_e,Zn2+_e0
BIOMD0000001091,M_zymst_c,Zymosterol_c0
BIOMD0000001092,M_10fthf_c,10-Formyltetrahydrofolate
BIOMD0000001092,M_13dampp_c,"1, 3-Diaminopropane"
BIOMD0000001092,M_13dpg_c,1_3_Bisphospho_D_glycerate
BIOMD0000001092,M_15dap_c,"1,5-Diaminopentane"
BIOMD0000001092,M_1hdecg3p_c,1-hexadecanoyl-sn-glycerol 3-phosphate
BIOMD0000001092,M_1pyr5c_c,1-Pyrroline-5-carboxylate
BIOMD0000001092,M_1tdecg3p_c,1-tetradecanoyl-sn-glycerol 3-phosphate
BIOMD0000001092,M_23dhdp_c,"2,3-Dihydrodipicolinate"
BIOMD0000001092,M_23dhmb_c,"(R)-2,3-Dihydroxy-3-methylbutanoate"
BIOMD0000001092,M_23dhmp_c,"(R)-2,3-Dihydroxy-3-methylpentanoate"
BIOMD0000001092,M_24dab_c,"L-2,4-Diaminobutanoate"
BIOMD0000001092,M_25aics_c,(S)-2-[5-Amino-1-(5-phospho-D-ribosyl)imidazole-4-carboxamido]succinate
BIOMD0000001092,M_25dhpp_c,"2,5-Diamino-6-hydroxy-4-(5'-phosphoribosylamino)-pyrimidine"
BIOMD0000001092,M_26dap_LL_c,"LL-2,6-Diaminoheptanedioate"
BIOMD0000001092,M_26dap__M_c,"Meso-2,6-Diaminoheptanedioate"
BIOMD0000001092,M_2ahbut_c,(S)-2-Aceto-2-hydroxybutanoate
BIOMD0000001092,M_2ahhmd_c,2 Amino 4 hydroxy 6 hydroxymethyl 7 8 dihydropteridine diphosphate
BIOMD0000001092,M_2ahhmp_c,"2-Amino-4-hydroxy-6-hydroxymethyl-7,8-dihydropteridine"
BIOMD0000001092,M_2cpr5p_c,1-(2-Carboxyphenylamino)-1-deoxy-D-ribulose 5-phosphate
BIOMD0000001092,M_2dda7p_c,2-Dehydro-3-deoxy-D-arabino-heptonate 7-phosphate
BIOMD0000001092,M_2ddg6p_c,2-Dehydro-3-deoxy-D-gluconate 6-phosphate
BIOMD0000001092,M_2ddglcn_c,2-Dehydro-3-deoxy-D-gluconate
BIOMD0000001092,M_2dhp_c,2-Dehydropantoate
BIOMD0000001092,M_2dr1p_c,2-Deoxy-D-ribose 1-phosphate
BIOMD0000001092,M_2dr5p_c,2-Deoxy-D-ribose 5-phosphate
BIOMD0000001092,M_2ippm_c,2-Isopropylmaleate
BIOMD0000001092,M_2mahmp_c,2-Methyl-4-amino-5-hydroxymethylpyrimidine diphosphate
BIOMD0000001092,M_2me4p_c,2-C-methyl-D-erythritol 4-phosphate
BIOMD0000001092,M_2mecdp_c,"2-C-methyl-D-erythritol 2,4-cyclodiphosphate"
BIOMD0000001092,M_2obut_c,2-Oxobutanoate
BIOMD0000001092,M_2p4c2me_c,2-phospho-4-(cytidine 5'-diphospho)-2-C-methyl-D-erythritol
BIOMD0000001092,M_2pg_c,2_Phospho_D_glycerate
BIOMD0000001092,M_34hpp_c,3-(4-Hydroxyphenyl)pyruvate
BIOMD0000001092,M_3c2hmp_c,3-Carboxy-2-hydroxy-4-methylpentanoate
BIOMD0000001092,M_3c3hmp_c,3-Carboxy-3-hydroxy-4-methylpentanoate
BIOMD0000001092,M_3c4mop_c,3-Carboxy-4-methyl-2-oxopentanoate
BIOMD0000001092,M_3dhq_c,3-Dehydroquinate
BIOMD0000001092,M_3dhsk_c,3-Dehydroshikimate
BIOMD0000001092,M_3ig3p_c,C'-(3-Indolyl)-glycerol 3-phosphate
BIOMD0000001092,M_3mob_c,3-Methyl-2-oxobutanoate
BIOMD0000001092,M_3mop_c,(S)-3-Methyl-2-oxopentanoate
BIOMD0000001092,M_3pg_c,3_Phosphoglycerate
BIOMD0000001092,M_3psme_c,5-O-(1-Carboxyvinyl)-3-phosphoshikimate
BIOMD0000001092,M_4abz_c,4-Aminobenzoate
BIOMD0000001092,M_4adcho_c,4-amino-4-deoxychorismate
BIOMD0000001092,M_4ahmmp_c,4-Amino-5-hydroxymethyl-2-methylpyrimidine
BIOMD0000001092,M_4ampm_c,4-Amino-2-methyl-5-phosphomethylpyrimidine
BIOMD0000001092,M_4c2me_c,4-(cytidine 5'-diphospho)-2-C-methyl-D-erythritol
BIOMD0000001092,M_4hba_c,4-Hydroxy-benzyl alcohol
BIOMD0000001092,M_4mop_c,4-Methyl-2-oxopentanoate
BIOMD0000001092,M_4mpetz_c,4-Methyl-5-(2-phosphoethyl)-thiazole
BIOMD0000001092,M_4pasp_c,4-Phospho-L-aspartate
BIOMD0000001092,M_4ppan_c,D-4'-Phosphopantothenate
BIOMD0000001092,M_4ppcys_c,N-((R)-4-Phosphopantothenoyl)-L-cysteine
BIOMD0000001092,M_4r5au_c,4-(1-D-Ribitylamino)-5-aminouracil
BIOMD0000001092,M_5aizc_c,5-amino-1-(5-phospho-D-ribosyl)imidazole-4-carboxylate
BIOMD0000001092,M_5aprbu_c,5-Amino-6-(5'-phosphoribitylamino)uracil
BIOMD0000001092,M_5apru_c,5-Amino-6-(5'-phosphoribosylamino)uracil
BIOMD0000001092,M_5mta_c,5-Methylthioadenosine
BIOMD0000001092,M_5mthf_c,5-Methyltetrahydrofolate
BIOMD0000001092,M_6pgc_c,6_Phospho_D_gluconate
BIOMD0000001092,M_6pgl_c,6_phospho_D_glucono_1_5_lactone
BIOMD0000001092,M_8aonn_c,8-Amino-7-oxononanoate
BIOMD0000001092,M_ac_c,Acetate
BIOMD0000001092,M_ac_e,Acetate
BIOMD0000001092,M_acald_c,Acetaldehyde
BIOMD0000001092,M_accoa_c,Acetyl_CoA
BIOMD0000001092,M_acetyl_c,N-Acetyl-L-glutamate
BIOMD0000001092,M_acg5p_c,N-Acetyl-L-glutamyl 5-phosphate
BIOMD0000001092,M_acg5sa_c,N-Acetyl-L-glutamate 5-semialdehyde
BIOMD0000001092,M_acgam1p_c,N-Acetyl-D-glucosamine 1-phosphate
BIOMD0000001092,M_acglu_c,N-Acetyl-L-glutamate
BIOMD0000001092,M_achms_c,O-Acetyl-L-homoserine
BIOMD0000001092,M_acorn_c,N2-Acetyl-L-ornithine
BIOMD0000001092,M_acser_c,O-Acetyl-L-serine
BIOMD0000001092,M_act_c,Acetoacetyl
BIOMD0000001092,M_actp_c,Acetylphosphate
BIOMD0000001092,M_ade_c,Adenine
BIOMD0000001092,M_adn_c,Adenosine
BIOMD0000001092,M_adp_c,ADP
BIOMD0000001092,M_adpglc_c,ADPglucose
BIOMD0000001092,M_ahcys_c,S-Adenosyl-L-homocysteine
BIOMD0000001092,M_ahdt_c,"2-Amino-4-hydroxy-6-(erythro-1,2,3-trihydroxypropyl)dihydropteridine triphosphate"
BIOMD0000001092,M_aicar_c,5-Amino-1-(5-Phospho-D-ribosyl)imidazole-4-carboxamide
BIOMD0000001092,M_air_c,5-amino-1-(5-phospho-D-ribosyl)imidazole
BIOMD0000001092,M_akg_c,2_Oxoglutarate
BIOMD0000001092,M_ala_B_c,Beta-Alanine
BIOMD0000001092,M_ala__D_c,D-Alanine
BIOMD0000001092,M_ala__L_c,L-Alanine
BIOMD0000001092,M_ala__L_e,L-Alanine
BIOMD0000001092,M_alaala_c,D-Alanyl-D-alanine
BIOMD0000001092,M_alac__S_c,(S)-2-Acetolactate
BIOMD0000001092,M_amet_c,S-Adenosyl-L-methionine
BIOMD0000001092,M_ametam_c,S-Adenosylmethioninamine
BIOMD0000001092,M_amob_c,S-Adenosyl-4-methylthio-2-oxobutanoate
BIOMD0000001092,M_amp_c,AMP
BIOMD0000001092,M_amylose300_e,"Amylose (n=300 repeat units, alpha-1,4-glc)"
BIOMD0000001092,M_anth_c,Anthranilate
BIOMD0000001092,M_aps_c,Adenosine 5'-phosphosulfate
BIOMD0000001092,M_arab__L_c,L-Arabinose
BIOMD0000001092,M_arab__L_e,L-Arabinose
BIOMD0000001092,M_arg__L_c,L-Arginine
BIOMD0000001092,M_arg__L_e,L-Arginine
BIOMD0000001092,M_argsuc_c,N(omega)-(L-Arginino)succinate
BIOMD0000001092,M_asn__L_c,L-Asparagine
BIOMD0000001092,M_asn__L_e,L-Asparagine
BIOMD0000001092,M_asp__L_c,L-Aspartate
BIOMD0000001092,M_asp__L_e,L-Aspartate
BIOMD0000001092,M_aspsa_c,L-Aspartate 4-semialdehyde
BIOMD0000001092,M_atp_c,ATP
BIOMD0000001092,M_biomass_RQ7_c,Biomass
BIOMD0000001092,M_btamp_c,Biotinyl 5 AMP
BIOMD0000001092,M_btn_c,Biotin
BIOMD0000001092,M_ca2_c,Calcium
BIOMD0000001092,M_ca2_e,Calcium
BIOMD0000001092,M_cbasp_c,N-Carbamoyl-L-aspartate
BIOMD0000001092,M_cbp_c,Carbamoyl phosphate
BIOMD0000001092,M_cdp_c,CDP
BIOMD0000001092,M_cdp_inost_c,CDP-Inositol
BIOMD0000001092,M_cdpdhdecg_c,"CDP-1,2-dihexadecanoylglycerol"
BIOMD0000001092,M_cdpdtdecg_c,"CDP-1,2-ditetradecanoylglycerol"
BIOMD0000001092,M_cell4_c,Cellulose (n=4 repeating units)
BIOMD0000001092,M_cell4_e,Cellulose (n=4 repeating units)
BIOMD0000001092,M_cell500_e,"celluose (n=500 repeating units, beta-1,4 glc)"
BIOMD0000001092,M_cell6_c,Cellulose (n=6 repeating units)
BIOMD0000001092,M_cell6_e,Cellulose (n=6 repeating units)
BIOMD0000001092,M_cellb_c,Cellobiose
BIOMD0000001092,M_cellb_e,Cellobiose
BIOMD0000001092,M_cham_c,Caldohexamine
BIOMD0000001092,M_chor_c,Chorismate
BIOMD0000001092,M_cit_c,Citrate
BIOMD0000001092,M_citr__L_c,L-Citrulline
BIOMD0000001092,M_cl_c,Chloride
BIOMD0000001092,M_cl_e,Chloride
BIOMD0000001092,M_cmp_c,CMP
BIOMD0000001092,M_co2_c,CO2
BIOMD0000001092,M_co2_e,CO2
BIOMD0000001092,M_coa_c,CoA
BIOMD0000001092,M_cobalt2_c,Cobalt
BIOMD0000001092,M_cobalt2_e,Cobalt
BIOMD0000001092,M_cpam_c,Caldopentamine
BIOMD0000001092,M_csn_c,Cytosine
BIOMD0000001092,M_csn_e,Cytosine
BIOMD0000001092,M_ctp_c,CTP
BIOMD0000001092,M_cu2_c,Copper
BIOMD0000001092,M_cu2_e,Copper
BIOMD0000001092,M_cys__L_c,L-Cysteine
BIOMD0000001092,M_cys__L_e,L-Cysteine
BIOMD0000001092,M_cyst__L_c,L-Cystathionine
BIOMD0000001092,M_cytd_c,Cytidine
BIOMD0000001092,M_dad_2_c,Deoxyadenosine
BIOMD0000001092,M_dadp_c,dADP
BIOMD0000001092,M_damp_c,dAMP
BIOMD0000001092,M_dann_c,"7,8-Diaminononanoate"
BIOMD0000001092,M_datp_c,dATP
BIOMD0000001092,M_db4p_c,"3,4-dihydroxy-2-butanone 4-phosphate"
BIOMD0000001092,M_dca_c,Decanoyl (n-C10:0)
BIOMD0000001092,M_dcamp_c,"N6-(1,2-Dicarboxyethyl)-AMP"
BIOMD0000001092,M_dcdp_c,dCDP
BIOMD0000001092,M_dcmp_c,dCMP
BIOMD0000001092,M_dctp_c,dCTP
BIOMD0000001092,M_dcyt_c,Deoxycytidine
BIOMD0000001092,M_ddca_c,Dodecanoate (n-C12:0)
BIOMD0000001092,M_dgdp_c,dGDP
BIOMD0000001092,M_dgmp_c,dGMP
BIOMD0000001092,M_dgsn_c,Deoxyguanosine
BIOMD0000001092,M_dgtp_c,dGTP
BIOMD0000001092,M_dha_c,Dihydroxyacetone
BIOMD0000001092,M_dhap_c,Glycerone_phosphate
BIOMD0000001092,M_dhf_c,"7,8-Dihydrofolate"
BIOMD0000001092,M_dhnpt_c,Dihydroneopterin
BIOMD0000001092,M_dhor__S_c,(S)-Dihydroorotate
BIOMD0000001092,M_dhpmp_c,Dihydroneopterin monophosphate
BIOMD0000001092,M_dhpt_c,Dihydropteroate
BIOMD0000001092,M_dip_d_d_c,"Di-myo-inositol 1,1' phosphate"
BIOMD0000001092,M_dmlz_c,"6,7-Dimethyl-8-(1-D-ribityl)lumazine"
BIOMD0000001092,M_dmos_c,"13,14-Dimethyloctacosanedioic acid"
BIOMD0000001092,M_dmpp_c,Dimethylallyl diphosphate
BIOMD0000001092,M_dmta_c,"15,16-Dimethyltriacontanedioic acid"
BIOMD0000001092,M_dna_RQ7_c,DNA
BIOMD0000001092,M_dnad_c,Deamino-NAD+
BIOMD0000001092,M_dpcoa_c,Dephospho-CoA
BIOMD0000001092,M_dtbt_c,Dethiobiotin
BIOMD0000001092,M_dtdp_c,dTDP
BIOMD0000001092,M_dtmp_c,dTMP
BIOMD0000001092,M_dttp_c,dTTP
BIOMD0000001092,M_dudp_c,2'-Deoxyuridine 5'-diphosphate
BIOMD0000001092,M_dump_c,dUMP
BIOMD0000001092,M_duri_c,Deoxyuridine
BIOMD0000001092,M_dutp_c,dUTP
BIOMD0000001092,M_dxyl5p_c,1-deoxy-D-xylulose 5-phosphate
BIOMD0000001092,M_e4p_c,D_Erythrose4_phosphate
BIOMD0000001092,M_egme_c,Enoylglutaryl- methyl ester
BIOMD0000001092,M_eig3p_c,D-erythro-1-(Imidazol-4-yl)glycerol 3-phosphate
BIOMD0000001092,M_epme_c,Enoylpimeloyl- methyl ester
BIOMD0000001092,M_etoh_c,Ethanol
BIOMD0000001092,M_etoh_e,Ethanol
BIOMD0000001092,M_f1p_c,D-Fructose 1-phosphate
BIOMD0000001092,M_f6p_c,D_fructose_6_phosphate
BIOMD0000001092,M_fad_c,Flavin adenine dinucleotide oxidized
BIOMD0000001092,M_fdp_c,D_fructose_1_6_bisphosphate
BIOMD0000001092,M_fdxo_4_4_c,Oxidizedferredoxin
BIOMD0000001092,M_fdxr_4_4_c,Reducedferredoxin
BIOMD0000001092,M_fe2_c,Fe2+
BIOMD0000001092,M_fe2_e,Fe2+
BIOMD0000001092,M_fe3_c,Iron (Fe3+)
BIOMD0000001092,M_fe3_e,Iron (Fe3+)
BIOMD0000001092,M_fgam_c,N2-Formyl-N1-(5-phospho-D-ribosyl)glycinamide
BIOMD0000001092,M_fmn_c,Flavin mononucleotide
BIOMD0000001092,M_for_c,Formate
BIOMD0000001092,M_for_e,Formate
BIOMD0000001092,M_fpram_c,2-(Formamido)-N1-(5-phospho-D-ribosyl)acetamidine
BIOMD0000001092,M_fprica_c,5-Formamido-1-(5-phospho-D-ribosyl)imidazole-4-carboxamide
BIOMD0000001092,M_frdp_c,Farnesyl diphosphate
BIOMD0000001092,M_fru_c,D-Fructose
BIOMD0000001092,M_fru_e,D-Fructose
BIOMD0000001092,M_fruur_c,D-Fructuronate
BIOMD0000001092,M_fum_c,Fumarate
BIOMD0000001092,M_g1p_c,D-Glucose 1-phosphate
BIOMD0000001092,M_g3p_c,Glyceraldehyde3_phosphate
BIOMD0000001092,M_g6p_c,D_glucose_6_phosphate
BIOMD0000001092,M_gal1p_c,Alpha-D-Galactose 1-phosphate
BIOMD0000001092,M_gal_c,D-Galactose
BIOMD0000001092,M_gal_e,D-Galactose
BIOMD0000001092,M_galman4_c,"galactomannan(n=4 repeat units mannose, alpha-1,4 man)"
BIOMD0000001092,M_galman4_e,"galactomannan(n=4 repeat units mannose, alpha-1,4 man)"
BIOMD0000001092,M_galman600_e,"galactomannan (n=600 repeat units mannose, alpha-1,4 man)"
BIOMD0000001092,M_galman6_c,"galactomannan(n=6 repeat units mannose, alpha-1,4 man)"
BIOMD0000001092,M_galman6_e,"galactomannan(n=6 repeat units mannose, alpha-1,4 man)"
BIOMD0000001092,M_gam1p_c,D-Glucosamine 1-phosphate
BIOMD0000001092,M_gam6p_c,D-Glucosamine 6-phosphate
BIOMD0000001092,M_gar_c,N1-(5-Phospho-D-ribosyl)glycinamide
BIOMD0000001092,M_gcald_c,Glycolaldehyde
BIOMD0000001092,M_gdp_c,GDP
BIOMD0000001092,M_gl1_c,"1(3),2-dipalmitoyl-3(1)-[glucopyranosyl-(6-decanoyl)-alpha-D-(1-->4)- glucopyranosyl-alpha-D]-glycerol"
BIOMD0000001092,M_gl2_c,"1(3),2-dipalmitoyl-3(1)-[glucopyranosyl-alpha-D-(1-->4)-glucopyranosyl- alpha-D]-glycerol"
BIOMD0000001092,M_glc__D_c,D_Glucose
BIOMD0000001092,M_glc__D_e,D_Glucose
BIOMD0000001092,M_glcman4_c,"glucomannan (n=4 repeat units, glc beta-1,4 man)"
BIOMD0000001092,M_glcman4_e,"glucomannan (n=4 repeat units, glc beta-1,4 man)"
BIOMD0000001092,M_glcman600_e,"glucomannan (n=600 repeat units, glc beta-1,4 man)"
BIOMD0000001092,M_glcman6_c,"glucomannan (n=6 repeat units, glc beta-1,4 man)"
BIOMD0000001092,M_glcman6_e,"glucomannan (n=6 repeat units, glc beta-1,4 man)"
BIOMD0000001092,M_glcur_c,D-Glucuronate
BIOMD0000001092,M_gln__L_c,L-Glutamine
BIOMD0000001092,M_gln__L_e,L-Glutamine
BIOMD0000001092,M_glu5p_c,L-Glutamate 5-phosphate
BIOMD0000001092,M_glu5sa_c,L-Glutamate 5-semialdehyde
BIOMD0000001092,M_glu__D_c,D-Glutamate
BIOMD0000001092,M_glu__D_e,D-Glutamate
BIOMD0000001092,M_glu__L_c,L-Glutamate
BIOMD0000001092,M_glu__L_e,L-Glutamate
BIOMD0000001092,M_glucan1500_e,"beta-1,3/1,4-glucan (Barley, n=1500, Glc beta1->3,4 Glc)"
BIOMD0000001092,M_glucan4_c,"beta-1,3/1,4-glucan (Barley, n=4, Glc beta1->3,4 Glc)"
BIOMD0000001092,M_glucan4_e,"beta-1,3/1,4-glucan (Barley, n=4, Glc beta1->3,4 Glc)"
BIOMD0000001092,M_glucan6_c,"beta-1,3/1,4-glucan (Barley, n=6, Glc beta1->3,4 Glc)"
BIOMD0000001092,M_glucan6_e,"beta-1,3/1,4-glucan (Barley, n=6, Glc beta1->3,4 Glc)"
BIOMD0000001092,M_glucys_c,Gamma-L-Glutamyl-L-cysteine
BIOMD0000001092,M_gly__L_c,Glycine
BIOMD0000001092,M_gly__L_e,Glycine
BIOMD0000001092,M_glyald_c,D-Glyceraldehyde
BIOMD0000001092,M_glyc3p_c,Glycerol 3-phosphate
BIOMD0000001092,M_glyc3p_e,Glycerol 3-phosphate
BIOMD0000001092,M_glyc__R_c,(R)-Glycerate
BIOMD0000001092,M_glyc_c,Glycerol
BIOMD0000001092,M_glyc_e,Glycerol
BIOMD0000001092,M_glycogen1500_e,"Glycogen (n=1500 repeat units) (glc alpha 1,4/6 glc)"
BIOMD0000001092,M_glycogen_c,glycogen
BIOMD0000001092,M_glycogen_e,glycogen
BIOMD0000001092,M_gme_c,Glutaryl- methyl ester
BIOMD0000001092,M_gmp_c,GMP
BIOMD0000001092,M_grdp_c,Geranyl diphosphate
BIOMD0000001092,M_gsn_c,Guanosine
BIOMD0000001092,M_gthrd_c,Reduced glutathione
BIOMD0000001092,M_gtp_c,GTP
BIOMD0000001092,M_gua_c,Guanine
BIOMD0000001092,M_h2_c,H2 exchange
BIOMD0000001092,M_h2_e,H2 exchange
BIOMD0000001092,M_h2mb4p_c,1-hydroxy-2-methyl-2-(E)-butenyl 4-diphosphate
BIOMD0000001092,M_h2o_c,H2O
BIOMD0000001092,M_h2o_e,H2O
BIOMD0000001092,M_h2s_c,Hydrogen sulfide
BIOMD0000001092,M_h2s_e,Hydrogen sulfide
BIOMD0000001092,M_h_c,H
BIOMD0000001092,M_h_e,H
BIOMD0000001092,M_hco3_c,Bicarbonate
BIOMD0000001092,M_hco3_e,Bicarbonate
BIOMD0000001092,M_hcpam_c,"Homocaldopentamine, N4-Bis(aminopropyl)spermidine"
BIOMD0000001092,M_hcys__L_c,L-Homocysteine
BIOMD0000001092,M_hgme_c,3-Hydroxyglutaryl- methyl ester
BIOMD0000001092,M_his__L_c,L-Histidine
BIOMD0000001092,M_his__L_e,L-Histidine
BIOMD0000001092,M_hisp_c,L-Histidinol phosphate
BIOMD0000001092,M_histd_c,L-Histidinol
BIOMD0000001092,M_hom__L_c,L-Homoserine
BIOMD0000001092,M_hpme_c,3-Hydroxypimeloyl- methyl ester
BIOMD0000001092,M_hpyr_c,Hydroxypyruvate
BIOMD0000001092,M_hxan_c,Hypoxanthine
BIOMD0000001092,M_iasp_c,Iminoaspartate
BIOMD0000001092,M_icit_c,Isocitrate
BIOMD0000001092,M_ile__L_c,L-Isoleucine
BIOMD0000001092,M_ile__L_e,L-Isoleucine
BIOMD0000001092,M_imacp_c,3-(Imidazol-4-yl)-2-oxopropyl phosphate
BIOMD0000001092,M_imp_c,IMP
BIOMD0000001092,M_indole_c,Indole
BIOMD0000001092,M_ins_c,Inosine
BIOMD0000001092,M_ion_RQ7_c,Ions
BIOMD0000001092,M_ipdp_c,Isopentenyl diphosphate
BIOMD0000001092,M_k_c,Potassium
BIOMD0000001092,M_k_e,Potassium
BIOMD0000001092,M_lac__L_c,L_Lactate
BIOMD0000001092,M_lac__L_e,L-Lactate
BIOMD0000001092,M_lald__L_c,L-Lactaldehyde
BIOMD0000001092,M_lcts_c,Lactose
BIOMD0000001092,M_lcts_e,Lactose
BIOMD0000001092,M_leu__L_c,L-Leucine
BIOMD0000001092,M_leu__L_e,L-Leucine
BIOMD0000001092,M_lip_RQ7_c,Lipid
BIOMD0000001092,M_lmn2_c,Laminaribiose
BIOMD0000001092,M_lmn2_e,Laminaribiose
BIOMD0000001092,M_lmn30_e,"Laminarin (n=30 repeat units, beta -1,3 glc)"
BIOMD0000001092,M_lys__L_c,L-Lysine
BIOMD0000001092,M_lys__L_e,L-Lysine
BIOMD0000001092,M_mal__L_c,L_Malate
BIOMD0000001092,M_mal_c,Malonyl
BIOMD0000001092,M_malcoa_c,Malonyl-CoA
BIOMD0000001092,M_malcoame_c,Malonyl-CoA methyl ester
BIOMD0000001092,M_malt_c,Maltose
BIOMD0000001092,M_malt_e,Maltose
BIOMD0000001092,M_malttr_c,Maltotriose
BIOMD0000001092,M_malttr_e,Maltotriose
BIOMD0000001092,M_maltttr_c,Maltotetraose
BIOMD0000001092,M_maltttr_e,Maltotetraose
BIOMD0000001092,M_man6p_c,D-Mannose 6-phosphate
BIOMD0000001092,M_man_c,D-Mannose
BIOMD0000001092,M_man_e,D-Mannose
BIOMD0000001092,M_mana_c,D-Mannonate
BIOMD0000001092,M_manb_c,"Mannobiose (beta-1,4)"
BIOMD0000001092,M_manb_e,"Mannobiose (beta-1,4)"
BIOMD0000001092,M_mantr_c,"mannotriose (beta-1,4)"
BIOMD0000001092,M_mantr_e,"mannotriose (beta-1,4)"
BIOMD0000001092,M_manttr_c,mannotetraose
BIOMD0000001092,M_manttr_e,mannotetraose
BIOMD0000001092,M_melib_c,Melibiose C12H22O11
BIOMD0000001092,M_melib_e,Melibiose C12H22O11
BIOMD0000001092,M_meoh_c,Methanol
BIOMD0000001092,M_meoh_e,Methanol
BIOMD0000001092,M_met__L_c,L-Methionine
BIOMD0000001092,M_met__L_e,L-Methionine
BIOMD0000001092,M_methf_c,"5,10-Methenyltetrahydrofolate"
BIOMD0000001092,M_mg2_c,Magnesium
BIOMD0000001092,M_mg2_e,Magnesium
BIOMD0000001092,M_mi1p__L_c,1L-myo-Inositol 1-phosphate
BIOMD0000001092,M_mlthf_c,"5,10-Methylenetetrahydrofolate"
BIOMD0000001092,M_mn2_c,Manganese
BIOMD0000001092,M_mn2_e,Manganese
BIOMD0000001092,M_mnl_c,D-Mannitol
BIOMD0000001092,M_mobd_c,Molybdate
BIOMD0000001092,M_mobd_e,Molybdate
BIOMD0000001092,M_myrs_c,Myristate (n-C14:0)
BIOMD0000001092,M_n6all26d_c,"N6-Acetyl-LL-2,6-diaminoheptanedioate"
BIOMD0000001092,M_na1_c,Sodium
BIOMD0000001092,M_na1_e,Sodium
BIOMD0000001092,M_nac_c,Nicotinate
BIOMD0000001092,M_nad_c,NAD
BIOMD0000001092,M_nadh_c,NADH; Nicotinamide adenine dinucleotide - reduced
BIOMD0000001092,M_nadp_c,NADP
BIOMD0000001092,M_nadph_c,NADPH
BIOMD0000001092,M_nal2a6o_c,N-Acetyl-L-2-amino-6-oxopimelate
BIOMD0000001092,M_ncam_c,Nicotinamide
BIOMD0000001092,M_nh3_c,Ammonium
BIOMD0000001092,M_nh4_c,Ammonium
BIOMD0000001092,M_nh4_e,Ammonium
BIOMD0000001092,M_nicrns_c,Nicotinate D-ribonucleoside
BIOMD0000001092,M_nicrnt_c,Nicotinate D-ribonucleotide
BIOMD0000001092,M_nmn_c,NMN
BIOMD0000001092,M_nspmd_c,Norspermidine
BIOMD0000001092,M_nsprm_c,Norspermine
BIOMD0000001092,M_oaa_c,Oxaloacetate
BIOMD0000001092,M_ocdca_c,Octadecanoyl- (n-C18:0)
BIOMD0000001092,M_octe_9_c,Cis-octadec-9-enoyl- (n-C18 1)
BIOMD0000001092,M_ogme_c,3-Ketoglutaryl- methyl ester
BIOMD0000001092,M_opme_c,3-Ketopimeloyl- methyl ester
BIOMD0000001092,M_orn_c,Ornithine
BIOMD0000001092,M_orot5p_c,Orotidine 5'-phosphate
BIOMD0000001092,M_orot_c,Orotate
BIOMD0000001092,M_oxa_c,Oxalate
BIOMD0000001092,M_oxa_e,Oxalate
BIOMD0000001092,M_pa140_c,"1,2-ditetradecanoyl-sn-glycerol 3-phosphate"
BIOMD0000001092,M_pa160_c,"1,2-dihexadecanoyl-sn-glycerol 3-phosphate"
BIOMD0000001092,M_pa180_c,"1,2-dioctadecanoyl-sn-glycerol 3-phosphate"
BIOMD0000001092,M_pa181_9_c,"1,2-dioctadec-9-enoyl-sn-glycerol 3-phosphate"
BIOMD0000001092,M_palm_c,Palmitate-(n-C16:0)
BIOMD0000001092,M_pan4p_c,Pantetheine 4'-phosphate
BIOMD0000001092,M_pant__R_c,(R)-Pantoate
BIOMD0000001092,M_pap_c,"Adenosine 3',5'-bisphosphate"
BIOMD0000001092,M_paps_c,3'-Phosphoadenylyl sulfate
BIOMD0000001092,M_pdip_d_d_c,"Phospho-di-myo-inositol 1,1' phosphate"
BIOMD0000001092,M_pep_c,Phosphoenolpyruvate
BIOMD0000001092,M_pg_RQ7_c,Peptidoglycan subunit of Thermotoga sp. RQ7
BIOMD0000001092,M_pgp140_c,"Phosphatidylglycerophosphate (ditetradecanoyl, n-C14:0)"
BIOMD0000001092,M_pgp160_c,"Phosphatidylglycerophosphate (dihexadecanoyl, n-C16:0)"
BIOMD0000001092,M_pgp180_c,"Phosphatidylglycerophosphate (dioctadecanoyl, n-C18:0)"
BIOMD0000001092,M_pgp181_9_c,"Phosphatidylglycerophosphate (dioctadec-9-enoyl, n-C18 1)"
BIOMD0000001092,M_phe__L_c,L-Phenylalanine
BIOMD0000001092,M_phe__L_e,L-Phenylalanine
BIOMD0000001092,M_phom_c,O-Phospho-L-homoserine
BIOMD0000001092,M_phpyr_c,Phenylpyruvate
BIOMD0000001092,M_pi_c,Phosphate
BIOMD0000001092,M_pi_e,Phosphate
BIOMD0000001092,M_pim_c,Pimelate
BIOMD0000001092,M_pla_RQ7_c,Polyamines
BIOMD0000001092,M_pls_RQ7_c,Glycogen
BIOMD0000001092,M_pme_c,Pimeloyl- methyl ester
BIOMD0000001092,M_pnto__R_c,(R)-Pantothenate
BIOMD0000001092,M_ppa_c,Propionate (n-C3:0)
BIOMD0000001092,M_ppa_e,Propionate (n-C3:0)
BIOMD0000001092,M_ppap_c,Propanoyl phosphate
BIOMD0000001092,M_pphn_c,Prephenate
BIOMD0000001092,M_ppi_c,Diphosphate
BIOMD0000001092,M_pr_RQ7_c,Protein
BIOMD0000001092,M_pram_c,5-Phospho-beta-D-ribosylamine
BIOMD0000001092,M_pran_c,N-(5-Phospho-D-ribosyl)anthranilate
BIOMD0000001092,M_prbamp_c,1-(5-Phosphoribosyl)-AMP
BIOMD0000001092,M_prbatp_c,1-(5-Phosphoribosyl)-ATP
BIOMD0000001092,M_prfp_c,1-(5-Phosphoribosyl)-5-[(5-phosphoribosylamino)methylideneamino]imidazole-4-carboxamide
BIOMD0000001092,M_prlp_c,5-[(5-phospho-1-deoxyribulos-1-ylamino)methylideneamino]-1-(5-phosphoribosyl)imidazole-4-carboxamide
BIOMD0000001092,M_pro__L_c,L-Proline
BIOMD0000001092,M_pro__L_e,L-Proline
BIOMD0000001092,M_prpp_c,5-Phospho-alpha-D-ribose 1-diphosphate
BIOMD0000001092,M_ptrc_c,Putrescine
BIOMD0000001092,M_ptrc_e,Putrescine
BIOMD0000001092,M_pullulan1200_e,"Pullulan (n=1200 repeat units, alpha-1,4 and alph-1,6 bounds)"
BIOMD0000001092,M_pydx5p_c,Pyridoxal 5'-phosphate
BIOMD0000001092,M_pyr_c,Pyruvate
BIOMD0000001092,M_pyr_e,Pyruvate
BIOMD0000001092,M_q_c,Ubiquinone
BIOMD0000001092,M_qh2_c,Ubiquinol
BIOMD0000001092,M_quln_c,Quinolinate
BIOMD0000001092,M_r1p_c,alpha-D-Ribose 1-phosphate
BIOMD0000001092,M_r5p_c,ribose_5_phosphate
BIOMD0000001092,M_raffin_c,Raffinose
BIOMD0000001092,M_raffin_e,Raffinose
BIOMD0000001092,M_rbl__L_c,L-Ribulose
BIOMD0000001092,M_rhcys_c,S-Ribosyl-L-homocysteine
BIOMD0000001092,M_rib__D_c,D-Ribose
BIOMD0000001092,M_rib__D_e,D-Ribose
BIOMD0000001092,M_ribflv_c,Riboflavin
BIOMD0000001092,M_rml1p_c,L-Rhamnulose 1-phosphate
BIOMD0000001092,M_rml_c,L-Rhamnulose
BIOMD0000001092,M_rmn_c,L-Rhamnose
BIOMD0000001092,M_rmn_e,L-Rhamnose
BIOMD0000001092,M_rna_RQ7_c,RNA
BIOMD0000001092,M_rnam_c,N-Ribosylnicotinamide
BIOMD0000001092,M_ru5p__D_c,D_Ribulose5_phosphate
BIOMD0000001092,M_ru5p__L_c,L-Ribulose 5-phosphate
BIOMD0000001092,M_s7p_c,Sedoheptulose7_phosphate
BIOMD0000001092,M_s_c,Elemental sulfur
BIOMD0000001092,M_s_e,Elemental sulfur
BIOMD0000001092,M_ser__L_c,L-Serine
BIOMD0000001092,M_ser__L_e,L-Serine
BIOMD0000001092,M_skm5p_c,Shikimate 5-phosphate
BIOMD0000001092,M_skm_c,Shikimate
BIOMD0000001092,M_so3_c,Sulfite
BIOMD0000001092,M_so4_c,Sulfate
BIOMD0000001092,M_so4_e,Sulfate
BIOMD0000001092,M_sol_RQ7_c,Solubles
BIOMD0000001092,M_spmd_c,Spermidine
BIOMD0000001092,M_spmd_e,Spermidine
BIOMD0000001092,M_sprm_c,Spermine
BIOMD0000001092,M_starch1200_e,"starch n=1200 repeat units (300 repeat units amylose, 900 repeat units amylopectin, corresponds to potato starch)"
BIOMD0000001092,M_succ_c,Succinate
BIOMD0000001092,M_succoa_c,Succinyl-CoA
BIOMD0000001092,M_suchms_c,O-Succinyl-L-homoserine
BIOMD0000001092,M_sucr_c,Sucrose
BIOMD0000001092,M_sucr_e,Sucrose
BIOMD0000001092,M_thdp_c,"2,3,4,5-Tetrahydrodipicolinate"
BIOMD0000001092,M_thf_c,"5,6,7,8-Tetrahydrofolate"
BIOMD0000001092,M_thmmp_c,Thiamin monophosphate
BIOMD0000001092,M_thmpp_c,Thiamine diphosphate
BIOMD0000001092,M_thr__L_c,L-Threonine
BIOMD0000001092,M_thr__L_e,L-Threonine
BIOMD0000001092,M_thymd_c,Thymidine
BIOMD0000001092,M_tpam_c,Thermopentamine
BIOMD0000001092,M_trdox_c,Oxidized thioredoxin
BIOMD0000001092,M_trdrd_c,Reduced thioredoxin
BIOMD0000001092,M_tre_c,Trehalose
BIOMD0000001092,M_tre_e,Trehalose
BIOMD0000001092,M_trp__L_c,L-Tryptophan
BIOMD0000001092,M_trp__L_e,L-Tryptophan
BIOMD0000001092,M_trpglcur_c,tryptophanyl-beta-D-glucuronide
BIOMD0000001092,M_tsprm_c,thermospermine
BIOMD0000001092,M_tsul_c,thiosulfate
BIOMD0000001092,M_tsul_e,thiosulfate
BIOMD0000001092,M_tyr__L_c,L-Tyrosine
BIOMD0000001092,M_tyr__L_e,L-Tyrosine
BIOMD0000001092,M_uGgl_c,UDP-N-acetylmuramoyl-L-alanyl-gamma-D-glutamyl-L-lysine
BIOMD0000001092,M_uGgla_c,UDP-N-acetylmuramoyl-L-alanyl-gamma-D-glutamyl-L-lysyl-D-alanyl-D-alanine
BIOMD0000001092,M_uaGgla_c,Undecaprenyl-diphospho-N-acetylmuramoyl-L-alanyl-gamma-D-glutamyl-L-lysyl-D-alanyl-D-alanine
BIOMD0000001092,M_uaaGgla_c,Undecaprenyl-diphospho-N-acetylmuramoyl-(N-acetylglucosamine)-L-alanyl-gamma-D-glutamyl-L-lysyl-D-alanyl-D-alanine
BIOMD0000001092,M_uaccg_c,UDP-N-acetyl-3-O-(1-carboxyvinyl)-D-glucosamine
BIOMD0000001092,M_uacgam_c,UDP-N-acetyl-D-glucosamine
BIOMD0000001092,M_uama_c,UDP-N-acetylmuramoyl-L-alanine
BIOMD0000001092,M_uamag_c,UDP-N-acetylmuramoyl-L-alanyl-D-glutamate
BIOMD0000001092,M_uamr_c,UDP-N-acetylmuramate
BIOMD0000001092,M_udcpdp_c,Undecaprenyl diphosphate
BIOMD0000001092,M_udcpp_c,Undecaprenyl phosphate
BIOMD0000001092,M_udp_c,UDP
BIOMD0000001092,M_udpg_c,UDPglucose
BIOMD0000001092,M_udpgal_c,UDPgalactose
BIOMD0000001092,M_udpglcur_c,UDP-D-glucuronate
BIOMD0000001092,M_ump_c,UMP
BIOMD0000001092,M_ura_c,Uracil
BIOMD0000001092,M_ura_e,Uracil
BIOMD0000001092,M_uri_c,Uridine
BIOMD0000001092,M_utp_c,UTP
BIOMD0000001092,M_val__L_c,L-Valine
BIOMD0000001092,M_val__L_e,L-Valine
BIOMD0000001092,M_xan_c,Xanthine
BIOMD0000001092,M_xan_e,Xanthine
BIOMD0000001092,M_xmp_c,Xanthosine 5'-phosphate
BIOMD0000001092,M_xtsn_c,Xanthosine
BIOMD0000001092,M_xtsn_e,Xanthosine
BIOMD0000001092,M_xu5p__D_c,D_Xylulose5_phosphate
BIOMD0000001092,M_xyl3_c,Xylotriose
BIOMD0000001092,M_xyl3_e,Xylotriose
BIOMD0000001092,M_xyl4_c,xylotetraose
BIOMD0000001092,M_xyl__D_c,D-Xylose
BIOMD0000001092,M_xyl__D_e,D-Xylose
BIOMD0000001092,M_xylan12_e,"Xylan (12 backbone units, 3 glcur side chain)"
BIOMD0000001092,M_xylan4_c,"Xylan (4 backbone units, 1 glcur side chain)"
BIOMD0000001092,M_xylan4_e,"Xylan (4 backbone units, 1 glcur side chain)"
BIOMD0000001092,M_xylan8_e,"Xylan (8 backbone units, 2 glcur side chain)"
BIOMD0000001092,M_xylb_c,Xylobiose
BIOMD0000001092,M_xylb_e,Xylobiose
BIOMD0000001092,M_xylu__D_c,D-Xylulose
BIOMD0000001092,M_zn2_c,Zinc
BIOMD0000001092,M_zn2_e,Zinc
BIOMD0000001093,M_10fthf_c,10-Formyltetrahydrofolate
BIOMD0000001093,M_12dgr120_c,"1,2-Diacyl-sn-glycerol (didodecanoyl, n-C12:0)"
BIOMD0000001093,M_12dgr140_c,"1,2-Diacyl-sn-glycerol (ditetradecanoyl, n-C14:0)"
BIOMD0000001093,M_12dgr141_c,"1,2-Diacyl-sn-glycerol (ditetradec-7-enoyl, n-C14:1)"
BIOMD0000001093,M_12dgr160_c,"1,2-Diacyl-sn-glycerol (dihexadecanoyl, n-C16:0)"
BIOMD0000001093,M_12dgr160_e,"1,2-Diacyl-sn-glycerol (dihexadecanoyl, n-C16:0)"
BIOMD0000001093,M_12dgr161_c,"1,2-Diacyl-sn-glycerol (dihexadec-9-enoyl, n-C16:1)"
BIOMD0000001093,M_12dgr180_c,"1,2-Diacyl-sn-glycerol (dioctadecanoyl, n-C18:0)"
BIOMD0000001093,M_12dgr180_e,"1,2-Diacyl-sn-glycerol (dioctadecanoyl, n-C18:0)"
BIOMD0000001093,M_12dgr181_c,"1,2-Diacyl-sn-glycerol (dioctadec-11-enoyl, n-C18:1)"
BIOMD0000001093,M_13dampp_c,1 3 Diaminopropane C3H12N2
BIOMD0000001093,M_13dampp_e,1 3 Diaminopropane C3H12N2
BIOMD0000001093,M_13dampp_p,1 3 Diaminopropane C3H12N2
BIOMD0000001093,M_13dpg_c,3-Phospho-D-glyceroyl phosphate
BIOMD0000001093,M_13ppd_c,"1,3-Propanediol"
BIOMD0000001093,M_15dap_c,"1,5-Diaminopentane"
BIOMD0000001093,M_15dap_e,"1,5-Diaminopentane"
BIOMD0000001093,M_15dap_p,"1,5-Diaminopentane"
BIOMD0000001093,M_1ag160_e,1 Acyl sn glycerol  hexadecanoate
BIOMD0000001093,M_1ag180_e,1 Acyl sn glycerol  octadecanoate
BIOMD0000001093,M_1ag181d9_e,1 Acyl sn glycerol  nC181d9
BIOMD0000001093,M_1ag182d9d12_e,1 Acyl sn glycerol  nC182d9d12
BIOMD0000001093,M_1agpe160_p,1-Acyl-sn-glycero-3-phosphoethanolamine (n-C16:0)
BIOMD0000001093,M_1agpe161_p,1-Acyl-sn-glycero-3-phosphoethanolamine (n-C16:1)
BIOMD0000001093,M_1agpe180_p,1-Acyl-sn-glycero-3-phosphoethanolamine (n-C18:0)
BIOMD0000001093,M_1agpe181_p,1-Acyl-sn-glycero-3-phosphoethanolamine (n-C18:1)
BIOMD0000001093,M_1agpg160_p,1-Acyl-sn-glycero-3-phosphoglycerol (n-C16:0)
BIOMD0000001093,M_1agpg161_p,1-Acyl-sn-glycero-3-phosphoglycerol (n-C16:1)
BIOMD0000001093,M_1agpg180_p,1-Acyl-sn-glycero-3-phosphoglycerol (n-C18:0)
BIOMD0000001093,M_1agpg181_p,1-Acyl-sn-glycero-3-phosphoglycerol (n-C18:1)
BIOMD0000001093,M_1ddecg3p_c,1-dodecanoyl-sn-glycerol 3-phosphate
BIOMD0000001093,M_1hdec9eg3p_c,1-hexadec-9-enoyl-sn-glycerol 3-phosphate
BIOMD0000001093,M_1hdecg3p_c,1-hexadecanoyl-sn-glycerol 3-phosphate
BIOMD0000001093,M_1odec11eg3p_c,1-octadec-11-enoyl-sn-glycerol 3-phosphate
BIOMD0000001093,M_1odecg3p_c,1-octadecanoyl-sn-glycerol 3-phosphate
BIOMD0000001093,M_1p2cbxl_c,1-Pyrroline-2-carboxylate
BIOMD0000001093,M_1pipdn2c_c,Delta1-Piperideine-2-carboxylate
BIOMD0000001093,M_1pqq_c,6  2 amino 2 carboxylatoethyl  7 hydroxy 8 oxo 1 2 3 4 7 8 hexahydroquinoline 2 4 dicarboxylate
BIOMD0000001093,M_1py4h3c_c,1 pyrroline 4 hydroxy 2 carboxylate
BIOMD0000001093,M_1pyr5c_c,1-Pyrroline-5-carboxylate
BIOMD0000001093,M_1tdec7eg3p_c,1-tetradec-7-enoyl-sn-glycerol 3-phosphate
BIOMD0000001093,M_1tdecg3p_c,1-tetradecanoyl-sn-glycerol 3-phosphate
BIOMD0000001093,M_23dhacoa_c,"2,3-dehydroadipyl-CoA"
BIOMD0000001093,M_23dhdp_c,"2,3-Dihydrodipicolinate"
BIOMD0000001093,M_23dhmb_c,"(R)-2,3-Dihydroxy-3-methylbutanoate"
BIOMD0000001093,M_23dhmp_c,"(R)-2,3-Dihydroxy-3-methylpentanoate"
BIOMD0000001093,M_24dab_c,"L-2,4-Diaminobutanoate"
BIOMD0000001093,M_25aics_c,(S)-2-[5-Amino-1-(5-phospho-D-ribosyl)imidazole-4-carboxamido]succinate
BIOMD0000001093,M_25dkglcn_c,"2,5-diketo-D-gluconate"
BIOMD0000001093,M_25dkglcn_e,"2,5-diketo-D-gluconate"
BIOMD0000001093,M_25dkglcn_p,"2,5-diketo-D-gluconate"
BIOMD0000001093,M_25dop_c,2 5 Dioxopentanoate C5H5O4
BIOMD0000001093,M_25drapp_c,"2,5-Diamino-6-(ribosylamino)-4-(3H)-pyrimidinone 5'-phosphate"
BIOMD0000001093,M_26dap_LL_c,"LL-2,6-Diaminoheptanedioate"
BIOMD0000001093,M_26dap__M_c,"Meso-2,6-Diaminoheptanedioate"
BIOMD0000001093,M_26dap__M_e,"Meso-2,6-Diaminoheptanedioate"
BIOMD0000001093,M_26dap__M_p,"Meso-2,6-Diaminoheptanedioate"
BIOMD0000001093,M_2agpe160_c,2-Acyl-sn-glycero-3-phosphoethanolamine (n-C16:0)
BIOMD0000001093,M_2agpe160_p,2-Acyl-sn-glycero-3-phosphoethanolamine (n-C16:0)
BIOMD0000001093,M_2agpe161_c,2-Acyl-sn-glycero-3-phosphoethanolamine (n-C16:1)
BIOMD0000001093,M_2agpe161_p,2-Acyl-sn-glycero-3-phosphoethanolamine (n-C16:1)
BIOMD0000001093,M_2agpe180_c,2-Acyl-sn-glycero-3-phosphoethanolamine (n-C18:0)
BIOMD0000001093,M_2agpe180_p,2-Acyl-sn-glycero-3-phosphoethanolamine (n-C18:0)
BIOMD0000001093,M_2agpe181_c,2-Acyl-sn-glycero-3-phosphoethanolamine (n-C18:1)
BIOMD0000001093,M_2agpe181_p,2-Acyl-sn-glycero-3-phosphoethanolamine (n-C18:1)
BIOMD0000001093,M_2agpg160_c,2-Acyl-sn-glycero-3-phosphoglycerol (n-C16:0)
BIOMD0000001093,M_2agpg160_p,2-Acyl-sn-glycero-3-phosphoglycerol (n-C16:0)
BIOMD0000001093,M_2agpg161_c,2-Acyl-sn-glycero-3-phosphoglycerol (n-C16:1)
BIOMD0000001093,M_2agpg161_p,2-Acyl-sn-glycero-3-phosphoglycerol (n-C16:1)
BIOMD0000001093,M_2agpg180_c,2-Acyl-sn-glycero-3-phosphoglycerol (n-C18:0)
BIOMD0000001093,M_2agpg180_p,2-Acyl-sn-glycero-3-phosphoglycerol (n-C18:0)
BIOMD0000001093,M_2agpg181_c,2-Acyl-sn-glycero-3-phosphoglycerol (n-C18:1)
BIOMD0000001093,M_2agpg181_p,2-Acyl-sn-glycero-3-phosphoglycerol (n-C18:1)
BIOMD0000001093,M_2ahbut_c,(S)-2-Aceto-2-hydroxybutanoate
BIOMD0000001093,M_2ahhmd_c,2 Amino 4 hydroxy 6 hydroxymethyl 7 8 dihydropteridine diphosphate C7H8N5O8P2
BIOMD0000001093,M_2ahhmp_c,2 Amino 4 hydroxy 6 hydroxymethyl 7 8 dihydropteridine C7H9N5O2
BIOMD0000001093,M_2ameph_c,2-Aminoethylphosphonate
BIOMD0000001093,M_2ameph_e,2-Aminoethylphosphonate
BIOMD0000001093,M_2ameph_p,2-Aminoethylphosphonate
BIOMD0000001093,M_2amsa_c,2-Aminomalonate semialdehyde
BIOMD0000001093,M_2aobut_c,L-2-Amino-3-oxobutanoate
BIOMD0000001093,M_2cpr5p_c,1-(2-Carboxyphenylamino)-1-deoxy-D-ribulose 5-phosphate
BIOMD0000001093,M_2dda7p_c,2-Dehydro-3-deoxy-D-arabino-heptonate 7-phosphate
BIOMD0000001093,M_2ddg6p_c,2-Dehydro-3-deoxy-D-gluconate 6-phosphate
BIOMD0000001093,M_2ddglcn_c,2-Dehydro-3-deoxy-D-gluconate
BIOMD0000001093,M_2ddglcn_e,2-Dehydro-3-deoxy-D-gluconate
BIOMD0000001093,M_2dhglcn_c,2-Dehydro-D-gluconate
BIOMD0000001093,M_2dhglcn_e,2-Dehydro-D-gluconate
BIOMD0000001093,M_2dhglcn_p,2-Dehydro-D-gluconate
BIOMD0000001093,M_2dhp_c,2-Dehydropantoate
BIOMD0000001093,M_2fe1s_c,[2Fe-1S] desulfurated iron-sulfur cluster
BIOMD0000001093,M_2fe2s_c,[2Fe-2S] iron-sulfur cluster
BIOMD0000001093,M_2h3oppan_c,2-Hydroxy-3-oxopropanoate
BIOMD0000001093,M_2hadnt_c,2 Hydroxylamino 4 6 dinitrotoluene
BIOMD0000001093,M_2hchd_c,"2-Hydroxy-cis-hex-2,4-dienoate"
BIOMD0000001093,M_2hmc_c,2-Hydroxymuconate
BIOMD0000001093,M_2hmcnsad_c,2-Hydroxymuconate semialdehyde
BIOMD0000001093,M_2ippm_c,2-Isopropylmaleate
BIOMD0000001093,M_2kmb_c,2-keto-4-methylthiobutyrate
BIOMD0000001093,M_2m35mdntha_c,N  2 methyl 3 5 dinitrophenyl  4 methyl 3 5 dinitroaniline
BIOMD0000001093,M_2m35mdntha_e,N  2 methyl 3 5 dinitrophenyl  4 methyl 3 5 dinitroaniline
BIOMD0000001093,M_2maacoa_c,2-Methyl-3-acetoacetyl-CoA
BIOMD0000001093,M_2mahmp_c,2-Methyl-4-amino-5-hydroxymethylpyrimidine diphosphate
BIOMD0000001093,M_2mb2coa_c,Trans-2-Methylbut-2-enoyl-CoA
BIOMD0000001093,M_2mbcoa_c,2-Methylbutanoyl-CoA
BIOMD0000001093,M_2mcacn_c,Cis-2-Methylaconitate
BIOMD0000001093,M_2mcit_c,2-Methylcitrate
BIOMD0000001093,M_2me4p_c,2-C-methyl-D-erythritol 4-phosphate
BIOMD0000001093,M_2mecdp_c,"2-C-methyl-D-erythritol 2,4-cyclodiphosphate"
BIOMD0000001093,M_2mp2coa_c,2-Methylprop-2-enoyl-CoA
BIOMD0000001093,M_2obut_c,2-Oxobutanoate
BIOMD0000001093,M_2ohph_c,2-Octaprenyl-6-hydroxyphenol
BIOMD0000001093,M_2ombzl_c,"2-Octaprenyl-6-methoxy-1,4-benzoquinol"
BIOMD0000001093,M_2omcm_c,2-oxo-5-methyl-cis-muconate
BIOMD0000001093,M_2omhmbl_c,"2-Octaprenyl-3-methyl-5-hydroxy-6-methoxy-1,4-benzoquinol"
BIOMD0000001093,M_2ommbl_c,"2-Octaprenyl-3-methyl-6-methoxy- 1,4-benzoquinol"
BIOMD0000001093,M_2omph_c,2-Octaprenyl-6-methoxyphenol
BIOMD0000001093,M_2oph_c,2-Octaprenylphenol
BIOMD0000001093,M_2oxoadp_c,2 Oxoadipate C6H6O5
BIOMD0000001093,M_2oxpaccoa_c,2-oxepin-2(3H)-ylideneacetyl-CoA
BIOMD0000001093,M_2p4c2me_c,2-phospho-4-(cytidine 5'-diphospho)-2-C-methyl-D-erythritol
BIOMD0000001093,M_2pg_c,D-Glycerate 2-phosphate
BIOMD0000001093,M_2pglyc_c,2-Phosphoglycolate
BIOMD0000001093,M_2pqq_c,6  2 amino 2 carboxylatoethyl  1 2 3 4 tetrahydroquinoline 2 4 dicarboxylate
BIOMD0000001093,M_2ptcoa_c,2 Pentenoyl CoA
BIOMD0000001093,M_34dhbald_c,"3,4-dihydroxybenzaldehyde"
BIOMD0000001093,M_34dhbz_c,"3,4-Dihydroxybenzoate"
BIOMD0000001093,M_34dhbz_e,"3,4-Dihydroxybenzoate"
BIOMD0000001093,M_34dhbz_p,"3,4-Dihydroxybenzoate"
BIOMD0000001093,M_34dhcinm_c,"3,4-Dihydroxy-trans-cinnamate"
BIOMD0000001093,M_34dhcinm_e,"3,4-Dihydroxy-trans-cinnamate"
BIOMD0000001093,M_34dhcinm_p,"3,4-Dihydroxy-trans-cinnamate"
BIOMD0000001093,M_34dhphe_c,"3,4-Dihydroxy-L-phenylalanine"
BIOMD0000001093,M_34dhphe_e,"3,4-Dihydroxy-L-phenylalanine"
BIOMD0000001093,M_34dhphe_p,"3,4-Dihydroxy-L-phenylalanine"
BIOMD0000001093,M_34hpp_c,3-(4-Hydroxyphenyl)pyruvate
BIOMD0000001093,M_35cgmp_c,"3',5'-Cyclic GMP"
BIOMD0000001093,M_35dnta_c,N N bis 3 5 dinitrotolyl  amine
BIOMD0000001093,M_35dnta_e,N N bis 3 5 dinitrotolyl  amine
BIOMD0000001093,M_3_rhma13unaga_c,3n Rhamnosyl alfa 1  3   N acetyl glucosamine undecaprenyl diphosphate
BIOMD0000001093,M_3aib_c,L-3-Amino-isobutanoate
BIOMD0000001093,M_3c2hmp_c,3-Carboxy-2-hydroxy-4-methylpentanoate
BIOMD0000001093,M_3c3hmp_c,3-Carboxy-3-hydroxy-4-methylpentanoate
BIOMD0000001093,M_3c4mop_c,3-Carboxy-4-methyl-2-oxopentanoate
BIOMD0000001093,M_3dhq_c,3-Dehydroquinate
BIOMD0000001093,M_3dhsk_c,3-Dehydroshikimate
BIOMD0000001093,M_3h4atb_c,3 Hydroxy 4 acetylthiobutanoic acid
BIOMD0000001093,M_3h4atb_e,3 Hydroxy 4 acetylthiobutanoic acid
BIOMD0000001093,M_3h4atb_p,3 Hydroxy 4 acetylthiobutanoic acid
BIOMD0000001093,M_3h4atbcoa_c,3 Hydroxy 4 acetylthiobutanyl CoA
BIOMD0000001093,M_3h6athcoa_c,3 Hydroxy 6 acetylthiohexanoyl CoA
BIOMD0000001093,M_3haACP_c,(3R)-3-Hydroxyacyl-[acyl-carrier protein]
BIOMD0000001093,M_3hadpcoa_c,(3S)-3-Hydroxyadipyl-CoA
BIOMD0000001093,M_3hasp__L_c,Erythro 3 HydroxyL aspartate
BIOMD0000001093,M_3hbcoa__R_c,(R)-3-Hydroxybutyryl-CoA
BIOMD0000001093,M_3hbcoa_c,(S)-3-Hydroxybutanoyl-CoA
BIOMD0000001093,M_3hcddec5eACP_c,(R)-3-hydroxy-cis-dodec-5-enoyl-[acyl-carrier protein]
BIOMD0000001093,M_3hcmrs7eACP_c,(R)-3-hydroxy-cis-myristol-7-eoyl-[acyl-carrier protein]
BIOMD0000001093,M_3hcpalm9eACP_c,(R)-3-hydroxy-cis-palm-9-eoyl-[acyl-carrier protein]
BIOMD0000001093,M_3hcvac11eACP_c,(R)-3-hydroxy-cis-vacc-11-enoyl-[acyl-carrier protein]
BIOMD0000001093,M_3hdcoa_c,(S)-3-Hydroxydecanoyl-CoA
BIOMD0000001093,M_3hdd5coa_c,3-hydroxy-(5Z)-dodecenoyl-CoA
BIOMD0000001093,M_3hdd6coa_c,S  3 hydroxy  6Z  dodedecenyl CoA
BIOMD0000001093,M_3hddccoa_c,S  3 hydroxy  5Z  dodedecenyl CoA
BIOMD0000001093,M_3hddcoa_c,(S)-3-Hydroxydodecanoyl-CoA
BIOMD0000001093,M_3hddecACP_c,(R)-3-Hydroxydodecanoyl-[acyl-carrier protein]
BIOMD0000001093,M_3hdec4coa_c,3 Hydroxy 4Z decenoyl CoA
BIOMD0000001093,M_3hdecACP_c,(R)-3-Hydroxydecanoyl-[acyl-carrier protein]
BIOMD0000001093,M_3hhcoa_c,(S)-3-Hydroxyhexanoyl-CoA
BIOMD0000001093,M_3hhd58coa_c,S  3 hydroxy  5Z 8Z  tetradecedienyl CoA
BIOMD0000001093,M_3hhd710coa_c,"3-hydroxy-(7Z,10Z)-hexadecadienoyl-CoA"
BIOMD0000001093,M_3hhdccoa_c,S  3 hydroxy  9Z  hexadecenyl CoA
BIOMD0000001093,M_3hhdcoa_c,(S)-3-Hydroxyhexadecanoyl-CoA
BIOMD0000001093,M_3hhdd4coa_c,S  3 hydroxy  4Z  hexadecenyl CoA
BIOMD0000001093,M_3hhdd7coa_c,S  3 hydroxy  7Z  hexadecenyl CoA
BIOMD0000001093,M_3hhexACP_c,(R)-3-Hydroxyhexanoyl-[acyl-carrier protein]
BIOMD0000001093,M_3hhpcoa_c,3 Hydroxyheptanoyl CoA
BIOMD0000001093,M_3hibutcoa_c,(S)-3-Hydroxyisobutyryl-CoA
BIOMD0000001093,M_3hlnlccoa_c,S  3 hydroxy  9Z 12Z  octadecedienyl CoA
BIOMD0000001093,M_3hmbcoa_c,(S)-3-Hydroxy-2-methylbutyryl-CoA
BIOMD0000001093,M_3hmp_c,3-Hydroxy-2-methylpropanoate
BIOMD0000001093,M_3hmrsACP_c,(R)-3-Hydroxytetradecanoyl-[acyl-carrier protein]
BIOMD0000001093,M_3hnonacoa_c,3 Hydroxynonanoyl CoA
BIOMD0000001093,M_3hocoa_c,(S)-3-Hydroxyoctanoyl-CoA
BIOMD0000001093,M_3hoctACP_c,(R)-3-Hydroxyoctanoyl-[acyl-carrier protein]
BIOMD0000001093,M_3hoctaACP_c,(R)-3-Hydroxyoctadecanoyl-[acyl-carrier protein]
BIOMD0000001093,M_3hodcoa_c,(S)-3-Hydroxyoctadecanoyl-CoA
BIOMD0000001093,M_3hodecoa_c,S  3 hydroxy  9Z  octadecenyl CoA
BIOMD0000001093,M_3hpalmACP_c,R-3-hydroxypalmitoyl-[acyl-carrier protein]
BIOMD0000001093,M_3hpbcoa_c,3 Hydroxyphenylbutanoyl CoA
BIOMD0000001093,M_3hpdecacoa_c,3 Hydroxyphenyldecanoyl CoA
BIOMD0000001093,M_3hphpcoa_c,3 Hydroxyphenylheptanoyl CoA
BIOMD0000001093,M_3hphxacoa_c,3 Hydroxyphenylhexanoyl CoA
BIOMD0000001093,M_3hpnonacoa_c,3 Hydroxyphenylnonanoyl CoA
BIOMD0000001093,M_3hpoctacoa_c,3 Hydroxyphenyloctanoyl CoA
BIOMD0000001093,M_3hpptcoa_c,3 Hydroxyphenylpentanoyl CoA
BIOMD0000001093,M_3hptcoa_c,3-Hydroxypentoyl-CoA
BIOMD0000001093,M_3hptslacoa_c,S  3 hydroxy  6Z  octadecenyl CoA
BIOMD0000001093,M_3htdccoa_c,S  3 hydroxy  7Z  tetradecenyl CoA
BIOMD0000001093,M_3htdcoa_c,(S)-3-Hydroxytetradecanoyl-CoA
BIOMD0000001093,M_3hvacccoa_c,3 hydroxy  11Z  octadecenyl CoA
BIOMD0000001093,M_3hvcoa_c,3-hydroxyvaleryl-CoA
BIOMD0000001093,M_3ig3p_c,C'-(3-Indolyl)-glycerol 3-phosphate
BIOMD0000001093,M_3kvcoa_c,3-ketovaleryl-CoA
BIOMD0000001093,M_3mb2coa_c,3-Methylbut-2-enoyl-CoA
BIOMD0000001093,M_3mb_c,3-Methylbutanoic acid
BIOMD0000001093,M_3mb_e,3-Methylbutanoic acid
BIOMD0000001093,M_3mb_p,3-Methylbutanoic acid
BIOMD0000001093,M_3mbzalc_c,3-methylbenzyl alcohol
BIOMD0000001093,M_3mbzald_c,3-Methylbenzaldehyde
BIOMD0000001093,M_3mcat_c,3-Methylcatechol
BIOMD0000001093,M_3mgcoa_c,3-Methylglutaconyl-CoA
BIOMD0000001093,M_3mob_c,3-Methyl-2-oxobutanoate
BIOMD0000001093,M_3mop_c,(S)-3-Methyl-2-oxopentanoate
BIOMD0000001093,M_3o6athcoa_c,3 Oxo 6 acetylthiohexanoyl CoA
BIOMD0000001093,M_3ocddec5eACP_c,3-oxo-cis-dodec-5-enoyl-[acyl-carrier protein]
BIOMD0000001093,M_3ocmrs7eACP_c,3-oxo-cis-myristol-7-eoyl-[acyl-carrier protein]
BIOMD0000001093,M_3ocpalm9eACP_c,3-oxo-cis-palm-9-eoyl-[acyl-carrier protein]
BIOMD0000001093,M_3ocvac11eACP_c,3-oxo-cis-vacc-11-enoyl-[acyl-carrier protein]
BIOMD0000001093,M_3odcoa_c,3-Oxodecanoyl-CoA
BIOMD0000001093,M_3odd5coa_c,3 oxo  5Z  tetradecenyl CoA
BIOMD0000001093,M_3odd6coa_c,3 oxo  6Z  dodedecenyl CoA
BIOMD0000001093,M_3oddccoa_c,3 oxo  5Z  dodedecenyl CoA
BIOMD0000001093,M_3oddcoa_c,3-Oxododecanoyl-CoA
BIOMD0000001093,M_3oddecACP_c,3-Oxododecanoyl-[acyl-carrier protein]
BIOMD0000001093,M_3odec4coa_c,3 oxo 4Z decenoyl CoA
BIOMD0000001093,M_3odecACP_c,3-Oxodecanoyl-[acyl-carrier protein]
BIOMD0000001093,M_3ohcoa_c,3-Oxohexanoyl-CoA
BIOMD0000001093,M_3ohd58coa_c,3 oxo  5Z 8Z  tetradec dienyl CoA
BIOMD0000001093,M_3ohd710coa_c,"3-oxo-(7Z,10Z)-hexadecadienoyl-CoA"
BIOMD0000001093,M_3ohdccoa_c,3 oxo  9Z  hexadecenyl CoA
BIOMD0000001093,M_3ohdcoa_c,3-Oxohexadecanoyl-CoA
BIOMD0000001093,M_3ohdd4coa_c,3 oxo  4Z  hexadecenyl CoA
BIOMD0000001093,M_3ohdd7coa_c,3 oxo  7Z  hexadecenyl CoA
BIOMD0000001093,M_3ohexACP_c,3-Oxohexanoyl-[acyl-carrier protein]
BIOMD0000001093,M_3ohodcoa_c,3-Oxooctadecanoyl-CoA
BIOMD0000001093,M_3ohpcoa_c,3 oxoheptanoyl CoA
BIOMD0000001093,M_3olnlccoa_c,3 oxo  9Z 12Z  octadec dienyl CoA
BIOMD0000001093,M_3omrsACP_c,3-Oxotetradecanoyl-[acyl-carrier protein]
BIOMD0000001093,M_3ononacoa_c,3 Oxononanoyl CoA
BIOMD0000001093,M_3oocoa_c,3-Oxooctanoyl-CoA
BIOMD0000001093,M_3ooctACP_c,3-Oxooctanoyl-[acyl-carrier protein]
BIOMD0000001093,M_3ooctdACP_c,3-Oxooctadecanoyl-[acyl-carrier protein]
BIOMD0000001093,M_3oodecoa_c,3 oxo  9Z  octadecenyl CoA
BIOMD0000001093,M_3opalmACP_c,3-Oxohexadecanoyl-[acyl-carrier protein]
BIOMD0000001093,M_3opbcoa_c,3 Oxophenylbutanoyl CoA
BIOMD0000001093,M_3opdecacoa_c,3 Oxophenyldecanoyl CoA
BIOMD0000001093,M_3ophb_c,3-Octaprenyl-4-hydroxybenzoate
BIOMD0000001093,M_3ophpcoa_c,3 Oxophenylheptanoyl CoA
BIOMD0000001093,M_3ophxacoa_c,3 Oxophenylhexanoyl CoA
BIOMD0000001093,M_3opnonacoa_c,3 Oxophenylnonanoyl CoA
BIOMD0000001093,M_3opoctacoa_c,3 Oxophenyloctanoyl CoA
BIOMD0000001093,M_3opptcoa_c,3 Oxophenylpentanoyl CoA
BIOMD0000001093,M_3optcoa_c,3-Ocopentanoyl-CoA
BIOMD0000001093,M_3optslacoa_c,3 oxo  6Z  octadecenyl CoA
BIOMD0000001093,M_3otdccoa_c,3 oxo  7Z  tetradecenyl CoA
BIOMD0000001093,M_3otdcoa_c,3-Oxotetradecanoyl-CoA
BIOMD0000001093,M_3ovacccoa_c,3 oxo  11Z  octadecenyl CoA
BIOMD0000001093,M_3oxdhscoa_c,"3-oxo-5,6-dehydrosuberyl-CoA"
BIOMD0000001093,M_3oxoadp_c,3-Oxoadipate
BIOMD0000001093,M_3oxoadp_e,3-Oxoadipate
BIOMD0000001093,M_3oxoadp_p,3-Oxoadipate
BIOMD0000001093,M_3oxptcoa_c,3 Oxopentanoyl CoA
BIOMD0000001093,M_3padsel_c,3'-Phosphoadenylylselenate
BIOMD0000001093,M_3pg_c,3-Phospho-D-glycerate
BIOMD0000001093,M_3php_c,3-Phosphohydroxypyruvate
BIOMD0000001093,M_3pqq_c,2 amino 4 3  2 amino 2 carboxylatoethyl  6 oxocyclohexa 1 4 dien 1 ylpentanedioate
BIOMD0000001093,M_3psme_c,5-O-(1-Carboxyvinyl)-3-phosphoshikimate
BIOMD0000001093,M_3ptcoa_c,3 Pentenoyl CoA
BIOMD0000001093,M_3sala_c,3-Sulfino-L-alanine
BIOMD0000001093,M_3uib_c,3-Ureidoisobutyrate
BIOMD0000001093,M_4abut_c,4-Aminobutanoate
BIOMD0000001093,M_4abut_e,4-Aminobutanoate
BIOMD0000001093,M_4abut_p,4-Aminobutanoate
BIOMD0000001093,M_4abutn_c,4-Aminobutanal
BIOMD0000001093,M_4abz_c,4-Aminobenzoate
BIOMD0000001093,M_4adcho_c,4-amino-4-deoxychorismate
BIOMD0000001093,M_4ahmmp_c,4-Amino-5-hydroxymethyl-2-methylpyrimidine
BIOMD0000001093,M_4ampm_c,4-Amino-2-methyl-5-phosphomethylpyrimidine
BIOMD0000001093,M_4atb2coa_c,4 acetylthiobut 2 enoyl CoA
BIOMD0000001093,M_4atbcoa_c,4 Acetylthiobutanoyl CoA
BIOMD0000001093,M_4c2me_c,4-(cytidine 5'-diphospho)-2-C-methyl-D-erythritol
BIOMD0000001093,M_4cml_c,4-Carboxymuconolactone
BIOMD0000001093,M_4fe4s_c,[4Fe-4S] iron-sulfur cluster
BIOMD0000001093,M_4fumacac_c,4 Fumarylacetoacetate C8H6O6
BIOMD0000001093,M_4gudbutn_c,4 Guanidinobutanoate C5H11N3O2
BIOMD0000001093,M_4h2opntn_c,4-Hydroxy-2-oxopentanoate
BIOMD0000001093,M_4hadnt_c,4 Hydroxylamino 2 6 dinitrotoluene
BIOMD0000001093,M_4hba_c,4-Hydroxy-benzyl alcohol
BIOMD0000001093,M_4hbald_c,4-Hydroxybenzaldehyde
BIOMD0000001093,M_4hbz_c,4-Hydroxybenzoate
BIOMD0000001093,M_4hbz_e,4-Hydroxybenzoate
BIOMD0000001093,M_4hbz_p,4-Hydroxybenzoate
BIOMD0000001093,M_4hoxoh_c,4-Hydroxy-2-oxohexanoic acid
BIOMD0000001093,M_4hpro_DC_c,Cis 4 Hydroxy D proline
BIOMD0000001093,M_4hpro_DC_e,Cis 4 Hydroxy D proline
BIOMD0000001093,M_4hpro_DC_p,Cis 4 Hydroxy D proline
BIOMD0000001093,M_4hpro_LT_c,Trans 4 Hydroxy L proline C5H9NO3
BIOMD0000001093,M_4hpro_LT_e,Trans 4 Hydroxy L proline C5H9NO3
BIOMD0000001093,M_4hpro_LT_p,Trans 4 Hydroxy L proline C5H9NO3
BIOMD0000001093,M_4hptcoa_c,4 Hydroxypentanoyl CoA
BIOMD0000001093,M_4hptn_c,4 Hydroxypentanoate
BIOMD0000001093,M_4hptn_e,4 Hydroxypentanoate
BIOMD0000001093,M_4hptn_p,4 Hydroxypentanoate
BIOMD0000001093,M_4hthr_c,4-Hydroxy-L-threonine
BIOMD0000001093,M_4hvcoa_c,4-hydroxyvaleryl-CoA
BIOMD0000001093,M_4izp_c,4-Imidazolone-5-propanoate
BIOMD0000001093,M_4mbzalc_c,4-methylbenzyl alcohol
BIOMD0000001093,M_4mbzald_c,P-methylbenzaldehyde
BIOMD0000001093,M_4mcat_c,4-Methylcatechol
BIOMD0000001093,M_4mlacac_c,4 Maleylacetoacetate C8H6O6
BIOMD0000001093,M_4mop_c,4-Methyl-2-oxopentanoate
BIOMD0000001093,M_4mpetz_c,4-Methyl-5-(2-phosphoethyl)-thiazole
BIOMD0000001093,M_4opa_c,4-oxopentanoic acid
BIOMD0000001093,M_4opa_e,4-oxopentanoic acid
BIOMD0000001093,M_4opcoa_c,4-oxopentanoyl-CoA
BIOMD0000001093,M_4oxptcoa_c,4 Oxopentanoyl CoA
BIOMD0000001093,M_4oxptn_c,4 Oxopentanoate
BIOMD0000001093,M_4oxptn_e,4 Oxopentanoate
BIOMD0000001093,M_4oxptn_p,4 Oxopentanoate
BIOMD0000001093,M_4pasp_c,4-Phospho-L-aspartate
BIOMD0000001093,M_4per_c,4-Phospho-D-erythronate
BIOMD0000001093,M_4poptcoa_c,4 Phosphooxypentanoyl CoA
BIOMD0000001093,M_4ppan_c,D-4'-Phosphopantothenate
BIOMD0000001093,M_4ppcys_c,N-((R)-4-Phosphopantothenoyl)-L-cysteine
BIOMD0000001093,M_4pqq_c,2 amino 4 5  2 amino 2 carboxylatoethyl  2 hydroxyphenylpentanedioate
BIOMD0000001093,M_4pvcoa_c,4-phosphovaleryl-CoA
BIOMD0000001093,M_4r5au_c,4-(1-D-Ribitylamino)-5-aminouracil
BIOMD0000001093,M_56dthm_c,"5,6-Dihydrothymine"
BIOMD0000001093,M_56dura_c,"5,6-dihydrouracil"
BIOMD0000001093,M_5a2opntn_c,5-Amino-2-oxopentanoate
BIOMD0000001093,M_5aizc_c,5-amino-1-(5-phospho-D-ribosyl)imidazole-4-carboxylate
BIOMD0000001093,M_5aop_c,5-Amino-4-oxopentanoate
BIOMD0000001093,M_5apentam_c,5-Aminopentanamide
BIOMD0000001093,M_5aprbu_c,5-Amino-6-(5'-phosphoribitylamino)uracil
BIOMD0000001093,M_5apru_c,5-Amino-6-(5'-phosphoribosylamino)uracil
BIOMD0000001093,M_5aptn_c,5-Aminopentanoate
BIOMD0000001093,M_5aptn_e,5-Aminopentanoate
BIOMD0000001093,M_5aptn_p,5-Aminopentanoate
BIOMD0000001093,M_5caiz_c,5-phosphoribosyl-5-carboxyaminoimidazole
BIOMD0000001093,M_5dh4dglc_c,5-Dehydro-4-deoxy-D-glucarate
BIOMD0000001093,M_5drib_c,5'-deoxyribose
BIOMD0000001093,M_5fthf_c,5-Formyltetrahydrofolate
BIOMD0000001093,M_5g2oxpt_c,2-Oxoarginine
BIOMD0000001093,M_5g2oxpt_e,2-Oxoarginine
BIOMD0000001093,M_5g2oxpt_p,2-Oxoarginine
BIOMD0000001093,M_5hiu_c,5-Hydroxyisourate
BIOMD0000001093,M_5houdic_c,"5-Hydroxy-2-oxo-4-ureido-2,5-dihydro-1H-imidazole-5-carboxylate"
BIOMD0000001093,M_5mcsn_c,5-Methylcytosine
BIOMD0000001093,M_5mcsn_e,5-Methylcytosine
BIOMD0000001093,M_5mcsn_p,5-Methylcytosine
BIOMD0000001093,M_5mdr1p_c,5-Methylthio-5-deoxy-D-ribose 1-phosphate
BIOMD0000001093,M_5mdru1p_c,5-Methylthio-5-deoxy-D-ribulose 1-phosphate
BIOMD0000001093,M_5mthf_c,5-Methyltetrahydrofolate
BIOMD0000001093,M_5odhf2a_c,"5-Oxo-4,5-dihydrofuran-2-acetate"
BIOMD0000001093,M_5oxpro_c,5-Oxoproline
BIOMD0000001093,M_5oxpro_e,5-Oxoproline
BIOMD0000001093,M_5oxpro_p,5-Oxoproline
BIOMD0000001093,M_5prdmbz_c,"N1-(5-Phospho-alpha-D-ribosyl)-5,6-dimethylbenzimidazole"
BIOMD0000001093,M_6a2ohxnt_c,6-Amino-2-oxohexanoate
BIOMD0000001093,M_6ath2coa_c,6 acetylthiohex 2 enoyl CoA
BIOMD0000001093,M_6atha_e,6 acetylthiohexanoic acid
BIOMD0000001093,M_6atha_p,6 acetylthiohexanoic acid
BIOMD0000001093,M_6athcoa_c,6 Acetylthiohexanoyl CoA
BIOMD0000001093,M_6hnac_c,6-Hydroxynicotinate
BIOMD0000001093,M_6hnac_e,6-Hydroxynicotinate
BIOMD0000001093,M_6hnac_p,6-Hydroxynicotinate
BIOMD0000001093,M_6p2dhglcn_c,6-Phospho-2-dehydro-D-gluconate
BIOMD0000001093,M_6pgc_c,6-Phospho-D-gluconate
BIOMD0000001093,M_6pgl_c,"6-phospho-D-glucono-1,5-lactone"
BIOMD0000001093,M_8aonn_c,8-Amino-7-oxononanoate
BIOMD0000001093,M_ACP_c,Acyl carrier protein
BIOMD0000001093,M_C100aPHA_c,C100 Medium chain length aliphatic Polyhydroxyalkanote
BIOMD0000001093,M_C100pPHA_c,C100 Medium chain length phenyl Polyhydroxyalkanoate
BIOMD0000001093,M_C101PAH_c,C101 Medium chain length aliphatic Polyhydroxyalkanote
BIOMD0000001093,M_C120aPHA_c,C120 Medium chain length Polyhydroxyalkanoate
BIOMD0000001093,M_C121aPHA_c,C121 Medium chain length Polylydroxyalkanoate
BIOMD0000001093,M_C121d6PHA_c,C121d5 Medium chain length Polyhydroxyalkanoate
BIOMD0000001093,M_C140aPHA_c,C140 Medium chain length Polylydroxyalkanoate
BIOMD0000001093,M_C141aPHA_c,C141 Medium chain length Polyhydroxyalkanoate
BIOMD0000001093,M_C141d5PHA_c,C141 Medium chain length Polyhydroxyalkanoate  cis 5
BIOMD0000001093,M_C142PHA_c,C142 Medium chain length Polyhydroxyalkanoate
BIOMD0000001093,M_C40aPHA_c,C40 Medium chain length aliphatic Polyhydroxyalcanoate
BIOMD0000001093,M_C40atPHA_c,C40 Medium chain length acetylthio Polyhydroxyalkanoate
BIOMD0000001093,M_C40pPHA_c,C40 Medium chain length phenyl Polyhydroxyalkanoate
BIOMD0000001093,M_C50aPHA_c,C50 Medium chain length aliphatic Polyhydroxyalkanoate
BIOMD0000001093,M_C50pPHA_c,C50 Medium chaing length phenyl Polyhydroxyalkanoate
BIOMD0000001093,M_C60aPHA_c,C60 Medium chain length aliphatic Polyhydroxyalkanoate
BIOMD0000001093,M_C60atPHA_c,C60 Medium chain length acetylthio Polyhydroxyalkanoate
BIOMD0000001093,M_C60pPHA_c,C60 Medium chaing length phenyl Polyhydroxyalkanoate
BIOMD0000001093,M_C70aPHA_c,C70 Medium chain length aliphatic Polyhydroxyalkanoate
BIOMD0000001093,M_C70pPHA_c,C70 Medium chain length phenyl Polyhydroxyalkanoate
BIOMD0000001093,M_C80aPHA_c,C80 Medium chain length aliphatic Polyhydroxyalkanoate
BIOMD0000001093,M_C80pPHA_c,C80 Medium chain length phenyl Polyhydroxyalkanoate
BIOMD0000001093,M_C90aPHA_c,C90 Medium chain length aliphatic Polyhydroxyalkanoate
BIOMD0000001093,M_C90pPHA_c,C90 Medium chain length phenyl Polyhydroxyalkanoate
BIOMD0000001093,M_CCbuttc_c,"Cis,cis-Butadiene-1,2,4-tricarboxylate"
BIOMD0000001093,M_L2aadp6sa_c,L 2 Aminoadipate 6 semialdehyde C6H11NO3
BIOMD0000001093,M_L2aadp_c,L 2 Aminoadipate C6H10NO4
BIOMD0000001093,M_LalaDgluMdapDala_c,"L-alanine-D-glutamate-meso-2,6-diaminoheptanedioate-D-alanine"
BIOMD0000001093,M_LalaDgluMdapDala_p,"L-alanine-D-glutamate-meso-2,6-diaminoheptanedioate-D-alanine"
BIOMD0000001093,M_LalaDgluMdap_c,"L-alanine-D-glutamate-meso-2,6-diaminoheptanedioate"
BIOMD0000001093,M_LalaDgluMdap_p,"L-alanine-D-glutamate-meso-2,6-diaminoheptanedioate"
BIOMD0000001093,M_LalaLglu_c,L-alanine-L-glutamate
BIOMD0000001093,M_LalaLglu_e,L-alanine-L-glutamate
BIOMD0000001093,M_LalaLglu_p,L-alanine-L-glutamate
BIOMD0000001093,M_Largn_c,L-Arogenate
BIOMD0000001093,M_Lpipecol_c,L-pipecolic acid; piperidine-2-carboxylic acid
BIOMD0000001093,M_Ncarbsar_c,N Carbamoylsarcosine
BIOMD0000001093,M_Ncbmpts_c,N-Carbamoylputrescine
BIOMD0000001093,M_Ncbmpts_e,N-Carbamoylputrescine
BIOMD0000001093,M_Ncbmpts_p,N-Carbamoylputrescine
BIOMD0000001093,M_Nforglu_c,N-Formyl-L-glutamate
BIOMD0000001093,M_PHAg_c,Pre existent Polyhydroxyalkanoate granule
BIOMD0000001093,M_R3hdec4coa_c,3 Hydroxy 4Z decenoyl CoA
BIOMD0000001093,M_R3hdec4e_c,3 Hydroxy 4Z decenic acid
BIOMD0000001093,M_R3hdec4e_e,3 Hydroxy 4Z decenic acid
BIOMD0000001093,M_R3hdec4e_p,3 Hydroxy 4Z decenic acid
BIOMD0000001093,M_R_3h4atba_c,3 Hydroxy 4 acetylthiobutanoic acid
BIOMD0000001093,M_R_3h4atba_e,3 Hydroxy 4 acetylthiobutanoic acid
BIOMD0000001093,M_R_3h4atba_p,3 Hydroxy 4 acetylthiobutanoic acid
BIOMD0000001093,M_R_3h4atbcoa_c,3 Hydroxy 4 acetylthiobutanyl CoA
BIOMD0000001093,M_R_3h6atha_c,3 Hydroxy 6acetylthiohexanoic acid
BIOMD0000001093,M_R_3h6atha_e,3 Hydroxy 6acetylthiohexanoic acid
BIOMD0000001093,M_R_3h6atha_p,3 Hydroxy 6acetylthiohexanoic acid
BIOMD0000001093,M_R_3h6athcoa_c,3 Hydroxy 6 acetylthiohexanoyl CoA
BIOMD0000001093,M_R_3hcddec5ecoa_c,(R)-Hydroxydodecanoyl-5-en-CoA
BIOMD0000001093,M_R_3hcmrs7e_c,3 hydroxy cis myristol 7 en
BIOMD0000001093,M_R_3hcmrs7e_e,3 hydroxy cis myristol 7 en
BIOMD0000001093,M_R_3hcmrs7e_p,3 hydroxy cis myristol 7 en
BIOMD0000001093,M_R_3hcmrs7ecoa_c,(R)-3-hydroxy-cis-myristol-7-eoyl-CoA
BIOMD0000001093,M_R_3hdcaa_c,3 hydroxydecanoic acid
BIOMD0000001093,M_R_3hdcaa_e,3 hydroxydecanoic acid
BIOMD0000001093,M_R_3hdcaa_p,3 hydroxydecanoic acid
BIOMD0000001093,M_R_3hdcoa_c,(R)-Hydroxydecanoyl-CoA
BIOMD0000001093,M_R_3hdd5ea_c,3 Hydroxydodecanoic 5 en acid
BIOMD0000001093,M_R_3hdd5ea_e,3 Hydroxydodecanoic 5 en acid
BIOMD0000001093,M_R_3hdd5ea_p,3 Hydroxydodecanoic 5 en acid
BIOMD0000001093,M_R_3hdd6coa_c,3 hydroxy  6Z  dodedecenyl CoA
BIOMD0000001093,M_R_3hdd6e_c,3 Hydroxydodecanoic 6 en acid
BIOMD0000001093,M_R_3hdd6e_e,3 Hydroxydodecanoic 6 en acid
BIOMD0000001093,M_R_3hdd6e_p,3 Hydroxydodecanoic 6 en acid
BIOMD0000001093,M_R_3hdda_c,3 Hydroxydodecanoic acid
BIOMD0000001093,M_R_3hdda_e,3 Hydroxydodecanoic acid
BIOMD0000001093,M_R_3hdda_p,3 Hydroxydodecanoic acid
BIOMD0000001093,M_R_3hddcoa_c,(R)-3-Hydroxydodecanoyl-CoA
BIOMD0000001093,M_R_3hhcoa_c,(R)-Hydroxyhexanoyl-CoA
BIOMD0000001093,M_R_3hhdca_c,3 Hydroxyhexadecanoic acid
BIOMD0000001093,M_R_3hhdca_e,3 Hydroxyhexadecanoic acid
BIOMD0000001093,M_R_3hhdca_p,3 Hydroxyhexadecanoic acid
BIOMD0000001093,M_R_3hhdcoa_c,3 Hydroxyhexadecanoyl CoA
BIOMD0000001093,M_R_3hhpa_c,3 hydroxyheptanoic acid
BIOMD0000001093,M_R_3hhpa_e,3 hydroxyheptanoic acid
BIOMD0000001093,M_R_3hhpa_p,3 hydroxyheptanoic acid
BIOMD0000001093,M_R_3hhpcoa_c,3 Hydroxyheptanoyl CoA
BIOMD0000001093,M_R_3hhxa_c,3 hydroxyhexanoic acid
BIOMD0000001093,M_R_3hhxa_e,3 hydroxyhexanoic acid
BIOMD0000001093,M_R_3hhxa_p,3 hydroxyhexanoic acid
BIOMD0000001093,M_R_3hmrscoa_c,(R)-3-hydroxytetradecanoyl-coa
BIOMD0000001093,M_R_3hnonaa_c,3 hydroxynonanoic acid
BIOMD0000001093,M_R_3hnonaa_e,3 hydroxynonanoic acid
BIOMD0000001093,M_R_3hnonaa_p,3 hydroxynonanoic acid
BIOMD0000001093,M_R_3hnonacoa_c,3 Hydroxynonanoyl CoA
BIOMD0000001093,M_R_3hocoa_c,(R)-Hydroxyoctanoyl-CoA
BIOMD0000001093,M_R_3hocta_c,3 hydroxyoctanoic acid
BIOMD0000001093,M_R_3hocta_e,3 hydroxyoctanoic acid
BIOMD0000001093,M_R_3hocta_p,3 hydroxyoctanoic acid
BIOMD0000001093,M_R_3hpba_c,3 Hydroxyphenylbutanoic acid
BIOMD0000001093,M_R_3hpba_e,3 Hydroxyphenylbutanoic acid
BIOMD0000001093,M_R_3hpba_p,3 Hydroxyphenylbutanoic acid
BIOMD0000001093,M_R_3hpbcoa_c,3 Hydroxyphenylbutanoyl CoA
BIOMD0000001093,M_R_3hpdeca_c,3 Hydroxy 10 phenyldecanoic acid
BIOMD0000001093,M_R_3hpdeca_e,3 Hydroxy 10 phenyldecanoic acid
BIOMD0000001093,M_R_3hpdeca_p,3 Hydroxy 10 phenyldecanoic acid
BIOMD0000001093,M_R_3hpdecacoa_c,3 Hydroxyphenyldecanoyl CoA
BIOMD0000001093,M_R_3hphpa_c,3 Hydroxy 7 phenylheptanoic acid
BIOMD0000001093,M_R_3hphpa_e,3 Hydroxy 7 phenylheptanoic acid
BIOMD0000001093,M_R_3hphpa_p,3 Hydroxy 7 phenylheptanoic acid
BIOMD0000001093,M_R_3hphpcoa_c,3 Hydroxyphenylheptanoyl CoA
BIOMD0000001093,M_R_3hphxa_c,3 Hydroxy 6 phenylhexanoic acid
BIOMD0000001093,M_R_3hphxa_e,3 Hydroxy 6 phenylhexanoic acid
BIOMD0000001093,M_R_3hphxa_p,3 Hydroxy 6 phenylhexanoic acid
BIOMD0000001093,M_R_3hphxacoa_c,3 Hydroxyphenylhexanoyl CoA
BIOMD0000001093,M_R_3hpnona_c,3 Hydroxy 9 phenylnonanoic acid
BIOMD0000001093,M_R_3hpnona_e,3 Hydroxy 9 phenylnonanoic acid
BIOMD0000001093,M_R_3hpnona_p,3 Hydroxy 9 phenylnonanoic acid
BIOMD0000001093,M_R_3hpnonacoa_c,3 Hydroxyphenylnonanoyl CoA
BIOMD0000001093,M_R_3hpocta_c,3 Hydroxy 8 phenyloctanoic acid
BIOMD0000001093,M_R_3hpocta_e,3 Hydroxy 8 phenyloctanoic acid
BIOMD0000001093,M_R_3hpocta_p,3 Hydroxy 8 phenyloctanoic acid
BIOMD0000001093,M_R_3hpoctacoa_c,3 Hydroxyphenyloctanoyl CoA
BIOMD0000001093,M_R_3hppta_c,3 Hydroxy 5 phenylpentanoic acic
BIOMD0000001093,M_R_3hppta_e,3 Hydroxy 5 phenylpentanoic acic
BIOMD0000001093,M_R_3hppta_p,3 Hydroxy 5 phenylpentanoic acic
BIOMD0000001093,M_R_3hpptcoa_c,3 Hydroxyphenylpentanoyl CoA
BIOMD0000001093,M_R_3hpt_c,3 Hydroxypentanoic acid
BIOMD0000001093,M_R_3hpt_e,3 Hydroxypentanoic acid
BIOMD0000001093,M_R_3hpt_p,3 Hydroxypentanoic acid
BIOMD0000001093,M_R_3hptcoa_c,3 Hydroxpypentoyl CoA
BIOMD0000001093,M_R_3htd58coa_c,3 hydroxy  5Z 8Z  tetradecedienyl CoA
BIOMD0000001093,M_R_3htd58e_c,3 hydroxy  5Z 8Z  tetradecedienic acid
BIOMD0000001093,M_R_3htd58e_e,3 hydroxy  5Z 8Z  tetradecedienic acid
BIOMD0000001093,M_R_3htd58e_p,3 hydroxy  5Z 8Z  tetradecedienic acid
BIOMD0000001093,M_R_3htd5coa_c,3 hydroxy  5Z  tetradecenyl CoA
BIOMD0000001093,M_R_3htd5e_c,3 hydroxy  5Z  tetradecenic acid
BIOMD0000001093,M_R_3htd5e_e,3 hydroxy  5Z  tetradecenic acid
BIOMD0000001093,M_R_3htd5e_p,3 hydroxy  5Z  tetradecenic acid
BIOMD0000001093,M_R_3httdca_c,3 Hydroxytetradecanoic acid
BIOMD0000001093,M_R_3httdca_e,3 Hydroxytetradecanoic acid
BIOMD0000001093,M_R_3httdca_p,3 Hydroxytetradecanoic acid
BIOMD0000001093,M_S2hglut_c,(S)-2-Hydroxyglutarate
BIOMD0000001093,M_S_gtrdhdlp_c,S-Glutaryldihydrolipoamide
BIOMD0000001093,M_Sfglutth_c,S-Formylglutathione
BIOMD0000001093,M_T4hcinnm_c,Trans 4 Hydroxycinnamate C9H7O3
BIOMD0000001093,M_T4hcinnm_e,Trans 4 Hydroxycinnamate C9H7O3
BIOMD0000001093,M_T4hcinnm_p,Trans 4 Hydroxycinnamate C9H7O3
BIOMD0000001093,M_aac24dab_c,N alpha AcetylL 2 4 diaminobutyrate
BIOMD0000001093,M_aacald_c,Aminoacetaldehyde
BIOMD0000001093,M_aacoa_c,Acetoacetyl-CoA
BIOMD0000001093,M_aact_c,Aminoacetone
BIOMD0000001093,M_acACP_c,Acetyl-ACP
BIOMD0000001093,M_ac_c,Acetate
BIOMD0000001093,M_ac_e,Acetate
BIOMD0000001093,M_ac_p,Acetate
BIOMD0000001093,M_acac_c,Acetoacetate
BIOMD0000001093,M_acac_e,Acetoacetate
BIOMD0000001093,M_acac_p,Acetoacetate
BIOMD0000001093,M_acald_c,Acetaldehyde
BIOMD0000001093,M_acald_e,Acetaldehyde
BIOMD0000001093,M_acald_p,Acetaldehyde
BIOMD0000001093,M_accoa_c,Acetyl-CoA
BIOMD0000001093,M_acg5p_c,N-Acetyl-L-glutamyl 5-phosphate
BIOMD0000001093,M_acg5sa_c,N-Acetyl-L-glutamate 5-semialdehyde
BIOMD0000001093,M_acgam1p_c,N-Acetyl-D-glucosamine 1-phosphate
BIOMD0000001093,M_acgam_c,N-Acetyl-D-glucosamine
BIOMD0000001093,M_acglu_c,N-Acetyl-L-glutamate
BIOMD0000001093,M_achms_c,O Acetyl L homoserine C6H11NO4
BIOMD0000001093,M_acmet_c,N-Acetylmethionine
BIOMD0000001093,M_acmtsoxin_c,N Acetylmethionine sulfoximine
BIOMD0000001093,M_acmtsoxin_e,N Acetylmethionine sulfoximine
BIOMD0000001093,M_acmtsoxin_p,N Acetylmethionine sulfoximine
BIOMD0000001093,M_acmum6p_c,N-acetylmuramate 6-phosphate
BIOMD0000001093,M_acon_C_c,Cis-Aconitate
BIOMD0000001093,M_acon_C_e,Cis-Aconitate
BIOMD0000001093,M_acon_C_p,Cis-Aconitate
BIOMD0000001093,M_acon_T_c,Trans-Aconitate
BIOMD0000001093,M_aconm_c,E-3-carboxy-2-pentenedioate 6-methyl ester
BIOMD0000001093,M_acorn_c,N2-Acetyl-L-ornithine
BIOMD0000001093,M_acpptrn_c,N Acetylphosphinothricin
BIOMD0000001093,M_acpptrn_e,N Acetylphosphinothricin
BIOMD0000001093,M_acpptrn_p,N Acetylphosphinothricin
BIOMD0000001093,M_acser_c,O-Acetyl-L-serine
BIOMD0000001093,M_acser_e,O-Acetyl-L-serine
BIOMD0000001093,M_acser_p,O-Acetyl-L-serine
BIOMD0000001093,M_actACP_c,Acetoacetyl-ACP
BIOMD0000001093,M_actn__R_c,R  Acetoin C4H8O2
BIOMD0000001093,M_actn__R_e,R  Acetoin C4H8O2
BIOMD0000001093,M_actn__R_p,R  Acetoin C4H8O2
BIOMD0000001093,M_actp_c,Acetyl phosphate
BIOMD0000001093,M_ad_c,Acetamide
BIOMD0000001093,M_adcobdam_c,Adenosyl cobyrinate diamide
BIOMD0000001093,M_adcobhex_c,Adenosyl-cobyric acid
BIOMD0000001093,M_ade_c,Adenine
BIOMD0000001093,M_ade_e,Adenine
BIOMD0000001093,M_ade_p,Adenine
BIOMD0000001093,M_adhlam_c,S-Acetyldihydrolipoamide
BIOMD0000001093,M_adn_c,Adenosine
BIOMD0000001093,M_adn_e,Adenosine
BIOMD0000001093,M_adn_p,Adenosine
BIOMD0000001093,M_adocbi_c,Adenosyl cobinamide
BIOMD0000001093,M_adocbip_c,Adenosyl cobinamide phosphate
BIOMD0000001093,M_adocbl_c,Adenosylcobalamin
BIOMD0000001093,M_adocbl_e,Adenosylcobalamin
BIOMD0000001093,M_adocbl_p,Adenosylcobalamin
BIOMD0000001093,M_adp_c,ADP C10H12N5O10P2
BIOMD0000001093,M_adpglc_c,ADPglucose C16H23N5O15P2
BIOMD0000001093,M_adphep_DD_c,ADP-D-glycero-D-manno-heptose
BIOMD0000001093,M_adphep_LD_c,ADP-L-glycero-D-manno-heptose
BIOMD0000001093,M_adprib_c,ADPribose C15H21N5O14P2
BIOMD0000001093,M_adsel_c,Adenylylselenate
BIOMD0000001093,M_ag_c,Silver
BIOMD0000001093,M_ag_e,Silver
BIOMD0000001093,M_ag_p,Silver
BIOMD0000001093,M_agdpcbi_c,Adenosine-GDP-cobinamide
BIOMD0000001093,M_agm_c,Agmatine
BIOMD0000001093,M_agm_e,Agmatine
BIOMD0000001093,M_agm_p,Agmatine
BIOMD0000001093,M_ahcys_c,S-Adenosyl-L-homocysteine
BIOMD0000001093,M_ahdt_c,"2-Amino-4-hydroxy-6-(erythro-1,2,3-trihydroxypropyl)dihydropteridine triphosphate"
BIOMD0000001093,M_aicar_c,5-Amino-1-(5-Phospho-D-ribosyl)imidazole-4-carboxamide
BIOMD0000001093,M_air_c,5-amino-1-(5-phospho-D-ribosyl)imidazole
BIOMD0000001093,M_akg_c,2-Oxoglutarate
BIOMD0000001093,M_akg_e,2-Oxoglutarate
BIOMD0000001093,M_akg_p,2-Oxoglutarate
BIOMD0000001093,M_ala_B_c,Beta-Alanine
BIOMD0000001093,M_ala_B_e,Beta-Alanine
BIOMD0000001093,M_ala_B_p,Beta-Alanine
BIOMD0000001093,M_ala__D_c,D-Alanine
BIOMD0000001093,M_ala__D_e,D-Alanine
BIOMD0000001093,M_ala__D_p,D-Alanine
BIOMD0000001093,M_ala__L_c,L-Alanine
BIOMD0000001093,M_ala__L_e,L-Alanine
BIOMD0000001093,M_ala__L_p,L-Alanine
BIOMD0000001093,M_alaala_c,D-Alanyl-D-alanine
BIOMD0000001093,M_alaala_e,D-Alanyl-D-alanine
BIOMD0000001093,M_alaala_p,D-Alanyl-D-alanine
BIOMD0000001093,M_alac__S_c,(S)-2-Acetolactate
BIOMD0000001093,M_alahis_c,L alaninylhistidine
BIOMD0000001093,M_alahis_e,L alaninylhistidine
BIOMD0000001093,M_alahis_p,L alaninylhistidine
BIOMD0000001093,M_alaleu_c,L alaninylleucine
BIOMD0000001093,M_alaleu_e,L alaninylleucine
BIOMD0000001093,M_alaleu_p,L alaninylleucine
BIOMD0000001093,M_alathr_c,L alaninylthreonine
BIOMD0000001093,M_alathr_e,L alaninylthreonine
BIOMD0000001093,M_alathr_p,L alaninylthreonine
BIOMD0000001093,M_alatrna_c,L-Alanyl-tRNA(Ala)
BIOMD0000001093,M_alatrp_c,L alaninyltryptophan
BIOMD0000001093,M_alatrp_e,L alaninyltryptophan
BIOMD0000001093,M_alatrp_p,L alaninyltryptophan
BIOMD0000001093,M_algac_MG_14_e,Alginate  1 units of acetylated D mannuronate and 4 units ofL guluronate
BIOMD0000001093,M_algac_MG_14_p,Alginate  1 units of acetylated D mannuronate and 4 units ofL guluronate
BIOMD0000001093,M_algac_MG_23_e,Alginate  2 units of acetylated D mannuronate and 3 units ofL guluronate
BIOMD0000001093,M_algac_MG_23_p,Alginate  2 units of acetylated D mannuronate and 3 units ofL guluronate
BIOMD0000001093,M_algac_MG_32_e,Alginate  3 units of acetylated D mannuronate and 2 units ofL guluronate
BIOMD0000001093,M_algac_MG_32_p,Alginate  3 units of acetylated D mannuronate and 2 units ofL guluronate
BIOMD0000001093,M_algac_MG_41_e,Alginate  4 units of acetylated D mannuronate and one unit ofL guluronate
BIOMD0000001093,M_algac_MG_41_p,Alginate  4 units of acetylated D mannuronate and one unit ofL guluronate
BIOMD0000001093,M_algac__M_e,Alginate  5 units of  D mannuronate completelly acetylated
BIOMD0000001093,M_algac__M_p,Alginate  5 units of  D mannuronate completelly acetylated
BIOMD0000001093,M_alltn__R_c,Allantoin
BIOMD0000001093,M_alltn_c,Allantoin
BIOMD0000001093,M_alltn_e,Allantoin
BIOMD0000001093,M_alltn_p,Allantoin
BIOMD0000001093,M_alltt_c,Allantoate
BIOMD0000001093,M_alpp_p,Applipoprotein
BIOMD0000001093,M_altrn_c,D-Altronate
BIOMD0000001093,M_amet_c,S-Adenosyl-L-methionine
BIOMD0000001093,M_amob_c,S-Adenosyl-4-methylthio-2-oxobutanoate
BIOMD0000001093,M_amp_c,AMP C10H12N5O7P
BIOMD0000001093,M_amp_p,AMP C10H12N5O7P
BIOMD0000001093,M_anhgm3p_c,N-Acetyl-D-glucosamine(anhydrous)N-Acetylmuramyl-tripeptide
BIOMD0000001093,M_anhgm3p_p,N-Acetyl-D-glucosamine(anhydrous)N-Acetylmuramyl-tripeptide
BIOMD0000001093,M_anhgm4p_c,N-Acetyl-D-glucosamine(anhydrous)N-Acetylmuramyl-tetrapeptide
BIOMD0000001093,M_anhgm4p_p,N-Acetyl-D-glucosamine(anhydrous)N-Acetylmuramyl-tetrapeptide
BIOMD0000001093,M_anhgm_c,N-Acetyl-D-glucosamine(anhydrous)N-Acetylmuramic acid
BIOMD0000001093,M_anhgm_p,N-Acetyl-D-glucosamine(anhydrous)N-Acetylmuramic acid
BIOMD0000001093,M_anhm3p_c,"1,6-anhydrous-N-Acetylmuramyl-tripeptide"
BIOMD0000001093,M_anhm4p_c,"1,6-anhydrous-N-Acetylmuramyl-tetrapeptide"
BIOMD0000001093,M_anhm_c,"1,6-anhydrous-N-Acetylmuramate"
BIOMD0000001093,M_anth_c,Anthranilate
BIOMD0000001093,M_ap4a_c,"P1,P4-Bis(5'-adenosyl) tetraphosphate"
BIOMD0000001093,M_apc_c,Ampicillin
BIOMD0000001093,M_apc_e,Ampicillin
BIOMD0000001093,M_apc_p,Ampicillin
BIOMD0000001093,M_apoACP_c,Apoprotein [acyl carrier protein]
BIOMD0000001093,M_appl_c,1-Aminopropan-2-ol
BIOMD0000001093,M_applp_c,D-1-Aminopropan-2-ol O-phosphate
BIOMD0000001093,M_aps_c,Adenosine 5'-phosphosulfate
BIOMD0000001093,M_ara5p_c,D-Arabinose 5-phosphate
BIOMD0000001093,M_arab__L_c,L-Arabinose
BIOMD0000001093,M_arab__L_p,L-Arabinose
BIOMD0000001093,M_arbtn_c,Aerobactin minus Fe3
BIOMD0000001093,M_arbtn_e,Aerobactin minus Fe3
BIOMD0000001093,M_arbtn_fe3_c,Aerobactin
BIOMD0000001093,M_arbtn_fe3_e,Aerobactin
BIOMD0000001093,M_arbtn_fe3_p,Aerobactin
BIOMD0000001093,M_arbtn_p,Aerobactin minus Fe3
BIOMD0000001093,M_arg__D_c,D-Arginine
BIOMD0000001093,M_arg__D_e,D-Arginine
BIOMD0000001093,M_arg__D_p,D-Arginine
BIOMD0000001093,M_arg__L_c,L-Arginine
BIOMD0000001093,M_arg__L_e,L-Arginine
BIOMD0000001093,M_arg__L_p,L-Arginine
BIOMD0000001093,M_argsuc_c,N(omega)-(L-Arginino)succinate
BIOMD0000001093,M_argtrna_c,L-Arginyl-tRNA(Arg)
BIOMD0000001093,M_asn__D_c,D Asparagine
BIOMD0000001093,M_asn__D_e,D Asparagine
BIOMD0000001093,M_asn__D_p,D Asparagine
BIOMD0000001093,M_asn__L_c,L-Asparagine
BIOMD0000001093,M_asn__L_e,L-Asparagine
BIOMD0000001093,M_asn__L_p,L-Asparagine
BIOMD0000001093,M_aso3_c,Arsenite
BIOMD0000001093,M_aso3_e,Arsenite
BIOMD0000001093,M_aso3_p,Arsenite
BIOMD0000001093,M_aso4_c,Arsenate
BIOMD0000001093,M_aso4_e,Arsenate
BIOMD0000001093,M_aso4_p,Arsenate
BIOMD0000001093,M_asp__L_c,L-Aspartate
BIOMD0000001093,M_asp__L_e,L-Aspartate
BIOMD0000001093,M_asp__L_p,L-Aspartate
BIOMD0000001093,M_aspsa_c,L-Aspartate 4-semialdehyde
BIOMD0000001093,M_asptrna_c,L-Aspartyl-tRNA(Asp)
BIOMD0000001093,M_athr__L_c,L-Allo-threonine
BIOMD0000001093,M_atp_c,ATP C10H12N5O13P3
BIOMD0000001093,M_b2coa_c,Crotonoyl-CoA
BIOMD0000001093,M_balaala_c,Beta alanylL alanine
BIOMD0000001093,M_balaala_e,Beta alanylL alanine
BIOMD0000001093,M_balaala_p,Beta alanylL alanine
BIOMD0000001093,M_balabala_c,Beta alanyl beta alanine
BIOMD0000001093,M_balabala_e,Beta alanyl beta alanine
BIOMD0000001093,M_balabala_p,Beta alanyl beta alanine
BIOMD0000001093,M_balagly_c,Beta alanylL glycine
BIOMD0000001093,M_balagly_e,Beta alanylL glycine
BIOMD0000001093,M_balagly_p,Beta alanylL glycine
BIOMD0000001093,M_balaleu_c,Beta alanylL leucine
BIOMD0000001093,M_balaleu_e,Beta alanylL leucine
BIOMD0000001093,M_balaleu_p,Beta alanylL leucine
BIOMD0000001093,M_balamd_c,Beta Alaninamide
BIOMD0000001093,M_balamd_e,Beta Alaninamide
BIOMD0000001093,M_balamd_p,Beta Alaninamide
BIOMD0000001093,M_betald_c,Betaine aldehyde
BIOMD0000001093,M_bglyg4n_c,Branching glycogen  4 units
BIOMD0000001093,M_bhb_c,(R)-3-Hydroxybutanoate
BIOMD0000001093,M_bhb_e,(R)-3-Hydroxybutanoate
BIOMD0000001093,M_bhb_p,(R)-3-Hydroxybutanoate
BIOMD0000001093,M_biliverd_c,Biliverdin cytosol
BIOMD0000001093,M_biliverd_e,Biliverdin cytosol
BIOMD0000001093,M_biliverd_p,Biliverdin cytosol
BIOMD0000001093,M_bmoco1gdp_c,Bis-molybdopterin mono-guanine dinucleotide
BIOMD0000001093,M_bmoco_c,Bis-molybdenum cofactor
BIOMD0000001093,M_bmocogdp_c,Bis-molybdopterin guanine dinucleotide
BIOMD0000001093,M_btal_c,Butanal C4H8O
BIOMD0000001093,M_btamp_c,Biotinyl 5  AMP C20H27N7O9PS
BIOMD0000001093,M_btcoa_c,Butanoyl-CoA
BIOMD0000001093,M_btd_RR_c,R R  2 3 Butanediol C4H10O2
BIOMD0000001093,M_btd_RR_e,R R  2 3 Butanediol C4H10O2
BIOMD0000001093,M_btd_RR_p,R R  2 3 Butanediol C4H10O2
BIOMD0000001093,M_btn_c,Biotin
BIOMD0000001093,M_btn_e,Biotin
BIOMD0000001093,M_btn_p,Biotin
BIOMD0000001093,M_but2eACP_c,But-2-enoyl-[acyl-carrier protein]
BIOMD0000001093,M_butACP_c,Butyryl-ACP (n-C4:0ACP)
BIOMD0000001093,M_but_c,Butyrate (n-C4:0)
BIOMD0000001093,M_butso3_c,Butanesulfonate
BIOMD0000001093,M_butso3_e,Butanesulfonate
BIOMD0000001093,M_butso3_p,Butanesulfonate
BIOMD0000001093,M_bwco1gdp_c,Tungsten bispterin cofactor mono-guanine dinucleotide
BIOMD0000001093,M_bwco_c,Tungsten bispterin cofactor
BIOMD0000001093,M_bwcogdp_c,Tungsten bispterin cofactor guanine dinucleotide
BIOMD0000001093,M_bz12diol_c,"Cis-1,2-Dihydroxycyclohexa-3,5-diene-1-carboxylate"
BIOMD0000001093,M_bz_c,Benzoate
BIOMD0000001093,M_bz_e,Benzoate
BIOMD0000001093,M_bz_p,Benzoate
BIOMD0000001093,M_bzal_c,Benzaldehyde
BIOMD0000001093,M_bzalc_c,Benzyl alcohol
BIOMD0000001093,M_ca2_c,Calcium
BIOMD0000001093,M_ca2_e,Calcium
BIOMD0000001093,M_ca2_p,Calcium
BIOMD0000001093,M_caffcoa_c,Caffeoyl-CoA
BIOMD0000001093,M_cala_c,N-Carbamoyl-beta-alanine
BIOMD0000001093,M_camp_c,CAMP C10H11N5O6P
BIOMD0000001093,M_carn_c,L-Carnosine
BIOMD0000001093,M_carn_e,L-Carnosine
BIOMD0000001093,M_carn_p,L-Carnosine
BIOMD0000001093,M_catechol_c,Catechol
BIOMD0000001093,M_catechol_e,Catechol
BIOMD0000001093,M_catechol_p,Catechol
BIOMD0000001093,M_cbasp_c,N-Carbamoyl-L-aspartate
BIOMD0000001093,M_cbi_c,Cobinamide
BIOMD0000001093,M_cbi_e,Cobinamide
BIOMD0000001093,M_cbi_p,Cobinamide
BIOMD0000001093,M_cbl1_c,Cob(I)alamin
BIOMD0000001093,M_cbl1_e,Cob(I)alamin
BIOMD0000001093,M_cbl1_p,Cob(I)alamin
BIOMD0000001093,M_cbp_c,Carbamoyl phosphate
BIOMD0000001093,M_cchoxod_c,"2-Hydroxy-6-keto-2,4-heptadienoate"
BIOMD0000001093,M_ccmuac_c,"Cis,cis-Muconate"
BIOMD0000001093,M_cd2_c,Cadmium
BIOMD0000001093,M_cd2_e,Cadmium
BIOMD0000001093,M_cd2_p,Cadmium
BIOMD0000001093,M_cddec5eACP_c,Cis-dodec-5-enoyl-[acyl-carrier protein] (n-C12:1)
BIOMD0000001093,M_cdec3eACP_c,Cis-dec-3-enoyl-[acyl-carrier protein] (n-C10:1)
BIOMD0000001093,M_cdg_c,7-deaza-7-carboxyguanine
BIOMD0000001093,M_cdp_c,CDP C9H12N3O11P2
BIOMD0000001093,M_cdpdddecg_c,"CDP-1,2-didodecanoylglycerol"
BIOMD0000001093,M_cdpdhdec9eg_c,"CDP-1,2-dihexadec-9-enoylglycerol"
BIOMD0000001093,M_cdpdhdecg_c,"CDP-1,2-dihexadecanoylglycerol"
BIOMD0000001093,M_cdpdodec11eg_c,"CDP-1,2-dioctadec-11-enoylglycerol"
BIOMD0000001093,M_cdpdodecg_c,"CDP-1,2-dioctadecanoylglycerol"
BIOMD0000001093,M_cdpdtdec7eg_c,"CDP-1,2-ditetradec-7-enoylglycerol"
BIOMD0000001093,M_cdpdtdecg_c,"CDP-1,2-ditetradecanoylglycerol"
BIOMD0000001093,M_cell4_e,Cellulose (n=4 repeating units)
BIOMD0000001093,M_cell4_p,Cellulose (n=4 repeating units)
BIOMD0000001093,M_cellb_p,Cellobiose
BIOMD0000001093,M_cgly_c,Cys Gly C5H10N2O3S
BIOMD0000001093,M_cgly_e,Cys Gly C5H10N2O3S
BIOMD0000001093,M_cgly_p,Cys Gly C5H10N2O3S
BIOMD0000001093,M_ch4s_c,Methanethiol CH4S
BIOMD0000001093,M_chol_c,Choline C5H14NO
BIOMD0000001093,M_chol_e,Choline C5H14NO
BIOMD0000001093,M_chol_p,Choline C5H14NO
BIOMD0000001093,M_cholp_c,Choline phosphate C5H13NO4P
BIOMD0000001093,M_chols_c,Choline sulfate
BIOMD0000001093,M_chols_e,Choline sulfate
BIOMD0000001093,M_chols_p,Choline sulfate
BIOMD0000001093,M_chor_c,Chorismate
BIOMD0000001093,M_chor_e,Chorismate
BIOMD0000001093,M_chor_p,Chorismate
BIOMD0000001093,M_cinmcoa_c,Cinnamoyl CoA
BIOMD0000001093,M_cinnm_c,Trans-Cinnamate
BIOMD0000001093,M_cinnm_e,Trans-Cinnamate
BIOMD0000001093,M_cinnm_p,Trans-Cinnamate
BIOMD0000001093,M_cit_c,Citrate
BIOMD0000001093,M_cit_e,Citrate
BIOMD0000001093,M_cit_p,Citrate
BIOMD0000001093,M_citr__L_c,L-Citrulline
BIOMD0000001093,M_ckdo_c,CMP-3-deoxy-D-manno-octulosonate
BIOMD0000001093,M_cl_c,Chloride
BIOMD0000001093,M_cl_e,Chloride
BIOMD0000001093,M_cl_p,Chloride
BIOMD0000001093,M_clpn120_p,"Cardiolipin (tetradodecanoyl, n-C12:0)"
BIOMD0000001093,M_clpn140_p,"Cardiolipin (tetratetradecanoyl, n-C14:0)"
BIOMD0000001093,M_clpn141_p,"Cardiolipin (tetratetradec-7-enoyl, n-C14:1)"
BIOMD0000001093,M_clpn160_p,"Cardiolipin (tetrahexadecanoyl, n-C16:0)"
BIOMD0000001093,M_clpn161_p,"Cardiolipin (tetrahexadec-9-enoyl, n-C16:1)"
BIOMD0000001093,M_clpn161e9_p,Cardiolipin  tetrahexadec  9E  enoyl  n C161  trans
BIOMD0000001093,M_clpn180_p,"Cardiolipin (tetraoctadecanoyl, n-C18:0)"
BIOMD0000001093,M_clpn181_p,"Cardiolipin (tetraoctadec-11-enoyl, n-C18:1)"
BIOMD0000001093,M_clpn181e11_p,Cardiolipin  tetraoctadec  11E  enoyl  n C181 trans
BIOMD0000001093,M_cm_c,Chloramphenicol
BIOMD0000001093,M_cm_e,Chloramphenicol
BIOMD0000001093,M_cm_p,Chloramphenicol
BIOMD0000001093,M_cmcbtt_c,"Carboxymycobactin T (R=8 carbon, final carbon is carboxyl group)"
BIOMD0000001093,M_cmcbtt_e,"Carboxymycobactin T (R=8 carbon, final carbon is carboxyl group)"
BIOMD0000001093,M_cmcbtt_p,"Carboxymycobactin T (R=8 carbon, final carbon is carboxyl group)"
BIOMD0000001093,M_cmp_c,CMP C9H12N3O8P
BIOMD0000001093,M_cmp_p,CMP C9H12N3O8P
BIOMD0000001093,M_co1dam_c,"Cob(I)yrinate a,c diamide"
BIOMD0000001093,M_co2_c,CO2 CO2
BIOMD0000001093,M_co2_e,CO2 CO2
BIOMD0000001093,M_co2_p,CO2 CO2
BIOMD0000001093,M_co2dam_c,"Cob(II)yrinate a,c diamide"
BIOMD0000001093,M_co_c,Carbon monoxide
BIOMD0000001093,M_co_e,Carbon monoxide
BIOMD0000001093,M_co_p,Carbon monoxide
BIOMD0000001093,M_coa_c,Coenzyme A
BIOMD0000001093,M_cobalt2_c,Co2+
BIOMD0000001093,M_cobalt2_e,Co2+
BIOMD0000001093,M_cobalt2_p,Co2+
BIOMD0000001093,M_confrl_c,Coniferol
BIOMD0000001093,M_confrl_e,Coniferol
BIOMD0000001093,M_confrl_p,Coniferol
BIOMD0000001093,M_conialdh_c,Coniferyl aldehyde
BIOMD0000001093,M_coucoa_c,P coumaroyl CoA C30H38N7O18P3S1
BIOMD0000001093,M_cpe160_c,"Cyclopropane phosphatidylethanolamine (dihexadec-9,10-cyclo-anoyl, n-C16:0 cyclo)"
BIOMD0000001093,M_cpe180_c,"Cyclopropane phosphatidylethanolamine (dioctadec-11,12-cyclo-anoyl, n-C18:0 cyclo)"
BIOMD0000001093,M_cpg160_c,"Cyclopropane phosphatidylglycerol (dihexadec-9,10-cyclo-anoyl, n-C16:0 cyclo)"
BIOMD0000001093,M_cpg180_c,"Cyclopropane phosphatidylglycerol (dioctadec-11,12-cyclo-anoyl, n-C18:0 cyclo)"
BIOMD0000001093,M_cph4_c,"6-carboxy-5,6,7,8-tetrahydropterin"
BIOMD0000001093,M_cpmp_c,Cyclic pyranopterin monophosphate
BIOMD0000001093,M_cpppg3_c,Coproporphyrinogen III
BIOMD0000001093,M_creat_c,Creatine cytosol
BIOMD0000001093,M_creat_e,Creatine cytosol
BIOMD0000001093,M_creat_p,Creatine cytosol
BIOMD0000001093,M_crn_c,L-Carnitine
BIOMD0000001093,M_crn_e,L-Carnitine
BIOMD0000001093,M_crn_p,L-Carnitine
BIOMD0000001093,M_cro2_c,Chromite
BIOMD0000001093,M_cro2_e,Chromite
BIOMD0000001093,M_cro2_p,Chromite
BIOMD0000001093,M_cro4_c,Chromate
BIOMD0000001093,M_cro4_e,Chromate
BIOMD0000001093,M_cro4_p,Chromate
BIOMD0000001093,M_crtn_c,Creatinine
BIOMD0000001093,M_crtn_e,Creatinine
BIOMD0000001093,M_crtn_p,Creatinine
BIOMD0000001093,M_csn_c,Cytosine
BIOMD0000001093,M_csn_e,Cytosine
BIOMD0000001093,M_csn_p,Cytosine
BIOMD0000001093,M_cspmd_c,Carboxyspermidine
BIOMD0000001093,M_ctp_c,CTP C9H12N3O14P3
BIOMD0000001093,M_cu2_c,Copper
BIOMD0000001093,M_cu2_e,Copper
BIOMD0000001093,M_cu2_p,Copper
BIOMD0000001093,M_cu_c,Cu+
BIOMD0000001093,M_cu_e,Cu+
BIOMD0000001093,M_cu_p,Cu+
BIOMD0000001093,M_cur_c,Curcumin
BIOMD0000001093,M_cyan_c,Hydrogen cyanide
BIOMD0000001093,M_cyan_e,Hydrogen cyanide
BIOMD0000001093,M_cyan_p,Hydrogen cyanide
BIOMD0000001093,M_cys__D_c,D-Cysteine
BIOMD0000001093,M_cys__D_e,D-Cysteine
BIOMD0000001093,M_cys__D_p,D-Cysteine
BIOMD0000001093,M_cys__L_c,L-Cysteine
BIOMD0000001093,M_cys__L_e,L-Cysteine
BIOMD0000001093,M_cys__L_p,L-Cysteine
BIOMD0000001093,M_cyst__L_c,L-Cystathionine
BIOMD0000001093,M_cystrna_c,L-Cysteinyl-tRNA(Cys)
BIOMD0000001093,M_cytd_c,Cytidine
BIOMD0000001093,M_cytd_p,Cytidine
BIOMD0000001093,M_d2one_c,2 Decanone
BIOMD0000001093,M_d2one_e,2 Decanone
BIOMD0000001093,M_d2one_p,2 Decanone
BIOMD0000001093,M_d3one_c,3 Decanone
BIOMD0000001093,M_d3one_e,3 Decanone
BIOMD0000001093,M_d3one_p,3 Decanone
BIOMD0000001093,M_d4one_c,4 Decanone
BIOMD0000001093,M_d4one_e,4 Decanone
BIOMD0000001093,M_d4one_p,4 Decanone
BIOMD0000001093,M_dad_2_c,Deoxyadenosine
BIOMD0000001093,M_dad_2_p,Deoxyadenosine
BIOMD0000001093,M_dad_5_c,5'-Deoxyadenosine
BIOMD0000001093,M_dadp_c,DADP C10H12N5O9P2
BIOMD0000001093,M_dag181d9_e,1 2 Diacyl sn glycerol  nC181d9
BIOMD0000001093,M_dag182d9d12_e,1 2 Diacyl sn glycerol  nC182d9d12
BIOMD0000001093,M_damp_c,DAMP C10H12N5O6P
BIOMD0000001093,M_damp_p,DAMP C10H12N5O6P
BIOMD0000001093,M_dann_c,"7,8-Diaminononanoate"
BIOMD0000001093,M_datp_c,DATP C10H12N5O12P3
BIOMD0000001093,M_db4p_c,"3,4-dihydroxy-2-butanone 4-phosphate"
BIOMD0000001093,M_dc2coa_c,Trans-Dec-2-enoyl-CoA
BIOMD0000001093,M_dcaACP_c,Decanoyl-ACP (n-C10:0ACP)
BIOMD0000001093,M_dca_c,Decanoate (n-C10:0)
BIOMD0000001093,M_dca_e,Decanoate (n-C10:0)
BIOMD0000001093,M_dca_p,Decanoate (n-C10:0)
BIOMD0000001093,M_dcacoa_c,Decanoyl-CoA (n-C10:0CoA)
BIOMD0000001093,M_dcamp_c,"N6-(1,2-Dicarboxyethyl)-AMP"
BIOMD0000001093,M_dcdp_c,DCDP C9H12N3O10P2
BIOMD0000001093,M_dcmp_c,DCMP C9H12N3O7P
BIOMD0000001093,M_dcmp_p,DCMP C9H12N3O7P
BIOMD0000001093,M_dctp_c,DCTP C9H12N3O13P3
BIOMD0000001093,M_dcyt_c,Deoxycytidine
BIOMD0000001093,M_dcyt_p,Deoxycytidine
BIOMD0000001093,M_dd2coa_c,Trans-Dodec-2-enoyl-CoA
BIOMD0000001093,M_dd6_2_coa_c,Trans cis dodedec 2 6 dienoyl CoA
BIOMD0000001093,M_dd_3_6_coa_c,Cis cis dodedec 3 6 dienoyl CoA
BIOMD0000001093,M_ddcaACP_c,Dodecanoyl-ACP (n-C12:0ACP)
BIOMD0000001093,M_ddca_c,Dodecanoate (n-C12:0)
BIOMD0000001093,M_ddca_e,Dodecanoate (n-C12:0)
BIOMD0000001093,M_ddca_p,Dodecanoate (n-C12:0)
BIOMD0000001093,M_ddcacoa_c,Dodecanoyl-CoA (n-C12:0CoA)
BIOMD0000001093,M_ddcap_c,Dodecanoly-phosphate (n-C12:0)
BIOMD0000001093,M_dde2coa_c,Trans cis dodedeca 2 5 dienoyl CoA
BIOMD0000001093,M_ddecoa_c,Cis dodedec 5 enoyl CoA
BIOMD0000001093,M_dded3coa_c,Cis dodedec 3 enoyl CoAdodedecenoyl CoA  n C121d3CoA
BIOMD0000001093,M_dec4_2_coa_c,2 trans 4 cis decadienoyl CoA
BIOMD0000001093,M_dec4coa_c,4 cis decenoyl CoA
BIOMD0000001093,M_decoa_c,1-decanoyl-CoA
BIOMD0000001093,M_dgdp_c,DGDP C10H12N5O10P2
BIOMD0000001093,M_dgmp_c,DGMP C10H12N5O7P
BIOMD0000001093,M_dgmp_p,DGMP C10H12N5O7P
BIOMD0000001093,M_dgslnt_c,Selenodiglutathione
BIOMD0000001093,M_dgsn_c,Deoxyguanosine
BIOMD0000001093,M_dgsn_p,Deoxyguanosine
BIOMD0000001093,M_dgtp_c,DGTP C10H12N5O13P3
BIOMD0000001093,M_dgudbutn_c,1 4 Diguanidinobutane
BIOMD0000001093,M_dgudbutn_e,1 4 Diguanidinobutane
BIOMD0000001093,M_dgudbutn_p,1 4 Diguanidinobutane
BIOMD0000001093,M_dh3mchc_c,"1,2-Dihydroxy-3-methylcyclohexa-3,5-dienecarboxylate"
BIOMD0000001093,M_dh4mchc_c,"Cis-1,2-Dihydroxy-4-methylcyclohexa-3,5-diene-1-carboxylate"
BIOMD0000001093,M_dhap_c,Dihydroxyacetone phosphate
BIOMD0000001093,M_dhcrn_c,3 dehydrocarnitine
BIOMD0000001093,M_dhcrncoa_c,3 dehydrocarnitine coenzyme A
BIOMD0000001093,M_dhcur_c,Dihydrocurcumin
BIOMD0000001093,M_dhf_c,"7,8-Dihydrofolate"
BIOMD0000001093,M_dhlam_c,Dihydrolipoamide C8H17NOS2
BIOMD0000001093,M_dhmpt_c,Dihydromonapterin
BIOMD0000001093,M_dhnpt_c,Dihydroneopterin
BIOMD0000001093,M_dhor__S_c,(S)-Dihydroorotate
BIOMD0000001093,M_dhpmp_c,Dihydroneopterin monophosphate
BIOMD0000001093,M_dhpt_c,Dihydropteroate
BIOMD0000001093,M_dhpyr_c,"2,5-Dihydroxypyridine"
BIOMD0000001093,M_dimp_c,DIMP C10H12N4O7P
BIOMD0000001093,M_dimp_p,DIMP C10H12N4O7P
BIOMD0000001093,M_din_c,Deoxyinosine
BIOMD0000001093,M_din_p,Deoxyinosine
BIOMD0000001093,M_ditp_c,DITP(4-)
BIOMD0000001093,M_dmanur_e,Dimmer of D mannuronate
BIOMD0000001093,M_dmanur_p,Dimmer of D mannuronate
BIOMD0000001093,M_dmbzid_c,"5,6-Dimethylbenzimidazole"
BIOMD0000001093,M_dmgly_c,"N,N-Dimethylglycine"
BIOMD0000001093,M_dmgly_e,"N,N-Dimethylglycine"
BIOMD0000001093,M_dmgly_p,"N,N-Dimethylglycine"
BIOMD0000001093,M_dmlz_c,"6,7-Dimethyl-8-(1-D-ribityl)lumazine"
BIOMD0000001093,M_dmpp_c,Dimethylallyl diphosphate
BIOMD0000001093,M_dmso2_c,Dimethyl sulfone
BIOMD0000001093,M_dmso2_e,Dimethyl sulfone
BIOMD0000001093,M_dmso2_p,Dimethyl sulfone
BIOMD0000001093,M_dnad_c,Deamino-NAD+
BIOMD0000001093,M_dopa_c,Dopamine
BIOMD0000001093,M_dopa_e,Dopamine
BIOMD0000001093,M_dopa_p,Dopamine
BIOMD0000001093,M_doxopa_c,"1,2-Dioxopropanoic acid"
BIOMD0000001093,M_dpcoa_c,Dephospho-CoA
BIOMD0000001093,M_dsbaox_p,Periplasmic protein disulfide isomerase I (oxidized)
BIOMD0000001093,M_dsbard_p,Periplasmic protein disulfide isomerase I (reduced)
BIOMD0000001093,M_dsbcox_p,Protein disulfide isomerase II (oxidized)
BIOMD0000001093,M_dsbcrd_p,Protein disulfide isomerase II (reduced)
BIOMD0000001093,M_dsbdox_c,Fused thiol:disulfide interchange protein (oxidized)
BIOMD0000001093,M_dsbdrd_c,Fused thiol:disulfide interchange protein (reduced)
BIOMD0000001093,M_dsbgox_p,Periplasmic disulfide isomerase/thiol-disulphide oxidase (oxidized)
BIOMD0000001093,M_dsbgrd_p,Periplasmic disulfide isomerase/thiol-disulphide oxidase (reduced)
BIOMD0000001093,M_dscl_c,Dihydrosirohydrochlorin
BIOMD0000001093,M_dtbt_c,Dethiobiotin
BIOMD0000001093,M_dtdp4d6dg_c,DTDP-4-dehydro-6-deoxy-D-glucose
BIOMD0000001093,M_dtdp4d6dm_c,DTDP-4-dehydro-6-deoxy-L-mannose
BIOMD0000001093,M_dtdp_c,DTDP C10H13N2O11P2
BIOMD0000001093,M_dtdpglu_c,DTDPglucose
BIOMD0000001093,M_dtdprmn_c,DTDP-L-rhamnose
BIOMD0000001093,M_dtgcl_c,2-hydroxyethyldisulfide
BIOMD0000001093,M_dtgcl_p,2-hydroxyethyldisulfide
BIOMD0000001093,M_dtmp_c,DTMP C10H13N2O8P
BIOMD0000001093,M_dtmp_p,DTMP C10H13N2O8P
BIOMD0000001093,M_dttp_c,DTTP C10H13N2O14P3
BIOMD0000001093,M_dudp_c,DUDP C9H11N2O11P2
BIOMD0000001093,M_dump_c,DUMP C9H11N2O8P
BIOMD0000001093,M_dump_p,DUMP C9H11N2O8P
BIOMD0000001093,M_duri_c,Deoxyuridine
BIOMD0000001093,M_duri_p,Deoxyuridine
BIOMD0000001093,M_dutp_c,DUTP C9H11N2O14P3
BIOMD0000001093,M_dxyl5p_c,1-deoxy-D-xylulose 5-phosphate
BIOMD0000001093,M_e4p_c,D-Erythrose 4-phosphate
BIOMD0000001093,M_ecto__L_c,L Ectoine
BIOMD0000001093,M_ecto__L_e,L Ectoine
BIOMD0000001093,M_ecto__L_p,L Ectoine
BIOMD0000001093,M_egmeACP_c,Enoylglutaryl-[acyl-carrier protein] methyl ester
BIOMD0000001093,M_eig3p_c,D-erythro-1-(Imidazol-4-yl)glycerol 3-phosphate
BIOMD0000001093,M_enter_c,Enterochelin
BIOMD0000001093,M_enter_e,Enterochelin
BIOMD0000001093,M_enter_p,Enterochelin
BIOMD0000001093,M_epmeACP_c,Enoylpimeloyl-[acyl-carrier protein] methyl ester
BIOMD0000001093,M_etha_c,Ethanolamine
BIOMD0000001093,M_etha_e,Ethanolamine
BIOMD0000001093,M_etha_p,Ethanolamine
BIOMD0000001093,M_ethamp_c,Ethanolamine phosphate C2H7NO4P
BIOMD0000001093,M_ethoc_c,Ethyl octanoate
BIOMD0000001093,M_ethso3_c,Ethanesulfonate
BIOMD0000001093,M_ethso3_e,Ethanesulfonate
BIOMD0000001093,M_ethso3_p,Ethanesulfonate
BIOMD0000001093,M_etoh_c,Ethanol
BIOMD0000001093,M_etoh_e,Ethanol
BIOMD0000001093,M_etoh_p,Ethanol
BIOMD0000001093,M_f1p_c,D-Fructose 1-phosphate
BIOMD0000001093,M_f6p_c,D-Fructose 6-phosphate
BIOMD0000001093,M_fad_c,Flavin adenine dinucleotide oxidized
BIOMD0000001093,M_fadh2_c,Flavin adenine dinucleotide reduced
BIOMD0000001093,M_fald_c,Formaldehyde
BIOMD0000001093,M_fald_e,Formaldehyde
BIOMD0000001093,M_fald_p,Formaldehyde
BIOMD0000001093,M_fbac_kt_c,Ferribactin  Pputida KT2440 specific
BIOMD0000001093,M_fbac_kt_p,Ferribactin  Pputida KT2440 specific
BIOMD0000001093,M_fcmcbtt_c,"Iron(III) chelated carboxymycobactin T (R=8 carbon, final carbon is carboxyl group)"
BIOMD0000001093,M_fcmcbtt_e,"Iron(III) chelated carboxymycobactin T (R=8 carbon, final carbon is carboxyl group)"
BIOMD0000001093,M_fcmcbtt_p,"Iron(III) chelated carboxymycobactin T (R=8 carbon, final carbon is carboxyl group)"
BIOMD0000001093,M_fdp_c,"D-Fructose 1,6-bisphosphate"
BIOMD0000001093,M_fdxo_22_c,Ferredoxin  oxided form 2Fe 2S
BIOMD0000001093,M_fdxo_42_c,Ferredoxin (oxidized form 4:2)
BIOMD0000001093,M_fdxr_22_c,Ferredoxin  oxided form 2Fe 2S
BIOMD0000001093,M_fdxr_42_c,Ferredoxin (reduced form 4:2)
BIOMD0000001093,M_fe2_c,Fe2+ mitochondria
BIOMD0000001093,M_fe2_e,Fe2+ mitochondria
BIOMD0000001093,M_fe2_p,Fe2+ mitochondria
BIOMD0000001093,M_fe3_c,Iron (Fe3+)
BIOMD0000001093,M_fe3_e,Iron (Fe3+)
BIOMD0000001093,M_fe3_p,Iron (Fe3+)
BIOMD0000001093,M_fe3dcit_c,Fe(III)dicitrate
BIOMD0000001093,M_fe3dcit_e,Fe(III)dicitrate
BIOMD0000001093,M_fe3dcit_p,Fe(III)dicitrate
BIOMD0000001093,M_fe3mcbtt_c,Iron III  chelated mycobactin T
BIOMD0000001093,M_fe3mcbtt_e,Iron III  chelated mycobactin T
BIOMD0000001093,M_fe3mcbtt_p,Iron III  chelated mycobactin T
BIOMD0000001093,M_fe3pyovd_e,Ferrypyoverdine
BIOMD0000001093,M_fe3pyovd_kt_e,Ferrypyoverdine  P putida KT2440 specific
BIOMD0000001093,M_fe3pyovd_kt_p,Ferrypyoverdine  P putida KT2440 specific
BIOMD0000001093,M_fe3pyovd_p,Ferrypyoverdine
BIOMD0000001093,M_fecrm_c,Ferrichrome
BIOMD0000001093,M_fecrm_e,Ferrichrome
BIOMD0000001093,M_fecrm_p,Ferrichrome
BIOMD0000001093,M_fecrm_un_c,Ferrichrome minus Fe(III)
BIOMD0000001093,M_fecrm_un_e,Ferrichrome minus Fe(III)
BIOMD0000001093,M_fecrm_un_p,Ferrichrome minus Fe(III)
BIOMD0000001093,M_feenter_c,Fe-enterobactin
BIOMD0000001093,M_feenter_e,Fe-enterobactin
BIOMD0000001093,M_feenter_p,Fe-enterobactin
BIOMD0000001093,M_feoxam_c,Generic ferrioxamine-Fe-III
BIOMD0000001093,M_feoxam_e,Generic ferrioxamine-Fe-III
BIOMD0000001093,M_feoxam_p,Generic ferrioxamine-Fe-III
BIOMD0000001093,M_feoxam_un_c,Ferroxamine minus Fe(3)
BIOMD0000001093,M_feoxam_un_e,Ferroxamine minus Fe(3)
BIOMD0000001093,M_feoxam_un_p,Ferroxamine minus Fe(3)
BIOMD0000001093,M_fer_c,Ferulate
BIOMD0000001093,M_fer_e,Ferulate
BIOMD0000001093,M_fer_p,Ferulate
BIOMD0000001093,M_ferulcoa_c,Feruloyl-CoA
BIOMD0000001093,M_fgam_c,N2-Formyl-N1-(5-phospho-D-ribosyl)glycinamide
BIOMD0000001093,M_ficytc_c,Ferricytochrome c C42H52FeN8O6S2
BIOMD0000001093,M_flxr_c,Flavodoxin reduced
BIOMD0000001093,M_flxso_c,Flavodoxin semi oxidized
BIOMD0000001093,M_fmettrna_c,N-Formylmethionyl-tRNA
BIOMD0000001093,M_fmn_c,FMN C17H19N4O9P
BIOMD0000001093,M_fmnh2_c,Reduced FMN
BIOMD0000001093,M_focytc_c,Ferrocytochrome c C42H53FeN8O6S2
BIOMD0000001093,M_for_c,Formate
BIOMD0000001093,M_for_e,Formate
BIOMD0000001093,M_for_p,Formate
BIOMD0000001093,M_forglu_c,N-Formimidoyl-L-glutamate
BIOMD0000001093,M_fpram_c,2-(Formamido)-N1-(5-phospho-D-ribosyl)acetamidine
BIOMD0000001093,M_fprica_c,5-Formamido-1-(5-phospho-D-ribosyl)imidazole-4-carboxamide
BIOMD0000001093,M_frdp_c,Farnesyl diphosphate
BIOMD0000001093,M_fru_e,D-Fructose
BIOMD0000001093,M_fru_p,D-Fructose
BIOMD0000001093,M_fum_c,Fumarate
BIOMD0000001093,M_fum_e,Fumarate
BIOMD0000001093,M_fum_p,Fumarate
BIOMD0000001093,M_g1p_c,D-Glucose 1-phosphate
BIOMD0000001093,M_g3p_c,Glyceraldehyde 3-phosphate
BIOMD0000001093,M_g3pe_c,Sn-Glycero-3-phosphoethanolamine
BIOMD0000001093,M_g3pe_p,Sn-Glycero-3-phosphoethanolamine
BIOMD0000001093,M_g3pg_c,Glycerophosphoglycerol
BIOMD0000001093,M_g3pg_p,Glycerophosphoglycerol
BIOMD0000001093,M_g6p_B_c,Beta D glucose 6 phosphate C6H11O9P
BIOMD0000001093,M_g6p_c,D-Glucose 6-phosphate
BIOMD0000001093,M_ga_c,Gallic acid
BIOMD0000001093,M_ga_e,Gallic acid
BIOMD0000001093,M_ga_p,Gallic acid
BIOMD0000001093,M_galagalicore_kt_c,Glucosyl  1  4  alanyl   2  galactosyl  1 3Hep1  heptosyl  1 3  heptosyl  1 5  kdo2 lipidA
BIOMD0000001093,M_galct__D_c,D-Galactarate
BIOMD0000001093,M_galct__D_e,D-Galactarate
BIOMD0000001093,M_galct__D_p,D-Galactarate
BIOMD0000001093,M_galhhlipa_kt_c,Galactosyl heptosyl heptosyl kdo2 lipidA
BIOMD0000001093,M_galicore_kt_c,Galactosyl  1  3  LPS inner core kt
BIOMD0000001093,M_galur_c,D-Galacturonate
BIOMD0000001093,M_galur_e,D-Galacturonate
BIOMD0000001093,M_galur_p,D-Galacturonate
BIOMD0000001093,M_gam1p_c,D-Glucosamine 1-phosphate
BIOMD0000001093,M_gam6p_c,D-Glucosamine 6-phosphate
BIOMD0000001093,M_gar_c,N1-(5-Phospho-D-ribosyl)glycinamide
BIOMD0000001093,M_gcald_c,Glycolaldehyde
BIOMD0000001093,M_gcald_p,Glycolaldehyde
BIOMD0000001093,M_gdbtal_c,4-Guanidinobutanal
BIOMD0000001093,M_gdp_c,GDP C10H12N5O11P2
BIOMD0000001093,M_gdpddman_c,GDP-4-dehydro-6-deoxy-D-mannose
BIOMD0000001093,M_gdpdrhmn_c,GDP D rhamnose
BIOMD0000001093,M_gdpmann_c,GDP-D-mannose
BIOMD0000001093,M_gdpmanur_c,GDP D mannuronate
BIOMD0000001093,M_gdptp_c,Guanosine 3'-diphosphate 5'-triphosphate
BIOMD0000001093,M_gg13dampp_c,Gamma glutamyl diaminopropane
BIOMD0000001093,M_gg15dap_c,Gamma glutamyl cadaverine synthase
BIOMD0000001093,M_gg4abut_c,Gamma-glutamyl-gamma aminobutyric acid
BIOMD0000001093,M_ggala_B_c,Gamma glutamyl gamma beta Aminopropionate
BIOMD0000001093,M_ggalagalicore_kt_c,Glucosyl  1  3 glucosyl  1  4  alanyl   2  galactosyl  1 3Hep1  heptosyl  1 3  heptosyl  1 5  kdo2 lipidA
BIOMD0000001093,M_ggalicore_kt_c,Glucosyl  1  4  galactosyl  1 3  LPS iner core kt
BIOMD0000001093,M_ggallpsc_kt_c,Glucosyl  1 4  galactosyl  1 3  heptosyl  1 3  heptosyl  1 5  kdo2 lipidA
BIOMD0000001093,M_ggaptn_c,Gamma glutamyl gamma delta Aminovalerate acid
BIOMD0000001093,M_ggbamppal_c,Gamma glutamyl beta Aminopropion aldehyde
BIOMD0000001093,M_ggbdapal_c,Gamma glutamyl delta Aminopentanal
BIOMD0000001093,M_ggbutal_c,Gamma-glutamyl-gamma-butyraldehyde
BIOMD0000001093,M_ggptrc_c,Gamma-glutamyl-putrescine
BIOMD0000001093,M_ggspmd_c,Gamma glutamyl spermidine
BIOMD0000001093,M_glc__D_c,D-Glucose
BIOMD0000001093,M_glc__D_e,D-Glucose
BIOMD0000001093,M_glc__D_p,D-Glucose
BIOMD0000001093,M_glcn_c,D-Gluconate
BIOMD0000001093,M_glcn_e,D-Gluconate
BIOMD0000001093,M_glcn_p,D-Gluconate
BIOMD0000001093,M_glcr_c,D-Glucarate
BIOMD0000001093,M_glcr_e,D-Glucarate
BIOMD0000001093,M_glcr_p,D-Glucarate
BIOMD0000001093,M_glcur_c,D-Glucuronate
BIOMD0000001093,M_glcur_e,D-Glucuronate
BIOMD0000001093,M_glcur_p,D-Glucuronate
BIOMD0000001093,M_gln__L_c,L-Glutamine
BIOMD0000001093,M_gln__L_e,L-Glutamine
BIOMD0000001093,M_gln__L_p,L-Glutamine
BIOMD0000001093,M_glntrna_c,L-Glutaminyl-tRNA(Gln)
BIOMD0000001093,M_glu1sa_c,L-Glutamate 1-semialdehyde
BIOMD0000001093,M_glu5p_c,L-Glutamate 5-phosphate
BIOMD0000001093,M_glu5sa_c,L-Glutamate 5-semialdehyde
BIOMD0000001093,M_glu__D_c,D-Glutamate
BIOMD0000001093,M_glu__L_c,L-Glutamate
BIOMD0000001093,M_glu__L_e,L-Glutamate
BIOMD0000001093,M_glu__L_p,L-Glutamate
BIOMD0000001093,M_glucys_c,Gamma-L-Glutamyl-L-cysteine
BIOMD0000001093,M_glutar_c,Glutarate
BIOMD0000001093,M_glutar_e,Glutarate
BIOMD0000001093,M_glutar_p,Glutarate
BIOMD0000001093,M_glutcoa_c,Glutaryl-CoA mitochondria
BIOMD0000001093,M_glutrna_c,L-Glutamyl-tRNA(Glu)
BIOMD0000001093,M_glutrna_gln_c,L-Glutamyl-tRNA(Gln)
BIOMD0000001093,M_glx_c,Glyoxylate
BIOMD0000001093,M_gly_c,Glycine
BIOMD0000001093,M_gly_e,Glycine
BIOMD0000001093,M_gly_p,Glycine
BIOMD0000001093,M_glyald_c,D-Glyceraldehyde
BIOMD0000001093,M_glyald_e,D-Glyceraldehyde
BIOMD0000001093,M_glyald_p,D-Glyceraldehyde
BIOMD0000001093,M_glyb_c,Glycine betaine
BIOMD0000001093,M_glyb_e,Glycine betaine
BIOMD0000001093,M_glyb_p,Glycine betaine
BIOMD0000001093,M_glybcoa_c,Glycine betaine coenzyme A
BIOMD0000001093,M_glyc2p_c,Glycerol 2-phosphate
BIOMD0000001093,M_glyc3p_c,Glycerol 3-phosphate
BIOMD0000001093,M_glyc__R_c,(R)-Glycerate
BIOMD0000001093,M_glyc__R_e,(R)-Glycerate
BIOMD0000001093,M_glyc__R_p,(R)-Glycerate
BIOMD0000001093,M_glyc_c,Glycerol
BIOMD0000001093,M_glyc_e,Glycerol
BIOMD0000001093,M_glyc_p,Glycerol
BIOMD0000001093,M_glyclt_c,Glycolate C2H3O3
BIOMD0000001093,M_glyclt_e,Glycolate C2H3O3
BIOMD0000001093,M_glyclt_p,Glycolate C2H3O3
BIOMD0000001093,M_glycol_e,Glycol
BIOMD0000001093,M_glycol_p,Glycol
BIOMD0000001093,M_glyg4n_c,Glycogen  4 units  linear glucan
BIOMD0000001093,M_glygln_c,L glycinylglutamine
BIOMD0000001093,M_glygln_e,L glycinylglutamine
BIOMD0000001093,M_glygln_p,L glycinylglutamine
BIOMD0000001093,M_glyglu_c,L glycinylglutamate
BIOMD0000001093,M_glyglu_e,L glycinylglutamate
BIOMD0000001093,M_glyglu_p,L glycinylglutamate
BIOMD0000001093,M_glygly_c,Glycylglycine C4H8N2O3
BIOMD0000001093,M_glygly_e,Glycylglycine C4H8N2O3
BIOMD0000001093,M_glygly_p,Glycylglycine C4H8N2O3
BIOMD0000001093,M_glymet_c,L Glycinylmethionine
BIOMD0000001093,M_glymet_e,L Glycinylmethionine
BIOMD0000001093,M_glymet_p,L Glycinylmethionine
BIOMD0000001093,M_glyphe_c,Glycylphenylalanine
BIOMD0000001093,M_glyphe_e,Glycylphenylalanine
BIOMD0000001093,M_glyphe_p,Glycylphenylalanine
BIOMD0000001093,M_glyser_c,L glycinylserine
BIOMD0000001093,M_glyser_e,L glycinylserine
BIOMD0000001093,M_glyser_p,L glycinylserine
BIOMD0000001093,M_glytrna_c,Glycyl-tRNA(Gly)
BIOMD0000001093,M_gmeACP_c,Glutaryl-[acyl-carrier protein] methyl ester
BIOMD0000001093,M_gmhep17bp_c,"D-Glycero-D-manno-heptose 1,7-bisphosphate"
BIOMD0000001093,M_gmhep1p_c,D-Glycero-D-manno-heptose 1-phosphate
BIOMD0000001093,M_gmhep7p_c,D-Glycero-D-manno-heptose 7-phosphate
BIOMD0000001093,M_gmp_c,GMP C10H12N5O8P
BIOMD0000001093,M_gmp_p,GMP C10H12N5O8P
BIOMD0000001093,M_grdp_c,Geranyl diphosphate
BIOMD0000001093,M_grxox_c,Glutaredoxin (oxidized)
BIOMD0000001093,M_grxrd_c,Glutaredoxin (reduced)
BIOMD0000001093,M_gslnt_c,Glutathiolselenolate
BIOMD0000001093,M_gsn_c,Guanosine
BIOMD0000001093,M_gsn_p,Guanosine
BIOMD0000001093,M_gthox_c,Oxidized glutathione
BIOMD0000001093,M_gthox_p,Oxidized glutathione
BIOMD0000001093,M_gthrd_c,Reduced glutathione
BIOMD0000001093,M_gthrd_p,Reduced glutathione
BIOMD0000001093,M_gtp_c,GTP C10H12N5O14P3
BIOMD0000001093,M_gua_c,Guanine
BIOMD0000001093,M_gua_e,Guanine
BIOMD0000001093,M_gua_p,Guanine
BIOMD0000001093,M_gudac_c,Guanidinoacetate
BIOMD0000001093,M_gudac_e,Guanidinoacetate
BIOMD0000001093,M_gudac_p,Guanidinoacetate
BIOMD0000001093,M_gudptn_c,Delta Guanidinovaleric acid
BIOMD0000001093,M_gudptn_e,Delta Guanidinovaleric acid
BIOMD0000001093,M_gudptn_p,Delta Guanidinovaleric acid
BIOMD0000001093,M_h2co3_c,Carbonic acid
BIOMD0000001093,M_h2mb4p_c,1-hydroxy-2-methyl-2-(E)-butenyl 4-diphosphate
BIOMD0000001093,M_h2o2_c,Hydrogen peroxide
BIOMD0000001093,M_h2o2_e,Hydrogen peroxide
BIOMD0000001093,M_h2o2_p,Hydrogen peroxide
BIOMD0000001093,M_h2o_c,H2O H2O
BIOMD0000001093,M_h2o_e,H2O H2O
BIOMD0000001093,M_h2o_p,H2O H2O
BIOMD0000001093,M_h2s_c,Hydrogen sulfide
BIOMD0000001093,M_h2s_e,Hydrogen sulfide
BIOMD0000001093,M_h2s_p,Hydrogen sulfide
BIOMD0000001093,M_h_c,H+
BIOMD0000001093,M_h_e,H+
BIOMD0000001093,M_h_p,H+
BIOMD0000001093,M_hco3_c,Bicarbonate
BIOMD0000001093,M_hco3_e,Bicarbonate
BIOMD0000001093,M_hcys__L_c,L-Homocysteine
BIOMD0000001093,M_hcys__L_e,L-Homocysteine
BIOMD0000001093,M_hcys__L_p,L-Homocysteine
BIOMD0000001093,M_hd2coa_c,(E)-hexadec-2-enoyl-CoA
BIOMD0000001093,M_hd710_2_coa_c,Trans cis cis hexadeca 2 7 10 trienoyl CoA
BIOMD0000001093,M_hd_7_10_coa_c,Cis cis hexadec 7 10 dienoyl CoA
BIOMD0000001093,M_hdca_c,Hexadecanoate (n-C16:0)
BIOMD0000001093,M_hdca_e,Hexadecanoate (n-C16:0)
BIOMD0000001093,M_hdca_p,Hexadecanoate (n-C16:0)
BIOMD0000001093,M_hdcap_c,Hexadecanoyl-phosphate (n-C16:0)
BIOMD0000001093,M_hdcea_c,Hexadecenoate (n-C16:1)
BIOMD0000001093,M_hdcea_e,Hexadecenoate (n-C16:1)
BIOMD0000001093,M_hdcea_p,Hexadecenoate (n-C16:1)
BIOMD0000001093,M_hdceap_c,Hexadecanoyl-phosphate (n-C16:1)
BIOMD0000001093,M_hdcoa_c,Hexadecenoyl-CoA (n-C16:1CoA)
BIOMD0000001093,M_hdd2coa_c,Trans-Hexadec-2-enoyl-CoA
BIOMD0000001093,M_hdd4_2_coa_c,Trans cis hexadeca 2 4 dienoyl CoA
BIOMD0000001093,M_hdd4coa_c,Cis hexadec 4 enoyl CoA
BIOMD0000001093,M_hdd7_2_coa_c,Trans cis hexadeca 2 7 dienoyl CoA
BIOMD0000001093,M_hdd7coa_c,Cis hexadec 7 enoyl CoA
BIOMD0000001093,M_hdeACP_c,Cis-hexadec-9-enoyl-[acyl-carrier protein] (n-C16:1)
BIOMD0000001093,M_hemeO_c,Heme O C49H56FeN4O5
BIOMD0000001093,M_hethapphlipa_c,Heptosyl  1 3  ethanolaminephosphate    2  phospho   4  heptosyl  1 5  kdo2 lipidA
BIOMD0000001093,M_hexACP_c,Hexanoyl-ACP (n-C6:0ACP)
BIOMD0000001093,M_hg2_c,Mercury  charged 2  Hg
BIOMD0000001093,M_hg2_e,Mercury  charged 2  Hg
BIOMD0000001093,M_hg2_p,Mercury  charged 2  Hg
BIOMD0000001093,M_hgbam_c,"Hydrogenobyrinate a,c diamide"
BIOMD0000001093,M_hgbyr_c,Hydrogenobyrinate
BIOMD0000001093,M_hgentis_c,Homogentisate C8H7O4
BIOMD0000001093,M_hgentis_e,Homogentisate C8H7O4
BIOMD0000001093,M_hgentis_p,Homogentisate C8H7O4
BIOMD0000001093,M_hgmeACP_c,3-Hydroxyglutaryl-[acyl-carrier protein] methyl ester
BIOMD0000001093,M_hhlipa_kt_c,Heptosyl heptosyl kdo2 lipidA from pseudomonas
BIOMD0000001093,M_his__L_c,L-Histidine
BIOMD0000001093,M_his__L_e,L-Histidine
BIOMD0000001093,M_his__L_p,L-Histidine
BIOMD0000001093,M_hisgly_c,L histidinylglycine
BIOMD0000001093,M_hisgly_e,L histidinylglycine
BIOMD0000001093,M_hisgly_p,L histidinylglycine
BIOMD0000001093,M_hishis_c,L histidinylhistidine
BIOMD0000001093,M_hishis_e,L histidinylhistidine
BIOMD0000001093,M_hishis_p,L histidinylhistidine
BIOMD0000001093,M_hisp_c,L-Histidinol phosphate
BIOMD0000001093,M_histd_c,L-Histidinol
BIOMD0000001093,M_histrna_c,L-Histidyl-tRNA(His)
BIOMD0000001093,M_hlipa_kt_c,Heptosyl kdo2 lipidA from pseudomonas
BIOMD0000001093,M_hmbil_c,Hydroxymethylbilane
BIOMD0000001093,M_hmccm_c,"2-Hydroxy-5-methyl-cis,cis-muconate"
BIOMD0000001093,M_hmccms_c,"2-Hydroxy-5-methyl-cis,cis-muconic semialdehyde"
BIOMD0000001093,M_hmgcoa_c,Hydroxymethylglutaryl CoA C27H39N7O20P3S
BIOMD0000001093,M_hmgth_c,Hydroxymethylglutathione
BIOMD0000001093,M_hom__L_c,L-Homoserine
BIOMD0000001093,M_hom__L_e,L-Homoserine
BIOMD0000001093,M_hom__L_p,L-Homoserine
BIOMD0000001093,M_hp2coa_c,Hep 2 enoyl CoA
BIOMD0000001093,M_hpac_c,Heptyl acetate
BIOMD0000001093,M_hphlipa_kt_c,Heptosyl  1 3  phospho   4  heptosyl  1 5  kdo2 lipidA
BIOMD0000001093,M_hpmeACP_c,3-Hydroxypimeloyl-[acyl-carrier protein] methyl ester
BIOMD0000001093,M_hpphlipa_kt_c,Heptosyl  1 3  biphospho    2   4  heptosyl  1 5  kdo2 lipidA
BIOMD0000001093,M_hpppa_c,Heptyl propionate
BIOMD0000001093,M_hpta_c,Heptanoate
BIOMD0000001093,M_hpta_e,Heptanoate
BIOMD0000001093,M_hpta_p,Heptanoate
BIOMD0000001093,M_hptcoa_c,Heptanoyl-COA
BIOMD0000001093,M_hpyr_c,Hydroxypyruvate
BIOMD0000001093,M_hx2coa_c,Trans-Hex-2-enoyl-CoA
BIOMD0000001093,M_hxa_c,Hexanoate (n-C6:0)
BIOMD0000001093,M_hxa_e,Hexanoate (n-C6:0)
BIOMD0000001093,M_hxa_p,Hexanoate (n-C6:0)
BIOMD0000001093,M_hxan_c,Hypoxanthine
BIOMD0000001093,M_hxan_e,Hypoxanthine
BIOMD0000001093,M_hxan_p,Hypoxanthine
BIOMD0000001093,M_hxbut_c,Hexyl butirate
BIOMD0000001093,M_hxcoa_c,Hexanoyl-CoA (n-C6:0CoA)
BIOMD0000001093,M_iasp_c,Iminoaspartate
BIOMD0000001093,M_ibcoa_c,Isobutyryl-CoA
BIOMD0000001093,M_icit_c,Isocitrate
BIOMD0000001093,M_icit_e,Isocitrate
BIOMD0000001093,M_icit_p,Isocitrate
BIOMD0000001093,M_icore_kt_c,Carbamyl    7  phospho    6  heptosyl  1 3  ethanolaminephosphate    2  phospho   4  heptosyl  1 5  kdo2 lipidA
BIOMD0000001093,M_id3acald_c,Indole 3 acetaldehyde C10H9NO
BIOMD0000001093,M_idp_c,IDP C10H11N4O11P2
BIOMD0000001093,M_ile__L_c,L-Isoleucine
BIOMD0000001093,M_ile__L_e,L-Isoleucine
BIOMD0000001093,M_ile__L_p,L-Isoleucine
BIOMD0000001093,M_iletrna_c,L-Isoleucyl-tRNA(Ile)
BIOMD0000001093,M_imacp_c,3-(Imidazol-4-yl)-2-oxopropyl phosphate
BIOMD0000001093,M_imp_c,IMP C10H11N4O8P
BIOMD0000001093,M_imp_p,IMP C10H11N4O8P
BIOMD0000001093,M_ind3ac_c,Indole 3 acetate C10H8NO2
BIOMD0000001093,M_ind3ac_e,Indole 3 acetate C10H8NO2
BIOMD0000001093,M_ind3ac_p,Indole 3 acetate C10H8NO2
BIOMD0000001093,M_indole_c,Indole
BIOMD0000001093,M_indole_e,Indole
BIOMD0000001093,M_indole_p,Indole
BIOMD0000001093,M_inost_c,Myo-Inositol
BIOMD0000001093,M_ins_c,Inosine
BIOMD0000001093,M_ins_e,Inosine
BIOMD0000001093,M_ins_p,Inosine
BIOMD0000001093,M_ipdp_c,Isopentenyl diphosphate
BIOMD0000001093,M_iscs_c,IscS sulfur acceptor protein
BIOMD0000001093,M_iscssh_c,IscS with bound sulfur
BIOMD0000001093,M_iscu_2fe2s2_c,IscU with two bound [2Fe-2S] clusters
BIOMD0000001093,M_iscu_2fe2s_c,IscU with bound [2Fe-2S] cluster
BIOMD0000001093,M_iscu_4fe4s_c,IscU with bound [4Fe-4S] cluster
BIOMD0000001093,M_iscu_c,IscU scaffold protein
BIOMD0000001093,M_isetac_c,Isethionic acid
BIOMD0000001093,M_isetac_e,Isethionic acid
BIOMD0000001093,M_isetac_p,Isethionic acid
BIOMD0000001093,M_itp_c,ITP C10H11N4O14P3
BIOMD0000001093,M_ivcoa_c,Isovaleryl-CoA
BIOMD0000001093,M_k_c,Potassium
BIOMD0000001093,M_k_e,Potassium
BIOMD0000001093,M_k_p,Potassium
BIOMD0000001093,M_kdo2lipid4L_kt_c,KDO 2  lipid IV A  kt with laurate
BIOMD0000001093,M_kdo2lipid4_kt_c,KDO 2  lipid IV A   pseudomonas
BIOMD0000001093,M_kdo8p_c,3-Deoxy-D-manno-octulosonate 8-phosphate
BIOMD0000001093,M_kdo_c,3-Deoxy-D-manno-2-octulosonate
BIOMD0000001093,M_kdolipid4_kt_c,KDO lipid IV A   pseudomonas
BIOMD0000001093,M_lac__D_c,D-Lactate
BIOMD0000001093,M_lac__D_e,D-Lactate
BIOMD0000001093,M_lac__D_p,D-Lactate
BIOMD0000001093,M_lac__L_c,L-Lactate
BIOMD0000001093,M_lac__L_e,L-Lactate
BIOMD0000001093,M_lac__L_p,L-Lactate
BIOMD0000001093,M_lald__L_c,L-Lactaldehyde
BIOMD0000001093,M_lcts_c,Lactose C12H22O11
BIOMD0000001093,M_lcts_p,Lactose C12H22O11
BIOMD0000001093,M_leu__D_c,D Leucine
BIOMD0000001093,M_leu__D_e,D Leucine
BIOMD0000001093,M_leu__D_p,D Leucine
BIOMD0000001093,M_leu__L_c,L-Leucine
BIOMD0000001093,M_leu__L_e,L-Leucine
BIOMD0000001093,M_leu__L_p,L-Leucine
BIOMD0000001093,M_leuleu_c,Leucylleucine
BIOMD0000001093,M_leuleu_e,Leucylleucine
BIOMD0000001093,M_leuleu_p,Leucylleucine
BIOMD0000001093,M_leutrna_c,L-Leucyl-tRNA(Leu)
BIOMD0000001093,M_lgt__S_c,(R)-S-Lactoylglutathione
BIOMD0000001093,M_lipa2_kt_c,Lipid  A  without kdo
BIOMD0000001093,M_lipa_kt_c,KDO 2  lipid  A
BIOMD0000001093,M_lipa_oh_c,KDO 2  lipid  A  hydroxilated
BIOMD0000001093,M_lipid4L_kt_c,Lipid IV A  with laurate
BIOMD0000001093,M_lipidA_kt_c,Lipid IV A   pseudomonas  2 3 2 3  Bis beta hydroxydeca dodecayl  D glucosaminyl 1 6 beta D glucosamine 1 4  bisphosphate
BIOMD0000001093,M_lipidAds_kt_c,Lipid A Disaccharide  dode and decanoyl
BIOMD0000001093,M_lipidX_kt_c,2 3 3 hydroxydode decanoyl  beta D glucosaminyl 1 phosphate
BIOMD0000001093,M_lipopb_c,Lipoate (protein bound)
BIOMD0000001093,M_lnlc2coa_c,Trans cis cis octadeca 2 9 12 trienoyl CoA
BIOMD0000001093,M_lnlc_c,Linoleic acid (all cis C18:2) n-6
BIOMD0000001093,M_lnlc_e,Linoleic acid (all cis C18:2) n-6
BIOMD0000001093,M_lnlc_p,Linoleic acid (all cis C18:2) n-6
BIOMD0000001093,M_lnlccoa_c,Linoleic coenzyme A
BIOMD0000001093,M_lpam_c,Lipoamide C8H15NOS2
BIOMD0000001093,M_lpp161_p,Lipoprotein acylated  C161
BIOMD0000001093,M_lpp180_p,Lipoprotein acylated  C180
BIOMD0000001093,M_lpp181_p,Lipoprotein acylated  C181
BIOMD0000001093,M_lpp_p,Lipoprotein
BIOMD0000001093,M_lpscore_kt_c,Lipopolysaccharide core  Pputida
BIOMD0000001093,M_lpscore_kt_p,Lipopolysaccharide core  Pputida
BIOMD0000001093,M_lpspput_e,Lipopolysacharide  LPS  from P putida KT2440
BIOMD0000001093,M_lpspput_p,Lipopolysacharide  LPS  from P putida KT2440
BIOMD0000001093,M_lys__D_c,D-Lysine
BIOMD0000001093,M_lys__D_e,D-Lysine
BIOMD0000001093,M_lys__D_p,D-Lysine
BIOMD0000001093,M_lys__L_c,L-Lysine
BIOMD0000001093,M_lys__L_e,L-Lysine
BIOMD0000001093,M_lys__L_p,L-Lysine
BIOMD0000001093,M_lystrna_c,L-Lysine-tRNA (Lys)
BIOMD0000001093,M_m_tol_c,M-toluate
BIOMD0000001093,M_m_xyl_c,M-Xylene
BIOMD0000001093,M_m_xyl_e,M-Xylene
BIOMD0000001093,M_m_xyl_p,M-Xylene
BIOMD0000001093,M_malACP_c,Malonyl-[acyl-carrier protein]
BIOMD0000001093,M_mal__D_c,D-Malate
BIOMD0000001093,M_mal__D_e,D-Malate
BIOMD0000001093,M_mal__D_p,D-Malate
BIOMD0000001093,M_mal__L_c,L-Malate
BIOMD0000001093,M_mal__L_e,L-Malate
BIOMD0000001093,M_mal__L_p,L-Malate
BIOMD0000001093,M_malcoa_c,Malonyl CoA C24H33N7O19P3S
BIOMD0000001093,M_malcoame_c,Malonyl-CoA methyl ester
BIOMD0000001093,M_male_c,Maleate
BIOMD0000001093,M_malm_c,Maleamate
BIOMD0000001093,M_malt1p_c,Alpha-maltose 1-phosphate
BIOMD0000001093,M_malt_c,Maltose C12H22O11
BIOMD0000001093,M_malttr_c,Maltotriose C18H32O16
BIOMD0000001093,M_malttre_c,Maltosyltrehalose
BIOMD0000001093,M_maltttr_c,Maltotetraose
BIOMD0000001093,M_man1p_c,D-Mannose 1-phosphate
BIOMD0000001093,M_man6p_c,D-Mannose 6-phosphate
BIOMD0000001093,M_man_c,D-Mannose
BIOMD0000001093,M_man_e,D-Mannose
BIOMD0000001093,M_man_p,D-Mannose
BIOMD0000001093,M_manur_e,D Mannuronate
BIOMD0000001093,M_manur_p,D Mannuronate
BIOMD0000001093,M_mcbtt_c,Mycobactin T
BIOMD0000001093,M_mcbtt_e,Mycobactin T
BIOMD0000001093,M_mcbtt_p,Mycobactin T
BIOMD0000001093,M_melib_c,Melibiose C12H22O11
BIOMD0000001093,M_melib_p,Melibiose C12H22O11
BIOMD0000001093,M_meoh_c,Methanol
BIOMD0000001093,M_meoh_e,Methanol
BIOMD0000001093,M_meoh_p,Methanol
BIOMD0000001093,M_mercpeth_c,Mercaptoethanol
BIOMD0000001093,M_mercpeth_p,Mercaptoethanol
BIOMD0000001093,M_met__D_c,D-Methionine
BIOMD0000001093,M_met__D_e,D-Methionine
BIOMD0000001093,M_met__D_p,D-Methionine
BIOMD0000001093,M_met__L_c,L-Methionine
BIOMD0000001093,M_met__L_e,L-Methionine
BIOMD0000001093,M_met__L_p,L-Methionine
BIOMD0000001093,M_methdca_c,Methyl decanoate
BIOMD0000001093,M_methf_c,"5,10-Methenyltetrahydrofolate"
BIOMD0000001093,M_metsox_R__L_c,L-methionine-R-sulfoxide
BIOMD0000001093,M_metsox_S__L_c,L-Methionine Sulfoxide
BIOMD0000001093,M_mettrna_c,L-Methionyl-tRNA (Met)
BIOMD0000001093,M_mg2_c,Magnesium
BIOMD0000001093,M_mg2_e,Magnesium
BIOMD0000001093,M_mg2_p,Magnesium
BIOMD0000001093,M_mi1p__D_c,1D-myo-Inositol 1-phosphate
BIOMD0000001093,M_micit_c,Methylisocitrate
BIOMD0000001093,M_mlthf_c,"5,10-Methylenetetrahydrofolate"
BIOMD0000001093,M_mmet_c,S-Methyl-L-methionine
BIOMD0000001093,M_mmet_e,S-Methyl-L-methionine
BIOMD0000001093,M_mmet_p,S-Methyl-L-methionine
BIOMD0000001093,M_mmtsa_c,(S)-Methylmalonate semialdehyde
BIOMD0000001093,M_mn2_c,Manganese
BIOMD0000001093,M_mn2_e,Manganese
BIOMD0000001093,M_mn2_p,Manganese
BIOMD0000001093,M_moadamp_c,MoaD Protein with bound AMP
BIOMD0000001093,M_moadcoo_c,MoaD Protein with carboxylate
BIOMD0000001093,M_moadcosh_c,MoaD Protein with thiocarboxylate
BIOMD0000001093,M_mobd_c,Molybdate
BIOMD0000001093,M_mobd_e,Molybdate
BIOMD0000001093,M_mobd_p,Molybdate
BIOMD0000001093,M_moco_c,Molybdenum cofactor
BIOMD0000001093,M_mocogdp_c,Molybdopterin guanine dinucleotide
BIOMD0000001093,M_mpt_c,Molybdopterin
BIOMD0000001093,M_mptamp_c,Adenylated molybdopterin
BIOMD0000001093,M_msa_c,Malonate semialdehyde
BIOMD0000001093,M_mso3_c,Methanesulfonate
BIOMD0000001093,M_mso3_e,Methanesulfonate
BIOMD0000001093,M_mso3_p,Methanesulfonate
BIOMD0000001093,M_mthd_c,N Methylhydantoin
BIOMD0000001093,M_mthgxl_c,Methylglyoxal
BIOMD0000001093,M_mtsoxin_c,Methionine sulfoximine
BIOMD0000001093,M_mtsoxin_e,Methionine sulfoximine
BIOMD0000001093,M_mtsoxin_p,Methionine sulfoximine
BIOMD0000001093,M_mucl_c,Mucolactone
BIOMD0000001093,M_murein3p3p_p,"Two linked disacharide tripeptide murein units (uncrosslinked, middle of chain)"
BIOMD0000001093,M_murein3px3p_p,"Two disacharide linked murein units, tripeptide crosslinked tripeptide (A2pm->A2pm) (middle of chain)"
BIOMD0000001093,M_murein3px4p_p,"Two disacharide linked murein units, tripeptide crosslinked tetrapeptide (A2pm->D-ala) (middle of chain)"
BIOMD0000001093,M_murein4p3p_p,"Two linked disacharide tetrapeptide and tripeptide murein units (uncrosslinked, middle of chain)"
BIOMD0000001093,M_murein4p4p_p,"Two linked disacharide tetrapeptide murein units (uncrosslinked, middle of chain)"
BIOMD0000001093,M_murein4px4p4p_p,"Three disacharide linked murein units (tetrapeptide crosslinked tetrapeptide (A2pm->D-ala), one uncrosslinked tetrapaptide) (middle of chain)"
BIOMD0000001093,M_murein4px4p_p,"Two disacharide linked murein units, tetrapeptide corsslinked tetrapeptide (A2pm->D-ala) (middle of chain)"
BIOMD0000001093,M_murein4px4px4p_p,Three disacharide linked murein units (tetrapeptide crosslinked tetrapeptide (A2pm->D-ala) & tetrapeptide corsslinked tetrapeptide (A2pm->D-ala)) (middle of chain)
BIOMD0000001093,M_murein5p3p_p,"Two linked disacharide pentapeptide and tripeptide murein units (uncrosslinked, middle of chain)"
BIOMD0000001093,M_murein5p4p_p,"Two linked disacharide pentapeptide and tetrapeptide murein units (uncrosslinked, middle of chain)"
BIOMD0000001093,M_murein5p5p5p_p,"Three linked disacharide pentapeptide murein units (uncrosslinked, middle of chain)"
BIOMD0000001093,M_murein5p5p_p,"Two linked disacharide pentapeptide murein units (uncrosslinked, middle of chain)"
BIOMD0000001093,M_murein5px3p_p,"Two disacharide linked murein units, pentapeptide corsslinked tripeptide (A2pm->A2pm) (middle of chain)"
BIOMD0000001093,M_murein5px4p_p,"Two disacharide linked murein units, pentapeptide crosslinked tetrapeptide (A2pm->D-ala) (middle of chain)"
BIOMD0000001093,M_murein5px4px4p_p,Three disacharide linked murein units (pentapeptide crosslinked tetrapeptide (A2pm->D-ala) tetrapeptide corsslinked tetrapeptide (A2pm->D-ala)) (middle of chain)
BIOMD0000001093,M_myrsACP_c,Myristoyl-ACP (n-C14:0ACP)
BIOMD0000001093,M_n2one_c,2 Nonanone
BIOMD0000001093,M_n2one_e,2 Nonanone
BIOMD0000001093,M_n2one_p,2 Nonanone
BIOMD0000001093,M_n5horn_c,N5 hydroxyL ornithine
BIOMD0000001093,M_na1_c,Sodium
BIOMD0000001093,M_na1_e,Sodium
BIOMD0000001093,M_na1_p,Sodium
BIOMD0000001093,M_nac_c,Nicotinate
BIOMD0000001093,M_nac_e,Nicotinate
BIOMD0000001093,M_nac_p,Nicotinate
BIOMD0000001093,M_nad_c,Nicotinamide adenine dinucleotide
BIOMD0000001093,M_nadh_c,Nicotinamide adenine dinucleotide - reduced
BIOMD0000001093,M_nadp_c,Nicotinamide adenine dinucleotide phosphate
BIOMD0000001093,M_nadph_c,Nicotinamide adenine dinucleotide phosphate - reduced
BIOMD0000001093,M_ncam_c,Nicotinamide
BIOMD0000001093,M_nfmalm_c,N-Formyl maleamic acid
BIOMD0000001093,M_nh4_c,Ammonium
BIOMD0000001093,M_nh4_e,Ammonium
BIOMD0000001093,M_nh4_p,Ammonium
BIOMD0000001093,M_ni2_c,Nickel
BIOMD0000001093,M_ni2_e,Nickel
BIOMD0000001093,M_ni2_p,Nickel
BIOMD0000001093,M_nicrnt_c,Nicotinate D-ribonucleotide
BIOMD0000001093,M_nmn_c,NMN C11H14N2O8P
BIOMD0000001093,M_nnac_c,Nonyl acetate
BIOMD0000001093,M_no2_c,Nitrite
BIOMD0000001093,M_no2_e,Nitrite
BIOMD0000001093,M_no2_p,Nitrite
BIOMD0000001093,M_no3_c,Nitrate
BIOMD0000001093,M_no3_e,Nitrate
BIOMD0000001093,M_no3_p,Nitrate
BIOMD0000001093,M_no_c,Nitric oxide
BIOMD0000001093,M_no_e,Nitric oxide
BIOMD0000001093,M_no_p,Nitric oxide
BIOMD0000001093,M_nona2coa_c,Nona 2 enoyl CoA
BIOMD0000001093,M_nona_c,Nonanoate C9H17O2
BIOMD0000001093,M_nona_e,Nonanoate C9H17O2
BIOMD0000001093,M_nona_p,Nonanoate C9H17O2
BIOMD0000001093,M_nonacoa_c,Nonanoyl CoA
BIOMD0000001093,M_o2_c,O2 O2
BIOMD0000001093,M_o2_e,O2 O2
BIOMD0000001093,M_o2_p,O2 O2
BIOMD0000001093,M_o2s_c,Superoxide anion
BIOMD0000001093,M_o_xyl_c,O methyltoluene
BIOMD0000001093,M_o_xyl_e,O methyltoluene
BIOMD0000001093,M_o_xyl_p,O methyltoluene
BIOMD0000001093,M_oaa_c,Oxaloacetate
BIOMD0000001093,M_oaa_e,Oxaloacetate
BIOMD0000001093,M_oaa_p,Oxaloacetate
BIOMD0000001093,M_oc2coa_c,Trans-Oct-2-enoyl-CoA
BIOMD0000001093,M_ocACP_c,Octanoyl-ACP (n-C8:0ACP)
BIOMD0000001093,M_oca_c,4-oxalcitromalate
BIOMD0000001093,M_ocac_c,Octyl acetate
BIOMD0000001093,M_occoa_c,Octanoyl-CoA (n-C8:0CoA)
BIOMD0000001093,M_ocdcaACP_c,Octadecanoyl-ACP (n-C18:0ACP)
BIOMD0000001093,M_ocdca_c,Octadecanoate (n-C18:0)
BIOMD0000001093,M_ocdca_e,Octadecanoate (n-C18:0)
BIOMD0000001093,M_ocdca_p,Octadecanoate (n-C18:0)
BIOMD0000001093,M_ocdcap_c,Octadecanoyl-phosphate (n-C18:0)
BIOMD0000001093,M_ocdcea_c,Octadecenoate (n-C18:1)
BIOMD0000001093,M_ocdcea_e,Octadecenoate (n-C18:1)
BIOMD0000001093,M_ocdcea_p,Octadecenoate (n-C18:1)
BIOMD0000001093,M_ocdceap_c,Octadecanoyl-phosphate (n-C18:1)
BIOMD0000001093,M_octa_c,Octanoate (n-C8:0)
BIOMD0000001093,M_octa_e,Octanoate (n-C8:0)
BIOMD0000001093,M_octa_p,Octanoate (n-C8:0)
BIOMD0000001093,M_octapb_c,Octanoate (protein bound)
BIOMD0000001093,M_octdp_c,All-trans-Octaprenyl diphosphate
BIOMD0000001093,M_octeACP_c,Cis-octadec-11-enoyl-[acyl-carrier protein] (n-C18:1)
BIOMD0000001093,M_od2coa_c,Trans-Octadec-2-enoyl-CoA
BIOMD0000001093,M_ode2coa_c,Trans cis octadeca 2 9 dienoyl CoA
BIOMD0000001093,M_odecoa_c,Octadecenoyl-CoA (n-C18:1CoA)
BIOMD0000001093,M_ogmeACP_c,3-Oxo-glutaryl-[acyl-carrier protein] methyl ester
BIOMD0000001093,M_ohpb_c,2-Oxo-3-hydroxy-4-phosphobutanoate
BIOMD0000001093,M_omaenol_c,"4-Carboxy-2-hydroxyhexa-2,4-dienedioate"
BIOMD0000001093,M_omaketo_c,4-oxalomesaconate (keto form)
BIOMD0000001093,M_op4en_c,2-Oxopent-4-enoate
BIOMD0000001093,M_opmeACP_c,3-Oxo-pimeloyl-[acyl-carrier protein] methyl ester
BIOMD0000001093,M_orn__D_c,D-Ornithine
BIOMD0000001093,M_orn__D_e,D-Ornithine
BIOMD0000001093,M_orn__D_p,D-Ornithine
BIOMD0000001093,M_orn_c,Ornithine
BIOMD0000001093,M_orn_e,Ornithine
BIOMD0000001093,M_orn_p,Ornithine
BIOMD0000001093,M_orot5p_c,Orotidine 5'-phosphate
BIOMD0000001093,M_orot_c,Orotate C5H3N2O4
BIOMD0000001093,M_orot_e,Orotate C5H3N2O4
BIOMD0000001093,M_orot_p,Orotate C5H3N2O4
BIOMD0000001093,M_oxa_c,Oxalate
BIOMD0000001093,M_oxa_e,Oxalate
BIOMD0000001093,M_oxa_p,Oxalate
BIOMD0000001093,M_oxadpcoa_c,3-Oxoadipyl-CoA
BIOMD0000001093,M_oxalc_c,4-oxalocrotonate
BIOMD0000001093,M_oxptn_c,5-Oxopentanoate
BIOMD0000001093,M_p_tol_c,P-toluate
BIOMD0000001093,M_p_xyl_c,P-methyltoluene
BIOMD0000001093,M_p_xyl_e,P-methyltoluene
BIOMD0000001093,M_p_xyl_p,P-methyltoluene
BIOMD0000001093,M_pa120_c,"1,2-didodecanoyl-sn-glycerol 3-phosphate"
BIOMD0000001093,M_pa120_p,"1,2-didodecanoyl-sn-glycerol 3-phosphate"
BIOMD0000001093,M_pa140_c,"1,2-ditetradecanoyl-sn-glycerol 3-phosphate"
BIOMD0000001093,M_pa140_p,"1,2-ditetradecanoyl-sn-glycerol 3-phosphate"
BIOMD0000001093,M_pa141_c,"1,2-ditetradec-7-enoyl-sn-glycerol 3-phosphate"
BIOMD0000001093,M_pa141_p,"1,2-ditetradec-7-enoyl-sn-glycerol 3-phosphate"
BIOMD0000001093,M_pa160_c,"1,2-dihexadecanoyl-sn-glycerol 3-phosphate"
BIOMD0000001093,M_pa160_p,"1,2-dihexadecanoyl-sn-glycerol 3-phosphate"
BIOMD0000001093,M_pa161_c,"1,2-dihexadec-9-enoyl-sn-glycerol 3-phosphate"
BIOMD0000001093,M_pa161_p,"1,2-dihexadec-9-enoyl-sn-glycerol 3-phosphate"
BIOMD0000001093,M_pa180_c,"1,2-dioctadecanoyl-sn-glycerol 3-phosphate"
BIOMD0000001093,M_pa180_p,"1,2-dioctadecanoyl-sn-glycerol 3-phosphate"
BIOMD0000001093,M_pa181_c,"1,2-dioctadec-11-enoyl-sn-glycerol 3-phosphate"
BIOMD0000001093,M_pa181_p,"1,2-dioctadec-11-enoyl-sn-glycerol 3-phosphate"
BIOMD0000001093,M_pac_c,Phenylacetic acid
BIOMD0000001093,M_pac_e,Phenylacetic acid
BIOMD0000001093,M_pac_p,Phenylacetic acid
BIOMD0000001093,M_pacald_c,Phenylacetaldehyde
BIOMD0000001093,M_pacald_e,Phenylacetaldehyde
BIOMD0000001093,M_pacald_p,Phenylacetaldehyde
BIOMD0000001093,M_pald_c,Phosphonoacetaldehyde
BIOMD0000001093,M_palmACP_c,Palmitoyl-ACP (n-C16:0ACP)
BIOMD0000001093,M_pan4p_c,Pantetheine 4'-phosphate
BIOMD0000001093,M_pant__R_c,(R)-Pantoate
BIOMD0000001093,M_pap_c,"Adenosine 3',5'-bisphosphate"
BIOMD0000001093,M_paps_c,3'-Phosphoadenylyl sulfate
BIOMD0000001093,M_pb2_c,Pb2
BIOMD0000001093,M_pb2_e,Pb2
BIOMD0000001093,M_pb2_p,Pb2
BIOMD0000001093,M_pb2coa_c,4 Phenyl but 2 enoyl CoA
BIOMD0000001093,M_pbcoa_c,4 Phenyl butyryl CoA Phe C4CoA
BIOMD0000001093,M_pdca2coa_c,Phenyl deca 2 enoyl CoA
BIOMD0000001093,M_pdcacoa_c,Phenyl Decanoyl CoA  Phe C100CoA
BIOMD0000001093,M_pdx5p_c,Pyridoxine 5'-phosphate
BIOMD0000001093,M_pe120_c,"Phosphatidylethanolamine (didodecanoyl, n-C12:0)"
BIOMD0000001093,M_pe120_p,"Phosphatidylethanolamine (didodecanoyl, n-C12:0)"
BIOMD0000001093,M_pe140_c,"Phosphatidylethanolamine (ditetradecanoyl, n-C14:0)"
BIOMD0000001093,M_pe140_p,"Phosphatidylethanolamine (ditetradecanoyl, n-C14:0)"
BIOMD0000001093,M_pe141_c,"Phosphatidylethanolamine (ditetradec-7-enoyl, n-C14:1)"
BIOMD0000001093,M_pe141_p,"Phosphatidylethanolamine (ditetradec-7-enoyl, n-C14:1)"
BIOMD0000001093,M_pe160_c,"Phosphatidylethanolamine (dihexadecanoyl, n-C16:0)"
BIOMD0000001093,M_pe160_p,"Phosphatidylethanolamine (dihexadecanoyl, n-C16:0)"
BIOMD0000001093,M_pe161_c,"Phosphatidylethanolamine (dihexadec-9enoyl, n-C16:1)"
BIOMD0000001093,M_pe161_p,"Phosphatidylethanolamine (dihexadec-9enoyl, n-C16:1)"
BIOMD0000001093,M_pe161e9_p,Phosphatidylethanolamine  dihexadec  9E enoyl  n C161 trans
BIOMD0000001093,M_pe180_c,"Phosphatidylethanolamine (dioctadecanoyl, n-C18:0)"
BIOMD0000001093,M_pe180_p,"Phosphatidylethanolamine (dioctadecanoyl, n-C18:0)"
BIOMD0000001093,M_pe181_c,"Phosphatidylethanolamine (dioctadec-11-enoyl, n-C18:1)"
BIOMD0000001093,M_pe181_p,"Phosphatidylethanolamine (dioctadec-11-enoyl, n-C18:1)"
BIOMD0000001093,M_pe181e11_p,Phosphatidylethanolamine  dioctadec  11E  enoyl  n C181 trans
BIOMD0000001093,M_pea_c,Phenylethyl alcohol
BIOMD0000001093,M_pea_e,Phenylethyl alcohol
BIOMD0000001093,M_pea_p,Phenylethyl alcohol
BIOMD0000001093,M_peamn_c,Phenethylamine
BIOMD0000001093,M_peamn_e,Phenethylamine
BIOMD0000001093,M_peamn_p,Phenethylamine
BIOMD0000001093,M_pentso3_c,Pentanesulfonate
BIOMD0000001093,M_pentso3_e,Pentanesulfonate
BIOMD0000001093,M_pentso3_p,Pentanesulfonate
BIOMD0000001093,M_pep_c,Phosphoenolpyruvate
BIOMD0000001093,M_pg120_c,"Phosphatidylglycerol (didodecanoyl, n-C12:0)"
BIOMD0000001093,M_pg120_p,"Phosphatidylglycerol (didodecanoyl, n-C12:0)"
BIOMD0000001093,M_pg140_c,"Phosphatidylglycerol (ditetradecanoyl, n-C14:0)"
BIOMD0000001093,M_pg140_p,"Phosphatidylglycerol (ditetradecanoyl, n-C14:0)"
BIOMD0000001093,M_pg141_c,"Phosphatidylglycerol (ditetradec-7-enoyl, n-C14:1)"
BIOMD0000001093,M_pg141_p,"Phosphatidylglycerol (ditetradec-7-enoyl, n-C14:1)"
BIOMD0000001093,M_pg160_c,"Phosphatidylglycerol (dihexadecanoyl, n-C16:0)"
BIOMD0000001093,M_pg160_p,"Phosphatidylglycerol (dihexadecanoyl, n-C16:0)"
BIOMD0000001093,M_pg161_c,"Phosphatidylglycerol (dihexadec-9-enoyl, n-C16:1)"
BIOMD0000001093,M_pg161_p,"Phosphatidylglycerol (dihexadec-9-enoyl, n-C16:1)"
BIOMD0000001093,M_pg161e9_p,Phosphatidylglycerol  dihexadec  9E  enoyl  n C161 trans
BIOMD0000001093,M_pg180_c,"Phosphatidylglycerol (dioctadecanoyl, n-C18:0)"
BIOMD0000001093,M_pg180_p,"Phosphatidylglycerol (dioctadecanoyl, n-C18:0)"
BIOMD0000001093,M_pg181_c,"Phosphatidylglycerol (dioctadec-11-enoyl, n-C18:1)"
BIOMD0000001093,M_pg181_p,"Phosphatidylglycerol (dioctadec-11-enoyl, n-C18:1)"
BIOMD0000001093,M_pg181e11_p,Phosphatidylglycerol  dioctadec  11E  enoyl  n C181  trans
BIOMD0000001093,M_pgp120_c,"Phosphatidylglycerophosphate (didodecanoyl, n-C12:0)"
BIOMD0000001093,M_pgp120_p,"Phosphatidylglycerophosphate (didodecanoyl, n-C12:0)"
BIOMD0000001093,M_pgp140_c,"Phosphatidylglycerophosphate (ditetradecanoyl, n-C14:0)"
BIOMD0000001093,M_pgp140_p,"Phosphatidylglycerophosphate (ditetradecanoyl, n-C14:0)"
BIOMD0000001093,M_pgp141_c,"Phosphatidylglycerophosphate (ditetradec-7-enoyl, n-C14:1)"
BIOMD0000001093,M_pgp141_p,"Phosphatidylglycerophosphate (ditetradec-7-enoyl, n-C14:1)"
BIOMD0000001093,M_pgp160_c,"Phosphatidylglycerophosphate (dihexadecanoyl, n-C16:0)"
BIOMD0000001093,M_pgp160_p,"Phosphatidylglycerophosphate (dihexadecanoyl, n-C16:0)"
BIOMD0000001093,M_pgp161_c,"Phosphatidylglycerophosphate (dihexadec-9-enoyl, n-C16:1)"
BIOMD0000001093,M_pgp161_p,"Phosphatidylglycerophosphate (dihexadec-9-enoyl, n-C16:1)"
BIOMD0000001093,M_pgp180_c,"Phosphatidylglycerophosphate (dioctadecanoyl, n-C18:0)"
BIOMD0000001093,M_pgp180_p,"Phosphatidylglycerophosphate (dioctadecanoyl, n-C18:0)"
BIOMD0000001093,M_pgp181_c,"Phosphatidylglycerophosphate (dioctadec-11-enoyl, n-C18:1)"
BIOMD0000001093,M_pgp181_p,"Phosphatidylglycerophosphate (dioctadec-11-enoyl, n-C18:1)"
BIOMD0000001093,M_phaccoa_c,Phenylacetyl-CoA
BIOMD0000001093,M_phe__D_c,D-phenylalanine
BIOMD0000001093,M_phe__D_e,D-phenylalanine
BIOMD0000001093,M_phe__D_p,D-phenylalanine
BIOMD0000001093,M_phe__L_c,L-Phenylalanine
BIOMD0000001093,M_phe__L_e,L-Phenylalanine
BIOMD0000001093,M_phe__L_p,L-Phenylalanine
BIOMD0000001093,M_phedca_e,10 Phenyldecanoic acid
BIOMD0000001093,M_phedca_p,10 Phenyldecanoic acid
BIOMD0000001093,M_phehpa_e,7 Phenylheptanoic acid
BIOMD0000001093,M_phehpa_p,7 Phenylheptanoic acid
BIOMD0000001093,M_phehxa_e,6 Phenylhexanoic acid
BIOMD0000001093,M_phehxa_p,6 Phenylhexanoic acid
BIOMD0000001093,M_pheme_c,Protoheme C34H30FeN4O4
BIOMD0000001093,M_pheme_e,Protoheme C34H30FeN4O4
BIOMD0000001093,M_pheme_p,Protoheme C34H30FeN4O4
BIOMD0000001093,M_phenona_e,9 Phenylnonanoic acid
BIOMD0000001093,M_phenona_p,9 Phenylnonanoic acid
BIOMD0000001093,M_pheocta_e,8 Phenyloctanoic acid
BIOMD0000001093,M_pheocta_p,8 Phenyloctanoic acid
BIOMD0000001093,M_phept_e,5 phenylvaleric acid
BIOMD0000001093,M_phept_p,5 phenylvaleric acid
BIOMD0000001093,M_phethapphlipa_c,Phospho    6  heptosyl  1 3  ethanolaminephosphate    2  phospho   4  heptosyl  1 5  kdo2 lipidA
BIOMD0000001093,M_phetrna_c,L-Phenylalanyl-tRNA(Phe)
BIOMD0000001093,M_phnac_c,Phosphonoacetate
BIOMD0000001093,M_phom_c,O-Phospho-L-homoserine
BIOMD0000001093,M_php2coa_c,Phenyl hepta 2 enoyl CoA
BIOMD0000001093,M_phpcoa_c,Phenyl Heptanoyl CoA Phe C70CoA
BIOMD0000001093,M_phppcoa_c,3 Phenyl propionyl CoA Phe C30 CoA
BIOMD0000001093,M_phpyr_c,Phenylpyruvate
BIOMD0000001093,M_phpyr_e,Phenylpyruvate
BIOMD0000001093,M_phpyr_p,Phenylpyruvate
BIOMD0000001093,M_phthr_c,O-Phospho-4-hydroxy-L-threonine
BIOMD0000001093,M_phxa2coa_c,Phenyl hexa 2 enoyl CoA
BIOMD0000001093,M_phxacoa_c,Phenyl Hexanoyl CoA  Phe C160CoA
BIOMD0000001093,M_pi_c,Phosphate
BIOMD0000001093,M_pi_e,Phosphate
BIOMD0000001093,M_pi_p,Phosphate
BIOMD0000001093,M_pimACP_c,Pimeloyl-[acyl-carrier protein]
BIOMD0000001093,M_pmeACP_c,Pimeloyl-[acyl-carrier protein] methyl ester
BIOMD0000001093,M_pmtcoa_c,Palmitoyl-CoA (n-C16:0CoA)
BIOMD0000001093,M_pnona2coa_c,Phenyl nona 2 enoyl CoA
BIOMD0000001093,M_pnonacoa_c,Phenyl nonanoyl CoA  Phe C90CoA
BIOMD0000001093,M_pnto__R_c,(R)-Pantothenate
BIOMD0000001093,M_pnto__R_e,(R)-Pantothenate
BIOMD0000001093,M_pnto__R_p,(R)-Pantothenate
BIOMD0000001093,M_pocta2coa_c,Phenyl octa 2 enoyl CoA
BIOMD0000001093,M_poctacoa_c,Phenyl Octanoyl CoA Phe C80CoA
BIOMD0000001093,M_ppa_c,Propionate (n-C3:0)
BIOMD0000001093,M_ppa_e,Propionate (n-C3:0)
BIOMD0000001093,M_ppa_p,Propionate (n-C3:0)
BIOMD0000001093,M_ppal_c,Propanal
BIOMD0000001093,M_ppap_c,Propanoyl phosphate
BIOMD0000001093,M_ppbng_c,Porphobilinogen
BIOMD0000001093,M_ppcoa_c,Propanoyl-CoA
BIOMD0000001093,M_ppgpp_c,"Guanosine 3',5'-bis(diphosphate)"
BIOMD0000001093,M_pphn_c,Prephenate
BIOMD0000001093,M_ppi50_c,Polyphosphate 50
BIOMD0000001093,M_ppi_c,Diphosphate
BIOMD0000001093,M_ppi_e,Diphosphate
BIOMD0000001093,M_ppi_p,Diphosphate
BIOMD0000001093,M_ppp9_c,Protoporphyrin
BIOMD0000001093,M_pppg9_c,Protoporphyrinogen IX
BIOMD0000001093,M_pppi_c,Inorganic triphosphate
BIOMD0000001093,M_pprdn_c,Piperideine
BIOMD0000001093,M_ppt2coa_c,Phenyl pent 2 enoyl CoA
BIOMD0000001093,M_pptcoa_c,Phenyl Pentanoyl CoA Phe C50CoA
BIOMD0000001093,M_pptrn_c,L Phosphinothricin
BIOMD0000001093,M_pptrn_e,L Phosphinothricin
BIOMD0000001093,M_pptrn_p,L Phosphinothricin
BIOMD0000001093,M_pqqA_kt_c,Peptide pqqA from Pseudomonas putida  MWTKPAYTDLRIGFEVTMYFANR
BIOMD0000001093,M_pqqAc_kt_c,Peptide pqqA from pseudomonas cycled
BIOMD0000001093,M_pqq_c,Pyrroloquinoline-quinone
BIOMD0000001093,M_pqq_p,Pyrroloquinoline-quinone
BIOMD0000001093,M_pqqh2_c,Reduced pyrroloquinoline-quinone
BIOMD0000001093,M_pqqh2_p,Reduced pyrroloquinoline-quinone
BIOMD0000001093,M_pram_c,5-Phospho-beta-D-ribosylamine
BIOMD0000001093,M_pran_c,N-(5-Phospho-D-ribosyl)anthranilate
BIOMD0000001093,M_prbamp_c,1-(5-Phosphoribosyl)-AMP
BIOMD0000001093,M_prbatp_c,1-(5-Phosphoribosyl)-ATP
BIOMD0000001093,M_pre3a_c,Precorrin 3 A
BIOMD0000001093,M_pre3b_c,Precorrin 3B
BIOMD0000001093,M_pre4_c,Precorrin 4
BIOMD0000001093,M_pre5_c,Precorrin 5
BIOMD0000001093,M_pre6a_c,Precorrin 6A
BIOMD0000001093,M_pre6b_c,Precorrin 6B
BIOMD0000001093,M_pre8_c,Precorrin 8
BIOMD0000001093,M_prealg_MG_14_e,Beta 1 4 glycosidic  1  beta D mannuronic  4L guluronic acid
BIOMD0000001093,M_prealg_MG_14_p,Beta 1 4 glycosidic  1  beta D mannuronic  4L guluronic acid
BIOMD0000001093,M_prealg_MG_23_e,Beta 1 4 glycosidic  2  beta D mannuronic  3L guluronic acid
BIOMD0000001093,M_prealg_MG_23_p,Beta 1 4 glycosidic  2  beta D mannuronic  3L guluronic acid
BIOMD0000001093,M_prealg_MG_32_e,Beta 1 4 glycosidic  3  beta D mannuronic  2L guluronic acid
BIOMD0000001093,M_prealg_MG_32_p,Beta 1 4 glycosidic  3  beta D mannuronic  2L guluronic acid
BIOMD0000001093,M_prealg_MG_41_e,Beta 1 4 glycosidic  4  beta D mannuronic  1L guluronic acid
BIOMD0000001093,M_prealg_MG_41_p,Beta 1 4 glycosidic  4  beta D mannuronic  1L guluronic acid
BIOMD0000001093,M_prealgac_M1_p,Polymer  5 units  of D mannuronate  1units acetylated
BIOMD0000001093,M_prealgac_M2_p,Polymer  5 units  of D mannuronate  2 units acetylated
BIOMD0000001093,M_prealgac_M3_p,Polymer  5 units  of D mannuronate  3 units acetylated
BIOMD0000001093,M_prealgac_M4_p,Polymer  5 units  of D mannuronate  4 units acetylated
BIOMD0000001093,M_prealginate_G_e,Prealginate KT2440   beta 1 4  linked copolymers of  bL guluronic acid 5 units
BIOMD0000001093,M_prealginate_G_p,Prealginate KT2440   beta 1 4  linked copolymers of  bL guluronic acid 5 units
BIOMD0000001093,M_prealginate__M_p,Prealginate KT2440   beta 1 4  linked copolymers of  beta D mannuronic acid  5 units
BIOMD0000001093,M_preq0_c,7-cyano-7-carbaguanine
BIOMD0000001093,M_preq1_c,7-aminomethyl-7-deazaguanine
BIOMD0000001093,M_prfp_c,1-(5-Phosphoribosyl)-5-[(5-phosphoribosylamino)methylideneamino]imidazole-4-carboxamide
BIOMD0000001093,M_prlp_c,5-[(5-phospho-1-deoxyribulos-1-ylamino)methylideneamino]-1-(5-phosphoribosyl)imidazole-4-carboxamide
BIOMD0000001093,M_pro__D_c,D-Proline
BIOMD0000001093,M_pro__D_e,D-Proline
BIOMD0000001093,M_pro__D_p,D-Proline
BIOMD0000001093,M_pro__L_c,L-Proline
BIOMD0000001093,M_pro__L_e,L-Proline
BIOMD0000001093,M_pro__L_p,L-Proline
BIOMD0000001093,M_progly_c,L-Prolinylglycine
BIOMD0000001093,M_progly_e,L-Prolinylglycine
BIOMD0000001093,M_progly_p,L-Prolinylglycine
BIOMD0000001093,M_protrna_c,L-Prolyl-tRNA(Pro)
BIOMD0000001093,M_prpp_c,5-Phospho-alpha-D-ribose 1-diphosphate
BIOMD0000001093,M_ps120_c,"Phosphatidylserine (didodecanoyl, n-C12:0)"
BIOMD0000001093,M_ps140_c,"Phosphatidylserine (ditetradecanoyl, n-C14:0)"
BIOMD0000001093,M_ps141_c,"Phosphatidylserine (ditetradec-7-enoyl, n-C14:1)"
BIOMD0000001093,M_ps160_c,"Phosphatidylserine (dihexadecanoyl, n-C16:0)"
BIOMD0000001093,M_ps161_c,"Phosphatidylserine (dihexadec-9-enoyl, n-C16:1)"
BIOMD0000001093,M_ps180_c,"Phosphatidylserine (dioctadecanoyl, n-C18:0)"
BIOMD0000001093,M_ps181_c,"Phosphatidylserine (dioctadec-11-enoyl, n-C18:1)"
BIOMD0000001093,M_pser__L_c,O-Phospho-L-serine
BIOMD0000001093,M_pt2coa_c,Pent-2-enoyl-CoA
BIOMD0000001093,M_pt3coa_c,Pent-3-enoyl-CoA
BIOMD0000001093,M_pta_c,Pentanoate
BIOMD0000001093,M_pta_e,Pentanoate
BIOMD0000001093,M_pta_p,Pentanoate
BIOMD0000001093,M_ptal_c,Pentanal
BIOMD0000001093,M_ptcoa_c,Pentanoyl-CoA
BIOMD0000001093,M_ptrc_c,Putrescine
BIOMD0000001093,M_ptrc_e,Putrescine
BIOMD0000001093,M_ptrc_p,Putrescine
BIOMD0000001093,M_ptsla2coa_c,Trans cis octadeca 2 6 dienoyl CoA
BIOMD0000001093,M_ptsla_e,Petroselaidic acid
BIOMD0000001093,M_ptsla_p,Petroselaidic acid
BIOMD0000001093,M_ptslacoa_c,Petroselenic coenzyme A
BIOMD0000001093,M_pvdiq_p,Pyoverdine precursor I
BIOMD0000001093,M_pyam5p_c,Pyridoxamine 5'-phosphate
BIOMD0000001093,M_pydam_c,Pyridoxamine
BIOMD0000001093,M_pydam_e,Pyridoxamine
BIOMD0000001093,M_pydam_p,Pyridoxamine
BIOMD0000001093,M_pydx5p_c,Pyridoxal 5'-phosphate
BIOMD0000001093,M_pydx_c,Pyridoxal
BIOMD0000001093,M_pydxn_c,Pyridoxine
BIOMD0000001093,M_pyovd_e,Pyoverdine
BIOMD0000001093,M_pyovd_kt_e,Pyoverdine  P putida specific
BIOMD0000001093,M_pyovd_kt_p,Pyoverdine  P putida specific
BIOMD0000001093,M_pyovd_p,Pyoverdine
BIOMD0000001093,M_pyr_c,Pyruvate
BIOMD0000001093,M_pyr_e,Pyruvate
BIOMD0000001093,M_pyr_p,Pyruvate
BIOMD0000001093,M_q8_c,Ubiquinone-8
BIOMD0000001093,M_q8h2_c,Ubiquinol-8
BIOMD0000001093,M_quin_c,Quinate
BIOMD0000001093,M_quin_e,Quinate
BIOMD0000001093,M_quin_p,Quinate
BIOMD0000001093,M_quln_c,Quinolinate
BIOMD0000001093,M_r15bp_c,"D-Ribose 1,5-bisphosphate"
BIOMD0000001093,M_r1p_c,Alpha-D-Ribose 1-phosphate
BIOMD0000001093,M_r5p_c,Alpha-D-Ribose 5-phosphate
BIOMD0000001093,M_rdmbzi_c,"N1-(alpha-D-ribosyl)-5,6-dimethylbenzimidazole"
BIOMD0000001093,M_rdxo_c,Rubredoxin oxidized
BIOMD0000001093,M_rdxr_c,Rubredoxin reduced
BIOMD0000001093,M_rephac_c,Ring 1 2 epoxyphenylacetate
BIOMD0000001093,M_rephaccoa_c,"Ring 1,2-epoxyphenylacetyl-CoA"
BIOMD0000001093,M_rhma13unaga_c,Rhamnosyl alpha 1  3  N acetyl glucosamine undecaprenyl diphosphate
BIOMD0000001093,M_rib__D_c,D-Ribose
BIOMD0000001093,M_rib__D_e,D-Ribose
BIOMD0000001093,M_rib__D_p,D-Ribose
BIOMD0000001093,M_ribflv_c,Riboflavin C17H20N4O6
BIOMD0000001093,M_ru5p__D_c,D-Ribulose 5-phosphate
BIOMD0000001093,M_s7p_c,Sedoheptulose 7-phosphate
BIOMD0000001093,M_sarcs_c,Sarcosine C3H7NO2
BIOMD0000001093,M_sbo3_c,Antimonite
BIOMD0000001093,M_sbo3_e,Antimonite
BIOMD0000001093,M_sbo3_p,Antimonite
BIOMD0000001093,M_scl_c,Sirohydrochlorin
BIOMD0000001093,M_scys__L_c,S-Sulfo-L-cysteine
BIOMD0000001093,M_sdhlam_c,S Succinyldihydrolipoamide C12H20NO4S2
BIOMD0000001093,M_seasmet_c,Se-Adenosylselenomethionine
BIOMD0000001093,M_sectrna_c,L-Selenocysteinyl-tRNA(Sec)
BIOMD0000001093,M_sel_c,Selenate
BIOMD0000001093,M_sel_e,Selenate
BIOMD0000001093,M_sel_p,Selenate
BIOMD0000001093,M_selmeth_c,Selenomethionine
BIOMD0000001093,M_seln_c,Selenide
BIOMD0000001093,M_selnp_c,Selenophosphate
BIOMD0000001093,M_ser__D_c,D-Serine
BIOMD0000001093,M_ser__D_e,D-Serine
BIOMD0000001093,M_ser__D_p,D-Serine
BIOMD0000001093,M_ser__L_c,L-Serine
BIOMD0000001093,M_ser__L_e,L-Serine
BIOMD0000001093,M_ser__L_p,L-Serine
BIOMD0000001093,M_sertrna_c,L-Seryl-tRNA(Ser)
BIOMD0000001093,M_sertrna_sec_c,L-Seryl-tRNA(Sec)
BIOMD0000001093,M_sheme_c,Siroheme C42H36FeN4O16
BIOMD0000001093,M_sheme_e,Siroheme C42H36FeN4O16
BIOMD0000001093,M_sheme_p,Siroheme C42H36FeN4O16
BIOMD0000001093,M_skm5p_c,Shikimate 5-phosphate
BIOMD0000001093,M_skm_c,Shikimate
BIOMD0000001093,M_skm_e,Shikimate
BIOMD0000001093,M_skm_p,Shikimate
BIOMD0000001093,M_sl26da_c,"N-Succinyl-LL-2,6-diaminoheptanedioate"
BIOMD0000001093,M_sl2a6o_c,N-Succinyl-2-L-amino-6-oxoheptanedioate
BIOMD0000001093,M_slnt_c,Selenite
BIOMD0000001093,M_so2_c,Sulfur dioxide
BIOMD0000001093,M_so2_e,Sulfur dioxide
BIOMD0000001093,M_so2_p,Sulfur dioxide
BIOMD0000001093,M_so3_c,Sulfite
BIOMD0000001093,M_so3_e,Sulfite
BIOMD0000001093,M_so3_p,Sulfite
BIOMD0000001093,M_so4_c,Sulfate
BIOMD0000001093,M_so4_e,Sulfate
BIOMD0000001093,M_so4_p,Sulfate
BIOMD0000001093,M_spmd_c,Spermidine
BIOMD0000001093,M_spmd_e,Spermidine
BIOMD0000001093,M_spmd_p,Spermidine
BIOMD0000001093,M_stcoa_c,Stearoyl-CoA (n-C18:0CoA)
BIOMD0000001093,M_sucarg_c,N2-Succinyl-L-arginine
BIOMD0000001093,M_succ_c,Succinate
BIOMD0000001093,M_succ_e,Succinate
BIOMD0000001093,M_succ_p,Succinate
BIOMD0000001093,M_succoa_c,Succinyl-CoA
BIOMD0000001093,M_sucglu_c,N2-Succinyl-L-glutamate
BIOMD0000001093,M_sucgsa_c,N2-Succinyl-L-glutamate 5-semialdehyde
BIOMD0000001093,M_suchms_c,O-Succinyl-L-homoserine
BIOMD0000001093,M_sucorn_c,N2-Succinyl-L-ornithine
BIOMD0000001093,M_sucsal_c,Succinic semialdehyde
BIOMD0000001093,M_sufse_c,SufSE sulfur acceptor complex
BIOMD0000001093,M_sufsesh_c,SufSE with bound sulfur
BIOMD0000001093,M_sulfac_c,Sulfoacetate
BIOMD0000001093,M_sulfac_e,Sulfoacetate
BIOMD0000001093,M_sulfac_p,Sulfoacetate
BIOMD0000001093,M_t3c11vaceACP_c,Trans-3-cis-11-vacceoyl-[acyl-carrier protein]
BIOMD0000001093,M_t3c5ddeceACP_c,Trans-3-cis-5-dodecenoyl-[acyl-carrier protein]
BIOMD0000001093,M_t3c7mrseACP_c,Trans-3-cis-7-myristoleoyl-[acyl-carrier protein]
BIOMD0000001093,M_t3c9palmeACP_c,Trans-3-cis-9-palmitoleoyl-[acyl-carrier protein]
BIOMD0000001093,M_tag160_e,Triacylglycerol  hexadecanoate
BIOMD0000001093,M_tag180_e,Triacylglycerol  octadecanoate
BIOMD0000001093,M_tag181d9_e,Triacylglycerol  nC181d9
BIOMD0000001093,M_tag182d9d12_e,Triacylglycerol  nC182d9d12
BIOMD0000001093,M_taur_c,Taurine C2H7NO3S
BIOMD0000001093,M_taur_e,Taurine C2H7NO3S
BIOMD0000001093,M_taur_p,Taurine C2H7NO3S
BIOMD0000001093,M_tcynt_c,Thiocyanate
BIOMD0000001093,M_tcynt_e,Thiocyanate
BIOMD0000001093,M_tcynt_p,Thiocyanate
BIOMD0000001093,M_td2coa_c,Trans-Tetradec-2-enoyl-CoA
BIOMD0000001093,M_td58_2_coa_c,Trans cis cis tetradec 2 5 8 trienoyl CoA
BIOMD0000001093,M_td_5_8_coa_c,Cis cis tetradec 5 8 dienoyl CoA
BIOMD0000001093,M_tdcoa_c,Tetradecanoyl-CoA (n-C14:0CoA)
BIOMD0000001093,M_tddec2eACP_c,Trans-Dodec-2-enoyl-[acyl-carrier protein]
BIOMD0000001093,M_tde2coa_c,Trans cis tetradeca 2 7 dienoyl CoA
BIOMD0000001093,M_tdeACP_c,Cis-tetradec-7-enoyl-[acyl-carrier protein] (n-C14:1)
BIOMD0000001093,M_tde_2Z_coa_c,Cis tetradec 2 enoyl CoATetradecenoyl CoA  n C141 2Z CoA
BIOMD0000001093,M_tdec2eACP_c,Trans-Dec-2-enoyl-[acyl-carrier protein]
BIOMD0000001093,M_tdecoa_c,Tetradecenoyl-CoA (n-C14:1CoA)
BIOMD0000001093,M_tded5_2_coa_c,Trans cis tetradeca 2 5 dienoyl CoA
BIOMD0000001093,M_tded5coa_c,Cis tetradec 5 enoyl CoATetradecenoyl CoA  n C141d5CoA
BIOMD0000001093,M_thcur_c,Tetrahydrocurcumin
BIOMD0000001093,M_thdp_c,"2,3,4,5-Tetrahydrodipicolinate"
BIOMD0000001093,M_thex2eACP_c,Trans-Hex-2-enoyl-[acyl-carrier protein]
BIOMD0000001093,M_thf_c,"5,6,7,8-Tetrahydrofolate"
BIOMD0000001093,M_thmmp_c,Thiamin monophosphate
BIOMD0000001093,M_thmnp_c,Tetrahydromonapterin
BIOMD0000001093,M_thmpp_c,Thiamine diphosphate
BIOMD0000001093,M_thp2c_c,"2,3,4,5-Tetrahydropyridine-2-carboxylate"
BIOMD0000001093,M_thr__L_c,L-Threonine
BIOMD0000001093,M_thr__L_e,L-Threonine
BIOMD0000001093,M_thr__L_p,L-Threonine
BIOMD0000001093,M_thrtrna_c,L-Threonyl-tRNA(Thr)
BIOMD0000001093,M_thym_c,Thymine C5H6N2O2
BIOMD0000001093,M_thym_e,Thymine C5H6N2O2
BIOMD0000001093,M_thym_p,Thymine C5H6N2O2
BIOMD0000001093,M_thymd_c,Thymidine C10H14N2O5
BIOMD0000001093,M_thymd_p,Thymidine C10H14N2O5
BIOMD0000001093,M_tmanur_e,Trimmer of D mannuronate
BIOMD0000001093,M_tmanur_p,Trimmer of D mannuronate
BIOMD0000001093,M_tmrs2eACP_c,Trans-Tetradec-2-enoyl-[acyl-carrier protein]
BIOMD0000001093,M_tnt_c,2 4 6 Trinitrotoluene
BIOMD0000001093,M_tnt_e,2 4 6 Trinitrotoluene
BIOMD0000001093,M_tnt_p,2 4 6 Trinitrotoluene
BIOMD0000001093,M_tntmdh_c,2 4 6 trinitrotoluene  Meisenheimer dihydride complex
BIOMD0000001093,M_tntmmh_c,2 4 6 Trinitrotoluene Meisenheimer monohydride complex
BIOMD0000001093,M_toct2eACP_c,Trans-Oct-2-enoyl-[acyl-carrier protein]
BIOMD0000001093,M_toctd2eACP_c,Trans-octadec-2-enoyl-[acyl-carrier protein]
BIOMD0000001093,M_tol_c,Toluene
BIOMD0000001093,M_tol_e,Toluene
BIOMD0000001093,M_tol_p,Toluene
BIOMD0000001093,M_tpalm2eACP_c,Trans-Hexadec-2-enoyl-[acyl-carrier protein]
BIOMD0000001093,M_trdox_c,Oxidized thioredoxin
BIOMD0000001093,M_trdrd_c,Reduced thioredoxin
BIOMD0000001093,M_tre_c,Trehalose
BIOMD0000001093,M_tripeptide_c,Tripeptide derivated from pqq biosynthesis
BIOMD0000001093,M_trnaala_c,TRNA(Ala)
BIOMD0000001093,M_trnaarg_c,TRNA(Arg)
BIOMD0000001093,M_trnaasp_c,TRNA(Asp)
BIOMD0000001093,M_trnaasp_preq34_c,TRNA Asp  preQ1 modified
BIOMD0000001093,M_trnaaspq_c,TRNA asp  queuosine34
BIOMD0000001093,M_trnaaspqo_c,Trnaasp epoxyqueuosine34
BIOMD0000001093,M_trnacys_c,TRNA(Cys)
BIOMD0000001093,M_trnagln_c,TRNA(Gln)
BIOMD0000001093,M_trnaglu_c,TRNA (Glu)
BIOMD0000001093,M_trnagly_c,TRNA(Gly)
BIOMD0000001093,M_trnahis_c,TRNA(His)
BIOMD0000001093,M_trnahis_preq34_c,L Histidyl tRNA His  preQ1 modified
BIOMD0000001093,M_trnahisq_c,L Histidyl tRNA His  queuosine34
BIOMD0000001093,M_trnahisqo_c,L Histidyl tRNA His  epoxyqueuosine34
BIOMD0000001093,M_trnaile_c,TRNA(Ile)
BIOMD0000001093,M_trnaleu_c,TRNA(Leu)
BIOMD0000001093,M_trnalys_c,TRNA(Lys)
BIOMD0000001093,M_trnamet_c,TRNA(Met)
BIOMD0000001093,M_trnaphe_c,TRNA(Phe)
BIOMD0000001093,M_trnapro_c,TRNA(Pro)
BIOMD0000001093,M_trnasecys_c,TRNA(SeCys)
BIOMD0000001093,M_trnaser_c,TRNA(Ser)
BIOMD0000001093,M_trnathr_c,TRNA(Thr)
BIOMD0000001093,M_trnatrp_c,TRNA(Trp)
BIOMD0000001093,M_trnatyr_c,TRNA(Tyr)
BIOMD0000001093,M_trnatyr_preq34_c,TRNA Tyr  preQ1 modified
BIOMD0000001093,M_trnatyrq_c,TRNA tyr  queuosine34
BIOMD0000001093,M_trnatyrqo_c,Trnatyr epoxyqueuosine34
BIOMD0000001093,M_trnaval_c,TRNA(Val)
BIOMD0000001093,M_trp__L_c,L-Tryptophan
BIOMD0000001093,M_trp__L_e,L-Tryptophan
BIOMD0000001093,M_trp__L_p,L-Tryptophan
BIOMD0000001093,M_trptrna_c,L-Tryptophanyl-tRNA(Trp)
BIOMD0000001093,M_trypta_c,Tryptamine cytosol
BIOMD0000001093,M_tsul_c,Thiosulfate
BIOMD0000001093,M_tsul_e,Thiosulfate
BIOMD0000001093,M_tsul_p,Thiosulfate
BIOMD0000001093,M_ttdca_c,Tetradecanoate (n-C14:0)
BIOMD0000001093,M_ttdca_e,Tetradecanoate (n-C14:0)
BIOMD0000001093,M_ttdca_p,Tetradecanoate (n-C14:0)
BIOMD0000001093,M_ttdcap_c,Tetradecanoyl-phosphate (n-C14:0)
BIOMD0000001093,M_ttdcea_c,Tetradecenoate (n-C14:1)
BIOMD0000001093,M_ttdcea_e,Tetradecenoate (n-C14:1)
BIOMD0000001093,M_ttdcea_p,Tetradecenoate (n-C14:1)
BIOMD0000001093,M_ttdceap_c,Tetradecanoyl-phosphate (n-C14:1)
BIOMD0000001093,M_ttrcyc_c,Tetracycline
BIOMD0000001093,M_ttrcyc_e,Tetracycline
BIOMD0000001093,M_ttrcyc_p,Tetracycline
BIOMD0000001093,M_tungs_c,Tungstate
BIOMD0000001093,M_tungs_e,Tungstate
BIOMD0000001093,M_tungs_p,Tungstate
BIOMD0000001093,M_tyr__D_c,D Tyrosine
BIOMD0000001093,M_tyr__D_e,D Tyrosine
BIOMD0000001093,M_tyr__D_p,D Tyrosine
BIOMD0000001093,M_tyr__L_c,L-Tyrosine
BIOMD0000001093,M_tyr__L_e,L-Tyrosine
BIOMD0000001093,M_tyr__L_p,L-Tyrosine
BIOMD0000001093,M_tyrtrna_c,L-Tyrosyl-tRNA(Tyr)
BIOMD0000001093,M_u23dddcga_c,UDP 2 3 3 hydroxydode decanoyl glucosamine
BIOMD0000001093,M_u3dcaga_c,UDP 3 O  3 hydroxydecanoyl  N acetylglucosamine
BIOMD0000001093,M_u3dcga_c,UDP 3 O  3 hydroxydecanoyl  D glucosamine
BIOMD0000001093,M_uaagmda_c,"Undecaprenyl-diphospho-N-acetylmuramoyl-(N-acetylglucosamine)-L-ala-D-glu-meso-2,6-diaminopimeloyl-D-ala-D-ala"
BIOMD0000001093,M_uaccg_c,UDP-N-acetyl-3-O-(1-carboxyvinyl)-D-glucosamine
BIOMD0000001093,M_uacgam_c,UDP-N-acetyl-D-glucosamine
BIOMD0000001093,M_uacmam_c,UDP-N-acetyl-D-mannosamine
BIOMD0000001093,M_uagmda_c,"Undecaprenyl-diphospho-N-acetylmuramoyl-L-alanyl-D-glutamyl-meso-2,6-diaminopimeloyl-D-alanyl-D-alanine"
BIOMD0000001093,M_uama_c,UDP-N-acetylmuramoyl-L-alanine
BIOMD0000001093,M_uamag_c,UDP-N-acetylmuramoyl-L-alanyl-D-glutamate
BIOMD0000001093,M_uamr_c,UDP-N-acetylmuramate
BIOMD0000001093,M_udcpdp_c,Undecaprenyl diphosphate
BIOMD0000001093,M_udcpdp_p,Undecaprenyl diphosphate
BIOMD0000001093,M_udcpg_c,Undecaprenyl diphosphate galactose
BIOMD0000001093,M_udcpp_c,Undecaprenyl phosphate
BIOMD0000001093,M_udcpp_p,Undecaprenyl phosphate
BIOMD0000001093,M_udp_c,UDP C9H11N2O12P2
BIOMD0000001093,M_udpg_c,UDPglucose
BIOMD0000001093,M_udpgal_c,UDPgalactose
BIOMD0000001093,M_ugmd_c,"UDP-N-acetylmuramoyl-L-alanyl-D-gamma-glutamyl-meso-2,6-diaminopimelate"
BIOMD0000001093,M_ugmda_c,"UDP-N-acetylmuramoyl-L-alanyl-D-glutamyl-meso-2,6-diaminopimeloyl-D-alanyl-D-alanine"
BIOMD0000001093,M_ukquivo_c,UDP 2 acetamido 2 6 dideoxy D xylo 4 hexulose
BIOMD0000001093,M_um4p_c,"UDP-N-acetylmuramoyl-L-alanyl-D-gamma-glutamyl-meso-2,6-diaminopimelate-D-alanine"
BIOMD0000001093,M_ump_c,UMP C9H11N2O9P
BIOMD0000001093,M_ump_p,UMP C9H11N2O9P
BIOMD0000001093,M_unaga_c,Undecaprenyl diphospho N-acetyl-glucosamine
BIOMD0000001093,M_und2one_c,2 Undecanone
BIOMD0000001093,M_und2one_e,2 Undecanone
BIOMD0000001093,M_und2one_p,2 Undecanone
BIOMD0000001093,M_unquivo_c,Undecaprenyl diphospho 2 acetamido 2 deoxy D quinovose
BIOMD0000001093,M_unquivo_p,Undecaprenyl diphospho 2 acetamido 2 deoxy D quinovose
BIOMD0000001093,M_uppg3_c,Uroporphyrinogen III
BIOMD0000001093,M_uquivo_c,UDP 2 acetamido 2 deoxy D quinovose
BIOMD0000001093,M_ura_c,Uracil
BIOMD0000001093,M_ura_e,Uracil
BIOMD0000001093,M_ura_p,Uracil
BIOMD0000001093,M_urate_c,Urate C5H4N4O3
BIOMD0000001093,M_urcan_c,Urocanate C6H5N2O2
BIOMD0000001093,M_urdglyc_c,(-)-Ureidoglycolate
BIOMD0000001093,M_urea_c,Urea CH4N2O
BIOMD0000001093,M_urea_e,Urea CH4N2O
BIOMD0000001093,M_urea_p,Urea CH4N2O
BIOMD0000001093,M_uri_c,Uridine
BIOMD0000001093,M_uri_e,Uridine
BIOMD0000001093,M_uri_p,Uridine
BIOMD0000001093,M_utp_c,UTP C9H11N2O15P3
BIOMD0000001093,M_vacc2coa_c,Trans cis octadeca 2 11 dienoyl CoA
BIOMD0000001093,M_vacc_c,Vaccenic acid
BIOMD0000001093,M_vacc_e,Vaccenic acid
BIOMD0000001093,M_vacc_p,Vaccenic acid
BIOMD0000001093,M_vacccoa_c,Vaccenyl coenzyme A
BIOMD0000001093,M_val__D_c,D Valine
BIOMD0000001093,M_val__D_e,D Valine
BIOMD0000001093,M_val__D_p,D Valine
BIOMD0000001093,M_val__L_c,L-Valine
BIOMD0000001093,M_val__L_e,L-Valine
BIOMD0000001093,M_val__L_p,L-Valine
BIOMD0000001093,M_valtrna_c,L-Valyl-tRNA(Val)
BIOMD0000001093,M_vanln_c,Vanillin
BIOMD0000001093,M_vanln_e,Vanillin
BIOMD0000001093,M_vanln_p,Vanillin
BIOMD0000001093,M_vanlt_c,Vanillate
BIOMD0000001093,M_vanlt_e,Vanillate
BIOMD0000001093,M_vanlt_p,Vanillate
BIOMD0000001093,M_wco_c,Tungsten binding cofactor
BIOMD0000001093,M_xan_c,Xanthine
BIOMD0000001093,M_xan_e,Xanthine
BIOMD0000001093,M_xan_p,Xanthine
BIOMD0000001093,M_xmp_c,Xanthosine 5'-phosphate
BIOMD0000001093,M_xmp_p,Xanthosine 5'-phosphate
BIOMD0000001093,M_xtp_c,XTP
BIOMD0000001093,M_xtsn_c,Xanthosine
BIOMD0000001093,M_xtsn_p,Xanthosine
BIOMD0000001093,M_xu5p__D_c,D-Xylulose 5-phosphate
BIOMD0000001093,M_zn2_c,Zinc
BIOMD0000001093,M_zn2_e,Zinc
BIOMD0000001093,M_zn2_p,Zinc
