model_id,reaction_id,cluster_id,split,stratum,is_genome_scale,complexity_bucket,species_annotation_source,status,candidate_set_size
BIOMD0000000038,v1,CLU_BIOMD0000000038,test,empty_constrained,False,3-4,chebi+kegg_compound,no_candidates,0
BIOMD0000000038,v2,CLU_BIOMD0000000038,test,retrievable_top1_success,False,3-4,chebi+kegg_compound,ok,1
BIOMD0000000046,v1,CLU_BIOMD0000000046,test,retrievable_top1_success,False,3-4,chebi+kegg_compound,ok,1
BIOMD0000000046,v7,CLU_BIOMD0000000046,test,retrievable_top1_success,False,3-4,chebi+kegg_compound,ok,1
BIOMD0000000066,vak,CLU_BIOMD0000000066,test,retrievable_top1_success,False,3-4,chebi+kegg_compound,ok,1
BIOMD0000000066,vasd,CLU_BIOMD0000000066,test,empty_constrained,False,5-6,chebi+kegg_compound,no_candidates,0
BIOMD0000000066,vhdh,CLU_BIOMD0000000066,test,empty_constrained,False,3-4,chebi+kegg_compound,no_candidates,0
BIOMD0000000066,vhk,CLU_BIOMD0000000066,test,retrievable_top1_success,False,3-4,chebi+kegg_compound,ok,1
BIOMD0000000066,vtsy,CLU_BIOMD0000000066,test,retrievable_top1_success,False,3-4,chebi+kegg_compound,ok,1
BIOMD0000000076,Gpd_p,CLU_BIOMD0000000076,test,empty_constrained,False,1-2,chebi+kegg_compound,no_candidates,0
BIOMD0000000076,Gpp_p,CLU_BIOMD0000000076,test,retrievable_top1_success,False,1-2,chebi+kegg_compound,ok,3
BIOMD0000000081,PI4Kinase,CLU_BIOMD0000000081,test,retrievable_top1_success,False,3-4,chebi+kegg_compound,ok,1
BIOMD0000000081,PIP2_5Pase,CLU_BIOMD0000000081,test,retrievable_top1_success,False,1-2,chebi+kegg_compound,ok,1
BIOMD0000000081,PIP5kinase,CLU_BIOMD0000000081,test,retrievable_top1_success,False,3-4,chebi+kegg_compound,ok,1
BIOMD0000000081,PLC,CLU_BIOMD0000000081,test,retrievable_top1_success,False,1-2,chebi+kegg_compound,ok,1
BIOMD0000000093,v10,CLU_BIOMD0000000093,test,unconstrained,False,3-4,none,unconstrained_candidate_set,0
BIOMD0000000093,v4,CLU_BIOMD0000000093,test,unconstrained,False,1-2,none,unconstrained_candidate_set,0
BIOMD0000000094,v10,CLU_BIOMD0000000093,test,unconstrained,False,3-4,none,unconstrained_candidate_set,0
BIOMD0000000094,v4,CLU_BIOMD0000000093,test,unconstrained,False,1-2,none,unconstrained_candidate_set,0
BIOMD0000000122,R1,CLU_BIOMD0000000122,test,unconstrained,False,3-4,none,unconstrained_candidate_set,0
BIOMD0000000123,R1,CLU_BIOMD0000000122,test,unconstrained,False,3-4,none,unconstrained_candidate_set,0
BIOMD0000000137,R14,CLU_BIOMD0000000137,test,retrievable_top1_success,False,1-2,chebi+kegg_compound,ok,1
BIOMD0000000143,R5,CLU_BIOMD0000000143,test,empty_constrained,False,3-4,chebi+kegg_compound,no_candidates,0
BIOMD0000000143,R7,CLU_BIOMD0000000143,test,retrievable_top1_success,False,3-4,chebi+kegg_compound,ok,1
BIOMD0000000143,R9,CLU_BIOMD0000000143,test,empty_constrained,False,3-4,chebi+kegg_compound,no_candidates,0
BIOMD0000000191,Arginase,CLU_BIOMD0000000191,test,retrievable_top1_success,False,1-2,chebi+kegg_compound,ok,11
BIOMD0000000218,ACN,CLU_BIOMD0000000218,test,retrievable_top1_success,False,1-2,chebi+kegg_compound,ok,1
BIOMD0000000218,CS,CLU_BIOMD0000000218,test,empty_constrained,False,3-4,chebi+kegg_compound,no_candidates,0
BIOMD0000000218,FUM,CLU_BIOMD0000000218,test,empty_constrained,False,1-2,chebi+kegg_compound,no_candidates,0
BIOMD0000000218,ICD1,CLU_BIOMD0000000218,test,retrievable_rerank_failure,False,1-2,chebi+kegg_compound,ok,2
BIOMD0000000218,ICD2,CLU_BIOMD0000000218,test,retrievable_rerank_failure,False,1-2,chebi+kegg_compound,ok,2
BIOMD0000000218,ICL1,CLU_BIOMD0000000218,test,retrievable_top1_success,False,3-4,chebi+kegg_compound,ok,1
BIOMD0000000218,ICL2,CLU_BIOMD0000000218,test,retrievable_top1_success,False,3-4,chebi+kegg_compound,ok,1
BIOMD0000000218,KGD,CLU_BIOMD0000000218,test,retrievable_top1_success,False,1-2,chebi+kegg_compound,ok,2
BIOMD0000000218,MDH,CLU_BIOMD0000000218,test,retrievable_top1_success,False,1-2,chebi+kegg_compound,ok,5
BIOMD0000000218,MS,CLU_BIOMD0000000218,test,empty_constrained,False,3-4,chebi+kegg_compound,no_candidates,0
BIOMD0000000218,SDH,CLU_BIOMD0000000218,test,retrievable_top1_success,False,1-2,chebi+kegg_compound,ok,6
BIOMD0000000218,SSADH,CLU_BIOMD0000000218,test,retrievable_top1_success,False,1-2,chebi+kegg_compound,ok,2
BIOMD0000000218,ScAS,CLU_BIOMD0000000218,test,retrievable_top1_success,False,1-2,chebi+kegg_compound,ok,19
BIOMD0000000219,ACN,CLU_BIOMD0000000218,test,retrievable_top1_success,False,1-2,chebi+kegg_compound,ok,1
BIOMD0000000219,CS,CLU_BIOMD0000000218,test,empty_constrained,False,3-4,chebi+kegg_compound,no_candidates,0
BIOMD0000000219,FUM,CLU_BIOMD0000000218,test,empty_constrained,False,1-2,chebi+kegg_compound,no_candidates,0
BIOMD0000000219,ICD1,CLU_BIOMD0000000218,test,retrievable_rerank_failure,False,1-2,chebi+kegg_compound,ok,2
BIOMD0000000219,ICD2,CLU_BIOMD0000000218,test,retrievable_rerank_failure,False,1-2,chebi+kegg_compound,ok,2
BIOMD0000000219,ICL1,CLU_BIOMD0000000218,test,retrievable_top1_success,False,3-4,chebi+kegg_compound,ok,1
BIOMD0000000219,ICL2,CLU_BIOMD0000000218,test,retrievable_top1_success,False,3-4,chebi+kegg_compound,ok,1
BIOMD0000000219,KDH,CLU_BIOMD0000000218,test,retrievable_rerank_failure,False,1-2,chebi+kegg_compound,ok,2
BIOMD0000000219,KGD,CLU_BIOMD0000000218,test,retrievable_top1_success,False,1-2,chebi+kegg_compound,ok,2
BIOMD0000000219,MDH,CLU_BIOMD0000000218,test,retrievable_top1_success,False,1-2,chebi+kegg_compound,ok,5
BIOMD0000000219,MS,CLU_BIOMD0000000218,test,empty_constrained,False,3-4,chebi+kegg_compound,no_candidates,0
BIOMD0000000219,SDH,CLU_BIOMD0000000218,test,retrievable_top1_success,False,1-2,chebi+kegg_compound,ok,6
BIOMD0000000219,SSADH,CLU_BIOMD0000000218,test,retrievable_rerank_failure,False,1-2,chebi+kegg_compound,ok,2
BIOMD0000000219,ScAS,CLU_BIOMD0000000218,test,retrievable_top1_success,False,1-2,chebi+kegg_compound,ok,19
BIOMD0000000221,ACN,CLU_BIOMD0000000218,test,retrievable_top1_success,False,1-2,chebi+kegg_compound,ok,1
BIOMD0000000221,CS,CLU_BIOMD0000000218,test,empty_constrained,False,3-4,chebi+kegg_compound,no_candidates,0
BIOMD0000000221,FUM,CLU_BIOMD0000000218,test,empty_constrained,False,1-2,chebi+kegg_compound,no_candidates,0
BIOMD0000000221,ICD,CLU_BIOMD0000000218,test,retrievable_rerank_failure,False,1-2,chebi+kegg_compound,ok,2
BIOMD0000000221,ICL,CLU_BIOMD0000000218,test,retrievable_top1_success,False,3-4,chebi+kegg_compound,ok,1
BIOMD0000000221,KDH,CLU_BIOMD0000000218,test,retrievable_rerank_failure,False,1-2,chebi+kegg_compound,ok,2
BIOMD0000000221,MDH,CLU_BIOMD0000000218,test,retrievable_top1_success,False,1-2,chebi+kegg_compound,ok,5
BIOMD0000000221,MS,CLU_BIOMD0000000218,test,empty_constrained,False,3-4,chebi+kegg_compound,no_candidates,0
BIOMD0000000221,SDH,CLU_BIOMD0000000218,test,retrievable_top1_success,False,1-2,chebi+kegg_compound,ok,6
BIOMD0000000221,ScAS,CLU_BIOMD0000000218,test,retrievable_top1_success,False,1-2,chebi+kegg_compound,ok,19
BIOMD0000000222,ACN,CLU_BIOMD0000000218,test,retrievable_top1_success,False,1-2,chebi+kegg_compound,ok,1
BIOMD0000000222,CS,CLU_BIOMD0000000218,test,empty_constrained,False,3-4,chebi+kegg_compound,no_candidates,0
BIOMD0000000222,FUM,CLU_BIOMD0000000218,test,empty_constrained,False,1-2,chebi+kegg_compound,no_candidates,0
BIOMD0000000222,ICD,CLU_BIOMD0000000218,test,retrievable_rerank_failure,False,1-2,chebi+kegg_compound,ok,2
BIOMD0000000222,ICL,CLU_BIOMD0000000218,test,retrievable_top1_success,False,3-4,chebi+kegg_compound,ok,1
BIOMD0000000222,KDH,CLU_BIOMD0000000218,test,retrievable_rerank_failure,False,1-2,chebi+kegg_compound,ok,2
BIOMD0000000222,MDH,CLU_BIOMD0000000218,test,retrievable_top1_success,False,1-2,chebi+kegg_compound,ok,5
BIOMD0000000222,MS,CLU_BIOMD0000000218,test,empty_constrained,False,3-4,chebi+kegg_compound,no_candidates,0
BIOMD0000000222,SDH,CLU_BIOMD0000000218,test,retrievable_top1_success,False,1-2,chebi+kegg_compound,ok,6
BIOMD0000000222,ScAS,CLU_BIOMD0000000218,test,retrievable_top1_success,False,1-2,chebi+kegg_compound,ok,19
BIOMD0000000225,vfba,CLU_BIOMD0000000225,test,retrievable_top1_success,False,1-2,chebi+kegg_compound,ok,3
BIOMD0000000225,vgk,CLU_BIOMD0000000225,test,empty_constrained,False,1-2,chebi+kegg_compound,no_candidates,0
BIOMD0000000225,vpfk,CLU_BIOMD0000000225,test,empty_constrained,False,1-2,chebi+kegg_compound,no_candidates,0
BIOMD0000000236,vfba,CLU_BIOMD0000000236,test,retrievable_top1_success,False,1-2,chebi+kegg_compound,ok,2
BIOMD0000000236,vgk,CLU_BIOMD0000000236,test,empty_constrained,False,1-2,chebi+kegg_compound,no_candidates,0
BIOMD0000000236,vpfk,CLU_BIOMD0000000236,test,empty_constrained,False,1-2,chebi+kegg_compound,no_candidates,0
BIOMD0000000244,e_AceA,CLU_BIOMD0000000244,test,empty_constrained,False,3-4,chebi+kegg_compound,no_candidates,0
BIOMD0000000244,e_AceB,CLU_BIOMD0000000244,test,empty_constrained,False,3-4,chebi+kegg_compound,no_candidates,0
BIOMD0000000248,CreatineKinase,CLU_BIOMD0000000248,test,empty_constrained,False,3-4,chebi+kegg_compound,no_candidates,0
BIOMD0000000253,HK,CLU_BIOMD0000000253,test,empty_constrained,False,3-4,chebi,no_candidates,0
BIOMD0000000253,PFK,CLU_BIOMD0000000253,test,empty_constrained,False,3-4,chebi,no_candidates,0
BIOMD0000000253,lower,CLU_BIOMD0000000253,test,empty_constrained,False,3-4,chebi,no_candidates,0
BIOMD0000000292,v1,CLU_BIOMD0000000292,test,empty_constrained,False,3-4,chebi+kegg_compound,no_candidates,0
BIOMD0000000292,v2,CLU_BIOMD0000000292,test,empty_constrained,False,5-6,chebi+kegg_compound,no_candidates,0
BIOMD0000000689,FolA,CLU_BIOMD0000000689,test,empty_constrained,False,3-4,chebi+kegg_compound,no_candidates,0
BIOMD0000000689,FolC,CLU_BIOMD0000000689,test,retrievable_top1_success,False,5-6,chebi+kegg_compound,ok,1
BIOMD0000000689,FolK,CLU_BIOMD0000000689,test,empty_constrained,False,3-4,chebi+kegg_compound,no_candidates,0
BIOMD0000000689,FolP,CLU_BIOMD0000000689,test,empty_constrained,False,3-4,chebi+kegg_compound,no_candidates,0
BIOMD0000000689,GlyA,CLU_BIOMD0000000689,test,empty_constrained,False,3-4,chebi+kegg_compound,no_candidates,0
BIOMD0000000689,PanB,CLU_BIOMD0000000689,test,empty_constrained,False,3-4,chebi+kegg_compound,no_candidates,0
BIOMD0000000690,FolA,CLU_BIOMD0000000689,test,empty_constrained,False,3-4,chebi+kegg_compound,no_candidates,0
BIOMD0000000690,FolC,CLU_BIOMD0000000689,test,retrievable_top1_success,False,5-6,chebi+kegg_compound,ok,1
BIOMD0000000690,FolK,CLU_BIOMD0000000689,test,empty_constrained,False,3-4,chebi+kegg_compound,no_candidates,0
BIOMD0000000690,FolP,CLU_BIOMD0000000689,test,empty_constrained,False,3-4,chebi+kegg_compound,no_candidates,0
BIOMD0000000690,GlyA,CLU_BIOMD0000000689,test,empty_constrained,False,3-4,chebi+kegg_compound,no_candidates,0
BIOMD0000000690,PanB,CLU_BIOMD0000000689,test,empty_constrained,False,3-4,chebi+kegg_compound,no_candidates,0
BIOMD0000000725,R1,CLU_BIOMD0000000725,test,retrievable_top1_success,False,3-4,kegg_compound,ok,1
BIOMD0000000725,R10,CLU_BIOMD0000000725,test,retrievable_top1_success,False,3-4,kegg_compound,ok,1
BIOMD0000000725,R11,CLU_BIOMD0000000725,test,unconstrained,False,3-4,kegg_compound,unconstrained_candidate_set,0
BIOMD0000000725,R12,CLU_BIOMD0000000725,test,retrievable_top1_success,False,3-4,kegg_compound,ok,1
BIOMD0000000725,R13,CLU_BIOMD0000000725,test,unconstrained,False,3-4,kegg_compound,unconstrained_candidate_set,0
BIOMD0000000725,R14,CLU_BIOMD0000000725,test,retrievable_top1_success,False,5-6,kegg_compound,ok,1
BIOMD0000000725,R15,CLU_BIOMD0000000725,test,unconstrained,False,3-4,kegg_compound,unconstrained_candidate_set,0
BIOMD0000000725,R16,CLU_BIOMD0000000725,test,unconstrained,False,5-6,kegg_compound,unconstrained_candidate_set,0
BIOMD0000000725,R17,CLU_BIOMD0000000725,test,unconstrained,False,3-4,kegg_compound,unconstrained_candidate_set,0
BIOMD0000000725,R18a,CLU_BIOMD0000000725,test,unconstrained,False,3-4,kegg_compound,unconstrained_candidate_set,0
BIOMD0000000725,R18b,CLU_BIOMD0000000725,test,unconstrained,False,3-4,kegg_compound,unconstrained_candidate_set,0
BIOMD0000000725,R18c,CLU_BIOMD0000000725,test,unconstrained,False,5-6,kegg_compound,unconstrained_candidate_set,0
BIOMD0000000725,R19,CLU_BIOMD0000000725,test,unconstrained,False,3-4,kegg_compound,unconstrained_candidate_set,0
BIOMD0000000725,R2,CLU_BIOMD0000000725,test,retrievable_top1_success,False,3-4,kegg_compound,ok,1
BIOMD0000000725,R20,CLU_BIOMD0000000725,test,unconstrained,False,3-4,kegg_compound,unconstrained_candidate_set,0
BIOMD0000000725,R21,CLU_BIOMD0000000725,test,retrievable_top1_success,False,3-4,kegg_compound,ok,1
BIOMD0000000725,R22,CLU_BIOMD0000000725,test,retrievable_top1_success,False,3-4,kegg_compound,ok,1
BIOMD0000000725,R23,CLU_BIOMD0000000725,test,retrievable_top1_success,False,1-2,kegg_compound,ok,1
BIOMD0000000725,R24,CLU_BIOMD0000000725,test,unconstrained,False,5-6,kegg_compound,unconstrained_candidate_set,0
BIOMD0000000725,R25,CLU_BIOMD0000000725,test,unconstrained,False,3-4,kegg_compound,unconstrained_candidate_set,0
BIOMD0000000725,R26,CLU_BIOMD0000000725,test,unconstrained,False,5-6,kegg_compound,unconstrained_candidate_set,0
BIOMD0000000725,R27,CLU_BIOMD0000000725,test,unconstrained,False,3-4,kegg_compound,unconstrained_candidate_set,0
BIOMD0000000725,R28,CLU_BIOMD0000000725,test,unconstrained,False,1-2,kegg_compound,unconstrained_candidate_set,0
BIOMD0000000725,R29,CLU_BIOMD0000000725,test,retrievable_top1_success,False,5-6,kegg_compound,ok,1
BIOMD0000000725,R3,CLU_BIOMD0000000725,test,retrievable_top1_success,False,1-2,kegg_compound,ok,1
BIOMD0000000725,R4,CLU_BIOMD0000000725,test,unconstrained,False,3-4,kegg_compound,unconstrained_candidate_set,0
BIOMD0000000725,R5,CLU_BIOMD0000000725,test,unconstrained,False,5-6,kegg_compound,unconstrained_candidate_set,0
BIOMD0000000725,R6,CLU_BIOMD0000000725,test,retrievable_top1_success,False,3-4,kegg_compound,ok,1
BIOMD0000000725,R7,CLU_BIOMD0000000725,test,retrievable_top1_success,False,3-4,kegg_compound,ok,1
BIOMD0000000725,R8,CLU_BIOMD0000000725,test,retrievable_top1_success,False,3-4,kegg_compound,ok,2
BIOMD0000000725,R9,CLU_BIOMD0000000725,test,retrievable_top1_success,False,3-4,kegg_compound,ok,1
BIOMD0000001063,r_0001,CLU_BIOMD0000001063,test,retrievable_top1_success,True,3-4,chebi+kegg_compound,ok,2
BIOMD0000001063,r_0002,CLU_BIOMD0000001063,test,retrievable_top1_success,True,3-4,chebi+kegg_compound,ok,2
BIOMD0000001063,r_0003,CLU_BIOMD0000001063,test,empty_constrained,True,5-6,chebi+kegg_compound,no_candidates,0
BIOMD0000001063,r_0004,CLU_BIOMD0000001063,test,retrievable_top1_success,True,3-4,chebi+kegg_compound,ok,1
BIOMD0000001063,r_0005,CLU_BIOMD0000001063,test,empty_constrained,True,3-4,chebi+kegg_compound,no_candidates,0
BIOMD0000001063,r_0007,CLU_BIOMD0000001063,test,retrievable_top1_success,True,1-2,chebi+kegg_compound,ok,1
BIOMD0000001063,r_0012,CLU_BIOMD0000001063,test,empty_constrained,True,5-6,chebi+kegg_compound,no_candidates,0
BIOMD0000001063,r_0014,CLU_BIOMD0000001063,test,empty_constrained,True,5-6,chebi+kegg_compound,no_candidates,0
BIOMD0000001063,r_0015,CLU_BIOMD0000001063,test,nonempty_answer_absent,True,5-6,chebi+kegg_compound,ok,2
BIOMD0000001063,r_0016,CLU_BIOMD0000001063,test,empty_constrained,True,5-6,chebi+kegg_compound,no_candidates,0
BIOMD0000001063,r_0017,CLU_BIOMD0000001063,test,empty_constrained,True,5-6,chebi+kegg_compound,no_candidates,0
BIOMD0000001063,r_0018,CLU_BIOMD0000001063,test,nonempty_answer_absent,True,3-4,chebi+kegg_compound,ok,61
BIOMD0000001063,r_0019,CLU_BIOMD0000001063,test,empty_constrained,True,5-6,chebi+kegg_compound,no_candidates,0
BIOMD0000001063,r_0020,CLU_BIOMD0000001063,test,empty_constrained,True,5-6,chebi+kegg_compound,no_candidates,0
BIOMD0000001063,r_0021,CLU_BIOMD0000001063,test,empty_constrained,True,5-6,chebi+kegg_compound,no_candidates,0
BIOMD0000001063,r_0022,CLU_BIOMD0000001063,test,empty_constrained,True,3-4,chebi+kegg_compound,no_candidates,0
BIOMD0000001063,r_0023,CLU_BIOMD0000001063,test,empty_constrained,True,3-4,chebi+kegg_compound,no_candidates,0
BIOMD0000001063,r_0024,CLU_BIOMD0000001063,test,empty_constrained,True,5-6,chebi+kegg_compound,no_candidates,0
BIOMD0000001063,r_0025,CLU_BIOMD0000001063,test,empty_constrained,True,5-6,chebi+kegg_compound,no_candidates,0
BIOMD0000001063,r_0026,CLU_BIOMD0000001063,test,retrievable_top1_success,True,3-4,chebi+kegg_compound,ok,1
BIOMD0000001063,r_0027,CLU_BIOMD0000001063,test,retrievable_top1_success,True,3-4,chebi+kegg_compound,ok,1
BIOMD0000001063,r_0028,CLU_BIOMD0000001063,test,empty_constrained,True,5-6,chebi+kegg_compound,no_candidates,0
BIOMD0000001063,r_0029,CLU_BIOMD0000001063,test,empty_constrained,True,3-4,chebi+kegg_compound,no_candidates,0
BIOMD0000001063,r_0030,CLU_BIOMD0000001063,test,empty_constrained,True,3-4,chebi+kegg_compound,no_candidates,0
BIOMD0000001063,r_0032,CLU_BIOMD0000001063,test,retrievable_top1_success,True,3-4,chebi+kegg_compound,ok,1
BIOMD0000001063,r_0033,CLU_BIOMD0000001063,test,nonempty_answer_absent,True,3-4,chebi+kegg_compound,ok,314
BIOMD0000001063,r_0036,CLU_BIOMD0000001063,test,nonempty_answer_absent,True,3-4,chebi+kegg_compound,ok,314
BIOMD0000001063,r_0038,CLU_BIOMD0000001063,test,empty_constrained,True,3-4,chebi+kegg_compound,no_candidates,0
BIOMD0000001063,r_0039,CLU_BIOMD0000001063,test,retrievable_top1_success,True,3-4,chebi+kegg_compound,ok,1
BIOMD0000001063,r_0040,CLU_BIOMD0000001063,test,empty_constrained,True,3-4,chebi+kegg_compound,no_candidates,0
BIOMD0000001063,r_0041,CLU_BIOMD0000001063,test,nonempty_answer_absent,True,5-6,chebi+kegg_compound,ok,2
BIOMD0000001063,r_0042,CLU_BIOMD0000001063,test,empty_constrained,True,5-6,chebi+kegg_compound,no_candidates,0
BIOMD0000001063,r_0043,CLU_BIOMD0000001063,test,empty_constrained,True,3-4,chebi+kegg_compound,no_candidates,0
BIOMD0000001063,r_0044,CLU_BIOMD0000001063,test,empty_constrained,True,3-4,chebi+kegg_compound,no_candidates,0
BIOMD0000001063,r_0045,CLU_BIOMD0000001063,test,empty_constrained,True,5-6,chebi+kegg_compound,no_candidates,0
BIOMD0000001063,r_0057,CLU_BIOMD0000001063,test,empty_constrained,True,5-6,chebi+kegg_compound,no_candidates,0
BIOMD0000001063,r_0058,CLU_BIOMD0000001063,test,retrievable_top1_success,True,3-4,chebi+kegg_compound,ok,1
BIOMD0000001063,r_0060,CLU_BIOMD0000001063,test,retrievable_top1_success,True,3-4,chebi+kegg_compound,ok,1
BIOMD0000001063,r_0061,CLU_BIOMD0000001063,test,empty_constrained,True,5-6,chebi+kegg_compound,no_candidates,0
BIOMD0000001063,r_0063,CLU_BIOMD0000001063,test,retrievable_top1_success,True,5-6,chebi+kegg_compound,ok,1
BIOMD0000001063,r_0064,CLU_BIOMD0000001063,test,empty_constrained,True,3-4,chebi+kegg_compound,no_candidates,0
BIOMD0000001063,r_0065,CLU_BIOMD0000001063,test,retrievable_top1_success,True,3-4,chebi+kegg_compound,ok,1
BIOMD0000001063,r_0066,CLU_BIOMD0000001063,test,retrievable_top1_success,True,3-4,chebi+kegg_compound,ok,2
BIOMD0000001063,r_0067,CLU_BIOMD0000001063,test,empty_constrained,True,3-4,chebi+kegg_compound,no_candidates,0
BIOMD0000001063,r_0068,CLU_BIOMD0000001063,test,retrievable_top1_success,True,3-4,chebi+kegg_compound,ok,1
BIOMD0000001063,r_0069,CLU_BIOMD0000001063,test,retrievable_top1_success,True,3-4,chebi+kegg_compound,ok,1
BIOMD0000001063,r_0070,CLU_BIOMD0000001063,test,nonempty_answer_absent,True,5-6,chebi+kegg_compound,ok,3
BIOMD0000001063,r_0073,CLU_BIOMD0000001063,test,nonempty_answer_absent,True,5-6,chebi+kegg_compound,ok,314
BIOMD0000001063,r_0075,CLU_BIOMD0000001063,test,retrievable_top1_success,True,3-4,chebi+kegg_compound,ok,1
BIOMD0000001063,r_0076,CLU_BIOMD0000001063,test,retrievable_top1_success,True,3-4,chebi+kegg_compound,ok,1
BIOMD0000001063,r_0077,CLU_BIOMD0000001063,test,retrievable_top1_success,True,3-4,chebi+kegg_compound,ok,1
BIOMD0000001063,r_0078,CLU_BIOMD0000001063,test,retrievable_top1_success,True,3-4,chebi+kegg_compound,ok,1
BIOMD0000001063,r_0079,CLU_BIOMD0000001063,test,empty_constrained,True,7+,chebi+kegg_compound,no_candidates,0
BIOMD0000001063,r_0080,CLU_BIOMD0000001063,test,nonempty_answer_absent,True,5-6,chebi+kegg_compound,ok,2
BIOMD0000001063,r_0081,CLU_BIOMD0000001063,test,empty_constrained,True,5-6,chebi+kegg_compound,no_candidates,0
BIOMD0000001063,r_0082,CLU_BIOMD0000001063,test,nonempty_answer_absent,True,5-6,chebi+kegg_compound,ok,314
BIOMD0000001063,r_0083,CLU_BIOMD0000001063,test,retrievable_top1_success,True,3-4,chebi+kegg_compound,ok,1
BIOMD0000001063,r_0084,CLU_BIOMD0000001063,test,retrievable_top1_success,True,5-6,chebi+kegg_compound,ok,1
BIOMD0000001063,r_0085,CLU_BIOMD0000001063,test,retrievable_top1_success,True,3-4,chebi+kegg_compound,ok,1
BIOMD0000001063,r_0086,CLU_BIOMD0000001063,test,retrievable_top1_success,True,3-4,chebi+kegg_compound,ok,1
BIOMD0000001063,r_0087,CLU_BIOMD0000001063,test,retrievable_top1_success,True,1-2,chebi+kegg_compound,ok,1
BIOMD0000001063,r_0091,CLU_BIOMD0000001063,test,nonempty_answer_absent,True,3-4,chebi+kegg_compound,ok,27
BIOMD0000001063,r_0092,CLU_BIOMD0000001063,test,nonempty_answer_absent,True,5-6,chebi+kegg_compound,ok,314
BIOMD0000001063,r_0094,CLU_BIOMD0000001063,test,empty_constrained,True,5-6,chebi+kegg_compound,no_candidates,0
BIOMD0000001063,r_0097,CLU_BIOMD0000001063,test,empty_constrained,True,3-4,chebi+kegg_compound,no_candidates,0
BIOMD0000001063,r_0099,CLU_BIOMD0000001063,test,retrievable_top1_success,True,3-4,chebi+kegg_compound,ok,1
BIOMD0000001063,r_0102,CLU_BIOMD0000001063,test,unconstrained,True,3-4,chebi+kegg_compound,unconstrained_candidate_set,0
BIOMD0000001063,r_0103,CLU_BIOMD0000001063,test,retrievable_top1_success,True,3-4,chebi+kegg_compound,ok,4
BIOMD0000001063,r_0104,CLU_BIOMD0000001063,test,retrievable_top1_success,True,3-4,chebi+kegg_compound,ok,4
BIOMD0000001063,r_0105,CLU_BIOMD0000001063,test,empty_constrained,True,3-4,chebi+kegg_compound,no_candidates,0
BIOMD0000001063,r_0106,CLU_BIOMD0000001063,test,empty_constrained,True,3-4,chebi+kegg_compound,no_candidates,0
BIOMD0000001063,r_0107,CLU_BIOMD0000001063,test,empty_constrained,True,3-4,chebi+kegg_compound,no_candidates,0
BIOMD0000001063,r_0108,CLU_BIOMD0000001063,test,empty_constrained,True,7+,chebi+kegg_compound,no_candidates,0
BIOMD0000001063,r_0109,CLU_BIOMD0000001063,test,empty_constrained,True,7+,chebi+kegg_compound,no_candidates,0
BIOMD0000001063,r_0111,CLU_BIOMD0000001063,test,nonempty_answer_absent,True,5-6,chebi+kegg_compound,ok,7
BIOMD0000001063,r_0112,CLU_BIOMD0000001063,test,retrievable_top1_success,True,5-6,chebi+kegg_compound,ok,1
BIOMD0000001063,r_0113,CLU_BIOMD0000001063,test,retrievable_top1_success,True,5-6,chebi+kegg_compound,ok,1
BIOMD0000001063,r_0114,CLU_BIOMD0000001063,test,retrievable_top1_success,True,5-6,chebi+kegg_compound,ok,1
BIOMD0000001063,r_0115,CLU_BIOMD0000001063,test,retrievable_top1_success,True,3-4,chebi+kegg_compound,ok,1
BIOMD0000001063,r_0116,CLU_BIOMD0000001063,test,retrievable_top1_success,True,3-4,chebi+kegg_compound,ok,1
BIOMD0000001063,r_0118,CLU_BIOMD0000001063,test,empty_constrained,True,3-4,chebi+kegg_compound,no_candidates,0
BIOMD0000001063,r_0119,CLU_BIOMD0000001063,test,nonempty_answer_absent,True,5-6,chebi+kegg_compound,ok,314
BIOMD0000001063,r_0138,CLU_BIOMD0000001063,test,empty_constrained,True,5-6,chebi+kegg_compound,no_candidates,0
BIOMD0000001063,r_0139,CLU_BIOMD0000001063,test,nonempty_answer_absent,True,3-4,chebi+kegg_compound,ok,3
BIOMD0000001063,r_0140,CLU_BIOMD0000001063,test,empty_constrained,True,5-6,chebi+kegg_compound,no_candidates,0
BIOMD0000001063,r_0142,CLU_BIOMD0000001063,test,empty_constrained,True,5-6,chebi+kegg_compound,no_candidates,0
BIOMD0000001063,r_0143,CLU_BIOMD0000001063,test,empty_constrained,True,5-6,chebi+kegg_compound,no_candidates,0
BIOMD0000001063,r_0144,CLU_BIOMD0000001063,test,retrievable_top1_success,True,3-4,chebi+kegg_compound,ok,1
BIOMD0000001063,r_0145,CLU_BIOMD0000001063,test,retrievable_top1_success,True,3-4,chebi+kegg_compound,ok,3
BIOMD0000001063,r_0146,CLU_BIOMD0000001063,test,retrievable_top1_success,True,3-4,chebi+kegg_compound,ok,1
BIOMD0000001063,r_0147,CLU_BIOMD0000001063,test,retrievable_top1_success,True,3-4,chebi+kegg_compound,ok,1
BIOMD0000001063,r_0148,CLU_BIOMD0000001063,test,retrievable_top1_success,True,3-4,chebi+kegg_compound,ok,1
BIOMD0000001063,r_0149,CLU_BIOMD0000001063,test,retrievable_top1_success,True,3-4,chebi+kegg_compound,ok,1
BIOMD0000001063,r_0151,CLU_BIOMD0000001063,test,retrievable_top1_success,True,3-4,chebi+kegg_compound,ok,1
BIOMD0000001063,r_0152,CLU_BIOMD0000001063,test,retrievable_top1_success,True,3-4,chebi+kegg_compound,ok,1
BIOMD0000001063,r_0153,CLU_BIOMD0000001063,test,nonempty_answer_absent,True,7+,chebi+kegg_compound,ok,1446
BIOMD0000001063,r_0154,CLU_BIOMD0000001063,test,nonempty_answer_absent,True,5-6,chebi+kegg_compound,ok,1446
BIOMD0000001063,r_0156,CLU_BIOMD0000001063,test,retrievable_top1_success,True,3-4,chebi+kegg_compound,ok,1
BIOMD0000001063,r_0157,CLU_BIOMD0000001063,test,retrievable_top1_success,True,5-6,chebi+kegg_compound,ok,1
BIOMD0000001063,r_0163,CLU_BIOMD0000001063,test,empty_constrained,True,5-6,chebi+kegg_compound,no_candidates,0
BIOMD0000001063,r_0164,CLU_BIOMD0000001063,test,empty_constrained,True,5-6,chebi+kegg_compound,no_candidates,0
BIOMD0000001063,r_0165,CLU_BIOMD0000001063,test,empty_constrained,True,5-6,chebi+kegg_compound,no_candidates,0
BIOMD0000001063,r_0169,CLU_BIOMD0000001063,test,empty_constrained,True,5-6,chebi+kegg_compound,no_candidates,0
BIOMD0000001063,r_0170,CLU_BIOMD0000001063,test,empty_constrained,True,5-6,chebi+kegg_compound,no_candidates,0
BIOMD0000001063,r_0172,CLU_BIOMD0000001063,test,empty_constrained,True,5-6,chebi+kegg_compound,no_candidates,0
BIOMD0000001063,r_0173,CLU_BIOMD0000001063,test,empty_constrained,True,5-6,chebi+kegg_compound,no_candidates,0
BIOMD0000001063,r_0174,CLU_BIOMD0000001063,test,empty_constrained,True,5-6,chebi+kegg_compound,no_candidates,0
BIOMD0000001063,r_0175,CLU_BIOMD0000001063,test,empty_constrained,True,5-6,chebi+kegg_compound,no_candidates,0
BIOMD0000001063,r_0176,CLU_BIOMD0000001063,test,empty_constrained,True,5-6,chebi+kegg_compound,no_candidates,0
BIOMD0000001063,r_0179,CLU_BIOMD0000001063,test,empty_constrained,True,5-6,chebi+kegg_compound,no_candidates,0
BIOMD0000001063,r_0180,CLU_BIOMD0000001063,test,empty_constrained,True,5-6,chebi+kegg_compound,no_candidates,0
BIOMD0000001063,r_0181,CLU_BIOMD0000001063,test,empty_constrained,True,5-6,chebi+kegg_compound,no_candidates,0
BIOMD0000001063,r_0185,CLU_BIOMD0000001063,test,empty_constrained,True,5-6,chebi+kegg_compound,no_candidates,0
BIOMD0000001063,r_0186,CLU_BIOMD0000001063,test,empty_constrained,True,5-6,chebi+kegg_compound,no_candidates,0
BIOMD0000001063,r_0187,CLU_BIOMD0000001063,test,empty_constrained,True,5-6,chebi+kegg_compound,no_candidates,0
BIOMD0000001063,r_0188,CLU_BIOMD0000001063,test,empty_constrained,True,5-6,chebi+kegg_compound,no_candidates,0
BIOMD0000001063,r_0189,CLU_BIOMD0000001063,test,empty_constrained,True,3-4,chebi+kegg_compound,no_candidates,0
BIOMD0000001063,r_0190,CLU_BIOMD0000001063,test,empty_constrained,True,3-4,chebi+kegg_compound,no_candidates,0
BIOMD0000001063,r_0191,CLU_BIOMD0000001063,test,empty_constrained,True,5-6,chebi+kegg_compound,no_candidates,0
BIOMD0000001063,r_0192,CLU_BIOMD0000001063,test,empty_constrained,True,5-6,chebi+kegg_compound,no_candidates,0
BIOMD0000001063,r_0193,CLU_BIOMD0000001063,test,retrievable_top1_success,True,3-4,chebi+kegg_compound,ok,1
BIOMD0000001063,r_0194,CLU_BIOMD0000001063,test,retrievable_top1_success,True,3-4,chebi+kegg_compound,ok,1
BIOMD0000001063,r_0195,CLU_BIOMD0000001063,test,empty_constrained,True,5-6,chebi+kegg_compound,no_candidates,0
BIOMD0000001063,r_0198,CLU_BIOMD0000001063,test,retrievable_top1_success,True,3-4,chebi+kegg_compound,ok,1
BIOMD0000001063,r_0199,CLU_BIOMD0000001063,test,empty_constrained,True,3-4,chebi+kegg_compound,no_candidates,0
BIOMD0000001063,r_0200,CLU_BIOMD0000001063,test,empty_constrained,True,5-6,chebi+kegg_compound,no_candidates,0
BIOMD0000001063,r_0201,CLU_BIOMD0000001063,test,empty_constrained,True,5-6,chebi+kegg_compound,no_candidates,0
BIOMD0000001063,r_0202,CLU_BIOMD0000001063,test,empty_constrained,True,3-4,chebi+kegg_compound,no_candidates,0
BIOMD0000001063,r_0203,CLU_BIOMD0000001063,test,empty_constrained,True,5-6,chebi+kegg_compound,no_candidates,0
BIOMD0000001063,r_0204,CLU_BIOMD0000001063,test,nonempty_answer_absent,True,3-4,chebi+kegg_compound,ok,314
BIOMD0000001063,r_0205,CLU_BIOMD0000001063,test,empty_constrained,True,5-6,chebi+kegg_compound,no_candidates,0
BIOMD0000001063,r_0206,CLU_BIOMD0000001063,test,retrievable_top1_success,True,3-4,chebi+kegg_compound,ok,1
BIOMD0000001063,r_0207,CLU_BIOMD0000001063,test,retrievable_top1_success,True,3-4,chebi+kegg_compound,ok,1
BIOMD0000001063,r_0208,CLU_BIOMD0000001063,test,empty_constrained,True,7+,chebi+kegg_compound,no_candidates,0
BIOMD0000001063,r_0209,CLU_BIOMD0000001063,test,retrievable_top1_success,True,5-6,chebi+kegg_compound,ok,1
BIOMD0000001063,r_0210,CLU_BIOMD0000001063,test,retrievable_top1_success,True,5-6,chebi+kegg_compound,ok,1
BIOMD0000001063,r_0211,CLU_BIOMD0000001063,test,empty_constrained,True,7+,chebi+kegg_compound,no_candidates,0
BIOMD0000001063,r_0212,CLU_BIOMD0000001063,test,retrievable_top1_success,True,5-6,chebi+kegg_compound,ok,1
BIOMD0000001063,r_0213,CLU_BIOMD0000001063,test,retrievable_top1_success,True,5-6,chebi+kegg_compound,ok,1
BIOMD0000001063,r_0214,CLU_BIOMD0000001063,test,nonempty_answer_absent,True,5-6,chebi+kegg_compound,ok,1446
BIOMD0000001063,r_0215,CLU_BIOMD0000001063,test,retrievable_top1_success,True,3-4,chebi+kegg_compound,ok,1
BIOMD0000001063,r_0216,CLU_BIOMD0000001063,test,retrievable_top1_success,True,3-4,chebi+kegg_compound,ok,1
BIOMD0000001063,r_0217,CLU_BIOMD0000001063,test,empty_constrained,True,3-4,chebi+kegg_compound,no_candidates,0
BIOMD0000001063,r_0218,CLU_BIOMD0000001063,test,retrievable_top1_success,True,3-4,chebi+kegg_compound,ok,1
BIOMD0000001063,r_0219,CLU_BIOMD0000001063,test,empty_constrained,True,5-6,chebi+kegg_compound,no_candidates,0
BIOMD0000001063,r_0220,CLU_BIOMD0000001063,test,retrievable_top1_success,True,5-6,chebi+kegg_compound,ok,1
BIOMD0000001063,r_0221,CLU_BIOMD0000001063,test,retrievable_top1_success,True,5-6,chebi+kegg_compound,ok,1
BIOMD0000001063,r_0222,CLU_BIOMD0000001063,test,nonempty_answer_absent,True,5-6,chebi+kegg_compound,ok,1136
BIOMD0000001063,r_0225,CLU_BIOMD0000001063,test,unconstrained,True,3-4,chebi+kegg_compound,unconstrained_candidate_set,0
BIOMD0000001063,r_0227,CLU_BIOMD0000001063,test,nonempty_answer_absent,True,5-6,chebi+kegg_compound,ok,2
BIOMD0000001063,r_0228,CLU_BIOMD0000001063,test,empty_constrained,True,5-6,chebi+kegg_compound,no_candidates,0
BIOMD0000001063,r_0230,CLU_BIOMD0000001063,test,nonempty_answer_absent,True,5-6,chebi+kegg_compound,ok,12
BIOMD0000001063,r_0231,CLU_BIOMD0000001063,test,empty_constrained,True,5-6,chebi+kegg_compound,no_candidates,0
BIOMD0000001063,r_0233,CLU_BIOMD0000001063,test,empty_constrained,True,7+,chebi+kegg_compound,no_candidates,0
BIOMD0000001063,r_0236,CLU_BIOMD0000001063,test,empty_constrained,True,5-6,chebi+kegg_compound,no_candidates,0
BIOMD0000001063,r_0241,CLU_BIOMD0000001063,test,retrievable_top1_success,True,7+,chebi+kegg_compound,ok,1
BIOMD0000001063,r_0243,CLU_BIOMD0000001063,test,retrievable_top1_success,True,1-2,chebi+kegg_compound,ok,1
BIOMD0000001063,r_0244,CLU_BIOMD0000001063,test,empty_constrained,True,5-6,chebi+kegg_compound,no_candidates,0
BIOMD0000001063,r_0249,CLU_BIOMD0000001063,test,retrievable_top1_success,True,3-4,chebi+kegg_compound,ok,1
BIOMD0000001063,r_0250,CLU_BIOMD0000001063,test,empty_constrained,True,7+,chebi+kegg_compound,no_candidates,0
BIOMD0000001063,r_0252,CLU_BIOMD0000001063,test,retrievable_top1_success,True,3-4,chebi+kegg_compound,ok,1
BIOMD0000001063,r_0253,CLU_BIOMD0000001063,test,retrievable_top1_success,True,3-4,chebi+kegg_compound,ok,1
BIOMD0000001063,r_0254,CLU_BIOMD0000001063,test,empty_constrained,True,3-4,chebi+kegg_compound,no_candidates,0
BIOMD0000001063,r_0255,CLU_BIOMD0000001063,test,retrievable_top1_success,True,3-4,chebi+kegg_compound,ok,6
BIOMD0000001063,r_0256,CLU_BIOMD0000001063,test,retrievable_top1_success,True,3-4,chebi+kegg_compound,ok,6
BIOMD0000001063,r_0264,CLU_BIOMD0000001063,test,empty_constrained,True,5-6,chebi+kegg_compound,no_candidates,0
BIOMD0000001063,r_0266,CLU_BIOMD0000001063,test,empty_constrained,True,5-6,chebi+kegg_compound,no_candidates,0
BIOMD0000001063,r_0271,CLU_BIOMD0000001063,test,empty_constrained,True,5-6,chebi+kegg_compound,no_candidates,0
BIOMD0000001063,r_0272,CLU_BIOMD0000001063,test,empty_constrained,True,3-4,chebi+kegg_compound,no_candidates,0
BIOMD0000001063,r_0273,CLU_BIOMD0000001063,test,nonempty_answer_absent,True,5-6,chebi+kegg_compound,ok,3
BIOMD0000001063,r_0274,CLU_BIOMD0000001063,test,empty_constrained,True,5-6,chebi+kegg_compound,no_candidates,0
BIOMD0000001063,r_0278,CLU_BIOMD0000001063,test,retrievable_top1_success,True,1-2,chebi+kegg_compound,ok,1
BIOMD0000001063,r_0279,CLU_BIOMD0000001063,test,retrievable_top1_success,True,3-4,chebi+kegg_compound,ok,1
BIOMD0000001063,r_0280,CLU_BIOMD0000001063,test,empty_constrained,True,3-4,chebi+kegg_compound,no_candidates,0
BIOMD0000001063,r_0281,CLU_BIOMD0000001063,test,retrievable_top1_success,True,3-4,chebi+kegg_compound,ok,1
BIOMD0000001063,r_0282,CLU_BIOMD0000001063,test,retrievable_top1_success,True,3-4,chebi+kegg_compound,ok,2
BIOMD0000001063,r_0283,CLU_BIOMD0000001063,test,retrievable_top1_success,True,3-4,chebi+kegg_compound,ok,1
BIOMD0000001063,r_0284,CLU_BIOMD0000001063,test,retrievable_top1_success,True,3-4,chebi+kegg_compound,ok,1
BIOMD0000001063,r_0285,CLU_BIOMD0000001063,test,empty_constrained,True,3-4,chebi+kegg_compound,no_candidates,0
BIOMD0000001063,r_0286,CLU_BIOMD0000001063,test,retrievable_top1_success,True,3-4,chebi+kegg_compound,ok,1
BIOMD0000001063,r_0287,CLU_BIOMD0000001063,test,empty_constrained,True,3-4,chebi+kegg_compound,no_candidates,0
BIOMD0000001063,r_0300,CLU_BIOMD0000001063,test,empty_constrained,True,5-6,chebi+kegg_compound,no_candidates,0
BIOMD0000001063,r_0301,CLU_BIOMD0000001063,test,empty_constrained,True,5-6,chebi+kegg_compound,no_candidates,0
BIOMD0000001063,r_0302,CLU_BIOMD0000001063,test,retrievable_top1_success,True,3-4,chebi+kegg_compound,ok,1
BIOMD0000001063,r_0303,CLU_BIOMD0000001063,test,retrievable_top1_success,True,3-4,chebi+kegg_compound,ok,1
BIOMD0000001063,r_0304,CLU_BIOMD0000001063,test,nonempty_answer_absent,True,5-6,chebi+kegg_compound,ok,28
BIOMD0000001063,r_0306,CLU_BIOMD0000001063,test,empty_constrained,True,7+,chebi+kegg_compound,no_candidates,0
BIOMD0000001063,r_0307,CLU_BIOMD0000001063,test,empty_constrained,True,7+,chebi+kegg_compound,no_candidates,0
BIOMD0000001063,r_0308,CLU_BIOMD0000001063,test,empty_constrained,True,5-6,chebi+kegg_compound,no_candidates,0
BIOMD0000001063,r_0309,CLU_BIOMD0000001063,test,retrievable_top1_success,True,3-4,chebi+kegg_compound,ok,2
BIOMD0000001063,r_0310,CLU_BIOMD0000001063,test,empty_constrained,True,5-6,chebi+kegg_compound,no_candidates,0
BIOMD0000001063,r_0311,CLU_BIOMD0000001063,test,empty_constrained,True,5-6,chebi+kegg_compound,no_candidates,0
BIOMD0000001063,r_0312,CLU_BIOMD0000001063,test,retrievable_top1_success,True,3-4,chebi+kegg_compound,ok,1
BIOMD0000001063,r_0313,CLU_BIOMD0000001063,test,retrievable_top1_success,True,5-6,chebi+kegg_compound,ok,1
BIOMD0000001063,r_0314,CLU_BIOMD0000001063,test,empty_constrained,True,5-6,chebi+kegg_compound,no_candidates,0
BIOMD0000001063,r_0315,CLU_BIOMD0000001063,test,empty_constrained,True,5-6,chebi+kegg_compound,no_candidates,0
BIOMD0000001063,r_0317,CLU_BIOMD0000001063,test,empty_constrained,True,7+,chebi+kegg_compound,no_candidates,0
BIOMD0000001063,r_0318,CLU_BIOMD0000001063,test,empty_constrained,True,5-6,chebi+kegg_compound,no_candidates,0
BIOMD0000001063,r_0319,CLU_BIOMD0000001063,test,empty_constrained,True,5-6,chebi+kegg_compound,no_candidates,0
BIOMD0000001063,r_0320,CLU_BIOMD0000001063,test,empty_constrained,True,5-6,chebi+kegg_compound,no_candidates,0
BIOMD0000001063,r_0321,CLU_BIOMD0000001063,test,empty_constrained,True,5-6,chebi+kegg_compound,no_candidates,0
BIOMD0000001063,r_0322,CLU_BIOMD0000001063,test,retrievable_top1_success,True,3-4,chebi+kegg_compound,ok,1
BIOMD0000001063,r_0323,CLU_BIOMD0000001063,test,empty_constrained,True,5-6,chebi+kegg_compound,no_candidates,0
BIOMD0000001063,r_0326,CLU_BIOMD0000001063,test,empty_constrained,True,5-6,chebi+kegg_compound,no_candidates,0
BIOMD0000001063,r_0327,CLU_BIOMD0000001063,test,empty_constrained,True,5-6,chebi+kegg_compound,no_candidates,0
BIOMD0000001063,r_0328,CLU_BIOMD0000001063,test,empty_constrained,True,5-6,chebi+kegg_compound,no_candidates,0
BIOMD0000001063,r_0329,CLU_BIOMD0000001063,test,empty_constrained,True,5-6,chebi+kegg_compound,no_candidates,0
BIOMD0000001063,r_0330,CLU_BIOMD0000001063,test,retrievable_top1_success,True,3-4,chebi+kegg_compound,ok,1
BIOMD0000001063,r_0332,CLU_BIOMD0000001063,test,empty_constrained,True,5-6,chebi+kegg_compound,no_candidates,0
BIOMD0000001063,r_0334,CLU_BIOMD0000001063,test,nonempty_answer_absent,True,5-6,chebi+kegg_compound,ok,1446
BIOMD0000001063,r_0335,CLU_BIOMD0000001063,test,empty_constrained,True,7+,chebi+kegg_compound,no_candidates,0
BIOMD0000001063,r_0344,CLU_BIOMD0000001063,test,empty_constrained,True,5-6,chebi+kegg_compound,no_candidates,0
BIOMD0000001063,r_0345,CLU_BIOMD0000001063,test,empty_constrained,True,5-6,chebi+kegg_compound,no_candidates,0
BIOMD0000001063,r_0346,CLU_BIOMD0000001063,test,empty_constrained,True,7+,chebi+kegg_compound,no_candidates,0
BIOMD0000001063,r_0347,CLU_BIOMD0000001063,test,retrievable_top1_success,True,3-4,chebi+kegg_compound,ok,1
BIOMD0000001063,r_0348,CLU_BIOMD0000001063,test,nonempty_answer_absent,True,3-4,chebi+kegg_compound,ok,1
BIOMD0000001063,r_0349,CLU_BIOMD0000001063,test,nonempty_answer_absent,True,3-4,chebi+kegg_compound,ok,314
BIOMD0000001063,r_0350,CLU_BIOMD0000001063,test,retrievable_top1_success,True,3-4,chebi+kegg_compound,ok,1
BIOMD0000001063,r_0351,CLU_BIOMD0000001063,test,retrievable_top1_success,True,3-4,chebi+kegg_compound,ok,1
BIOMD0000001063,r_0352,CLU_BIOMD0000001063,test,retrievable_top1_success,True,3-4,chebi+kegg_compound,ok,2
BIOMD0000001063,r_0353,CLU_BIOMD0000001063,test,retrievable_top1_success,True,3-4,chebi+kegg_compound,ok,1
BIOMD0000001063,r_0354,CLU_BIOMD0000001063,test,empty_constrained,True,5-6,chebi+kegg_compound,no_candidates,0
BIOMD0000001063,r_0355,CLU_BIOMD0000001063,test,retrievable_top1_success,True,3-4,chebi+kegg_compound,ok,1
BIOMD0000001063,r_0356,CLU_BIOMD0000001063,test,nonempty_answer_absent,True,3-4,chebi+kegg_compound,ok,49
BIOMD0000001063,r_0359,CLU_BIOMD0000001063,test,nonempty_answer_absent,True,5-6,chebi+kegg_compound,ok,12
BIOMD0000001063,r_0360,CLU_BIOMD0000001063,test,empty_constrained,True,5-6,chebi+kegg_compound,no_candidates,0
BIOMD0000001063,r_0361,CLU_BIOMD0000001063,test,empty_constrained,True,5-6,chebi+kegg_compound,no_candidates,0
BIOMD0000001063,r_0363,CLU_BIOMD0000001063,test,retrievable_top1_success,True,3-4,chebi+kegg_compound,ok,1
BIOMD0000001063,r_0364,CLU_BIOMD0000001063,test,nonempty_answer_absent,True,5-6,chebi+kegg_compound,ok,314
BIOMD0000001063,r_0366,CLU_BIOMD0000001063,test,retrievable_top1_success,True,3-4,chebi+kegg_compound,ok,61
BIOMD0000001063,r_0368,CLU_BIOMD0000001063,test,nonempty_answer_absent,True,5-6,chebi+kegg_compound,ok,1446
BIOMD0000001063,r_0370,CLU_BIOMD0000001063,test,retrievable_top1_success,True,3-4,chebi+kegg_compound,ok,2
BIOMD0000001063,r_0373,CLU_BIOMD0000001063,test,retrievable_top1_success,True,3-4,chebi+kegg_compound,ok,1
BIOMD0000001063,r_0402,CLU_BIOMD0000001063,test,unconstrained,True,5-6,chebi+kegg_compound,unconstrained_candidate_set,0
BIOMD0000001063,r_0436,CLU_BIOMD0000001063,test,retrievable_top1_success,True,3-4,chebi+kegg_compound,ok,1
BIOMD0000001063,r_0437,CLU_BIOMD0000001063,test,retrievable_top1_success,True,3-4,chebi+kegg_compound,ok,1
BIOMD0000001063,r_0438,CLU_BIOMD0000001063,test,retrievable_top1_success,True,5-6,chebi+kegg_compound,ok,1
BIOMD0000001063,r_0440,CLU_BIOMD0000001063,test,nonempty_answer_absent,True,5-6,chebi+kegg_compound,ok,1136
BIOMD0000001063,r_0441,CLU_BIOMD0000001063,test,nonempty_answer_absent,True,5-6,chebi+kegg_compound,ok,2
BIOMD0000001063,r_0442,CLU_BIOMD0000001063,test,nonempty_answer_absent,True,5-6,chebi+kegg_compound,ok,2
BIOMD0000001063,r_0445,CLU_BIOMD0000001063,test,empty_constrained,True,3-4,chebi+kegg_compound,no_candidates,0
BIOMD0000001063,r_0446,CLU_BIOMD0000001063,test,retrievable_top1_success,True,5-6,chebi+kegg_compound,ok,1
BIOMD0000001063,r_0447,CLU_BIOMD0000001063,test,retrievable_top1_success,True,5-6,chebi+kegg_compound,ok,1
BIOMD0000001063,r_0448,CLU_BIOMD0000001063,test,retrievable_top1_success,True,3-4,chebi+kegg_compound,ok,2
BIOMD0000001063,r_0449,CLU_BIOMD0000001063,test,retrievable_top1_success,True,3-4,chebi+kegg_compound,ok,2
BIOMD0000001063,r_0451,CLU_BIOMD0000001063,test,empty_constrained,True,3-4,chebi+kegg_compound,no_candidates,0
BIOMD0000001063,r_0452,CLU_BIOMD0000001063,test,empty_constrained,True,3-4,chebi+kegg_compound,no_candidates,0
BIOMD0000001063,r_0453,CLU_BIOMD0000001063,test,retrievable_rerank_failure,True,3-4,chebi+kegg_compound,ok,6
BIOMD0000001063,r_0454,CLU_BIOMD0000001063,test,empty_constrained,True,5-6,chebi+kegg_compound,no_candidates,0
BIOMD0000001063,r_0455,CLU_BIOMD0000001063,test,empty_constrained,True,5-6,chebi+kegg_compound,no_candidates,0
BIOMD0000001063,r_0458,CLU_BIOMD0000001063,test,empty_constrained,True,5-6,chebi+kegg_compound,no_candidates,0
BIOMD0000001063,r_0459,CLU_BIOMD0000001063,test,nonempty_answer_absent,True,5-6,chebi+kegg_compound,ok,1136
BIOMD0000001063,r_0460,CLU_BIOMD0000001063,test,nonempty_answer_absent,True,7+,chebi+kegg_compound,ok,1
BIOMD0000001063,r_0461,CLU_BIOMD0000001063,test,retrievable_top1_success,True,3-4,chebi+kegg_compound,ok,2
BIOMD0000001063,r_0462,CLU_BIOMD0000001063,test,retrievable_top1_success,True,3-4,chebi+kegg_compound,ok,1
BIOMD0000001063,r_0466,CLU_BIOMD0000001063,test,empty_constrained,True,5-6,chebi+kegg_compound,no_candidates,0
BIOMD0000001063,r_0467,CLU_BIOMD0000001063,test,empty_constrained,True,1-2,chebi+kegg_compound,no_candidates,0
BIOMD0000001063,r_0468,CLU_BIOMD0000001063,test,retrievable_top1_success,True,3-4,chebi+kegg_compound,ok,1
BIOMD0000001063,r_0469,CLU_BIOMD0000001063,test,empty_constrained,True,3-4,chebi+kegg_compound,no_candidates,0
BIOMD0000001063,r_0470,CLU_BIOMD0000001063,test,empty_constrained,True,7+,chebi+kegg_compound,no_candidates,0
BIOMD0000001063,r_0471,CLU_BIOMD0000001063,test,empty_constrained,True,7+,chebi+kegg_compound,no_candidates,0
BIOMD0000001063,r_0472,CLU_BIOMD0000001063,test,empty_constrained,True,5-6,chebi+kegg_compound,no_candidates,0
BIOMD0000001063,r_0473,CLU_BIOMD0000001063,test,empty_constrained,True,5-6,chebi+kegg_compound,no_candidates,0
BIOMD0000001063,r_0475,CLU_BIOMD0000001063,test,empty_constrained,True,3-4,chebi+kegg_compound,no_candidates,0
BIOMD0000001063,r_0476,CLU_BIOMD0000001063,test,empty_constrained,True,7+,chebi+kegg_compound,no_candidates,0
BIOMD0000001063,r_0477,CLU_BIOMD0000001063,test,retrievable_top1_success,True,3-4,chebi+kegg_compound,ok,1
BIOMD0000001063,r_0478,CLU_BIOMD0000001063,test,retrievable_top1_success,True,5-6,chebi+kegg_compound,ok,1
BIOMD0000001063,r_0479,CLU_BIOMD0000001063,test,retrievable_top1_success,True,5-6,chebi+kegg_compound,ok,1
BIOMD0000001063,r_0480,CLU_BIOMD0000001063,test,retrievable_top1_success,True,5-6,chebi+kegg_compound,ok,1
BIOMD0000001063,r_0481,CLU_BIOMD0000001063,test,nonempty_answer_absent,True,5-6,chebi+kegg_compound,ok,2
BIOMD0000001063,r_0482,CLU_BIOMD0000001063,test,nonempty_answer_absent,True,5-6,chebi+kegg_compound,ok,2
BIOMD0000001063,r_0483,CLU_BIOMD0000001063,test,retrievable_top1_success,True,3-4,chebi+kegg_compound,ok,1
BIOMD0000001063,r_0484,CLU_BIOMD0000001063,test,retrievable_top1_success,True,3-4,chebi+kegg_compound,ok,1
BIOMD0000001063,r_0485,CLU_BIOMD0000001063,test,nonempty_answer_absent,True,7+,chebi+kegg_compound,ok,6
BIOMD0000001063,r_0486,CLU_BIOMD0000001063,test,nonempty_answer_absent,True,5-6,chebi+kegg_compound,ok,5
BIOMD0000001063,r_0487,CLU_BIOMD0000001063,test,empty_constrained,True,5-6,chebi+kegg_compound,no_candidates,0
BIOMD0000001063,r_0488,CLU_BIOMD0000001063,test,nonempty_answer_absent,True,5-6,chebi+kegg_compound,ok,6
BIOMD0000001063,r_0489,CLU_BIOMD0000001063,test,retrievable_top1_success,True,3-4,chebi+kegg_compound,ok,2
BIOMD0000001063,r_0490,CLU_BIOMD0000001063,test,nonempty_answer_absent,True,5-6,chebi+kegg_compound,ok,1136
BIOMD0000001063,r_0491,CLU_BIOMD0000001063,test,nonempty_answer_absent,True,5-6,chebi+kegg_compound,ok,2
BIOMD0000001063,r_0492,CLU_BIOMD0000001063,test,nonempty_answer_absent,True,5-6,chebi+kegg_compound,ok,2
BIOMD0000001063,r_0497,CLU_BIOMD0000001063,test,empty_constrained,True,5-6,chebi+kegg_compound,no_candidates,0
BIOMD0000001063,r_0499,CLU_BIOMD0000001063,test,nonempty_answer_absent,True,5-6,chebi+kegg_compound,ok,1
BIOMD0000001063,r_0500,CLU_BIOMD0000001063,test,empty_constrained,True,3-4,chebi+kegg_compound,no_candidates,0
BIOMD0000001063,r_0502,CLU_BIOMD0000001063,test,empty_constrained,True,5-6,chebi+kegg_compound,no_candidates,0
BIOMD0000001063,r_0503,CLU_BIOMD0000001063,test,empty_constrained,True,5-6,chebi+kegg_compound,no_candidates,0
BIOMD0000001063,r_0505,CLU_BIOMD0000001063,test,empty_constrained,True,5-6,chebi+kegg_compound,no_candidates,0
BIOMD0000001063,r_0506,CLU_BIOMD0000001063,test,retrievable_top1_success,True,3-4,chebi+kegg_compound,ok,1
BIOMD0000001063,r_0507,CLU_BIOMD0000001063,test,empty_constrained,True,5-6,chebi+kegg_compound,no_candidates,0
BIOMD0000001063,r_0508,CLU_BIOMD0000001063,test,empty_constrained,True,5-6,chebi+kegg_compound,no_candidates,0
BIOMD0000001063,r_0512,CLU_BIOMD0000001063,test,retrievable_top1_success,True,5-6,chebi+kegg_compound,ok,1
BIOMD0000001063,r_0514,CLU_BIOMD0000001063,test,empty_constrained,True,7+,chebi+kegg_compound,no_candidates,0
BIOMD0000001063,r_0518,CLU_BIOMD0000001063,test,empty_constrained,True,5-6,chebi+kegg_compound,no_candidates,0
BIOMD0000001063,r_0524,CLU_BIOMD0000001063,test,nonempty_answer_absent,True,5-6,chebi+kegg_compound,ok,7
BIOMD0000001063,r_0525,CLU_BIOMD0000001063,test,nonempty_answer_absent,True,5-6,chebi+kegg_compound,ok,7
BIOMD0000001063,r_0526,CLU_BIOMD0000001063,test,empty_constrained,True,5-6,chebi+kegg_compound,no_candidates,0
BIOMD0000001063,r_0527,CLU_BIOMD0000001063,test,nonempty_answer_absent,True,3-4,chebi+kegg_compound,ok,1
BIOMD0000001063,r_0528,CLU_BIOMD0000001063,test,retrievable_top1_success,True,3-4,chebi+kegg_compound,ok,1
BIOMD0000001063,r_0531,CLU_BIOMD0000001063,test,retrievable_top1_success,True,5-6,chebi+kegg_compound,ok,1
BIOMD0000001063,r_0533,CLU_BIOMD0000001063,test,nonempty_answer_absent,True,5-6,chebi+kegg_compound,ok,2
BIOMD0000001063,r_0534,CLU_BIOMD0000001063,test,empty_constrained,True,5-6,chebi+kegg_compound,no_candidates,0
BIOMD0000001063,r_0535,CLU_BIOMD0000001063,test,empty_constrained,True,5-6,chebi+kegg_compound,no_candidates,0
BIOMD0000001063,r_0536,CLU_BIOMD0000001063,test,empty_constrained,True,5-6,chebi+kegg_compound,no_candidates,0
BIOMD0000001063,r_0537,CLU_BIOMD0000001063,test,retrievable_rerank_failure,True,3-4,chebi+kegg_compound,ok,2353
BIOMD0000001063,r_0538,CLU_BIOMD0000001063,test,nonempty_answer_absent,True,3-4,chebi+kegg_compound,ok,61
BIOMD0000001063,r_0539,CLU_BIOMD0000001063,test,retrievable_top1_success,True,5-6,chebi+kegg_compound,ok,1
BIOMD0000001063,r_0540,CLU_BIOMD0000001063,test,retrievable_top1_success,True,5-6,chebi+kegg_compound,ok,1
BIOMD0000001063,r_0541,CLU_BIOMD0000001063,test,empty_constrained,True,5-6,chebi+kegg_compound,no_candidates,0
BIOMD0000001063,r_0542,CLU_BIOMD0000001063,test,empty_constrained,True,3-4,chebi+kegg_compound,no_candidates,0
BIOMD0000001063,r_0543,CLU_BIOMD0000001063,test,empty_constrained,True,5-6,chebi+kegg_compound,no_candidates,0
BIOMD0000001063,r_0544,CLU_BIOMD0000001063,test,empty_constrained,True,5-6,chebi+kegg_compound,no_candidates,0
BIOMD0000001063,r_0545,CLU_BIOMD0000001063,test,empty_constrained,True,5-6,chebi+kegg_compound,no_candidates,0
BIOMD0000001063,r_0546,CLU_BIOMD0000001063,test,empty_constrained,True,5-6,chebi+kegg_compound,no_candidates,0
BIOMD0000001063,r_0547,CLU_BIOMD0000001063,test,empty_constrained,True,5-6,chebi+kegg_compound,no_candidates,0
BIOMD0000001063,r_0548,CLU_BIOMD0000001063,test,nonempty_answer_absent,True,5-6,chebi+kegg_compound,ok,2
BIOMD0000001063,r_0549,CLU_BIOMD0000001063,test,retrievable_top1_success,True,3-4,chebi+kegg_compound,ok,1
BIOMD0000001063,r_0553,CLU_BIOMD0000001063,test,nonempty_answer_absent,True,5-6,chebi+kegg_compound,ok,1
BIOMD0000001063,r_0554,CLU_BIOMD0000001063,test,nonempty_answer_absent,True,5-6,chebi+kegg_compound,ok,1
BIOMD0000001063,r_0555,CLU_BIOMD0000001063,test,retrievable_top1_success,True,3-4,chebi+kegg_compound,ok,1
BIOMD0000001063,r_0556,CLU_BIOMD0000001063,test,nonempty_answer_absent,True,5-6,chebi+kegg_compound,ok,4
BIOMD0000001063,r_0557,CLU_BIOMD0000001063,test,empty_constrained,True,3-4,chebi+kegg_compound,no_candidates,0
BIOMD0000001063,r_0558,CLU_BIOMD0000001063,test,empty_constrained,True,5-6,chebi+kegg_compound,no_candidates,0
BIOMD0000001063,r_0559,CLU_BIOMD0000001063,test,empty_constrained,True,5-6,chebi+kegg_compound,no_candidates,0
BIOMD0000001063,r_0560,CLU_BIOMD0000001063,test,empty_constrained,True,5-6,chebi+kegg_compound,no_candidates,0
BIOMD0000001063,r_0561,CLU_BIOMD0000001063,test,nonempty_answer_absent,True,5-6,chebi+kegg_compound,ok,2
BIOMD0000001063,r_0562,CLU_BIOMD0000001063,test,nonempty_answer_absent,True,3-4,chebi+kegg_compound,ok,2
BIOMD0000001063,r_0563,CLU_BIOMD0000001063,test,empty_constrained,True,5-6,chebi+kegg_compound,no_candidates,0
BIOMD0000001063,r_0564,CLU_BIOMD0000001063,test,retrievable_top1_success,True,3-4,chebi+kegg_compound,ok,1
BIOMD0000001063,r_0565,CLU_BIOMD0000001063,test,nonempty_answer_absent,True,5-6,chebi+kegg_compound,ok,1
BIOMD0000001063,r_0566,CLU_BIOMD0000001063,test,nonempty_answer_absent,True,5-6,chebi+kegg_compound,ok,2
BIOMD0000001063,r_0567,CLU_BIOMD0000001063,test,empty_constrained,True,3-4,chebi+kegg_compound,no_candidates,0
BIOMD0000001063,r_0568,CLU_BIOMD0000001063,test,nonempty_answer_absent,True,3-4,chebi+kegg_compound,ok,314
BIOMD0000001063,r_0569,CLU_BIOMD0000001063,test,nonempty_answer_absent,True,3-4,chebi+kegg_compound,ok,314
BIOMD0000001063,r_0570,CLU_BIOMD0000001063,test,nonempty_answer_absent,True,3-4,chebi+kegg_compound,ok,1991
BIOMD0000001063,r_0571,CLU_BIOMD0000001063,test,nonempty_answer_absent,True,5-6,chebi+kegg_compound,ok,1446
BIOMD0000001063,r_0572,CLU_BIOMD0000001063,test,nonempty_answer_absent,True,5-6,chebi+kegg_compound,ok,1446
BIOMD0000001063,r_0573,CLU_BIOMD0000001063,test,nonempty_answer_absent,True,5-6,chebi+kegg_compound,ok,1446
BIOMD0000001063,r_0574,CLU_BIOMD0000001063,test,nonempty_answer_absent,True,5-6,chebi+kegg_compound,ok,1446
BIOMD0000001063,r_0575,CLU_BIOMD0000001063,test,nonempty_answer_absent,True,5-6,chebi+kegg_compound,ok,1446
BIOMD0000001063,r_0658,CLU_BIOMD0000001063,test,empty_constrained,True,5-6,chebi+kegg_compound,no_candidates,0
BIOMD0000001063,r_0659,CLU_BIOMD0000001063,test,empty_constrained,True,5-6,chebi+kegg_compound,no_candidates,0
BIOMD0000001063,r_0661,CLU_BIOMD0000001063,test,empty_constrained,True,5-6,chebi+kegg_compound,no_candidates,0
BIOMD0000001063,r_0662,CLU_BIOMD0000001063,test,retrievable_top1_success,True,3-4,chebi+kegg_compound,ok,1
BIOMD0000001063,r_0663,CLU_BIOMD0000001063,test,retrievable_top1_success,True,3-4,chebi+kegg_compound,ok,1
BIOMD0000001063,r_0664,CLU_BIOMD0000001063,test,retrievable_top1_success,True,3-4,chebi+kegg_compound,ok,1
BIOMD0000001063,r_0665,CLU_BIOMD0000001063,test,retrievable_top1_success,True,5-6,chebi+kegg_compound,ok,1
BIOMD0000001063,r_0666,CLU_BIOMD0000001063,test,retrievable_top1_success,True,5-6,chebi+kegg_compound,ok,1
BIOMD0000001063,r_0667,CLU_BIOMD0000001063,test,retrievable_top1_success,True,1-2,chebi+kegg_compound,ok,1
BIOMD0000001063,r_0668,CLU_BIOMD0000001063,test,retrievable_top1_success,True,5-6,chebi+kegg_compound,ok,1
BIOMD0000001063,r_0670,CLU_BIOMD0000001063,test,empty_constrained,True,5-6,chebi+kegg_compound,no_candidates,0
BIOMD0000001063,r_0671,CLU_BIOMD0000001063,test,empty_constrained,True,7+,chebi+kegg_compound,no_candidates,0
BIOMD0000001063,r_0672,CLU_BIOMD0000001063,test,empty_constrained,True,5-6,chebi+kegg_compound,no_candidates,0
BIOMD0000001063,r_0673,CLU_BIOMD0000001063,test,empty_constrained,True,5-6,chebi+kegg_compound,no_candidates,0
BIOMD0000001063,r_0674,CLU_BIOMD0000001063,test,retrievable_top1_success,True,3-4,chebi+kegg_compound,ok,1
BIOMD0000001063,r_0675,CLU_BIOMD0000001063,test,retrievable_top1_success,True,3-4,chebi+kegg_compound,ok,1
BIOMD0000001063,r_0676,CLU_BIOMD0000001063,test,empty_constrained,True,5-6,chebi+kegg_compound,no_candidates,0
BIOMD0000001063,r_0679,CLU_BIOMD0000001063,test,empty_constrained,True,3-4,chebi+kegg_compound,no_candidates,0
BIOMD0000001063,r_0680,CLU_BIOMD0000001063,test,empty_constrained,True,3-4,chebi+kegg_compound,no_candidates,0
BIOMD0000001063,r_0681,CLU_BIOMD0000001063,test,retrievable_top1_success,True,3-4,chebi+kegg_compound,ok,2
BIOMD0000001063,r_0682,CLU_BIOMD0000001063,test,retrievable_top1_success,True,3-4,chebi+kegg_compound,ok,2
BIOMD0000001063,r_0683,CLU_BIOMD0000001063,test,retrievable_top1_success,True,3-4,chebi+kegg_compound,ok,2
BIOMD0000001063,r_0687,CLU_BIOMD0000001063,test,empty_constrained,True,5-6,chebi+kegg_compound,no_candidates,0
BIOMD0000001063,r_0688,CLU_BIOMD0000001063,test,empty_constrained,True,5-6,chebi+kegg_compound,no_candidates,0
BIOMD0000001063,r_0689,CLU_BIOMD0000001063,test,empty_constrained,True,3-4,chebi+kegg_compound,no_candidates,0
BIOMD0000001063,r_0690,CLU_BIOMD0000001063,test,empty_constrained,True,5-6,chebi+kegg_compound,no_candidates,0
BIOMD0000001063,r_0692,CLU_BIOMD0000001063,test,empty_constrained,True,3-4,chebi+kegg_compound,no_candidates,0
BIOMD0000001063,r_0693,CLU_BIOMD0000001063,test,empty_constrained,True,3-4,chebi+kegg_compound,no_candidates,0
BIOMD0000001063,r_0694,CLU_BIOMD0000001063,test,retrievable_top1_success,True,3-4,chebi+kegg_compound,ok,1
BIOMD0000001063,r_0696,CLU_BIOMD0000001063,test,empty_constrained,True,5-6,chebi+kegg_compound,no_candidates,0
BIOMD0000001063,r_0697,CLU_BIOMD0000001063,test,nonempty_answer_absent,True,3-4,chebi+kegg_compound,ok,9
BIOMD0000001063,r_0698,CLU_BIOMD0000001063,test,retrievable_top1_success,True,1-2,chebi+kegg_compound,ok,1
BIOMD0000001063,r_0699,CLU_BIOMD0000001063,test,retrievable_top1_success,True,3-4,chebi+kegg_compound,ok,1
BIOMD0000001063,r_0700,CLU_BIOMD0000001063,test,retrievable_top1_success,True,3-4,chebi+kegg_compound,ok,1
BIOMD0000001063,r_0701,CLU_BIOMD0000001063,test,retrievable_top1_success,True,5-6,chebi+kegg_compound,ok,1
BIOMD0000001063,r_0702,CLU_BIOMD0000001063,test,retrievable_top1_success,True,5-6,chebi+kegg_compound,ok,1
BIOMD0000001063,r_0707,CLU_BIOMD0000001063,test,nonempty_answer_absent,True,3-4,chebi+kegg_compound,ok,28
BIOMD0000001063,r_0708,CLU_BIOMD0000001063,test,nonempty_answer_absent,True,3-4,chebi+kegg_compound,ok,28
BIOMD0000001063,r_0711,CLU_BIOMD0000001063,test,retrievable_top1_success,True,5-6,chebi+kegg_compound,ok,1
BIOMD0000001063,r_0712,CLU_BIOMD0000001063,test,retrievable_top1_success,True,5-6,chebi+kegg_compound,ok,1
BIOMD0000001063,r_0713,CLU_BIOMD0000001063,test,empty_constrained,True,5-6,chebi+kegg_compound,no_candidates,0
BIOMD0000001063,r_0714,CLU_BIOMD0000001063,test,empty_constrained,True,5-6,chebi+kegg_compound,no_candidates,0
BIOMD0000001063,r_0715,CLU_BIOMD0000001063,test,empty_constrained,True,5-6,chebi+kegg_compound,no_candidates,0
BIOMD0000001063,r_0716,CLU_BIOMD0000001063,test,empty_constrained,True,5-6,chebi+kegg_compound,no_candidates,0
BIOMD0000001063,r_0717,CLU_BIOMD0000001063,test,empty_constrained,True,5-6,chebi+kegg_compound,no_candidates,0
BIOMD0000001063,r_0718,CLU_BIOMD0000001063,test,empty_constrained,True,5-6,chebi+kegg_compound,no_candidates,0
BIOMD0000001063,r_0719,CLU_BIOMD0000001063,test,empty_constrained,True,5-6,chebi+kegg_compound,no_candidates,0
BIOMD0000001063,r_0721,CLU_BIOMD0000001063,test,retrievable_top1_success,True,3-4,chebi+kegg_compound,ok,1
BIOMD0000001063,r_0722,CLU_BIOMD0000001063,test,empty_constrained,True,5-6,chebi+kegg_compound,no_candidates,0
BIOMD0000001063,r_0723,CLU_BIOMD0000001063,test,retrievable_top1_success,True,1-2,chebi+kegg_compound,ok,2
BIOMD0000001063,r_0724,CLU_BIOMD0000001063,test,retrievable_top1_success,True,3-4,chebi+kegg_compound,ok,1
BIOMD0000001063,r_0725,CLU_BIOMD0000001063,test,retrievable_top1_success,True,3-4,chebi+kegg_compound,ok,1
BIOMD0000001063,r_0726,CLU_BIOMD0000001063,test,empty_constrained,True,5-6,chebi+kegg_compound,no_candidates,0
BIOMD0000001063,r_0727,CLU_BIOMD0000001063,test,retrievable_top1_success,True,3-4,chebi+kegg_compound,ok,1
BIOMD0000001063,r_0728,CLU_BIOMD0000001063,test,empty_constrained,True,5-6,chebi+kegg_compound,no_candidates,0
BIOMD0000001063,r_0729,CLU_BIOMD0000001063,test,retrievable_top1_success,True,5-6,chebi+kegg_compound,ok,1
BIOMD0000001063,r_0730,CLU_BIOMD0000001063,test,retrievable_top1_success,True,5-6,chebi+kegg_compound,ok,1
BIOMD0000001063,r_0731,CLU_BIOMD0000001063,test,nonempty_answer_absent,True,3-4,chebi+kegg_compound,ok,166
BIOMD0000001063,r_0732,CLU_BIOMD0000001063,test,nonempty_answer_absent,True,3-4,chebi+kegg_compound,ok,166
BIOMD0000001063,r_0733,CLU_BIOMD0000001063,test,nonempty_answer_absent,True,3-4,chebi+kegg_compound,ok,166
BIOMD0000001063,r_0734,CLU_BIOMD0000001063,test,retrievable_top1_success,True,3-4,chebi+kegg_compound,ok,1
BIOMD0000001063,r_0735,CLU_BIOMD0000001063,test,nonempty_answer_absent,True,5-6,chebi+kegg_compound,ok,4
BIOMD0000001063,r_0739,CLU_BIOMD0000001063,test,nonempty_answer_absent,True,5-6,chebi+kegg_compound,ok,29
BIOMD0000001063,r_0757,CLU_BIOMD0000001063,test,retrievable_top1_success,True,3-4,chebi+kegg_compound,ok,1
BIOMD0000001063,r_0759,CLU_BIOMD0000001063,test,empty_constrained,True,5-6,chebi+kegg_compound,no_candidates,0
BIOMD0000001063,r_0760,CLU_BIOMD0000001063,test,empty_constrained,True,5-6,chebi+kegg_compound,no_candidates,0
BIOMD0000001063,r_0761,CLU_BIOMD0000001063,test,empty_constrained,True,5-6,chebi+kegg_compound,no_candidates,0
BIOMD0000001063,r_0762,CLU_BIOMD0000001063,test,empty_constrained,True,5-6,chebi+kegg_compound,no_candidates,0
BIOMD0000001063,r_0764,CLU_BIOMD0000001063,test,nonempty_answer_absent,True,5-6,chebi+kegg_compound,ok,314
BIOMD0000001063,r_0765,CLU_BIOMD0000001063,test,nonempty_answer_absent,True,5-6,chebi+kegg_compound,ok,1446
BIOMD0000001063,r_0766,CLU_BIOMD0000001063,test,nonempty_answer_absent,True,5-6,chebi+kegg_compound,ok,1446
BIOMD0000001063,r_0767,CLU_BIOMD0000001063,test,nonempty_answer_absent,True,5-6,chebi+kegg_compound,ok,2
BIOMD0000001063,r_0768,CLU_BIOMD0000001063,test,empty_constrained,True,7+,chebi+kegg_compound,no_candidates,0
BIOMD0000001063,r_0769,CLU_BIOMD0000001063,test,empty_constrained,True,7+,chebi+kegg_compound,no_candidates,0
BIOMD0000001063,r_0771,CLU_BIOMD0000001063,test,empty_constrained,True,5-6,chebi+kegg_compound,no_candidates,0
BIOMD0000001063,r_0772,CLU_BIOMD0000001063,test,empty_constrained,True,5-6,chebi+kegg_compound,no_candidates,0
BIOMD0000001063,r_0774,CLU_BIOMD0000001063,test,nonempty_answer_absent,True,7+,chebi+kegg_compound,ok,1
BIOMD0000001063,r_0775,CLU_BIOMD0000001063,test,nonempty_answer_absent,True,7+,chebi+kegg_compound,ok,1
BIOMD0000001063,r_0781,CLU_BIOMD0000001063,test,empty_constrained,True,3-4,chebi+kegg_compound,no_candidates,0
BIOMD0000001063,r_0782,CLU_BIOMD0000001063,test,retrievable_top1_success,True,3-4,chebi+kegg_compound,ok,1
BIOMD0000001063,r_0783,CLU_BIOMD0000001063,test,nonempty_answer_absent,True,5-6,chebi+kegg_compound,ok,1136
BIOMD0000001063,r_0784,CLU_BIOMD0000001063,test,nonempty_answer_absent,True,5-6,chebi+kegg_compound,ok,1136
BIOMD0000001063,r_0785,CLU_BIOMD0000001063,test,empty_constrained,True,5-6,chebi+kegg_compound,no_candidates,0
BIOMD0000001063,r_0786,CLU_BIOMD0000001063,test,nonempty_answer_absent,True,5-6,chebi+kegg_compound,ok,75
BIOMD0000001063,r_0787,CLU_BIOMD0000001063,test,nonempty_answer_absent,True,5-6,chebi+kegg_compound,ok,75
BIOMD0000001063,r_0788,CLU_BIOMD0000001063,test,nonempty_answer_absent,True,5-6,chebi+kegg_compound,ok,314
BIOMD0000001063,r_0789,CLU_BIOMD0000001063,test,nonempty_answer_absent,True,5-6,chebi+kegg_compound,ok,314
BIOMD0000001063,r_0790,CLU_BIOMD0000001063,test,nonempty_answer_absent,True,5-6,chebi+kegg_compound,ok,314
BIOMD0000001063,r_0791,CLU_BIOMD0000001063,test,nonempty_answer_absent,True,5-6,chebi+kegg_compound,ok,314
BIOMD0000001063,r_0792,CLU_BIOMD0000001063,test,nonempty_answer_absent,True,5-6,chebi+kegg_compound,ok,314
BIOMD0000001063,r_0793,CLU_BIOMD0000001063,test,nonempty_answer_absent,True,5-6,chebi+kegg_compound,ok,314
BIOMD0000001063,r_0795,CLU_BIOMD0000001063,test,retrievable_top1_success,True,3-4,chebi+kegg_compound,ok,1
BIOMD0000001063,r_0796,CLU_BIOMD0000001063,test,retrievable_top1_success,True,3-4,chebi+kegg_compound,ok,1
BIOMD0000001063,r_0797,CLU_BIOMD0000001063,test,retrievable_top1_success,True,3-4,chebi+kegg_compound,ok,1
BIOMD0000001063,r_0798,CLU_BIOMD0000001063,test,retrievable_top1_success,True,3-4,chebi+kegg_compound,ok,1
BIOMD0000001063,r_0799,CLU_BIOMD0000001063,test,retrievable_top1_success,True,3-4,chebi+kegg_compound,ok,1
BIOMD0000001063,r_0800,CLU_BIOMD0000001063,test,retrievable_top1_success,True,3-4,chebi+kegg_compound,ok,1
BIOMD0000001063,r_0801,CLU_BIOMD0000001063,test,retrievable_top1_success,True,3-4,chebi+kegg_compound,ok,1
BIOMD0000001063,r_0802,CLU_BIOMD0000001063,test,retrievable_top1_success,True,3-4,chebi+kegg_compound,ok,1
BIOMD0000001063,r_0803,CLU_BIOMD0000001063,test,retrievable_top1_success,True,3-4,chebi+kegg_compound,ok,1
BIOMD0000001063,r_0804,CLU_BIOMD0000001063,test,nonempty_answer_absent,True,5-6,chebi+kegg_compound,ok,314
BIOMD0000001063,r_0805,CLU_BIOMD0000001063,test,nonempty_answer_absent,True,5-6,chebi+kegg_compound,ok,314
BIOMD0000001063,r_0806,CLU_BIOMD0000001063,test,nonempty_answer_absent,True,5-6,chebi+kegg_compound,ok,314
BIOMD0000001063,r_0807,CLU_BIOMD0000001063,test,nonempty_answer_absent,True,5-6,chebi+kegg_compound,ok,314
BIOMD0000001063,r_0810,CLU_BIOMD0000001063,test,nonempty_answer_absent,True,5-6,chebi+kegg_compound,ok,314
BIOMD0000001063,r_0811,CLU_BIOMD0000001063,test,retrievable_top1_success,True,3-4,chebi+kegg_compound,ok,1
BIOMD0000001063,r_0812,CLU_BIOMD0000001063,test,empty_constrained,True,5-6,chebi+kegg_compound,no_candidates,0
BIOMD0000001063,r_0813,CLU_BIOMD0000001063,test,retrievable_top1_success,True,3-4,chebi+kegg_compound,ok,1
BIOMD0000001063,r_0815,CLU_BIOMD0000001063,test,empty_constrained,True,5-6,chebi+kegg_compound,no_candidates,0
BIOMD0000001063,r_0816,CLU_BIOMD0000001063,test,empty_constrained,True,5-6,chebi+kegg_compound,no_candidates,0
BIOMD0000001063,r_0817,CLU_BIOMD0000001063,test,nonempty_answer_absent,True,3-4,chebi+kegg_compound,ok,75
BIOMD0000001063,r_0818,CLU_BIOMD0000001063,test,retrievable_top1_success,True,3-4,chebi+kegg_compound,ok,1
BIOMD0000001063,r_0819,CLU_BIOMD0000001063,test,retrievable_top1_success,True,3-4,chebi+kegg_compound,ok,1
BIOMD0000001063,r_0820,CLU_BIOMD0000001063,test,unconstrained,True,3-4,chebi+kegg_compound,unconstrained_candidate_set,0
BIOMD0000001063,r_0821,CLU_BIOMD0000001063,test,nonempty_answer_absent,True,3-4,chebi+kegg_compound,ok,75
BIOMD0000001063,r_0831,CLU_BIOMD0000001063,test,empty_constrained,True,3-4,chebi+kegg_compound,no_candidates,0
BIOMD0000001063,r_0832,CLU_BIOMD0000001063,test,empty_constrained,True,5-6,chebi+kegg_compound,no_candidates,0
BIOMD0000001063,r_0841,CLU_BIOMD0000001063,test,nonempty_answer_absent,True,5-6,chebi+kegg_compound,ok,1136
BIOMD0000001063,r_0842,CLU_BIOMD0000001063,test,empty_constrained,True,5-6,chebi+kegg_compound,no_candidates,0
BIOMD0000001063,r_0843,CLU_BIOMD0000001063,test,empty_constrained,True,7+,chebi+kegg_compound,no_candidates,0
BIOMD0000001063,r_0847,CLU_BIOMD0000001063,test,nonempty_answer_absent,True,5-6,chebi+kegg_compound,ok,314
BIOMD0000001063,r_0849,CLU_BIOMD0000001063,test,empty_constrained,True,5-6,chebi+kegg_compound,no_candidates,0
BIOMD0000001063,r_0851,CLU_BIOMD0000001063,test,retrievable_top1_success,True,3-4,chebi+kegg_compound,ok,1
BIOMD0000001063,r_0852,CLU_BIOMD0000001063,test,retrievable_top1_success,True,5-6,chebi+kegg_compound,ok,1
BIOMD0000001063,r_0853,CLU_BIOMD0000001063,test,retrievable_top1_success,True,5-6,chebi+kegg_compound,ok,1
BIOMD0000001063,r_0854,CLU_BIOMD0000001063,test,empty_constrained,True,3-4,chebi+kegg_compound,no_candidates,0
BIOMD0000001063,r_0855,CLU_BIOMD0000001063,test,nonempty_answer_absent,True,5-6,chebi+kegg_compound,ok,1446
BIOMD0000001063,r_0882,CLU_BIOMD0000001063,test,retrievable_top1_success,True,1-2,chebi+kegg_compound,ok,1
BIOMD0000001063,r_0884,CLU_BIOMD0000001063,test,retrievable_top1_success,True,5-6,chebi+kegg_compound,ok,1
BIOMD0000001063,r_0885,CLU_BIOMD0000001063,test,nonempty_answer_absent,True,5-6,chebi+kegg_compound,ok,1136
BIOMD0000001063,r_0886,CLU_BIOMD0000001063,test,empty_constrained,True,5-6,chebi+kegg_compound,no_candidates,0
BIOMD0000001063,r_0887,CLU_BIOMD0000001063,test,nonempty_answer_absent,True,5-6,chebi+kegg_compound,ok,1446
BIOMD0000001063,r_0888,CLU_BIOMD0000001063,test,empty_constrained,True,1-2,chebi+kegg_compound,no_candidates,0
BIOMD0000001063,r_0889,CLU_BIOMD0000001063,test,empty_constrained,True,5-6,chebi+kegg_compound,no_candidates,0
BIOMD0000001063,r_0890,CLU_BIOMD0000001063,test,retrievable_top1_success,True,1-2,chebi+kegg_compound,ok,1
BIOMD0000001063,r_0891,CLU_BIOMD0000001063,test,empty_constrained,True,5-6,chebi+kegg_compound,no_candidates,0
BIOMD0000001063,r_0892,CLU_BIOMD0000001063,test,unconstrained,True,3-4,chebi+kegg_compound,unconstrained_candidate_set,0
BIOMD0000001063,r_0893,CLU_BIOMD0000001063,test,unconstrained,True,1-2,chebi+kegg_compound,unconstrained_candidate_set,0
BIOMD0000001063,r_0902,CLU_BIOMD0000001063,test,empty_constrained,True,1-2,chebi+kegg_compound,no_candidates,0
BIOMD0000001063,r_0903,CLU_BIOMD0000001063,test,retrievable_top1_success,True,3-4,chebi+kegg_compound,ok,1
BIOMD0000001063,r_0904,CLU_BIOMD0000001063,test,nonempty_answer_absent,True,3-4,chebi+kegg_compound,ok,454
BIOMD0000001063,r_0905,CLU_BIOMD0000001063,test,empty_constrained,True,7+,chebi+kegg_compound,no_candidates,0
BIOMD0000001063,r_0906,CLU_BIOMD0000001063,test,nonempty_answer_absent,True,3-4,chebi+kegg_compound,ok,75
BIOMD0000001063,r_0908,CLU_BIOMD0000001063,test,nonempty_answer_absent,True,7+,chebi+kegg_compound,ok,1446
BIOMD0000001063,r_0909,CLU_BIOMD0000001063,test,retrievable_top1_success,True,3-4,chebi+kegg_compound,ok,1
BIOMD0000001063,r_0910,CLU_BIOMD0000001063,test,nonempty_answer_absent,True,5-6,chebi+kegg_compound,ok,314
BIOMD0000001063,r_0911,CLU_BIOMD0000001063,test,nonempty_answer_absent,True,3-4,chebi+kegg_compound,ok,7
BIOMD0000001063,r_0912,CLU_BIOMD0000001063,test,retrievable_top1_success,True,3-4,chebi+kegg_compound,ok,1
BIOMD0000001063,r_0913,CLU_BIOMD0000001063,test,empty_constrained,True,1-2,chebi+kegg_compound,no_candidates,0
BIOMD0000001063,r_0914,CLU_BIOMD0000001063,test,nonempty_answer_absent,True,7+,chebi+kegg_compound,ok,6
BIOMD0000001063,r_0915,CLU_BIOMD0000001063,test,nonempty_answer_absent,True,5-6,chebi+kegg_compound,ok,21
BIOMD0000001063,r_0917,CLU_BIOMD0000001063,test,retrievable_top1_success,True,3-4,chebi+kegg_compound,ok,1
BIOMD0000001063,r_0918,CLU_BIOMD0000001063,test,empty_constrained,True,3-4,chebi+kegg_compound,no_candidates,0
BIOMD0000001063,r_0920,CLU_BIOMD0000001063,test,empty_constrained,True,3-4,chebi+kegg_compound,no_candidates,0
BIOMD0000001063,r_0922,CLU_BIOMD0000001063,test,empty_constrained,True,7+,chebi+kegg_compound,no_candidates,0
BIOMD0000001063,r_0935,CLU_BIOMD0000001063,test,empty_constrained,True,3-4,chebi+kegg_compound,no_candidates,0
BIOMD0000001063,r_0936,CLU_BIOMD0000001063,test,retrievable_rerank_failure,True,5-6,chebi+kegg_compound,ok,125
BIOMD0000001063,r_0937,CLU_BIOMD0000001063,test,retrievable_rerank_failure,True,5-6,chebi+kegg_compound,ok,125
BIOMD0000001063,r_0938,CLU_BIOMD0000001063,test,empty_constrained,True,5-6,chebi+kegg_compound,no_candidates,0
BIOMD0000001063,r_0939,CLU_BIOMD0000001063,test,empty_constrained,True,5-6,chebi+kegg_compound,no_candidates,0
BIOMD0000001063,r_0940,CLU_BIOMD0000001063,test,retrievable_top1_success,True,3-4,chebi+kegg_compound,ok,1
BIOMD0000001063,r_0941,CLU_BIOMD0000001063,test,retrievable_top1_success,True,5-6,chebi+kegg_compound,ok,1
BIOMD0000001063,r_0942,CLU_BIOMD0000001063,test,nonempty_answer_absent,True,3-4,chebi+kegg_compound,ok,1321
BIOMD0000001063,r_0943,CLU_BIOMD0000001063,test,empty_constrained,True,5-6,chebi+kegg_compound,no_candidates,0
BIOMD0000001063,r_0949,CLU_BIOMD0000001063,test,retrievable_top1_success,True,3-4,chebi+kegg_compound,ok,1
BIOMD0000001063,r_0950,CLU_BIOMD0000001063,test,retrievable_top1_success,True,3-4,chebi+kegg_compound,ok,1
BIOMD0000001063,r_0951,CLU_BIOMD0000001063,test,retrievable_top1_success,True,3-4,chebi+kegg_compound,ok,1
BIOMD0000001063,r_0954,CLU_BIOMD0000001063,test,empty_constrained,True,5-6,chebi+kegg_compound,no_candidates,0
BIOMD0000001063,r_0955,CLU_BIOMD0000001063,test,retrievable_top1_success,True,3-4,chebi+kegg_compound,ok,1
BIOMD0000001063,r_0956,CLU_BIOMD0000001063,test,retrievable_top1_success,True,3-4,chebi+kegg_compound,ok,1
BIOMD0000001063,r_0957,CLU_BIOMD0000001063,test,empty_constrained,True,5-6,chebi+kegg_compound,no_candidates,0
BIOMD0000001063,r_0958,CLU_BIOMD0000001063,test,empty_constrained,True,7+,chebi+kegg_compound,no_candidates,0
BIOMD0000001063,r_0959,CLU_BIOMD0000001063,test,empty_constrained,True,3-4,chebi+kegg_compound,no_candidates,0
BIOMD0000001063,r_0961,CLU_BIOMD0000001063,test,empty_constrained,True,5-6,chebi+kegg_compound,no_candidates,0
BIOMD0000001063,r_0962,CLU_BIOMD0000001063,test,empty_constrained,True,5-6,chebi+kegg_compound,no_candidates,0
BIOMD0000001063,r_0965,CLU_BIOMD0000001063,test,nonempty_answer_absent,True,5-6,chebi+kegg_compound,ok,1446
BIOMD0000001063,r_0966,CLU_BIOMD0000001063,test,nonempty_answer_absent,True,5-6,chebi+kegg_compound,ok,1446
BIOMD0000001063,r_0967,CLU_BIOMD0000001063,test,empty_constrained,True,5-6,chebi+kegg_compound,no_candidates,0
BIOMD0000001063,r_0968,CLU_BIOMD0000001063,test,empty_constrained,True,3-4,chebi+kegg_compound,no_candidates,0
BIOMD0000001063,r_0969,CLU_BIOMD0000001063,test,empty_constrained,True,5-6,chebi+kegg_compound,no_candidates,0
BIOMD0000001063,r_0970,CLU_BIOMD0000001063,test,empty_constrained,True,5-6,chebi+kegg_compound,no_candidates,0
BIOMD0000001063,r_0971,CLU_BIOMD0000001063,test,empty_constrained,True,5-6,chebi+kegg_compound,no_candidates,0
BIOMD0000001063,r_0972,CLU_BIOMD0000001063,test,empty_constrained,True,5-6,chebi+kegg_compound,no_candidates,0
BIOMD0000001063,r_0973,CLU_BIOMD0000001063,test,empty_constrained,True,5-6,chebi+kegg_compound,no_candidates,0
BIOMD0000001063,r_0974,CLU_BIOMD0000001063,test,empty_constrained,True,5-6,chebi+kegg_compound,no_candidates,0
BIOMD0000001063,r_0975,CLU_BIOMD0000001063,test,empty_constrained,True,5-6,chebi+kegg_compound,no_candidates,0
BIOMD0000001063,r_0976,CLU_BIOMD0000001063,test,empty_constrained,True,5-6,chebi+kegg_compound,no_candidates,0
BIOMD0000001063,r_0977,CLU_BIOMD0000001063,test,empty_constrained,True,5-6,chebi+kegg_compound,no_candidates,0
BIOMD0000001063,r_0978,CLU_BIOMD0000001063,test,empty_constrained,True,5-6,chebi+kegg_compound,no_candidates,0
BIOMD0000001063,r_0979,CLU_BIOMD0000001063,test,empty_constrained,True,5-6,chebi+kegg_compound,no_candidates,0
BIOMD0000001063,r_0983,CLU_BIOMD0000001063,test,empty_constrained,True,5-6,chebi+kegg_compound,no_candidates,0
BIOMD0000001063,r_0984,CLU_BIOMD0000001063,test,retrievable_top1_success,True,1-2,chebi+kegg_compound,ok,1
BIOMD0000001063,r_0985,CLU_BIOMD0000001063,test,empty_constrained,True,5-6,chebi+kegg_compound,no_candidates,0
BIOMD0000001063,r_0986,CLU_BIOMD0000001063,test,empty_constrained,True,5-6,chebi+kegg_compound,no_candidates,0
BIOMD0000001063,r_0987,CLU_BIOMD0000001063,test,nonempty_answer_absent,True,5-6,chebi+kegg_compound,ok,7
BIOMD0000001063,r_0988,CLU_BIOMD0000001063,test,empty_constrained,True,7+,chebi+kegg_compound,no_candidates,0
BIOMD0000001063,r_0989,CLU_BIOMD0000001063,test,empty_constrained,True,7+,chebi+kegg_compound,no_candidates,0
BIOMD0000001063,r_0990,CLU_BIOMD0000001063,test,retrievable_top1_success,True,3-4,chebi+kegg_compound,ok,1
BIOMD0000001063,r_0992,CLU_BIOMD0000001063,test,retrievable_top1_success,True,3-4,chebi+kegg_compound,ok,1
BIOMD0000001063,r_0993,CLU_BIOMD0000001063,test,empty_constrained,True,5-6,chebi+kegg_compound,no_candidates,0
BIOMD0000001063,r_0995,CLU_BIOMD0000001063,test,retrievable_top1_success,True,5-6,chebi+kegg_compound,ok,1
BIOMD0000001063,r_0996,CLU_BIOMD0000001063,test,empty_constrained,True,5-6,chebi+kegg_compound,no_candidates,0
BIOMD0000001063,r_0997,CLU_BIOMD0000001063,test,nonempty_answer_absent,True,5-6,chebi+kegg_compound,ok,1446
BIOMD0000001063,r_0998,CLU_BIOMD0000001063,test,nonempty_answer_absent,True,5-6,chebi+kegg_compound,ok,5
BIOMD0000001063,r_0999,CLU_BIOMD0000001063,test,nonempty_answer_absent,True,3-4,chebi+kegg_compound,ok,1
BIOMD0000001063,r_1000,CLU_BIOMD0000001063,test,empty_constrained,True,5-6,chebi+kegg_compound,no_candidates,0
BIOMD0000001063,r_1001,CLU_BIOMD0000001063,test,nonempty_answer_absent,True,5-6,chebi+kegg_compound,ok,4
BIOMD0000001063,r_1002,CLU_BIOMD0000001063,test,nonempty_answer_absent,True,5-6,chebi+kegg_compound,ok,4
BIOMD0000001063,r_1003,CLU_BIOMD0000001063,test,retrievable_top1_success,True,3-4,chebi+kegg_compound,ok,1
BIOMD0000001063,r_1005,CLU_BIOMD0000001063,test,retrievable_top1_success,True,3-4,chebi+kegg_compound,ok,1
BIOMD0000001063,r_1007,CLU_BIOMD0000001063,test,nonempty_answer_absent,True,5-6,chebi+kegg_compound,ok,1446
BIOMD0000001063,r_1008,CLU_BIOMD0000001063,test,empty_constrained,True,1-2,chebi+kegg_compound,no_candidates,0
BIOMD0000001063,r_1009,CLU_BIOMD0000001063,test,empty_constrained,True,1-2,chebi+kegg_compound,no_candidates,0
BIOMD0000001063,r_1011,CLU_BIOMD0000001063,test,empty_constrained,True,7+,chebi+kegg_compound,no_candidates,0
BIOMD0000001063,r_1012,CLU_BIOMD0000001063,test,empty_constrained,True,5-6,chebi+kegg_compound,no_candidates,0
BIOMD0000001063,r_1022,CLU_BIOMD0000001063,test,unconstrained,True,5-6,chebi+kegg_compound,unconstrained_candidate_set,0
BIOMD0000001063,r_1023,CLU_BIOMD0000001063,test,nonempty_answer_absent,True,5-6,chebi+kegg_compound,ok,1
BIOMD0000001063,r_1024,CLU_BIOMD0000001063,test,retrievable_top1_success,True,3-4,chebi+kegg_compound,ok,2
BIOMD0000001063,r_1025,CLU_BIOMD0000001063,test,empty_constrained,True,5-6,chebi+kegg_compound,no_candidates,0
BIOMD0000001063,r_1026,CLU_BIOMD0000001063,test,empty_constrained,True,5-6,chebi+kegg_compound,no_candidates,0
BIOMD0000001063,r_1027,CLU_BIOMD0000001063,test,empty_constrained,True,5-6,chebi+kegg_compound,no_candidates,0
BIOMD0000001063,r_1029,CLU_BIOMD0000001063,test,empty_constrained,True,7+,chebi+kegg_compound,no_candidates,0
BIOMD0000001063,r_1030,CLU_BIOMD0000001063,test,nonempty_answer_absent,True,3-4,chebi+kegg_compound,ok,314
BIOMD0000001063,r_1031,CLU_BIOMD0000001063,test,empty_constrained,True,7+,chebi+kegg_compound,no_candidates,0
BIOMD0000001063,r_1033,CLU_BIOMD0000001063,test,retrievable_top1_success,True,3-4,chebi+kegg_compound,ok,1
BIOMD0000001063,r_1034,CLU_BIOMD0000001063,test,nonempty_answer_absent,True,5-6,chebi+kegg_compound,ok,5
BIOMD0000001063,r_1035,CLU_BIOMD0000001063,test,retrievable_top1_success,True,3-4,chebi+kegg_compound,ok,1
BIOMD0000001063,r_1036,CLU_BIOMD0000001063,test,empty_constrained,True,5-6,chebi+kegg_compound,no_candidates,0
BIOMD0000001063,r_1038,CLU_BIOMD0000001063,test,empty_constrained,True,3-4,chebi+kegg_compound,no_candidates,0
BIOMD0000001063,r_1039,CLU_BIOMD0000001063,test,empty_constrained,True,3-4,chebi+kegg_compound,no_candidates,0
BIOMD0000001063,r_1040,CLU_BIOMD0000001063,test,retrievable_top1_success,True,3-4,chebi+kegg_compound,ok,1
BIOMD0000001063,r_1041,CLU_BIOMD0000001063,test,retrievable_top1_success,True,3-4,chebi+kegg_compound,ok,1
BIOMD0000001063,r_1042,CLU_BIOMD0000001063,test,retrievable_top1_success,True,5-6,chebi+kegg_compound,ok,1
BIOMD0000001063,r_1043,CLU_BIOMD0000001063,test,retrievable_top1_success,True,5-6,chebi+kegg_compound,ok,1
BIOMD0000001063,r_1045,CLU_BIOMD0000001063,test,retrievable_top1_success,True,3-4,chebi+kegg_compound,ok,1
BIOMD0000001063,r_1046,CLU_BIOMD0000001063,test,retrievable_top1_success,True,3-4,chebi+kegg_compound,ok,1
BIOMD0000001063,r_1047,CLU_BIOMD0000001063,test,retrievable_top1_success,True,3-4,chebi+kegg_compound,ok,1
BIOMD0000001063,r_1051,CLU_BIOMD0000001063,test,retrievable_top1_success,True,3-4,chebi+kegg_compound,ok,1
BIOMD0000001063,r_1054,CLU_BIOMD0000001063,test,unconstrained,True,1-2,chebi+kegg_compound,unconstrained_candidate_set,0
BIOMD0000001063,r_1056,CLU_BIOMD0000001063,test,retrievable_top1_success,True,3-4,chebi+kegg_compound,ok,1
BIOMD0000001063,r_1057,CLU_BIOMD0000001063,test,retrievable_top1_success,True,5-6,chebi+kegg_compound,ok,1
BIOMD0000001063,r_1058,CLU_BIOMD0000001063,test,retrievable_top1_success,True,5-6,chebi+kegg_compound,ok,1
BIOMD0000001063,r_1063,CLU_BIOMD0000001063,test,empty_constrained,True,3-4,chebi+kegg_compound,no_candidates,0
BIOMD0000001063,r_1065,CLU_BIOMD0000001063,test,empty_constrained,True,3-4,chebi+kegg_compound,no_candidates,0
BIOMD0000001063,r_1066,CLU_BIOMD0000001063,test,retrievable_top1_success,True,5-6,chebi+kegg_compound,ok,1
BIOMD0000001063,r_1067,CLU_BIOMD0000001063,test,retrievable_top1_success,True,5-6,chebi+kegg_compound,ok,1
BIOMD0000001063,r_1069,CLU_BIOMD0000001063,test,empty_constrained,True,5-6,chebi+kegg_compound,no_candidates,0
BIOMD0000001063,r_1070,CLU_BIOMD0000001063,test,nonempty_answer_absent,True,1-2,chebi+kegg_compound,ok,4
BIOMD0000001063,r_1071,CLU_BIOMD0000001063,test,nonempty_answer_absent,True,3-4,chebi+kegg_compound,ok,4
BIOMD0000001063,r_1072,CLU_BIOMD0000001063,test,retrievable_top1_success,True,3-4,chebi+kegg_compound,ok,1
BIOMD0000001063,r_1073,CLU_BIOMD0000001063,test,retrievable_top1_success,True,3-4,chebi+kegg_compound,ok,1
BIOMD0000001063,r_1074,CLU_BIOMD0000001063,test,nonempty_answer_absent,True,3-4,chebi+kegg_compound,ok,6
BIOMD0000001063,r_1075,CLU_BIOMD0000001063,test,empty_constrained,True,7+,chebi+kegg_compound,no_candidates,0
BIOMD0000001063,r_1076,CLU_BIOMD0000001063,test,empty_constrained,True,5-6,chebi+kegg_compound,no_candidates,0
BIOMD0000001063,r_1077,CLU_BIOMD0000001063,test,empty_constrained,True,5-6,chebi+kegg_compound,no_candidates,0
BIOMD0000001063,r_1078,CLU_BIOMD0000001063,test,empty_constrained,True,5-6,chebi+kegg_compound,no_candidates,0
BIOMD0000001063,r_1079,CLU_BIOMD0000001063,test,retrievable_top1_success,True,3-4,chebi+kegg_compound,ok,1
BIOMD0000001063,r_1080,CLU_BIOMD0000001063,test,retrievable_top1_success,True,3-4,chebi+kegg_compound,ok,1
BIOMD0000001063,r_1081,CLU_BIOMD0000001063,test,nonempty_answer_absent,True,3-4,chebi+kegg_compound,ok,75
BIOMD0000001063,r_1082,CLU_BIOMD0000001063,test,nonempty_answer_absent,True,5-6,chebi+kegg_compound,ok,12
BIOMD0000001063,r_1083,CLU_BIOMD0000001063,test,retrievable_top1_success,True,3-4,chebi+kegg_compound,ok,1
BIOMD0000001063,r_1084,CLU_BIOMD0000001063,test,empty_constrained,True,5-6,chebi+kegg_compound,no_candidates,0
BIOMD0000001063,r_1087,CLU_BIOMD0000001063,test,retrievable_top1_success,True,3-4,chebi+kegg_compound,ok,1
BIOMD0000001063,r_1088,CLU_BIOMD0000001063,test,retrievable_top1_success,True,3-4,chebi+kegg_compound,ok,1
BIOMD0000001063,r_1089,CLU_BIOMD0000001063,test,retrievable_top1_success,True,5-6,chebi+kegg_compound,ok,1
BIOMD0000001063,r_1090,CLU_BIOMD0000001063,test,retrievable_top1_success,True,5-6,chebi+kegg_compound,ok,1
BIOMD0000001063,r_1091,CLU_BIOMD0000001063,test,nonempty_answer_absent,True,3-4,chebi+kegg_compound,ok,5
BIOMD0000001063,r_1092,CLU_BIOMD0000001063,test,empty_constrained,True,5-6,chebi+kegg_compound,no_candidates,0
BIOMD0000001063,r_1093,CLU_BIOMD0000001063,test,empty_constrained,True,5-6,chebi+kegg_compound,no_candidates,0
BIOMD0000001063,r_1094,CLU_BIOMD0000001063,test,empty_constrained,True,5-6,chebi+kegg_compound,no_candidates,0
BIOMD0000001063,r_1110,CLU_BIOMD0000001063,test,retrievable_top1_success,True,3-4,chebi+kegg_compound,ok,1
BIOMD0000001063,r_1613,CLU_BIOMD0000001063,test,retrievable_top1_success,True,3-4,chebi+kegg_compound,ok,1
BIOMD0000001063,r_1614,CLU_BIOMD0000001063,test,retrievable_top1_success,True,3-4,chebi+kegg_compound,ok,1
BIOMD0000001063,r_1615,CLU_BIOMD0000001063,test,retrievable_top1_success,True,3-4,chebi+kegg_compound,ok,1
BIOMD0000001063,r_1616,CLU_BIOMD0000001063,test,retrievable_top1_success,True,3-4,chebi+kegg_compound,ok,1
BIOMD0000001063,r_1617,CLU_BIOMD0000001063,test,retrievable_top1_success,True,3-4,chebi+kegg_compound,ok,1
BIOMD0000001063,r_1618,CLU_BIOMD0000001063,test,retrievable_top1_success,True,3-4,chebi+kegg_compound,ok,1
BIOMD0000001063,r_1619,CLU_BIOMD0000001063,test,retrievable_top1_success,True,3-4,chebi+kegg_compound,ok,1
BIOMD0000001063,r_1620,CLU_BIOMD0000001063,test,retrievable_top1_success,True,3-4,chebi+kegg_compound,ok,1
BIOMD0000001063,r_1623,CLU_BIOMD0000001063,test,retrievable_top1_success,True,5-6,chebi+kegg_compound,ok,1
BIOMD0000001063,r_1664,CLU_BIOMD0000001063,test,empty_constrained,True,3-4,chebi+kegg_compound,no_candidates,0
BIOMD0000001063,r_1665,CLU_BIOMD0000001063,test,empty_constrained,True,3-4,chebi+kegg_compound,no_candidates,0
BIOMD0000001063,r_1667,CLU_BIOMD0000001063,test,empty_constrained,True,3-4,chebi+kegg_compound,no_candidates,0
BIOMD0000001063,r_1668,CLU_BIOMD0000001063,test,empty_constrained,True,3-4,chebi+kegg_compound,no_candidates,0
BIOMD0000001063,r_1685,CLU_BIOMD0000001063,test,empty_constrained,True,3-4,chebi+kegg_compound,no_candidates,0
BIOMD0000001063,r_1703,CLU_BIOMD0000001063,test,retrievable_top1_success,True,3-4,chebi+kegg_compound,ok,1
BIOMD0000001063,r_1704,CLU_BIOMD0000001063,test,retrievable_top1_success,True,3-4,chebi+kegg_compound,ok,1
BIOMD0000001063,r_1722,CLU_BIOMD0000001063,test,empty_constrained,True,5-6,chebi+kegg_compound,no_candidates,0
BIOMD0000001063,r_1724,CLU_BIOMD0000001063,test,empty_constrained,True,5-6,chebi+kegg_compound,no_candidates,0
BIOMD0000001063,r_1729,CLU_BIOMD0000001063,test,retrievable_top1_success,True,3-4,chebi+kegg_compound,ok,1
BIOMD0000001063,r_1734,CLU_BIOMD0000001063,test,empty_constrained,True,5-6,chebi+kegg_compound,no_candidates,0
BIOMD0000001063,r_1736,CLU_BIOMD0000001063,test,nonempty_answer_absent,True,5-6,chebi+kegg_compound,ok,1446
BIOMD0000001063,r_1744,CLU_BIOMD0000001063,test,nonempty_answer_absent,True,5-6,chebi+kegg_compound,ok,314
BIOMD0000001063,r_1790,CLU_BIOMD0000001063,test,nonempty_answer_absent,True,5-6,chebi+kegg_compound,ok,1136
BIOMD0000001063,r_1821,CLU_BIOMD0000001063,test,empty_constrained,True,5-6,chebi+kegg_compound,no_candidates,0
BIOMD0000001063,r_1838,CLU_BIOMD0000001063,test,empty_constrained,True,5-6,chebi+kegg_compound,no_candidates,0
BIOMD0000001063,r_1850,CLU_BIOMD0000001063,test,empty_constrained,True,5-6,chebi+kegg_compound,no_candidates,0
BIOMD0000001063,r_1872,CLU_BIOMD0000001063,test,empty_constrained,True,3-4,chebi+kegg_compound,no_candidates,0
BIOMD0000001063,r_1887,CLU_BIOMD0000001063,test,empty_constrained,True,3-4,chebi+kegg_compound,no_candidates,0
BIOMD0000001063,r_1936,CLU_BIOMD0000001063,test,retrievable_top1_success,True,3-4,chebi+kegg_compound,ok,1
BIOMD0000001063,r_1997,CLU_BIOMD0000001063,test,nonempty_answer_absent,True,5-6,chebi+kegg_compound,ok,1136
BIOMD0000001063,r_2025,CLU_BIOMD0000001063,test,nonempty_answer_absent,True,5-6,chebi+kegg_compound,ok,1
BIOMD0000001063,r_2026,CLU_BIOMD0000001063,test,nonempty_answer_absent,True,5-6,chebi+kegg_compound,ok,1446
BIOMD0000001063,r_2027,CLU_BIOMD0000001063,test,nonempty_answer_absent,True,3-4,chebi+kegg_compound,ok,2353
BIOMD0000001063,r_2029,CLU_BIOMD0000001063,test,nonempty_answer_absent,True,5-6,chebi+kegg_compound,ok,1
BIOMD0000001063,r_2030,CLU_BIOMD0000001063,test,retrievable_top1_success,True,3-4,chebi+kegg_compound,ok,1
BIOMD0000001063,r_2031,CLU_BIOMD0000001063,test,retrievable_top1_success,True,3-4,chebi+kegg_compound,ok,1
BIOMD0000001063,r_2064,CLU_BIOMD0000001063,test,retrievable_top1_success,True,3-4,chebi+kegg_compound,ok,1
BIOMD0000001063,r_2065,CLU_BIOMD0000001063,test,retrievable_top1_success,True,5-6,chebi+kegg_compound,ok,1
BIOMD0000001063,r_2069,CLU_BIOMD0000001063,test,retrievable_top1_success,True,3-4,chebi+kegg_compound,ok,1
BIOMD0000001063,r_2074,CLU_BIOMD0000001063,test,empty_constrained,True,5-6,chebi+kegg_compound,no_candidates,0
BIOMD0000001063,r_2112,CLU_BIOMD0000001063,test,empty_constrained,True,5-6,chebi+kegg_compound,no_candidates,0
BIOMD0000001063,r_2113,CLU_BIOMD0000001063,test,empty_constrained,True,5-6,chebi+kegg_compound,no_candidates,0
BIOMD0000001063,r_2114,CLU_BIOMD0000001063,test,nonempty_answer_absent,True,3-4,chebi+kegg_compound,ok,18
BIOMD0000001063,r_2115,CLU_BIOMD0000001063,test,empty_constrained,True,5-6,chebi+kegg_compound,no_candidates,0
BIOMD0000001063,r_2116,CLU_BIOMD0000001063,test,empty_constrained,True,5-6,chebi+kegg_compound,no_candidates,0
BIOMD0000001063,r_2117,CLU_BIOMD0000001063,test,retrievable_top1_success,True,3-4,chebi+kegg_compound,ok,2
BIOMD0000001063,r_2118,CLU_BIOMD0000001063,test,nonempty_answer_absent,True,3-4,chebi+kegg_compound,ok,1
BIOMD0000001063,r_2119,CLU_BIOMD0000001063,test,nonempty_answer_absent,True,3-4,chebi+kegg_compound,ok,1
BIOMD0000001063,r_2125,CLU_BIOMD0000001063,test,unconstrained,True,1-2,chebi+kegg_compound,unconstrained_candidate_set,0
BIOMD0000001063,r_2126,CLU_BIOMD0000001063,test,retrievable_top1_success,True,3-4,chebi+kegg_compound,ok,1
BIOMD0000001063,r_2131,CLU_BIOMD0000001063,test,empty_constrained,True,5-6,chebi+kegg_compound,no_candidates,0
BIOMD0000001063,r_2156,CLU_BIOMD0000001063,test,empty_constrained,True,5-6,chebi+kegg_compound,no_candidates,0
BIOMD0000001063,r_2163,CLU_BIOMD0000001063,test,empty_constrained,True,5-6,chebi+kegg_compound,no_candidates,0
BIOMD0000001063,r_2168,CLU_BIOMD0000001063,test,retrievable_top1_success,True,3-4,chebi+kegg_compound,ok,1
BIOMD0000001063,r_2170,CLU_BIOMD0000001063,test,retrievable_top1_success,True,3-4,chebi+kegg_compound,ok,1
BIOMD0000001063,r_2175,CLU_BIOMD0000001063,test,nonempty_answer_absent,True,5-6,chebi+kegg_compound,ok,2
BIOMD0000001063,r_2177,CLU_BIOMD0000001063,test,empty_constrained,True,5-6,chebi+kegg_compound,no_candidates,0
BIOMD0000001063,r_2196,CLU_BIOMD0000001063,test,unconstrained,True,5-6,chebi+kegg_compound,unconstrained_candidate_set,0
BIOMD0000001063,r_2202,CLU_BIOMD0000001063,test,unconstrained,True,5-6,chebi+kegg_compound,unconstrained_candidate_set,0
BIOMD0000001063,r_2235,CLU_BIOMD0000001063,test,nonempty_answer_absent,True,5-6,chebi+kegg_compound,ok,314
BIOMD0000001063,r_2248,CLU_BIOMD0000001063,test,empty_constrained,True,3-4,chebi+kegg_compound,no_candidates,0
BIOMD0000001063,r_2249,CLU_BIOMD0000001063,test,empty_constrained,True,3-4,chebi+kegg_compound,no_candidates,0
BIOMD0000001063,r_2250,CLU_BIOMD0000001063,test,empty_constrained,True,3-4,chebi+kegg_compound,no_candidates,0
BIOMD0000001063,r_2251,CLU_BIOMD0000001063,test,empty_constrained,True,3-4,chebi+kegg_compound,no_candidates,0
BIOMD0000001063,r_2252,CLU_BIOMD0000001063,test,empty_constrained,True,3-4,chebi+kegg_compound,no_candidates,0
BIOMD0000001063,r_2266,CLU_BIOMD0000001063,test,empty_constrained,True,5-6,chebi+kegg_compound,no_candidates,0
BIOMD0000001063,r_2267,CLU_BIOMD0000001063,test,empty_constrained,True,5-6,chebi+kegg_compound,no_candidates,0
BIOMD0000001063,r_2268,CLU_BIOMD0000001063,test,empty_constrained,True,5-6,chebi+kegg_compound,no_candidates,0
BIOMD0000001063,r_2283,CLU_BIOMD0000001063,test,unconstrained,True,3-4,chebi+kegg_compound,unconstrained_candidate_set,0
BIOMD0000001063,r_2305,CLU_BIOMD0000001063,test,empty_constrained,True,3-4,chebi+kegg_compound,no_candidates,0
BIOMD0000001063,r_4039,CLU_BIOMD0000001063,test,retrievable_top1_success,True,3-4,chebi+kegg_compound,ok,1
BIOMD0000001063,r_4042,CLU_BIOMD0000001063,test,retrievable_top1_success,True,3-4,chebi+kegg_compound,ok,1
BIOMD0000001063,r_4045,CLU_BIOMD0000001063,test,retrievable_top1_success,True,3-4,chebi+kegg_compound,ok,1
BIOMD0000001063,r_4152,CLU_BIOMD0000001063,test,nonempty_answer_absent,True,3-4,chebi+kegg_compound,ok,3
BIOMD0000001063,r_4153,CLU_BIOMD0000001063,test,empty_constrained,True,5-6,chebi+kegg_compound,no_candidates,0
BIOMD0000001063,r_4154,CLU_BIOMD0000001063,test,empty_constrained,True,5-6,chebi+kegg_compound,no_candidates,0
BIOMD0000001063,r_4158,CLU_BIOMD0000001063,test,empty_constrained,True,5-6,chebi+kegg_compound,no_candidates,0
BIOMD0000001063,r_4159,CLU_BIOMD0000001063,test,empty_constrained,True,5-6,chebi+kegg_compound,no_candidates,0
BIOMD0000001063,r_4164,CLU_BIOMD0000001063,test,retrievable_top1_success,True,5-6,chebi+kegg_compound,ok,2
BIOMD0000001063,r_4165,CLU_BIOMD0000001063,test,retrievable_rerank_failure,True,3-4,chebi+kegg_compound,ok,102
BIOMD0000001063,r_4166,CLU_BIOMD0000001063,test,retrievable_rerank_failure,True,3-4,chebi+kegg_compound,ok,102
BIOMD0000001063,r_4170,CLU_BIOMD0000001063,test,retrievable_top1_success,True,3-4,chebi+kegg_compound,ok,1
BIOMD0000001063,r_4171,CLU_BIOMD0000001063,test,nonempty_answer_absent,True,3-4,chebi+kegg_compound,ok,1
BIOMD0000001063,r_4173,CLU_BIOMD0000001063,test,retrievable_rerank_failure,True,3-4,chebi+kegg_compound,ok,3
BIOMD0000001063,r_4177,CLU_BIOMD0000001063,test,empty_constrained,True,5-6,chebi+kegg_compound,no_candidates,0
BIOMD0000001063,r_4180,CLU_BIOMD0000001063,test,empty_constrained,True,5-6,chebi+kegg_compound,no_candidates,0
BIOMD0000001063,r_4183,CLU_BIOMD0000001063,test,empty_constrained,True,5-6,chebi+kegg_compound,no_candidates,0
BIOMD0000001063,r_4184,CLU_BIOMD0000001063,test,retrievable_top1_success,True,1-2,chebi+kegg_compound,ok,1
BIOMD0000001063,r_4185,CLU_BIOMD0000001063,test,empty_constrained,True,3-4,chebi+kegg_compound,no_candidates,0
BIOMD0000001063,r_4186,CLU_BIOMD0000001063,test,empty_constrained,True,5-6,chebi+kegg_compound,no_candidates,0
BIOMD0000001063,r_4187,CLU_BIOMD0000001063,test,retrievable_top1_success,True,5-6,chebi+kegg_compound,ok,1
BIOMD0000001063,r_4188,CLU_BIOMD0000001063,test,retrievable_top1_success,True,3-4,chebi+kegg_compound,ok,1
BIOMD0000001063,r_4189,CLU_BIOMD0000001063,test,retrievable_top1_success,True,3-4,chebi+kegg_compound,ok,1
BIOMD0000001063,r_4190,CLU_BIOMD0000001063,test,retrievable_top1_success,True,3-4,chebi+kegg_compound,ok,1
BIOMD0000001063,r_4191,CLU_BIOMD0000001063,test,retrievable_top1_success,True,3-4,chebi+kegg_compound,ok,1
BIOMD0000001063,r_4192,CLU_BIOMD0000001063,test,nonempty_answer_absent,True,5-6,chebi+kegg_compound,ok,12
BIOMD0000001063,r_4193,CLU_BIOMD0000001063,test,nonempty_answer_absent,True,5-6,chebi+kegg_compound,ok,12
BIOMD0000001063,r_4196,CLU_BIOMD0000001063,test,nonempty_answer_absent,True,3-4,chebi+kegg_compound,ok,2
BIOMD0000001063,r_4197,CLU_BIOMD0000001063,test,empty_constrained,True,5-6,chebi+kegg_compound,no_candidates,0
BIOMD0000001063,r_4199,CLU_BIOMD0000001063,test,retrievable_top1_success,True,3-4,chebi+kegg_compound,ok,1
BIOMD0000001063,r_4200,CLU_BIOMD0000001063,test,retrievable_top1_success,True,3-4,chebi+kegg_compound,ok,1
BIOMD0000001063,r_4201,CLU_BIOMD0000001063,test,retrievable_top1_success,True,3-4,chebi+kegg_compound,ok,1
BIOMD0000001063,r_4202,CLU_BIOMD0000001063,test,empty_constrained,True,5-6,chebi+kegg_compound,no_candidates,0
BIOMD0000001063,r_4205,CLU_BIOMD0000001063,test,nonempty_answer_absent,True,7+,chebi+kegg_compound,ok,314
BIOMD0000001063,r_4206,CLU_BIOMD0000001063,test,empty_constrained,True,3-4,chebi+kegg_compound,no_candidates,0
BIOMD0000001063,r_4207,CLU_BIOMD0000001063,test,retrievable_top1_success,True,3-4,chebi+kegg_compound,ok,1
BIOMD0000001063,r_4208,CLU_BIOMD0000001063,test,retrievable_top1_success,True,3-4,chebi+kegg_compound,ok,1
BIOMD0000001063,r_4209,CLU_BIOMD0000001063,test,retrievable_top1_success,True,3-4,chebi+kegg_compound,ok,1
BIOMD0000001063,r_4210,CLU_BIOMD0000001063,test,retrievable_top1_success,True,3-4,chebi+kegg_compound,ok,1
BIOMD0000001063,r_4211,CLU_BIOMD0000001063,test,empty_constrained,True,7+,chebi+kegg_compound,no_candidates,0
BIOMD0000001063,r_4212,CLU_BIOMD0000001063,test,empty_constrained,True,7+,chebi+kegg_compound,no_candidates,0
BIOMD0000001063,r_4214,CLU_BIOMD0000001063,test,retrievable_top1_success,True,3-4,chebi+kegg_compound,ok,1
BIOMD0000001063,r_4215,CLU_BIOMD0000001063,test,retrievable_top1_success,True,3-4,chebi+kegg_compound,ok,1
BIOMD0000001063,r_4216,CLU_BIOMD0000001063,test,retrievable_top1_success,True,3-4,chebi+kegg_compound,ok,1
BIOMD0000001063,r_4217,CLU_BIOMD0000001063,test,retrievable_top1_success,True,5-6,chebi+kegg_compound,ok,1
BIOMD0000001063,r_4220,CLU_BIOMD0000001063,test,nonempty_answer_absent,True,5-6,chebi+kegg_compound,ok,314
BIOMD0000001063,r_4221,CLU_BIOMD0000001063,test,empty_constrained,True,5-6,chebi+kegg_compound,no_candidates,0
BIOMD0000001063,r_4222,CLU_BIOMD0000001063,test,nonempty_answer_absent,True,5-6,chebi+kegg_compound,ok,4
BIOMD0000001063,r_4223,CLU_BIOMD0000001063,test,empty_constrained,True,5-6,chebi+kegg_compound,no_candidates,0
BIOMD0000001063,r_4226,CLU_BIOMD0000001063,test,retrievable_top1_success,True,3-4,chebi+kegg_compound,ok,1
BIOMD0000001063,r_4227,CLU_BIOMD0000001063,test,empty_constrained,True,3-4,chebi+kegg_compound,no_candidates,0
BIOMD0000001063,r_4228,CLU_BIOMD0000001063,test,empty_constrained,True,3-4,chebi+kegg_compound,no_candidates,0
BIOMD0000001063,r_4230,CLU_BIOMD0000001063,test,empty_constrained,True,3-4,chebi+kegg_compound,no_candidates,0
BIOMD0000001063,r_4232,CLU_BIOMD0000001063,test,empty_constrained,True,5-6,chebi+kegg_compound,no_candidates,0
BIOMD0000001063,r_4233,CLU_BIOMD0000001063,test,retrievable_top1_success,True,3-4,chebi+kegg_compound,ok,1
BIOMD0000001063,r_4234,CLU_BIOMD0000001063,test,nonempty_answer_absent,True,5-6,chebi+kegg_compound,ok,1446
BIOMD0000001063,r_4236,CLU_BIOMD0000001063,test,empty_constrained,True,3-4,chebi+kegg_compound,no_candidates,0
BIOMD0000001063,r_4239,CLU_BIOMD0000001063,test,empty_constrained,True,5-6,chebi+kegg_compound,no_candidates,0
BIOMD0000001063,r_4240,CLU_BIOMD0000001063,test,nonempty_answer_absent,True,5-6,chebi+kegg_compound,ok,1446
BIOMD0000001063,r_4241,CLU_BIOMD0000001063,test,retrievable_rerank_failure,True,3-4,chebi+kegg_compound,ok,102
BIOMD0000001063,r_4242,CLU_BIOMD0000001063,test,nonempty_answer_absent,True,5-6,chebi+kegg_compound,ok,1446
BIOMD0000001063,r_4243,CLU_BIOMD0000001063,test,nonempty_answer_absent,True,5-6,chebi+kegg_compound,ok,1446
BIOMD0000001063,r_4244,CLU_BIOMD0000001063,test,nonempty_answer_absent,True,5-6,chebi+kegg_compound,ok,1446
BIOMD0000001063,r_4245,CLU_BIOMD0000001063,test,retrievable_top1_success,True,3-4,chebi+kegg_compound,ok,1
BIOMD0000001063,r_4247,CLU_BIOMD0000001063,test,retrievable_top1_success,True,5-6,chebi+kegg_compound,ok,1
BIOMD0000001063,r_4248,CLU_BIOMD0000001063,test,empty_constrained,True,3-4,chebi+kegg_compound,no_candidates,0
BIOMD0000001063,r_4249,CLU_BIOMD0000001063,test,retrievable_top1_success,True,3-4,chebi+kegg_compound,ok,1
BIOMD0000001063,r_4250,CLU_BIOMD0000001063,test,empty_constrained,True,5-6,chebi+kegg_compound,no_candidates,0
BIOMD0000001063,r_4251,CLU_BIOMD0000001063,test,empty_constrained,True,5-6,chebi+kegg_compound,no_candidates,0
BIOMD0000001063,r_4252,CLU_BIOMD0000001063,test,empty_constrained,True,5-6,chebi+kegg_compound,no_candidates,0
BIOMD0000001063,r_4253,CLU_BIOMD0000001063,test,empty_constrained,True,5-6,chebi+kegg_compound,no_candidates,0
BIOMD0000001063,r_4254,CLU_BIOMD0000001063,test,empty_constrained,True,5-6,chebi+kegg_compound,no_candidates,0
BIOMD0000001063,r_4255,CLU_BIOMD0000001063,test,empty_constrained,True,5-6,chebi+kegg_compound,no_candidates,0
BIOMD0000001063,r_4256,CLU_BIOMD0000001063,test,nonempty_answer_absent,True,5-6,chebi+kegg_compound,ok,1136
BIOMD0000001063,r_4258,CLU_BIOMD0000001063,test,retrievable_top1_success,True,5-6,chebi+kegg_compound,ok,1
BIOMD0000001063,r_4260,CLU_BIOMD0000001063,test,retrievable_top1_success,True,3-4,chebi+kegg_compound,ok,1
BIOMD0000001063,r_4261,CLU_BIOMD0000001063,test,retrievable_top1_success,True,3-4,chebi+kegg_compound,ok,1
BIOMD0000001063,r_4262,CLU_BIOMD0000001063,test,retrievable_top1_success,True,1-2,chebi+kegg_compound,ok,1
BIOMD0000001063,r_4264,CLU_BIOMD0000001063,test,empty_constrained,True,5-6,chebi+kegg_compound,no_candidates,0
BIOMD0000001063,r_4265,CLU_BIOMD0000001063,test,nonempty_answer_absent,True,5-6,chebi+kegg_compound,ok,314
BIOMD0000001063,r_4267,CLU_BIOMD0000001063,test,nonempty_answer_absent,True,5-6,chebi+kegg_compound,ok,314
BIOMD0000001063,r_4268,CLU_BIOMD0000001063,test,empty_constrained,True,5-6,chebi+kegg_compound,no_candidates,0
BIOMD0000001063,r_4270,CLU_BIOMD0000001063,test,retrievable_top1_success,True,3-4,chebi+kegg_compound,ok,1
BIOMD0000001063,r_4271,CLU_BIOMD0000001063,test,nonempty_answer_absent,True,3-4,chebi+kegg_compound,ok,21
BIOMD0000001063,r_4272,CLU_BIOMD0000001063,test,retrievable_rerank_failure,True,3-4,chebi+kegg_compound,ok,21
BIOMD0000001063,r_4273,CLU_BIOMD0000001063,test,empty_constrained,True,7+,chebi+kegg_compound,no_candidates,0
BIOMD0000001063,r_4274,CLU_BIOMD0000001063,test,empty_constrained,True,5-6,chebi+kegg_compound,no_candidates,0
BIOMD0000001063,r_4275,CLU_BIOMD0000001063,test,empty_constrained,True,5-6,chebi+kegg_compound,no_candidates,0
BIOMD0000001063,r_4276,CLU_BIOMD0000001063,test,empty_constrained,True,5-6,chebi+kegg_compound,no_candidates,0
BIOMD0000001063,r_4277,CLU_BIOMD0000001063,test,unconstrained,True,3-4,chebi+kegg_compound,unconstrained_candidate_set,0
BIOMD0000001063,r_4278,CLU_BIOMD0000001063,test,empty_constrained,True,7+,chebi+kegg_compound,no_candidates,0
BIOMD0000001063,r_4279,CLU_BIOMD0000001063,test,nonempty_answer_absent,True,5-6,chebi+kegg_compound,ok,314
BIOMD0000001063,r_4280,CLU_BIOMD0000001063,test,retrievable_top1_success,True,3-4,chebi+kegg_compound,ok,1
BIOMD0000001063,r_4281,CLU_BIOMD0000001063,test,retrievable_top1_success,True,3-4,chebi+kegg_compound,ok,1
BIOMD0000001063,r_4282,CLU_BIOMD0000001063,test,nonempty_answer_absent,True,5-6,chebi+kegg_compound,ok,1446
BIOMD0000001063,r_4283,CLU_BIOMD0000001063,test,nonempty_answer_absent,True,5-6,chebi+kegg_compound,ok,2
BIOMD0000001063,r_4284,CLU_BIOMD0000001063,test,nonempty_answer_absent,True,5-6,chebi+kegg_compound,ok,6
BIOMD0000001063,r_4285,CLU_BIOMD0000001063,test,nonempty_answer_absent,True,5-6,chebi+kegg_compound,ok,4
BIOMD0000001063,r_4286,CLU_BIOMD0000001063,test,empty_constrained,True,5-6,chebi+kegg_compound,no_candidates,0
BIOMD0000001063,r_4287,CLU_BIOMD0000001063,test,nonempty_answer_absent,True,5-6,chebi+kegg_compound,ok,1
BIOMD0000001063,r_4288,CLU_BIOMD0000001063,test,retrievable_top1_success,True,1-2,chebi+kegg_compound,ok,1
BIOMD0000001063,r_4291,CLU_BIOMD0000001063,test,empty_constrained,True,5-6,chebi+kegg_compound,no_candidates,0
BIOMD0000001063,r_4292,CLU_BIOMD0000001063,test,empty_constrained,True,5-6,chebi+kegg_compound,no_candidates,0
BIOMD0000001063,r_4293,CLU_BIOMD0000001063,test,empty_constrained,True,5-6,chebi+kegg_compound,no_candidates,0
BIOMD0000001063,r_4294,CLU_BIOMD0000001063,test,empty_constrained,True,5-6,chebi+kegg_compound,no_candidates,0
BIOMD0000001063,r_4295,CLU_BIOMD0000001063,test,empty_constrained,True,5-6,chebi+kegg_compound,no_candidates,0
BIOMD0000001063,r_4296,CLU_BIOMD0000001063,test,empty_constrained,True,5-6,chebi+kegg_compound,no_candidates,0
BIOMD0000001063,r_4297,CLU_BIOMD0000001063,test,empty_constrained,True,5-6,chebi+kegg_compound,no_candidates,0
BIOMD0000001063,r_4298,CLU_BIOMD0000001063,test,empty_constrained,True,5-6,chebi+kegg_compound,no_candidates,0
BIOMD0000001063,r_4299,CLU_BIOMD0000001063,test,empty_constrained,True,5-6,chebi+kegg_compound,no_candidates,0
BIOMD0000001063,r_4300,CLU_BIOMD0000001063,test,empty_constrained,True,5-6,chebi+kegg_compound,no_candidates,0
BIOMD0000001063,r_4301,CLU_BIOMD0000001063,test,empty_constrained,True,5-6,chebi+kegg_compound,no_candidates,0
BIOMD0000001063,r_4302,CLU_BIOMD0000001063,test,empty_constrained,True,5-6,chebi+kegg_compound,no_candidates,0
BIOMD0000001063,r_4303,CLU_BIOMD0000001063,test,empty_constrained,True,5-6,chebi+kegg_compound,no_candidates,0
BIOMD0000001063,r_4304,CLU_BIOMD0000001063,test,empty_constrained,True,5-6,chebi+kegg_compound,no_candidates,0
BIOMD0000001063,r_4305,CLU_BIOMD0000001063,test,empty_constrained,True,5-6,chebi+kegg_compound,no_candidates,0
BIOMD0000001063,r_4306,CLU_BIOMD0000001063,test,empty_constrained,True,5-6,chebi+kegg_compound,no_candidates,0
BIOMD0000001063,r_4307,CLU_BIOMD0000001063,test,empty_constrained,True,5-6,chebi+kegg_compound,no_candidates,0
BIOMD0000001063,r_4310,CLU_BIOMD0000001063,test,nonempty_answer_absent,True,5-6,chebi+kegg_compound,ok,1446
BIOMD0000001063,r_4311,CLU_BIOMD0000001063,test,nonempty_answer_absent,True,5-6,chebi+kegg_compound,ok,1446
BIOMD0000001063,r_4312,CLU_BIOMD0000001063,test,empty_constrained,True,5-6,chebi+kegg_compound,no_candidates,0
BIOMD0000001063,r_4313,CLU_BIOMD0000001063,test,nonempty_answer_absent,True,3-4,chebi+kegg_compound,ok,3
BIOMD0000001063,r_4314,CLU_BIOMD0000001063,test,nonempty_answer_absent,True,3-4,chebi+kegg_compound,ok,3
BIOMD0000001063,r_4315,CLU_BIOMD0000001063,test,empty_constrained,True,5-6,chebi+kegg_compound,no_candidates,0
BIOMD0000001063,r_4316,CLU_BIOMD0000001063,test,nonempty_answer_absent,True,3-4,chebi+kegg_compound,ok,3
BIOMD0000001063,r_4317,CLU_BIOMD0000001063,test,retrievable_top1_success,True,3-4,chebi+kegg_compound,ok,2
BIOMD0000001063,r_4318,CLU_BIOMD0000001063,test,retrievable_top1_success,True,3-4,chebi+kegg_compound,ok,2
BIOMD0000001063,r_4319,CLU_BIOMD0000001063,test,retrievable_top1_success,True,3-4,chebi+kegg_compound,ok,2
BIOMD0000001063,r_4320,CLU_BIOMD0000001063,test,empty_constrained,True,5-6,chebi+kegg_compound,no_candidates,0
BIOMD0000001063,r_4321,CLU_BIOMD0000001063,test,empty_constrained,True,5-6,chebi+kegg_compound,no_candidates,0
BIOMD0000001063,r_4322,CLU_BIOMD0000001063,test,empty_constrained,True,5-6,chebi+kegg_compound,no_candidates,0
BIOMD0000001063,r_4323,CLU_BIOMD0000001063,test,empty_constrained,True,5-6,chebi+kegg_compound,no_candidates,0
BIOMD0000001063,r_4324,CLU_BIOMD0000001063,test,empty_constrained,True,5-6,chebi+kegg_compound,no_candidates,0
BIOMD0000001063,r_4326,CLU_BIOMD0000001063,test,empty_constrained,True,5-6,chebi+kegg_compound,no_candidates,0
BIOMD0000001063,r_4328,CLU_BIOMD0000001063,test,empty_constrained,True,5-6,chebi+kegg_compound,no_candidates,0
BIOMD0000001063,r_4330,CLU_BIOMD0000001063,test,empty_constrained,True,5-6,chebi+kegg_compound,no_candidates,0
BIOMD0000001063,r_4331,CLU_BIOMD0000001063,test,retrievable_top1_success,True,3-4,chebi+kegg_compound,ok,1
BIOMD0000001063,r_4333,CLU_BIOMD0000001063,test,empty_constrained,True,3-4,chebi+kegg_compound,no_candidates,0
BIOMD0000001063,r_4336,CLU_BIOMD0000001063,test,empty_constrained,True,3-4,chebi+kegg_compound,no_candidates,0
BIOMD0000001063,r_4338,CLU_BIOMD0000001063,test,retrievable_rerank_failure,True,3-4,chebi+kegg_compound,ok,85
BIOMD0000001063,r_4342,CLU_BIOMD0000001063,test,retrievable_top1_success,True,3-4,chebi+kegg_compound,ok,2
BIOMD0000001063,r_4347,CLU_BIOMD0000001063,test,retrievable_top1_success,True,3-4,chebi+kegg_compound,ok,1
BIOMD0000001063,r_4350,CLU_BIOMD0000001063,test,empty_constrained,True,3-4,chebi+kegg_compound,no_candidates,0
BIOMD0000001063,r_4353,CLU_BIOMD0000001063,test,empty_constrained,True,3-4,chebi+kegg_compound,no_candidates,0
BIOMD0000001063,r_4354,CLU_BIOMD0000001063,test,empty_constrained,True,5-6,chebi+kegg_compound,no_candidates,0
BIOMD0000001063,r_4355,CLU_BIOMD0000001063,test,nonempty_answer_absent,True,3-4,chebi+kegg_compound,ok,1
BIOMD0000001063,r_4359,CLU_BIOMD0000001063,test,retrievable_top1_success,True,3-4,chebi+kegg_compound,ok,1
BIOMD0000001063,r_4363,CLU_BIOMD0000001063,test,retrievable_top1_success,True,3-4,chebi+kegg_compound,ok,1
BIOMD0000001063,r_4366,CLU_BIOMD0000001063,test,nonempty_answer_absent,True,5-6,chebi+kegg_compound,ok,1136
BIOMD0000001063,r_4374,CLU_BIOMD0000001063,test,empty_constrained,True,5-6,chebi+kegg_compound,no_candidates,0
BIOMD0000001063,r_4376,CLU_BIOMD0000001063,test,retrievable_top1_success,True,3-4,chebi+kegg_compound,ok,1
BIOMD0000001063,r_4382,CLU_BIOMD0000001063,test,retrievable_top1_success,True,3-4,chebi+kegg_compound,ok,1
BIOMD0000001063,r_4384,CLU_BIOMD0000001063,test,empty_constrained,True,5-6,chebi+kegg_compound,no_candidates,0
BIOMD0000001063,r_4393,CLU_BIOMD0000001063,test,empty_constrained,True,5-6,chebi+kegg_compound,no_candidates,0
BIOMD0000001063,r_4396,CLU_BIOMD0000001063,test,retrievable_top1_success,True,5-6,chebi+kegg_compound,ok,1
BIOMD0000001063,r_4400,CLU_BIOMD0000001063,test,empty_constrained,True,3-4,chebi+kegg_compound,no_candidates,0
BIOMD0000001063,r_4403,CLU_BIOMD0000001063,test,retrievable_top1_success,True,3-4,chebi+kegg_compound,ok,1
BIOMD0000001063,r_4407,CLU_BIOMD0000001063,test,retrievable_top1_success,True,3-4,chebi+kegg_compound,ok,1
BIOMD0000001063,r_4410,CLU_BIOMD0000001063,test,retrievable_top1_success,True,3-4,chebi+kegg_compound,ok,1
BIOMD0000001063,r_4411,CLU_BIOMD0000001063,test,empty_constrained,True,5-6,chebi+kegg_compound,no_candidates,0
BIOMD0000001063,r_4435,CLU_BIOMD0000001063,test,retrievable_top1_success,True,3-4,chebi+kegg_compound,ok,4
BIOMD0000001063,r_4484,CLU_BIOMD0000001063,test,retrievable_top1_success,True,3-4,chebi+kegg_compound,ok,1
BIOMD0000001063,r_4485,CLU_BIOMD0000001063,test,retrievable_top1_success,True,3-4,chebi+kegg_compound,ok,1
BIOMD0000001063,r_4486,CLU_BIOMD0000001063,test,empty_constrained,True,3-4,chebi+kegg_compound,no_candidates,0
BIOMD0000001063,r_4487,CLU_BIOMD0000001063,test,retrievable_top1_success,True,1-2,chebi+kegg_compound,ok,1
BIOMD0000001063,r_4488,CLU_BIOMD0000001063,test,empty_constrained,True,5-6,chebi+kegg_compound,no_candidates,0
BIOMD0000001063,r_4489,CLU_BIOMD0000001063,test,empty_constrained,True,5-6,chebi+kegg_compound,no_candidates,0
BIOMD0000001063,r_4490,CLU_BIOMD0000001063,test,empty_constrained,True,5-6,chebi+kegg_compound,no_candidates,0
BIOMD0000001063,r_4492,CLU_BIOMD0000001063,test,empty_constrained,True,5-6,chebi+kegg_compound,no_candidates,0
BIOMD0000001063,r_4566,CLU_BIOMD0000001063,test,empty_constrained,True,5-6,chebi+kegg_compound,no_candidates,0
BIOMD0000001063,r_4568,CLU_BIOMD0000001063,test,empty_constrained,True,3-4,chebi+kegg_compound,no_candidates,0
BIOMD0000001063,r_4569,CLU_BIOMD0000001063,test,empty_constrained,True,5-6,chebi+kegg_compound,no_candidates,0
BIOMD0000001063,r_4570,CLU_BIOMD0000001063,test,empty_constrained,True,5-6,chebi+kegg_compound,no_candidates,0
BIOMD0000001063,r_4572,CLU_BIOMD0000001063,test,retrievable_top1_success,True,3-4,chebi+kegg_compound,ok,1
BIOMD0000001063,r_4573,CLU_BIOMD0000001063,test,empty_constrained,True,5-6,chebi+kegg_compound,no_candidates,0
BIOMD0000001063,r_4574,CLU_BIOMD0000001063,test,empty_constrained,True,5-6,chebi+kegg_compound,no_candidates,0
BIOMD0000001063,r_4575,CLU_BIOMD0000001063,test,empty_constrained,True,3-4,chebi+kegg_compound,no_candidates,0
BIOMD0000001063,r_4576,CLU_BIOMD0000001063,test,empty_constrained,True,5-6,chebi+kegg_compound,no_candidates,0
BIOMD0000001063,r_4577,CLU_BIOMD0000001063,test,empty_constrained,True,3-4,chebi+kegg_compound,no_candidates,0
BIOMD0000001063,r_4579,CLU_BIOMD0000001063,test,empty_constrained,True,3-4,chebi+kegg_compound,no_candidates,0
BIOMD0000001063,r_4580,CLU_BIOMD0000001063,test,empty_constrained,True,5-6,chebi+kegg_compound,no_candidates,0
BIOMD0000001063,r_4581,CLU_BIOMD0000001063,test,empty_constrained,True,5-6,chebi+kegg_compound,no_candidates,0
BIOMD0000001063,r_4583,CLU_BIOMD0000001063,test,empty_constrained,True,5-6,chebi+kegg_compound,no_candidates,0
BIOMD0000001063,r_4585,CLU_BIOMD0000001063,test,empty_constrained,True,3-4,chebi+kegg_compound,no_candidates,0
BIOMD0000001063,r_4629,CLU_BIOMD0000001063,test,nonempty_answer_absent,True,3-4,chebi+kegg_compound,ok,1
BIOMD0000001063,r_4630,CLU_BIOMD0000001063,test,empty_constrained,True,3-4,chebi+kegg_compound,no_candidates,0
BIOMD0000001063,r_4631,CLU_BIOMD0000001063,test,nonempty_answer_absent,True,3-4,chebi+kegg_compound,ok,14
BIOMD0000001063,r_4632,CLU_BIOMD0000001063,test,retrievable_top1_success,True,3-4,chebi+kegg_compound,ok,4
BIOMD0000001063,r_4633,CLU_BIOMD0000001063,test,nonempty_answer_absent,True,3-4,chebi+kegg_compound,ok,14
BIOMD0000001063,r_4649,CLU_BIOMD0000001063,test,retrievable_top1_success,True,3-4,chebi+kegg_compound,ok,1
BIOMD0000001063,r_4651,CLU_BIOMD0000001063,test,empty_constrained,True,3-4,chebi+kegg_compound,no_candidates,0
BIOMD0000001063,r_4652,CLU_BIOMD0000001063,test,empty_constrained,True,5-6,chebi+kegg_compound,no_candidates,0
BIOMD0000001063,r_4660,CLU_BIOMD0000001063,test,empty_constrained,True,3-4,chebi+kegg_compound,no_candidates,0
BIOMD0000001063,r_4661,CLU_BIOMD0000001063,test,nonempty_answer_absent,True,5-6,chebi+kegg_compound,ok,2
BIOMD0000001092,R_ACALD,CLU_BIOMD0000001092,test,empty_constrained,True,5-6,chebi+kegg_compound,no_candidates,0
BIOMD0000001092,R_ACCOAC,CLU_BIOMD0000001092,test,empty_constrained,True,7+,chebi+kegg_compound,no_candidates,0
BIOMD0000001092,R_ACGK,CLU_BIOMD0000001092,test,retrievable_top1_success,True,3-4,chebi+kegg_compound,ok,1
BIOMD0000001092,R_ACHBS,CLU_BIOMD0000001092,test,empty_constrained,True,5-6,chebi+kegg_compound,no_candidates,0
BIOMD0000001092,R_ACKr,CLU_BIOMD0000001092,test,retrievable_top1_success,True,3-4,chebi+kegg_compound,ok,1
BIOMD0000001092,R_ACLS,CLU_BIOMD0000001092,test,empty_constrained,True,3-4,chebi+kegg_compound,no_candidates,0
BIOMD0000001092,R_ACOATA,CLU_BIOMD0000001092,test,empty_constrained,True,3-4,chebi+kegg_compound,no_candidates,0
BIOMD0000001092,R_ACONT,CLU_BIOMD0000001092,test,retrievable_top1_success,True,1-2,chebi+kegg_compound,ok,1
BIOMD0000001092,R_ACOTA,CLU_BIOMD0000001092,test,retrievable_top1_success,True,3-4,chebi+kegg_compound,ok,1
BIOMD0000001092,R_ACYP_2,CLU_BIOMD0000001092,test,empty_constrained,True,5-6,chebi+kegg_compound,no_candidates,0
BIOMD0000001092,R_ADA,CLU_BIOMD0000001092,test,empty_constrained,True,5-6,chebi+kegg_compound,no_candidates,0
BIOMD0000001092,R_ADAPAT,CLU_BIOMD0000001092,test,empty_constrained,True,3-4,chebi+kegg_compound,no_candidates,0
BIOMD0000001092,R_ADCL,CLU_BIOMD0000001092,test,empty_constrained,True,3-4,chebi+kegg_compound,no_candidates,0
BIOMD0000001092,R_ADCS,CLU_BIOMD0000001092,test,retrievable_top1_success,True,3-4,chebi+kegg_compound,ok,2
BIOMD0000001092,R_ADK1,CLU_BIOMD0000001092,test,retrievable_top1_success,True,3-4,chebi+kegg_compound,ok,1
BIOMD0000001092,R_ADMDC,CLU_BIOMD0000001092,test,retrievable_top1_success,True,3-4,chebi+kegg_compound,ok,1
BIOMD0000001092,R_ADPT,CLU_BIOMD0000001092,test,empty_constrained,True,3-4,chebi+kegg_compound,no_candidates,0
BIOMD0000001092,R_ADSK,CLU_BIOMD0000001092,test,empty_constrained,True,5-6,chebi+kegg_compound,no_candidates,0
BIOMD0000001092,R_ADSL1r,CLU_BIOMD0000001092,test,empty_constrained,True,3-4,chebi+kegg_compound,no_candidates,0
BIOMD0000001092,R_ADSL2r,CLU_BIOMD0000001092,test,empty_constrained,True,3-4,chebi+kegg_compound,no_candidates,0
BIOMD0000001092,R_ADSS,CLU_BIOMD0000001092,test,empty_constrained,True,7+,chebi+kegg_compound,no_candidates,0
BIOMD0000001092,R_AGPR,CLU_BIOMD0000001092,test,empty_constrained,True,5-6,chebi+kegg_compound,no_candidates,0
BIOMD0000001092,R_AHCYSNS,CLU_BIOMD0000001092,test,empty_constrained,True,3-4,chebi+kegg_compound,no_candidates,0
BIOMD0000001092,R_AHSERL2,CLU_BIOMD0000001092,test,empty_constrained,True,5-6,chebi+kegg_compound,no_candidates,0
BIOMD0000001092,R_AICART,CLU_BIOMD0000001092,test,retrievable_top1_success,True,3-4,chebi+kegg_compound,ok,1
BIOMD0000001092,R_AKGDH,CLU_BIOMD0000001092,test,empty_constrained,True,5-6,chebi+kegg_compound,no_candidates,0
BIOMD0000001092,R_AKP1,CLU_BIOMD0000001092,test,empty_constrained,True,5-6,chebi+kegg_compound,no_candidates,0
BIOMD0000001092,R_ALAALAr,CLU_BIOMD0000001092,test,empty_constrained,True,5-6,chebi+kegg_compound,no_candidates,0
BIOMD0000001092,R_ALAR,CLU_BIOMD0000001092,test,retrievable_top1_success,True,1-2,chebi+kegg_compound,ok,1
BIOMD0000001092,R_ALCD19,CLU_BIOMD0000001092,test,empty_constrained,True,5-6,chebi+kegg_compound,no_candidates,0
BIOMD0000001092,R_ALKP,CLU_BIOMD0000001092,test,empty_constrained,True,3-4,chebi+kegg_compound,no_candidates,0
BIOMD0000001092,R_AMAOTr,CLU_BIOMD0000001092,test,retrievable_top1_success,True,3-4,chebi+kegg_compound,ok,1
BIOMD0000001092,R_AMPDAPT,CLU_BIOMD0000001092,test,retrievable_top1_success,True,5-6,chebi+kegg_compound,ok,4
BIOMD0000001092,R_AMSPAT,CLU_BIOMD0000001092,test,retrievable_rerank_failure,True,5-6,chebi+kegg_compound,ok,4
BIOMD0000001092,R_AMSPNAT,CLU_BIOMD0000001092,test,retrievable_rerank_failure,True,5-6,chebi+kegg_compound,ok,4
BIOMD0000001092,R_ANPRT,CLU_BIOMD0000001092,test,empty_constrained,True,3-4,chebi+kegg_compound,no_candidates,0
BIOMD0000001092,R_ANS,CLU_BIOMD0000001092,test,empty_constrained,True,5-6,chebi+kegg_compound,no_candidates,0
BIOMD0000001092,R_AOXSr2,CLU_BIOMD0000001092,test,empty_constrained,True,5-6,chebi+kegg_compound,no_candidates,0
BIOMD0000001092,R_APRAUR,CLU_BIOMD0000001092,test,empty_constrained,True,5-6,chebi+kegg_compound,no_candidates,0
BIOMD0000001092,R_ARGSL,CLU_BIOMD0000001092,test,empty_constrained,True,3-4,chebi+kegg_compound,no_candidates,0
BIOMD0000001092,R_ARGSS,CLU_BIOMD0000001092,test,empty_constrained,True,7+,chebi+kegg_compound,no_candidates,0
BIOMD0000001092,R_ASAD,CLU_BIOMD0000001092,test,empty_constrained,True,5-6,chebi+kegg_compound,no_candidates,0
BIOMD0000001092,R_ASNS1,CLU_BIOMD0000001092,test,empty_constrained,True,7+,chebi+kegg_compound,no_candidates,0
BIOMD0000001092,R_ASNS2,CLU_BIOMD0000001092,test,empty_constrained,True,7+,chebi+kegg_compound,no_candidates,0
BIOMD0000001092,R_ASNabc,CLU_BIOMD0000001092,test,empty_constrained,True,7+,chebi+kegg_compound,no_candidates,0
BIOMD0000001092,R_ASP1DC,CLU_BIOMD0000001092,test,empty_constrained,True,3-4,chebi+kegg_compound,no_candidates,0
BIOMD0000001092,R_ASPCT,CLU_BIOMD0000001092,test,empty_constrained,True,5-6,chebi+kegg_compound,no_candidates,0
BIOMD0000001092,R_ASPK,CLU_BIOMD0000001092,test,retrievable_top1_success,True,3-4,chebi+kegg_compound,ok,1
BIOMD0000001092,R_ASPO2,CLU_BIOMD0000001092,test,empty_constrained,True,5-6,chebi+kegg_compound,no_candidates,0
BIOMD0000001092,R_ASPT,CLU_BIOMD0000001092,test,empty_constrained,True,3-4,chebi+kegg_compound,no_candidates,0
BIOMD0000001092,R_ASPTA,CLU_BIOMD0000001092,test,retrievable_top1_success,True,3-4,chebi+kegg_compound,ok,1
BIOMD0000001092,R_ASPTA6,CLU_BIOMD0000001092,test,retrievable_top1_success,True,3-4,chebi+kegg_compound,ok,1
BIOMD0000001092,R_ASPabc,CLU_BIOMD0000001092,test,empty_constrained,True,7+,chebi+kegg_compound,no_candidates,0
BIOMD0000001092,R_ATPM,CLU_BIOMD0000001092,test,empty_constrained,True,5-6,chebi+kegg_compound,no_candidates,0
BIOMD0000001092,R_ATPPRT,CLU_BIOMD0000001092,test,empty_constrained,True,3-4,chebi+kegg_compound,no_candidates,0
BIOMD0000001092,R_BGLA,CLU_BIOMD0000001092,test,empty_constrained,True,3-4,chebi+kegg_compound,no_candidates,0
BIOMD0000001092,R_BPNT,CLU_BIOMD0000001092,test,empty_constrained,True,3-4,chebi+kegg_compound,no_candidates,0
BIOMD0000001092,R_CBPS,CLU_BIOMD0000001092,test,empty_constrained,True,7+,chebi+kegg_compound,no_candidates,0
BIOMD0000001092,R_CDPMEK,CLU_BIOMD0000001092,test,empty_constrained,True,5-6,chebi+kegg_compound,no_candidates,0
BIOMD0000001092,R_CEPA,CLU_BIOMD0000001092,test,empty_constrained,True,3-4,chebi+kegg_compound,no_candidates,0
BIOMD0000001092,R_CHORM,CLU_BIOMD0000001092,test,retrievable_top1_success,True,1-2,chebi+kegg_compound,ok,1
BIOMD0000001092,R_CHORS,CLU_BIOMD0000001092,test,retrievable_top1_success,True,3-4,chebi+kegg_compound,ok,1
BIOMD0000001092,R_CS,CLU_BIOMD0000001092,test,empty_constrained,True,5-6,chebi+kegg_compound,no_candidates,0
BIOMD0000001092,R_CTPS2,CLU_BIOMD0000001092,test,empty_constrained,True,7+,chebi+kegg_compound,no_candidates,0
BIOMD0000001092,R_CYSS,CLU_BIOMD0000001092,test,empty_constrained,True,5-6,chebi+kegg_compound,no_candidates,0
BIOMD0000001092,R_CYSTL,CLU_BIOMD0000001092,test,empty_constrained,True,5-6,chebi+kegg_compound,no_candidates,0
BIOMD0000001092,R_CYTD,CLU_BIOMD0000001092,test,empty_constrained,True,5-6,chebi+kegg_compound,no_candidates,0
BIOMD0000001092,R_CYTDK2,CLU_BIOMD0000001092,test,empty_constrained,True,5-6,chebi+kegg_compound,no_candidates,0
BIOMD0000001092,R_CYTK1,CLU_BIOMD0000001092,test,retrievable_top1_success,True,3-4,chebi+kegg_compound,ok,1
BIOMD0000001092,R_CYTK2,CLU_BIOMD0000001092,test,retrievable_top1_success,True,3-4,chebi+kegg_compound,ok,1
BIOMD0000001092,R_DABAAT,CLU_BIOMD0000001092,test,empty_constrained,True,5-6,chebi+kegg_compound,no_candidates,0
BIOMD0000001092,R_DABC,CLU_BIOMD0000001092,test,empty_constrained,True,3-4,chebi+kegg_compound,no_candidates,0
BIOMD0000001092,R_DAPDA,CLU_BIOMD0000001092,test,empty_constrained,True,3-4,chebi+kegg_compound,no_candidates,0
BIOMD0000001092,R_DAPDC,CLU_BIOMD0000001092,test,empty_constrained,True,3-4,chebi+kegg_compound,no_candidates,0
BIOMD0000001092,R_DAPE,CLU_BIOMD0000001092,test,retrievable_top1_success,True,1-2,chebi+kegg_compound,ok,1
BIOMD0000001092,R_DB4PS,CLU_BIOMD0000001092,test,empty_constrained,True,3-4,chebi+kegg_compound,no_candidates,0
BIOMD0000001092,R_DBTS,CLU_BIOMD0000001092,test,empty_constrained,True,7+,chebi+kegg_compound,no_candidates,0
BIOMD0000001092,R_DCMPDA,CLU_BIOMD0000001092,test,empty_constrained,True,5-6,chebi+kegg_compound,no_candidates,0
BIOMD0000001092,R_DCYTD,CLU_BIOMD0000001092,test,empty_constrained,True,5-6,chebi+kegg_compound,no_candidates,0
BIOMD0000001092,R_DDGLK,CLU_BIOMD0000001092,test,empty_constrained,True,5-6,chebi+kegg_compound,no_candidates,0
BIOMD0000001092,R_DDPA,CLU_BIOMD0000001092,test,empty_constrained,True,5-6,chebi+kegg_compound,no_candidates,0
BIOMD0000001092,R_DHAD1,CLU_BIOMD0000001092,test,empty_constrained,True,3-4,chebi+kegg_compound,no_candidates,0
BIOMD0000001092,R_DHAD2,CLU_BIOMD0000001092,test,empty_constrained,True,3-4,chebi+kegg_compound,no_candidates,0
BIOMD0000001092,R_DHFR,CLU_BIOMD0000001092,test,empty_constrained,True,5-6,chebi+kegg_compound,no_candidates,0
BIOMD0000001092,R_DHFS,CLU_BIOMD0000001092,test,empty_constrained,True,7+,chebi+kegg_compound,no_candidates,0
BIOMD0000001092,R_DHORD_NAD,CLU_BIOMD0000001092,test,empty_constrained,True,5-6,chebi+kegg_compound,no_candidates,0
BIOMD0000001092,R_DHORTS,CLU_BIOMD0000001092,test,empty_constrained,True,3-4,chebi+kegg_compound,no_candidates,0
BIOMD0000001092,R_DHQS,CLU_BIOMD0000001092,test,empty_constrained,True,3-4,chebi+kegg_compound,no_candidates,0
BIOMD0000001092,R_DHQTi,CLU_BIOMD0000001092,test,empty_constrained,True,3-4,chebi+kegg_compound,no_candidates,0
BIOMD0000001092,R_DMATT,CLU_BIOMD0000001092,test,retrievable_top1_success,True,3-4,chebi+kegg_compound,ok,1
BIOMD0000001092,R_DNMPPA,CLU_BIOMD0000001092,test,empty_constrained,True,3-4,chebi+kegg_compound,no_candidates,0
BIOMD0000001092,R_DNTPPA,CLU_BIOMD0000001092,test,empty_constrained,True,5-6,chebi+kegg_compound,no_candidates,0
BIOMD0000001092,R_DPCOAK,CLU_BIOMD0000001092,test,empty_constrained,True,5-6,chebi+kegg_compound,no_candidates,0
BIOMD0000001092,R_DPR,CLU_BIOMD0000001092,test,empty_constrained,True,5-6,chebi+kegg_compound,no_candidates,0
BIOMD0000001092,R_DP_octe_9,CLU_BIOMD0000001092,test,empty_constrained,True,3-4,chebi+kegg_compound,no_candidates,0
BIOMD0000001092,R_DRPA,CLU_BIOMD0000001092,test,retrievable_top1_success,True,3-4,chebi+kegg_compound,ok,1
BIOMD0000001092,R_DTMPK,CLU_BIOMD0000001092,test,retrievable_top1_success,True,3-4,chebi+kegg_compound,ok,1
BIOMD0000001092,R_DURIK1,CLU_BIOMD0000001092,test,empty_constrained,True,5-6,chebi+kegg_compound,no_candidates,0
BIOMD0000001092,R_DUTPDP,CLU_BIOMD0000001092,test,empty_constrained,True,5-6,chebi+kegg_compound,no_candidates,0
BIOMD0000001092,R_DXPRIi,CLU_BIOMD0000001092,test,empty_constrained,True,5-6,chebi+kegg_compound,no_candidates,0
BIOMD0000001092,R_DXPS,CLU_BIOMD0000001092,test,empty_constrained,True,5-6,chebi+kegg_compound,no_candidates,0
BIOMD0000001092,R_EDA,CLU_BIOMD0000001092,test,empty_constrained,True,3-4,chebi+kegg_compound,no_candidates,0
BIOMD0000001092,R_EDD,CLU_BIOMD0000001092,test,empty_constrained,True,3-4,chebi+kegg_compound,no_candidates,0
BIOMD0000001092,R_EGMER,CLU_BIOMD0000001092,test,empty_constrained,True,5-6,chebi+kegg_compound,no_candidates,0
BIOMD0000001092,R_ENO,CLU_BIOMD0000001092,test,empty_constrained,True,3-4,chebi+kegg_compound,no_candidates,0
BIOMD0000001092,R_EPMER,CLU_BIOMD0000001092,test,empty_constrained,True,5-6,chebi+kegg_compound,no_candidates,0
BIOMD0000001092,R_FBA,CLU_BIOMD0000001092,test,retrievable_top1_success,True,3-4,chebi+kegg_compound,ok,2
BIOMD0000001092,R_FBA2,CLU_BIOMD0000001092,test,retrievable_top1_success,True,3-4,chebi+kegg_compound,ok,1
BIOMD0000001092,R_FMNAT,CLU_BIOMD0000001092,test,empty_constrained,True,5-6,chebi+kegg_compound,no_candidates,0
BIOMD0000001092,R_FTHFLi,CLU_BIOMD0000001092,test,retrievable_top1_success,True,5-6,chebi+kegg_compound,ok,1
BIOMD0000001092,R_FUM,CLU_BIOMD0000001092,test,empty_constrained,True,3-4,chebi+kegg_compound,no_candidates,0
BIOMD0000001092,R_G3PD1ir,CLU_BIOMD0000001092,test,empty_constrained,True,5-6,chebi+kegg_compound,no_candidates,0
BIOMD0000001092,R_G5SADs,CLU_BIOMD0000001092,test,empty_constrained,True,3-4,chebi+kegg_compound,no_candidates,0
BIOMD0000001092,R_G5SD,CLU_BIOMD0000001092,test,empty_constrained,True,5-6,chebi+kegg_compound,no_candidates,0
BIOMD0000001092,R_G6PDA,CLU_BIOMD0000001092,test,empty_constrained,True,3-4,chebi+kegg_compound,no_candidates,0
BIOMD0000001092,R_G6PDH2r,CLU_BIOMD0000001092,test,empty_constrained,True,5-6,chebi+kegg_compound,no_candidates,0
BIOMD0000001092,R_GALKr,CLU_BIOMD0000001092,test,empty_constrained,True,5-6,chebi+kegg_compound,no_candidates,0
BIOMD0000001092,R_GALT,CLU_BIOMD0000001092,test,empty_constrained,True,5-6,chebi+kegg_compound,no_candidates,0
BIOMD0000001092,R_GALUi,CLU_BIOMD0000001092,test,empty_constrained,True,5-6,chebi+kegg_compound,no_candidates,0
BIOMD0000001092,R_GAPD,CLU_BIOMD0000001092,test,empty_constrained,True,5-6,chebi+kegg_compound,no_candidates,0
BIOMD0000001092,R_GARFT,CLU_BIOMD0000001092,test,empty_constrained,True,5-6,chebi+kegg_compound,no_candidates,0
BIOMD0000001092,R_GDH1,CLU_BIOMD0000001092,test,empty_constrained,True,7+,chebi+kegg_compound,no_candidates,0
BIOMD0000001092,R_GHMT2r,CLU_BIOMD0000001092,test,empty_constrained,True,5-6,chebi+kegg_compound,no_candidates,0
BIOMD0000001092,R_GK1,CLU_BIOMD0000001092,test,retrievable_top1_success,True,3-4,chebi+kegg_compound,ok,1
BIOMD0000001092,R_GLGC,CLU_BIOMD0000001092,test,empty_constrained,True,5-6,chebi+kegg_compound,no_candidates,0
BIOMD0000001092,R_GLNS,CLU_BIOMD0000001092,test,empty_constrained,True,7+,chebi+kegg_compound,no_candidates,0
BIOMD0000001092,R_GLU5K,CLU_BIOMD0000001092,test,retrievable_top1_success,True,3-4,chebi+kegg_compound,ok,1
BIOMD0000001092,R_GLUCYS,CLU_BIOMD0000001092,test,empty_constrained,True,7+,chebi+kegg_compound,no_candidates,0
BIOMD0000001092,R_GLUDxi,CLU_BIOMD0000001092,test,empty_constrained,True,7+,chebi+kegg_compound,no_candidates,0
BIOMD0000001092,R_GLUDy,CLU_BIOMD0000001092,test,empty_constrained,True,7+,chebi+kegg_compound,no_candidates,0
BIOMD0000001092,R_GLUN,CLU_BIOMD0000001092,test,empty_constrained,True,3-4,chebi+kegg_compound,no_candidates,0
BIOMD0000001092,R_GLUPRT,CLU_BIOMD0000001092,test,empty_constrained,True,5-6,chebi+kegg_compound,no_candidates,0
BIOMD0000001092,R_GLUR,CLU_BIOMD0000001092,test,empty_constrained,True,1-2,chebi+kegg_compound,no_candidates,0
BIOMD0000001092,R_GLUSy,CLU_BIOMD0000001092,test,empty_constrained,True,5-6,chebi+kegg_compound,no_candidates,0
BIOMD0000001092,R_GLYCDx,CLU_BIOMD0000001092,test,empty_constrained,True,5-6,chebi+kegg_compound,no_candidates,0
BIOMD0000001092,R_GLYCK2,CLU_BIOMD0000001092,test,empty_constrained,True,5-6,chebi+kegg_compound,no_candidates,0
BIOMD0000001092,R_GLYCL,CLU_BIOMD0000001092,test,empty_constrained,True,7+,chebi+kegg_compound,no_candidates,0
BIOMD0000001092,R_GLYCL_2,CLU_BIOMD0000001092,test,empty_constrained,True,7+,chebi+kegg_compound,no_candidates,0
BIOMD0000001092,R_GLYK,CLU_BIOMD0000001092,test,empty_constrained,True,5-6,chebi+kegg_compound,no_candidates,0
BIOMD0000001092,R_GMPS2,CLU_BIOMD0000001092,test,empty_constrained,True,7+,chebi+kegg_compound,no_candidates,0
BIOMD0000001092,R_GND,CLU_BIOMD0000001092,test,empty_constrained,True,5-6,chebi+kegg_compound,no_candidates,0
BIOMD0000001092,R_GRTT,CLU_BIOMD0000001092,test,empty_constrained,True,3-4,chebi+kegg_compound,no_candidates,0
BIOMD0000001092,R_GTHS,CLU_BIOMD0000001092,test,empty_constrained,True,7+,chebi+kegg_compound,no_candidates,0
BIOMD0000001092,R_GTPCI,CLU_BIOMD0000001092,test,empty_constrained,True,5-6,chebi+kegg_compound,no_candidates,0
BIOMD0000001092,R_GUAPRT,CLU_BIOMD0000001092,test,empty_constrained,True,3-4,chebi+kegg_compound,no_candidates,0
BIOMD0000001092,R_GUI1,CLU_BIOMD0000001092,test,empty_constrained,True,1-2,chebi+kegg_compound,no_candidates,0
BIOMD0000001092,R_Glycogent,CLU_BIOMD0000001092,test,empty_constrained,True,1-2,chebi+kegg_compound,no_candidates,0
BIOMD0000001092,R_HCO3E,CLU_BIOMD0000001092,test,empty_constrained,True,3-4,chebi+kegg_compound,no_candidates,0
BIOMD0000001092,R_HEX1,CLU_BIOMD0000001092,test,empty_constrained,True,5-6,chebi+kegg_compound,no_candidates,0
BIOMD0000001092,R_HEX4,CLU_BIOMD0000001092,test,empty_constrained,True,5-6,chebi+kegg_compound,no_candidates,0
BIOMD0000001092,R_HEX7,CLU_BIOMD0000001092,test,empty_constrained,True,5-6,chebi+kegg_compound,no_candidates,0
BIOMD0000001092,R_HISTD,CLU_BIOMD0000001092,test,empty_constrained,True,5-6,chebi+kegg_compound,no_candidates,0
BIOMD0000001092,R_HISTP,CLU_BIOMD0000001092,test,empty_constrained,True,3-4,chebi+kegg_compound,no_candidates,0
BIOMD0000001092,R_HPYRRx,CLU_BIOMD0000001092,test,empty_constrained,True,5-6,chebi+kegg_compound,no_candidates,0
BIOMD0000001092,R_HSDy,CLU_BIOMD0000001092,test,empty_constrained,True,5-6,chebi+kegg_compound,no_candidates,0
BIOMD0000001092,R_HSERTA,CLU_BIOMD0000001092,test,retrievable_top1_success,True,3-4,chebi+kegg_compound,ok,1
BIOMD0000001092,R_HSK,CLU_BIOMD0000001092,test,empty_constrained,True,5-6,chebi+kegg_compound,no_candidates,0
BIOMD0000001092,R_HSTPT,CLU_BIOMD0000001092,test,empty_constrained,True,3-4,chebi+kegg_compound,no_candidates,0
BIOMD0000001092,R_HXPRT,CLU_BIOMD0000001092,test,empty_constrained,True,3-4,chebi+kegg_compound,no_candidates,0
BIOMD0000001092,R_ICDHyr,CLU_BIOMD0000001092,test,empty_constrained,True,5-6,chebi+kegg_compound,no_candidates,0
BIOMD0000001092,R_IG3PS,CLU_BIOMD0000001092,test,empty_constrained,True,5-6,chebi+kegg_compound,no_candidates,0
BIOMD0000001092,R_IGPDH,CLU_BIOMD0000001092,test,empty_constrained,True,3-4,chebi+kegg_compound,no_candidates,0
BIOMD0000001092,R_IGPS,CLU_BIOMD0000001092,test,empty_constrained,True,5-6,chebi+kegg_compound,no_candidates,0
BIOMD0000001092,R_ILETA,CLU_BIOMD0000001092,test,retrievable_top1_success,True,3-4,chebi+kegg_compound,ok,1
BIOMD0000001092,R_IMPC,CLU_BIOMD0000001092,test,empty_constrained,True,3-4,chebi+kegg_compound,no_candidates,0
BIOMD0000001092,R_IMPD,CLU_BIOMD0000001092,test,empty_constrained,True,5-6,chebi+kegg_compound,no_candidates,0
BIOMD0000001092,R_IPDDI,CLU_BIOMD0000001092,test,retrievable_top1_success,True,1-2,chebi+kegg_compound,ok,1
BIOMD0000001092,R_IPMD,CLU_BIOMD0000001092,test,empty_constrained,True,5-6,chebi+kegg_compound,no_candidates,0
BIOMD0000001092,R_IPPMIa,CLU_BIOMD0000001092,test,empty_constrained,True,3-4,chebi+kegg_compound,no_candidates,0
BIOMD0000001092,R_IPPMIb,CLU_BIOMD0000001092,test,empty_constrained,True,3-4,chebi+kegg_compound,no_candidates,0
BIOMD0000001092,R_IPPS,CLU_BIOMD0000001092,test,empty_constrained,True,5-6,chebi+kegg_compound,no_candidates,0
BIOMD0000001092,R_KARA1,CLU_BIOMD0000001092,test,empty_constrained,True,5-6,chebi+kegg_compound,no_candidates,0
BIOMD0000001092,R_KAS14,CLU_BIOMD0000001092,test,retrievable_top1_success,True,3-4,chebi+kegg_compound,ok,1
BIOMD0000001092,R_LACZ,CLU_BIOMD0000001092,test,empty_constrained,True,3-4,chebi+kegg_compound,no_candidates,0
BIOMD0000001092,R_LCADi,CLU_BIOMD0000001092,test,empty_constrained,True,5-6,chebi+kegg_compound,no_candidates,0
BIOMD0000001092,R_LDH_L,CLU_BIOMD0000001092,test,empty_constrained,True,5-6,chebi+kegg_compound,no_candidates,0
BIOMD0000001092,R_LEUTA,CLU_BIOMD0000001092,test,retrievable_top1_success,True,3-4,chebi+kegg_compound,ok,1
BIOMD0000001092,R_LYSDC,CLU_BIOMD0000001092,test,empty_constrained,True,3-4,chebi+kegg_compound,no_candidates,0
BIOMD0000001092,R_MALT,CLU_BIOMD0000001092,test,empty_constrained,True,3-4,chebi+kegg_compound,no_candidates,0
BIOMD0000001092,R_MAN6PI,CLU_BIOMD0000001092,test,retrievable_top1_success,True,1-2,chebi+kegg_compound,ok,2
BIOMD0000001092,R_MANAO,CLU_BIOMD0000001092,test,empty_constrained,True,5-6,chebi+kegg_compound,no_candidates,0
BIOMD0000001092,R_MCOATA,CLU_BIOMD0000001092,test,retrievable_top1_success,True,3-4,chebi+kegg_compound,ok,1
BIOMD0000001092,R_MDH,CLU_BIOMD0000001092,test,empty_constrained,True,5-6,chebi+kegg_compound,no_candidates,0
BIOMD0000001092,R_ME1,CLU_BIOMD0000001092,test,empty_constrained,True,5-6,chebi+kegg_compound,no_candidates,0
BIOMD0000001092,R_MECDPS,CLU_BIOMD0000001092,test,retrievable_top1_success,True,3-4,chebi+kegg_compound,ok,1
BIOMD0000001092,R_MEPCT,CLU_BIOMD0000001092,test,empty_constrained,True,5-6,chebi+kegg_compound,no_candidates,0
BIOMD0000001092,R_METAT,CLU_BIOMD0000001092,test,empty_constrained,True,5-6,chebi+kegg_compound,no_candidates,0
BIOMD0000001092,R_METB1,CLU_BIOMD0000001092,test,empty_constrained,True,5-6,chebi+kegg_compound,no_candidates,0
BIOMD0000001092,R_METS,CLU_BIOMD0000001092,test,empty_constrained,True,5-6,chebi+kegg_compound,no_candidates,0
BIOMD0000001092,R_MNLDH2,CLU_BIOMD0000001092,test,empty_constrained,True,5-6,chebi+kegg_compound,no_candidates,0
BIOMD0000001092,R_MNLDHr,CLU_BIOMD0000001092,test,empty_constrained,True,5-6,chebi+kegg_compound,no_candidates,0
BIOMD0000001092,R_MNNH,CLU_BIOMD0000001092,test,empty_constrained,True,3-4,chebi+kegg_compound,no_candidates,0
BIOMD0000001092,R_MOHMT,CLU_BIOMD0000001092,test,empty_constrained,True,5-6,chebi+kegg_compound,no_candidates,0
BIOMD0000001092,R_MTHFC,CLU_BIOMD0000001092,test,empty_constrained,True,3-4,chebi+kegg_compound,no_candidates,0
BIOMD0000001092,R_MTHFD,CLU_BIOMD0000001092,test,empty_constrained,True,3-4,chebi+kegg_compound,no_candidates,0
BIOMD0000001092,R_MTHFR2,CLU_BIOMD0000001092,test,empty_constrained,True,5-6,chebi+kegg_compound,no_candidates,0
BIOMD0000001092,R_NADK,CLU_BIOMD0000001092,test,empty_constrained,True,5-6,chebi+kegg_compound,no_candidates,0
BIOMD0000001092,R_NADS1,CLU_BIOMD0000001092,test,empty_constrained,True,7+,chebi+kegg_compound,no_candidates,0
BIOMD0000001092,R_NAMNPP,CLU_BIOMD0000001092,test,empty_constrained,True,7+,chebi+kegg_compound,no_candidates,0
BIOMD0000001092,R_NDPK1,CLU_BIOMD0000001092,test,retrievable_top1_success,True,3-4,chebi+kegg_compound,ok,1
BIOMD0000001092,R_NDPK2,CLU_BIOMD0000001092,test,retrievable_top1_success,True,3-4,chebi+kegg_compound,ok,1
BIOMD0000001092,R_NDPK3,CLU_BIOMD0000001092,test,retrievable_top1_success,True,3-4,chebi+kegg_compound,ok,1
BIOMD0000001092,R_NDPK4,CLU_BIOMD0000001092,test,retrievable_top1_success,True,3-4,chebi+kegg_compound,ok,1
BIOMD0000001092,R_NDPK5,CLU_BIOMD0000001092,test,retrievable_top1_success,True,3-4,chebi+kegg_compound,ok,1
BIOMD0000001092,R_NDPK7,CLU_BIOMD0000001092,test,retrievable_top1_success,True,3-4,chebi+kegg_compound,ok,1
BIOMD0000001092,R_NDPK8,CLU_BIOMD0000001092,test,retrievable_top1_success,True,3-4,chebi+kegg_compound,ok,1
BIOMD0000001092,R_NMNAT,CLU_BIOMD0000001092,test,empty_constrained,True,5-6,chebi+kegg_compound,no_candidates,0
BIOMD0000001092,R_NMNHYD,CLU_BIOMD0000001092,test,empty_constrained,True,3-4,chebi+kegg_compound,no_candidates,0
BIOMD0000001092,R_NNAM,CLU_BIOMD0000001092,test,empty_constrained,True,3-4,chebi+kegg_compound,no_candidates,0
BIOMD0000001092,R_NNATr,CLU_BIOMD0000001092,test,empty_constrained,True,5-6,chebi+kegg_compound,no_candidates,0
BIOMD0000001092,R_NNDPR,CLU_BIOMD0000001092,test,empty_constrained,True,5-6,chebi+kegg_compound,no_candidates,0
BIOMD0000001092,R_NNOR,CLU_BIOMD0000001092,test,empty_constrained,True,3-4,chebi+kegg_compound,no_candidates,0
BIOMD0000001092,R_NP1,CLU_BIOMD0000001092,test,empty_constrained,True,5-6,chebi+kegg_compound,no_candidates,0
BIOMD0000001092,R_NT5C,CLU_BIOMD0000001092,test,empty_constrained,True,3-4,chebi+kegg_compound,no_candidates,0
BIOMD0000001092,R_NTD1,CLU_BIOMD0000001092,test,empty_constrained,True,3-4,chebi+kegg_compound,no_candidates,0
BIOMD0000001092,R_NTD10,CLU_BIOMD0000001092,test,empty_constrained,True,3-4,chebi+kegg_compound,no_candidates,0
BIOMD0000001092,R_NTD11,CLU_BIOMD0000001092,test,empty_constrained,True,3-4,chebi+kegg_compound,no_candidates,0
BIOMD0000001092,R_NTD2,CLU_BIOMD0000001092,test,empty_constrained,True,3-4,chebi+kegg_compound,no_candidates,0
BIOMD0000001092,R_NTD3,CLU_BIOMD0000001092,test,empty_constrained,True,3-4,chebi+kegg_compound,no_candidates,0
BIOMD0000001092,R_NTD4,CLU_BIOMD0000001092,test,empty_constrained,True,3-4,chebi+kegg_compound,no_candidates,0
BIOMD0000001092,R_NTD5,CLU_BIOMD0000001092,test,empty_constrained,True,3-4,chebi+kegg_compound,no_candidates,0
BIOMD0000001092,R_NTD6,CLU_BIOMD0000001092,test,empty_constrained,True,3-4,chebi+kegg_compound,no_candidates,0
BIOMD0000001092,R_NTD7,CLU_BIOMD0000001092,test,empty_constrained,True,3-4,chebi+kegg_compound,no_candidates,0
BIOMD0000001092,R_NTD8,CLU_BIOMD0000001092,test,empty_constrained,True,3-4,chebi+kegg_compound,no_candidates,0
BIOMD0000001092,R_NTD9,CLU_BIOMD0000001092,test,empty_constrained,True,3-4,chebi+kegg_compound,no_candidates,0
BIOMD0000001092,R_NTPP1,CLU_BIOMD0000001092,test,empty_constrained,True,5-6,chebi+kegg_compound,no_candidates,0
BIOMD0000001092,R_NTPP2,CLU_BIOMD0000001092,test,empty_constrained,True,5-6,chebi+kegg_compound,no_candidates,0
BIOMD0000001092,R_NTPP3,CLU_BIOMD0000001092,test,empty_constrained,True,5-6,chebi+kegg_compound,no_candidates,0
BIOMD0000001092,R_NTPP4,CLU_BIOMD0000001092,test,empty_constrained,True,5-6,chebi+kegg_compound,no_candidates,0
BIOMD0000001092,R_NTPP6,CLU_BIOMD0000001092,test,empty_constrained,True,5-6,chebi+kegg_compound,no_candidates,0
BIOMD0000001092,R_NTPP7,CLU_BIOMD0000001092,test,empty_constrained,True,5-6,chebi+kegg_compound,no_candidates,0
BIOMD0000001092,R_NTPP8,CLU_BIOMD0000001092,test,empty_constrained,True,5-6,chebi+kegg_compound,no_candidates,0
BIOMD0000001092,R_OAADC,CLU_BIOMD0000001092,test,empty_constrained,True,3-4,chebi+kegg_compound,no_candidates,0
BIOMD0000001092,R_OCBT,CLU_BIOMD0000001092,test,empty_constrained,True,5-6,chebi+kegg_compound,no_candidates,0
BIOMD0000001092,R_OGMES,CLU_BIOMD0000001092,test,empty_constrained,True,5-6,chebi+kegg_compound,no_candidates,0
BIOMD0000001092,R_OMCDC,CLU_BIOMD0000001092,test,empty_constrained,True,3-4,chebi+kegg_compound,no_candidates,0
BIOMD0000001092,R_OMPDC,CLU_BIOMD0000001092,test,empty_constrained,True,3-4,chebi+kegg_compound,no_candidates,0
BIOMD0000001092,R_ORNDC,CLU_BIOMD0000001092,test,empty_constrained,True,3-4,chebi+kegg_compound,no_candidates,0
BIOMD0000001092,R_ORNTA,CLU_BIOMD0000001092,test,retrievable_top1_success,True,3-4,chebi+kegg_compound,ok,1
BIOMD0000001092,R_ORNTAC,CLU_BIOMD0000001092,test,retrievable_top1_success,True,3-4,chebi+kegg_compound,ok,1
BIOMD0000001092,R_ORPT,CLU_BIOMD0000001092,test,retrievable_top1_success,True,3-4,chebi+kegg_compound,ok,1
BIOMD0000001092,R_OXADC,CLU_BIOMD0000001092,test,empty_constrained,True,3-4,chebi+kegg_compound,no_candidates,0
BIOMD0000001092,R_P5CR,CLU_BIOMD0000001092,test,empty_constrained,True,5-6,chebi+kegg_compound,no_candidates,0
BIOMD0000001092,R_PANTS,CLU_BIOMD0000001092,test,empty_constrained,True,7+,chebi+kegg_compound,no_candidates,0
BIOMD0000001092,R_PAPSR,CLU_BIOMD0000001092,test,empty_constrained,True,5-6,chebi+kegg_compound,no_candidates,0
BIOMD0000001092,R_PC,CLU_BIOMD0000001092,test,empty_constrained,True,7+,chebi+kegg_compound,no_candidates,0
BIOMD0000001092,R_PGAMT,CLU_BIOMD0000001092,test,empty_constrained,True,1-2,chebi+kegg_compound,no_candidates,0
BIOMD0000001092,R_PGK,CLU_BIOMD0000001092,test,retrievable_top1_success,True,3-4,chebi+kegg_compound,ok,1
BIOMD0000001092,R_PGL,CLU_BIOMD0000001092,test,empty_constrained,True,3-4,chebi+kegg_compound,no_candidates,0
BIOMD0000001092,R_PGM,CLU_BIOMD0000001092,test,retrievable_top1_success,True,1-2,chebi+kegg_compound,ok,1
BIOMD0000001092,R_PGMT,CLU_BIOMD0000001092,test,empty_constrained,True,1-2,chebi+kegg_compound,no_candidates,0
BIOMD0000001092,R_PHETA1,CLU_BIOMD0000001092,test,retrievable_top1_success,True,3-4,chebi+kegg_compound,ok,1
BIOMD0000001092,R_PLS_RQ7,CLU_BIOMD0000001092,test,empty_constrained,True,1-2,chebi+kegg_compound,no_candidates,0
BIOMD0000001092,R_PMDPHT,CLU_BIOMD0000001092,test,empty_constrained,True,3-4,chebi+kegg_compound,no_candidates,0
BIOMD0000001092,R_PNP,CLU_BIOMD0000001092,test,empty_constrained,True,5-6,chebi+kegg_compound,no_candidates,0
BIOMD0000001092,R_PNTK,CLU_BIOMD0000001092,test,empty_constrained,True,5-6,chebi+kegg_compound,no_candidates,0
BIOMD0000001092,R_PPA,CLU_BIOMD0000001092,test,empty_constrained,True,3-4,chebi+kegg_compound,no_candidates,0
BIOMD0000001092,R_PPCDC,CLU_BIOMD0000001092,test,empty_constrained,True,3-4,chebi+kegg_compound,no_candidates,0
BIOMD0000001092,R_PPDK,CLU_BIOMD0000001092,test,empty_constrained,True,7+,chebi+kegg_compound,no_candidates,0
BIOMD0000001092,R_PPM2,CLU_BIOMD0000001092,test,retrievable_top1_success,True,1-2,chebi+kegg_compound,ok,1
BIOMD0000001092,R_PPNCL2,CLU_BIOMD0000001092,test,empty_constrained,True,7+,chebi+kegg_compound,no_candidates,0
BIOMD0000001092,R_PPND,CLU_BIOMD0000001092,test,empty_constrained,True,5-6,chebi+kegg_compound,no_candidates,0
BIOMD0000001092,R_PPNDH,CLU_BIOMD0000001092,test,empty_constrained,True,5-6,chebi+kegg_compound,no_candidates,0
BIOMD0000001092,R_PRAGSr,CLU_BIOMD0000001092,test,empty_constrained,True,7+,chebi+kegg_compound,no_candidates,0
BIOMD0000001092,R_PRAIi,CLU_BIOMD0000001092,test,empty_constrained,True,1-2,chebi+kegg_compound,no_candidates,0
BIOMD0000001092,R_PRAMPC,CLU_BIOMD0000001092,test,empty_constrained,True,3-4,chebi+kegg_compound,no_candidates,0
BIOMD0000001092,R_PRASCSi,CLU_BIOMD0000001092,test,empty_constrained,True,7+,chebi+kegg_compound,no_candidates,0
BIOMD0000001092,R_PRATPP,CLU_BIOMD0000001092,test,empty_constrained,True,5-6,chebi+kegg_compound,no_candidates,0
BIOMD0000001092,R_PRMICI,CLU_BIOMD0000001092,test,retrievable_top1_success,True,1-2,chebi+kegg_compound,ok,1
BIOMD0000001092,R_PSCVT,CLU_BIOMD0000001092,test,retrievable_top1_success,True,3-4,chebi+kegg_compound,ok,1
BIOMD0000001092,R_PTAr,CLU_BIOMD0000001092,test,retrievable_top1_success,True,3-4,chebi+kegg_compound,ok,1
BIOMD0000001092,R_PTPATi,CLU_BIOMD0000001092,test,empty_constrained,True,5-6,chebi+kegg_compound,no_candidates,0
BIOMD0000001092,R_PUNP1,CLU_BIOMD0000001092,test,retrievable_top1_success,True,3-4,chebi+kegg_compound,ok,1
BIOMD0000001092,R_PUNP2,CLU_BIOMD0000001092,test,retrievable_top1_success,True,3-4,chebi+kegg_compound,ok,1
BIOMD0000001092,R_PUNP3,CLU_BIOMD0000001092,test,retrievable_top1_success,True,3-4,chebi+kegg_compound,ok,1
BIOMD0000001092,R_PUNP4,CLU_BIOMD0000001092,test,retrievable_top1_success,True,3-4,chebi+kegg_compound,ok,1
BIOMD0000001092,R_PUNP5,CLU_BIOMD0000001092,test,retrievable_top1_success,True,3-4,chebi+kegg_compound,ok,1
BIOMD0000001092,R_PYK,CLU_BIOMD0000001092,test,empty_constrained,True,5-6,chebi+kegg_compound,no_candidates,0
BIOMD0000001092,R_PYNP1,CLU_BIOMD0000001092,test,empty_constrained,True,3-4,chebi+kegg_compound,no_candidates,0
BIOMD0000001092,R_QULNS,CLU_BIOMD0000001092,test,empty_constrained,True,5-6,chebi+kegg_compound,no_candidates,0
BIOMD0000001092,R_RBFK,CLU_BIOMD0000001092,test,empty_constrained,True,5-6,chebi+kegg_compound,no_candidates,0
BIOMD0000001092,R_RBFSa,CLU_BIOMD0000001092,test,empty_constrained,True,5-6,chebi+kegg_compound,no_candidates,0
BIOMD0000001092,R_RBFSb,CLU_BIOMD0000001092,test,retrievable_top1_success,True,3-4,chebi+kegg_compound,ok,1
BIOMD0000001092,R_RBK_L1,CLU_BIOMD0000001092,test,empty_constrained,True,5-6,chebi+kegg_compound,no_candidates,0
BIOMD0000001092,R_RBP4E,CLU_BIOMD0000001092,test,empty_constrained,True,1-2,chebi+kegg_compound,no_candidates,0
BIOMD0000001092,R_RMI,CLU_BIOMD0000001092,test,empty_constrained,True,1-2,chebi+kegg_compound,no_candidates,0
BIOMD0000001092,R_RMK,CLU_BIOMD0000001092,test,empty_constrained,True,5-6,chebi+kegg_compound,no_candidates,0
BIOMD0000001092,R_RMPA,CLU_BIOMD0000001092,test,retrievable_top1_success,True,3-4,chebi+kegg_compound,ok,1
BIOMD0000001092,R_RNDR1,CLU_BIOMD0000001092,test,empty_constrained,True,5-6,chebi+kegg_compound,no_candidates,0
BIOMD0000001092,R_RNDR2,CLU_BIOMD0000001092,test,empty_constrained,True,5-6,chebi+kegg_compound,no_candidates,0
BIOMD0000001092,R_RNDR3,CLU_BIOMD0000001092,test,empty_constrained,True,5-6,chebi+kegg_compound,no_candidates,0
BIOMD0000001092,R_RNDR4,CLU_BIOMD0000001092,test,empty_constrained,True,5-6,chebi+kegg_compound,no_candidates,0
BIOMD0000001092,R_RNTR1,CLU_BIOMD0000001092,test,empty_constrained,True,5-6,chebi+kegg_compound,no_candidates,0
BIOMD0000001092,R_RNTR2,CLU_BIOMD0000001092,test,empty_constrained,True,5-6,chebi+kegg_compound,no_candidates,0
BIOMD0000001092,R_RNTR3,CLU_BIOMD0000001092,test,empty_constrained,True,5-6,chebi+kegg_compound,no_candidates,0
BIOMD0000001092,R_RNTR4,CLU_BIOMD0000001092,test,empty_constrained,True,5-6,chebi+kegg_compound,no_candidates,0
BIOMD0000001092,R_RPE,CLU_BIOMD0000001092,test,empty_constrained,True,1-2,chebi+kegg_compound,no_candidates,0
BIOMD0000001092,R_SADT,CLU_BIOMD0000001092,test,empty_constrained,True,5-6,chebi+kegg_compound,no_candidates,0
BIOMD0000001092,R_SERAT,CLU_BIOMD0000001092,test,retrievable_top1_success,True,3-4,chebi+kegg_compound,ok,1
BIOMD0000001092,R_SERD_L,CLU_BIOMD0000001092,test,empty_constrained,True,3-4,chebi+kegg_compound,no_candidates,0
BIOMD0000001092,R_SHK3Dr,CLU_BIOMD0000001092,test,empty_constrained,True,5-6,chebi+kegg_compound,no_candidates,0
BIOMD0000001092,R_SHKK,CLU_BIOMD0000001092,test,empty_constrained,True,5-6,chebi+kegg_compound,no_candidates,0
BIOMD0000001092,R_SHSL1,CLU_BIOMD0000001092,test,empty_constrained,True,5-6,chebi+kegg_compound,no_candidates,0
BIOMD0000001092,R_SHSL2r,CLU_BIOMD0000001092,test,empty_constrained,True,5-6,chebi+kegg_compound,no_candidates,0
BIOMD0000001092,R_SHSL4r,CLU_BIOMD0000001092,test,empty_constrained,True,5-6,chebi+kegg_compound,no_candidates,0
BIOMD0000001092,R_SPMS,CLU_BIOMD0000001092,test,empty_constrained,True,5-6,chebi+kegg_compound,no_candidates,0
BIOMD0000001092,R_SPRMS,CLU_BIOMD0000001092,test,empty_constrained,True,5-6,chebi+kegg_compound,no_candidates,0
BIOMD0000001092,R_SPTc,CLU_BIOMD0000001092,test,retrievable_top1_success,True,3-4,chebi+kegg_compound,ok,1
BIOMD0000001092,R_SUCR,CLU_BIOMD0000001092,test,empty_constrained,True,3-4,chebi+kegg_compound,no_candidates,0
BIOMD0000001092,R_SULR,CLU_BIOMD0000001092,test,empty_constrained,True,5-6,chebi+kegg_compound,no_candidates,0
BIOMD0000001092,R_TALA,CLU_BIOMD0000001092,test,retrievable_top1_success,True,3-4,chebi+kegg_compound,ok,2
BIOMD0000001092,R_THPAT,CLU_BIOMD0000001092,test,empty_constrained,True,5-6,chebi+kegg_compound,no_candidates,0
BIOMD0000001092,R_THRA,CLU_BIOMD0000001092,test,retrievable_top1_success,True,3-4,chebi+kegg_compound,ok,1
BIOMD0000001092,R_THRS,CLU_BIOMD0000001092,test,empty_constrained,True,3-4,chebi+kegg_compound,no_candidates,0
BIOMD0000001092,R_TKT2,CLU_BIOMD0000001092,test,empty_constrained,True,3-4,chebi+kegg_compound,no_candidates,0
BIOMD0000001092,R_TMDK1,CLU_BIOMD0000001092,test,empty_constrained,True,5-6,chebi+kegg_compound,no_candidates,0
BIOMD0000001092,R_TMDS3,CLU_BIOMD0000001092,test,empty_constrained,True,7+,chebi+kegg_compound,no_candidates,0
BIOMD0000001092,R_TMPK,CLU_BIOMD0000001092,test,empty_constrained,True,3-4,chebi+kegg_compound,no_candidates,0
BIOMD0000001092,R_TMPPP,CLU_BIOMD0000001092,test,empty_constrained,True,5-6,chebi+kegg_compound,no_candidates,0
BIOMD0000001092,R_TPI,CLU_BIOMD0000001092,test,empty_constrained,True,1-2,chebi+kegg_compound,no_candidates,0
BIOMD0000001092,R_TRDR,CLU_BIOMD0000001092,test,empty_constrained,True,5-6,chebi+kegg_compound,no_candidates,0
BIOMD0000001092,R_TREH,CLU_BIOMD0000001092,test,empty_constrained,True,3-4,chebi+kegg_compound,no_candidates,0
BIOMD0000001092,R_TRPAS2,CLU_BIOMD0000001092,test,empty_constrained,True,5-6,chebi+kegg_compound,no_candidates,0
BIOMD0000001092,R_TRPS1,CLU_BIOMD0000001092,test,empty_constrained,True,5-6,chebi+kegg_compound,no_candidates,0
BIOMD0000001092,R_TRPS2,CLU_BIOMD0000001092,test,empty_constrained,True,3-4,chebi+kegg_compound,no_candidates,0
BIOMD0000001092,R_TRPS3,CLU_BIOMD0000001092,test,retrievable_top1_success,True,3-4,chebi+kegg_compound,ok,1
BIOMD0000001092,R_TRQ7_GL2,CLU_BIOMD0000001092,test,empty_constrained,True,7+,chebi+kegg_compound,no_candidates,0
BIOMD0000001092,R_TYRTA,CLU_BIOMD0000001092,test,retrievable_top1_success,True,3-4,chebi+kegg_compound,ok,1
BIOMD0000001092,R_UAAGLS2,CLU_BIOMD0000001092,test,empty_constrained,True,7+,chebi+kegg_compound,no_candidates,0
BIOMD0000001092,R_UAGCVT,CLU_BIOMD0000001092,test,retrievable_top1_success,True,3-4,chebi+kegg_compound,ok,1
BIOMD0000001092,R_UAGPT2,CLU_BIOMD0000001092,test,empty_constrained,True,5-6,chebi+kegg_compound,no_candidates,0
BIOMD0000001092,R_UAMAGS,CLU_BIOMD0000001092,test,empty_constrained,True,7+,chebi+kegg_compound,no_candidates,0
BIOMD0000001092,R_UAMAS,CLU_BIOMD0000001092,test,empty_constrained,True,7+,chebi+kegg_compound,no_candidates,0
BIOMD0000001092,R_UAPGR,CLU_BIOMD0000001092,test,empty_constrained,True,5-6,chebi+kegg_compound,no_candidates,0
BIOMD0000001092,R_UDPG4E,CLU_BIOMD0000001092,test,empty_constrained,True,1-2,chebi+kegg_compound,no_candidates,0
BIOMD0000001092,R_UDPGD,CLU_BIOMD0000001092,test,empty_constrained,True,5-6,chebi+kegg_compound,no_candidates,0
BIOMD0000001092,R_UMPK,CLU_BIOMD0000001092,test,retrievable_top1_success,True,3-4,chebi+kegg_compound,ok,1
BIOMD0000001092,R_UPPRT,CLU_BIOMD0000001092,test,empty_constrained,True,3-4,chebi+kegg_compound,no_candidates,0
BIOMD0000001092,R_URIDK2r,CLU_BIOMD0000001092,test,retrievable_top1_success,True,3-4,chebi+kegg_compound,ok,1
BIOMD0000001092,R_URIK1,CLU_BIOMD0000001092,test,empty_constrained,True,5-6,chebi+kegg_compound,no_candidates,0
BIOMD0000001092,R_URIK2,CLU_BIOMD0000001092,test,empty_constrained,True,5-6,chebi+kegg_compound,no_candidates,0
BIOMD0000001092,R_VALTA,CLU_BIOMD0000001092,test,retrievable_top1_success,True,3-4,chebi+kegg_compound,ok,1
BIOMD0000001092,R_XPPT,CLU_BIOMD0000001092,test,empty_constrained,True,3-4,chebi+kegg_compound,no_candidates,0
BIOMD0000001092,R_XYLI1,CLU_BIOMD0000001092,test,retrievable_top1_success,True,1-2,chebi+kegg_compound,ok,1
BIOMD0000001092,R_XYLI2,CLU_BIOMD0000001092,test,empty_constrained,True,1-2,chebi+kegg_compound,no_candidates,0
BIOMD0000001092,R_XYLK,CLU_BIOMD0000001092,test,empty_constrained,True,5-6,chebi+kegg_compound,no_candidates,0
BIOMD0000000013,E1,CLU_BIOMD0000000013,train,retrievable_top1_success,False,3-4,chebi+kegg_compound,ok,1
BIOMD0000000013,E10,CLU_BIOMD0000000013,train,retrievable_top1_success,False,3-4,chebi+kegg_compound,ok,1
BIOMD0000000013,E11,CLU_BIOMD0000000013,train,retrievable_top1_success,False,1-2,chebi+kegg_compound,ok,1
BIOMD0000000013,E12,CLU_BIOMD0000000013,train,empty_constrained,False,1-2,chebi+kegg_compound,no_candidates,0
BIOMD0000000013,E13,CLU_BIOMD0000000013,train,nonempty_answer_absent,False,3-4,chebi+kegg_compound,ok,1
BIOMD0000000013,E14,CLU_BIOMD0000000013,train,empty_constrained,False,1-2,chebi+kegg_compound,no_candidates,0
BIOMD0000000013,E15,CLU_BIOMD0000000013,train,empty_constrained,False,1-2,chebi+kegg_compound,no_candidates,0
BIOMD0000000013,E16,CLU_BIOMD0000000013,train,nonempty_answer_absent,False,5-6,chebi+kegg_compound,ok,155
BIOMD0000000013,E17,CLU_BIOMD0000000013,train,retrievable_top1_success,False,3-4,chebi+kegg_compound,ok,1
BIOMD0000000013,E2,CLU_BIOMD0000000013,train,retrievable_top1_success,False,3-4,chebi+kegg_compound,ok,1
BIOMD0000000013,E3,CLU_BIOMD0000000013,train,nonempty_answer_absent,False,5-6,chebi+kegg_compound,ok,1
BIOMD0000000013,E4,CLU_BIOMD0000000013,train,retrievable_top1_success,False,1-2,chebi+kegg_compound,ok,2
BIOMD0000000013,E5,CLU_BIOMD0000000013,train,empty_constrained,False,3-4,chebi+kegg_compound,no_candidates,0
BIOMD0000000013,E6,CLU_BIOMD0000000013,train,retrievable_top1_success,False,3-4,chebi+kegg_compound,ok,2
BIOMD0000000013,E7,CLU_BIOMD0000000013,train,retrievable_rerank_failure,False,3-4,chebi+kegg_compound,ok,2
BIOMD0000000013,E8,CLU_BIOMD0000000013,train,empty_constrained,False,3-4,chebi+kegg_compound,no_candidates,0
BIOMD0000000013,E9,CLU_BIOMD0000000013,train,retrievable_top1_success,False,3-4,chebi+kegg_compound,ok,1
BIOMD0000000015,ada,CLU_BIOMD0000000015,train,empty_constrained,False,1-2,chebi+kegg_compound,no_candidates,0
BIOMD0000000015,adna,CLU_BIOMD0000000015,train,empty_constrained,False,1-2,chebi+kegg_compound,no_candidates,0
BIOMD0000000015,adrnr,CLU_BIOMD0000000015,train,empty_constrained,False,1-2,chebi+kegg_compound,no_candidates,0
BIOMD0000000015,ampd,CLU_BIOMD0000000015,train,empty_constrained,False,1-2,chebi+kegg_compound,no_candidates,0
BIOMD0000000015,aprt,CLU_BIOMD0000000015,train,empty_constrained,False,3-4,chebi+kegg_compound,no_candidates,0
BIOMD0000000015,arna,CLU_BIOMD0000000015,train,empty_constrained,False,1-2,chebi+kegg_compound,no_candidates,0
BIOMD0000000015,asli,CLU_BIOMD0000000015,train,empty_constrained,False,1-2,chebi+kegg_compound,no_candidates,0
BIOMD0000000015,asuc,CLU_BIOMD0000000015,train,retrievable_top1_success,False,1-2,chebi+kegg_compound,ok,1
BIOMD0000000015,dada,CLU_BIOMD0000000015,train,empty_constrained,False,1-2,chebi+kegg_compound,no_candidates,0
BIOMD0000000015,den,CLU_BIOMD0000000015,train,empty_constrained,False,1-2,chebi+kegg_compound,no_candidates,0
BIOMD0000000015,dgnuc,CLU_BIOMD0000000015,train,empty_constrained,False,1-2,chebi+kegg_compound,no_candidates,0
BIOMD0000000015,gdna,CLU_BIOMD0000000015,train,empty_constrained,False,1-2,chebi+kegg_compound,no_candidates,0
BIOMD0000000015,gdrnr,CLU_BIOMD0000000015,train,empty_constrained,False,1-2,chebi+kegg_compound,no_candidates,0
BIOMD0000000015,gmpr,CLU_BIOMD0000000015,train,empty_constrained,False,1-2,chebi+kegg_compound,no_candidates,0
BIOMD0000000015,gmps,CLU_BIOMD0000000015,train,empty_constrained,False,1-2,chebi+kegg_compound,no_candidates,0
BIOMD0000000015,gnuc,CLU_BIOMD0000000015,train,empty_constrained,False,1-2,chebi+kegg_compound,no_candidates,0
BIOMD0000000015,gprt,CLU_BIOMD0000000015,train,empty_constrained,False,3-4,chebi+kegg_compound,no_candidates,0
BIOMD0000000015,grna,CLU_BIOMD0000000015,train,empty_constrained,False,1-2,chebi+kegg_compound,no_candidates,0
BIOMD0000000015,gua,CLU_BIOMD0000000015,train,empty_constrained,False,1-2,chebi+kegg_compound,no_candidates,0
BIOMD0000000015,hprt,CLU_BIOMD0000000015,train,empty_constrained,False,3-4,chebi+kegg_compound,no_candidates,0
BIOMD0000000015,hxd,CLU_BIOMD0000000015,train,empty_constrained,False,1-2,chebi+kegg_compound,no_candidates,0
BIOMD0000000015,impd,CLU_BIOMD0000000015,train,retrievable_top1_success,False,1-2,chebi+kegg_compound,ok,1
BIOMD0000000015,inuc,CLU_BIOMD0000000015,train,empty_constrained,False,1-2,chebi+kegg_compound,no_candidates,0
BIOMD0000000015,mat,CLU_BIOMD0000000015,train,empty_constrained,False,1-2,chebi+kegg_compound,no_candidates,0
BIOMD0000000015,polyam,CLU_BIOMD0000000015,train,nonempty_answer_absent,False,1-2,chebi+kegg_compound,ok,1
BIOMD0000000015,prpps,CLU_BIOMD0000000015,train,retrievable_top1_success,False,1-2,chebi+kegg_compound,ok,1
BIOMD0000000015,xd,CLU_BIOMD0000000015,train,retrievable_rerank_failure,False,1-2,chebi+kegg_compound,ok,3
BIOMD0000000018,ATIC12,CLU_BIOMD0000000018,train,empty_constrained,False,3-4,chebi+kegg_compound,no_candidates,0
BIOMD0000000018,ATIC7,CLU_BIOMD0000000018,train,retrievable_top1_success,False,3-4,chebi+kegg_compound,ok,1
BIOMD0000000018,DHFReductase,CLU_BIOMD0000000018,train,empty_constrained,False,1-2,chebi+kegg_compound,no_candidates,0
BIOMD0000000018,FFH2syn,CLU_BIOMD0000000018,train,retrievable_top1_success,False,1-2,chebi+kegg_compound,ok,1
BIOMD0000000018,GARFT,CLU_BIOMD0000000018,train,retrievable_top1_success,False,3-4,chebi+kegg_compound,ok,1
BIOMD0000000018,HCOOHtoCHOFH4,CLU_BIOMD0000000018,train,retrievable_top1_success,False,3-4,chebi+kegg_compound,ok,1
BIOMD0000000018,MTHFD,CLU_BIOMD0000000018,train,empty_constrained,False,3-4,chebi+kegg_compound,no_candidates,0
BIOMD0000000018,MTHFR,CLU_BIOMD0000000018,train,empty_constrained,False,3-4,chebi+kegg_compound,no_candidates,0
BIOMD0000000018,MTR,CLU_BIOMD0000000018,train,retrievable_top1_success,False,3-4,chebi+kegg_compound,ok,1
BIOMD0000000018,SHMT,CLU_BIOMD0000000018,train,empty_constrained,False,3-4,chebi+kegg_compound,no_candidates,0
BIOMD0000000018,SHMTr,CLU_BIOMD0000000018,train,retrievable_top1_success,False,1-2,chebi+kegg_compound,ok,7
BIOMD0000000018,TYMS,CLU_BIOMD0000000018,train,retrievable_top1_success,False,3-4,chebi+kegg_compound,ok,1
BIOMD0000000213,V_AICART,CLU_BIOMD0000000018,train,retrievable_rerank_failure,False,1-2,chebi+kegg_compound,ok,7
BIOMD0000000213,V_DHFR,CLU_BIOMD0000000018,train,empty_constrained,False,1-2,chebi+kegg_compound,no_candidates,0
BIOMD0000000213,V_FTD,CLU_BIOMD0000000018,train,retrievable_top1_success,False,1-2,chebi+kegg_compound,ok,7
BIOMD0000000213,V_FTS,CLU_BIOMD0000000018,train,retrievable_top1_success,False,1-2,chebi+kegg_compound,ok,1
BIOMD0000000213,V_MS,CLU_BIOMD0000000018,train,retrievable_top1_success,False,1-2,chebi+kegg_compound,ok,3
BIOMD0000000213,V_MTCH,CLU_BIOMD0000000018,train,retrievable_top1_success,False,1-2,chebi+kegg_compound,ok,1
BIOMD0000000213,V_MTD,CLU_BIOMD0000000018,train,retrievable_rerank_failure,False,1-2,chebi+kegg_compound,ok,2
BIOMD0000000213,V_MTHFR,CLU_BIOMD0000000018,train,nonempty_answer_absent,False,1-2,chebi+kegg_compound,ok,1
BIOMD0000000213,V_PGT,CLU_BIOMD0000000018,train,retrievable_rerank_failure,False,1-2,chebi+kegg_compound,ok,7
BIOMD0000000213,V_SHMT,CLU_BIOMD0000000018,train,nonempty_answer_absent,False,1-2,chebi+kegg_compound,ok,9
BIOMD0000000213,V_TS,CLU_BIOMD0000000018,train,retrievable_rerank_failure,False,1-2,chebi+kegg_compound,ok,2
BIOMD0000000051,vALDO,CLU_BIOMD0000000051,train,retrievable_rerank_failure,False,3-4,chebi+kegg_compound,ok,2
BIOMD0000000051,vENO,CLU_BIOMD0000000051,train,retrievable_top1_success,False,1-2,chebi+kegg_compound,ok,1
BIOMD0000000051,vG6PDH,CLU_BIOMD0000000051,train,empty_constrained,False,1-2,chebi+kegg_compound,no_candidates,0
BIOMD0000000051,vGAPDH,CLU_BIOMD0000000051,train,retrievable_top1_success,False,1-2,chebi+kegg_compound,ok,2
BIOMD0000000051,vPFK,CLU_BIOMD0000000051,train,retrievable_top1_success,False,1-2,chebi+kegg_compound,ok,9
BIOMD0000000051,vPGDH,CLU_BIOMD0000000051,train,empty_constrained,False,1-2,chebi+kegg_compound,no_candidates,0
BIOMD0000000051,vPGI,CLU_BIOMD0000000051,train,retrievable_rerank_failure,False,1-2,chebi+kegg_compound,ok,3
BIOMD0000000051,vPGK,CLU_BIOMD0000000051,train,nonempty_answer_absent,False,1-2,chebi+kegg_compound,ok,3
BIOMD0000000051,vPGM,CLU_BIOMD0000000051,train,empty_constrained,False,1-2,chebi+kegg_compound,no_candidates,0
BIOMD0000000051,vPK,CLU_BIOMD0000000051,train,nonempty_answer_absent,False,1-2,chebi+kegg_compound,ok,3
BIOMD0000000051,vR5PI,CLU_BIOMD0000000051,train,empty_constrained,False,1-2,chebi+kegg_compound,no_candidates,0
BIOMD0000000051,vRu5P,CLU_BIOMD0000000051,train,retrievable_top1_success,False,1-2,chebi+kegg_compound,ok,1
BIOMD0000000051,vTA,CLU_BIOMD0000000051,train,retrievable_top1_success,False,3-4,chebi+kegg_compound,ok,2
BIOMD0000000051,vTIS,CLU_BIOMD0000000051,train,empty_constrained,False,1-2,chebi+kegg_compound,no_candidates,0
BIOMD0000000051,vTKA,CLU_BIOMD0000000051,train,empty_constrained,False,3-4,chebi+kegg_compound,no_candidates,0
BIOMD0000000051,vTKB,CLU_BIOMD0000000051,train,empty_constrained,False,3-4,chebi+kegg_compound,no_candidates,0
BIOMD0000000051,vrpGluMu,CLU_BIOMD0000000051,train,empty_constrained,False,1-2,chebi+kegg_compound,no_candidates,0
BIOMD0000000067,V_Acs,CLU_BIOMD0000000067,train,retrievable_rerank_failure,False,1-2,chebi+kegg_compound,ok,8
BIOMD0000000067,V_Pta,CLU_BIOMD0000000067,train,retrievable_top1_success,False,1-2,chebi+kegg_compound,ok,1
BIOMD0000000070,vAK,CLU_BIOMD0000000070,train,empty_constrained,False,3-4,chebi+kegg_compound,no_candidates,0
BIOMD0000000070,vALD,CLU_BIOMD0000000070,train,retrievable_top1_success,False,3-4,chebi+kegg_compound,ok,2
BIOMD0000000070,vATPase,CLU_BIOMD0000000070,train,empty_constrained,False,3-4,chebi+kegg_compound,no_candidates,0
BIOMD0000000070,vBPGM,CLU_BIOMD0000000070,train,retrievable_top1_success,False,1-2,chebi+kegg_compound,ok,1
BIOMD0000000070,vBPGP,CLU_BIOMD0000000070,train,empty_constrained,False,3-4,chebi+kegg_compound,no_candidates,0
BIOMD0000000070,vENO,CLU_BIOMD0000000070,train,retrievable_top1_success,False,1-2,chebi+kegg_compound,ok,1
BIOMD0000000070,vG6PDH,CLU_BIOMD0000000070,train,retrievable_top1_success,False,3-4,chebi+kegg_compound,ok,1
BIOMD0000000070,vGAPDH,CLU_BIOMD0000000070,train,retrievable_top1_success,False,5-6,chebi+kegg_compound,ok,1
BIOMD0000000070,vGPI,CLU_BIOMD0000000070,train,retrievable_rerank_failure,False,1-2,chebi+kegg_compound,ok,3
BIOMD0000000070,vGSSGRD,CLU_BIOMD0000000070,train,empty_constrained,False,3-4,chebi+kegg_compound,no_candidates,0
BIOMD0000000070,vHEX,CLU_BIOMD0000000070,train,empty_constrained,False,3-4,chebi+kegg_compound,no_candidates,0
BIOMD0000000070,vLDHNADH,CLU_BIOMD0000000070,train,empty_constrained,False,3-4,chebi+kegg_compound,no_candidates,0
BIOMD0000000070,vPFK,CLU_BIOMD0000000070,train,empty_constrained,False,3-4,chebi+kegg_compound,no_candidates,0
BIOMD0000000070,vPGK,CLU_BIOMD0000000070,train,empty_constrained,False,3-4,chebi+kegg_compound,no_candidates,0
BIOMD0000000070,vPGLDH,CLU_BIOMD0000000070,train,empty_constrained,False,3-4,chebi+kegg_compound,no_candidates,0
BIOMD0000000070,vPGM,CLU_BIOMD0000000070,train,empty_constrained,False,1-2,chebi+kegg_compound,no_candidates,0
BIOMD0000000070,vPK,CLU_BIOMD0000000070,train,empty_constrained,False,3-4,chebi+kegg_compound,no_candidates,0
BIOMD0000000070,vPPRPPS,CLU_BIOMD0000000070,train,empty_constrained,False,3-4,chebi+kegg_compound,no_candidates,0
BIOMD0000000070,vRibPepi,CLU_BIOMD0000000070,train,retrievable_top1_success,False,1-2,chebi+kegg_compound,ok,1
BIOMD0000000070,vRibPiso,CLU_BIOMD0000000070,train,empty_constrained,False,1-2,chebi+kegg_compound,no_candidates,0
BIOMD0000000070,vTPI,CLU_BIOMD0000000070,train,empty_constrained,False,1-2,chebi+kegg_compound,no_candidates,0
BIOMD0000000070,vTrAld,CLU_BIOMD0000000070,train,retrievable_top1_success,False,3-4,chebi+kegg_compound,ok,2
BIOMD0000000070,vTrKet1,CLU_BIOMD0000000070,train,empty_constrained,False,3-4,chebi+kegg_compound,no_candidates,0
BIOMD0000000070,vTrKet2,CLU_BIOMD0000000070,train,empty_constrained,False,3-4,chebi+kegg_compound,no_candidates,0
BIOMD0000000108,reaction_1,CLU_BIOMD0000000108,train,retrievable_rerank_failure,False,3-4,chebi+kegg_compound,ok,2
BIOMD0000000172,ADH,CLU_BIOMD0000000172,train,retrievable_top1_success,False,3-4,chebi+kegg_compound,ok,2
BIOMD0000000172,AK,CLU_BIOMD0000000172,train,empty_constrained,False,3-4,chebi+kegg_compound,no_candidates,0
BIOMD0000000172,ALD,CLU_BIOMD0000000172,train,retrievable_rerank_failure,False,3-4,chebi+kegg_compound,ok,2
BIOMD0000000172,ENO,CLU_BIOMD0000000172,train,retrievable_top1_success,False,1-2,chebi+kegg_compound,ok,1
BIOMD0000000172,G3PDH,CLU_BIOMD0000000172,train,empty_constrained,False,3-4,chebi+kegg_compound,no_candidates,0
BIOMD0000000172,GAPDH,CLU_BIOMD0000000172,train,retrievable_top1_success,False,3-4,chebi+kegg_compound,ok,1
BIOMD0000000172,HK,CLU_BIOMD0000000172,train,nonempty_answer_absent,False,3-4,chebi+kegg_compound,ok,2
BIOMD0000000172,PDC,CLU_BIOMD0000000172,train,retrievable_rerank_failure,False,3-4,chebi+kegg_compound,ok,2
BIOMD0000000172,PFK,CLU_BIOMD0000000172,train,retrievable_rerank_failure,False,3-4,chebi+kegg_compound,ok,2
BIOMD0000000172,PGI,CLU_BIOMD0000000172,train,retrievable_rerank_failure,False,1-2,chebi+kegg_compound,ok,3
BIOMD0000000172,PGK,CLU_BIOMD0000000172,train,empty_constrained,False,3-4,chebi+kegg_compound,no_candidates,0
BIOMD0000000172,PGM,CLU_BIOMD0000000172,train,empty_constrained,False,1-2,chebi+kegg_compound,no_candidates,0
BIOMD0000000172,PYK,CLU_BIOMD0000000172,train,empty_constrained,False,3-4,chebi+kegg_compound,no_candidates,0
BIOMD0000000172,TPI,CLU_BIOMD0000000172,train,empty_constrained,False,1-2,chebi+kegg_compound,no_candidates,0
BIOMD0000000176,ADH,CLU_BIOMD0000000172,train,retrievable_top1_success,False,3-4,chebi+kegg_compound,ok,2
BIOMD0000000176,AK,CLU_BIOMD0000000172,train,empty_constrained,False,3-4,chebi+kegg_compound,no_candidates,0
BIOMD0000000176,ENO,CLU_BIOMD0000000172,train,retrievable_top1_success,False,1-2,chebi+kegg_compound,ok,1
BIOMD0000000176,FBA,CLU_BIOMD0000000172,train,retrievable_rerank_failure,False,3-4,chebi+kegg_compound,ok,2
BIOMD0000000176,G3PDH,CLU_BIOMD0000000172,train,empty_constrained,False,3-4,chebi+kegg_compound,no_candidates,0
BIOMD0000000176,GPM,CLU_BIOMD0000000172,train,empty_constrained,False,1-2,chebi+kegg_compound,no_candidates,0
BIOMD0000000176,HXK,CLU_BIOMD0000000172,train,nonempty_answer_absent,False,3-4,chebi+kegg_compound,ok,2
BIOMD0000000176,PDC,CLU_BIOMD0000000172,train,retrievable_rerank_failure,False,3-4,chebi+kegg_compound,ok,2
BIOMD0000000176,PFK,CLU_BIOMD0000000172,train,retrievable_rerank_failure,False,3-4,chebi+kegg_compound,ok,2
BIOMD0000000176,PGI,CLU_BIOMD0000000172,train,retrievable_rerank_failure,False,1-2,chebi+kegg_compound,ok,3
BIOMD0000000176,PGK,CLU_BIOMD0000000172,train,empty_constrained,False,3-4,chebi+kegg_compound,no_candidates,0
BIOMD0000000176,PYK,CLU_BIOMD0000000172,train,empty_constrained,False,3-4,chebi+kegg_compound,no_candidates,0
BIOMD0000000176,TDH,CLU_BIOMD0000000172,train,retrievable_top1_success,False,3-4,chebi+kegg_compound,ok,1
BIOMD0000000176,TPI,CLU_BIOMD0000000172,train,empty_constrained,False,1-2,chebi+kegg_compound,no_candidates,0
BIOMD0000000177,ADH,CLU_BIOMD0000000172,train,retrievable_top1_success,False,3-4,chebi+kegg_compound,ok,2
BIOMD0000000177,AK,CLU_BIOMD0000000172,train,empty_constrained,False,3-4,chebi+kegg_compound,no_candidates,0
BIOMD0000000177,ENO,CLU_BIOMD0000000172,train,retrievable_top1_success,False,1-2,chebi+kegg_compound,ok,1
BIOMD0000000177,FBA,CLU_BIOMD0000000172,train,retrievable_rerank_failure,False,3-4,chebi+kegg_compound,ok,2
BIOMD0000000177,G3PDH,CLU_BIOMD0000000172,train,empty_constrained,False,3-4,chebi+kegg_compound,no_candidates,0
BIOMD0000000177,HXK,CLU_BIOMD0000000172,train,nonempty_answer_absent,False,3-4,chebi+kegg_compound,ok,2
BIOMD0000000177,PDC,CLU_BIOMD0000000172,train,retrievable_rerank_failure,False,3-4,chebi+kegg_compound,ok,2
BIOMD0000000177,PDH,CLU_BIOMD0000000172,train,retrievable_rerank_failure,False,3-4,chebi+kegg_compound,ok,17
BIOMD0000000177,PFK,CLU_BIOMD0000000172,train,retrievable_rerank_failure,False,3-4,chebi+kegg_compound,ok,2
BIOMD0000000177,PGI,CLU_BIOMD0000000172,train,retrievable_rerank_failure,False,1-2,chebi+kegg_compound,ok,3
BIOMD0000000177,PGK,CLU_BIOMD0000000172,train,empty_constrained,False,3-4,chebi+kegg_compound,no_candidates,0
BIOMD0000000177,PGM,CLU_BIOMD0000000172,train,empty_constrained,False,1-2,chebi+kegg_compound,no_candidates,0
BIOMD0000000177,PYK,CLU_BIOMD0000000172,train,empty_constrained,False,3-4,chebi+kegg_compound,no_candidates,0
BIOMD0000000177,TDH,CLU_BIOMD0000000172,train,retrievable_top1_success,False,3-4,chebi+kegg_compound,ok,1
BIOMD0000000177,TPI,CLU_BIOMD0000000172,train,empty_constrained,False,1-2,chebi+kegg_compound,no_candidates,0
BIOMD0000000503,ADH,CLU_BIOMD0000000172,train,empty_constrained,False,3-4,chebi+kegg_compound,no_candidates,0
BIOMD0000000503,AK,CLU_BIOMD0000000172,train,empty_constrained,False,3-4,chebi+kegg_compound,no_candidates,0
BIOMD0000000503,ENO,CLU_BIOMD0000000172,train,retrievable_top1_success,False,1-2,chebi+kegg_compound,ok,1
BIOMD0000000503,FBA,CLU_BIOMD0000000172,train,retrievable_rerank_failure,False,3-4,chebi+kegg_compound,ok,2
BIOMD0000000503,GPD,CLU_BIOMD0000000172,train,empty_constrained,False,3-4,chebi+kegg_compound,no_candidates,0
BIOMD0000000503,GPM,CLU_BIOMD0000000172,train,empty_constrained,False,1-2,chebi+kegg_compound,no_candidates,0
BIOMD0000000503,GPP,CLU_BIOMD0000000172,train,retrievable_top1_success,False,1-2,chebi+kegg_compound,ok,3
BIOMD0000000503,HXK,CLU_BIOMD0000000172,train,nonempty_answer_absent,False,3-4,chebi+kegg_compound,ok,2
BIOMD0000000503,PDC,CLU_BIOMD0000000172,train,retrievable_rerank_failure,False,1-2,chebi+kegg_compound,ok,2
BIOMD0000000503,PFK,CLU_BIOMD0000000172,train,retrievable_rerank_failure,False,3-4,chebi+kegg_compound,ok,2
BIOMD0000000503,PGI,CLU_BIOMD0000000172,train,retrievable_rerank_failure,False,1-2,chebi+kegg_compound,ok,3
BIOMD0000000503,PGK,CLU_BIOMD0000000172,train,empty_constrained,False,3-4,chebi+kegg_compound,no_candidates,0
BIOMD0000000503,PYK,CLU_BIOMD0000000172,train,empty_constrained,False,3-4,chebi+kegg_compound,no_candidates,0
BIOMD0000000503,TDH,CLU_BIOMD0000000172,train,retrievable_top1_success,False,3-4,chebi+kegg_compound,ok,1
BIOMD0000000503,TPI,CLU_BIOMD0000000172,train,empty_constrained,False,1-2,chebi+kegg_compound,no_candidates,0
BIOMD0000000206,v1,CLU_BIOMD0000000206,train,empty_constrained,False,3-4,chebi+kegg_compound,no_candidates,0
BIOMD0000000206,v2,CLU_BIOMD0000000206,train,retrievable_rerank_failure,False,1-2,chebi+kegg_compound,ok,2
BIOMD0000000206,v4,CLU_BIOMD0000000206,train,empty_constrained,False,3-4,chebi+kegg_compound,no_candidates,0
BIOMD0000000206,v5,CLU_BIOMD0000000206,train,retrievable_top1_success,False,1-2,chebi+kegg_compound,ok,2
BIOMD0000000206,v6,CLU_BIOMD0000000206,train,empty_constrained,False,1-2,chebi+kegg_compound,no_candidates,0
BIOMD0000000206,v8,CLU_BIOMD0000000206,train,empty_constrained,False,1-2,chebi+kegg_compound,no_candidates,0
BIOMD0000000212,Vak1,CLU_BIOMD0000000212,train,retrievable_top1_success,False,1-2,chebi+kegg_compound,ok,1
BIOMD0000000212,Vak2,CLU_BIOMD0000000212,train,retrievable_top1_success,False,1-2,chebi+kegg_compound,ok,1
BIOMD0000000212,VakI,CLU_BIOMD0000000212,train,retrievable_top1_success,False,1-2,chebi+kegg_compound,ok,1
BIOMD0000000212,VakII,CLU_BIOMD0000000212,train,retrievable_top1_success,False,1-2,chebi+kegg_compound,ok,1
BIOMD0000000212,Vasadh,CLU_BIOMD0000000212,train,empty_constrained,False,1-2,chebi+kegg_compound,no_candidates,0
BIOMD0000000212,Vcgs,CLU_BIOMD0000000212,train,nonempty_answer_absent,False,1-2,chebi+kegg_compound,ok,1
BIOMD0000000212,Vhsdh1,CLU_BIOMD0000000212,train,empty_constrained,False,1-2,chebi+kegg_compound,no_candidates,0
BIOMD0000000212,Vhsdh2,CLU_BIOMD0000000212,train,empty_constrained,False,1-2,chebi+kegg_compound,no_candidates,0
BIOMD0000000212,Vhsk,CLU_BIOMD0000000212,train,retrievable_top1_success,False,1-2,chebi+kegg_compound,ok,1
BIOMD0000000212,VileTRNA,CLU_BIOMD0000000212,train,retrievable_top1_success,False,1-2,chebi+kegg_compound,ok,1
BIOMD0000000212,VlysKR,CLU_BIOMD0000000212,train,empty_constrained,False,1-2,chebi+kegg_compound,no_candidates,0
BIOMD0000000212,VlysTRNA,CLU_BIOMD0000000212,train,retrievable_top1_success,False,1-2,chebi+kegg_compound,ok,1
BIOMD0000000212,Vtha,CLU_BIOMD0000000212,train,retrievable_top1_success,False,1-2,chebi+kegg_compound,ok,1
BIOMD0000000212,VthrTRNA,CLU_BIOMD0000000212,train,retrievable_top1_success,False,1-2,chebi+kegg_compound,ok,1
BIOMD0000000212,Vts1,CLU_BIOMD0000000212,train,retrievable_top1_success,False,1-2,chebi+kegg_compound,ok,1
BIOMD0000000232,v2,CLU_BIOMD0000000232,train,retrievable_top1_success,False,3-4,chebi+kegg_compound,ok,1
BIOMD0000000232,v3,CLU_BIOMD0000000232,train,empty_constrained,False,3-4,chebi+kegg_compound,no_candidates,0
BIOMD0000000232,v4,CLU_BIOMD0000000232,train,empty_constrained,False,3-4,chebi+kegg_compound,no_candidates,0
BIOMD0000000232,v5,CLU_BIOMD0000000232,train,empty_constrained,False,5-6,chebi+kegg_compound,no_candidates,0
BIOMD0000000232,v6,CLU_BIOMD0000000232,train,empty_constrained,False,1-2,chebi+kegg_compound,no_candidates,0
BIOMD0000000232,v7,CLU_BIOMD0000000232,train,retrievable_top1_success,False,3-4,chebi+kegg_compound,ok,1
BIOMD0000000232,vANT,CLU_BIOMD0000000232,train,retrievable_rerank_failure,False,1-2,chebi+kegg_compound,ok,443
BIOMD0000000232,vATP,CLU_BIOMD0000000232,train,empty_constrained,False,5-6,chebi+kegg_compound,no_candidates,0
BIOMD0000000232,vresp,CLU_BIOMD0000000232,train,empty_constrained,False,5-6,chebi+kegg_compound,no_candidates,0
BIOMD0000000268,V_ART,CLU_BIOMD0000000268,train,retrievable_top1_success,False,3-4,chebi+kegg_compound,ok,1
BIOMD0000000268,V_BHMT,CLU_BIOMD0000000268,train,retrievable_top1_success,False,3-4,chebi+kegg_compound,ok,1
BIOMD0000000268,V_CBS,CLU_BIOMD0000000268,train,retrievable_top1_success,False,3-4,chebi+kegg_compound,ok,2
BIOMD0000000268,V_CTGL,CLU_BIOMD0000000268,train,nonempty_answer_absent,False,1-2,chebi+kegg_compound,ok,23
BIOMD0000000268,V_DNMT,CLU_BIOMD0000000268,train,retrievable_rerank_failure,False,1-2,chebi+kegg_compound,ok,468
BIOMD0000000268,V_GCS,CLU_BIOMD0000000268,train,retrievable_top1_success,False,3-4,chebi+kegg_compound,ok,1
BIOMD0000000268,V_GNMT,CLU_BIOMD0000000268,train,retrievable_top1_success,False,3-4,chebi+kegg_compound,ok,1
BIOMD0000000268,V_GPX,CLU_BIOMD0000000268,train,retrievable_top1_success,False,3-4,chebi+kegg_compound,ok,1
BIOMD0000000268,V_GR,CLU_BIOMD0000000268,train,empty_constrained,False,3-4,chebi+kegg_compound,no_candidates,0
BIOMD0000000268,V_GS,CLU_BIOMD0000000268,train,retrievable_top1_success,False,3-4,chebi+kegg_compound,ok,1
BIOMD0000000268,V_MATI,CLU_BIOMD0000000268,train,nonempty_answer_absent,False,1-2,chebi+kegg_compound,ok,1
BIOMD0000000268,V_MATIII,CLU_BIOMD0000000268,train,nonempty_answer_absent,False,1-2,chebi+kegg_compound,ok,1
BIOMD0000000268,V_MTHFR,CLU_BIOMD0000000268,train,empty_constrained,False,3-4,chebi+kegg_compound,no_candidates,0
BIOMD0000000268,V_SAHH,CLU_BIOMD0000000268,train,retrievable_top1_success,False,1-2,chebi+kegg_compound,ok,1
BIOMD0000000268,V_TS,CLU_BIOMD0000000268,train,retrievable_top1_success,False,3-4,chebi+kegg_compound,ok,1
BIOMD0000000268,VcMTCH,CLU_BIOMD0000000268,train,retrievable_top1_success,False,1-2,chebi+kegg_compound,ok,2
BIOMD0000000268,VcMTD,CLU_BIOMD0000000268,train,retrievable_top1_success,False,3-4,chebi+kegg_compound,ok,1
BIOMD0000000268,VmFTD,CLU_BIOMD0000000268,train,retrievable_top1_success,False,1-2,chebi+kegg_compound,ok,7
BIOMD0000000268,VmFTS,CLU_BIOMD0000000268,train,nonempty_answer_absent,False,3-4,chebi+kegg_compound,ok,1
BIOMD0000000268,VmNE,CLU_BIOMD0000000268,train,retrievable_top1_success,False,3-4,chebi+kegg_compound,ok,1
BIOMD0000000268,VmSHMT,CLU_BIOMD0000000268,train,empty_constrained,False,3-4,chebi+kegg_compound,no_candidates,0
BIOMD0000000450,V_ART,CLU_BIOMD0000000268,train,retrievable_top1_success,False,3-4,chebi+kegg_compound,ok,1
BIOMD0000000450,V_BHMT,CLU_BIOMD0000000268,train,retrievable_top1_success,False,3-4,chebi+kegg_compound,ok,1
BIOMD0000000450,V_CBS,CLU_BIOMD0000000268,train,retrievable_top1_success,False,3-4,chebi+kegg_compound,ok,2
BIOMD0000000450,V_CTGL,CLU_BIOMD0000000268,train,nonempty_answer_absent,False,1-2,chebi+kegg_compound,ok,23
BIOMD0000000450,V_DNMT,CLU_BIOMD0000000268,train,retrievable_rerank_failure,False,1-2,chebi+kegg_compound,ok,468
BIOMD0000000450,V_GCS,CLU_BIOMD0000000268,train,retrievable_top1_success,False,3-4,chebi+kegg_compound,ok,1
BIOMD0000000450,V_GNMT,CLU_BIOMD0000000268,train,retrievable_top1_success,False,3-4,chebi+kegg_compound,ok,1
BIOMD0000000450,V_GPX,CLU_BIOMD0000000268,train,retrievable_top1_success,False,3-4,chebi+kegg_compound,ok,1
BIOMD0000000450,V_GR,CLU_BIOMD0000000268,train,empty_constrained,False,3-4,chebi+kegg_compound,no_candidates,0
BIOMD0000000450,V_GS,CLU_BIOMD0000000268,train,retrievable_top1_success,False,3-4,chebi+kegg_compound,ok,1
BIOMD0000000450,V_MATI,CLU_BIOMD0000000268,train,nonempty_answer_absent,False,1-2,chebi+kegg_compound,ok,1
BIOMD0000000450,V_MATIII,CLU_BIOMD0000000268,train,nonempty_answer_absent,False,1-2,chebi+kegg_compound,ok,1
BIOMD0000000450,V_MTHFR,CLU_BIOMD0000000268,train,empty_constrained,False,3-4,chebi+kegg_compound,no_candidates,0
BIOMD0000000450,V_SAHH,CLU_BIOMD0000000268,train,retrievable_top1_success,False,1-2,chebi+kegg_compound,ok,1
BIOMD0000000450,V_TS,CLU_BIOMD0000000268,train,retrievable_top1_success,False,3-4,chebi+kegg_compound,ok,1
BIOMD0000000450,VcMTCH,CLU_BIOMD0000000268,train,retrievable_top1_success,False,1-2,chebi+kegg_compound,ok,2
BIOMD0000000450,VcMTD,CLU_BIOMD0000000268,train,retrievable_top1_success,False,3-4,chebi+kegg_compound,ok,1
BIOMD0000000450,VmFTD,CLU_BIOMD0000000268,train,retrievable_top1_success,False,1-2,chebi+kegg_compound,ok,7
BIOMD0000000450,VmFTS,CLU_BIOMD0000000268,train,nonempty_answer_absent,False,3-4,chebi+kegg_compound,ok,1
BIOMD0000000450,VmNE,CLU_BIOMD0000000268,train,retrievable_top1_success,False,3-4,chebi+kegg_compound,ok,1
BIOMD0000000450,VmSHMT,CLU_BIOMD0000000268,train,empty_constrained,False,3-4,chebi+kegg_compound,no_candidates,0
BIOMD0000000674,V_ART,CLU_BIOMD0000000268,train,retrievable_top1_success,False,3-4,chebi+kegg_compound,ok,1
BIOMD0000000674,V_BHMT,CLU_BIOMD0000000268,train,retrievable_top1_success,False,3-4,chebi+kegg_compound,ok,1
BIOMD0000000674,V_CBS,CLU_BIOMD0000000268,train,retrievable_top1_success,False,3-4,chebi+kegg_compound,ok,2
BIOMD0000000674,V_CTGL,CLU_BIOMD0000000268,train,nonempty_answer_absent,False,1-2,chebi+kegg_compound,ok,23
BIOMD0000000674,V_DNMT,CLU_BIOMD0000000268,train,retrievable_rerank_failure,False,1-2,chebi+kegg_compound,ok,468
BIOMD0000000674,V_GCS,CLU_BIOMD0000000268,train,retrievable_top1_success,False,3-4,chebi+kegg_compound,ok,1
BIOMD0000000674,V_GNMT,CLU_BIOMD0000000268,train,retrievable_top1_success,False,3-4,chebi+kegg_compound,ok,1
BIOMD0000000674,V_GPX,CLU_BIOMD0000000268,train,retrievable_top1_success,False,3-4,chebi+kegg_compound,ok,1
BIOMD0000000674,V_GR,CLU_BIOMD0000000268,train,empty_constrained,False,3-4,chebi+kegg_compound,no_candidates,0
BIOMD0000000674,V_GS,CLU_BIOMD0000000268,train,retrievable_top1_success,False,3-4,chebi+kegg_compound,ok,1
BIOMD0000000674,V_MATI,CLU_BIOMD0000000268,train,nonempty_answer_absent,False,1-2,chebi+kegg_compound,ok,1
BIOMD0000000674,V_MATIII,CLU_BIOMD0000000268,train,nonempty_answer_absent,False,1-2,chebi+kegg_compound,ok,1
BIOMD0000000674,V_MTHFR,CLU_BIOMD0000000268,train,empty_constrained,False,3-4,chebi+kegg_compound,no_candidates,0
BIOMD0000000674,V_SAHH,CLU_BIOMD0000000268,train,retrievable_top1_success,False,1-2,chebi+kegg_compound,ok,1
BIOMD0000000674,V_TS,CLU_BIOMD0000000268,train,retrievable_top1_success,False,3-4,chebi+kegg_compound,ok,1
BIOMD0000000674,VcMTCH,CLU_BIOMD0000000268,train,retrievable_top1_success,False,1-2,chebi+kegg_compound,ok,2
BIOMD0000000674,VcMTD,CLU_BIOMD0000000268,train,retrievable_top1_success,False,3-4,chebi+kegg_compound,ok,1
BIOMD0000000674,VmFTD,CLU_BIOMD0000000268,train,retrievable_top1_success,False,1-2,chebi+kegg_compound,ok,7
BIOMD0000000674,VmFTS,CLU_BIOMD0000000268,train,nonempty_answer_absent,False,3-4,chebi+kegg_compound,ok,1
BIOMD0000000674,VmNE,CLU_BIOMD0000000268,train,retrievable_top1_success,False,3-4,chebi+kegg_compound,ok,1
BIOMD0000000674,VmSHMT,CLU_BIOMD0000000268,train,empty_constrained,False,3-4,chebi+kegg_compound,no_candidates,0
BIOMD0000000281,r_1,CLU_BIOMD0000000281,train,empty_constrained,False,3-4,chebi+kegg_compound,no_candidates,0
BIOMD0000000281,r_10,CLU_BIOMD0000000281,train,empty_constrained,False,3-4,chebi+kegg_compound,no_candidates,0
BIOMD0000000281,r_11,CLU_BIOMD0000000281,train,empty_constrained,False,3-4,chebi+kegg_compound,no_candidates,0
BIOMD0000000281,r_12,CLU_BIOMD0000000281,train,empty_constrained,False,3-4,chebi+kegg_compound,no_candidates,0
BIOMD0000000281,r_13,CLU_BIOMD0000000281,train,empty_constrained,False,3-4,chebi+kegg_compound,no_candidates,0
BIOMD0000000281,r_14,CLU_BIOMD0000000281,train,retrievable_top1_success,False,3-4,chebi+kegg_compound,ok,3
BIOMD0000000281,r_2,CLU_BIOMD0000000281,train,retrievable_top1_success,False,5-6,chebi+kegg_compound,ok,1
BIOMD0000000281,r_3,CLU_BIOMD0000000281,train,nonempty_answer_absent,False,3-4,chebi+kegg_compound,ok,1
BIOMD0000000281,r_4,CLU_BIOMD0000000281,train,empty_constrained,False,5-6,chebi+kegg_compound,no_candidates,0
BIOMD0000000281,r_5,CLU_BIOMD0000000281,train,retrievable_rerank_failure,False,3-4,chebi+kegg_compound,ok,2
BIOMD0000000281,r_6,CLU_BIOMD0000000281,train,empty_constrained,False,3-4,chebi+kegg_compound,no_candidates,0
BIOMD0000000281,r_7,CLU_BIOMD0000000281,train,nonempty_answer_absent,False,3-4,chebi+kegg_compound,ok,1
BIOMD0000000281,r_8,CLU_BIOMD0000000281,train,empty_constrained,False,3-4,chebi+kegg_compound,no_candidates,0
BIOMD0000000281,r_9,CLU_BIOMD0000000281,train,retrievable_top1_success,False,3-4,chebi+kegg_compound,ok,2
BIOMD0000000471,r_0005,CLU_BIOMD0000000471,train,empty_constrained,False,3-4,chebi+kegg_compound,no_candidates,0
BIOMD0000000471,r_0007,CLU_BIOMD0000000471,train,retrievable_top1_success,False,1-2,chebi+kegg_compound,ok,1
BIOMD0000000471,r_0008,CLU_BIOMD0000000471,train,nonempty_answer_absent,False,3-4,chebi+kegg_compound,ok,46
BIOMD0000000471,r_0015,CLU_BIOMD0000000471,train,nonempty_answer_absent,False,3-4,chebi+kegg_compound,ok,115
BIOMD0000000471,r_0016,CLU_BIOMD0000000471,train,retrievable_top1_success,False,3-4,chebi+kegg_compound,ok,1
BIOMD0000000471,r_0018,CLU_BIOMD0000000471,train,nonempty_answer_absent,False,3-4,chebi+kegg_compound,ok,61
BIOMD0000000471,r_0020,CLU_BIOMD0000000471,train,nonempty_answer_absent,False,3-4,chebi+kegg_compound,ok,13
BIOMD0000000471,r_0023,CLU_BIOMD0000000471,train,retrievable_top1_success,False,1-2,chebi+kegg_compound,ok,1
BIOMD0000000471,r_0024,CLU_BIOMD0000000471,train,nonempty_answer_absent,False,3-4,chebi+kegg_compound,ok,20
BIOMD0000000471,r_0027,CLU_BIOMD0000000471,train,retrievable_top1_success,False,1-2,chebi+kegg_compound,ok,1
BIOMD0000000471,r_0029,CLU_BIOMD0000000471,train,nonempty_answer_absent,False,3-4,chebi+kegg_compound,ok,1
BIOMD0000000471,r_0032,CLU_BIOMD0000000471,train,retrievable_top1_success,False,3-4,chebi+kegg_compound,ok,1
BIOMD0000000471,r_0038,CLU_BIOMD0000000471,train,retrievable_top1_success,False,3-4,chebi+kegg_compound,ok,1
BIOMD0000000471,r_0039,CLU_BIOMD0000000471,train,retrievable_top1_success,False,1-2,chebi+kegg_compound,ok,1
BIOMD0000000471,r_0040,CLU_BIOMD0000000471,train,empty_constrained,False,3-4,chebi+kegg_compound,no_candidates,0
BIOMD0000000471,r_0041,CLU_BIOMD0000000471,train,nonempty_answer_absent,False,3-4,chebi+kegg_compound,ok,115
BIOMD0000000471,r_0060,CLU_BIOMD0000000471,train,empty_constrained,False,1-2,chebi+kegg_compound,no_candidates,0
BIOMD0000000471,r_0061,CLU_BIOMD0000000471,train,empty_constrained,False,3-4,chebi+kegg_compound,no_candidates,0
BIOMD0000000471,r_0065,CLU_BIOMD0000000471,train,retrievable_top1_success,False,3-4,chebi+kegg_compound,ok,1
BIOMD0000000471,r_0079,CLU_BIOMD0000000471,train,retrievable_top1_success,False,7+,chebi+kegg_compound,ok,1
BIOMD0000000471,r_0080,CLU_BIOMD0000000471,train,nonempty_answer_absent,False,3-4,chebi+kegg_compound,ok,115
BIOMD0000000471,r_0097,CLU_BIOMD0000000471,train,nonempty_answer_absent,False,3-4,chebi+kegg_compound,ok,17
BIOMD0000000471,r_0108,CLU_BIOMD0000000471,train,retrievable_top1_success,False,5-6,chebi+kegg_compound,ok,1
BIOMD0000000471,r_0115,CLU_BIOMD0000000471,train,retrievable_top1_success,False,3-4,chebi+kegg_compound,ok,1
BIOMD0000000471,r_0118,CLU_BIOMD0000000471,train,empty_constrained,False,3-4,chebi+kegg_compound,no_candidates,0
BIOMD0000000471,r_0142,CLU_BIOMD0000000471,train,retrievable_top1_success,False,3-4,chebi+kegg_compound,ok,1
BIOMD0000000471,r_0144,CLU_BIOMD0000000471,train,retrievable_top1_success,False,3-4,chebi+kegg_compound,ok,1
BIOMD0000000471,r_0148,CLU_BIOMD0000000471,train,retrievable_top1_success,False,3-4,chebi+kegg_compound,ok,1
BIOMD0000000471,r_0151,CLU_BIOMD0000000471,train,retrievable_top1_success,False,3-4,chebi+kegg_compound,ok,1
BIOMD0000000471,r_0152,CLU_BIOMD0000000471,train,retrievable_top1_success,False,3-4,chebi+kegg_compound,ok,1
BIOMD0000000471,r_0153,CLU_BIOMD0000000471,train,retrievable_top1_success,False,5-6,chebi+kegg_compound,ok,1
BIOMD0000000471,r_0154,CLU_BIOMD0000000471,train,retrievable_top1_success,False,3-4,chebi+kegg_compound,ok,1
BIOMD0000000471,r_0157,CLU_BIOMD0000000471,train,retrievable_top1_success,False,5-6,chebi+kegg_compound,ok,1
BIOMD0000000471,r_0195,CLU_BIOMD0000000471,train,empty_constrained,False,3-4,chebi+kegg_compound,no_candidates,0
BIOMD0000000471,r_0202,CLU_BIOMD0000000471,train,empty_constrained,False,3-4,chebi+kegg_compound,no_candidates,0
BIOMD0000000471,r_0203,CLU_BIOMD0000000471,train,retrievable_top1_success,False,5-6,chebi+kegg_compound,ok,1
BIOMD0000000471,r_0207,CLU_BIOMD0000000471,train,retrievable_top1_success,False,3-4,chebi+kegg_compound,ok,1
BIOMD0000000471,r_0208,CLU_BIOMD0000000471,train,retrievable_top1_success,False,5-6,chebi+kegg_compound,ok,1
BIOMD0000000471,r_0209,CLU_BIOMD0000000471,train,retrievable_top1_success,False,5-6,chebi+kegg_compound,ok,1
BIOMD0000000471,r_0211,CLU_BIOMD0000000471,train,retrievable_top1_success,False,7+,chebi+kegg_compound,ok,1
BIOMD0000000471,r_0212,CLU_BIOMD0000000471,train,retrievable_top1_success,False,5-6,chebi+kegg_compound,ok,1
BIOMD0000000471,r_0214,CLU_BIOMD0000000471,train,retrievable_top1_success,False,3-4,chebi+kegg_compound,ok,1
BIOMD0000000471,r_0215,CLU_BIOMD0000000471,train,retrievable_top1_success,False,3-4,chebi+kegg_compound,ok,1
BIOMD0000000471,r_0216,CLU_BIOMD0000000471,train,empty_constrained,False,3-4,chebi+kegg_compound,no_candidates,0
BIOMD0000000471,r_0219,CLU_BIOMD0000000471,train,empty_constrained,False,5-6,chebi+kegg_compound,no_candidates,0
BIOMD0000000471,r_0220,CLU_BIOMD0000000471,train,retrievable_top1_success,False,5-6,chebi+kegg_compound,ok,1
BIOMD0000000471,r_0225,CLU_BIOMD0000000471,train,unconstrained,False,3-4,chebi+kegg_compound,unconstrained_candidate_set,0
BIOMD0000000471,r_0231,CLU_BIOMD0000000471,train,empty_constrained,False,3-4,chebi+kegg_compound,no_candidates,0
BIOMD0000000471,r_0236,CLU_BIOMD0000000471,train,empty_constrained,False,3-4,chebi+kegg_compound,no_candidates,0
BIOMD0000000471,r_0241,CLU_BIOMD0000000471,train,empty_constrained,False,5-6,chebi+kegg_compound,no_candidates,0
BIOMD0000000471,r_0243,CLU_BIOMD0000000471,train,retrievable_top1_success,False,1-2,chebi+kegg_compound,ok,1
BIOMD0000000471,r_0244,CLU_BIOMD0000000471,train,empty_constrained,False,3-4,chebi+kegg_compound,no_candidates,0
BIOMD0000000471,r_0250,CLU_BIOMD0000000471,train,retrievable_top1_success,False,7+,chebi+kegg_compound,ok,1
BIOMD0000000471,r_0257,CLU_BIOMD0000000471,train,retrievable_top1_success,False,3-4,chebi+kegg_compound,ok,1
BIOMD0000000471,r_0278,CLU_BIOMD0000000471,train,retrievable_top1_success,False,1-2,chebi+kegg_compound,ok,1
BIOMD0000000471,r_0279,CLU_BIOMD0000000471,train,retrievable_top1_success,False,3-4,chebi+kegg_compound,ok,1
BIOMD0000000471,r_0280,CLU_BIOMD0000000471,train,empty_constrained,False,1-2,chebi+kegg_compound,no_candidates,0
BIOMD0000000471,r_0302,CLU_BIOMD0000000471,train,retrievable_top1_success,False,1-2,chebi+kegg_compound,ok,1
BIOMD0000000471,r_0309,CLU_BIOMD0000000471,train,retrievable_top1_success,False,3-4,chebi+kegg_compound,ok,2
BIOMD0000000471,r_0311,CLU_BIOMD0000000471,train,retrievable_top1_success,False,3-4,chebi+kegg_compound,ok,1
BIOMD0000000471,r_0313,CLU_BIOMD0000000471,train,retrievable_top1_success,False,5-6,chebi+kegg_compound,ok,1
BIOMD0000000471,r_0317,CLU_BIOMD0000000471,train,empty_constrained,False,5-6,chebi+kegg_compound,no_candidates,0
BIOMD0000000471,r_0330,CLU_BIOMD0000000471,train,unconstrained,False,3-4,chebi+kegg_compound,unconstrained_candidate_set,0
BIOMD0000000471,r_0344,CLU_BIOMD0000000471,train,nonempty_answer_absent,False,3-4,chebi+kegg_compound,ok,1
BIOMD0000000471,r_0349,CLU_BIOMD0000000471,train,unconstrained,False,1-2,chebi+kegg_compound,unconstrained_candidate_set,0
BIOMD0000000471,r_0352,CLU_BIOMD0000000471,train,retrievable_top1_success,False,1-2,chebi+kegg_compound,ok,2
BIOMD0000000471,r_0353,CLU_BIOMD0000000471,train,retrievable_top1_success,False,1-2,chebi+kegg_compound,ok,1
BIOMD0000000471,r_0355,CLU_BIOMD0000000471,train,retrievable_top1_success,False,3-4,chebi+kegg_compound,ok,1
BIOMD0000000471,r_0361,CLU_BIOMD0000000471,train,retrievable_top1_success,False,3-4,chebi+kegg_compound,ok,1
BIOMD0000000471,r_0364,CLU_BIOMD0000000471,train,retrievable_top1_success,False,3-4,chebi+kegg_compound,ok,1
BIOMD0000000471,r_0366,CLU_BIOMD0000000471,train,retrievable_rerank_failure,False,1-2,chebi+kegg_compound,ok,454
BIOMD0000000471,r_0438,CLU_BIOMD0000000471,train,retrievable_top1_success,False,3-4,chebi+kegg_compound,ok,3
BIOMD0000000471,r_0446,CLU_BIOMD0000000471,train,nonempty_answer_absent,False,5-6,chebi+kegg_compound,ok,1
BIOMD0000000471,r_0451,CLU_BIOMD0000000471,train,empty_constrained,False,1-2,chebi+kegg_compound,no_candidates,0
BIOMD0000000471,r_0462,CLU_BIOMD0000000471,train,retrievable_top1_success,False,3-4,chebi+kegg_compound,ok,1
BIOMD0000000471,r_0467,CLU_BIOMD0000000471,train,empty_constrained,False,1-2,chebi+kegg_compound,no_candidates,0
BIOMD0000000471,r_0478,CLU_BIOMD0000000471,train,retrievable_top1_success,False,5-6,chebi+kegg_compound,ok,1
BIOMD0000000471,r_0479,CLU_BIOMD0000000471,train,retrievable_top1_success,False,5-6,chebi+kegg_compound,ok,1
BIOMD0000000471,r_0481,CLU_BIOMD0000000471,train,nonempty_answer_absent,False,3-4,chebi+kegg_compound,ok,115
BIOMD0000000471,r_0483,CLU_BIOMD0000000471,train,retrievable_top1_success,False,3-4,chebi+kegg_compound,ok,1
BIOMD0000000471,r_0491,CLU_BIOMD0000000471,train,nonempty_answer_absent,False,3-4,chebi+kegg_compound,ok,115
BIOMD0000000471,r_0495,CLU_BIOMD0000000471,train,retrievable_top1_success,False,3-4,chebi+kegg_compound,ok,1
BIOMD0000000471,r_0499,CLU_BIOMD0000000471,train,retrievable_top1_success,False,3-4,chebi+kegg_compound,ok,1
BIOMD0000000471,r_0502,CLU_BIOMD0000000471,train,empty_constrained,False,3-4,chebi+kegg_compound,no_candidates,0
BIOMD0000000471,r_0512,CLU_BIOMD0000000471,train,retrievable_top1_success,False,5-6,chebi+kegg_compound,ok,1
BIOMD0000000471,r_0514,CLU_BIOMD0000000471,train,retrievable_top1_success,False,7+,chebi+kegg_compound,ok,1
BIOMD0000000471,r_0525,CLU_BIOMD0000000471,train,retrievable_rerank_failure,False,3-4,chebi+kegg_compound,ok,115
BIOMD0000000471,r_0528,CLU_BIOMD0000000471,train,retrievable_top1_success,False,3-4,chebi+kegg_compound,ok,1
BIOMD0000000471,r_0534,CLU_BIOMD0000000471,train,empty_constrained,False,3-4,chebi+kegg_compound,no_candidates,0
BIOMD0000000471,r_0536,CLU_BIOMD0000000471,train,empty_constrained,False,3-4,chebi+kegg_compound,no_candidates,0
BIOMD0000000471,r_0537,CLU_BIOMD0000000471,train,unconstrained,False,3-4,chebi+kegg_compound,unconstrained_candidate_set,0
BIOMD0000000471,r_0538,CLU_BIOMD0000000471,train,nonempty_answer_absent,False,3-4,chebi+kegg_compound,ok,61
BIOMD0000000471,r_0539,CLU_BIOMD0000000471,train,retrievable_top1_success,False,5-6,chebi+kegg_compound,ok,1
BIOMD0000000471,r_0542,CLU_BIOMD0000000471,train,nonempty_answer_absent,False,1-2,chebi+kegg_compound,ok,1
BIOMD0000000471,r_0543,CLU_BIOMD0000000471,train,retrievable_top1_success,False,3-4,chebi+kegg_compound,ok,1
BIOMD0000000471,r_0547,CLU_BIOMD0000000471,train,empty_constrained,False,3-4,chebi+kegg_compound,no_candidates,0
BIOMD0000000471,r_0548,CLU_BIOMD0000000471,train,retrievable_top1_success,False,3-4,chebi+kegg_compound,ok,1
BIOMD0000000471,r_0549,CLU_BIOMD0000000471,train,retrievable_top1_success,False,3-4,chebi+kegg_compound,ok,1
BIOMD0000000471,r_0558,CLU_BIOMD0000000471,train,empty_constrained,False,5-6,chebi+kegg_compound,no_candidates,0
BIOMD0000000471,r_0559,CLU_BIOMD0000000471,train,nonempty_answer_absent,False,3-4,chebi+kegg_compound,ok,3
BIOMD0000000471,r_0563,CLU_BIOMD0000000471,train,retrievable_top1_success,False,5-6,chebi+kegg_compound,ok,1
BIOMD0000000471,r_0564,CLU_BIOMD0000000471,train,retrievable_top1_success,False,1-2,chebi+kegg_compound,ok,1
BIOMD0000000471,r_0565,CLU_BIOMD0000000471,train,nonempty_answer_absent,False,3-4,chebi+kegg_compound,ok,166
BIOMD0000000471,r_0566,CLU_BIOMD0000000471,train,nonempty_answer_absent,False,3-4,chebi+kegg_compound,ok,29
BIOMD0000000471,r_0570,CLU_BIOMD0000000471,train,unconstrained,False,1-2,chebi+kegg_compound,unconstrained_candidate_set,0
BIOMD0000000471,r_0594,CLU_BIOMD0000000471,train,empty_constrained,False,3-4,chebi+kegg_compound,no_candidates,0
BIOMD0000000471,r_0658,CLU_BIOMD0000000471,train,empty_constrained,False,5-6,chebi+kegg_compound,no_candidates,0
BIOMD0000000471,r_0661,CLU_BIOMD0000000471,train,empty_constrained,False,5-6,chebi+kegg_compound,no_candidates,0
BIOMD0000000471,r_0663,CLU_BIOMD0000000471,train,empty_constrained,False,3-4,chebi+kegg_compound,no_candidates,0
BIOMD0000000471,r_0665,CLU_BIOMD0000000471,train,retrievable_top1_success,False,5-6,chebi+kegg_compound,ok,1
BIOMD0000000471,r_0667,CLU_BIOMD0000000471,train,retrievable_top1_success,False,1-2,chebi+kegg_compound,ok,1
BIOMD0000000471,r_0674,CLU_BIOMD0000000471,train,empty_constrained,False,3-4,chebi+kegg_compound,no_candidates,0
BIOMD0000000471,r_0698,CLU_BIOMD0000000471,train,retrievable_top1_success,False,1-2,chebi+kegg_compound,ok,1
BIOMD0000000471,r_0699,CLU_BIOMD0000000471,train,empty_constrained,False,3-4,chebi+kegg_compound,no_candidates,0
BIOMD0000000471,r_0701,CLU_BIOMD0000000471,train,retrievable_top1_success,False,5-6,chebi+kegg_compound,ok,1
BIOMD0000000471,r_0711,CLU_BIOMD0000000471,train,retrievable_top1_success,False,5-6,chebi+kegg_compound,ok,1
BIOMD0000000471,r_0713,CLU_BIOMD0000000471,train,empty_constrained,False,3-4,chebi+kegg_compound,no_candidates,0
BIOMD0000000471,r_0722,CLU_BIOMD0000000471,train,retrievable_top1_success,False,3-4,chebi+kegg_compound,ok,1
BIOMD0000000471,r_0723,CLU_BIOMD0000000471,train,nonempty_answer_absent,False,1-2,chebi+kegg_compound,ok,7
BIOMD0000000471,r_0724,CLU_BIOMD0000000471,train,retrievable_top1_success,False,1-2,chebi+kegg_compound,ok,1
BIOMD0000000471,r_0726,CLU_BIOMD0000000471,train,nonempty_answer_absent,False,5-6,chebi+kegg_compound,ok,1
BIOMD0000000471,r_0727,CLU_BIOMD0000000471,train,retrievable_top1_success,False,3-4,chebi+kegg_compound,ok,1
BIOMD0000000471,r_0729,CLU_BIOMD0000000471,train,retrievable_top1_success,False,5-6,chebi+kegg_compound,ok,1
BIOMD0000000471,r_0731,CLU_BIOMD0000000471,train,nonempty_answer_absent,False,3-4,chebi+kegg_compound,ok,166
BIOMD0000000471,r_0732,CLU_BIOMD0000000471,train,nonempty_answer_absent,False,3-4,chebi+kegg_compound,ok,166
BIOMD0000000471,r_0739,CLU_BIOMD0000000471,train,nonempty_answer_absent,False,5-6,chebi+kegg_compound,ok,29
BIOMD0000000471,r_0757,CLU_BIOMD0000000471,train,retrievable_top1_success,False,3-4,chebi+kegg_compound,ok,1
BIOMD0000000471,r_0759,CLU_BIOMD0000000471,train,empty_constrained,False,5-6,chebi+kegg_compound,no_candidates,0
BIOMD0000000471,r_0792,CLU_BIOMD0000000471,train,retrievable_top1_success,False,3-4,chebi+kegg_compound,ok,1
BIOMD0000000471,r_0800,CLU_BIOMD0000000471,train,retrievable_top1_success,False,3-4,chebi+kegg_compound,ok,1
BIOMD0000000471,r_0811,CLU_BIOMD0000000471,train,retrievable_top1_success,False,3-4,chebi+kegg_compound,ok,1
BIOMD0000000471,r_0813,CLU_BIOMD0000000471,train,retrievable_top1_success,False,3-4,chebi+kegg_compound,ok,1
BIOMD0000000471,r_0820,CLU_BIOMD0000000471,train,unconstrained,False,3-4,chebi+kegg_compound,unconstrained_candidate_set,0
BIOMD0000000471,r_0821,CLU_BIOMD0000000471,train,retrievable_top1_success,False,3-4,chebi+kegg_compound,ok,1
BIOMD0000000471,r_0851,CLU_BIOMD0000000471,train,empty_constrained,False,3-4,chebi+kegg_compound,no_candidates,0
BIOMD0000000471,r_0852,CLU_BIOMD0000000471,train,retrievable_top1_success,False,5-6,chebi+kegg_compound,ok,1
BIOMD0000000471,r_0855,CLU_BIOMD0000000471,train,retrievable_top1_success,False,5-6,chebi+kegg_compound,ok,1
BIOMD0000000471,r_0858,CLU_BIOMD0000000471,train,retrievable_top1_success,False,3-4,chebi+kegg_compound,ok,1
BIOMD0000000471,r_0874,CLU_BIOMD0000000471,train,retrievable_top1_success,False,3-4,chebi+kegg_compound,ok,1
BIOMD0000000471,r_0877,CLU_BIOMD0000000471,train,retrievable_top1_success,False,3-4,chebi+kegg_compound,ok,1
BIOMD0000000471,r_0880,CLU_BIOMD0000000471,train,retrievable_top1_success,False,3-4,chebi+kegg_compound,ok,1
BIOMD0000000471,r_0886,CLU_BIOMD0000000471,train,retrievable_top1_success,False,3-4,chebi+kegg_compound,ok,2
BIOMD0000000471,r_0888,CLU_BIOMD0000000471,train,empty_constrained,False,1-2,chebi+kegg_compound,no_candidates,0
BIOMD0000000471,r_0891,CLU_BIOMD0000000471,train,empty_constrained,False,3-4,chebi+kegg_compound,no_candidates,0
BIOMD0000000471,r_0892,CLU_BIOMD0000000471,train,unconstrained,False,3-4,chebi+kegg_compound,unconstrained_candidate_set,0
BIOMD0000000471,r_0893,CLU_BIOMD0000000471,train,unconstrained,False,1-2,chebi+kegg_compound,unconstrained_candidate_set,0
BIOMD0000000471,r_0900,CLU_BIOMD0000000471,train,retrievable_top1_success,False,3-4,chebi+kegg_compound,ok,1
BIOMD0000000471,r_0901,CLU_BIOMD0000000471,train,retrievable_top1_success,False,3-4,chebi+kegg_compound,ok,1
BIOMD0000000471,r_0902,CLU_BIOMD0000000471,train,retrievable_top1_success,False,1-2,chebi+kegg_compound,ok,1
BIOMD0000000471,r_0904,CLU_BIOMD0000000471,train,nonempty_answer_absent,False,3-4,chebi+kegg_compound,ok,454
BIOMD0000000471,r_0908,CLU_BIOMD0000000471,train,unconstrained,False,5-6,chebi+kegg_compound,unconstrained_candidate_set,0
BIOMD0000000471,r_0909,CLU_BIOMD0000000471,train,retrievable_top1_success,False,1-2,chebi+kegg_compound,ok,1
BIOMD0000000471,r_0910,CLU_BIOMD0000000471,train,retrievable_top1_success,False,3-4,chebi+kegg_compound,ok,1
BIOMD0000000471,r_0911,CLU_BIOMD0000000471,train,nonempty_answer_absent,False,5-6,chebi+kegg_compound,ok,52
BIOMD0000000471,r_0912,CLU_BIOMD0000000471,train,retrievable_top1_success,False,3-4,chebi+kegg_compound,ok,1
BIOMD0000000471,r_0913,CLU_BIOMD0000000471,train,empty_constrained,False,1-2,chebi+kegg_compound,no_candidates,0
BIOMD0000000471,r_0914,CLU_BIOMD0000000471,train,retrievable_top1_success,False,5-6,chebi+kegg_compound,ok,1
BIOMD0000000471,r_0915,CLU_BIOMD0000000471,train,nonempty_answer_absent,False,5-6,chebi+kegg_compound,ok,42
BIOMD0000000471,r_0917,CLU_BIOMD0000000471,train,retrievable_top1_success,False,3-4,chebi+kegg_compound,ok,1
BIOMD0000000471,r_0918,CLU_BIOMD0000000471,train,empty_constrained,False,3-4,chebi+kegg_compound,no_candidates,0
BIOMD0000000471,r_0922,CLU_BIOMD0000000471,train,empty_constrained,False,5-6,chebi+kegg_compound,no_candidates,0
BIOMD0000000471,r_0938,CLU_BIOMD0000000471,train,retrievable_top1_success,False,3-4,chebi+kegg_compound,ok,4
BIOMD0000000471,r_0939,CLU_BIOMD0000000471,train,empty_constrained,False,5-6,chebi+kegg_compound,no_candidates,0
BIOMD0000000471,r_0941,CLU_BIOMD0000000471,train,retrievable_top1_success,False,5-6,chebi+kegg_compound,ok,1
BIOMD0000000471,r_0958,CLU_BIOMD0000000471,train,retrievable_top1_success,False,5-6,chebi+kegg_compound,ok,1
BIOMD0000000471,r_0961,CLU_BIOMD0000000471,train,empty_constrained,False,5-6,chebi+kegg_compound,no_candidates,0
BIOMD0000000471,r_0962,CLU_BIOMD0000000471,train,nonempty_answer_absent,False,3-4,chebi+kegg_compound,ok,5
BIOMD0000000471,r_0967,CLU_BIOMD0000000471,train,retrievable_top1_success,False,3-4,chebi+kegg_compound,ok,1
BIOMD0000000471,r_0968,CLU_BIOMD0000000471,train,retrievable_top1_success,False,3-4,chebi+kegg_compound,ok,1
BIOMD0000000471,r_0970,CLU_BIOMD0000000471,train,nonempty_answer_absent,False,3-4,chebi+kegg_compound,ok,13
BIOMD0000000471,r_0973,CLU_BIOMD0000000471,train,nonempty_answer_absent,False,3-4,chebi+kegg_compound,ok,13
BIOMD0000000471,r_0974,CLU_BIOMD0000000471,train,nonempty_answer_absent,False,3-4,chebi+kegg_compound,ok,13
BIOMD0000000471,r_0976,CLU_BIOMD0000000471,train,nonempty_answer_absent,False,3-4,chebi+kegg_compound,ok,13
BIOMD0000000471,r_0978,CLU_BIOMD0000000471,train,nonempty_answer_absent,False,3-4,chebi+kegg_compound,ok,13
BIOMD0000000471,r_0984,CLU_BIOMD0000000471,train,unconstrained,False,1-2,chebi+kegg_compound,unconstrained_candidate_set,0
BIOMD0000000471,r_0986,CLU_BIOMD0000000471,train,retrievable_top1_success,False,3-4,chebi+kegg_compound,ok,1
BIOMD0000000471,r_0988,CLU_BIOMD0000000471,train,nonempty_answer_absent,False,5-6,chebi+kegg_compound,ok,5
BIOMD0000000471,r_0989,CLU_BIOMD0000000471,train,empty_constrained,False,5-6,chebi+kegg_compound,no_candidates,0
BIOMD0000000471,r_0993,CLU_BIOMD0000000471,train,retrievable_top1_success,False,5-6,chebi+kegg_compound,ok,1
BIOMD0000000471,r_0995,CLU_BIOMD0000000471,train,retrievable_top1_success,False,5-6,chebi+kegg_compound,ok,1
BIOMD0000000471,r_0996,CLU_BIOMD0000000471,train,empty_constrained,False,3-4,chebi+kegg_compound,no_candidates,0
BIOMD0000000471,r_0997,CLU_BIOMD0000000471,train,unconstrained,False,3-4,chebi+kegg_compound,unconstrained_candidate_set,0
BIOMD0000000471,r_1011,CLU_BIOMD0000000471,train,empty_constrained,False,5-6,chebi+kegg_compound,no_candidates,0
BIOMD0000000471,r_1012,CLU_BIOMD0000000471,train,empty_constrained,False,5-6,chebi+kegg_compound,no_candidates,0
BIOMD0000000471,r_1026,CLU_BIOMD0000000471,train,retrievable_top1_success,False,3-4,chebi+kegg_compound,ok,1
BIOMD0000000471,r_1038,CLU_BIOMD0000000471,train,empty_constrained,False,3-4,chebi+kegg_compound,no_candidates,0
BIOMD0000000471,r_1041,CLU_BIOMD0000000471,train,retrievable_top1_success,False,3-4,chebi+kegg_compound,ok,1
BIOMD0000000471,r_1042,CLU_BIOMD0000000471,train,retrievable_top1_success,False,5-6,chebi+kegg_compound,ok,1
BIOMD0000000471,r_1045,CLU_BIOMD0000000471,train,retrievable_top1_success,False,3-4,chebi+kegg_compound,ok,1
BIOMD0000000471,r_1051,CLU_BIOMD0000000471,train,retrievable_top1_success,False,3-4,chebi+kegg_compound,ok,1
BIOMD0000000471,r_1057,CLU_BIOMD0000000471,train,retrievable_top1_success,False,5-6,chebi+kegg_compound,ok,1
BIOMD0000000471,r_1063,CLU_BIOMD0000000471,train,empty_constrained,False,3-4,chebi+kegg_compound,no_candidates,0
BIOMD0000000471,r_1066,CLU_BIOMD0000000471,train,retrievable_top1_success,False,5-6,chebi+kegg_compound,ok,1
BIOMD0000000471,r_1072,CLU_BIOMD0000000471,train,retrievable_top1_success,False,3-4,chebi+kegg_compound,ok,1
BIOMD0000000471,r_1084,CLU_BIOMD0000000471,train,empty_constrained,False,3-4,chebi+kegg_compound,no_candidates,0
BIOMD0000000471,r_1087,CLU_BIOMD0000000471,train,empty_constrained,False,3-4,chebi+kegg_compound,no_candidates,0
BIOMD0000000471,r_1089,CLU_BIOMD0000000471,train,retrievable_top1_success,False,5-6,chebi+kegg_compound,ok,1
BIOMD0000000472,r_0005,CLU_BIOMD0000000471,train,empty_constrained,False,3-4,chebi+kegg_compound,no_candidates,0
BIOMD0000000472,r_0007,CLU_BIOMD0000000471,train,retrievable_top1_success,False,1-2,chebi+kegg_compound,ok,1
BIOMD0000000472,r_0008,CLU_BIOMD0000000471,train,nonempty_answer_absent,False,3-4,chebi+kegg_compound,ok,46
BIOMD0000000472,r_0015,CLU_BIOMD0000000471,train,nonempty_answer_absent,False,3-4,chebi+kegg_compound,ok,115
BIOMD0000000472,r_0016,CLU_BIOMD0000000471,train,retrievable_top1_success,False,3-4,chebi+kegg_compound,ok,1
BIOMD0000000472,r_0018,CLU_BIOMD0000000471,train,nonempty_answer_absent,False,3-4,chebi+kegg_compound,ok,61
BIOMD0000000472,r_0020,CLU_BIOMD0000000471,train,nonempty_answer_absent,False,3-4,chebi+kegg_compound,ok,13
BIOMD0000000472,r_0023,CLU_BIOMD0000000471,train,retrievable_top1_success,False,1-2,chebi+kegg_compound,ok,1
BIOMD0000000472,r_0024,CLU_BIOMD0000000471,train,nonempty_answer_absent,False,3-4,chebi+kegg_compound,ok,20
BIOMD0000000472,r_0027,CLU_BIOMD0000000471,train,retrievable_top1_success,False,1-2,chebi+kegg_compound,ok,1
BIOMD0000000472,r_0029,CLU_BIOMD0000000471,train,nonempty_answer_absent,False,3-4,chebi+kegg_compound,ok,1
BIOMD0000000472,r_0032,CLU_BIOMD0000000471,train,retrievable_top1_success,False,3-4,chebi+kegg_compound,ok,1
BIOMD0000000472,r_0038,CLU_BIOMD0000000471,train,retrievable_top1_success,False,3-4,chebi+kegg_compound,ok,1
BIOMD0000000472,r_0039,CLU_BIOMD0000000471,train,retrievable_top1_success,False,1-2,chebi+kegg_compound,ok,1
BIOMD0000000472,r_0040,CLU_BIOMD0000000471,train,empty_constrained,False,3-4,chebi+kegg_compound,no_candidates,0
BIOMD0000000472,r_0041,CLU_BIOMD0000000471,train,nonempty_answer_absent,False,3-4,chebi+kegg_compound,ok,115
BIOMD0000000472,r_0060,CLU_BIOMD0000000471,train,empty_constrained,False,1-2,chebi+kegg_compound,no_candidates,0
BIOMD0000000472,r_0061,CLU_BIOMD0000000471,train,empty_constrained,False,3-4,chebi+kegg_compound,no_candidates,0
BIOMD0000000472,r_0065,CLU_BIOMD0000000471,train,retrievable_top1_success,False,3-4,chebi+kegg_compound,ok,1
BIOMD0000000472,r_0079,CLU_BIOMD0000000471,train,retrievable_top1_success,False,7+,chebi+kegg_compound,ok,1
BIOMD0000000472,r_0080,CLU_BIOMD0000000471,train,nonempty_answer_absent,False,3-4,chebi+kegg_compound,ok,115
BIOMD0000000472,r_0097,CLU_BIOMD0000000471,train,nonempty_answer_absent,False,3-4,chebi+kegg_compound,ok,17
BIOMD0000000472,r_0108,CLU_BIOMD0000000471,train,retrievable_top1_success,False,5-6,chebi+kegg_compound,ok,1
BIOMD0000000472,r_0115,CLU_BIOMD0000000471,train,retrievable_top1_success,False,3-4,chebi+kegg_compound,ok,1
BIOMD0000000472,r_0118,CLU_BIOMD0000000471,train,empty_constrained,False,3-4,chebi+kegg_compound,no_candidates,0
BIOMD0000000472,r_0142,CLU_BIOMD0000000471,train,retrievable_top1_success,False,3-4,chebi+kegg_compound,ok,1
BIOMD0000000472,r_0144,CLU_BIOMD0000000471,train,retrievable_top1_success,False,3-4,chebi+kegg_compound,ok,1
BIOMD0000000472,r_0148,CLU_BIOMD0000000471,train,retrievable_top1_success,False,3-4,chebi+kegg_compound,ok,1
BIOMD0000000472,r_0151,CLU_BIOMD0000000471,train,retrievable_top1_success,False,3-4,chebi+kegg_compound,ok,1
BIOMD0000000472,r_0152,CLU_BIOMD0000000471,train,retrievable_top1_success,False,3-4,chebi+kegg_compound,ok,1
BIOMD0000000472,r_0153,CLU_BIOMD0000000471,train,retrievable_top1_success,False,5-6,chebi+kegg_compound,ok,1
BIOMD0000000472,r_0154,CLU_BIOMD0000000471,train,retrievable_top1_success,False,3-4,chebi+kegg_compound,ok,1
BIOMD0000000472,r_0157,CLU_BIOMD0000000471,train,retrievable_top1_success,False,5-6,chebi+kegg_compound,ok,1
BIOMD0000000472,r_0195,CLU_BIOMD0000000471,train,empty_constrained,False,3-4,chebi+kegg_compound,no_candidates,0
BIOMD0000000472,r_0202,CLU_BIOMD0000000471,train,empty_constrained,False,3-4,chebi+kegg_compound,no_candidates,0
BIOMD0000000472,r_0203,CLU_BIOMD0000000471,train,retrievable_top1_success,False,5-6,chebi+kegg_compound,ok,1
BIOMD0000000472,r_0207,CLU_BIOMD0000000471,train,retrievable_top1_success,False,3-4,chebi+kegg_compound,ok,1
BIOMD0000000472,r_0208,CLU_BIOMD0000000471,train,retrievable_top1_success,False,5-6,chebi+kegg_compound,ok,1
BIOMD0000000472,r_0209,CLU_BIOMD0000000471,train,retrievable_top1_success,False,5-6,chebi+kegg_compound,ok,1
BIOMD0000000472,r_0211,CLU_BIOMD0000000471,train,retrievable_top1_success,False,7+,chebi+kegg_compound,ok,1
BIOMD0000000472,r_0212,CLU_BIOMD0000000471,train,retrievable_top1_success,False,5-6,chebi+kegg_compound,ok,1
BIOMD0000000472,r_0214,CLU_BIOMD0000000471,train,retrievable_top1_success,False,3-4,chebi+kegg_compound,ok,1
BIOMD0000000472,r_0215,CLU_BIOMD0000000471,train,retrievable_top1_success,False,3-4,chebi+kegg_compound,ok,1
BIOMD0000000472,r_0216,CLU_BIOMD0000000471,train,empty_constrained,False,3-4,chebi+kegg_compound,no_candidates,0
BIOMD0000000472,r_0219,CLU_BIOMD0000000471,train,empty_constrained,False,5-6,chebi+kegg_compound,no_candidates,0
BIOMD0000000472,r_0220,CLU_BIOMD0000000471,train,retrievable_top1_success,False,5-6,chebi+kegg_compound,ok,1
BIOMD0000000472,r_0225,CLU_BIOMD0000000471,train,unconstrained,False,3-4,chebi+kegg_compound,unconstrained_candidate_set,0
BIOMD0000000472,r_0231,CLU_BIOMD0000000471,train,empty_constrained,False,3-4,chebi+kegg_compound,no_candidates,0
BIOMD0000000472,r_0236,CLU_BIOMD0000000471,train,empty_constrained,False,3-4,chebi+kegg_compound,no_candidates,0
BIOMD0000000472,r_0241,CLU_BIOMD0000000471,train,empty_constrained,False,5-6,chebi+kegg_compound,no_candidates,0
BIOMD0000000472,r_0243,CLU_BIOMD0000000471,train,retrievable_top1_success,False,1-2,chebi+kegg_compound,ok,1
BIOMD0000000472,r_0244,CLU_BIOMD0000000471,train,empty_constrained,False,3-4,chebi+kegg_compound,no_candidates,0
BIOMD0000000472,r_0250,CLU_BIOMD0000000471,train,retrievable_top1_success,False,7+,chebi+kegg_compound,ok,1
BIOMD0000000472,r_0257,CLU_BIOMD0000000471,train,retrievable_top1_success,False,3-4,chebi+kegg_compound,ok,1
BIOMD0000000472,r_0278,CLU_BIOMD0000000471,train,retrievable_top1_success,False,1-2,chebi+kegg_compound,ok,1
BIOMD0000000472,r_0279,CLU_BIOMD0000000471,train,retrievable_top1_success,False,3-4,chebi+kegg_compound,ok,1
BIOMD0000000472,r_0280,CLU_BIOMD0000000471,train,empty_constrained,False,1-2,chebi+kegg_compound,no_candidates,0
BIOMD0000000472,r_0302,CLU_BIOMD0000000471,train,retrievable_top1_success,False,1-2,chebi+kegg_compound,ok,1
BIOMD0000000472,r_0309,CLU_BIOMD0000000471,train,retrievable_top1_success,False,3-4,chebi+kegg_compound,ok,2
BIOMD0000000472,r_0311,CLU_BIOMD0000000471,train,retrievable_top1_success,False,3-4,chebi+kegg_compound,ok,1
BIOMD0000000472,r_0313,CLU_BIOMD0000000471,train,retrievable_top1_success,False,5-6,chebi+kegg_compound,ok,1
BIOMD0000000472,r_0317,CLU_BIOMD0000000471,train,empty_constrained,False,5-6,chebi+kegg_compound,no_candidates,0
BIOMD0000000472,r_0330,CLU_BIOMD0000000471,train,unconstrained,False,3-4,chebi+kegg_compound,unconstrained_candidate_set,0
BIOMD0000000472,r_0344,CLU_BIOMD0000000471,train,nonempty_answer_absent,False,3-4,chebi+kegg_compound,ok,1
BIOMD0000000472,r_0349,CLU_BIOMD0000000471,train,unconstrained,False,1-2,chebi+kegg_compound,unconstrained_candidate_set,0
BIOMD0000000472,r_0352,CLU_BIOMD0000000471,train,retrievable_top1_success,False,1-2,chebi+kegg_compound,ok,2
BIOMD0000000472,r_0353,CLU_BIOMD0000000471,train,retrievable_top1_success,False,1-2,chebi+kegg_compound,ok,1
BIOMD0000000472,r_0355,CLU_BIOMD0000000471,train,retrievable_top1_success,False,3-4,chebi+kegg_compound,ok,1
BIOMD0000000472,r_0361,CLU_BIOMD0000000471,train,retrievable_top1_success,False,3-4,chebi+kegg_compound,ok,1
BIOMD0000000472,r_0364,CLU_BIOMD0000000471,train,retrievable_top1_success,False,3-4,chebi+kegg_compound,ok,1
BIOMD0000000472,r_0366,CLU_BIOMD0000000471,train,retrievable_rerank_failure,False,1-2,chebi+kegg_compound,ok,454
BIOMD0000000472,r_0438,CLU_BIOMD0000000471,train,retrievable_top1_success,False,3-4,chebi+kegg_compound,ok,3
BIOMD0000000472,r_0446,CLU_BIOMD0000000471,train,nonempty_answer_absent,False,5-6,chebi+kegg_compound,ok,1
BIOMD0000000472,r_0451,CLU_BIOMD0000000471,train,empty_constrained,False,1-2,chebi+kegg_compound,no_candidates,0
BIOMD0000000472,r_0462,CLU_BIOMD0000000471,train,retrievable_top1_success,False,3-4,chebi+kegg_compound,ok,1
BIOMD0000000472,r_0467,CLU_BIOMD0000000471,train,empty_constrained,False,1-2,chebi+kegg_compound,no_candidates,0
BIOMD0000000472,r_0478,CLU_BIOMD0000000471,train,retrievable_top1_success,False,5-6,chebi+kegg_compound,ok,1
BIOMD0000000472,r_0479,CLU_BIOMD0000000471,train,retrievable_top1_success,False,5-6,chebi+kegg_compound,ok,1
BIOMD0000000472,r_0481,CLU_BIOMD0000000471,train,nonempty_answer_absent,False,3-4,chebi+kegg_compound,ok,115
BIOMD0000000472,r_0483,CLU_BIOMD0000000471,train,retrievable_top1_success,False,3-4,chebi+kegg_compound,ok,1
BIOMD0000000472,r_0491,CLU_BIOMD0000000471,train,nonempty_answer_absent,False,3-4,chebi+kegg_compound,ok,115
BIOMD0000000472,r_0495,CLU_BIOMD0000000471,train,retrievable_top1_success,False,3-4,chebi+kegg_compound,ok,1
BIOMD0000000472,r_0499,CLU_BIOMD0000000471,train,retrievable_top1_success,False,3-4,chebi+kegg_compound,ok,1
BIOMD0000000472,r_0502,CLU_BIOMD0000000471,train,empty_constrained,False,3-4,chebi+kegg_compound,no_candidates,0
BIOMD0000000472,r_0512,CLU_BIOMD0000000471,train,retrievable_top1_success,False,5-6,chebi+kegg_compound,ok,1
BIOMD0000000472,r_0514,CLU_BIOMD0000000471,train,retrievable_top1_success,False,7+,chebi+kegg_compound,ok,1
BIOMD0000000472,r_0525,CLU_BIOMD0000000471,train,retrievable_rerank_failure,False,3-4,chebi+kegg_compound,ok,115
BIOMD0000000472,r_0528,CLU_BIOMD0000000471,train,retrievable_top1_success,False,3-4,chebi+kegg_compound,ok,1
BIOMD0000000472,r_0534,CLU_BIOMD0000000471,train,empty_constrained,False,3-4,chebi+kegg_compound,no_candidates,0
BIOMD0000000472,r_0536,CLU_BIOMD0000000471,train,empty_constrained,False,3-4,chebi+kegg_compound,no_candidates,0
BIOMD0000000472,r_0537,CLU_BIOMD0000000471,train,unconstrained,False,3-4,chebi+kegg_compound,unconstrained_candidate_set,0
BIOMD0000000472,r_0538,CLU_BIOMD0000000471,train,nonempty_answer_absent,False,3-4,chebi+kegg_compound,ok,61
BIOMD0000000472,r_0539,CLU_BIOMD0000000471,train,retrievable_top1_success,False,5-6,chebi+kegg_compound,ok,1
BIOMD0000000472,r_0542,CLU_BIOMD0000000471,train,nonempty_answer_absent,False,1-2,chebi+kegg_compound,ok,1
BIOMD0000000472,r_0543,CLU_BIOMD0000000471,train,retrievable_top1_success,False,3-4,chebi+kegg_compound,ok,1
BIOMD0000000472,r_0547,CLU_BIOMD0000000471,train,empty_constrained,False,3-4,chebi+kegg_compound,no_candidates,0
BIOMD0000000472,r_0548,CLU_BIOMD0000000471,train,retrievable_top1_success,False,3-4,chebi+kegg_compound,ok,1
BIOMD0000000472,r_0549,CLU_BIOMD0000000471,train,retrievable_top1_success,False,3-4,chebi+kegg_compound,ok,1
BIOMD0000000472,r_0558,CLU_BIOMD0000000471,train,empty_constrained,False,5-6,chebi+kegg_compound,no_candidates,0
BIOMD0000000472,r_0559,CLU_BIOMD0000000471,train,nonempty_answer_absent,False,3-4,chebi+kegg_compound,ok,3
BIOMD0000000472,r_0563,CLU_BIOMD0000000471,train,retrievable_top1_success,False,5-6,chebi+kegg_compound,ok,1
BIOMD0000000472,r_0564,CLU_BIOMD0000000471,train,retrievable_top1_success,False,1-2,chebi+kegg_compound,ok,1
BIOMD0000000472,r_0565,CLU_BIOMD0000000471,train,nonempty_answer_absent,False,3-4,chebi+kegg_compound,ok,166
BIOMD0000000472,r_0566,CLU_BIOMD0000000471,train,nonempty_answer_absent,False,3-4,chebi+kegg_compound,ok,29
BIOMD0000000472,r_0570,CLU_BIOMD0000000471,train,unconstrained,False,1-2,chebi+kegg_compound,unconstrained_candidate_set,0
BIOMD0000000472,r_0594,CLU_BIOMD0000000471,train,empty_constrained,False,3-4,chebi+kegg_compound,no_candidates,0
BIOMD0000000472,r_0658,CLU_BIOMD0000000471,train,empty_constrained,False,5-6,chebi+kegg_compound,no_candidates,0
BIOMD0000000472,r_0661,CLU_BIOMD0000000471,train,empty_constrained,False,5-6,chebi+kegg_compound,no_candidates,0
BIOMD0000000472,r_0663,CLU_BIOMD0000000471,train,empty_constrained,False,3-4,chebi+kegg_compound,no_candidates,0
BIOMD0000000472,r_0665,CLU_BIOMD0000000471,train,retrievable_top1_success,False,5-6,chebi+kegg_compound,ok,1
BIOMD0000000472,r_0667,CLU_BIOMD0000000471,train,retrievable_top1_success,False,1-2,chebi+kegg_compound,ok,1
BIOMD0000000472,r_0674,CLU_BIOMD0000000471,train,empty_constrained,False,3-4,chebi+kegg_compound,no_candidates,0
BIOMD0000000472,r_0698,CLU_BIOMD0000000471,train,retrievable_top1_success,False,1-2,chebi+kegg_compound,ok,1
BIOMD0000000472,r_0699,CLU_BIOMD0000000471,train,empty_constrained,False,3-4,chebi+kegg_compound,no_candidates,0
BIOMD0000000472,r_0701,CLU_BIOMD0000000471,train,retrievable_top1_success,False,5-6,chebi+kegg_compound,ok,1
BIOMD0000000472,r_0711,CLU_BIOMD0000000471,train,retrievable_top1_success,False,5-6,chebi+kegg_compound,ok,1
BIOMD0000000472,r_0713,CLU_BIOMD0000000471,train,empty_constrained,False,3-4,chebi+kegg_compound,no_candidates,0
BIOMD0000000472,r_0722,CLU_BIOMD0000000471,train,retrievable_top1_success,False,3-4,chebi+kegg_compound,ok,1
BIOMD0000000472,r_0723,CLU_BIOMD0000000471,train,nonempty_answer_absent,False,1-2,chebi+kegg_compound,ok,7
BIOMD0000000472,r_0724,CLU_BIOMD0000000471,train,retrievable_top1_success,False,1-2,chebi+kegg_compound,ok,1
BIOMD0000000472,r_0726,CLU_BIOMD0000000471,train,nonempty_answer_absent,False,5-6,chebi+kegg_compound,ok,1
BIOMD0000000472,r_0727,CLU_BIOMD0000000471,train,retrievable_top1_success,False,3-4,chebi+kegg_compound,ok,1
BIOMD0000000472,r_0729,CLU_BIOMD0000000471,train,retrievable_top1_success,False,5-6,chebi+kegg_compound,ok,1
BIOMD0000000472,r_0731,CLU_BIOMD0000000471,train,nonempty_answer_absent,False,3-4,chebi+kegg_compound,ok,166
BIOMD0000000472,r_0732,CLU_BIOMD0000000471,train,nonempty_answer_absent,False,3-4,chebi+kegg_compound,ok,166
BIOMD0000000472,r_0739,CLU_BIOMD0000000471,train,nonempty_answer_absent,False,5-6,chebi+kegg_compound,ok,29
BIOMD0000000472,r_0757,CLU_BIOMD0000000471,train,retrievable_top1_success,False,3-4,chebi+kegg_compound,ok,1
BIOMD0000000472,r_0759,CLU_BIOMD0000000471,train,empty_constrained,False,5-6,chebi+kegg_compound,no_candidates,0
BIOMD0000000472,r_0792,CLU_BIOMD0000000471,train,retrievable_top1_success,False,3-4,chebi+kegg_compound,ok,1
BIOMD0000000472,r_0800,CLU_BIOMD0000000471,train,retrievable_top1_success,False,3-4,chebi+kegg_compound,ok,1
BIOMD0000000472,r_0811,CLU_BIOMD0000000471,train,retrievable_top1_success,False,3-4,chebi+kegg_compound,ok,1
BIOMD0000000472,r_0813,CLU_BIOMD0000000471,train,retrievable_top1_success,False,3-4,chebi+kegg_compound,ok,1
BIOMD0000000472,r_0820,CLU_BIOMD0000000471,train,unconstrained,False,3-4,chebi+kegg_compound,unconstrained_candidate_set,0
BIOMD0000000472,r_0821,CLU_BIOMD0000000471,train,retrievable_top1_success,False,3-4,chebi+kegg_compound,ok,1
BIOMD0000000472,r_0851,CLU_BIOMD0000000471,train,empty_constrained,False,3-4,chebi+kegg_compound,no_candidates,0
BIOMD0000000472,r_0852,CLU_BIOMD0000000471,train,retrievable_top1_success,False,5-6,chebi+kegg_compound,ok,1
BIOMD0000000472,r_0855,CLU_BIOMD0000000471,train,retrievable_top1_success,False,5-6,chebi+kegg_compound,ok,1
BIOMD0000000472,r_0858,CLU_BIOMD0000000471,train,retrievable_top1_success,False,3-4,chebi+kegg_compound,ok,1
BIOMD0000000472,r_0874,CLU_BIOMD0000000471,train,retrievable_top1_success,False,3-4,chebi+kegg_compound,ok,1
BIOMD0000000472,r_0877,CLU_BIOMD0000000471,train,retrievable_top1_success,False,3-4,chebi+kegg_compound,ok,1
BIOMD0000000472,r_0880,CLU_BIOMD0000000471,train,retrievable_top1_success,False,3-4,chebi+kegg_compound,ok,1
BIOMD0000000472,r_0886,CLU_BIOMD0000000471,train,retrievable_top1_success,False,3-4,chebi+kegg_compound,ok,2
BIOMD0000000472,r_0888,CLU_BIOMD0000000471,train,empty_constrained,False,1-2,chebi+kegg_compound,no_candidates,0
BIOMD0000000472,r_0891,CLU_BIOMD0000000471,train,empty_constrained,False,3-4,chebi+kegg_compound,no_candidates,0
BIOMD0000000472,r_0892,CLU_BIOMD0000000471,train,unconstrained,False,3-4,chebi+kegg_compound,unconstrained_candidate_set,0
BIOMD0000000472,r_0893,CLU_BIOMD0000000471,train,unconstrained,False,1-2,chebi+kegg_compound,unconstrained_candidate_set,0
BIOMD0000000472,r_0900,CLU_BIOMD0000000471,train,retrievable_top1_success,False,3-4,chebi+kegg_compound,ok,1
BIOMD0000000472,r_0901,CLU_BIOMD0000000471,train,retrievable_top1_success,False,3-4,chebi+kegg_compound,ok,1
BIOMD0000000472,r_0902,CLU_BIOMD0000000471,train,retrievable_top1_success,False,1-2,chebi+kegg_compound,ok,1
BIOMD0000000472,r_0904,CLU_BIOMD0000000471,train,nonempty_answer_absent,False,3-4,chebi+kegg_compound,ok,454
BIOMD0000000472,r_0908,CLU_BIOMD0000000471,train,unconstrained,False,5-6,chebi+kegg_compound,unconstrained_candidate_set,0
BIOMD0000000472,r_0909,CLU_BIOMD0000000471,train,retrievable_top1_success,False,1-2,chebi+kegg_compound,ok,1
BIOMD0000000472,r_0910,CLU_BIOMD0000000471,train,retrievable_top1_success,False,3-4,chebi+kegg_compound,ok,1
BIOMD0000000472,r_0911,CLU_BIOMD0000000471,train,nonempty_answer_absent,False,5-6,chebi+kegg_compound,ok,52
BIOMD0000000472,r_0912,CLU_BIOMD0000000471,train,retrievable_top1_success,False,3-4,chebi+kegg_compound,ok,1
BIOMD0000000472,r_0913,CLU_BIOMD0000000471,train,empty_constrained,False,1-2,chebi+kegg_compound,no_candidates,0
BIOMD0000000472,r_0914,CLU_BIOMD0000000471,train,retrievable_top1_success,False,5-6,chebi+kegg_compound,ok,1
BIOMD0000000472,r_0915,CLU_BIOMD0000000471,train,nonempty_answer_absent,False,5-6,chebi+kegg_compound,ok,42
BIOMD0000000472,r_0917,CLU_BIOMD0000000471,train,retrievable_top1_success,False,3-4,chebi+kegg_compound,ok,1
BIOMD0000000472,r_0918,CLU_BIOMD0000000471,train,empty_constrained,False,3-4,chebi+kegg_compound,no_candidates,0
BIOMD0000000472,r_0922,CLU_BIOMD0000000471,train,empty_constrained,False,5-6,chebi+kegg_compound,no_candidates,0
BIOMD0000000472,r_0938,CLU_BIOMD0000000471,train,retrievable_top1_success,False,3-4,chebi+kegg_compound,ok,4
BIOMD0000000472,r_0939,CLU_BIOMD0000000471,train,empty_constrained,False,5-6,chebi+kegg_compound,no_candidates,0
BIOMD0000000472,r_0941,CLU_BIOMD0000000471,train,retrievable_top1_success,False,5-6,chebi+kegg_compound,ok,1
BIOMD0000000472,r_0958,CLU_BIOMD0000000471,train,retrievable_top1_success,False,5-6,chebi+kegg_compound,ok,1
BIOMD0000000472,r_0961,CLU_BIOMD0000000471,train,empty_constrained,False,5-6,chebi+kegg_compound,no_candidates,0
BIOMD0000000472,r_0962,CLU_BIOMD0000000471,train,nonempty_answer_absent,False,3-4,chebi+kegg_compound,ok,5
BIOMD0000000472,r_0967,CLU_BIOMD0000000471,train,retrievable_top1_success,False,3-4,chebi+kegg_compound,ok,1
BIOMD0000000472,r_0968,CLU_BIOMD0000000471,train,retrievable_top1_success,False,3-4,chebi+kegg_compound,ok,1
BIOMD0000000472,r_0970,CLU_BIOMD0000000471,train,nonempty_answer_absent,False,3-4,chebi+kegg_compound,ok,13
BIOMD0000000472,r_0973,CLU_BIOMD0000000471,train,nonempty_answer_absent,False,3-4,chebi+kegg_compound,ok,13
BIOMD0000000472,r_0974,CLU_BIOMD0000000471,train,nonempty_answer_absent,False,3-4,chebi+kegg_compound,ok,13
BIOMD0000000472,r_0976,CLU_BIOMD0000000471,train,nonempty_answer_absent,False,3-4,chebi+kegg_compound,ok,13
BIOMD0000000472,r_0978,CLU_BIOMD0000000471,train,nonempty_answer_absent,False,3-4,chebi+kegg_compound,ok,13
BIOMD0000000472,r_0984,CLU_BIOMD0000000471,train,unconstrained,False,1-2,chebi+kegg_compound,unconstrained_candidate_set,0
BIOMD0000000472,r_0986,CLU_BIOMD0000000471,train,retrievable_top1_success,False,3-4,chebi+kegg_compound,ok,1
BIOMD0000000472,r_0988,CLU_BIOMD0000000471,train,nonempty_answer_absent,False,5-6,chebi+kegg_compound,ok,5
BIOMD0000000472,r_0989,CLU_BIOMD0000000471,train,empty_constrained,False,5-6,chebi+kegg_compound,no_candidates,0
BIOMD0000000472,r_0993,CLU_BIOMD0000000471,train,retrievable_top1_success,False,5-6,chebi+kegg_compound,ok,1
BIOMD0000000472,r_0995,CLU_BIOMD0000000471,train,retrievable_top1_success,False,5-6,chebi+kegg_compound,ok,1
BIOMD0000000472,r_0996,CLU_BIOMD0000000471,train,empty_constrained,False,3-4,chebi+kegg_compound,no_candidates,0
BIOMD0000000472,r_0997,CLU_BIOMD0000000471,train,unconstrained,False,3-4,chebi+kegg_compound,unconstrained_candidate_set,0
BIOMD0000000472,r_1011,CLU_BIOMD0000000471,train,empty_constrained,False,5-6,chebi+kegg_compound,no_candidates,0
BIOMD0000000472,r_1012,CLU_BIOMD0000000471,train,empty_constrained,False,5-6,chebi+kegg_compound,no_candidates,0
BIOMD0000000472,r_1026,CLU_BIOMD0000000471,train,retrievable_top1_success,False,3-4,chebi+kegg_compound,ok,1
BIOMD0000000472,r_1038,CLU_BIOMD0000000471,train,empty_constrained,False,3-4,chebi+kegg_compound,no_candidates,0
BIOMD0000000472,r_1041,CLU_BIOMD0000000471,train,retrievable_top1_success,False,3-4,chebi+kegg_compound,ok,1
BIOMD0000000472,r_1042,CLU_BIOMD0000000471,train,retrievable_top1_success,False,5-6,chebi+kegg_compound,ok,1
BIOMD0000000472,r_1045,CLU_BIOMD0000000471,train,retrievable_top1_success,False,3-4,chebi+kegg_compound,ok,1
BIOMD0000000472,r_1051,CLU_BIOMD0000000471,train,retrievable_top1_success,False,3-4,chebi+kegg_compound,ok,1
BIOMD0000000472,r_1057,CLU_BIOMD0000000471,train,retrievable_top1_success,False,5-6,chebi+kegg_compound,ok,1
BIOMD0000000472,r_1063,CLU_BIOMD0000000471,train,empty_constrained,False,3-4,chebi+kegg_compound,no_candidates,0
BIOMD0000000472,r_1066,CLU_BIOMD0000000471,train,retrievable_top1_success,False,5-6,chebi+kegg_compound,ok,1
BIOMD0000000472,r_1072,CLU_BIOMD0000000471,train,retrievable_top1_success,False,3-4,chebi+kegg_compound,ok,1
BIOMD0000000472,r_1084,CLU_BIOMD0000000471,train,empty_constrained,False,3-4,chebi+kegg_compound,no_candidates,0
BIOMD0000000472,r_1087,CLU_BIOMD0000000471,train,empty_constrained,False,3-4,chebi+kegg_compound,no_candidates,0
BIOMD0000000472,r_1089,CLU_BIOMD0000000471,train,retrievable_top1_success,False,5-6,chebi+kegg_compound,ok,1
BIOMD0000000473,ADH,CLU_BIOMD0000000471,train,empty_constrained,False,3-4,chebi+kegg_compound,no_candidates,0
BIOMD0000000473,AK,CLU_BIOMD0000000471,train,unconstrained,False,3-4,chebi+kegg_compound,unconstrained_candidate_set,0
BIOMD0000000473,ENO,CLU_BIOMD0000000471,train,retrievable_rerank_failure,False,1-2,chebi+kegg_compound,ok,454
BIOMD0000000473,GPM,CLU_BIOMD0000000471,train,unconstrained,False,1-2,chebi+kegg_compound,unconstrained_candidate_set,0
BIOMD0000000473,HXK,CLU_BIOMD0000000471,train,empty_constrained,False,3-4,chebi+kegg_compound,no_candidates,0
BIOMD0000000473,PDC,CLU_BIOMD0000000471,train,retrievable_top1_success,False,3-4,chebi+kegg_compound,ok,2
BIOMD0000000473,PFK,CLU_BIOMD0000000471,train,retrievable_top1_success,False,3-4,chebi+kegg_compound,ok,2
BIOMD0000000473,PGI,CLU_BIOMD0000000471,train,empty_constrained,False,1-2,chebi+kegg_compound,no_candidates,0
BIOMD0000000473,PGK,CLU_BIOMD0000000471,train,unconstrained,False,3-4,chebi+kegg_compound,unconstrained_candidate_set,0
BIOMD0000000473,PYK,CLU_BIOMD0000000471,train,nonempty_answer_absent,False,3-4,chebi+kegg_compound,ok,5
BIOMD0000000473,r_0001,CLU_BIOMD0000000471,train,retrievable_top1_success,False,3-4,chebi+kegg_compound,ok,2
BIOMD0000000473,r_0004,CLU_BIOMD0000000471,train,retrievable_top1_success,False,3-4,chebi+kegg_compound,ok,1
BIOMD0000000473,r_0005,CLU_BIOMD0000000471,train,empty_constrained,False,3-4,chebi+kegg_compound,no_candidates,0
BIOMD0000000473,r_0007,CLU_BIOMD0000000471,train,retrievable_top1_success,False,1-2,chebi+kegg_compound,ok,1
BIOMD0000000473,r_0008,CLU_BIOMD0000000471,train,nonempty_answer_absent,False,3-4,chebi+kegg_compound,ok,46
BIOMD0000000473,r_0015,CLU_BIOMD0000000471,train,nonempty_answer_absent,False,3-4,chebi+kegg_compound,ok,115
BIOMD0000000473,r_0016,CLU_BIOMD0000000471,train,retrievable_top1_success,False,3-4,chebi+kegg_compound,ok,1
BIOMD0000000473,r_0018,CLU_BIOMD0000000471,train,nonempty_answer_absent,False,3-4,chebi+kegg_compound,ok,61
BIOMD0000000473,r_0020,CLU_BIOMD0000000471,train,nonempty_answer_absent,False,3-4,chebi+kegg_compound,ok,13
BIOMD0000000473,r_0023,CLU_BIOMD0000000471,train,retrievable_top1_success,False,1-2,chebi+kegg_compound,ok,1
BIOMD0000000473,r_0024,CLU_BIOMD0000000471,train,nonempty_answer_absent,False,3-4,chebi+kegg_compound,ok,20
BIOMD0000000473,r_0027,CLU_BIOMD0000000471,train,retrievable_top1_success,False,1-2,chebi+kegg_compound,ok,1
BIOMD0000000473,r_0029,CLU_BIOMD0000000471,train,nonempty_answer_absent,False,3-4,chebi+kegg_compound,ok,1
BIOMD0000000473,r_0032,CLU_BIOMD0000000471,train,retrievable_top1_success,False,3-4,chebi+kegg_compound,ok,1
BIOMD0000000473,r_0038,CLU_BIOMD0000000471,train,retrievable_top1_success,False,3-4,chebi+kegg_compound,ok,1
BIOMD0000000473,r_0039,CLU_BIOMD0000000471,train,retrievable_top1_success,False,1-2,chebi+kegg_compound,ok,1
BIOMD0000000473,r_0040,CLU_BIOMD0000000471,train,empty_constrained,False,3-4,chebi+kegg_compound,no_candidates,0
BIOMD0000000473,r_0041,CLU_BIOMD0000000471,train,nonempty_answer_absent,False,3-4,chebi+kegg_compound,ok,115
BIOMD0000000473,r_0060,CLU_BIOMD0000000471,train,empty_constrained,False,1-2,chebi+kegg_compound,no_candidates,0
BIOMD0000000473,r_0061,CLU_BIOMD0000000471,train,empty_constrained,False,3-4,chebi+kegg_compound,no_candidates,0
BIOMD0000000473,r_0065,CLU_BIOMD0000000471,train,retrievable_top1_success,False,3-4,chebi+kegg_compound,ok,1
BIOMD0000000473,r_0079,CLU_BIOMD0000000471,train,retrievable_top1_success,False,7+,chebi+kegg_compound,ok,1
BIOMD0000000473,r_0080,CLU_BIOMD0000000471,train,nonempty_answer_absent,False,3-4,chebi+kegg_compound,ok,115
BIOMD0000000473,r_0091,CLU_BIOMD0000000471,train,nonempty_answer_absent,False,1-2,chebi+kegg_compound,ok,454
BIOMD0000000473,r_0097,CLU_BIOMD0000000471,train,nonempty_answer_absent,False,3-4,chebi+kegg_compound,ok,17
BIOMD0000000473,r_0108,CLU_BIOMD0000000471,train,retrievable_top1_success,False,5-6,chebi+kegg_compound,ok,1
BIOMD0000000473,r_0115,CLU_BIOMD0000000471,train,retrievable_top1_success,False,3-4,chebi+kegg_compound,ok,1
BIOMD0000000473,r_0118,CLU_BIOMD0000000471,train,empty_constrained,False,3-4,chebi+kegg_compound,no_candidates,0
BIOMD0000000473,r_0142,CLU_BIOMD0000000471,train,retrievable_top1_success,False,3-4,chebi+kegg_compound,ok,1
BIOMD0000000473,r_0144,CLU_BIOMD0000000471,train,retrievable_top1_success,False,3-4,chebi+kegg_compound,ok,1
BIOMD0000000473,r_0151,CLU_BIOMD0000000471,train,retrievable_top1_success,False,3-4,chebi+kegg_compound,ok,1
BIOMD0000000473,r_0152,CLU_BIOMD0000000471,train,retrievable_top1_success,False,3-4,chebi+kegg_compound,ok,1
BIOMD0000000473,r_0153,CLU_BIOMD0000000471,train,retrievable_top1_success,False,5-6,chebi+kegg_compound,ok,1
BIOMD0000000473,r_0154,CLU_BIOMD0000000471,train,retrievable_top1_success,False,3-4,chebi+kegg_compound,ok,1
BIOMD0000000473,r_0156,CLU_BIOMD0000000471,train,retrievable_top1_success,False,3-4,chebi+kegg_compound,ok,1
BIOMD0000000473,r_0157,CLU_BIOMD0000000471,train,retrievable_top1_success,False,5-6,chebi+kegg_compound,ok,1
BIOMD0000000473,r_0173,CLU_BIOMD0000000471,train,nonempty_answer_absent,False,3-4,chebi+kegg_compound,ok,2
BIOMD0000000473,r_0174,CLU_BIOMD0000000471,train,nonempty_answer_absent,False,3-4,chebi+kegg_compound,ok,2
BIOMD0000000473,r_0195,CLU_BIOMD0000000471,train,empty_constrained,False,3-4,chebi+kegg_compound,no_candidates,0
BIOMD0000000473,r_0202,CLU_BIOMD0000000471,train,empty_constrained,False,3-4,chebi+kegg_compound,no_candidates,0
BIOMD0000000473,r_0203,CLU_BIOMD0000000471,train,retrievable_top1_success,False,5-6,chebi+kegg_compound,ok,1
BIOMD0000000473,r_0207,CLU_BIOMD0000000471,train,retrievable_top1_success,False,3-4,chebi+kegg_compound,ok,1
BIOMD0000000473,r_0208,CLU_BIOMD0000000471,train,retrievable_top1_success,False,5-6,chebi+kegg_compound,ok,1
BIOMD0000000473,r_0209,CLU_BIOMD0000000471,train,retrievable_top1_success,False,5-6,chebi+kegg_compound,ok,1
BIOMD0000000473,r_0211,CLU_BIOMD0000000471,train,retrievable_top1_success,False,7+,chebi+kegg_compound,ok,1
BIOMD0000000473,r_0212,CLU_BIOMD0000000471,train,retrievable_top1_success,False,5-6,chebi+kegg_compound,ok,1
BIOMD0000000473,r_0214,CLU_BIOMD0000000471,train,retrievable_top1_success,False,3-4,chebi+kegg_compound,ok,1
BIOMD0000000473,r_0215,CLU_BIOMD0000000471,train,retrievable_top1_success,False,3-4,chebi+kegg_compound,ok,1
BIOMD0000000473,r_0216,CLU_BIOMD0000000471,train,empty_constrained,False,3-4,chebi+kegg_compound,no_candidates,0
BIOMD0000000473,r_0219,CLU_BIOMD0000000471,train,empty_constrained,False,5-6,chebi+kegg_compound,no_candidates,0
BIOMD0000000473,r_0220,CLU_BIOMD0000000471,train,retrievable_top1_success,False,5-6,chebi+kegg_compound,ok,1
BIOMD0000000473,r_0225,CLU_BIOMD0000000471,train,unconstrained,False,3-4,chebi+kegg_compound,unconstrained_candidate_set,0
BIOMD0000000473,r_0231,CLU_BIOMD0000000471,train,empty_constrained,False,3-4,chebi+kegg_compound,no_candidates,0
BIOMD0000000473,r_0236,CLU_BIOMD0000000471,train,empty_constrained,False,3-4,chebi+kegg_compound,no_candidates,0
BIOMD0000000473,r_0241,CLU_BIOMD0000000471,train,empty_constrained,False,5-6,chebi+kegg_compound,no_candidates,0
BIOMD0000000473,r_0243,CLU_BIOMD0000000471,train,retrievable_top1_success,False,1-2,chebi+kegg_compound,ok,1
BIOMD0000000473,r_0244,CLU_BIOMD0000000471,train,empty_constrained,False,3-4,chebi+kegg_compound,no_candidates,0
BIOMD0000000473,r_0250,CLU_BIOMD0000000471,train,retrievable_top1_success,False,7+,chebi+kegg_compound,ok,1
BIOMD0000000473,r_0257,CLU_BIOMD0000000471,train,retrievable_top1_success,False,3-4,chebi+kegg_compound,ok,1
BIOMD0000000473,r_0264,CLU_BIOMD0000000471,train,retrievable_top1_success,False,3-4,chebi+kegg_compound,ok,1
BIOMD0000000473,r_0278,CLU_BIOMD0000000471,train,retrievable_top1_success,False,1-2,chebi+kegg_compound,ok,1
BIOMD0000000473,r_0279,CLU_BIOMD0000000471,train,retrievable_top1_success,False,3-4,chebi+kegg_compound,ok,1
BIOMD0000000473,r_0280,CLU_BIOMD0000000471,train,empty_constrained,False,1-2,chebi+kegg_compound,no_candidates,0
BIOMD0000000473,r_0302,CLU_BIOMD0000000471,train,retrievable_top1_success,False,1-2,chebi+kegg_compound,ok,1
BIOMD0000000473,r_0309,CLU_BIOMD0000000471,train,retrievable_top1_success,False,3-4,chebi+kegg_compound,ok,2
BIOMD0000000473,r_0311,CLU_BIOMD0000000471,train,retrievable_top1_success,False,3-4,chebi+kegg_compound,ok,1
BIOMD0000000473,r_0313,CLU_BIOMD0000000471,train,retrievable_top1_success,False,5-6,chebi+kegg_compound,ok,1
BIOMD0000000473,r_0317,CLU_BIOMD0000000471,train,empty_constrained,False,5-6,chebi+kegg_compound,no_candidates,0
BIOMD0000000473,r_0330,CLU_BIOMD0000000471,train,unconstrained,False,3-4,chebi+kegg_compound,unconstrained_candidate_set,0
BIOMD0000000473,r_0344,CLU_BIOMD0000000471,train,nonempty_answer_absent,False,3-4,chebi+kegg_compound,ok,1
BIOMD0000000473,r_0349,CLU_BIOMD0000000471,train,unconstrained,False,1-2,chebi+kegg_compound,unconstrained_candidate_set,0
BIOMD0000000473,r_0352,CLU_BIOMD0000000471,train,retrievable_top1_success,False,1-2,chebi+kegg_compound,ok,2
BIOMD0000000473,r_0353,CLU_BIOMD0000000471,train,retrievable_top1_success,False,1-2,chebi+kegg_compound,ok,1
BIOMD0000000473,r_0355,CLU_BIOMD0000000471,train,retrievable_top1_success,False,3-4,chebi+kegg_compound,ok,1
BIOMD0000000473,r_0361,CLU_BIOMD0000000471,train,retrievable_top1_success,False,3-4,chebi+kegg_compound,ok,1
BIOMD0000000473,r_0364,CLU_BIOMD0000000471,train,retrievable_top1_success,False,3-4,chebi+kegg_compound,ok,1
BIOMD0000000473,r_0438,CLU_BIOMD0000000471,train,retrievable_top1_success,False,3-4,chebi+kegg_compound,ok,3
BIOMD0000000473,r_0446,CLU_BIOMD0000000471,train,retrievable_top1_success,False,5-6,chebi+kegg_compound,ok,1
BIOMD0000000473,r_0451,CLU_BIOMD0000000471,train,empty_constrained,False,1-2,chebi+kegg_compound,no_candidates,0
BIOMD0000000473,r_0462,CLU_BIOMD0000000471,train,retrievable_top1_success,False,3-4,chebi+kegg_compound,ok,1
BIOMD0000000473,r_0466,CLU_BIOMD0000000471,train,empty_constrained,False,3-4,chebi+kegg_compound,no_candidates,0
BIOMD0000000473,r_0478,CLU_BIOMD0000000471,train,retrievable_top1_success,False,5-6,chebi+kegg_compound,ok,1
BIOMD0000000473,r_0479,CLU_BIOMD0000000471,train,retrievable_top1_success,False,5-6,chebi+kegg_compound,ok,1
BIOMD0000000473,r_0489,CLU_BIOMD0000000471,train,retrievable_top1_success,False,3-4,chebi+kegg_compound,ok,2
BIOMD0000000473,r_0491,CLU_BIOMD0000000471,train,nonempty_answer_absent,False,3-4,chebi+kegg_compound,ok,115
BIOMD0000000473,r_0495,CLU_BIOMD0000000471,train,retrievable_top1_success,False,3-4,chebi+kegg_compound,ok,1
BIOMD0000000473,r_0499,CLU_BIOMD0000000471,train,retrievable_top1_success,False,3-4,chebi+kegg_compound,ok,1
BIOMD0000000473,r_0502,CLU_BIOMD0000000471,train,retrievable_top1_success,False,3-4,chebi+kegg_compound,ok,1
BIOMD0000000473,r_0512,CLU_BIOMD0000000471,train,retrievable_top1_success,False,5-6,chebi+kegg_compound,ok,1
BIOMD0000000473,r_0514,CLU_BIOMD0000000471,train,retrievable_top1_success,False,7+,chebi+kegg_compound,ok,1
BIOMD0000000473,r_0525,CLU_BIOMD0000000471,train,retrievable_rerank_failure,False,3-4,chebi+kegg_compound,ok,115
BIOMD0000000473,r_0528,CLU_BIOMD0000000471,train,retrievable_top1_success,False,3-4,chebi+kegg_compound,ok,1
BIOMD0000000473,r_0536,CLU_BIOMD0000000471,train,empty_constrained,False,3-4,chebi+kegg_compound,no_candidates,0
BIOMD0000000473,r_0537,CLU_BIOMD0000000471,train,unconstrained,False,3-4,chebi+kegg_compound,unconstrained_candidate_set,0
BIOMD0000000473,r_0538,CLU_BIOMD0000000471,train,nonempty_answer_absent,False,3-4,chebi+kegg_compound,ok,61
BIOMD0000000473,r_0539,CLU_BIOMD0000000471,train,retrievable_top1_success,False,5-6,chebi+kegg_compound,ok,1
BIOMD0000000473,r_0542,CLU_BIOMD0000000471,train,nonempty_answer_absent,False,1-2,chebi+kegg_compound,ok,1
BIOMD0000000473,r_0543,CLU_BIOMD0000000471,train,retrievable_top1_success,False,3-4,chebi+kegg_compound,ok,1
BIOMD0000000473,r_0547,CLU_BIOMD0000000471,train,empty_constrained,False,3-4,chebi+kegg_compound,no_candidates,0
BIOMD0000000473,r_0548,CLU_BIOMD0000000471,train,retrievable_top1_success,False,3-4,chebi+kegg_compound,ok,1
BIOMD0000000473,r_0549,CLU_BIOMD0000000471,train,retrievable_top1_success,False,3-4,chebi+kegg_compound,ok,1
BIOMD0000000473,r_0553,CLU_BIOMD0000000471,train,retrievable_top1_success,False,3-4,chebi+kegg_compound,ok,1
BIOMD0000000473,r_0558,CLU_BIOMD0000000471,train,empty_constrained,False,5-6,chebi+kegg_compound,no_candidates,0
BIOMD0000000473,r_0559,CLU_BIOMD0000000471,train,nonempty_answer_absent,False,3-4,chebi+kegg_compound,ok,3
BIOMD0000000473,r_0563,CLU_BIOMD0000000471,train,retrievable_top1_success,False,5-6,chebi+kegg_compound,ok,1
BIOMD0000000473,r_0564,CLU_BIOMD0000000471,train,retrievable_top1_success,False,1-2,chebi+kegg_compound,ok,1
BIOMD0000000473,r_0565,CLU_BIOMD0000000471,train,nonempty_answer_absent,False,3-4,chebi+kegg_compound,ok,166
BIOMD0000000473,r_0566,CLU_BIOMD0000000471,train,nonempty_answer_absent,False,3-4,chebi+kegg_compound,ok,29
BIOMD0000000473,r_0570,CLU_BIOMD0000000471,train,unconstrained,False,1-2,chebi+kegg_compound,unconstrained_candidate_set,0
BIOMD0000000473,r_0591,CLU_BIOMD0000000471,train,empty_constrained,False,3-4,chebi+kegg_compound,no_candidates,0
BIOMD0000000473,r_0658,CLU_BIOMD0000000471,train,empty_constrained,False,5-6,chebi+kegg_compound,no_candidates,0
BIOMD0000000473,r_0661,CLU_BIOMD0000000471,train,empty_constrained,False,5-6,chebi+kegg_compound,no_candidates,0
BIOMD0000000473,r_0662,CLU_BIOMD0000000471,train,retrievable_top1_success,False,3-4,chebi+kegg_compound,ok,1
BIOMD0000000473,r_0663,CLU_BIOMD0000000471,train,empty_constrained,False,3-4,chebi+kegg_compound,no_candidates,0
BIOMD0000000473,r_0665,CLU_BIOMD0000000471,train,retrievable_top1_success,False,5-6,chebi+kegg_compound,ok,1
BIOMD0000000473,r_0667,CLU_BIOMD0000000471,train,retrievable_top1_success,False,1-2,chebi+kegg_compound,ok,1
BIOMD0000000473,r_0674,CLU_BIOMD0000000471,train,empty_constrained,False,3-4,chebi+kegg_compound,no_candidates,0
BIOMD0000000473,r_0688,CLU_BIOMD0000000471,train,empty_constrained,False,3-4,chebi+kegg_compound,no_candidates,0
BIOMD0000000473,r_0696,CLU_BIOMD0000000471,train,empty_constrained,False,3-4,chebi+kegg_compound,no_candidates,0
BIOMD0000000473,r_0697,CLU_BIOMD0000000471,train,nonempty_answer_absent,False,3-4,chebi+kegg_compound,ok,9
BIOMD0000000473,r_0698,CLU_BIOMD0000000471,train,retrievable_top1_success,False,1-2,chebi+kegg_compound,ok,1
BIOMD0000000473,r_0699,CLU_BIOMD0000000471,train,empty_constrained,False,3-4,chebi+kegg_compound,no_candidates,0
BIOMD0000000473,r_0701,CLU_BIOMD0000000471,train,retrievable_top1_success,False,5-6,chebi+kegg_compound,ok,1
BIOMD0000000473,r_0711,CLU_BIOMD0000000471,train,retrievable_top1_success,False,5-6,chebi+kegg_compound,ok,1
BIOMD0000000473,r_0713,CLU_BIOMD0000000471,train,empty_constrained,False,3-4,chebi+kegg_compound,no_candidates,0
BIOMD0000000473,r_0722,CLU_BIOMD0000000471,train,retrievable_top1_success,False,3-4,chebi+kegg_compound,ok,1
BIOMD0000000473,r_0723,CLU_BIOMD0000000471,train,nonempty_answer_absent,False,1-2,chebi+kegg_compound,ok,7
BIOMD0000000473,r_0724,CLU_BIOMD0000000471,train,retrievable_top1_success,False,1-2,chebi+kegg_compound,ok,1
BIOMD0000000473,r_0726,CLU_BIOMD0000000471,train,nonempty_answer_absent,False,5-6,chebi+kegg_compound,ok,1
BIOMD0000000473,r_0727,CLU_BIOMD0000000471,train,retrievable_top1_success,False,3-4,chebi+kegg_compound,ok,1
BIOMD0000000473,r_0729,CLU_BIOMD0000000471,train,retrievable_top1_success,False,5-6,chebi+kegg_compound,ok,1
BIOMD0000000473,r_0731,CLU_BIOMD0000000471,train,nonempty_answer_absent,False,3-4,chebi+kegg_compound,ok,115
BIOMD0000000473,r_0732,CLU_BIOMD0000000471,train,nonempty_answer_absent,False,3-4,chebi+kegg_compound,ok,166
BIOMD0000000473,r_0735,CLU_BIOMD0000000471,train,retrievable_top1_success,False,3-4,chebi+kegg_compound,ok,6
BIOMD0000000473,r_0739,CLU_BIOMD0000000471,train,nonempty_answer_absent,False,5-6,chebi+kegg_compound,ok,29
BIOMD0000000473,r_0757,CLU_BIOMD0000000471,train,retrievable_top1_success,False,3-4,chebi+kegg_compound,ok,1
BIOMD0000000473,r_0759,CLU_BIOMD0000000471,train,empty_constrained,False,5-6,chebi+kegg_compound,no_candidates,0
BIOMD0000000473,r_0792,CLU_BIOMD0000000471,train,retrievable_top1_success,False,3-4,chebi+kegg_compound,ok,1
BIOMD0000000473,r_0800,CLU_BIOMD0000000471,train,retrievable_top1_success,False,3-4,chebi+kegg_compound,ok,1
BIOMD0000000473,r_0811,CLU_BIOMD0000000471,train,retrievable_top1_success,False,3-4,chebi+kegg_compound,ok,1
BIOMD0000000473,r_0813,CLU_BIOMD0000000471,train,retrievable_top1_success,False,3-4,chebi+kegg_compound,ok,1
BIOMD0000000473,r_0820,CLU_BIOMD0000000471,train,unconstrained,False,3-4,chebi+kegg_compound,unconstrained_candidate_set,0
BIOMD0000000473,r_0821,CLU_BIOMD0000000471,train,retrievable_top1_success,False,3-4,chebi+kegg_compound,ok,1
BIOMD0000000473,r_0851,CLU_BIOMD0000000471,train,empty_constrained,False,3-4,chebi+kegg_compound,no_candidates,0
BIOMD0000000473,r_0852,CLU_BIOMD0000000471,train,retrievable_top1_success,False,5-6,chebi+kegg_compound,ok,1
BIOMD0000000473,r_0855,CLU_BIOMD0000000471,train,retrievable_top1_success,False,5-6,chebi+kegg_compound,ok,1
BIOMD0000000473,r_0858,CLU_BIOMD0000000471,train,retrievable_top1_success,False,3-4,chebi+kegg_compound,ok,1
BIOMD0000000473,r_0874,CLU_BIOMD0000000471,train,retrievable_top1_success,False,3-4,chebi+kegg_compound,ok,1
BIOMD0000000473,r_0877,CLU_BIOMD0000000471,train,retrievable_top1_success,False,3-4,chebi+kegg_compound,ok,1
BIOMD0000000473,r_0880,CLU_BIOMD0000000471,train,retrievable_top1_success,False,3-4,chebi+kegg_compound,ok,1
BIOMD0000000473,r_0884,CLU_BIOMD0000000471,train,retrievable_top1_success,False,5-6,chebi+kegg_compound,ok,1
BIOMD0000000473,r_0888,CLU_BIOMD0000000471,train,empty_constrained,False,1-2,chebi+kegg_compound,no_candidates,0
BIOMD0000000473,r_0889,CLU_BIOMD0000000471,train,empty_constrained,False,5-6,chebi+kegg_compound,no_candidates,0
BIOMD0000000473,r_0900,CLU_BIOMD0000000471,train,retrievable_top1_success,False,3-4,chebi+kegg_compound,ok,1
BIOMD0000000473,r_0901,CLU_BIOMD0000000471,train,retrievable_top1_success,False,3-4,chebi+kegg_compound,ok,1
BIOMD0000000473,r_0902,CLU_BIOMD0000000471,train,retrievable_top1_success,False,1-2,chebi+kegg_compound,ok,1
BIOMD0000000473,r_0904,CLU_BIOMD0000000471,train,nonempty_answer_absent,False,3-4,chebi+kegg_compound,ok,454
BIOMD0000000473,r_0908,CLU_BIOMD0000000471,train,unconstrained,False,5-6,chebi+kegg_compound,unconstrained_candidate_set,0
BIOMD0000000473,r_0909,CLU_BIOMD0000000471,train,retrievable_top1_success,False,1-2,chebi+kegg_compound,ok,1
BIOMD0000000473,r_0910,CLU_BIOMD0000000471,train,retrievable_top1_success,False,3-4,chebi+kegg_compound,ok,1
BIOMD0000000473,r_0911,CLU_BIOMD0000000471,train,nonempty_answer_absent,False,5-6,chebi+kegg_compound,ok,52
BIOMD0000000473,r_0912,CLU_BIOMD0000000471,train,retrievable_top1_success,False,3-4,chebi+kegg_compound,ok,1
BIOMD0000000473,r_0913,CLU_BIOMD0000000471,train,empty_constrained,False,1-2,chebi+kegg_compound,no_candidates,0
BIOMD0000000473,r_0914,CLU_BIOMD0000000471,train,retrievable_top1_success,False,5-6,chebi+kegg_compound,ok,1
BIOMD0000000473,r_0915,CLU_BIOMD0000000471,train,nonempty_answer_absent,False,5-6,chebi+kegg_compound,ok,42
BIOMD0000000473,r_0938,CLU_BIOMD0000000471,train,retrievable_top1_success,False,3-4,chebi+kegg_compound,ok,4
BIOMD0000000473,r_0939,CLU_BIOMD0000000471,train,empty_constrained,False,5-6,chebi+kegg_compound,no_candidates,0
BIOMD0000000473,r_0941,CLU_BIOMD0000000471,train,retrievable_top1_success,False,5-6,chebi+kegg_compound,ok,1
BIOMD0000000473,r_0958,CLU_BIOMD0000000471,train,retrievable_top1_success,False,5-6,chebi+kegg_compound,ok,1
BIOMD0000000473,r_0967,CLU_BIOMD0000000471,train,retrievable_top1_success,False,3-4,chebi+kegg_compound,ok,1
BIOMD0000000473,r_0968,CLU_BIOMD0000000471,train,retrievable_top1_success,False,3-4,chebi+kegg_compound,ok,1
BIOMD0000000473,r_0970,CLU_BIOMD0000000471,train,nonempty_answer_absent,False,3-4,chebi+kegg_compound,ok,13
BIOMD0000000473,r_0973,CLU_BIOMD0000000471,train,nonempty_answer_absent,False,3-4,chebi+kegg_compound,ok,13
BIOMD0000000473,r_0974,CLU_BIOMD0000000471,train,nonempty_answer_absent,False,3-4,chebi+kegg_compound,ok,13
BIOMD0000000473,r_0976,CLU_BIOMD0000000471,train,nonempty_answer_absent,False,3-4,chebi+kegg_compound,ok,13
BIOMD0000000473,r_0978,CLU_BIOMD0000000471,train,nonempty_answer_absent,False,3-4,chebi+kegg_compound,ok,13
BIOMD0000000473,r_0984,CLU_BIOMD0000000471,train,retrievable_top1_success,False,1-2,chebi+kegg_compound,ok,1
BIOMD0000000473,r_0986,CLU_BIOMD0000000471,train,retrievable_top1_success,False,3-4,chebi+kegg_compound,ok,1
BIOMD0000000473,r_0988,CLU_BIOMD0000000471,train,nonempty_answer_absent,False,5-6,chebi+kegg_compound,ok,5
BIOMD0000000473,r_0989,CLU_BIOMD0000000471,train,empty_constrained,False,5-6,chebi+kegg_compound,no_candidates,0
BIOMD0000000473,r_0990,CLU_BIOMD0000000471,train,unconstrained,False,3-4,chebi+kegg_compound,unconstrained_candidate_set,0
BIOMD0000000473,r_0993,CLU_BIOMD0000000471,train,retrievable_top1_success,False,5-6,chebi+kegg_compound,ok,1
BIOMD0000000473,r_0995,CLU_BIOMD0000000471,train,retrievable_top1_success,False,5-6,chebi+kegg_compound,ok,1
BIOMD0000000473,r_0996,CLU_BIOMD0000000471,train,empty_constrained,False,3-4,chebi+kegg_compound,no_candidates,0
BIOMD0000000473,r_0997,CLU_BIOMD0000000471,train,unconstrained,False,3-4,chebi+kegg_compound,unconstrained_candidate_set,0
BIOMD0000000473,r_1012,CLU_BIOMD0000000471,train,empty_constrained,False,5-6,chebi+kegg_compound,no_candidates,0
BIOMD0000000473,r_1026,CLU_BIOMD0000000471,train,retrievable_top1_success,False,3-4,chebi+kegg_compound,ok,1
BIOMD0000000473,r_1038,CLU_BIOMD0000000471,train,empty_constrained,False,3-4,chebi+kegg_compound,no_candidates,0
BIOMD0000000473,r_1040,CLU_BIOMD0000000471,train,retrievable_top1_success,False,3-4,chebi+kegg_compound,ok,1
BIOMD0000000473,r_1041,CLU_BIOMD0000000471,train,retrievable_top1_success,False,3-4,chebi+kegg_compound,ok,1
BIOMD0000000473,r_1042,CLU_BIOMD0000000471,train,retrievable_top1_success,False,5-6,chebi+kegg_compound,ok,1
BIOMD0000000473,r_1045,CLU_BIOMD0000000471,train,retrievable_top1_success,False,3-4,chebi+kegg_compound,ok,1
BIOMD0000000473,r_1051,CLU_BIOMD0000000471,train,retrievable_top1_success,False,3-4,chebi+kegg_compound,ok,1
BIOMD0000000473,r_1057,CLU_BIOMD0000000471,train,retrievable_top1_success,False,5-6,chebi+kegg_compound,ok,1
BIOMD0000000473,r_1063,CLU_BIOMD0000000471,train,empty_constrained,False,3-4,chebi+kegg_compound,no_candidates,0
BIOMD0000000473,r_1066,CLU_BIOMD0000000471,train,retrievable_top1_success,False,5-6,chebi+kegg_compound,ok,1
BIOMD0000000473,r_1072,CLU_BIOMD0000000471,train,retrievable_top1_success,False,3-4,chebi+kegg_compound,ok,1
BIOMD0000000473,r_1084,CLU_BIOMD0000000471,train,empty_constrained,False,3-4,chebi+kegg_compound,no_candidates,0
BIOMD0000000473,r_1087,CLU_BIOMD0000000471,train,empty_constrained,False,3-4,chebi+kegg_compound,no_candidates,0
BIOMD0000000473,r_1089,CLU_BIOMD0000000471,train,retrievable_top1_success,False,5-6,chebi+kegg_compound,ok,1
BIOMD0000000473,r_2126,CLU_BIOMD0000000471,train,retrievable_top1_success,False,3-4,chebi+kegg_compound,ok,1
BIOMD0000000473,r_2127,CLU_BIOMD0000000471,train,nonempty_answer_absent,False,3-4,chebi+kegg_compound,ok,166
BIOMD0000000590,r10,CLU_BIOMD0000000590,train,retrievable_top1_success,False,1-2,chebi+kegg_compound,ok,1
BIOMD0000000590,r2,CLU_BIOMD0000000590,train,retrievable_top1_success,False,1-2,chebi+kegg_compound,ok,1
BIOMD0000000590,r3,CLU_BIOMD0000000590,train,empty_constrained,False,1-2,chebi+kegg_compound,no_candidates,0
BIOMD0000000590,r4,CLU_BIOMD0000000590,train,retrievable_top1_success,False,1-2,chebi+kegg_compound,ok,4
BIOMD0000000590,r5,CLU_BIOMD0000000590,train,empty_constrained,False,1-2,chebi+kegg_compound,no_candidates,0
BIOMD0000000590,r6,CLU_BIOMD0000000590,train,retrievable_top1_success,False,1-2,chebi+kegg_compound,ok,1
BIOMD0000000590,r7,CLU_BIOMD0000000590,train,retrievable_top1_success,False,1-2,chebi+kegg_compound,ok,1
BIOMD0000000590,r8,CLU_BIOMD0000000590,train,retrievable_rerank_failure,False,1-2,chebi+kegg_compound,ok,2
BIOMD0000000627,AK_astrocytes,CLU_BIOMD0000000627,train,empty_constrained,False,3-4,chebi,no_candidates,0
BIOMD0000000627,AK_neurons,CLU_BIOMD0000000627,train,empty_constrained,False,3-4,chebi,no_candidates,0
BIOMD0000000627,CK_astrocytes_forward__R01881,CLU_BIOMD0000000627,train,empty_constrained,False,3-4,chebi,no_candidates,0
BIOMD0000000627,CK_neurons_forward__R01881,CLU_BIOMD0000000627,train,empty_constrained,False,3-4,chebi,no_candidates,0
BIOMD0000000627,GND_astrocytes__R01528,CLU_BIOMD0000000627,train,empty_constrained,False,3-4,chebi,no_candidates,0
BIOMD0000000627,GND_neurons___R01528,CLU_BIOMD0000000627,train,empty_constrained,False,3-4,chebi,no_candidates,0
BIOMD0000000627,HK_neurons__R01786___HeinrichSchuster,CLU_BIOMD0000000627,train,empty_constrained,False,3-4,chebi,no_candidates,0
BIOMD0000000627,LDH_astrocytes_forward__R00703,CLU_BIOMD0000000627,train,empty_constrained,False,3-4,chebi,no_candidates,0
BIOMD0000000627,LDH_neurons_forward__R00703,CLU_BIOMD0000000627,train,empty_constrained,False,3-4,chebi,no_candidates,0
BIOMD0000000627,PGI_astrocytes__R02740___HS,CLU_BIOMD0000000627,train,empty_constrained,False,1-2,chebi,no_candidates,0
BIOMD0000000627,PGI_neurons__R02740___HS,CLU_BIOMD0000000627,train,empty_constrained,False,1-2,chebi,no_candidates,0
BIOMD0000000627,RKI_astrocytes__R01056,CLU_BIOMD0000000627,train,empty_constrained,False,1-2,chebi,no_candidates,0
BIOMD0000000627,RKI_neurons__R01056,CLU_BIOMD0000000627,train,empty_constrained,False,1-2,chebi,no_candidates,0
BIOMD0000000627,RPE_astrocytes__R01529,CLU_BIOMD0000000627,train,empty_constrained,False,1-2,chebi,no_candidates,0
BIOMD0000000627,RPE_neurons__R01529,CLU_BIOMD0000000627,train,empty_constrained,False,1-2,chebi,no_candidates,0
BIOMD0000000627,SOL_astrocytes__R02035,CLU_BIOMD0000000627,train,empty_constrained,False,1-2,chebi,no_candidates,0
BIOMD0000000627,SOL_neurons__R02035,CLU_BIOMD0000000627,train,empty_constrained,False,1-2,chebi,no_candidates,0
BIOMD0000000627,TAL_astrocytes__R01827,CLU_BIOMD0000000627,train,empty_constrained,False,3-4,chebi,no_candidates,0
BIOMD0000000627,TAL_neurons__R01827,CLU_BIOMD0000000627,train,empty_constrained,False,3-4,chebi,no_candidates,0
BIOMD0000000627,TKL_1_astrocytes__R01641,CLU_BIOMD0000000627,train,empty_constrained,False,3-4,chebi,no_candidates,0
BIOMD0000000627,TKL_1_neurons__R01641,CLU_BIOMD0000000627,train,empty_constrained,False,3-4,chebi,no_candidates,0
BIOMD0000000627,TKL_2_astrocytes__R01830,CLU_BIOMD0000000627,train,empty_constrained,False,3-4,chebi,no_candidates,0
BIOMD0000000627,TKL_2_neurons__R01830,CLU_BIOMD0000000627,train,empty_constrained,False,3-4,chebi,no_candidates,0
BIOMD0000000627,ZWF_astrocytes__R02736,CLU_BIOMD0000000627,train,empty_constrained,False,3-4,chebi,no_candidates,0
BIOMD0000000627,ZWF_neurons__R02736,CLU_BIOMD0000000627,train,empty_constrained,False,3-4,chebi,no_candidates,0
BIOMD0000000627,reaction_10,CLU_BIOMD0000000627,train,empty_constrained,False,3-4,chebi,no_candidates,0
BIOMD0000000627,reaction_2,CLU_BIOMD0000000627,train,empty_constrained,False,3-4,chebi,no_candidates,0
BIOMD0000000627,reaction_5,CLU_BIOMD0000000627,train,empty_constrained,False,3-4,chebi,no_candidates,0
BIOMD0000000627,reaction_6,CLU_BIOMD0000000627,train,empty_constrained,False,3-4,chebi,no_candidates,0
BIOMD0000000627,reaction_7,CLU_BIOMD0000000627,train,empty_constrained,False,5-6,chebi,no_candidates,0
BIOMD0000000627,reaction_8,CLU_BIOMD0000000627,train,empty_constrained,False,5-6,chebi,no_candidates,0
BIOMD0000000627,reaction_9,CLU_BIOMD0000000627,train,empty_constrained,False,3-4,chebi,no_candidates,0
BIOMD0000000633,ALD,CLU_BIOMD0000000633,train,retrievable_top1_success,False,3-4,kegg_compound,ok,2
BIOMD0000000633,EN,CLU_BIOMD0000000633,train,retrievable_top1_success,False,1-2,kegg_compound,ok,1
BIOMD0000000633,FBP1,CLU_BIOMD0000000633,train,retrievable_top1_success,False,1-2,kegg_compound,ok,2
BIOMD0000000633,FBP2,CLU_BIOMD0000000633,train,retrievable_top1_success,False,1-2,kegg_compound,ok,2
BIOMD0000000633,G1PI,CLU_BIOMD0000000633,train,retrievable_top1_success,False,1-2,kegg_compound,ok,2
BIOMD0000000633,G6P_ER,CLU_BIOMD0000000633,train,retrievable_top1_success,False,1-2,chebi+kegg_compound,ok,1
BIOMD0000000633,GAPDH,CLU_BIOMD0000000633,train,retrievable_rerank_failure,False,1-2,chebi+kegg_compound,ok,22
BIOMD0000000633,GK,CLU_BIOMD0000000633,train,retrievable_top1_success,False,1-2,chebi+kegg_compound,ok,8
BIOMD0000000633,GP,CLU_BIOMD0000000633,train,retrievable_top1_success,False,1-2,kegg_compound,ok,1
BIOMD0000000633,GPI,CLU_BIOMD0000000633,train,retrievable_top1_success,False,1-2,kegg_compound,ok,4
BIOMD0000000633,GS,CLU_BIOMD0000000633,train,unconstrained,False,3-4,kegg_compound,unconstrained_candidate_set,0
BIOMD0000000633,LDH,CLU_BIOMD0000000633,train,nonempty_answer_absent,False,1-2,chebi+kegg_compound,ok,1
BIOMD0000000633,MDH,CLU_BIOMD0000000633,train,retrievable_top1_success,False,1-2,kegg_compound,ok,5
BIOMD0000000633,MDH_mito,CLU_BIOMD0000000633,train,retrievable_top1_success,False,1-2,kegg_compound,ok,5
BIOMD0000000633,NDK_GTP,CLU_BIOMD0000000633,train,retrievable_top1_success,False,1-2,kegg_compound,ok,1
BIOMD0000000633,NDK_GTP_mito,CLU_BIOMD0000000633,train,retrievable_top1_success,False,1-2,kegg_compound,ok,1
BIOMD0000000633,NDK_UTP,CLU_BIOMD0000000633,train,retrievable_top1_success,False,1-2,kegg_compound,ok,1
BIOMD0000000633,PC,CLU_BIOMD0000000633,train,retrievable_top1_success,False,1-2,kegg_compound,ok,4
BIOMD0000000633,PEPCK,CLU_BIOMD0000000633,train,retrievable_top1_success,False,3-4,kegg_compound,ok,1
BIOMD0000000633,PEPCK_mito,CLU_BIOMD0000000633,train,retrievable_top1_success,False,3-4,kegg_compound,ok,1
BIOMD0000000633,PFK1,CLU_BIOMD0000000633,train,retrievable_top1_success,False,1-2,kegg_compound,ok,9
BIOMD0000000633,PFK2,CLU_BIOMD0000000633,train,retrievable_rerank_failure,False,1-2,kegg_compound,ok,2
BIOMD0000000633,PGK,CLU_BIOMD0000000633,train,nonempty_answer_absent,False,1-2,chebi+kegg_compound,ok,13
BIOMD0000000633,PGM,CLU_BIOMD0000000633,train,unconstrained,False,1-2,kegg_compound,unconstrained_candidate_set,0
BIOMD0000000633,PK,CLU_BIOMD0000000633,train,nonempty_answer_absent,False,1-2,kegg_compound,ok,3
BIOMD0000000633,TPI,CLU_BIOMD0000000633,train,unconstrained,False,1-2,kegg_compound,unconstrained_candidate_set,0
BIOMD0000000633,UGT,CLU_BIOMD0000000633,train,retrievable_top1_success,False,3-4,kegg_compound,ok,1
BIOMD0000000691,v1_cell_1,CLU_BIOMD0000000691,train,nonempty_answer_absent,False,3-4,chebi+kegg_compound,ok,1
BIOMD0000000691,v1_cell_2,CLU_BIOMD0000000691,train,nonempty_answer_absent,False,3-4,chebi+kegg_compound,ok,1
BIOMD0000000691,v2_cell_1,CLU_BIOMD0000000691,train,retrievable_rerank_failure,False,3-4,chebi+kegg_compound,ok,722
BIOMD0000000691,v2_cell_2,CLU_BIOMD0000000691,train,retrievable_rerank_failure,False,3-4,chebi+kegg_compound,ok,722
BIOMD0000000691,v3_cell_1,CLU_BIOMD0000000691,train,nonempty_answer_absent,False,3-4,chebi+kegg_compound,ok,12
BIOMD0000000691,v3_cell_2,CLU_BIOMD0000000691,train,nonempty_answer_absent,False,3-4,chebi+kegg_compound,ok,12
BIOMD0000001062,R_23PDE2pp,CLU_BIOMD0000001062,train,empty_constrained,True,3-4,chebi+kegg_compound,no_candidates,0
BIOMD0000001062,R_23PDE4pp,CLU_BIOMD0000001062,train,empty_constrained,True,3-4,chebi+kegg_compound,no_candidates,0
BIOMD0000001062,R_23PDE7pp,CLU_BIOMD0000001062,train,empty_constrained,True,3-4,chebi+kegg_compound,no_candidates,0
BIOMD0000001062,R_23PDE9pp,CLU_BIOMD0000001062,train,empty_constrained,True,3-4,chebi+kegg_compound,no_candidates,0
BIOMD0000001062,R_2DOXG6PP,CLU_BIOMD0000001062,train,empty_constrained,True,3-4,chebi+kegg_compound,no_candidates,0
BIOMD0000001062,R_3AMACHYD,CLU_BIOMD0000001062,train,empty_constrained,True,5-6,chebi+kegg_compound,no_candidates,0
BIOMD0000001062,R_3HAD100,CLU_BIOMD0000001062,train,empty_constrained,True,3-4,chebi+kegg_compound,no_candidates,0
BIOMD0000001062,R_3HAD120,CLU_BIOMD0000001062,train,empty_constrained,True,3-4,chebi+kegg_compound,no_candidates,0
BIOMD0000001062,R_3HAD140,CLU_BIOMD0000001062,train,empty_constrained,True,3-4,chebi+kegg_compound,no_candidates,0
BIOMD0000001062,R_3HAD160,CLU_BIOMD0000001062,train,empty_constrained,True,3-4,chebi+kegg_compound,no_candidates,0
BIOMD0000001062,R_3HAD180,CLU_BIOMD0000001062,train,empty_constrained,True,3-4,chebi+kegg_compound,no_candidates,0
BIOMD0000001062,R_3HAD60,CLU_BIOMD0000001062,train,empty_constrained,True,3-4,chebi+kegg_compound,no_candidates,0
BIOMD0000001062,R_3HAD80,CLU_BIOMD0000001062,train,empty_constrained,True,3-4,chebi+kegg_compound,no_candidates,0
BIOMD0000001062,R_3KGK,CLU_BIOMD0000001062,train,empty_constrained,True,5-6,chebi+kegg_compound,no_candidates,0
BIOMD0000001062,R_3NTD2pp,CLU_BIOMD0000001062,train,empty_constrained,True,3-4,chebi+kegg_compound,no_candidates,0
BIOMD0000001062,R_3NTD4pp,CLU_BIOMD0000001062,train,empty_constrained,True,3-4,chebi+kegg_compound,no_candidates,0
BIOMD0000001062,R_3NTD7pp,CLU_BIOMD0000001062,train,empty_constrained,True,3-4,chebi+kegg_compound,no_candidates,0
BIOMD0000001062,R_3NTD9pp,CLU_BIOMD0000001062,train,empty_constrained,True,3-4,chebi+kegg_compound,no_candidates,0
BIOMD0000001062,R_3OAR100,CLU_BIOMD0000001062,train,empty_constrained,True,5-6,chebi+kegg_compound,no_candidates,0
BIOMD0000001062,R_3OAR120,CLU_BIOMD0000001062,train,empty_constrained,True,5-6,chebi+kegg_compound,no_candidates,0
BIOMD0000001062,R_3OAR140,CLU_BIOMD0000001062,train,empty_constrained,True,5-6,chebi+kegg_compound,no_candidates,0
BIOMD0000001062,R_3OAR160,CLU_BIOMD0000001062,train,empty_constrained,True,5-6,chebi+kegg_compound,no_candidates,0
BIOMD0000001062,R_3OAR60,CLU_BIOMD0000001062,train,empty_constrained,True,5-6,chebi+kegg_compound,no_candidates,0
BIOMD0000001062,R_3OAR80,CLU_BIOMD0000001062,train,empty_constrained,True,5-6,chebi+kegg_compound,no_candidates,0
BIOMD0000001062,R_3OXCOAT,CLU_BIOMD0000001062,train,empty_constrained,True,3-4,chebi+kegg_compound,no_candidates,0
BIOMD0000001062,R_4HTHRS,CLU_BIOMD0000001062,train,empty_constrained,True,3-4,chebi+kegg_compound,no_candidates,0
BIOMD0000001062,R_5DGLCNR,CLU_BIOMD0000001062,train,empty_constrained,True,5-6,chebi+kegg_compound,no_candidates,0
BIOMD0000001062,R_A5PISO,CLU_BIOMD0000001062,train,empty_constrained,True,1-2,chebi+kegg_compound,no_candidates,0
BIOMD0000001062,R_AACTOOR,CLU_BIOMD0000001062,train,empty_constrained,True,5-6,chebi+kegg_compound,no_candidates,0
BIOMD0000001062,R_AATA,CLU_BIOMD0000001062,train,empty_constrained,True,3-4,chebi+kegg_compound,no_candidates,0
BIOMD0000001062,R_ABTA,CLU_BIOMD0000001062,train,empty_constrained,True,3-4,chebi+kegg_compound,no_candidates,0
BIOMD0000001062,R_ABUTD,CLU_BIOMD0000001062,train,empty_constrained,True,5-6,chebi+kegg_compound,no_candidates,0
BIOMD0000001062,R_ACACCT,CLU_BIOMD0000001062,train,empty_constrained,True,3-4,chebi+kegg_compound,no_candidates,0
BIOMD0000001062,R_ACACT1r,CLU_BIOMD0000001062,train,retrievable_top1_success,True,3-4,chebi+kegg_compound,ok,4
BIOMD0000001062,R_ACACT2r,CLU_BIOMD0000001062,train,retrievable_top1_success,True,3-4,chebi+kegg_compound,ok,1
BIOMD0000001062,R_ACACT4r,CLU_BIOMD0000001062,train,retrievable_top1_success,True,3-4,chebi+kegg_compound,ok,1
BIOMD0000001062,R_ACACT6r,CLU_BIOMD0000001062,train,retrievable_top1_success,True,3-4,chebi+kegg_compound,ok,1
BIOMD0000001062,R_ACACT7r,CLU_BIOMD0000001062,train,retrievable_top1_success,True,3-4,chebi+kegg_compound,ok,1
BIOMD0000001062,R_ACALD,CLU_BIOMD0000001062,train,empty_constrained,True,5-6,chebi+kegg_compound,no_candidates,0
BIOMD0000001062,R_ACBIPGT,CLU_BIOMD0000001062,train,empty_constrained,True,5-6,chebi+kegg_compound,no_candidates,0
BIOMD0000001062,R_ACCOAC,CLU_BIOMD0000001062,train,empty_constrained,True,7+,chebi+kegg_compound,no_candidates,0
BIOMD0000001062,R_ACGAMK,CLU_BIOMD0000001062,train,empty_constrained,True,5-6,chebi+kegg_compound,no_candidates,0
BIOMD0000001062,R_ACGK,CLU_BIOMD0000001062,train,retrievable_top1_success,True,3-4,chebi+kegg_compound,ok,1
BIOMD0000001062,R_ACGS,CLU_BIOMD0000001062,train,empty_constrained,True,5-6,chebi+kegg_compound,no_candidates,0
BIOMD0000001062,R_ACHBS,CLU_BIOMD0000001062,train,empty_constrained,True,5-6,chebi+kegg_compound,no_candidates,0
BIOMD0000001062,R_ACKr,CLU_BIOMD0000001062,train,retrievable_top1_success,True,3-4,chebi+kegg_compound,ok,1
BIOMD0000001062,R_ACLS,CLU_BIOMD0000001062,train,empty_constrained,True,3-4,chebi+kegg_compound,no_candidates,0
BIOMD0000001062,R_ACM6PH,CLU_BIOMD0000001062,train,empty_constrained,True,3-4,chebi+kegg_compound,no_candidates,0
BIOMD0000001062,R_ACMAMUT,CLU_BIOMD0000001062,train,empty_constrained,True,5-6,chebi+kegg_compound,no_candidates,0
BIOMD0000001062,R_ACNML,CLU_BIOMD0000001062,train,empty_constrained,True,3-4,chebi+kegg_compound,no_candidates,0
BIOMD0000001062,R_ACOAD1f,CLU_BIOMD0000001062,train,retrievable_top1_success,True,3-4,chebi+kegg_compound,ok,1
BIOMD0000001062,R_ACOAD3f,CLU_BIOMD0000001062,train,retrievable_top1_success,True,3-4,chebi+kegg_compound,ok,1
BIOMD0000001062,R_ACOAD5f,CLU_BIOMD0000001062,train,retrievable_top1_success,True,3-4,chebi+kegg_compound,ok,1
BIOMD0000001062,R_ACOAD6f,CLU_BIOMD0000001062,train,retrievable_top1_success,True,3-4,chebi+kegg_compound,ok,1
BIOMD0000001062,R_ACOAD7f,CLU_BIOMD0000001062,train,retrievable_top1_success,True,3-4,chebi+kegg_compound,ok,1
BIOMD0000001062,R_ACOATA,CLU_BIOMD0000001062,train,retrievable_top1_success,True,3-4,chebi+kegg_compound,ok,1
BIOMD0000001062,R_ACODA,CLU_BIOMD0000001062,train,empty_constrained,True,3-4,chebi+kegg_compound,no_candidates,0
BIOMD0000001062,R_ACONIs,CLU_BIOMD0000001062,train,empty_constrained,True,1-2,chebi+kegg_compound,no_candidates,0
BIOMD0000001062,R_ACONMT,CLU_BIOMD0000001062,train,empty_constrained,True,3-4,chebi+kegg_compound,no_candidates,0
BIOMD0000001062,R_ACONTa,CLU_BIOMD0000001062,train,empty_constrained,True,3-4,chebi+kegg_compound,no_candidates,0
BIOMD0000001062,R_ACONTb,CLU_BIOMD0000001062,train,empty_constrained,True,3-4,chebi+kegg_compound,no_candidates,0
BIOMD0000001062,R_ACOTA,CLU_BIOMD0000001062,train,retrievable_top1_success,True,3-4,chebi+kegg_compound,ok,1
BIOMD0000001062,R_ACP1_FMN,CLU_BIOMD0000001062,train,empty_constrained,True,3-4,chebi+kegg_compound,no_candidates,0
BIOMD0000001062,R_ACS,CLU_BIOMD0000001062,train,retrievable_top1_success,True,5-6,chebi+kegg_compound,ok,1
BIOMD0000001062,R_ADA,CLU_BIOMD0000001062,train,empty_constrained,True,5-6,chebi+kegg_compound,no_candidates,0
BIOMD0000001062,R_ADCL,CLU_BIOMD0000001062,train,empty_constrained,True,3-4,chebi+kegg_compound,no_candidates,0
BIOMD0000001062,R_ADCS,CLU_BIOMD0000001062,train,retrievable_top1_success,True,3-4,chebi+kegg_compound,ok,2
BIOMD0000001062,R_ADD,CLU_BIOMD0000001062,train,empty_constrained,True,5-6,chebi+kegg_compound,no_candidates,0
BIOMD0000001062,R_ADK1,CLU_BIOMD0000001062,train,retrievable_top1_success,True,3-4,chebi+kegg_compound,ok,1
BIOMD0000001062,R_ADMDC,CLU_BIOMD0000001062,train,retrievable_top1_success,True,3-4,chebi+kegg_compound,ok,1
BIOMD0000001062,R_ADNCYC,CLU_BIOMD0000001062,train,retrievable_top1_success,True,3-4,chebi+kegg_compound,ok,1
BIOMD0000001062,R_ADNK1,CLU_BIOMD0000001062,train,empty_constrained,True,5-6,chebi+kegg_compound,no_candidates,0
BIOMD0000001062,R_ADNUC,CLU_BIOMD0000001062,train,empty_constrained,True,3-4,chebi+kegg_compound,no_candidates,0
BIOMD0000001062,R_ADOCBIK,CLU_BIOMD0000001062,train,empty_constrained,True,5-6,chebi+kegg_compound,no_candidates,0
BIOMD0000001062,R_ADOCBLS,CLU_BIOMD0000001062,train,empty_constrained,True,5-6,chebi+kegg_compound,no_candidates,0
BIOMD0000001062,R_ADPT,CLU_BIOMD0000001062,train,empty_constrained,True,3-4,chebi+kegg_compound,no_candidates,0
BIOMD0000001062,R_ADSK,CLU_BIOMD0000001062,train,empty_constrained,True,5-6,chebi+kegg_compound,no_candidates,0
BIOMD0000001062,R_ADSL1r,CLU_BIOMD0000001062,train,empty_constrained,True,3-4,chebi+kegg_compound,no_candidates,0
BIOMD0000001062,R_ADSL2r,CLU_BIOMD0000001062,train,empty_constrained,True,3-4,chebi+kegg_compound,no_candidates,0
BIOMD0000001062,R_ADSS,CLU_BIOMD0000001062,train,empty_constrained,True,7+,chebi+kegg_compound,no_candidates,0
BIOMD0000001062,R_AGDC,CLU_BIOMD0000001062,train,empty_constrained,True,3-4,chebi+kegg_compound,no_candidates,0
BIOMD0000001062,R_AGMHE,CLU_BIOMD0000001062,train,retrievable_top1_success,True,1-2,chebi+kegg_compound,ok,1
BIOMD0000001062,R_AGMT,CLU_BIOMD0000001062,train,empty_constrained,True,3-4,chebi+kegg_compound,no_candidates,0
BIOMD0000001062,R_AGPR,CLU_BIOMD0000001062,train,empty_constrained,True,5-6,chebi+kegg_compound,no_candidates,0
BIOMD0000001062,R_AHCYSNS,CLU_BIOMD0000001062,train,empty_constrained,True,3-4,chebi+kegg_compound,no_candidates,0
BIOMD0000001062,R_AICART,CLU_BIOMD0000001062,train,retrievable_top1_success,True,3-4,chebi+kegg_compound,ok,1
BIOMD0000001062,R_AIRC3,CLU_BIOMD0000001062,train,empty_constrained,True,1-2,chebi+kegg_compound,no_candidates,0
BIOMD0000001062,R_AKGDH,CLU_BIOMD0000001062,train,empty_constrained,True,5-6,chebi+kegg_compound,no_candidates,0
BIOMD0000001062,R_AKGDH2,CLU_BIOMD0000001062,train,empty_constrained,True,5-6,chebi+kegg_compound,no_candidates,0
BIOMD0000001062,R_ALAALAr,CLU_BIOMD0000001062,train,empty_constrained,True,5-6,chebi+kegg_compound,no_candidates,0
BIOMD0000001062,R_ALAGLUE,CLU_BIOMD0000001062,train,nonempty_answer_absent,True,1-2,chebi+kegg_compound,ok,3
BIOMD0000001062,R_ALAR,CLU_BIOMD0000001062,train,retrievable_top1_success,True,1-2,chebi+kegg_compound,ok,1
BIOMD0000001062,R_ALATA_D2,CLU_BIOMD0000001062,train,empty_constrained,True,3-4,chebi+kegg_compound,no_candidates,0
BIOMD0000001062,R_ALATA_L,CLU_BIOMD0000001062,train,retrievable_top1_success,True,3-4,chebi+kegg_compound,ok,1
BIOMD0000001062,R_ALCD19,CLU_BIOMD0000001062,train,empty_constrained,True,5-6,chebi+kegg_compound,no_candidates,0
BIOMD0000001062,R_ALCD2x,CLU_BIOMD0000001062,train,empty_constrained,True,5-6,chebi+kegg_compound,no_candidates,0
BIOMD0000001062,R_ALDD2y,CLU_BIOMD0000001062,train,empty_constrained,True,5-6,chebi+kegg_compound,no_candidates,0
BIOMD0000001062,R_ALKP,CLU_BIOMD0000001062,train,empty_constrained,True,3-4,chebi+kegg_compound,no_candidates,0
BIOMD0000001062,R_ALLK,CLU_BIOMD0000001062,train,empty_constrained,True,5-6,chebi+kegg_compound,no_candidates,0
BIOMD0000001062,R_ALLPI,CLU_BIOMD0000001062,train,retrievable_top1_success,True,1-2,chebi+kegg_compound,ok,1
BIOMD0000001062,R_ALLULPE,CLU_BIOMD0000001062,train,retrievable_top1_success,True,1-2,chebi+kegg_compound,ok,1
BIOMD0000001062,R_ALR2,CLU_BIOMD0000001062,train,empty_constrained,True,5-6,chebi+kegg_compound,no_candidates,0
BIOMD0000001062,R_ALTRH,CLU_BIOMD0000001062,train,empty_constrained,True,3-4,chebi+kegg_compound,no_candidates,0
BIOMD0000001062,R_AMANAPEr,CLU_BIOMD0000001062,train,empty_constrained,True,1-2,chebi+kegg_compound,no_candidates,0
BIOMD0000001062,R_AMANK,CLU_BIOMD0000001062,train,empty_constrained,True,5-6,chebi+kegg_compound,no_candidates,0
BIOMD0000001062,R_AMAOTr,CLU_BIOMD0000001062,train,retrievable_top1_success,True,3-4,chebi+kegg_compound,ok,1
BIOMD0000001062,R_AMPTASECG,CLU_BIOMD0000001062,train,empty_constrained,True,3-4,chebi+kegg_compound,no_candidates,0
BIOMD0000001062,R_ANPRT,CLU_BIOMD0000001062,train,empty_constrained,True,3-4,chebi+kegg_compound,no_candidates,0
BIOMD0000001062,R_ANS,CLU_BIOMD0000001062,train,empty_constrained,True,5-6,chebi+kegg_compound,no_candidates,0
BIOMD0000001062,R_AOBUTDs,CLU_BIOMD0000001062,train,empty_constrained,True,3-4,chebi+kegg_compound,no_candidates,0
BIOMD0000001062,R_AOXSr,CLU_BIOMD0000001062,train,empty_constrained,True,5-6,chebi+kegg_compound,no_candidates,0
BIOMD0000001062,R_AOXSr2,CLU_BIOMD0000001062,train,retrievable_top1_success,True,5-6,chebi+kegg_compound,ok,1
BIOMD0000001062,R_AP4AH,CLU_BIOMD0000001062,train,empty_constrained,True,3-4,chebi+kegg_compound,no_candidates,0
BIOMD0000001062,R_AP5AH,CLU_BIOMD0000001062,train,empty_constrained,True,5-6,chebi+kegg_compound,no_candidates,0
BIOMD0000001062,R_APCS,CLU_BIOMD0000001062,train,empty_constrained,True,5-6,chebi+kegg_compound,no_candidates,0
BIOMD0000001062,R_APPLDHr,CLU_BIOMD0000001062,train,empty_constrained,True,5-6,chebi+kegg_compound,no_candidates,0
BIOMD0000001062,R_APRAUR,CLU_BIOMD0000001062,train,empty_constrained,True,5-6,chebi+kegg_compound,no_candidates,0
BIOMD0000001062,R_ARABDI,CLU_BIOMD0000001062,train,retrievable_top1_success,True,1-2,chebi+kegg_compound,ok,1
BIOMD0000001062,R_ARGDC,CLU_BIOMD0000001062,train,empty_constrained,True,3-4,chebi+kegg_compound,no_candidates,0
BIOMD0000001062,R_ARGDCpp,CLU_BIOMD0000001062,train,empty_constrained,True,3-4,chebi+kegg_compound,no_candidates,0
BIOMD0000001062,R_ARGDr,CLU_BIOMD0000001062,train,empty_constrained,True,3-4,chebi+kegg_compound,no_candidates,0
BIOMD0000001062,R_ARGSL,CLU_BIOMD0000001062,train,empty_constrained,True,3-4,chebi+kegg_compound,no_candidates,0
BIOMD0000001062,R_ARGSS,CLU_BIOMD0000001062,train,empty_constrained,True,7+,chebi+kegg_compound,no_candidates,0
BIOMD0000001062,R_ARGTRS,CLU_BIOMD0000001062,train,empty_constrained,True,5-6,chebi+kegg_compound,no_candidates,0
BIOMD0000001062,R_ASAD,CLU_BIOMD0000001062,train,empty_constrained,True,5-6,chebi+kegg_compound,no_candidates,0
BIOMD0000001062,R_ASCBPL,CLU_BIOMD0000001062,train,empty_constrained,True,3-4,chebi+kegg_compound,no_candidates,0
BIOMD0000001062,R_ASNN,CLU_BIOMD0000001062,train,empty_constrained,True,3-4,chebi+kegg_compound,no_candidates,0
BIOMD0000001062,R_ASNNpp,CLU_BIOMD0000001062,train,empty_constrained,True,3-4,chebi+kegg_compound,no_candidates,0
BIOMD0000001062,R_ASNS1,CLU_BIOMD0000001062,train,empty_constrained,True,7+,chebi+kegg_compound,no_candidates,0
BIOMD0000001062,R_ASNS2,CLU_BIOMD0000001062,train,empty_constrained,True,7+,chebi+kegg_compound,no_candidates,0
BIOMD0000001062,R_ASNTRS,CLU_BIOMD0000001062,train,empty_constrained,True,5-6,chebi+kegg_compound,no_candidates,0
BIOMD0000001062,R_ASP1DC,CLU_BIOMD0000001062,train,empty_constrained,True,3-4,chebi+kegg_compound,no_candidates,0
BIOMD0000001062,R_ASPCT,CLU_BIOMD0000001062,train,empty_constrained,True,5-6,chebi+kegg_compound,no_candidates,0
BIOMD0000001062,R_ASPK,CLU_BIOMD0000001062,train,retrievable_top1_success,True,3-4,chebi+kegg_compound,ok,1
BIOMD0000001062,R_ASPO6,CLU_BIOMD0000001062,train,empty_constrained,True,5-6,chebi+kegg_compound,no_candidates,0
BIOMD0000001062,R_ASPT,CLU_BIOMD0000001062,train,empty_constrained,True,3-4,chebi+kegg_compound,no_candidates,0
BIOMD0000001062,R_ASPTA,CLU_BIOMD0000001062,train,retrievable_top1_success,True,3-4,chebi+kegg_compound,ok,1
BIOMD0000001062,R_ASPTRS,CLU_BIOMD0000001062,train,empty_constrained,True,5-6,chebi+kegg_compound,no_candidates,0
BIOMD0000001062,R_AST,CLU_BIOMD0000001062,train,empty_constrained,True,5-6,chebi+kegg_compound,no_candidates,0
BIOMD0000001062,R_ATHRDHr,CLU_BIOMD0000001062,train,empty_constrained,True,5-6,chebi+kegg_compound,no_candidates,0
BIOMD0000001062,R_ATPHs,CLU_BIOMD0000001062,train,empty_constrained,True,5-6,chebi+kegg_compound,no_candidates,0
BIOMD0000001062,R_ATPM,CLU_BIOMD0000001062,train,empty_constrained,True,5-6,chebi+kegg_compound,no_candidates,0
BIOMD0000001062,R_ATPPRT,CLU_BIOMD0000001062,train,empty_constrained,True,3-4,chebi+kegg_compound,no_candidates,0
BIOMD0000001062,R_BDH,CLU_BIOMD0000001062,train,empty_constrained,True,5-6,chebi+kegg_compound,no_candidates,0
BIOMD0000001062,R_BETALDHx,CLU_BIOMD0000001062,train,empty_constrained,True,5-6,chebi+kegg_compound,no_candidates,0
BIOMD0000001062,R_BETALDHy,CLU_BIOMD0000001062,train,empty_constrained,True,5-6,chebi+kegg_compound,no_candidates,0
BIOMD0000001062,R_BPNT,CLU_BIOMD0000001062,train,empty_constrained,True,3-4,chebi+kegg_compound,no_candidates,0
BIOMD0000001062,R_BSORy,CLU_BIOMD0000001062,train,empty_constrained,True,5-6,chebi+kegg_compound,no_candidates,0
BIOMD0000001062,R_CAT,CLU_BIOMD0000001062,train,empty_constrained,True,3-4,chebi+kegg_compound,no_candidates,0
BIOMD0000001062,R_CBLAT,CLU_BIOMD0000001062,train,empty_constrained,True,5-6,chebi+kegg_compound,no_candidates,0
BIOMD0000001062,R_CBMD,CLU_BIOMD0000001062,train,empty_constrained,True,3-4,chebi+kegg_compound,no_candidates,0
BIOMD0000001062,R_CBMKr,CLU_BIOMD0000001062,train,empty_constrained,True,5-6,chebi+kegg_compound,no_candidates,0
BIOMD0000001062,R_CBPS,CLU_BIOMD0000001062,train,empty_constrained,True,7+,chebi+kegg_compound,no_candidates,0
BIOMD0000001062,R_CCGS,CLU_BIOMD0000001062,train,empty_constrained,True,7+,chebi+kegg_compound,no_candidates,0
BIOMD0000001062,R_CDGR,CLU_BIOMD0000001062,train,empty_constrained,True,5-6,chebi+kegg_compound,no_candidates,0
BIOMD0000001062,R_CDGS,CLU_BIOMD0000001062,train,empty_constrained,True,3-4,chebi+kegg_compound,no_candidates,0
BIOMD0000001062,R_CDPMEK,CLU_BIOMD0000001062,train,empty_constrained,True,5-6,chebi+kegg_compound,no_candidates,0
BIOMD0000001062,R_CDPPH,CLU_BIOMD0000001062,train,empty_constrained,True,5-6,chebi+kegg_compound,no_candidates,0
BIOMD0000001062,R_CHOLD,CLU_BIOMD0000001062,train,empty_constrained,True,5-6,chebi+kegg_compound,no_candidates,0
BIOMD0000001062,R_CHORM,CLU_BIOMD0000001062,train,retrievable_top1_success,True,1-2,chebi+kegg_compound,ok,1
BIOMD0000001062,R_CHORS,CLU_BIOMD0000001062,train,retrievable_top1_success,True,3-4,chebi+kegg_compound,ok,1
BIOMD0000001062,R_CHRPL,CLU_BIOMD0000001062,train,empty_constrained,True,3-4,chebi+kegg_compound,no_candidates,0
BIOMD0000001062,R_CITL,CLU_BIOMD0000001062,train,retrievable_top1_success,True,3-4,chebi+kegg_compound,ok,1
BIOMD0000001062,R_CLB6PH,CLU_BIOMD0000001062,train,empty_constrained,True,3-4,chebi+kegg_compound,no_candidates,0
BIOMD0000001062,R_CPH4S,CLU_BIOMD0000001062,train,empty_constrained,True,5-6,chebi+kegg_compound,no_candidates,0
BIOMD0000001062,R_CPPPGO,CLU_BIOMD0000001062,train,empty_constrained,True,5-6,chebi+kegg_compound,no_candidates,0
BIOMD0000001062,R_CPPPGO2,CLU_BIOMD0000001062,train,empty_constrained,True,5-6,chebi+kegg_compound,no_candidates,0
BIOMD0000001062,R_CRNBTCT,CLU_BIOMD0000001062,train,empty_constrained,True,3-4,chebi+kegg_compound,no_candidates,0
BIOMD0000001062,R_CRNCBCT,CLU_BIOMD0000001062,train,empty_constrained,True,3-4,chebi+kegg_compound,no_candidates,0
BIOMD0000001062,R_CRNCDH,CLU_BIOMD0000001062,train,empty_constrained,True,3-4,chebi+kegg_compound,no_candidates,0
BIOMD0000001062,R_CS,CLU_BIOMD0000001062,train,empty_constrained,True,5-6,chebi+kegg_compound,no_candidates,0
BIOMD0000001062,R_CSND,CLU_BIOMD0000001062,train,empty_constrained,True,5-6,chebi+kegg_compound,no_candidates,0
BIOMD0000001062,R_CTPS2,CLU_BIOMD0000001062,train,empty_constrained,True,7+,chebi+kegg_compound,no_candidates,0
BIOMD0000001062,R_CYANST,CLU_BIOMD0000001062,train,empty_constrained,True,5-6,chebi+kegg_compound,no_candidates,0
BIOMD0000001062,R_CYANSTpp,CLU_BIOMD0000001062,train,empty_constrained,True,5-6,chebi+kegg_compound,no_candidates,0
BIOMD0000001062,R_CYSDDS,CLU_BIOMD0000001062,train,empty_constrained,True,5-6,chebi+kegg_compound,no_candidates,0
BIOMD0000001062,R_CYSDS,CLU_BIOMD0000001062,train,empty_constrained,True,5-6,chebi+kegg_compound,no_candidates,0
BIOMD0000001062,R_CYSS,CLU_BIOMD0000001062,train,empty_constrained,True,5-6,chebi+kegg_compound,no_candidates,0
BIOMD0000001062,R_CYSSADS,CLU_BIOMD0000001062,train,empty_constrained,True,3-4,chebi+kegg_compound,no_candidates,0
BIOMD0000001062,R_CYSTA,CLU_BIOMD0000001062,train,nonempty_answer_absent,True,3-4,chebi+kegg_compound,ok,2
BIOMD0000001062,R_CYSTL,CLU_BIOMD0000001062,train,empty_constrained,True,5-6,chebi+kegg_compound,no_candidates,0
BIOMD0000001062,R_CYSTRS,CLU_BIOMD0000001062,train,empty_constrained,True,5-6,chebi+kegg_compound,no_candidates,0
BIOMD0000001062,R_CYTD,CLU_BIOMD0000001062,train,empty_constrained,True,5-6,chebi+kegg_compound,no_candidates,0
BIOMD0000001062,R_CYTDH,CLU_BIOMD0000001062,train,empty_constrained,True,3-4,chebi+kegg_compound,no_candidates,0
BIOMD0000001062,R_CYTDK1,CLU_BIOMD0000001062,train,empty_constrained,True,5-6,chebi+kegg_compound,no_candidates,0
BIOMD0000001062,R_CYTDK2,CLU_BIOMD0000001062,train,empty_constrained,True,5-6,chebi+kegg_compound,no_candidates,0
BIOMD0000001062,R_CYTK1,CLU_BIOMD0000001062,train,retrievable_top1_success,True,3-4,chebi+kegg_compound,ok,1
BIOMD0000001062,R_CYTK2,CLU_BIOMD0000001062,train,retrievable_top1_success,True,3-4,chebi+kegg_compound,ok,1
BIOMD0000001062,R_D5KGPA,CLU_BIOMD0000001062,train,retrievable_top1_success,True,3-4,chebi+kegg_compound,ok,1
BIOMD0000001062,R_DADA,CLU_BIOMD0000001062,train,empty_constrained,True,5-6,chebi+kegg_compound,no_candidates,0
BIOMD0000001062,R_DADK,CLU_BIOMD0000001062,train,retrievable_top1_success,True,3-4,chebi+kegg_compound,ok,1
BIOMD0000001062,R_DADK_copy1,CLU_BIOMD0000001062,train,retrievable_top1_success,True,3-4,chebi+kegg_compound,ok,1
BIOMD0000001062,R_DADK_copy2,CLU_BIOMD0000001062,train,retrievable_top1_success,True,3-4,chebi+kegg_compound,ok,1
BIOMD0000001062,R_DAPAL,CLU_BIOMD0000001062,train,empty_constrained,True,3-4,chebi+kegg_compound,no_candidates,0
BIOMD0000001062,R_DAPDC,CLU_BIOMD0000001062,train,empty_constrained,True,3-4,chebi+kegg_compound,no_candidates,0
BIOMD0000001062,R_DAPE,CLU_BIOMD0000001062,train,retrievable_top1_success,True,1-2,chebi+kegg_compound,ok,1
BIOMD0000001062,R_DB4PS,CLU_BIOMD0000001062,train,empty_constrained,True,3-4,chebi+kegg_compound,no_candidates,0
BIOMD0000001062,R_DBTS,CLU_BIOMD0000001062,train,empty_constrained,True,7+,chebi+kegg_compound,no_candidates,0
BIOMD0000001062,R_DCTPD,CLU_BIOMD0000001062,train,empty_constrained,True,5-6,chebi+kegg_compound,no_candidates,0
BIOMD0000001062,R_DCYTD,CLU_BIOMD0000001062,train,empty_constrained,True,5-6,chebi+kegg_compound,no_candidates,0
BIOMD0000001062,R_DDGALK,CLU_BIOMD0000001062,train,empty_constrained,True,5-6,chebi+kegg_compound,no_candidates,0
BIOMD0000001062,R_DDGLK,CLU_BIOMD0000001062,train,empty_constrained,True,5-6,chebi+kegg_compound,no_candidates,0
BIOMD0000001062,R_DDPA,CLU_BIOMD0000001062,train,empty_constrained,True,5-6,chebi+kegg_compound,no_candidates,0
BIOMD0000001062,R_DDPGALA,CLU_BIOMD0000001062,train,empty_constrained,True,3-4,chebi+kegg_compound,no_candidates,0
BIOMD0000001062,R_DGK1,CLU_BIOMD0000001062,train,retrievable_top1_success,True,3-4,chebi+kegg_compound,ok,1
BIOMD0000001062,R_DHAD1,CLU_BIOMD0000001062,train,empty_constrained,True,3-4,chebi+kegg_compound,no_candidates,0
BIOMD0000001062,R_DHAD2,CLU_BIOMD0000001062,train,empty_constrained,True,3-4,chebi+kegg_compound,no_candidates,0
BIOMD0000001062,R_DHAPT,CLU_BIOMD0000001062,train,retrievable_top1_success,True,3-4,chebi+kegg_compound,ok,1
BIOMD0000001062,R_DHBD,CLU_BIOMD0000001062,train,empty_constrained,True,5-6,chebi+kegg_compound,no_candidates,0
BIOMD0000001062,R_DHBS,CLU_BIOMD0000001062,train,empty_constrained,True,5-6,chebi+kegg_compound,no_candidates,0
BIOMD0000001062,R_DHFR,CLU_BIOMD0000001062,train,empty_constrained,True,5-6,chebi+kegg_compound,no_candidates,0
BIOMD0000001062,R_DHFS,CLU_BIOMD0000001062,train,empty_constrained,True,7+,chebi+kegg_compound,no_candidates,0
BIOMD0000001062,R_DHNPA2r,CLU_BIOMD0000001062,train,retrievable_top1_success,True,3-4,chebi+kegg_compound,ok,1
BIOMD0000001062,R_DHORDfum,CLU_BIOMD0000001062,train,empty_constrained,True,3-4,chebi+kegg_compound,no_candidates,0
BIOMD0000001062,R_DHORTS,CLU_BIOMD0000001062,train,empty_constrained,True,3-4,chebi+kegg_compound,no_candidates,0
BIOMD0000001062,R_DHPPDA2,CLU_BIOMD0000001062,train,empty_constrained,True,5-6,chebi+kegg_compound,no_candidates,0
BIOMD0000001062,R_DHPS2,CLU_BIOMD0000001062,train,retrievable_top1_success,True,3-4,chebi+kegg_compound,ok,1
BIOMD0000001062,R_DHPTDNR,CLU_BIOMD0000001062,train,empty_constrained,True,5-6,chebi+kegg_compound,no_candidates,0
BIOMD0000001062,R_DHPTDNRN,CLU_BIOMD0000001062,train,empty_constrained,True,5-6,chebi+kegg_compound,no_candidates,0
BIOMD0000001062,R_DHQS,CLU_BIOMD0000001062,train,empty_constrained,True,3-4,chebi+kegg_compound,no_candidates,0
BIOMD0000001062,R_DHQTi,CLU_BIOMD0000001062,train,empty_constrained,True,3-4,chebi+kegg_compound,no_candidates,0
BIOMD0000001062,R_DKFPS2,CLU_BIOMD0000001062,train,retrievable_top1_success,True,3-4,chebi+kegg_compound,ok,1
BIOMD0000001062,R_DKGLCNR2y,CLU_BIOMD0000001062,train,empty_constrained,True,5-6,chebi+kegg_compound,no_candidates,0
BIOMD0000001062,R_DMALRED,CLU_BIOMD0000001062,train,retrievable_top1_success,True,3-4,chebi+kegg_compound,ok,1
BIOMD0000001062,R_DMATT,CLU_BIOMD0000001062,train,retrievable_top1_success,True,3-4,chebi+kegg_compound,ok,1
BIOMD0000001062,R_DNMPPA,CLU_BIOMD0000001062,train,empty_constrained,True,3-4,chebi+kegg_compound,no_candidates,0
BIOMD0000001062,R_DNTPPA,CLU_BIOMD0000001062,train,empty_constrained,True,5-6,chebi+kegg_compound,no_candidates,0
BIOMD0000001062,R_DOGULNR,CLU_BIOMD0000001062,train,empty_constrained,True,5-6,chebi+kegg_compound,no_candidates,0
BIOMD0000001062,R_DPCOAK,CLU_BIOMD0000001062,train,empty_constrained,True,5-6,chebi+kegg_compound,no_candidates,0
BIOMD0000001062,R_DPR,CLU_BIOMD0000001062,train,empty_constrained,True,5-6,chebi+kegg_compound,no_candidates,0
BIOMD0000001062,R_DRBK,CLU_BIOMD0000001062,train,empty_constrained,True,5-6,chebi+kegg_compound,no_candidates,0
BIOMD0000001062,R_DRPA,CLU_BIOMD0000001062,train,retrievable_top1_success,True,3-4,chebi+kegg_compound,ok,1
BIOMD0000001062,R_DTARTD,CLU_BIOMD0000001062,train,empty_constrained,True,3-4,chebi+kegg_compound,no_candidates,0
BIOMD0000001062,R_DTMPK,CLU_BIOMD0000001062,train,retrievable_top1_success,True,3-4,chebi+kegg_compound,ok,1
BIOMD0000001062,R_DURADx,CLU_BIOMD0000001062,train,empty_constrained,True,5-6,chebi+kegg_compound,no_candidates,0
BIOMD0000001062,R_DURIK1,CLU_BIOMD0000001062,train,empty_constrained,True,5-6,chebi+kegg_compound,no_candidates,0
BIOMD0000001062,R_DURIPP,CLU_BIOMD0000001062,train,retrievable_top1_success,True,3-4,chebi+kegg_compound,ok,1
BIOMD0000001062,R_DUTPDP,CLU_BIOMD0000001062,train,empty_constrained,True,5-6,chebi+kegg_compound,no_candidates,0
BIOMD0000001062,R_DXPRIi,CLU_BIOMD0000001062,train,empty_constrained,True,5-6,chebi+kegg_compound,no_candidates,0
BIOMD0000001062,R_DXPS,CLU_BIOMD0000001062,train,empty_constrained,True,5-6,chebi+kegg_compound,no_candidates,0
BIOMD0000001062,R_E4PD,CLU_BIOMD0000001062,train,empty_constrained,True,5-6,chebi+kegg_compound,no_candidates,0
BIOMD0000001062,R_ECOAH1,CLU_BIOMD0000001062,train,empty_constrained,True,3-4,chebi+kegg_compound,no_candidates,0
BIOMD0000001062,R_ECOAH2,CLU_BIOMD0000001062,train,empty_constrained,True,3-4,chebi+kegg_compound,no_candidates,0
BIOMD0000001062,R_ECOAH3,CLU_BIOMD0000001062,train,empty_constrained,True,3-4,chebi+kegg_compound,no_candidates,0
BIOMD0000001062,R_ECOAH4,CLU_BIOMD0000001062,train,empty_constrained,True,3-4,chebi+kegg_compound,no_candidates,0
BIOMD0000001062,R_ECOAH5,CLU_BIOMD0000001062,train,empty_constrained,True,3-4,chebi+kegg_compound,no_candidates,0
BIOMD0000001062,R_ECOAH6,CLU_BIOMD0000001062,train,empty_constrained,True,3-4,chebi+kegg_compound,no_candidates,0
BIOMD0000001062,R_ECOAH7,CLU_BIOMD0000001062,train,empty_constrained,True,3-4,chebi+kegg_compound,no_candidates,0
BIOMD0000001062,R_EDA,CLU_BIOMD0000001062,train,empty_constrained,True,3-4,chebi+kegg_compound,no_candidates,0
BIOMD0000001062,R_EDD,CLU_BIOMD0000001062,train,empty_constrained,True,3-4,chebi+kegg_compound,no_candidates,0
BIOMD0000001062,R_EGMEACPR,CLU_BIOMD0000001062,train,empty_constrained,True,5-6,chebi+kegg_compound,no_candidates,0
BIOMD0000001062,R_ENO,CLU_BIOMD0000001062,train,empty_constrained,True,3-4,chebi+kegg_compound,no_candidates,0
BIOMD0000001062,R_EPMEACPR,CLU_BIOMD0000001062,train,empty_constrained,True,5-6,chebi+kegg_compound,no_candidates,0
BIOMD0000001062,R_ETHAAL,CLU_BIOMD0000001062,train,empty_constrained,True,3-4,chebi+kegg_compound,no_candidates,0
BIOMD0000001062,R_FACOAE160,CLU_BIOMD0000001062,train,empty_constrained,True,5-6,chebi+kegg_compound,no_candidates,0
BIOMD0000001062,R_FACOAE180,CLU_BIOMD0000001062,train,empty_constrained,True,5-6,chebi+kegg_compound,no_candidates,0
BIOMD0000001062,R_FADRx,CLU_BIOMD0000001062,train,empty_constrained,True,5-6,chebi+kegg_compound,no_candidates,0
BIOMD0000001062,R_FADRx2,CLU_BIOMD0000001062,train,empty_constrained,True,5-6,chebi+kegg_compound,no_candidates,0
BIOMD0000001062,R_FALDH2,CLU_BIOMD0000001062,train,empty_constrained,True,5-6,chebi+kegg_compound,no_candidates,0
BIOMD0000001062,R_FALGTHLs,CLU_BIOMD0000001062,train,retrievable_top1_success,True,3-4,chebi+kegg_compound,ok,1
BIOMD0000001062,R_FBA,CLU_BIOMD0000001062,train,retrievable_top1_success,True,3-4,chebi+kegg_compound,ok,2
BIOMD0000001062,R_FBA3,CLU_BIOMD0000001062,train,retrievable_top1_success,True,3-4,chebi+kegg_compound,ok,1
BIOMD0000001062,R_FCLK,CLU_BIOMD0000001062,train,empty_constrained,True,5-6,chebi+kegg_compound,no_candidates,0
BIOMD0000001062,R_FCLPA,CLU_BIOMD0000001062,train,retrievable_top1_success,True,3-4,chebi+kegg_compound,ok,1
BIOMD0000001062,R_FCLT,CLU_BIOMD0000001062,train,retrievable_top1_success,True,3-4,chebi+kegg_compound,ok,1
BIOMD0000001062,R_FDMO2,CLU_BIOMD0000001062,train,empty_constrained,True,7+,chebi+kegg_compound,no_candidates,0
BIOMD0000001062,R_FEROpp,CLU_BIOMD0000001062,train,empty_constrained,True,5-6,chebi+kegg_compound,no_candidates,0
BIOMD0000001062,R_FLDR,CLU_BIOMD0000001062,train,empty_constrained,True,5-6,chebi+kegg_compound,no_candidates,0
BIOMD0000001062,R_FLVR,CLU_BIOMD0000001062,train,empty_constrained,True,5-6,chebi+kegg_compound,no_candidates,0
BIOMD0000001062,R_FLVRx,CLU_BIOMD0000001062,train,empty_constrained,True,5-6,chebi+kegg_compound,no_candidates,0
BIOMD0000001062,R_FMETTRS,CLU_BIOMD0000001062,train,empty_constrained,True,5-6,chebi+kegg_compound,no_candidates,0
BIOMD0000001062,R_FMNAT,CLU_BIOMD0000001062,train,empty_constrained,True,5-6,chebi+kegg_compound,no_candidates,0
BIOMD0000001062,R_FMNRx,CLU_BIOMD0000001062,train,empty_constrained,True,5-6,chebi+kegg_compound,no_candidates,0
BIOMD0000001062,R_FMNRx2,CLU_BIOMD0000001062,train,empty_constrained,True,5-6,chebi+kegg_compound,no_candidates,0
BIOMD0000001062,R_FOMETRi,CLU_BIOMD0000001062,train,empty_constrained,True,3-4,chebi+kegg_compound,no_candidates,0
BIOMD0000001062,R_FORCT,CLU_BIOMD0000001062,train,retrievable_top1_success,True,3-4,chebi+kegg_compound,ok,1
BIOMD0000001062,R_FTHFD,CLU_BIOMD0000001062,train,empty_constrained,True,5-6,chebi+kegg_compound,no_candidates,0
BIOMD0000001062,R_FTHFLi,CLU_BIOMD0000001062,train,retrievable_top1_success,True,5-6,chebi+kegg_compound,ok,1
BIOMD0000001062,R_FUM,CLU_BIOMD0000001062,train,empty_constrained,True,3-4,chebi+kegg_compound,no_candidates,0
BIOMD0000001062,R_G1PP,CLU_BIOMD0000001062,train,empty_constrained,True,3-4,chebi+kegg_compound,no_candidates,0
BIOMD0000001062,R_G1PPpp,CLU_BIOMD0000001062,train,empty_constrained,True,3-4,chebi+kegg_compound,no_candidates,0
BIOMD0000001062,R_G1PTT,CLU_BIOMD0000001062,train,empty_constrained,True,5-6,chebi+kegg_compound,no_candidates,0
BIOMD0000001062,R_G1SAT,CLU_BIOMD0000001062,train,empty_constrained,True,1-2,chebi+kegg_compound,no_candidates,0
BIOMD0000001062,R_G2PP,CLU_BIOMD0000001062,train,empty_constrained,True,3-4,chebi+kegg_compound,no_candidates,0
BIOMD0000001062,R_G2PPpp,CLU_BIOMD0000001062,train,empty_constrained,True,3-4,chebi+kegg_compound,no_candidates,0
BIOMD0000001062,R_G3PD2,CLU_BIOMD0000001062,train,empty_constrained,True,5-6,chebi+kegg_compound,no_candidates,0
BIOMD0000001062,R_G3PT,CLU_BIOMD0000001062,train,empty_constrained,True,3-4,chebi+kegg_compound,no_candidates,0
BIOMD0000001062,R_G5SADs,CLU_BIOMD0000001062,train,empty_constrained,True,3-4,chebi+kegg_compound,no_candidates,0
BIOMD0000001062,R_G5SD,CLU_BIOMD0000001062,train,empty_constrained,True,5-6,chebi+kegg_compound,no_candidates,0
BIOMD0000001062,R_G6PDA,CLU_BIOMD0000001062,train,empty_constrained,True,3-4,chebi+kegg_compound,no_candidates,0
BIOMD0000001062,R_G6PDH2r,CLU_BIOMD0000001062,train,empty_constrained,True,5-6,chebi+kegg_compound,no_candidates,0
BIOMD0000001062,R_G6PP,CLU_BIOMD0000001062,train,empty_constrained,True,3-4,chebi+kegg_compound,no_candidates,0
BIOMD0000001062,R_GALAM6PISO,CLU_BIOMD0000001062,train,empty_constrained,True,3-4,chebi+kegg_compound,no_candidates,0
BIOMD0000001062,R_GALCTD,CLU_BIOMD0000001062,train,empty_constrained,True,3-4,chebi+kegg_compound,no_candidates,0
BIOMD0000001062,R_GALCTND,CLU_BIOMD0000001062,train,empty_constrained,True,3-4,chebi+kegg_compound,no_candidates,0
BIOMD0000001062,R_GALKr,CLU_BIOMD0000001062,train,empty_constrained,True,5-6,chebi+kegg_compound,no_candidates,0
BIOMD0000001062,R_GALUi,CLU_BIOMD0000001062,train,empty_constrained,True,5-6,chebi+kegg_compound,no_candidates,0
BIOMD0000001062,R_GAPD,CLU_BIOMD0000001062,train,empty_constrained,True,5-6,chebi+kegg_compound,no_candidates,0
BIOMD0000001062,R_GARFT,CLU_BIOMD0000001062,train,empty_constrained,True,5-6,chebi+kegg_compound,no_candidates,0
BIOMD0000001062,R_GCALDD,CLU_BIOMD0000001062,train,empty_constrained,True,5-6,chebi+kegg_compound,no_candidates,0
BIOMD0000001062,R_GDPMNP,CLU_BIOMD0000001062,train,empty_constrained,True,5-6,chebi+kegg_compound,no_candidates,0
BIOMD0000001062,R_GHBDHx,CLU_BIOMD0000001062,train,empty_constrained,True,5-6,chebi+kegg_compound,no_candidates,0
BIOMD0000001062,R_GHMT2r,CLU_BIOMD0000001062,train,empty_constrained,True,5-6,chebi+kegg_compound,no_candidates,0
BIOMD0000001062,R_GK1,CLU_BIOMD0000001062,train,retrievable_top1_success,True,3-4,chebi+kegg_compound,ok,1
BIOMD0000001062,R_GLCOAS,CLU_BIOMD0000001062,train,retrievable_top1_success,True,5-6,chebi+kegg_compound,ok,1
BIOMD0000001062,R_GLCRAL,CLU_BIOMD0000001062,train,retrievable_top1_success,True,3-4,chebi+kegg_compound,ok,1
BIOMD0000001062,R_GLCRD,CLU_BIOMD0000001062,train,empty_constrained,True,3-4,chebi+kegg_compound,no_candidates,0
BIOMD0000001062,R_GLGC,CLU_BIOMD0000001062,train,empty_constrained,True,5-6,chebi+kegg_compound,no_candidates,0
BIOMD0000001062,R_GLNS,CLU_BIOMD0000001062,train,empty_constrained,True,7+,chebi+kegg_compound,no_candidates,0
BIOMD0000001062,R_GLNTRS,CLU_BIOMD0000001062,train,empty_constrained,True,5-6,chebi+kegg_compound,no_candidates,0
BIOMD0000001062,R_GLTPD,CLU_BIOMD0000001062,train,empty_constrained,True,5-6,chebi+kegg_compound,no_candidates,0
BIOMD0000001062,R_GLU5K,CLU_BIOMD0000001062,train,retrievable_top1_success,True,3-4,chebi+kegg_compound,ok,1
BIOMD0000001062,R_GLUCYS,CLU_BIOMD0000001062,train,empty_constrained,True,7+,chebi+kegg_compound,no_candidates,0
BIOMD0000001062,R_GLUDC,CLU_BIOMD0000001062,train,empty_constrained,True,3-4,chebi+kegg_compound,no_candidates,0
BIOMD0000001062,R_GLUDy,CLU_BIOMD0000001062,train,empty_constrained,True,7+,chebi+kegg_compound,no_candidates,0
BIOMD0000001062,R_GLUN,CLU_BIOMD0000001062,train,empty_constrained,True,3-4,chebi+kegg_compound,no_candidates,0
BIOMD0000001062,R_GLUNpp,CLU_BIOMD0000001062,train,empty_constrained,True,3-4,chebi+kegg_compound,no_candidates,0
BIOMD0000001062,R_GLUPRT,CLU_BIOMD0000001062,train,empty_constrained,True,5-6,chebi+kegg_compound,no_candidates,0
BIOMD0000001062,R_GLUR,CLU_BIOMD0000001062,train,empty_constrained,True,1-2,chebi+kegg_compound,no_candidates,0
BIOMD0000001062,R_GLUSy,CLU_BIOMD0000001062,train,empty_constrained,True,5-6,chebi+kegg_compound,no_candidates,0
BIOMD0000001062,R_GLUTRR,CLU_BIOMD0000001062,train,empty_constrained,True,5-6,chebi+kegg_compound,no_candidates,0
BIOMD0000001062,R_GLUTRS,CLU_BIOMD0000001062,train,empty_constrained,True,5-6,chebi+kegg_compound,no_candidates,0
BIOMD0000001062,R_GLXCL,CLU_BIOMD0000001062,train,empty_constrained,True,3-4,chebi+kegg_compound,no_candidates,0
BIOMD0000001062,R_GLYAT,CLU_BIOMD0000001062,train,retrievable_top1_success,True,3-4,chebi+kegg_compound,ok,1
BIOMD0000001062,R_GLYCDx,CLU_BIOMD0000001062,train,empty_constrained,True,5-6,chebi+kegg_compound,no_candidates,0
BIOMD0000001062,R_GLYCK,CLU_BIOMD0000001062,train,empty_constrained,True,5-6,chebi+kegg_compound,no_candidates,0
BIOMD0000001062,R_GLYCK2,CLU_BIOMD0000001062,train,empty_constrained,True,5-6,chebi+kegg_compound,no_candidates,0
BIOMD0000001062,R_GLYCL,CLU_BIOMD0000001062,train,empty_constrained,True,7+,chebi+kegg_compound,no_candidates,0
BIOMD0000001062,R_GLYCLTDx,CLU_BIOMD0000001062,train,empty_constrained,True,5-6,chebi+kegg_compound,no_candidates,0
BIOMD0000001062,R_GLYCLTDy,CLU_BIOMD0000001062,train,empty_constrained,True,5-6,chebi+kegg_compound,no_candidates,0
BIOMD0000001062,R_GLYK,CLU_BIOMD0000001062,train,empty_constrained,True,5-6,chebi+kegg_compound,no_candidates,0
BIOMD0000001062,R_GLYOX,CLU_BIOMD0000001062,train,empty_constrained,True,5-6,chebi+kegg_compound,no_candidates,0
BIOMD0000001062,R_GLYOX3,CLU_BIOMD0000001062,train,empty_constrained,True,3-4,chebi+kegg_compound,no_candidates,0
BIOMD0000001062,R_GLYTRS,CLU_BIOMD0000001062,train,retrievable_top1_success,True,5-6,chebi+kegg_compound,ok,1
BIOMD0000001062,R_GMAND,CLU_BIOMD0000001062,train,empty_constrained,True,3-4,chebi+kegg_compound,no_candidates,0
BIOMD0000001062,R_GMHEPAT,CLU_BIOMD0000001062,train,empty_constrained,True,5-6,chebi+kegg_compound,no_candidates,0
BIOMD0000001062,R_GMPR,CLU_BIOMD0000001062,train,empty_constrained,True,5-6,chebi+kegg_compound,no_candidates,0
BIOMD0000001062,R_GMPS,CLU_BIOMD0000001062,train,empty_constrained,True,7+,chebi+kegg_compound,no_candidates,0
BIOMD0000001062,R_GMPS2,CLU_BIOMD0000001062,train,empty_constrained,True,7+,chebi+kegg_compound,no_candidates,0
BIOMD0000001062,R_GND,CLU_BIOMD0000001062,train,empty_constrained,True,5-6,chebi+kegg_compound,no_candidates,0
BIOMD0000001062,R_GNK,CLU_BIOMD0000001062,train,empty_constrained,True,5-6,chebi+kegg_compound,no_candidates,0
BIOMD0000001062,R_GPDDA1,CLU_BIOMD0000001062,train,empty_constrained,True,5-6,chebi+kegg_compound,no_candidates,0
BIOMD0000001062,R_GPDDA1pp,CLU_BIOMD0000001062,train,empty_constrained,True,5-6,chebi+kegg_compound,no_candidates,0
BIOMD0000001062,R_GPDDA2,CLU_BIOMD0000001062,train,empty_constrained,True,5-6,chebi+kegg_compound,no_candidates,0
BIOMD0000001062,R_GPDDA2pp,CLU_BIOMD0000001062,train,empty_constrained,True,5-6,chebi+kegg_compound,no_candidates,0
BIOMD0000001062,R_GPDDA5,CLU_BIOMD0000001062,train,empty_constrained,True,5-6,chebi+kegg_compound,no_candidates,0
BIOMD0000001062,R_GPDDA5pp,CLU_BIOMD0000001062,train,empty_constrained,True,5-6,chebi+kegg_compound,no_candidates,0
BIOMD0000001062,R_GRTT,CLU_BIOMD0000001062,train,empty_constrained,True,3-4,chebi+kegg_compound,no_candidates,0
BIOMD0000001062,R_GSNK,CLU_BIOMD0000001062,train,empty_constrained,True,5-6,chebi+kegg_compound,no_candidates,0
BIOMD0000001062,R_GSPMDA,CLU_BIOMD0000001062,train,empty_constrained,True,3-4,chebi+kegg_compound,no_candidates,0
BIOMD0000001062,R_GSPMDS,CLU_BIOMD0000001062,train,empty_constrained,True,7+,chebi+kegg_compound,no_candidates,0
BIOMD0000001062,R_GTHOr,CLU_BIOMD0000001062,train,empty_constrained,True,5-6,chebi+kegg_compound,no_candidates,0
BIOMD0000001062,R_GTHPi,CLU_BIOMD0000001062,train,empty_constrained,True,3-4,chebi+kegg_compound,no_candidates,0
BIOMD0000001062,R_GTHPi_copy1,CLU_BIOMD0000001062,train,empty_constrained,True,3-4,chebi+kegg_compound,no_candidates,0
BIOMD0000001062,R_GTHPi_copy2,CLU_BIOMD0000001062,train,empty_constrained,True,3-4,chebi+kegg_compound,no_candidates,0
BIOMD0000001062,R_GTHRDHpp,CLU_BIOMD0000001062,train,empty_constrained,True,3-4,chebi+kegg_compound,no_candidates,0
BIOMD0000001062,R_GTHS,CLU_BIOMD0000001062,train,empty_constrained,True,7+,chebi+kegg_compound,no_candidates,0
BIOMD0000001062,R_GTPCI,CLU_BIOMD0000001062,train,empty_constrained,True,5-6,chebi+kegg_compound,no_candidates,0
BIOMD0000001062,R_GTPCII2,CLU_BIOMD0000001062,train,empty_constrained,True,5-6,chebi+kegg_compound,no_candidates,0
BIOMD0000001062,R_GTPDPDP,CLU_BIOMD0000001062,train,empty_constrained,True,5-6,chebi+kegg_compound,no_candidates,0
BIOMD0000001062,R_GTPDPK,CLU_BIOMD0000001062,train,empty_constrained,True,5-6,chebi+kegg_compound,no_candidates,0
BIOMD0000001062,R_GUACYC,CLU_BIOMD0000001062,train,retrievable_top1_success,True,3-4,chebi+kegg_compound,ok,1
BIOMD0000001062,R_GUAD,CLU_BIOMD0000001062,train,empty_constrained,True,5-6,chebi+kegg_compound,no_candidates,0
BIOMD0000001062,R_GUAPRT,CLU_BIOMD0000001062,train,empty_constrained,True,3-4,chebi+kegg_compound,no_candidates,0
BIOMD0000001062,R_GUI1,CLU_BIOMD0000001062,train,empty_constrained,True,1-2,chebi+kegg_compound,no_candidates,0
BIOMD0000001062,R_GUI2,CLU_BIOMD0000001062,train,empty_constrained,True,1-2,chebi+kegg_compound,no_candidates,0
BIOMD0000001062,R_HACD1,CLU_BIOMD0000001062,train,empty_constrained,True,5-6,chebi+kegg_compound,no_candidates,0
BIOMD0000001062,R_HACD1i,CLU_BIOMD0000001062,train,empty_constrained,True,5-6,chebi+kegg_compound,no_candidates,0
BIOMD0000001062,R_HACD2,CLU_BIOMD0000001062,train,empty_constrained,True,5-6,chebi+kegg_compound,no_candidates,0
BIOMD0000001062,R_HACD2i,CLU_BIOMD0000001062,train,empty_constrained,True,5-6,chebi+kegg_compound,no_candidates,0
BIOMD0000001062,R_HACD3,CLU_BIOMD0000001062,train,empty_constrained,True,5-6,chebi+kegg_compound,no_candidates,0
BIOMD0000001062,R_HACD3i,CLU_BIOMD0000001062,train,empty_constrained,True,5-6,chebi+kegg_compound,no_candidates,0
BIOMD0000001062,R_HACD4,CLU_BIOMD0000001062,train,empty_constrained,True,5-6,chebi+kegg_compound,no_candidates,0
BIOMD0000001062,R_HACD4i,CLU_BIOMD0000001062,train,empty_constrained,True,5-6,chebi+kegg_compound,no_candidates,0
BIOMD0000001062,R_HACD5,CLU_BIOMD0000001062,train,empty_constrained,True,5-6,chebi+kegg_compound,no_candidates,0
BIOMD0000001062,R_HACD5i,CLU_BIOMD0000001062,train,empty_constrained,True,5-6,chebi+kegg_compound,no_candidates,0
BIOMD0000001062,R_HACD6,CLU_BIOMD0000001062,train,empty_constrained,True,5-6,chebi+kegg_compound,no_candidates,0
BIOMD0000001062,R_HACD6i,CLU_BIOMD0000001062,train,empty_constrained,True,5-6,chebi+kegg_compound,no_candidates,0
BIOMD0000001062,R_HACD7,CLU_BIOMD0000001062,train,empty_constrained,True,5-6,chebi+kegg_compound,no_candidates,0
BIOMD0000001062,R_HACD7i,CLU_BIOMD0000001062,train,empty_constrained,True,5-6,chebi+kegg_compound,no_candidates,0
BIOMD0000001062,R_HBZOPT,CLU_BIOMD0000001062,train,empty_constrained,True,3-4,chebi+kegg_compound,no_candidates,0
BIOMD0000001062,R_HCO3E,CLU_BIOMD0000001062,train,empty_constrained,True,3-4,chebi+kegg_compound,no_candidates,0
BIOMD0000001062,R_HEMEOS,CLU_BIOMD0000001062,train,empty_constrained,True,5-6,chebi+kegg_compound,no_candidates,0
BIOMD0000001062,R_HETZK,CLU_BIOMD0000001062,train,empty_constrained,True,5-6,chebi+kegg_compound,no_candidates,0
BIOMD0000001062,R_HEX1,CLU_BIOMD0000001062,train,empty_constrained,True,5-6,chebi+kegg_compound,no_candidates,0
BIOMD0000001062,R_HEX4,CLU_BIOMD0000001062,train,empty_constrained,True,5-6,chebi+kegg_compound,no_candidates,0
BIOMD0000001062,R_HEX7,CLU_BIOMD0000001062,train,empty_constrained,True,5-6,chebi+kegg_compound,no_candidates,0
BIOMD0000001062,R_HISTD,CLU_BIOMD0000001062,train,empty_constrained,True,5-6,chebi+kegg_compound,no_candidates,0
BIOMD0000001062,R_HISTP,CLU_BIOMD0000001062,train,empty_constrained,True,3-4,chebi+kegg_compound,no_candidates,0
BIOMD0000001062,R_HISTRS,CLU_BIOMD0000001062,train,empty_constrained,True,5-6,chebi+kegg_compound,no_candidates,0
BIOMD0000001062,R_HMBS,CLU_BIOMD0000001062,train,empty_constrained,True,3-4,chebi+kegg_compound,no_candidates,0
BIOMD0000001062,R_HPPK2,CLU_BIOMD0000001062,train,empty_constrained,True,5-6,chebi+kegg_compound,no_candidates,0
BIOMD0000001062,R_HPYRI,CLU_BIOMD0000001062,train,retrievable_top1_success,True,1-2,chebi+kegg_compound,ok,1
BIOMD0000001062,R_HPYRRx,CLU_BIOMD0000001062,train,empty_constrained,True,5-6,chebi+kegg_compound,no_candidates,0
BIOMD0000001062,R_HPYRRy,CLU_BIOMD0000001062,train,empty_constrained,True,5-6,chebi+kegg_compound,no_candidates,0
BIOMD0000001062,R_HSDy,CLU_BIOMD0000001062,train,empty_constrained,True,5-6,chebi+kegg_compound,no_candidates,0
BIOMD0000001062,R_HSK,CLU_BIOMD0000001062,train,empty_constrained,True,5-6,chebi+kegg_compound,no_candidates,0
BIOMD0000001062,R_HSST,CLU_BIOMD0000001062,train,retrievable_top1_success,True,3-4,chebi+kegg_compound,ok,1
BIOMD0000001062,R_HSTPT,CLU_BIOMD0000001062,train,empty_constrained,True,3-4,chebi+kegg_compound,no_candidates,0
BIOMD0000001062,R_HXAND,CLU_BIOMD0000001062,train,empty_constrained,True,5-6,chebi+kegg_compound,no_candidates,0
BIOMD0000001062,R_HXPRT,CLU_BIOMD0000001062,train,empty_constrained,True,3-4,chebi+kegg_compound,no_candidates,0
BIOMD0000001062,R_HYPOE,CLU_BIOMD0000001062,train,empty_constrained,True,3-4,chebi+kegg_compound,no_candidates,0
BIOMD0000001062,R_ICDHyr,CLU_BIOMD0000001062,train,empty_constrained,True,5-6,chebi+kegg_compound,no_candidates,0
BIOMD0000001062,R_ICHORS_copy1,CLU_BIOMD0000001062,train,retrievable_top1_success,True,1-2,chebi+kegg_compound,ok,1
BIOMD0000001062,R_ICHORS_copy2,CLU_BIOMD0000001062,train,retrievable_top1_success,True,1-2,chebi+kegg_compound,ok,1
BIOMD0000001062,R_ICHORT,CLU_BIOMD0000001062,train,empty_constrained,True,3-4,chebi+kegg_compound,no_candidates,0
BIOMD0000001062,R_ICL,CLU_BIOMD0000001062,train,retrievable_top1_success,True,3-4,chebi+kegg_compound,ok,1
BIOMD0000001062,R_IG3PS,CLU_BIOMD0000001062,train,empty_constrained,True,5-6,chebi+kegg_compound,no_candidates,0
BIOMD0000001062,R_IGPDH,CLU_BIOMD0000001062,train,empty_constrained,True,3-4,chebi+kegg_compound,no_candidates,0
BIOMD0000001062,R_IGPS,CLU_BIOMD0000001062,train,empty_constrained,True,5-6,chebi+kegg_compound,no_candidates,0
BIOMD0000001062,R_ILETA,CLU_BIOMD0000001062,train,retrievable_top1_success,True,3-4,chebi+kegg_compound,ok,1
BIOMD0000001062,R_ILETRS,CLU_BIOMD0000001062,train,empty_constrained,True,5-6,chebi+kegg_compound,no_candidates,0
BIOMD0000001062,R_IMPC,CLU_BIOMD0000001062,train,empty_constrained,True,3-4,chebi+kegg_compound,no_candidates,0
BIOMD0000001062,R_IMPD,CLU_BIOMD0000001062,train,empty_constrained,True,5-6,chebi+kegg_compound,no_candidates,0
BIOMD0000001062,R_INSH,CLU_BIOMD0000001062,train,empty_constrained,True,3-4,chebi+kegg_compound,no_candidates,0
BIOMD0000001062,R_INSK,CLU_BIOMD0000001062,train,empty_constrained,True,5-6,chebi+kegg_compound,no_candidates,0
BIOMD0000001062,R_IPDDI,CLU_BIOMD0000001062,train,retrievable_top1_success,True,1-2,chebi+kegg_compound,ok,1
BIOMD0000001062,R_IPMD,CLU_BIOMD0000001062,train,empty_constrained,True,5-6,chebi+kegg_compound,no_candidates,0
BIOMD0000001062,R_IPPMIa,CLU_BIOMD0000001062,train,empty_constrained,True,3-4,chebi+kegg_compound,no_candidates,0
BIOMD0000001062,R_IPPMIb,CLU_BIOMD0000001062,train,empty_constrained,True,3-4,chebi+kegg_compound,no_candidates,0
BIOMD0000001062,R_IPPS,CLU_BIOMD0000001062,train,empty_constrained,True,5-6,chebi+kegg_compound,no_candidates,0
BIOMD0000001062,R_KARA1,CLU_BIOMD0000001062,train,empty_constrained,True,5-6,chebi+kegg_compound,no_candidates,0
BIOMD0000001062,R_KAS14,CLU_BIOMD0000001062,train,empty_constrained,True,5-6,chebi+kegg_compound,no_candidates,0
BIOMD0000001062,R_KAS15,CLU_BIOMD0000001062,train,empty_constrained,True,5-6,chebi+kegg_compound,no_candidates,0
BIOMD0000001062,R_KDOPS,CLU_BIOMD0000001062,train,empty_constrained,True,5-6,chebi+kegg_compound,no_candidates,0
BIOMD0000001062,R_KG6PDC,CLU_BIOMD0000001062,train,empty_constrained,True,3-4,chebi+kegg_compound,no_candidates,0
BIOMD0000001062,R_LACZ,CLU_BIOMD0000001062,train,empty_constrained,True,3-4,chebi+kegg_compound,no_candidates,0
BIOMD0000001062,R_LACZpp,CLU_BIOMD0000001062,train,empty_constrained,True,3-4,chebi+kegg_compound,no_candidates,0
BIOMD0000001062,R_LALDO2x,CLU_BIOMD0000001062,train,empty_constrained,True,5-6,chebi+kegg_compound,no_candidates,0
BIOMD0000001062,R_LALDO3,CLU_BIOMD0000001062,train,empty_constrained,True,5-6,chebi+kegg_compound,no_candidates,0
BIOMD0000001062,R_LCADi,CLU_BIOMD0000001062,train,empty_constrained,True,5-6,chebi+kegg_compound,no_candidates,0
BIOMD0000001062,R_LCARR,CLU_BIOMD0000001062,train,empty_constrained,True,5-6,chebi+kegg_compound,no_candidates,0
BIOMD0000001062,R_LCARS,CLU_BIOMD0000001062,train,empty_constrained,True,5-6,chebi+kegg_compound,no_candidates,0
BIOMD0000001062,R_LDH_D,CLU_BIOMD0000001062,train,empty_constrained,True,5-6,chebi+kegg_compound,no_candidates,0
BIOMD0000001062,R_LEUTAi,CLU_BIOMD0000001062,train,empty_constrained,True,3-4,chebi+kegg_compound,no_candidates,0
BIOMD0000001062,R_LEUTRS,CLU_BIOMD0000001062,train,empty_constrained,True,5-6,chebi+kegg_compound,no_candidates,0
BIOMD0000001062,R_LGTHL,CLU_BIOMD0000001062,train,empty_constrained,True,3-4,chebi+kegg_compound,no_candidates,0
BIOMD0000001062,R_LIPATPT,CLU_BIOMD0000001062,train,retrievable_top1_success,True,3-4,chebi+kegg_compound,ok,1
BIOMD0000001062,R_LPADSS,CLU_BIOMD0000001062,train,empty_constrained,True,5-6,chebi+kegg_compound,no_candidates,0
BIOMD0000001062,R_LSERDHr,CLU_BIOMD0000001062,train,empty_constrained,True,5-6,chebi+kegg_compound,no_candidates,0
BIOMD0000001062,R_LYSAM,CLU_BIOMD0000001062,train,retrievable_top1_success,True,1-2,chebi+kegg_compound,ok,1
BIOMD0000001062,R_LYSDC,CLU_BIOMD0000001062,train,empty_constrained,True,3-4,chebi+kegg_compound,no_candidates,0
BIOMD0000001062,R_LYSTRS,CLU_BIOMD0000001062,train,empty_constrained,True,5-6,chebi+kegg_compound,no_candidates,0
BIOMD0000001062,R_LYXI,CLU_BIOMD0000001062,train,empty_constrained,True,1-2,chebi+kegg_compound,no_candidates,0
BIOMD0000001062,R_M1PD,CLU_BIOMD0000001062,train,empty_constrained,True,5-6,chebi+kegg_compound,no_candidates,0
BIOMD0000001062,R_MACPD,CLU_BIOMD0000001062,train,empty_constrained,True,3-4,chebi+kegg_compound,no_candidates,0
BIOMD0000001062,R_MALDDH,CLU_BIOMD0000001062,train,empty_constrained,True,5-6,chebi+kegg_compound,no_candidates,0
BIOMD0000001062,R_MALS,CLU_BIOMD0000001062,train,empty_constrained,True,5-6,chebi+kegg_compound,no_candidates,0
BIOMD0000001062,R_MALTATr,CLU_BIOMD0000001062,train,nonempty_answer_absent,True,3-4,chebi+kegg_compound,ok,1
BIOMD0000001062,R_MAN1PT,CLU_BIOMD0000001062,train,empty_constrained,True,5-6,chebi+kegg_compound,no_candidates,0
BIOMD0000001062,R_MAN1PT2,CLU_BIOMD0000001062,train,empty_constrained,True,5-6,chebi+kegg_compound,no_candidates,0
BIOMD0000001062,R_MAN6PI,CLU_BIOMD0000001062,train,retrievable_top1_success,True,1-2,chebi+kegg_compound,ok,2
BIOMD0000001062,R_MANAO,CLU_BIOMD0000001062,train,empty_constrained,True,5-6,chebi+kegg_compound,no_candidates,0
BIOMD0000001062,R_MCITD,CLU_BIOMD0000001062,train,empty_constrained,True,3-4,chebi+kegg_compound,no_candidates,0
BIOMD0000001062,R_MCITL2,CLU_BIOMD0000001062,train,retrievable_top1_success,True,3-4,chebi+kegg_compound,ok,1
BIOMD0000001062,R_MCITS,CLU_BIOMD0000001062,train,empty_constrained,True,5-6,chebi+kegg_compound,no_candidates,0
BIOMD0000001062,R_MCOATA,CLU_BIOMD0000001062,train,retrievable_top1_success,True,3-4,chebi+kegg_compound,ok,1
BIOMD0000001062,R_MCPST,CLU_BIOMD0000001062,train,empty_constrained,True,5-6,chebi+kegg_compound,no_candidates,0
BIOMD0000001062,R_MDH,CLU_BIOMD0000001062,train,empty_constrained,True,5-6,chebi+kegg_compound,no_candidates,0
BIOMD0000001062,R_MDRPD,CLU_BIOMD0000001062,train,empty_constrained,True,3-4,chebi+kegg_compound,no_candidates,0
BIOMD0000001062,R_ME1,CLU_BIOMD0000001062,train,empty_constrained,True,5-6,chebi+kegg_compound,no_candidates,0
BIOMD0000001062,R_ME2,CLU_BIOMD0000001062,train,empty_constrained,True,5-6,chebi+kegg_compound,no_candidates,0
BIOMD0000001062,R_MECDPS,CLU_BIOMD0000001062,train,retrievable_top1_success,True,3-4,chebi+kegg_compound,ok,1
BIOMD0000001062,R_MEPCT,CLU_BIOMD0000001062,train,empty_constrained,True,5-6,chebi+kegg_compound,no_candidates,0
BIOMD0000001062,R_METAT,CLU_BIOMD0000001062,train,empty_constrained,True,5-6,chebi+kegg_compound,no_candidates,0
BIOMD0000001062,R_METS,CLU_BIOMD0000001062,train,empty_constrained,True,5-6,chebi+kegg_compound,no_candidates,0
BIOMD0000001062,R_METSOXR1,CLU_BIOMD0000001062,train,empty_constrained,True,5-6,chebi+kegg_compound,no_candidates,0
BIOMD0000001062,R_METSOXR2,CLU_BIOMD0000001062,train,empty_constrained,True,5-6,chebi+kegg_compound,no_candidates,0
BIOMD0000001062,R_METTRS,CLU_BIOMD0000001062,train,empty_constrained,True,5-6,chebi+kegg_compound,no_candidates,0
BIOMD0000001062,R_MGSA,CLU_BIOMD0000001062,train,retrievable_top1_success,True,3-4,chebi+kegg_compound,ok,1
BIOMD0000001062,R_MI1PP,CLU_BIOMD0000001062,train,empty_constrained,True,3-4,chebi+kegg_compound,no_candidates,0
BIOMD0000001062,R_MICITDr,CLU_BIOMD0000001062,train,empty_constrained,True,3-4,chebi+kegg_compound,no_candidates,0
BIOMD0000001062,R_MMM2,CLU_BIOMD0000001062,train,empty_constrained,True,1-2,chebi+kegg_compound,no_candidates,0
BIOMD0000001062,R_MNNH,CLU_BIOMD0000001062,train,empty_constrained,True,3-4,chebi+kegg_compound,no_candidates,0
BIOMD0000001062,R_MOAT,CLU_BIOMD0000001062,train,empty_constrained,True,5-6,chebi+kegg_compound,no_candidates,0
BIOMD0000001062,R_MOAT2,CLU_BIOMD0000001062,train,empty_constrained,True,5-6,chebi+kegg_compound,no_candidates,0
BIOMD0000001062,R_MOHMT,CLU_BIOMD0000001062,train,empty_constrained,True,5-6,chebi+kegg_compound,no_candidates,0
BIOMD0000001062,R_MOX,CLU_BIOMD0000001062,train,retrievable_top1_success,True,3-4,chebi+kegg_compound,ok,1
BIOMD0000001062,R_MPTAT,CLU_BIOMD0000001062,train,empty_constrained,True,5-6,chebi+kegg_compound,no_candidates,0
BIOMD0000001062,R_MSAR,CLU_BIOMD0000001062,train,empty_constrained,True,5-6,chebi+kegg_compound,no_candidates,0
BIOMD0000001062,R_MTAN,CLU_BIOMD0000001062,train,empty_constrained,True,3-4,chebi+kegg_compound,no_candidates,0
BIOMD0000001062,R_MTHFC,CLU_BIOMD0000001062,train,empty_constrained,True,3-4,chebi+kegg_compound,no_candidates,0
BIOMD0000001062,R_MTHFD,CLU_BIOMD0000001062,train,empty_constrained,True,3-4,chebi+kegg_compound,no_candidates,0
BIOMD0000001062,R_MTHFR2,CLU_BIOMD0000001062,train,empty_constrained,True,5-6,chebi+kegg_compound,no_candidates,0
BIOMD0000001062,R_MTRI,CLU_BIOMD0000001062,train,retrievable_top1_success,True,1-2,chebi+kegg_compound,ok,1
BIOMD0000001062,R_MTRK,CLU_BIOMD0000001062,train,empty_constrained,True,5-6,chebi+kegg_compound,no_candidates,0
BIOMD0000001062,R_NADDP,CLU_BIOMD0000001062,train,empty_constrained,True,5-6,chebi+kegg_compound,no_candidates,0
BIOMD0000001062,R_NADHPO,CLU_BIOMD0000001062,train,empty_constrained,True,5-6,chebi+kegg_compound,no_candidates,0
BIOMD0000001062,R_NADK,CLU_BIOMD0000001062,train,empty_constrained,True,5-6,chebi+kegg_compound,no_candidates,0
BIOMD0000001062,R_NADN,CLU_BIOMD0000001062,train,empty_constrained,True,5-6,chebi+kegg_compound,no_candidates,0
BIOMD0000001062,R_NADPPPS,CLU_BIOMD0000001062,train,empty_constrained,True,3-4,chebi+kegg_compound,no_candidates,0
BIOMD0000001062,R_NADS1,CLU_BIOMD0000001062,train,empty_constrained,True,7+,chebi+kegg_compound,no_candidates,0
BIOMD0000001062,R_NADTRHD,CLU_BIOMD0000001062,train,empty_constrained,True,3-4,chebi+kegg_compound,no_candidates,0
BIOMD0000001062,R_NAMNPP,CLU_BIOMD0000001062,train,empty_constrained,True,7+,chebi+kegg_compound,no_candidates,0
BIOMD0000001062,R_NDP3,CLU_BIOMD0000001062,train,empty_constrained,True,5-6,chebi+kegg_compound,no_candidates,0
BIOMD0000001062,R_NDP7,CLU_BIOMD0000001062,train,empty_constrained,True,5-6,chebi+kegg_compound,no_candidates,0
BIOMD0000001062,R_NDPK1,CLU_BIOMD0000001062,train,retrievable_top1_success,True,3-4,chebi+kegg_compound,ok,1
BIOMD0000001062,R_NDPK2,CLU_BIOMD0000001062,train,retrievable_top1_success,True,3-4,chebi+kegg_compound,ok,1
BIOMD0000001062,R_NDPK3,CLU_BIOMD0000001062,train,retrievable_top1_success,True,3-4,chebi+kegg_compound,ok,1
BIOMD0000001062,R_NDPK4,CLU_BIOMD0000001062,train,retrievable_top1_success,True,3-4,chebi+kegg_compound,ok,1
BIOMD0000001062,R_NDPK5,CLU_BIOMD0000001062,train,retrievable_top1_success,True,3-4,chebi+kegg_compound,ok,1
BIOMD0000001062,R_NDPK6,CLU_BIOMD0000001062,train,retrievable_top1_success,True,3-4,chebi+kegg_compound,ok,1
BIOMD0000001062,R_NDPK7,CLU_BIOMD0000001062,train,retrievable_top1_success,True,3-4,chebi+kegg_compound,ok,1
BIOMD0000001062,R_NDPK8,CLU_BIOMD0000001062,train,retrievable_top1_success,True,3-4,chebi+kegg_compound,ok,1
BIOMD0000001062,R_NHFRBO,CLU_BIOMD0000001062,train,empty_constrained,True,5-6,chebi+kegg_compound,no_candidates,0
BIOMD0000001062,R_NICRNS,CLU_BIOMD0000001062,train,empty_constrained,True,5-6,chebi+kegg_compound,no_candidates,0
BIOMD0000001062,R_NMNAT,CLU_BIOMD0000001062,train,empty_constrained,True,5-6,chebi+kegg_compound,no_candidates,0
BIOMD0000001062,R_NMNDA,CLU_BIOMD0000001062,train,empty_constrained,True,3-4,chebi+kegg_compound,no_candidates,0
BIOMD0000001062,R_NMNHYD,CLU_BIOMD0000001062,train,empty_constrained,True,3-4,chebi+kegg_compound,no_candidates,0
BIOMD0000001062,R_NMNR,CLU_BIOMD0000001062,train,empty_constrained,True,3-4,chebi+kegg_compound,no_candidates,0
BIOMD0000001062,R_NNAM,CLU_BIOMD0000001062,train,empty_constrained,True,3-4,chebi+kegg_compound,no_candidates,0
BIOMD0000001062,R_NNATr,CLU_BIOMD0000001062,train,empty_constrained,True,5-6,chebi+kegg_compound,no_candidates,0
BIOMD0000001062,R_NNDMBRT,CLU_BIOMD0000001062,train,retrievable_top1_success,True,5-6,chebi+kegg_compound,ok,1
BIOMD0000001062,R_NNDPR,CLU_BIOMD0000001062,train,empty_constrained,True,5-6,chebi+kegg_compound,no_candidates,0
BIOMD0000001062,R_NODOx,CLU_BIOMD0000001062,train,empty_constrained,True,5-6,chebi+kegg_compound,no_candidates,0
BIOMD0000001062,R_NODOy,CLU_BIOMD0000001062,train,empty_constrained,True,5-6,chebi+kegg_compound,no_candidates,0
BIOMD0000001062,R_NPHS,CLU_BIOMD0000001062,train,retrievable_top1_success,True,3-4,chebi+kegg_compound,ok,1
BIOMD0000001062,R_NTD1,CLU_BIOMD0000001062,train,empty_constrained,True,3-4,chebi+kegg_compound,no_candidates,0
BIOMD0000001062,R_NTD10,CLU_BIOMD0000001062,train,empty_constrained,True,3-4,chebi+kegg_compound,no_candidates,0
BIOMD0000001062,R_NTD10pp,CLU_BIOMD0000001062,train,empty_constrained,True,3-4,chebi+kegg_compound,no_candidates,0
BIOMD0000001062,R_NTD11,CLU_BIOMD0000001062,train,empty_constrained,True,3-4,chebi+kegg_compound,no_candidates,0
BIOMD0000001062,R_NTD11pp,CLU_BIOMD0000001062,train,empty_constrained,True,3-4,chebi+kegg_compound,no_candidates,0
BIOMD0000001062,R_NTD1pp,CLU_BIOMD0000001062,train,empty_constrained,True,3-4,chebi+kegg_compound,no_candidates,0
BIOMD0000001062,R_NTD2,CLU_BIOMD0000001062,train,empty_constrained,True,3-4,chebi+kegg_compound,no_candidates,0
BIOMD0000001062,R_NTD2pp,CLU_BIOMD0000001062,train,empty_constrained,True,3-4,chebi+kegg_compound,no_candidates,0
BIOMD0000001062,R_NTD3,CLU_BIOMD0000001062,train,empty_constrained,True,3-4,chebi+kegg_compound,no_candidates,0
BIOMD0000001062,R_NTD3pp,CLU_BIOMD0000001062,train,empty_constrained,True,3-4,chebi+kegg_compound,no_candidates,0
BIOMD0000001062,R_NTD4,CLU_BIOMD0000001062,train,empty_constrained,True,3-4,chebi+kegg_compound,no_candidates,0
BIOMD0000001062,R_NTD4pp,CLU_BIOMD0000001062,train,empty_constrained,True,3-4,chebi+kegg_compound,no_candidates,0
BIOMD0000001062,R_NTD5,CLU_BIOMD0000001062,train,empty_constrained,True,3-4,chebi+kegg_compound,no_candidates,0
BIOMD0000001062,R_NTD5pp,CLU_BIOMD0000001062,train,empty_constrained,True,3-4,chebi+kegg_compound,no_candidates,0
BIOMD0000001062,R_NTD6,CLU_BIOMD0000001062,train,empty_constrained,True,3-4,chebi+kegg_compound,no_candidates,0
BIOMD0000001062,R_NTD6pp,CLU_BIOMD0000001062,train,empty_constrained,True,3-4,chebi+kegg_compound,no_candidates,0
BIOMD0000001062,R_NTD7,CLU_BIOMD0000001062,train,empty_constrained,True,3-4,chebi+kegg_compound,no_candidates,0
BIOMD0000001062,R_NTD7pp,CLU_BIOMD0000001062,train,empty_constrained,True,3-4,chebi+kegg_compound,no_candidates,0
BIOMD0000001062,R_NTD8,CLU_BIOMD0000001062,train,empty_constrained,True,3-4,chebi+kegg_compound,no_candidates,0
BIOMD0000001062,R_NTD8pp,CLU_BIOMD0000001062,train,empty_constrained,True,3-4,chebi+kegg_compound,no_candidates,0
BIOMD0000001062,R_NTD9,CLU_BIOMD0000001062,train,empty_constrained,True,3-4,chebi+kegg_compound,no_candidates,0
BIOMD0000001062,R_NTD9pp,CLU_BIOMD0000001062,train,empty_constrained,True,3-4,chebi+kegg_compound,no_candidates,0
BIOMD0000001062,R_NTP1,CLU_BIOMD0000001062,train,empty_constrained,True,5-6,chebi+kegg_compound,no_candidates,0
BIOMD0000001062,R_NTP10,CLU_BIOMD0000001062,train,empty_constrained,True,5-6,chebi+kegg_compound,no_candidates,0
BIOMD0000001062,R_NTP3,CLU_BIOMD0000001062,train,empty_constrained,True,5-6,chebi+kegg_compound,no_candidates,0
BIOMD0000001062,R_NTP3pp,CLU_BIOMD0000001062,train,empty_constrained,True,5-6,chebi+kegg_compound,no_candidates,0
BIOMD0000001062,R_NTP5,CLU_BIOMD0000001062,train,empty_constrained,True,5-6,chebi+kegg_compound,no_candidates,0
BIOMD0000001062,R_NTPP1,CLU_BIOMD0000001062,train,empty_constrained,True,5-6,chebi+kegg_compound,no_candidates,0
BIOMD0000001062,R_NTPP10,CLU_BIOMD0000001062,train,empty_constrained,True,5-6,chebi+kegg_compound,no_candidates,0
BIOMD0000001062,R_NTPP11,CLU_BIOMD0000001062,train,empty_constrained,True,5-6,chebi+kegg_compound,no_candidates,0
BIOMD0000001062,R_NTPP2,CLU_BIOMD0000001062,train,empty_constrained,True,5-6,chebi+kegg_compound,no_candidates,0
BIOMD0000001062,R_NTPP3,CLU_BIOMD0000001062,train,empty_constrained,True,5-6,chebi+kegg_compound,no_candidates,0
BIOMD0000001062,R_NTPP4,CLU_BIOMD0000001062,train,empty_constrained,True,5-6,chebi+kegg_compound,no_candidates,0
BIOMD0000001062,R_NTPP6,CLU_BIOMD0000001062,train,empty_constrained,True,5-6,chebi+kegg_compound,no_candidates,0
BIOMD0000001062,R_NTPP7,CLU_BIOMD0000001062,train,empty_constrained,True,5-6,chebi+kegg_compound,no_candidates,0
BIOMD0000001062,R_NTPP8,CLU_BIOMD0000001062,train,empty_constrained,True,5-6,chebi+kegg_compound,no_candidates,0
BIOMD0000001062,R_NTPP9,CLU_BIOMD0000001062,train,empty_constrained,True,5-6,chebi+kegg_compound,no_candidates,0
BIOMD0000001062,R_NTPTP1,CLU_BIOMD0000001062,train,empty_constrained,True,3-4,chebi+kegg_compound,no_candidates,0
BIOMD0000001062,R_NTRIR2x,CLU_BIOMD0000001062,train,empty_constrained,True,5-6,chebi+kegg_compound,no_candidates,0
BIOMD0000001062,R_OAADC,CLU_BIOMD0000001062,train,empty_constrained,True,3-4,chebi+kegg_compound,no_candidates,0
BIOMD0000001062,R_OBTFL,CLU_BIOMD0000001062,train,retrievable_top1_success,True,3-4,chebi+kegg_compound,ok,1
BIOMD0000001062,R_OCBT,CLU_BIOMD0000001062,train,empty_constrained,True,5-6,chebi+kegg_compound,no_candidates,0
BIOMD0000001062,R_OCTDPS,CLU_BIOMD0000001062,train,empty_constrained,True,3-4,chebi+kegg_compound,no_candidates,0
BIOMD0000001062,R_OGMEACPD,CLU_BIOMD0000001062,train,empty_constrained,True,3-4,chebi+kegg_compound,no_candidates,0
BIOMD0000001062,R_OHPBAT,CLU_BIOMD0000001062,train,empty_constrained,True,3-4,chebi+kegg_compound,no_candidates,0
BIOMD0000001062,R_OHPHM,CLU_BIOMD0000001062,train,empty_constrained,True,5-6,chebi+kegg_compound,no_candidates,0
BIOMD0000001062,R_OMCDC,CLU_BIOMD0000001062,train,empty_constrained,True,3-4,chebi+kegg_compound,no_candidates,0
BIOMD0000001062,R_OMPDC,CLU_BIOMD0000001062,train,empty_constrained,True,3-4,chebi+kegg_compound,no_candidates,0
BIOMD0000001062,R_OPAH,CLU_BIOMD0000001062,train,empty_constrained,True,7+,chebi+kegg_compound,no_candidates,0
BIOMD0000001062,R_OPHBDC,CLU_BIOMD0000001062,train,empty_constrained,True,3-4,chebi+kegg_compound,no_candidates,0
BIOMD0000001062,R_OPMEACPD,CLU_BIOMD0000001062,train,empty_constrained,True,3-4,chebi+kegg_compound,no_candidates,0
BIOMD0000001062,R_ORNDC,CLU_BIOMD0000001062,train,empty_constrained,True,3-4,chebi+kegg_compound,no_candidates,0
BIOMD0000001062,R_ORPT,CLU_BIOMD0000001062,train,retrievable_top1_success,True,3-4,chebi+kegg_compound,ok,1
BIOMD0000001062,R_OXAMTC,CLU_BIOMD0000001062,train,empty_constrained,True,3-4,chebi+kegg_compound,no_candidates,0
BIOMD0000001062,R_OXCDC,CLU_BIOMD0000001062,train,empty_constrained,True,3-4,chebi+kegg_compound,no_candidates,0
BIOMD0000001062,R_OXPTNDH,CLU_BIOMD0000001062,train,empty_constrained,True,5-6,chebi+kegg_compound,no_candidates,0
BIOMD0000001062,R_P5CD,CLU_BIOMD0000001062,train,empty_constrained,True,5-6,chebi+kegg_compound,no_candidates,0
BIOMD0000001062,R_P5CR,CLU_BIOMD0000001062,train,empty_constrained,True,5-6,chebi+kegg_compound,no_candidates,0
BIOMD0000001062,R_PANTS,CLU_BIOMD0000001062,train,empty_constrained,True,7+,chebi+kegg_compound,no_candidates,0
BIOMD0000001062,R_PAPSR,CLU_BIOMD0000001062,train,empty_constrained,True,5-6,chebi+kegg_compound,no_candidates,0
BIOMD0000001062,R_PCNO,CLU_BIOMD0000001062,train,empty_constrained,True,5-6,chebi+kegg_compound,no_candidates,0
BIOMD0000001062,R_PDE1,CLU_BIOMD0000001062,train,empty_constrained,True,3-4,chebi+kegg_compound,no_candidates,0
BIOMD0000001062,R_PDH,CLU_BIOMD0000001062,train,empty_constrained,True,5-6,chebi+kegg_compound,no_candidates,0
BIOMD0000001062,R_PDHcr,CLU_BIOMD0000001062,train,empty_constrained,True,5-6,chebi+kegg_compound,no_candidates,0
BIOMD0000001062,R_PDX5POi,CLU_BIOMD0000001062,train,retrievable_top1_success,True,3-4,chebi+kegg_compound,ok,1
BIOMD0000001062,R_PDXPP,CLU_BIOMD0000001062,train,empty_constrained,True,3-4,chebi+kegg_compound,no_candidates,0
BIOMD0000001062,R_PERD,CLU_BIOMD0000001062,train,empty_constrained,True,5-6,chebi+kegg_compound,no_candidates,0
BIOMD0000001062,R_PFK_2,CLU_BIOMD0000001062,train,empty_constrained,True,5-6,chebi+kegg_compound,no_candidates,0
BIOMD0000001062,R_PFK_3,CLU_BIOMD0000001062,train,empty_constrained,True,5-6,chebi+kegg_compound,no_candidates,0
BIOMD0000001062,R_PFL,CLU_BIOMD0000001062,train,empty_constrained,True,3-4,chebi+kegg_compound,no_candidates,0
BIOMD0000001062,R_PFOR,CLU_BIOMD0000001062,train,empty_constrained,True,7+,chebi+kegg_compound,no_candidates,0
BIOMD0000001062,R_PGAMT,CLU_BIOMD0000001062,train,retrievable_top1_success,True,1-2,chebi+kegg_compound,ok,1
BIOMD0000001062,R_PGCD,CLU_BIOMD0000001062,train,empty_constrained,True,5-6,chebi+kegg_compound,no_candidates,0
BIOMD0000001062,R_PGK,CLU_BIOMD0000001062,train,retrievable_top1_success,True,3-4,chebi+kegg_compound,ok,1
BIOMD0000001062,R_PGL,CLU_BIOMD0000001062,train,empty_constrained,True,3-4,chebi+kegg_compound,no_candidates,0
BIOMD0000001062,R_PGLYCP,CLU_BIOMD0000001062,train,empty_constrained,True,3-4,chebi+kegg_compound,no_candidates,0
BIOMD0000001062,R_PGM,CLU_BIOMD0000001062,train,retrievable_top1_success,True,1-2,chebi+kegg_compound,ok,1
BIOMD0000001062,R_PGMT,CLU_BIOMD0000001062,train,empty_constrained,True,1-2,chebi+kegg_compound,no_candidates,0
BIOMD0000001062,R_PHETA1,CLU_BIOMD0000001062,train,retrievable_top1_success,True,3-4,chebi+kegg_compound,ok,1
BIOMD0000001062,R_PMANM,CLU_BIOMD0000001062,train,empty_constrained,True,1-2,chebi+kegg_compound,no_candidates,0
BIOMD0000001062,R_PMDPHT,CLU_BIOMD0000001062,train,empty_constrained,True,3-4,chebi+kegg_compound,no_candidates,0
BIOMD0000001062,R_PMEACPE,CLU_BIOMD0000001062,train,empty_constrained,True,3-4,chebi+kegg_compound,no_candidates,0
BIOMD0000001062,R_PNTK,CLU_BIOMD0000001062,train,empty_constrained,True,5-6,chebi+kegg_compound,no_candidates,0
BIOMD0000001062,R_PPA,CLU_BIOMD0000001062,train,empty_constrained,True,3-4,chebi+kegg_compound,no_candidates,0
BIOMD0000001062,R_PPA2,CLU_BIOMD0000001062,train,empty_constrained,True,5-6,chebi+kegg_compound,no_candidates,0
BIOMD0000001062,R_PPBNGS,CLU_BIOMD0000001062,train,empty_constrained,True,3-4,chebi+kegg_compound,no_candidates,0
BIOMD0000001062,R_PPC,CLU_BIOMD0000001062,train,empty_constrained,True,5-6,chebi+kegg_compound,no_candidates,0
BIOMD0000001062,R_PPCDC,CLU_BIOMD0000001062,train,empty_constrained,True,3-4,chebi+kegg_compound,no_candidates,0
BIOMD0000001062,R_PPCK,CLU_BIOMD0000001062,train,retrievable_top1_success,True,5-6,chebi+kegg_compound,ok,1
BIOMD0000001062,R_PPGPPDP,CLU_BIOMD0000001062,train,empty_constrained,True,3-4,chebi+kegg_compound,no_candidates,0
BIOMD0000001062,R_PPM2,CLU_BIOMD0000001062,train,retrievable_top1_success,True,1-2,chebi+kegg_compound,ok,1
BIOMD0000001062,R_PPNCL2,CLU_BIOMD0000001062,train,empty_constrained,True,7+,chebi+kegg_compound,no_candidates,0
BIOMD0000001062,R_PPND,CLU_BIOMD0000001062,train,empty_constrained,True,5-6,chebi+kegg_compound,no_candidates,0
BIOMD0000001062,R_PPNDH,CLU_BIOMD0000001062,train,empty_constrained,True,5-6,chebi+kegg_compound,no_candidates,0
BIOMD0000001062,R_PPS,CLU_BIOMD0000001062,train,empty_constrained,True,7+,chebi+kegg_compound,no_candidates,0
BIOMD0000001062,R_PRAGSr,CLU_BIOMD0000001062,train,empty_constrained,True,7+,chebi+kegg_compound,no_candidates,0
BIOMD0000001062,R_PRAIi,CLU_BIOMD0000001062,train,empty_constrained,True,1-2,chebi+kegg_compound,no_candidates,0
BIOMD0000001062,R_PRAMPC,CLU_BIOMD0000001062,train,empty_constrained,True,3-4,chebi+kegg_compound,no_candidates,0
BIOMD0000001062,R_PRASCSi,CLU_BIOMD0000001062,train,empty_constrained,True,7+,chebi+kegg_compound,no_candidates,0
BIOMD0000001062,R_PRASCSi_copy1,CLU_BIOMD0000001062,train,empty_constrained,True,7+,chebi+kegg_compound,no_candidates,0
BIOMD0000001062,R_PRASCSi_copy2,CLU_BIOMD0000001062,train,empty_constrained,True,7+,chebi+kegg_compound,no_candidates,0
BIOMD0000001062,R_PRATPP,CLU_BIOMD0000001062,train,empty_constrained,True,5-6,chebi+kegg_compound,no_candidates,0
BIOMD0000001062,R_PRMICI,CLU_BIOMD0000001062,train,retrievable_top1_success,True,1-2,chebi+kegg_compound,ok,1
BIOMD0000001062,R_PROD2,CLU_BIOMD0000001062,train,empty_constrained,True,5-6,chebi+kegg_compound,no_candidates,0
BIOMD0000001062,R_PROTRS,CLU_BIOMD0000001062,train,empty_constrained,True,5-6,chebi+kegg_compound,no_candidates,0
BIOMD0000001062,R_PSCVT,CLU_BIOMD0000001062,train,retrievable_top1_success,True,3-4,chebi+kegg_compound,ok,1
BIOMD0000001062,R_PSERT,CLU_BIOMD0000001062,train,empty_constrained,True,3-4,chebi+kegg_compound,no_candidates,0
BIOMD0000001062,R_PSP_L,CLU_BIOMD0000001062,train,empty_constrained,True,3-4,chebi+kegg_compound,no_candidates,0
BIOMD0000001062,R_PSP_Lpp,CLU_BIOMD0000001062,train,empty_constrained,True,3-4,chebi+kegg_compound,no_candidates,0
BIOMD0000001062,R_PTA2,CLU_BIOMD0000001062,train,retrievable_top1_success,True,3-4,chebi+kegg_compound,ok,1
BIOMD0000001062,R_PTAr,CLU_BIOMD0000001062,train,retrievable_top1_success,True,3-4,chebi+kegg_compound,ok,1
BIOMD0000001062,R_PTPATi,CLU_BIOMD0000001062,train,empty_constrained,True,5-6,chebi+kegg_compound,no_candidates,0
BIOMD0000001062,R_PTRCTA,CLU_BIOMD0000001062,train,empty_constrained,True,3-4,chebi+kegg_compound,no_candidates,0
BIOMD0000001062,R_PUNP1,CLU_BIOMD0000001062,train,retrievable_top1_success,True,3-4,chebi+kegg_compound,ok,1
BIOMD0000001062,R_PUNP2,CLU_BIOMD0000001062,train,retrievable_top1_success,True,3-4,chebi+kegg_compound,ok,1
BIOMD0000001062,R_PUNP3,CLU_BIOMD0000001062,train,retrievable_top1_success,True,3-4,chebi+kegg_compound,ok,1
BIOMD0000001062,R_PUNP4,CLU_BIOMD0000001062,train,retrievable_top1_success,True,3-4,chebi+kegg_compound,ok,1
BIOMD0000001062,R_PUNP5,CLU_BIOMD0000001062,train,retrievable_top1_success,True,3-4,chebi+kegg_compound,ok,1
BIOMD0000001062,R_PUNP6,CLU_BIOMD0000001062,train,retrievable_top1_success,True,3-4,chebi+kegg_compound,ok,1
BIOMD0000001062,R_PUNP7,CLU_BIOMD0000001062,train,retrievable_top1_success,True,3-4,chebi+kegg_compound,ok,1
BIOMD0000001062,R_PYAM5PO,CLU_BIOMD0000001062,train,empty_constrained,True,5-6,chebi+kegg_compound,no_candidates,0
BIOMD0000001062,R_PYDAMK,CLU_BIOMD0000001062,train,empty_constrained,True,5-6,chebi+kegg_compound,no_candidates,0
BIOMD0000001062,R_PYDXK,CLU_BIOMD0000001062,train,empty_constrained,True,5-6,chebi+kegg_compound,no_candidates,0
BIOMD0000001062,R_PYDXNK,CLU_BIOMD0000001062,train,empty_constrained,True,5-6,chebi+kegg_compound,no_candidates,0
BIOMD0000001062,R_PYDXOR,CLU_BIOMD0000001062,train,empty_constrained,True,5-6,chebi+kegg_compound,no_candidates,0
BIOMD0000001062,R_PYDXPP,CLU_BIOMD0000001062,train,empty_constrained,True,3-4,chebi+kegg_compound,no_candidates,0
BIOMD0000001062,R_PYK,CLU_BIOMD0000001062,train,empty_constrained,True,5-6,chebi+kegg_compound,no_candidates,0
BIOMD0000001062,R_PYK2,CLU_BIOMD0000001062,train,empty_constrained,True,5-6,chebi+kegg_compound,no_candidates,0
BIOMD0000001062,R_PYK3,CLU_BIOMD0000001062,train,empty_constrained,True,5-6,chebi+kegg_compound,no_candidates,0
BIOMD0000001062,R_PYK4,CLU_BIOMD0000001062,train,empty_constrained,True,5-6,chebi+kegg_compound,no_candidates,0
BIOMD0000001062,R_PYNP2r,CLU_BIOMD0000001062,train,retrievable_top1_success,True,3-4,chebi+kegg_compound,ok,1
BIOMD0000001062,R_Q23DO,CLU_BIOMD0000001062,train,retrievable_top1_success,True,3-4,chebi+kegg_compound,ok,1
BIOMD0000001062,R_QUINDH,CLU_BIOMD0000001062,train,empty_constrained,True,5-6,chebi+kegg_compound,no_candidates,0
BIOMD0000001062,R_QULNS,CLU_BIOMD0000001062,train,empty_constrained,True,5-6,chebi+kegg_compound,no_candidates,0
BIOMD0000001062,R_R15BPK,CLU_BIOMD0000001062,train,retrievable_top1_success,True,3-4,chebi+kegg_compound,ok,1
BIOMD0000001062,R_RBFK,CLU_BIOMD0000001062,train,empty_constrained,True,5-6,chebi+kegg_compound,no_candidates,0
BIOMD0000001062,R_RBFSa,CLU_BIOMD0000001062,train,empty_constrained,True,5-6,chebi+kegg_compound,no_candidates,0
BIOMD0000001062,R_RBFSb,CLU_BIOMD0000001062,train,retrievable_top1_success,True,3-4,chebi+kegg_compound,ok,1
BIOMD0000001062,R_RBK_L1,CLU_BIOMD0000001062,train,empty_constrained,True,5-6,chebi+kegg_compound,no_candidates,0
BIOMD0000001062,R_RBP4E,CLU_BIOMD0000001062,train,empty_constrained,True,1-2,chebi+kegg_compound,no_candidates,0
BIOMD0000001062,R_RHCCE,CLU_BIOMD0000001062,train,retrievable_top1_success,True,3-4,chebi+kegg_compound,ok,1
BIOMD0000001062,R_RMI,CLU_BIOMD0000001062,train,empty_constrained,True,1-2,chebi+kegg_compound,no_candidates,0
BIOMD0000001062,R_RMK,CLU_BIOMD0000001062,train,empty_constrained,True,5-6,chebi+kegg_compound,no_candidates,0
BIOMD0000001062,R_RMPA,CLU_BIOMD0000001062,train,retrievable_top1_success,True,3-4,chebi+kegg_compound,ok,1
BIOMD0000001062,R_RNDR1,CLU_BIOMD0000001062,train,empty_constrained,True,5-6,chebi+kegg_compound,no_candidates,0
BIOMD0000001062,R_RNDR2,CLU_BIOMD0000001062,train,empty_constrained,True,5-6,chebi+kegg_compound,no_candidates,0
BIOMD0000001062,R_RNDR3,CLU_BIOMD0000001062,train,empty_constrained,True,5-6,chebi+kegg_compound,no_candidates,0
BIOMD0000001062,R_RNDR4,CLU_BIOMD0000001062,train,empty_constrained,True,5-6,chebi+kegg_compound,no_candidates,0
BIOMD0000001062,R_RNMK,CLU_BIOMD0000001062,train,empty_constrained,True,5-6,chebi+kegg_compound,no_candidates,0
BIOMD0000001062,R_RPE,CLU_BIOMD0000001062,train,empty_constrained,True,1-2,chebi+kegg_compound,no_candidates,0
BIOMD0000001062,R_RZ5PP,CLU_BIOMD0000001062,train,empty_constrained,True,3-4,chebi+kegg_compound,no_candidates,0
BIOMD0000001062,R_S7PI,CLU_BIOMD0000001062,train,nonempty_answer_absent,True,1-2,chebi+kegg_compound,ok,1
BIOMD0000001062,R_SADH,CLU_BIOMD0000001062,train,empty_constrained,True,5-6,chebi+kegg_compound,no_candidates,0
BIOMD0000001062,R_SALSYN,CLU_BIOMD0000001062,train,retrievable_top1_success,True,3-4,chebi+kegg_compound,ok,1
BIOMD0000001062,R_SARCOX,CLU_BIOMD0000001062,train,empty_constrained,True,5-6,chebi+kegg_compound,no_candidates,0
BIOMD0000001062,R_SBTD_D2,CLU_BIOMD0000001062,train,empty_constrained,True,5-6,chebi+kegg_compound,no_candidates,0
BIOMD0000001062,R_SBTPD,CLU_BIOMD0000001062,train,empty_constrained,True,5-6,chebi+kegg_compound,no_candidates,0
BIOMD0000001062,R_SDPDS,CLU_BIOMD0000001062,train,empty_constrained,True,3-4,chebi+kegg_compound,no_candidates,0
BIOMD0000001062,R_SDPTA,CLU_BIOMD0000001062,train,retrievable_top1_success,True,3-4,chebi+kegg_compound,ok,1
BIOMD0000001062,R_SELCYSS,CLU_BIOMD0000001062,train,empty_constrained,True,5-6,chebi+kegg_compound,no_candidates,0
BIOMD0000001062,R_SELGTHR,CLU_BIOMD0000001062,train,empty_constrained,True,5-6,chebi+kegg_compound,no_candidates,0
BIOMD0000001062,R_SELNPS,CLU_BIOMD0000001062,train,empty_constrained,True,5-6,chebi+kegg_compound,no_candidates,0
BIOMD0000001062,R_SEPHCHCS,CLU_BIOMD0000001062,train,empty_constrained,True,5-6,chebi+kegg_compound,no_candidates,0
BIOMD0000001062,R_SERAT,CLU_BIOMD0000001062,train,retrievable_top1_success,True,3-4,chebi+kegg_compound,ok,1
BIOMD0000001062,R_SERD_D,CLU_BIOMD0000001062,train,empty_constrained,True,3-4,chebi+kegg_compound,no_candidates,0
BIOMD0000001062,R_SERD_L,CLU_BIOMD0000001062,train,empty_constrained,True,3-4,chebi+kegg_compound,no_candidates,0
BIOMD0000001062,R_SERTRS,CLU_BIOMD0000001062,train,empty_constrained,True,5-6,chebi+kegg_compound,no_candidates,0
BIOMD0000001062,R_SFGTHi,CLU_BIOMD0000001062,train,empty_constrained,True,5-6,chebi+kegg_compound,no_candidates,0
BIOMD0000001062,R_SGDS,CLU_BIOMD0000001062,train,empty_constrained,True,3-4,chebi+kegg_compound,no_candidates,0
BIOMD0000001062,R_SGSAD,CLU_BIOMD0000001062,train,empty_constrained,True,5-6,chebi+kegg_compound,no_candidates,0
BIOMD0000001062,R_SHCHCS3,CLU_BIOMD0000001062,train,retrievable_top1_success,True,3-4,chebi+kegg_compound,ok,1
BIOMD0000001062,R_SHCHD2,CLU_BIOMD0000001062,train,empty_constrained,True,5-6,chebi+kegg_compound,no_candidates,0
BIOMD0000001062,R_SHCHF,CLU_BIOMD0000001062,train,empty_constrained,True,3-4,chebi+kegg_compound,no_candidates,0
BIOMD0000001062,R_SHK3Dr,CLU_BIOMD0000001062,train,empty_constrained,True,5-6,chebi+kegg_compound,no_candidates,0
BIOMD0000001062,R_SHKK,CLU_BIOMD0000001062,train,empty_constrained,True,5-6,chebi+kegg_compound,no_candidates,0
BIOMD0000001062,R_SHSL1,CLU_BIOMD0000001062,train,empty_constrained,True,5-6,chebi+kegg_compound,no_candidates,0
BIOMD0000001062,R_SLCYSS,CLU_BIOMD0000001062,train,empty_constrained,True,3-4,chebi+kegg_compound,no_candidates,0
BIOMD0000001062,R_SOTA,CLU_BIOMD0000001062,train,retrievable_top1_success,True,3-4,chebi+kegg_compound,ok,1
BIOMD0000001062,R_SPMS,CLU_BIOMD0000001062,train,empty_constrained,True,5-6,chebi+kegg_compound,no_candidates,0
BIOMD0000001062,R_SPODM,CLU_BIOMD0000001062,train,retrievable_top1_success,True,3-4,chebi+kegg_compound,ok,1
BIOMD0000001062,R_SPODMpp,CLU_BIOMD0000001062,train,retrievable_top1_success,True,3-4,chebi+kegg_compound,ok,1
BIOMD0000001062,R_SSALx,CLU_BIOMD0000001062,train,empty_constrained,True,5-6,chebi+kegg_compound,no_candidates,0
BIOMD0000001062,R_SSALy,CLU_BIOMD0000001062,train,empty_constrained,True,5-6,chebi+kegg_compound,no_candidates,0
BIOMD0000001062,R_SUCBZL,CLU_BIOMD0000001062,train,retrievable_top1_success,True,5-6,chebi+kegg_compound,ok,1
BIOMD0000001062,R_SUCBZS,CLU_BIOMD0000001062,train,empty_constrained,True,3-4,chebi+kegg_compound,no_candidates,0
BIOMD0000001062,R_SUCOAS,CLU_BIOMD0000001062,train,retrievable_top1_success,True,5-6,chebi+kegg_compound,ok,1
BIOMD0000001062,R_SUCOAS2,CLU_BIOMD0000001062,train,retrievable_top1_success,True,5-6,chebi+kegg_compound,ok,1
BIOMD0000001062,R_SULR,CLU_BIOMD0000001062,train,empty_constrained,True,5-6,chebi+kegg_compound,no_candidates,0
BIOMD0000001062,R_TAGURr,CLU_BIOMD0000001062,train,empty_constrained,True,5-6,chebi+kegg_compound,no_candidates,0
BIOMD0000001062,R_TALA,CLU_BIOMD0000001062,train,retrievable_top1_success,True,3-4,chebi+kegg_compound,ok,2
BIOMD0000001062,R_TARTD,CLU_BIOMD0000001062,train,empty_constrained,True,3-4,chebi+kegg_compound,no_candidates,0
BIOMD0000001062,R_TAUDO,CLU_BIOMD0000001062,train,empty_constrained,True,7+,chebi+kegg_compound,no_candidates,0
BIOMD0000001062,R_TDP,CLU_BIOMD0000001062,train,empty_constrained,True,5-6,chebi+kegg_compound,no_candidates,0
BIOMD0000001062,R_TDPADGAT,CLU_BIOMD0000001062,train,empty_constrained,True,5-6,chebi+kegg_compound,no_candidates,0
BIOMD0000001062,R_TDPAGTA,CLU_BIOMD0000001062,train,empty_constrained,True,3-4,chebi+kegg_compound,no_candidates,0
BIOMD0000001062,R_TDPGDH,CLU_BIOMD0000001062,train,empty_constrained,True,3-4,chebi+kegg_compound,no_candidates,0
BIOMD0000001062,R_TDSK,CLU_BIOMD0000001062,train,empty_constrained,True,5-6,chebi+kegg_compound,no_candidates,0
BIOMD0000001062,R_TGBPA,CLU_BIOMD0000001062,train,retrievable_top1_success,True,3-4,chebi+kegg_compound,ok,1
BIOMD0000001062,R_THDPS,CLU_BIOMD0000001062,train,empty_constrained,True,5-6,chebi+kegg_compound,no_candidates,0
BIOMD0000001062,R_THFAT,CLU_BIOMD0000001062,train,empty_constrained,True,3-4,chebi+kegg_compound,no_candidates,0
BIOMD0000001062,R_THRA,CLU_BIOMD0000001062,train,retrievable_top1_success,True,3-4,chebi+kegg_compound,ok,1
BIOMD0000001062,R_THRD,CLU_BIOMD0000001062,train,empty_constrained,True,5-6,chebi+kegg_compound,no_candidates,0
BIOMD0000001062,R_THRD_L,CLU_BIOMD0000001062,train,empty_constrained,True,3-4,chebi+kegg_compound,no_candidates,0
BIOMD0000001062,R_THRS,CLU_BIOMD0000001062,train,empty_constrained,True,3-4,chebi+kegg_compound,no_candidates,0
BIOMD0000001062,R_THRTRS,CLU_BIOMD0000001062,train,empty_constrained,True,5-6,chebi+kegg_compound,no_candidates,0
BIOMD0000001062,R_TKT2,CLU_BIOMD0000001062,train,empty_constrained,True,3-4,chebi+kegg_compound,no_candidates,0
BIOMD0000001062,R_TMDK1,CLU_BIOMD0000001062,train,empty_constrained,True,5-6,chebi+kegg_compound,no_candidates,0
BIOMD0000001062,R_TMDPP,CLU_BIOMD0000001062,train,retrievable_top1_success,True,3-4,chebi+kegg_compound,ok,1
BIOMD0000001062,R_TMDS,CLU_BIOMD0000001062,train,retrievable_top1_success,True,3-4,chebi+kegg_compound,ok,1
BIOMD0000001062,R_TMPK,CLU_BIOMD0000001062,train,empty_constrained,True,3-4,chebi+kegg_compound,no_candidates,0
BIOMD0000001062,R_TMPPP,CLU_BIOMD0000001062,train,empty_constrained,True,5-6,chebi+kegg_compound,no_candidates,0
BIOMD0000001062,R_TPI,CLU_BIOMD0000001062,train,empty_constrained,True,1-2,chebi+kegg_compound,no_candidates,0
BIOMD0000001062,R_TPRDCOAS,CLU_BIOMD0000001062,train,retrievable_top1_success,True,3-4,chebi+kegg_compound,ok,1
BIOMD0000001062,R_TRDR,CLU_BIOMD0000001062,train,empty_constrained,True,5-6,chebi+kegg_compound,no_candidates,0
BIOMD0000001062,R_TRE6PH,CLU_BIOMD0000001062,train,empty_constrained,True,3-4,chebi+kegg_compound,no_candidates,0
BIOMD0000001062,R_TRE6PP,CLU_BIOMD0000001062,train,empty_constrained,True,3-4,chebi+kegg_compound,no_candidates,0
BIOMD0000001062,R_TRE6PS,CLU_BIOMD0000001062,train,empty_constrained,True,5-6,chebi+kegg_compound,no_candidates,0
BIOMD0000001062,R_TREH,CLU_BIOMD0000001062,train,empty_constrained,True,3-4,chebi+kegg_compound,no_candidates,0
BIOMD0000001062,R_TREHpp,CLU_BIOMD0000001062,train,empty_constrained,True,3-4,chebi+kegg_compound,no_candidates,0
BIOMD0000001062,R_TRPAS2,CLU_BIOMD0000001062,train,empty_constrained,True,5-6,chebi+kegg_compound,no_candidates,0
BIOMD0000001062,R_TRPS1,CLU_BIOMD0000001062,train,empty_constrained,True,5-6,chebi+kegg_compound,no_candidates,0
BIOMD0000001062,R_TRPS2,CLU_BIOMD0000001062,train,empty_constrained,True,3-4,chebi+kegg_compound,no_candidates,0
BIOMD0000001062,R_TRPS3,CLU_BIOMD0000001062,train,retrievable_top1_success,True,3-4,chebi+kegg_compound,ok,1
BIOMD0000001062,R_TRPTA,CLU_BIOMD0000001062,train,empty_constrained,True,3-4,chebi+kegg_compound,no_candidates,0
BIOMD0000001062,R_TRPTRS,CLU_BIOMD0000001062,train,empty_constrained,True,5-6,chebi+kegg_compound,no_candidates,0
BIOMD0000001062,R_TRSARr,CLU_BIOMD0000001062,train,empty_constrained,True,5-6,chebi+kegg_compound,no_candidates,0
BIOMD0000001062,R_TYRTA,CLU_BIOMD0000001062,train,retrievable_top1_success,True,3-4,chebi+kegg_compound,ok,1
BIOMD0000001062,R_TYRTRS,CLU_BIOMD0000001062,train,empty_constrained,True,5-6,chebi+kegg_compound,no_candidates,0
BIOMD0000001062,R_U23GAAT,CLU_BIOMD0000001062,train,empty_constrained,True,5-6,chebi+kegg_compound,no_candidates,0
BIOMD0000001062,R_UACMAMO,CLU_BIOMD0000001062,train,empty_constrained,True,5-6,chebi+kegg_compound,no_candidates,0
BIOMD0000001062,R_UAG2E,CLU_BIOMD0000001062,train,retrievable_top1_success,True,1-2,chebi+kegg_compound,ok,1
BIOMD0000001062,R_UAG4Ei_copy1,CLU_BIOMD0000001062,train,retrievable_top1_success,True,1-2,chebi+kegg_compound,ok,1
BIOMD0000001062,R_UAG4Ei_copy2,CLU_BIOMD0000001062,train,retrievable_top1_success,True,1-2,chebi+kegg_compound,ok,1
BIOMD0000001062,R_UAGAAT,CLU_BIOMD0000001062,train,retrievable_top1_success,True,3-4,chebi+kegg_compound,ok,1
BIOMD0000001062,R_UAGCVT,CLU_BIOMD0000001062,train,retrievable_top1_success,True,3-4,chebi+kegg_compound,ok,1
BIOMD0000001062,R_UAGPT3,CLU_BIOMD0000001062,train,empty_constrained,True,5-6,chebi+kegg_compound,no_candidates,0
BIOMD0000001062,R_UAMAGS,CLU_BIOMD0000001062,train,empty_constrained,True,7+,chebi+kegg_compound,no_candidates,0
BIOMD0000001062,R_UAMAS,CLU_BIOMD0000001062,train,empty_constrained,True,7+,chebi+kegg_compound,no_candidates,0
BIOMD0000001062,R_UAPGR,CLU_BIOMD0000001062,train,empty_constrained,True,5-6,chebi+kegg_compound,no_candidates,0
BIOMD0000001062,R_UDPG4E,CLU_BIOMD0000001062,train,empty_constrained,True,1-2,chebi+kegg_compound,no_candidates,0
BIOMD0000001062,R_UDPGD,CLU_BIOMD0000001062,train,empty_constrained,True,5-6,chebi+kegg_compound,no_candidates,0
BIOMD0000001062,R_UDPGDC,CLU_BIOMD0000001062,train,empty_constrained,True,5-6,chebi+kegg_compound,no_candidates,0
BIOMD0000001062,R_UDPGPpp,CLU_BIOMD0000001062,train,empty_constrained,True,5-6,chebi+kegg_compound,no_candidates,0
BIOMD0000001062,R_UDPKAAT,CLU_BIOMD0000001062,train,retrievable_top1_success,True,3-4,chebi+kegg_compound,ok,1
BIOMD0000001062,R_UGLT,CLU_BIOMD0000001062,train,empty_constrained,True,3-4,chebi+kegg_compound,no_candidates,0
BIOMD0000001062,R_UGLYCH,CLU_BIOMD0000001062,train,empty_constrained,True,5-6,chebi+kegg_compound,no_candidates,0
BIOMD0000001062,R_UHGADA,CLU_BIOMD0000001062,train,empty_constrained,True,3-4,chebi+kegg_compound,no_candidates,0
BIOMD0000001062,R_ULA4NFT,CLU_BIOMD0000001062,train,empty_constrained,True,5-6,chebi+kegg_compound,no_candidates,0
BIOMD0000001062,R_UMPK,CLU_BIOMD0000001062,train,retrievable_top1_success,True,3-4,chebi+kegg_compound,ok,1
BIOMD0000001062,R_UNK3,CLU_BIOMD0000001062,train,retrievable_top1_success,True,3-4,chebi+kegg_compound,ok,1
BIOMD0000001062,R_UPP3MT,CLU_BIOMD0000001062,train,empty_constrained,True,5-6,chebi+kegg_compound,no_candidates,0
BIOMD0000001062,R_UPP3S,CLU_BIOMD0000001062,train,empty_constrained,True,3-4,chebi+kegg_compound,no_candidates,0
BIOMD0000001062,R_UPPDC1,CLU_BIOMD0000001062,train,empty_constrained,True,3-4,chebi+kegg_compound,no_candidates,0
BIOMD0000001062,R_UPPRT,CLU_BIOMD0000001062,train,empty_constrained,True,3-4,chebi+kegg_compound,no_candidates,0
BIOMD0000001062,R_URACPAH,CLU_BIOMD0000001062,train,empty_constrained,True,5-6,chebi+kegg_compound,no_candidates,0
BIOMD0000001062,R_URCN,CLU_BIOMD0000001062,train,empty_constrained,True,3-4,chebi+kegg_compound,no_candidates,0
BIOMD0000001062,R_URDGLYCD,CLU_BIOMD0000001062,train,empty_constrained,True,5-6,chebi+kegg_compound,no_candidates,0
BIOMD0000001062,R_URFGTT,CLU_BIOMD0000001062,train,empty_constrained,True,5-6,chebi+kegg_compound,no_candidates,0
BIOMD0000001062,R_URIDK2r,CLU_BIOMD0000001062,train,retrievable_top1_success,True,3-4,chebi+kegg_compound,ok,1
BIOMD0000001062,R_URIH,CLU_BIOMD0000001062,train,empty_constrained,True,3-4,chebi+kegg_compound,no_candidates,0
BIOMD0000001062,R_URIK1,CLU_BIOMD0000001062,train,empty_constrained,True,5-6,chebi+kegg_compound,no_candidates,0
BIOMD0000001062,R_URIK2,CLU_BIOMD0000001062,train,empty_constrained,True,5-6,chebi+kegg_compound,no_candidates,0
BIOMD0000001062,R_USHD,CLU_BIOMD0000001062,train,empty_constrained,True,5-6,chebi+kegg_compound,no_candidates,0
BIOMD0000001062,R_VALTA,CLU_BIOMD0000001062,train,retrievable_top1_success,True,3-4,chebi+kegg_compound,ok,1
BIOMD0000001062,R_VALTRS,CLU_BIOMD0000001062,train,empty_constrained,True,5-6,chebi+kegg_compound,no_candidates,0
BIOMD0000001062,R_VPAMTr,CLU_BIOMD0000001062,train,empty_constrained,True,3-4,chebi+kegg_compound,no_candidates,0
BIOMD0000001062,R_X5PL3E,CLU_BIOMD0000001062,train,empty_constrained,True,1-2,chebi+kegg_compound,no_candidates,0
BIOMD0000001062,R_XAND,CLU_BIOMD0000001062,train,empty_constrained,True,5-6,chebi+kegg_compound,no_candidates,0
BIOMD0000001062,R_XPPT,CLU_BIOMD0000001062,train,empty_constrained,True,3-4,chebi+kegg_compound,no_candidates,0
BIOMD0000001062,R_XTSNH,CLU_BIOMD0000001062,train,empty_constrained,True,3-4,chebi+kegg_compound,no_candidates,0
BIOMD0000001062,R_XYLI1,CLU_BIOMD0000001062,train,retrievable_top1_success,True,1-2,chebi+kegg_compound,ok,1
BIOMD0000001062,R_XYLI2,CLU_BIOMD0000001062,train,empty_constrained,True,1-2,chebi+kegg_compound,no_candidates,0
BIOMD0000001062,R_XYLK,CLU_BIOMD0000001062,train,empty_constrained,True,5-6,chebi+kegg_compound,no_candidates,0
BIOMD0000001062,R_XYLK2,CLU_BIOMD0000001062,train,empty_constrained,True,5-6,chebi+kegg_compound,no_candidates,0
BIOMD0000001062,R_XYLTD_D,CLU_BIOMD0000001062,train,empty_constrained,True,5-6,chebi+kegg_compound,no_candidates,0
BIOMD0000001062,R_r0085,CLU_BIOMD0000001062,train,empty_constrained,True,3-4,chebi+kegg_compound,no_candidates,0
BIOMD0000001091,R_2DOXG6PP,CLU_BIOMD0000001091,train,unconstrained,True,5-6,kegg_compound,unconstrained_candidate_set,0
BIOMD0000001091,R_2HBO,CLU_BIOMD0000001091,train,retrievable_top1_success,True,5-6,kegg_compound,ok,1
BIOMD0000001091,R_3HBUTDH,CLU_BIOMD0000001091,train,retrievable_top1_success,True,5-6,kegg_compound,ok,1
BIOMD0000001091,R_3OAR100,CLU_BIOMD0000001091,train,unconstrained,True,5-6,kegg_compound,unconstrained_candidate_set,0
BIOMD0000001091,R_3OAR120,CLU_BIOMD0000001091,train,retrievable_top1_success,True,3-4,kegg_compound,ok,1
BIOMD0000001091,R_3OAR80,CLU_BIOMD0000001091,train,retrievable_top1_success,True,5-6,kegg_compound,ok,1
BIOMD0000001091,R_4AHD2,CLU_BIOMD0000001091,train,unconstrained,True,3-4,kegg_compound,unconstrained_candidate_set,0
BIOMD0000001091,R_4OT,CLU_BIOMD0000001091,train,retrievable_top1_success,True,1-2,kegg_compound,ok,1
BIOMD0000001091,R_5CMHMISO,CLU_BIOMD0000001091,train,retrievable_top1_success,True,1-2,kegg_compound,ok,1
BIOMD0000001091,R_5DGLCNR,CLU_BIOMD0000001091,train,retrievable_top1_success,True,5-6,kegg_compound,ok,1
BIOMD0000001091,R_AAH1_1,CLU_BIOMD0000001091,train,unconstrained,True,5-6,kegg_compound,unconstrained_candidate_set,0
BIOMD0000001091,R_AAH1_2,CLU_BIOMD0000001091,train,unconstrained,True,5-6,kegg_compound,unconstrained_candidate_set,0
BIOMD0000001091,R_AAH1_3,CLU_BIOMD0000001091,train,unconstrained,True,5-6,kegg_compound,unconstrained_candidate_set,0
BIOMD0000001091,R_ABTAr,CLU_BIOMD0000001091,train,retrievable_top1_success,True,3-4,kegg_compound,ok,1
BIOMD0000001091,R_ABUTDm,CLU_BIOMD0000001091,train,unconstrained,True,5-6,kegg_compound,unconstrained_candidate_set,0
BIOMD0000001091,R_ABZ1,CLU_BIOMD0000001091,train,retrievable_top1_success,True,3-4,kegg_compound,ok,2
BIOMD0000001091,R_ACAC,CLU_BIOMD0000001091,train,unconstrained,True,7+,kegg_compound,unconstrained_candidate_set,0
BIOMD0000001091,R_ACACT10rr,CLU_BIOMD0000001091,train,retrievable_top1_success,True,3-4,kegg_compound,ok,3
BIOMD0000001091,R_ACACT6r,CLU_BIOMD0000001091,train,retrievable_top1_success,True,3-4,kegg_compound,ok,1
BIOMD0000001091,R_ACALD,CLU_BIOMD0000001091,train,retrievable_top1_success,True,5-6,kegg_compound,ok,1
BIOMD0000001091,R_ACBIPGT,CLU_BIOMD0000001091,train,unconstrained,True,5-6,kegg_compound,unconstrained_candidate_set,0
BIOMD0000001091,R_ACC1,CLU_BIOMD0000001091,train,unconstrained,True,7+,kegg_compound,unconstrained_candidate_set,0
BIOMD0000001091,R_ACCOAL2r,CLU_BIOMD0000001091,train,retrievable_top1_success,True,5-6,kegg_compound,ok,1
BIOMD0000001091,R_ACGAMPM,CLU_BIOMD0000001091,train,retrievable_top1_success,True,1-2,kegg_compound,ok,1
BIOMD0000001091,R_ACGAMT,CLU_BIOMD0000001091,train,unconstrained,True,3-4,kegg_compound,unconstrained_candidate_set,0
BIOMD0000001091,R_ACGK,CLU_BIOMD0000001091,train,retrievable_top1_success,True,3-4,kegg_compound,ok,1
BIOMD0000001091,R_ACGSm,CLU_BIOMD0000001091,train,unconstrained,True,5-6,kegg_compound,unconstrained_candidate_set,0
BIOMD0000001091,R_ACHBS,CLU_BIOMD0000001091,train,unconstrained,True,5-6,kegg_compound,unconstrained_candidate_set,0
BIOMD0000001091,R_ACKr,CLU_BIOMD0000001091,train,retrievable_top1_success,True,3-4,kegg_compound,ok,1
BIOMD0000001091,R_ACNPLYSr,CLU_BIOMD0000001091,train,unconstrained,True,5-6,kegg_compound,unconstrained_candidate_set,0
BIOMD0000001091,R_ACO1,CLU_BIOMD0000001091,train,retrievable_top1_success,True,1-2,kegg_compound,ok,1
BIOMD0000001091,R_ACOAD1,CLU_BIOMD0000001091,train,retrievable_top1_success,True,5-6,kegg_compound,ok,1
BIOMD0000001091,R_ACOAD1f,CLU_BIOMD0000001091,train,unconstrained,True,5-6,kegg_compound,unconstrained_candidate_set,0
BIOMD0000001091,R_ACONTa,CLU_BIOMD0000001091,train,unconstrained,True,3-4,kegg_compound,unconstrained_candidate_set,0
BIOMD0000001091,R_ACONTb,CLU_BIOMD0000001091,train,unconstrained,True,3-4,kegg_compound,unconstrained_candidate_set,0
BIOMD0000001091,R_ACOTAim,CLU_BIOMD0000001091,train,retrievable_top1_success,True,3-4,kegg_compound,ok,1
BIOMD0000001091,R_ACSm,CLU_BIOMD0000001091,train,unconstrained,True,7+,kegg_compound,unconstrained_candidate_set,0
BIOMD0000001091,R_ACYP,CLU_BIOMD0000001091,train,unconstrained,True,5-6,kegg_compound,unconstrained_candidate_set,0
BIOMD0000001091,R_ACYP_2,CLU_BIOMD0000001091,train,unconstrained,True,5-6,kegg_compound,unconstrained_candidate_set,0
BIOMD0000001091,R_ADCL,CLU_BIOMD0000001091,train,unconstrained,True,3-4,kegg_compound,unconstrained_candidate_set,0
BIOMD0000001091,R_ADCOBAPS,CLU_BIOMD0000001091,train,unconstrained,True,7+,kegg_compound,unconstrained_candidate_set,0
BIOMD0000001091,R_ADCOBASrADCOBASr,CLU_BIOMD0000001091,train,unconstrained,True,3-4,kegg_compound,unconstrained_candidate_set,0
BIOMD0000001091,R_ADCYRS,CLU_BIOMD0000001091,train,unconstrained,True,7+,kegg_compound,unconstrained_candidate_set,0
BIOMD0000001091,R_ADE12,CLU_BIOMD0000001091,train,unconstrained,True,7+,kegg_compound,unconstrained_candidate_set,0
BIOMD0000001091,R_ADE13_1,CLU_BIOMD0000001091,train,unconstrained,True,3-4,kegg_compound,unconstrained_candidate_set,0
BIOMD0000001091,R_ADE13_2,CLU_BIOMD0000001091,train,retrievable_top1_success,True,3-4,kegg_compound,ok,1
BIOMD0000001091,R_ADE16_1,CLU_BIOMD0000001091,train,retrievable_top1_success,True,3-4,kegg_compound,ok,1
BIOMD0000001091,R_ADE2,CLU_BIOMD0000001091,train,unconstrained,True,3-4,kegg_compound,unconstrained_candidate_set,0
BIOMD0000001091,R_ADE3_1,CLU_BIOMD0000001091,train,retrievable_top1_success,True,3-4,kegg_compound,ok,1
BIOMD0000001091,R_ADE3_3,CLU_BIOMD0000001091,train,unconstrained,True,3-4,kegg_compound,unconstrained_candidate_set,0
BIOMD0000001091,R_ADE5_7_1,CLU_BIOMD0000001091,train,unconstrained,True,7+,kegg_compound,unconstrained_candidate_set,0
BIOMD0000001091,R_ADK1,CLU_BIOMD0000001091,train,unconstrained,True,3-4,kegg_compound,unconstrained_candidate_set,0
BIOMD0000001091,R_ADOCBIK,CLU_BIOMD0000001091,train,unconstrained,True,5-6,kegg_compound,unconstrained_candidate_set,0
BIOMD0000001091,R_ADOCBLS,CLU_BIOMD0000001091,train,unconstrained,True,5-6,kegg_compound,unconstrained_candidate_set,0
BIOMD0000001091,R_ADPDA,CLU_BIOMD0000001091,train,unconstrained,True,3-4,kegg_compound,unconstrained_candidate_set,0
BIOMD0000001091,R_ADPRDP,CLU_BIOMD0000001091,train,unconstrained,True,5-6,kegg_compound,unconstrained_candidate_set,0
BIOMD0000001091,R_ADPT,CLU_BIOMD0000001091,train,unconstrained,True,5-6,kegg_compound,unconstrained_candidate_set,0
BIOMD0000001091,R_AGDC_r,CLU_BIOMD0000001091,train,unconstrained,True,3-4,kegg_compound,unconstrained_candidate_set,0
BIOMD0000001091,R_AGMT,CLU_BIOMD0000001091,train,unconstrained,True,3-4,kegg_compound,unconstrained_candidate_set,0
BIOMD0000001091,R_AGPR,CLU_BIOMD0000001091,train,retrievable_top1_success,True,5-6,kegg_compound,ok,1
BIOMD0000001091,R_AHCYSNS,CLU_BIOMD0000001091,train,unconstrained,True,3-4,kegg_compound,unconstrained_candidate_set,0
BIOMD0000001091,R_AHSERL4,CLU_BIOMD0000001091,train,unconstrained,True,7+,kegg_compound,unconstrained_candidate_set,0
BIOMD0000001091,R_AKGDH,CLU_BIOMD0000001091,train,retrievable_top1_success,True,5-6,kegg_compound,ok,1
BIOMD0000001091,R_AKGDb,CLU_BIOMD0000001091,train,unconstrained,True,3-4,kegg_compound,unconstrained_candidate_set,0
BIOMD0000001091,R_ALAALA,CLU_BIOMD0000001091,train,unconstrained,True,5-6,kegg_compound,unconstrained_candidate_set,0
BIOMD0000001091,R_ALARi,CLU_BIOMD0000001091,train,retrievable_top1_success,True,1-2,kegg_compound,ok,2
BIOMD0000001091,R_ALATA_D,CLU_BIOMD0000001091,train,retrievable_top1_success,True,3-4,kegg_compound,ok,1
BIOMD0000001091,R_ALCD19,CLU_BIOMD0000001091,train,retrievable_top1_success,True,5-6,kegg_compound,ok,1
BIOMD0000001091,R_ALCD2x,CLU_BIOMD0000001091,train,retrievable_top1_success,True,5-6,kegg_compound,ok,2
BIOMD0000001091,R_ALD2,CLU_BIOMD0000001091,train,unconstrained,True,5-6,kegg_compound,unconstrained_candidate_set,0
BIOMD0000001091,R_ALDD19x,CLU_BIOMD0000001091,train,unconstrained,True,5-6,kegg_compound,unconstrained_candidate_set,0
BIOMD0000001091,R_ALDD20x,CLU_BIOMD0000001091,train,unconstrained,True,5-6,kegg_compound,unconstrained_candidate_set,0
BIOMD0000001091,R_ALDD22x,CLU_BIOMD0000001091,train,unconstrained,True,5-6,kegg_compound,unconstrained_candidate_set,0
BIOMD0000001091,R_ALDD8x,CLU_BIOMD0000001091,train,unconstrained,True,5-6,kegg_compound,unconstrained_candidate_set,0
BIOMD0000001091,R_ALKP,CLU_BIOMD0000001091,train,unconstrained,True,3-4,kegg_compound,unconstrained_candidate_set,0
BIOMD0000001091,R_AMANAPE,CLU_BIOMD0000001091,train,retrievable_top1_success,True,1-2,kegg_compound,ok,1
BIOMD0000001091,R_AMD2_2,CLU_BIOMD0000001091,train,unconstrained,True,5-6,kegg_compound,unconstrained_candidate_set,0
BIOMD0000001091,R_AMD2_3,CLU_BIOMD0000001091,train,unconstrained,True,3-4,kegg_compound,unconstrained_candidate_set,0
BIOMD0000001091,R_AMID5,CLU_BIOMD0000001091,train,unconstrained,True,3-4,kegg_compound,unconstrained_candidate_set,0
BIOMD0000001091,R_ANPRT,CLU_BIOMD0000001091,train,unconstrained,True,5-6,kegg_compound,unconstrained_candidate_set,0
BIOMD0000001091,R_ANS,CLU_BIOMD0000001091,train,unconstrained,True,5-6,kegg_compound,unconstrained_candidate_set,0
BIOMD0000001091,R_ANS2,CLU_BIOMD0000001091,train,unconstrained,True,5-6,kegg_compound,unconstrained_candidate_set,0
BIOMD0000001091,R_AOXHEXCYCL,CLU_BIOMD0000001091,train,unconstrained,True,3-4,kegg_compound,unconstrained_candidate_set,0
BIOMD0000001091,R_AOXSir,CLU_BIOMD0000001091,train,unconstrained,True,5-6,kegg_compound,unconstrained_candidate_set,0
BIOMD0000001091,R_APATi,CLU_BIOMD0000001091,train,unconstrained,True,5-6,kegg_compound,unconstrained_candidate_set,0
BIOMD0000001091,R_APSR,CLU_BIOMD0000001091,train,unconstrained,True,5-6,kegg_compound,unconstrained_candidate_set,0
BIOMD0000001091,R_APTA1i,CLU_BIOMD0000001091,train,retrievable_top1_success,True,3-4,kegg_compound,ok,1
BIOMD0000001091,R_ARABRr,CLU_BIOMD0000001091,train,retrievable_top1_success,True,5-6,kegg_compound,ok,1
BIOMD0000001091,R_ARAI,CLU_BIOMD0000001091,train,retrievable_top1_success,True,1-2,kegg_compound,ok,2
BIOMD0000001091,R_ARGDCpp,CLU_BIOMD0000001091,train,unconstrained,True,3-4,kegg_compound,unconstrained_candidate_set,0
BIOMD0000001091,R_ARO1_1,CLU_BIOMD0000001091,train,retrievable_top1_success,True,3-4,kegg_compound,ok,1
BIOMD0000001091,R_ARO1_2,CLU_BIOMD0000001091,train,unconstrained,True,3-4,kegg_compound,unconstrained_candidate_set,0
BIOMD0000001091,R_ARO9_2,CLU_BIOMD0000001091,train,retrievable_top1_success,True,3-4,kegg_compound,ok,1
BIOMD0000001091,R_ASN2,CLU_BIOMD0000001091,train,unconstrained,True,7+,kegg_compound,unconstrained_candidate_set,0
BIOMD0000001091,R_ASP1,CLU_BIOMD0000001091,train,unconstrained,True,3-4,kegg_compound,unconstrained_candidate_set,0
BIOMD0000001091,R_ASPCTn,CLU_BIOMD0000001091,train,unconstrained,True,5-6,kegg_compound,unconstrained_candidate_set,0
BIOMD0000001091,R_ASPKi,CLU_BIOMD0000001091,train,retrievable_top1_success,True,3-4,kegg_compound,ok,1
BIOMD0000001091,R_ASPO6,CLU_BIOMD0000001091,train,unconstrained,True,5-6,kegg_compound,unconstrained_candidate_set,0
BIOMD0000001091,R_ASPO7,CLU_BIOMD0000001091,train,unconstrained,True,5-6,kegg_compound,unconstrained_candidate_set,0
BIOMD0000001091,R_ASPTAm,CLU_BIOMD0000001091,train,retrievable_top1_success,True,3-4,kegg_compound,ok,1
BIOMD0000001091,R_ATPM,CLU_BIOMD0000001091,train,unconstrained,True,5-6,kegg_compound,unconstrained_candidate_set,0
BIOMD0000001091,R_BAT1_2,CLU_BIOMD0000001091,train,retrievable_top1_success,True,3-4,kegg_compound,ok,1
BIOMD0000001091,R_BAT2_2,CLU_BIOMD0000001091,train,retrievable_top1_success,True,3-4,kegg_compound,ok,1
BIOMD0000001091,R_BENZ,CLU_BIOMD0000001091,train,unconstrained,True,3-4,kegg_compound,unconstrained_candidate_set,0
BIOMD0000001091,R_BETALDHx,CLU_BIOMD0000001091,train,unconstrained,True,5-6,kegg_compound,unconstrained_candidate_set,0
BIOMD0000001091,R_BETALDHy,CLU_BIOMD0000001091,train,unconstrained,True,5-6,kegg_compound,unconstrained_candidate_set,0
BIOMD0000001091,R_BG_CELLB,CLU_BIOMD0000001091,train,unconstrained,True,3-4,kegg_compound,unconstrained_candidate_set,0
BIOMD0000001091,R_BIO3,CLU_BIOMD0000001091,train,retrievable_top1_success,True,3-4,kegg_compound,ok,1
BIOMD0000001091,R_BLACT,CLU_BIOMD0000001091,train,unconstrained,True,3-4,kegg_compound,unconstrained_candidate_set,0
BIOMD0000001091,R_BTMAT1,CLU_BIOMD0000001091,train,retrievable_top1_success,True,5-6,kegg_compound,ok,1
BIOMD0000001091,R_BTNC,CLU_BIOMD0000001091,train,unconstrained,True,7+,kegg_compound,unconstrained_candidate_set,0
BIOMD0000001091,R_BTNL1,CLU_BIOMD0000001091,train,retrievable_top1_success,True,3-4,kegg_compound,ok,1
BIOMD0000001091,R_BUTKr,CLU_BIOMD0000001091,train,retrievable_top1_success,True,3-4,kegg_compound,ok,1
BIOMD0000001091,R_CBIA,CLU_BIOMD0000001091,train,unconstrained,True,7+,kegg_compound,unconstrained_candidate_set,0
BIOMD0000001091,R_CBIAT,CLU_BIOMD0000001091,train,unconstrained,True,5-6,kegg_compound,unconstrained_candidate_set,0
BIOMD0000001091,R_CBPS,CLU_BIOMD0000001091,train,unconstrained,True,7+,kegg_compound,unconstrained_candidate_set,0
BIOMD0000001091,R_CDC21,CLU_BIOMD0000001091,train,retrievable_top1_success,True,3-4,kegg_compound,ok,1
BIOMD0000001091,R_CDD1_1,CLU_BIOMD0000001091,train,unconstrained,True,5-6,kegg_compound,unconstrained_candidate_set,0
BIOMD0000001091,R_CDD1_2,CLU_BIOMD0000001091,train,unconstrained,True,5-6,kegg_compound,unconstrained_candidate_set,0
BIOMD0000001091,R_CDPDDGR,CLU_BIOMD0000001091,train,unconstrained,True,5-6,kegg_compound,unconstrained_candidate_set,0
BIOMD0000001091,R_CDPGHL,CLU_BIOMD0000001091,train,unconstrained,True,3-4,kegg_compound,unconstrained_candidate_set,0
BIOMD0000001091,R_CDPGS,CLU_BIOMD0000001091,train,unconstrained,True,5-6,kegg_compound,unconstrained_candidate_set,0
BIOMD0000001091,R_CDPMEK,CLU_BIOMD0000001091,train,unconstrained,True,5-6,kegg_compound,unconstrained_candidate_set,0
BIOMD0000001091,R_CEM1_6,CLU_BIOMD0000001091,train,retrievable_top1_success,True,5-6,kegg_compound,ok,1
BIOMD0000001091,R_CHA1_1,CLU_BIOMD0000001091,train,retrievable_top1_success,True,3-4,kegg_compound,ok,3
BIOMD0000001091,R_CHOLD,CLU_BIOMD0000001091,train,retrievable_top1_success,True,5-6,kegg_compound,ok,1
BIOMD0000001091,R_CHORS,CLU_BIOMD0000001091,train,retrievable_top1_success,True,3-4,kegg_compound,ok,1
BIOMD0000001091,R_CH_or_M,CLU_BIOMD0000001091,train,retrievable_top1_success,True,1-2,kegg_compound,ok,1
BIOMD0000001091,R_CMCMSAD,CLU_BIOMD0000001091,train,unconstrained,True,5-6,kegg_compound,unconstrained_candidate_set,0
BIOMD0000001091,R_COALDDH,CLU_BIOMD0000001091,train,unconstrained,True,5-6,kegg_compound,unconstrained_candidate_set,0
BIOMD0000001091,R_COBB,CLU_BIOMD0000001091,train,unconstrained,True,7+,kegg_compound,unconstrained_candidate_set,0
BIOMD0000001091,R_COPREC5AHy,CLU_BIOMD0000001091,train,unconstrained,True,3-4,kegg_compound,unconstrained_candidate_set,0
BIOMD0000001091,R_CPC3MT,CLU_BIOMD0000001091,train,retrievable_top1_success,True,3-4,kegg_compound,ok,1
BIOMD0000001091,R_CPC4MT,CLU_BIOMD0000001091,train,unconstrained,True,5-6,kegg_compound,unconstrained_candidate_set,0
BIOMD0000001091,R_CPC8MM,CLU_BIOMD0000001091,train,unconstrained,True,3-4,kegg_compound,unconstrained_candidate_set,0
BIOMD0000001091,R_CPPPGO,CLU_BIOMD0000001091,train,unconstrained,True,5-6,kegg_compound,unconstrained_candidate_set,0
BIOMD0000001091,R_CPPPGO2,CLU_BIOMD0000001091,train,retrievable_top1_success,True,5-6,kegg_compound,ok,1
BIOMD0000001091,R_CS,CLU_BIOMD0000001091,train,unconstrained,True,5-6,kegg_compound,unconstrained_candidate_set,0
BIOMD0000001091,R_CTA1,CLU_BIOMD0000001091,train,unconstrained,True,3-4,kegg_compound,unconstrained_candidate_set,0
BIOMD0000001091,R_CYB2,CLU_BIOMD0000001091,train,retrievable_top1_success,True,5-6,kegg_compound,ok,1
BIOMD0000001091,R_CYR1,CLU_BIOMD0000001091,train,unconstrained,True,3-4,kegg_compound,unconstrained_candidate_set,0
BIOMD0000001091,R_CYRDAAT,CLU_BIOMD0000001091,train,unconstrained,True,5-6,kegg_compound,unconstrained_candidate_set,0
BIOMD0000001091,R_CYSS,CLU_BIOMD0000001091,train,retrievable_top1_success,True,3-4,kegg_compound,ok,1
BIOMD0000001091,R_CYSTGLr,CLU_BIOMD0000001091,train,unconstrained,True,5-6,kegg_compound,unconstrained_candidate_set,0
BIOMD0000001091,R_CYSTLr,CLU_BIOMD0000001091,train,unconstrained,True,5-6,kegg_compound,unconstrained_candidate_set,0
BIOMD0000001091,R_CYSTS,CLU_BIOMD0000001091,train,unconstrained,True,3-4,kegg_compound,unconstrained_candidate_set,0
BIOMD0000001091,R_CYTDK1,CLU_BIOMD0000001091,train,unconstrained,True,5-6,kegg_compound,unconstrained_candidate_set,0
BIOMD0000001091,R_CYTDK3,CLU_BIOMD0000001091,train,unconstrained,True,5-6,kegg_compound,unconstrained_candidate_set,0
BIOMD0000001091,R_DAPDC,CLU_BIOMD0000001091,train,unconstrained,True,3-4,kegg_compound,unconstrained_candidate_set,0
BIOMD0000001091,R_DAPE,CLU_BIOMD0000001091,train,retrievable_top1_success,True,1-2,kegg_compound,ok,1
BIOMD0000001091,R_DBTS,CLU_BIOMD0000001091,train,unconstrained,True,7+,kegg_compound,unconstrained_candidate_set,0
BIOMD0000001091,R_DCMPDA2ir,CLU_BIOMD0000001091,train,unconstrained,True,5-6,kegg_compound,unconstrained_candidate_set,0
BIOMD0000001091,R_DDGLK,CLU_BIOMD0000001091,train,unconstrained,True,5-6,kegg_compound,unconstrained_candidate_set,0
BIOMD0000001091,R_DDPA,CLU_BIOMD0000001091,train,unconstrained,True,5-6,kegg_compound,unconstrained_candidate_set,0
BIOMD0000001091,R_DDPGALA,CLU_BIOMD0000001091,train,retrievable_top1_success,True,3-4,kegg_compound,ok,1
BIOMD0000001091,R_DEMAT4,CLU_BIOMD0000001091,train,retrievable_top1_success,True,5-6,kegg_compound,ok,1
BIOMD0000001091,R_DFR1_1,CLU_BIOMD0000001091,train,retrievable_top1_success,True,5-6,kegg_compound,ok,1
BIOMD0000001091,R_DGK1,CLU_BIOMD0000001091,train,unconstrained,True,5-6,kegg_compound,unconstrained_candidate_set,0
BIOMD0000001091,R_DHAD2,CLU_BIOMD0000001091,train,unconstrained,True,3-4,kegg_compound,unconstrained_candidate_set,0
BIOMD0000001091,R_DHAPT,CLU_BIOMD0000001091,train,retrievable_top1_success,True,3-4,kegg_compound,ok,1
BIOMD0000001091,R_DHDPRy,CLU_BIOMD0000001091,train,unconstrained,True,5-6,kegg_compound,unconstrained_candidate_set,0
BIOMD0000001091,R_DHDPS,CLU_BIOMD0000001091,train,unconstrained,True,5-6,kegg_compound,unconstrained_candidate_set,0
BIOMD0000001091,R_DHFOR2,CLU_BIOMD0000001091,train,retrievable_top1_success,True,5-6,kegg_compound,ok,1
BIOMD0000001091,R_DHNPA,CLU_BIOMD0000001091,train,retrievable_top1_success,True,3-4,kegg_compound,ok,1
BIOMD0000001091,R_DHPM2,CLU_BIOMD0000001091,train,unconstrained,True,3-4,kegg_compound,unconstrained_candidate_set,0
BIOMD0000001091,R_DHPRx,CLU_BIOMD0000001091,train,retrievable_top1_success,True,5-6,kegg_compound,ok,1
BIOMD0000001091,R_DHPSm,CLU_BIOMD0000001091,train,unconstrained,True,3-4,kegg_compound,unconstrained_candidate_set,0
BIOMD0000001091,R_DIHYP,CLU_BIOMD0000001091,train,unconstrained,True,3-4,kegg_compound,unconstrained_candidate_set,0
BIOMD0000001091,R_DKMD2K,CLU_BIOMD0000001091,train,unconstrained,True,5-6,kegg_compound,unconstrained_candidate_set,0
BIOMD0000001091,R_DM1PE,CLU_BIOMD0000001091,train,retrievable_top1_success,True,1-2,kegg_compound,ok,1
BIOMD0000001091,R_DMATT,CLU_BIOMD0000001091,train,unconstrained,True,5-6,kegg_compound,unconstrained_candidate_set,0
BIOMD0000001091,R_DMPPS,CLU_BIOMD0000001091,train,unconstrained,True,5-6,kegg_compound,unconstrained_candidate_set,0
BIOMD0000001091,R_DPCOAKm,CLU_BIOMD0000001091,train,unconstrained,True,5-6,kegg_compound,unconstrained_candidate_set,0
BIOMD0000001091,R_DPGM,CLU_BIOMD0000001091,train,unconstrained,True,3-4,kegg_compound,unconstrained_candidate_set,0
BIOMD0000001091,R_DPMVD,CLU_BIOMD0000001091,train,retrievable_top1_success,True,5-6,kegg_compound,ok,1
BIOMD0000001091,R_DRBKr,CLU_BIOMD0000001091,train,unconstrained,True,5-6,kegg_compound,unconstrained_candidate_set,0
BIOMD0000001091,R_DRPA,CLU_BIOMD0000001091,train,retrievable_top1_success,True,3-4,kegg_compound,ok,1
BIOMD0000001091,R_DTMPK,CLU_BIOMD0000001091,train,unconstrained,True,5-6,kegg_compound,unconstrained_candidate_set,0
BIOMD0000001091,R_DUR1_2,CLU_BIOMD0000001091,train,unconstrained,True,5-6,kegg_compound,unconstrained_candidate_set,0
BIOMD0000001091,R_DURIPP,CLU_BIOMD0000001091,train,retrievable_top1_success,True,3-4,kegg_compound,ok,1
BIOMD0000001091,R_DUT1,CLU_BIOMD0000001091,train,unconstrained,True,5-6,kegg_compound,unconstrained_candidate_set,0
BIOMD0000001091,R_DXPRIi,CLU_BIOMD0000001091,train,retrievable_top1_success,True,5-6,kegg_compound,ok,1
BIOMD0000001091,R_DXPS,CLU_BIOMD0000001091,train,unconstrained,True,5-6,kegg_compound,unconstrained_candidate_set,0
BIOMD0000001091,R_E4PD,CLU_BIOMD0000001091,train,unconstrained,True,5-6,kegg_compound,unconstrained_candidate_set,0
BIOMD0000001091,R_EAR120x,CLU_BIOMD0000001091,train,retrievable_top1_success,True,5-6,kegg_compound,ok,1
BIOMD0000001091,R_EAR40y,CLU_BIOMD0000001091,train,retrievable_top1_success,True,5-6,kegg_compound,ok,1
BIOMD0000001091,R_EAR60x,CLU_BIOMD0000001091,train,retrievable_top1_success,True,5-6,kegg_compound,ok,1
BIOMD0000001091,R_EAR80y,CLU_BIOMD0000001091,train,retrievable_top1_success,True,5-6,kegg_compound,ok,1
BIOMD0000001091,R_ECOAH1,CLU_BIOMD0000001091,train,unconstrained,True,3-4,kegg_compound,unconstrained_candidate_set,0
BIOMD0000001091,R_ECOAH12,CLU_BIOMD0000001091,train,unconstrained,True,3-4,kegg_compound,unconstrained_candidate_set,0
BIOMD0000001091,R_ECOAH3,CLU_BIOMD0000001091,train,unconstrained,True,3-4,kegg_compound,unconstrained_candidate_set,0
BIOMD0000001091,R_ECOAH4,CLU_BIOMD0000001091,train,unconstrained,True,3-4,kegg_compound,unconstrained_candidate_set,0
BIOMD0000001091,R_ECOAH5,CLU_BIOMD0000001091,train,unconstrained,True,3-4,kegg_compound,unconstrained_candidate_set,0
BIOMD0000001091,R_ECOAH6p,CLU_BIOMD0000001091,train,unconstrained,True,3-4,kegg_compound,unconstrained_candidate_set,0
BIOMD0000001091,R_ECOAH7,CLU_BIOMD0000001091,train,unconstrained,True,3-4,kegg_compound,unconstrained_candidate_set,0
BIOMD0000001091,R_ECOAH9ir,CLU_BIOMD0000001091,train,unconstrained,True,3-4,kegg_compound,unconstrained_candidate_set,0
BIOMD0000001091,R_ENO,CLU_BIOMD0000001091,train,unconstrained,True,3-4,kegg_compound,unconstrained_candidate_set,0
BIOMD0000001091,R_ERG12_1,CLU_BIOMD0000001091,train,unconstrained,True,5-6,kegg_compound,unconstrained_candidate_set,0
BIOMD0000001091,R_ETR1_2,CLU_BIOMD0000001091,train,retrievable_top1_success,True,5-6,kegg_compound,ok,1
BIOMD0000001091,R_ETR1_5,CLU_BIOMD0000001091,train,retrievable_top1_success,True,5-6,kegg_compound,ok,1
BIOMD0000001091,R_FAD1,CLU_BIOMD0000001091,train,retrievable_top1_success,True,3-4,kegg_compound,ok,1
BIOMD0000001091,R_FAS1_4_2,CLU_BIOMD0000001091,train,retrievable_top1_success,True,5-6,kegg_compound,ok,1
BIOMD0000001091,R_FAS1_6_2,CLU_BIOMD0000001091,train,retrievable_top1_success,True,5-6,kegg_compound,ok,1
BIOMD0000001091,R_FAS1_7_2,CLU_BIOMD0000001091,train,retrievable_top1_success,True,5-6,kegg_compound,ok,1
BIOMD0000001091,R_FAS1_7_c,CLU_BIOMD0000001091,train,unconstrained,True,5-6,kegg_compound,unconstrained_candidate_set,0
BIOMD0000001091,R_FAS1_s,CLU_BIOMD0000001091,train,retrievable_top1_success,True,3-4,kegg_compound,ok,1
BIOMD0000001091,R_FAS2_1_1,CLU_BIOMD0000001091,train,retrievable_top1_success,True,5-6,kegg_compound,ok,1
BIOMD0000001091,R_FAS2_3_1,CLU_BIOMD0000001091,train,unconstrained,True,5-6,kegg_compound,unconstrained_candidate_set,0
BIOMD0000001091,R_FAS2_5_1,CLU_BIOMD0000001091,train,retrievable_top1_success,True,5-6,kegg_compound,ok,1
BIOMD0000001091,R_FAS2_7_1,CLU_BIOMD0000001091,train,retrievable_top1_success,True,5-6,kegg_compound,ok,1
BIOMD0000001091,R_FAT1_1,CLU_BIOMD0000001091,train,unconstrained,True,7+,kegg_compound,unconstrained_candidate_set,0
BIOMD0000001091,R_FBA,CLU_BIOMD0000001091,train,retrievable_top1_success,True,3-4,kegg_compound,ok,2
BIOMD0000001091,R_FBA2,CLU_BIOMD0000001091,train,unconstrained,True,3-4,kegg_compound,unconstrained_candidate_set,0
BIOMD0000001091,R_FBA3,CLU_BIOMD0000001091,train,retrievable_top1_success,True,3-4,kegg_compound,ok,1
BIOMD0000001091,R_FBP,CLU_BIOMD0000001091,train,unconstrained,True,3-4,kegg_compound,unconstrained_candidate_set,0
BIOMD0000001091,R_FBP26,CLU_BIOMD0000001091,train,unconstrained,True,5-6,kegg_compound,unconstrained_candidate_set,0
BIOMD0000001091,R_FCLTm,CLU_BIOMD0000001091,train,retrievable_top1_success,True,3-4,kegg_compound,ok,1
BIOMD0000001091,R_FDMO2,CLU_BIOMD0000001091,train,unconstrained,True,7+,kegg_compound,unconstrained_candidate_set,0
BIOMD0000001091,R_FEROpp,CLU_BIOMD0000001091,train,unconstrained,True,5-6,kegg_compound,unconstrained_candidate_set,0
BIOMD0000001091,R_FGLU,CLU_BIOMD0000001091,train,unconstrained,True,3-4,kegg_compound,unconstrained_candidate_set,0
BIOMD0000001091,R_FLVR_NAD,CLU_BIOMD0000001091,train,unconstrained,True,5-6,kegg_compound,unconstrained_candidate_set,0
BIOMD0000001091,R_FMNRx,CLU_BIOMD0000001091,train,retrievable_top1_success,True,5-6,kegg_compound,ok,1
BIOMD0000001091,R_FOL2,CLU_BIOMD0000001091,train,unconstrained,True,5-6,kegg_compound,unconstrained_candidate_set,0
BIOMD0000001091,R_FOLDm,CLU_BIOMD0000001091,train,unconstrained,True,5-6,kegg_compound,unconstrained_candidate_set,0
BIOMD0000001091,R_FRTT,CLU_BIOMD0000001091,train,unconstrained,True,5-6,kegg_compound,unconstrained_candidate_set,0
BIOMD0000001091,R_FRUK,CLU_BIOMD0000001091,train,unconstrained,True,5-6,kegg_compound,unconstrained_candidate_set,0
BIOMD0000001091,R_FTHFCLm,CLU_BIOMD0000001091,train,retrievable_top1_success,True,5-6,kegg_compound,ok,1
BIOMD0000001091,R_FTHFD,CLU_BIOMD0000001091,train,unconstrained,True,5-6,kegg_compound,unconstrained_candidate_set,0
BIOMD0000001091,R_FUM,CLU_BIOMD0000001091,train,unconstrained,True,3-4,kegg_compound,unconstrained_candidate_set,0
BIOMD0000001091,R_FUN63,CLU_BIOMD0000001091,train,unconstrained,True,5-6,kegg_compound,unconstrained_candidate_set,0
BIOMD0000001091,R_FUR1,CLU_BIOMD0000001091,train,unconstrained,True,5-6,kegg_compound,unconstrained_candidate_set,0
BIOMD0000001091,R_G1PACTr,CLU_BIOMD0000001091,train,unconstrained,True,5-6,kegg_compound,unconstrained_candidate_set,0
BIOMD0000001091,R_G1SATi,CLU_BIOMD0000001091,train,retrievable_top1_success,True,1-2,kegg_compound,ok,1
BIOMD0000001091,R_G3PCT,CLU_BIOMD0000001091,train,retrievable_top1_success,True,3-4,kegg_compound,ok,1
BIOMD0000001091,R_G3PD1ir,CLU_BIOMD0000001091,train,retrievable_top1_success,True,5-6,kegg_compound,ok,1
BIOMD0000001091,R_G3PD2,CLU_BIOMD0000001091,train,retrievable_top1_success,True,5-6,kegg_compound,ok,1
BIOMD0000001091,R_G3PDm,CLU_BIOMD0000001091,train,unconstrained,True,5-6,kegg_compound,unconstrained_candidate_set,0
BIOMD0000001091,R_G5SADr,CLU_BIOMD0000001091,train,unconstrained,True,3-4,kegg_compound,unconstrained_candidate_set,0
BIOMD0000001091,R_G5SD,CLU_BIOMD0000001091,train,retrievable_top1_success,True,5-6,kegg_compound,ok,1
BIOMD0000001091,R_G6PBDH,CLU_BIOMD0000001091,train,retrievable_top1_success,True,5-6,kegg_compound,ok,2
BIOMD0000001091,R_G6PDH2r,CLU_BIOMD0000001091,train,retrievable_top1_success,True,5-6,kegg_compound,ok,2
BIOMD0000001091,R_G6PI3,CLU_BIOMD0000001091,train,retrievable_rerank_failure,True,1-2,kegg_compound,ok,2
BIOMD0000001091,R_GAL1,CLU_BIOMD0000001091,train,unconstrained,True,5-6,kegg_compound,unconstrained_candidate_set,0
BIOMD0000001091,R_GAL10,CLU_BIOMD0000001091,train,retrievable_top1_success,True,1-2,kegg_compound,ok,2
BIOMD0000001091,R_GALS4,CLU_BIOMD0000001091,train,unconstrained,True,3-4,kegg_compound,unconstrained_candidate_set,0
BIOMD0000001091,R_GALTi,CLU_BIOMD0000001091,train,retrievable_top1_success,True,3-4,kegg_compound,ok,1
BIOMD0000001091,R_GAPD,CLU_BIOMD0000001091,train,retrievable_top1_success,True,5-6,kegg_compound,ok,1
BIOMD0000001091,R_GAPD_NADP,CLU_BIOMD0000001091,train,retrievable_top1_success,True,5-6,kegg_compound,ok,1
BIOMD0000001091,R_GARFT,CLU_BIOMD0000001091,train,unconstrained,True,5-6,kegg_compound,unconstrained_candidate_set,0
BIOMD0000001091,R_GCALDD,CLU_BIOMD0000001091,train,unconstrained,True,5-6,kegg_compound,unconstrained_candidate_set,0
BIOMD0000001091,R_GCCa,CLU_BIOMD0000001091,train,unconstrained,True,5-6,kegg_compound,unconstrained_candidate_set,0
BIOMD0000001091,R_GCCcm,CLU_BIOMD0000001091,train,retrievable_top1_success,True,5-6,kegg_compound,ok,1
BIOMD0000001091,R_GCV1_2,CLU_BIOMD0000001091,train,retrievable_top1_success,True,7+,kegg_compound,ok,1
BIOMD0000001091,R_GDH2,CLU_BIOMD0000001091,train,unconstrained,True,7+,kegg_compound,unconstrained_candidate_set,0
BIOMD0000001091,R_GF6PTA,CLU_BIOMD0000001091,train,retrievable_top1_success,True,3-4,kegg_compound,ok,1
BIOMD0000001091,R_GGLUGABDH,CLU_BIOMD0000001091,train,unconstrained,True,5-6,kegg_compound,unconstrained_candidate_set,0
BIOMD0000001091,R_GGLUGABH,CLU_BIOMD0000001091,train,unconstrained,True,3-4,kegg_compound,unconstrained_candidate_set,0
BIOMD0000001091,R_GGTAe2,CLU_BIOMD0000001091,train,unconstrained,True,3-4,kegg_compound,unconstrained_candidate_set,0
BIOMD0000001091,R_GGTT,CLU_BIOMD0000001091,train,unconstrained,True,5-6,kegg_compound,unconstrained_candidate_set,0
BIOMD0000001091,R_GLCURE,CLU_BIOMD0000001091,train,retrievable_top1_success,True,1-2,kegg_compound,ok,1
BIOMD0000001091,R_GLK1_1,CLU_BIOMD0000001091,train,unconstrained,True,5-6,kegg_compound,unconstrained_candidate_set,0
BIOMD0000001091,R_GLK1_3,CLU_BIOMD0000001091,train,unconstrained,True,5-6,kegg_compound,unconstrained_candidate_set,0
BIOMD0000001091,R_GLNS,CLU_BIOMD0000001091,train,unconstrained,True,7+,kegg_compound,unconstrained_candidate_set,0
BIOMD0000001091,R_GLO1,CLU_BIOMD0000001091,train,retrievable_top1_success,True,3-4,kegg_compound,ok,1
BIOMD0000001091,R_GLU5K,CLU_BIOMD0000001091,train,retrievable_top1_success,True,3-4,kegg_compound,ok,1
BIOMD0000001091,R_GLUDC,CLU_BIOMD0000001091,train,unconstrained,True,3-4,kegg_compound,unconstrained_candidate_set,0
BIOMD0000001091,R_GLUDy,CLU_BIOMD0000001091,train,unconstrained,True,7+,kegg_compound,unconstrained_candidate_set,0
BIOMD0000001091,R_GLUPRT,CLU_BIOMD0000001091,train,unconstrained,True,7+,kegg_compound,unconstrained_candidate_set,0
BIOMD0000001091,R_GLUR,CLU_BIOMD0000001091,train,retrievable_top1_success,True,1-2,kegg_compound,ok,2
BIOMD0000001091,R_GLUSy,CLU_BIOMD0000001091,train,retrievable_top1_success,True,5-6,kegg_compound,ok,1
BIOMD0000001091,R_GLUTRR,CLU_BIOMD0000001091,train,retrievable_top1_success,True,5-6,kegg_compound,ok,1
BIOMD0000001091,R_GLUTRSm,CLU_BIOMD0000001091,train,unconstrained,True,7+,kegg_compound,unconstrained_candidate_set,0
BIOMD0000001091,R_GLYCK,CLU_BIOMD0000001091,train,unconstrained,True,5-6,kegg_compound,unconstrained_candidate_set,0
BIOMD0000001091,R_GLYCK2,CLU_BIOMD0000001091,train,unconstrained,True,5-6,kegg_compound,unconstrained_candidate_set,0
BIOMD0000001091,R_GLYCLTDx,CLU_BIOMD0000001091,train,retrievable_top1_success,True,5-6,kegg_compound,ok,1
BIOMD0000001091,R_GLYCLTDyr,CLU_BIOMD0000001091,train,retrievable_top1_success,True,5-6,kegg_compound,ok,1
BIOMD0000001091,R_GLYCTO1,CLU_BIOMD0000001091,train,retrievable_top1_success,True,3-4,kegg_compound,ok,1
BIOMD0000001091,R_GLYK,CLU_BIOMD0000001091,train,unconstrained,True,5-6,kegg_compound,unconstrained_candidate_set,0
BIOMD0000001091,R_GLYO1,CLU_BIOMD0000001091,train,unconstrained,True,5-6,kegg_compound,unconstrained_candidate_set,0
BIOMD0000001091,R_GND,CLU_BIOMD0000001091,train,retrievable_top1_success,True,5-6,kegg_compound,ok,1
BIOMD0000001091,R_GNKr,CLU_BIOMD0000001091,train,unconstrained,True,5-6,kegg_compound,unconstrained_candidate_set,0
BIOMD0000001091,R_GPDDA1,CLU_BIOMD0000001091,train,unconstrained,True,5-6,kegg_compound,unconstrained_candidate_set,0
BIOMD0000001091,R_GPDDA2pp,CLU_BIOMD0000001091,train,unconstrained,True,5-6,kegg_compound,unconstrained_candidate_set,0
BIOMD0000001091,R_GRTT,CLU_BIOMD0000001091,train,unconstrained,True,5-6,kegg_compound,unconstrained_candidate_set,0
BIOMD0000001091,R_GSH2,CLU_BIOMD0000001091,train,unconstrained,True,7+,kegg_compound,unconstrained_candidate_set,0
BIOMD0000001091,R_GSHPO,CLU_BIOMD0000001091,train,unconstrained,True,3-4,kegg_compound,unconstrained_candidate_set,0
BIOMD0000001091,R_GTPDPK,CLU_BIOMD0000001091,train,unconstrained,True,5-6,kegg_compound,unconstrained_candidate_set,0
BIOMD0000001091,R_GUADr,CLU_BIOMD0000001091,train,unconstrained,True,5-6,kegg_compound,unconstrained_candidate_set,0
BIOMD0000001091,R_GUAPRT,CLU_BIOMD0000001091,train,unconstrained,True,5-6,kegg_compound,unconstrained_candidate_set,0
BIOMD0000001091,R_GUI1,CLU_BIOMD0000001091,train,retrievable_top1_success,True,1-2,kegg_compound,ok,1
BIOMD0000001091,R_GUI2,CLU_BIOMD0000001091,train,retrievable_top1_success,True,1-2,kegg_compound,ok,1
BIOMD0000001091,R_GUK1_1,CLU_BIOMD0000001091,train,unconstrained,True,5-6,kegg_compound,unconstrained_candidate_set,0
BIOMD0000001091,R_HACD1,CLU_BIOMD0000001091,train,retrievable_top1_success,True,5-6,kegg_compound,ok,1
BIOMD0000001091,R_HACD2i,CLU_BIOMD0000001091,train,retrievable_top1_success,True,5-6,kegg_compound,ok,1
BIOMD0000001091,R_HACD3,CLU_BIOMD0000001091,train,retrievable_top1_success,True,5-6,kegg_compound,ok,2
BIOMD0000001091,R_HACD4,CLU_BIOMD0000001091,train,retrievable_top1_success,True,5-6,kegg_compound,ok,1
BIOMD0000001091,R_HACD5,CLU_BIOMD0000001091,train,retrievable_top1_success,True,5-6,kegg_compound,ok,2
BIOMD0000001091,R_HACD6p,CLU_BIOMD0000001091,train,unconstrained,True,5-6,kegg_compound,unconstrained_candidate_set,0
BIOMD0000001091,R_HACD7p,CLU_BIOMD0000001091,train,retrievable_top1_success,True,5-6,kegg_compound,ok,1
BIOMD0000001091,R_HACD8,CLU_BIOMD0000001091,train,retrievable_top1_success,True,5-6,kegg_compound,ok,2
BIOMD0000001091,R_HACDp,CLU_BIOMD0000001091,train,retrievable_top1_success,True,5-6,kegg_compound,ok,5
BIOMD0000001091,R_HBUR1,CLU_BIOMD0000001091,train,retrievable_top1_success,True,3-4,kegg_compound,ok,1
BIOMD0000001091,R_HBZOPT,CLU_BIOMD0000001091,train,unconstrained,True,5-6,kegg_compound,unconstrained_candidate_set,0
BIOMD0000001091,R_HEM2,CLU_BIOMD0000001091,train,unconstrained,True,3-4,kegg_compound,unconstrained_candidate_set,0
BIOMD0000001091,R_HEM3,CLU_BIOMD0000001091,train,unconstrained,True,3-4,kegg_compound,unconstrained_candidate_set,0
BIOMD0000001091,R_HEMEOS,CLU_BIOMD0000001091,train,unconstrained,True,5-6,kegg_compound,unconstrained_candidate_set,0
BIOMD0000001091,R_HEPTT,CLU_BIOMD0000001091,train,unconstrained,True,5-6,kegg_compound,unconstrained_candidate_set,0
BIOMD0000001091,R_HETZK,CLU_BIOMD0000001091,train,unconstrained,True,5-6,kegg_compound,unconstrained_candidate_set,0
BIOMD0000001091,R_HEXTT,CLU_BIOMD0000001091,train,unconstrained,True,5-6,kegg_compound,unconstrained_candidate_set,0
BIOMD0000001091,R_HHDDI,CLU_BIOMD0000001091,train,retrievable_top1_success,True,1-2,kegg_compound,ok,1
BIOMD0000001091,R_HHDR7,CLU_BIOMD0000001091,train,retrievable_top1_success,True,3-4,kegg_compound,ok,1
BIOMD0000001091,R_HHYR2,CLU_BIOMD0000001091,train,retrievable_top1_success,True,3-4,kegg_compound,ok,1
BIOMD0000001091,R_HIBDkt,CLU_BIOMD0000001091,train,retrievable_top1_success,True,5-6,kegg_compound,ok,2
BIOMD0000001091,R_HIS1,CLU_BIOMD0000001091,train,unconstrained,True,5-6,kegg_compound,unconstrained_candidate_set,0
BIOMD0000001091,R_HIS2,CLU_BIOMD0000001091,train,unconstrained,True,3-4,kegg_compound,unconstrained_candidate_set,0
BIOMD0000001091,R_HISD1r,CLU_BIOMD0000001091,train,retrievable_top1_success,True,3-4,kegg_compound,ok,1
BIOMD0000001091,R_HISTD,CLU_BIOMD0000001091,train,unconstrained,True,5-6,kegg_compound,unconstrained_candidate_set,0
BIOMD0000001091,R_HKM1PP,CLU_BIOMD0000001091,train,unconstrained,True,3-4,kegg_compound,unconstrained_candidate_set,0
BIOMD0000001091,R_HKNDDH,CLU_BIOMD0000001091,train,unconstrained,True,5-6,kegg_compound,unconstrained_candidate_set,0
BIOMD0000001091,R_HKNTDH,CLU_BIOMD0000001091,train,unconstrained,True,5-6,kegg_compound,unconstrained_candidate_set,0
BIOMD0000001091,R_HKYNH,CLU_BIOMD0000001091,train,unconstrained,True,5-6,kegg_compound,unconstrained_candidate_set,0
BIOMD0000001091,R_HMGL,CLU_BIOMD0000001091,train,retrievable_top1_success,True,3-4,kegg_compound,ok,1
BIOMD0000001091,R_HMPCCDO,CLU_BIOMD0000001091,train,unconstrained,True,3-4,kegg_compound,unconstrained_candidate_set,0
BIOMD0000001091,R_HMSH3,CLU_BIOMD0000001091,train,unconstrained,True,5-6,kegg_compound,unconstrained_candidate_set,0
BIOMD0000001091,R_HOM2,CLU_BIOMD0000001091,train,retrievable_top1_success,True,5-6,kegg_compound,ok,1
BIOMD0000001091,R_HOXPRx,CLU_BIOMD0000001091,train,retrievable_top1_success,True,5-6,kegg_compound,ok,1
BIOMD0000001091,R_HPDOAi,CLU_BIOMD0000001091,train,retrievable_top1_success,True,5-6,kegg_compound,ok,1
BIOMD0000001091,R_HPPKm,CLU_BIOMD0000001091,train,unconstrained,True,5-6,kegg_compound,unconstrained_candidate_set,0
BIOMD0000001091,R_HPT1_1,CLU_BIOMD0000001091,train,unconstrained,True,5-6,kegg_compound,unconstrained_candidate_set,0
BIOMD0000001091,R_HPYRI,CLU_BIOMD0000001091,train,retrievable_top1_success,True,1-2,kegg_compound,ok,2
BIOMD0000001091,R_HPYRRx,CLU_BIOMD0000001091,train,retrievable_top1_success,True,5-6,kegg_compound,ok,1
BIOMD0000001091,R_HPYRRy,CLU_BIOMD0000001091,train,retrievable_top1_success,True,5-6,kegg_compound,ok,1
BIOMD0000001091,R_HSDx,CLU_BIOMD0000001091,train,retrievable_top1_success,True,5-6,kegg_compound,ok,1
BIOMD0000001091,R_HSDy,CLU_BIOMD0000001091,train,retrievable_top1_success,True,5-6,kegg_compound,ok,1
BIOMD0000001091,R_HSST,CLU_BIOMD0000001091,train,unconstrained,True,3-4,kegg_compound,unconstrained_candidate_set,0
BIOMD0000001091,R_HSTPTr,CLU_BIOMD0000001091,train,retrievable_top1_success,True,3-4,kegg_compound,ok,1
BIOMD0000001091,R_HTDR6,CLU_BIOMD0000001091,train,retrievable_top1_success,True,3-4,kegg_compound,ok,1
BIOMD0000001091,R_HXK1_4,CLU_BIOMD0000001091,train,unconstrained,True,5-6,kegg_compound,unconstrained_candidate_set,0
BIOMD0000001091,R_ICHORSi,CLU_BIOMD0000001091,train,retrievable_top1_success,True,1-2,kegg_compound,ok,1
BIOMD0000001091,R_ICL,CLU_BIOMD0000001091,train,retrievable_top1_success,True,3-4,kegg_compound,ok,1
BIOMD0000001091,R_IDP2_2,CLU_BIOMD0000001091,train,unconstrained,True,3-4,kegg_compound,unconstrained_candidate_set,0
BIOMD0000001091,R_IDP3_1,CLU_BIOMD0000001091,train,retrievable_top1_success,True,5-6,kegg_compound,ok,1
BIOMD0000001091,R_IG3PS,CLU_BIOMD0000001091,train,unconstrained,True,5-6,kegg_compound,unconstrained_candidate_set,0
BIOMD0000001091,R_IGPDH,CLU_BIOMD0000001091,train,unconstrained,True,3-4,kegg_compound,unconstrained_candidate_set,0
BIOMD0000001091,R_ILV5_3,CLU_BIOMD0000001091,train,retrievable_top1_success,True,5-6,kegg_compound,ok,1
BIOMD0000001091,R_IMPC,CLU_BIOMD0000001091,train,unconstrained,True,3-4,kegg_compound,unconstrained_candidate_set,0
BIOMD0000001091,R_INM1,CLU_BIOMD0000001091,train,unconstrained,True,3-4,kegg_compound,unconstrained_candidate_set,0
BIOMD0000001091,R_INS2D,CLU_BIOMD0000001091,train,retrievable_top1_success,True,5-6,kegg_compound,ok,1
BIOMD0000001091,R_IPDDIi,CLU_BIOMD0000001091,train,retrievable_top1_success,True,1-2,kegg_compound,ok,1
BIOMD0000001091,R_IPDPS,CLU_BIOMD0000001091,train,unconstrained,True,5-6,kegg_compound,unconstrained_candidate_set,0
BIOMD0000001091,R_IPMD,CLU_BIOMD0000001091,train,retrievable_top1_success,True,5-6,kegg_compound,ok,1
BIOMD0000001091,R_IPPMIa,CLU_BIOMD0000001091,train,unconstrained,True,3-4,kegg_compound,unconstrained_candidate_set,0
BIOMD0000001091,R_IPPMIb,CLU_BIOMD0000001091,train,unconstrained,True,3-4,kegg_compound,unconstrained_candidate_set,0
BIOMD0000001091,R_IZPN,CLU_BIOMD0000001091,train,unconstrained,True,3-4,kegg_compound,unconstrained_candidate_set,0
BIOMD0000001091,R_KAT1,CLU_BIOMD0000001091,train,retrievable_top1_success,True,3-4,kegg_compound,ok,4
BIOMD0000001091,R_KAT2,CLU_BIOMD0000001091,train,retrievable_top1_success,True,3-4,kegg_compound,ok,1
BIOMD0000001091,R_KAT3,CLU_BIOMD0000001091,train,retrievable_top1_success,True,3-4,kegg_compound,ok,1
BIOMD0000001091,R_KAT4,CLU_BIOMD0000001091,train,retrievable_top1_success,True,3-4,kegg_compound,ok,1
BIOMD0000001091,R_KAT5,CLU_BIOMD0000001091,train,retrievable_top1_success,True,3-4,kegg_compound,ok,1
BIOMD0000001091,R_KAT7,CLU_BIOMD0000001091,train,retrievable_top1_success,True,3-4,kegg_compound,ok,1
BIOMD0000001091,R_KDOCT,CLU_BIOMD0000001091,train,unconstrained,True,5-6,kegg_compound,unconstrained_candidate_set,0
BIOMD0000001091,R_LDH_L,CLU_BIOMD0000001091,train,retrievable_top1_success,True,5-6,kegg_compound,ok,1
BIOMD0000001091,R_LEU4,CLU_BIOMD0000001091,train,unconstrained,True,5-6,kegg_compound,unconstrained_candidate_set,0
BIOMD0000001091,R_LEUTAi,CLU_BIOMD0000001091,train,retrievable_top1_success,True,3-4,kegg_compound,ok,1
BIOMD0000001091,R_LLEUD,CLU_BIOMD0000001091,train,unconstrained,True,7+,kegg_compound,unconstrained_candidate_set,0
BIOMD0000001091,R_LPD1,CLU_BIOMD0000001091,train,retrievable_top1_success,True,5-6,kegg_compound,ok,1
BIOMD0000001091,R_LYSDC,CLU_BIOMD0000001091,train,unconstrained,True,3-4,kegg_compound,unconstrained_candidate_set,0
BIOMD0000001091,R_M1PD,CLU_BIOMD0000001091,train,retrievable_top1_success,True,5-6,kegg_compound,ok,2
BIOMD0000001091,R_MALS,CLU_BIOMD0000001091,train,unconstrained,True,5-6,kegg_compound,unconstrained_candidate_set,0
BIOMD0000001091,R_MAN1PT2_r,CLU_BIOMD0000001091,train,retrievable_top1_success,True,3-4,kegg_compound,ok,1
BIOMD0000001091,R_MBCOAi,CLU_BIOMD0000001091,train,unconstrained,True,5-6,kegg_compound,unconstrained_candidate_set,0
BIOMD0000001091,R_MCCC,CLU_BIOMD0000001091,train,unconstrained,True,7+,kegg_compound,unconstrained_candidate_set,0
BIOMD0000001091,R_MCITS,CLU_BIOMD0000001091,train,unconstrained,True,5-6,kegg_compound,unconstrained_candidate_set,0
BIOMD0000001091,R_MCMAT2,CLU_BIOMD0000001091,train,retrievable_top1_success,True,5-6,kegg_compound,ok,1
BIOMD0000001091,R_MCMAT4,CLU_BIOMD0000001091,train,retrievable_top1_success,True,5-6,kegg_compound,ok,1
BIOMD0000001091,R_MCPSTr,CLU_BIOMD0000001091,train,unconstrained,True,5-6,kegg_compound,unconstrained_candidate_set,0
BIOMD0000001091,R_MCT1,CLU_BIOMD0000001091,train,unconstrained,True,5-6,kegg_compound,unconstrained_candidate_set,0
BIOMD0000001091,R_MDH,CLU_BIOMD0000001091,train,retrievable_top1_success,True,5-6,kegg_compound,ok,1
BIOMD0000001091,R_MDRPDr,CLU_BIOMD0000001091,train,unconstrained,True,3-4,kegg_compound,unconstrained_candidate_set,0
BIOMD0000001091,R_ME1x_D,CLU_BIOMD0000001091,train,retrievable_top1_success,True,5-6,kegg_compound,ok,1
BIOMD0000001091,R_ME2,CLU_BIOMD0000001091,train,retrievable_top1_success,True,5-6,kegg_compound,ok,1
BIOMD0000001091,R_MECDPS,CLU_BIOMD0000001091,train,retrievable_top1_success,True,3-4,kegg_compound,ok,1
BIOMD0000001091,R_MEPCT,CLU_BIOMD0000001091,train,retrievable_top1_success,True,3-4,kegg_compound,ok,1
BIOMD0000001091,R_MET12,CLU_BIOMD0000001091,train,retrievable_top1_success,True,5-6,kegg_compound,ok,1
BIOMD0000001091,R_MET14,CLU_BIOMD0000001091,train,unconstrained,True,5-6,kegg_compound,unconstrained_candidate_set,0
BIOMD0000001091,R_MET17_3,CLU_BIOMD0000001091,train,unconstrained,True,3-4,kegg_compound,unconstrained_candidate_set,0
BIOMD0000001091,R_MET2,CLU_BIOMD0000001091,train,unconstrained,True,3-4,kegg_compound,unconstrained_candidate_set,0
BIOMD0000001091,R_MET22,CLU_BIOMD0000001091,train,unconstrained,True,3-4,kegg_compound,unconstrained_candidate_set,0
BIOMD0000001091,R_MET3,CLU_BIOMD0000001091,train,retrievable_top1_success,True,3-4,kegg_compound,ok,1
BIOMD0000001091,R_METAT,CLU_BIOMD0000001091,train,unconstrained,True,7+,kegg_compound,unconstrained_candidate_set,0
BIOMD0000001091,R_METB1,CLU_BIOMD0000001091,train,unconstrained,True,5-6,kegg_compound,unconstrained_candidate_set,0
BIOMD0000001091,R_METSMHPGLUT_b,CLU_BIOMD0000001091,train,retrievable_top1_success,True,3-4,kegg_compound,ok,1
BIOMD0000001091,R_METSR_S1,CLU_BIOMD0000001091,train,unconstrained,True,5-6,kegg_compound,unconstrained_candidate_set,0
BIOMD0000001091,R_MGCOAH,CLU_BIOMD0000001091,train,unconstrained,True,3-4,kegg_compound,unconstrained_candidate_set,0
BIOMD0000001091,R_MGSA,CLU_BIOMD0000001091,train,retrievable_top1_success,True,3-4,kegg_compound,ok,1
BIOMD0000001091,R_MHPGLUT,CLU_BIOMD0000001091,train,retrievable_top1_success,True,3-4,kegg_compound,ok,1
BIOMD0000001091,R_MI1PP,CLU_BIOMD0000001091,train,unconstrained,True,3-4,kegg_compound,unconstrained_candidate_set,0
BIOMD0000001091,R_MI4PP,CLU_BIOMD0000001091,train,unconstrained,True,3-4,kegg_compound,unconstrained_candidate_set,0
BIOMD0000001091,R_MME,CLU_BIOMD0000001091,train,retrievable_top1_success,True,1-2,kegg_compound,ok,1
BIOMD0000001091,R_MMM2,CLU_BIOMD0000001091,train,retrievable_top1_success,True,1-2,kegg_compound,ok,1
BIOMD0000001091,R_MMSAD1,CLU_BIOMD0000001091,train,retrievable_top1_success,True,5-6,kegg_compound,ok,2
BIOMD0000001091,R_MMSAD3,CLU_BIOMD0000001091,train,retrievable_top1_success,True,5-6,kegg_compound,ok,1
BIOMD0000001091,R_MOHMT,CLU_BIOMD0000001091,train,unconstrained,True,5-6,kegg_compound,unconstrained_candidate_set,0
BIOMD0000001091,R_MSS4,CLU_BIOMD0000001091,train,retrievable_top1_success,True,3-4,kegg_compound,ok,1
BIOMD0000001091,R_MTAN,CLU_BIOMD0000001091,train,unconstrained,True,3-4,kegg_compound,unconstrained_candidate_set,0
BIOMD0000001091,R_MTHFR2,CLU_BIOMD0000001091,train,retrievable_top1_success,True,5-6,kegg_compound,ok,1
BIOMD0000001091,R_MTI,CLU_BIOMD0000001091,train,nonempty_answer_absent,True,1-2,kegg_compound,ok,1
BIOMD0000001091,R_MUQ1,CLU_BIOMD0000001091,train,retrievable_top1_success,True,3-4,kegg_compound,ok,1
BIOMD0000001091,R_NADS2,CLU_BIOMD0000001091,train,unconstrained,True,7+,kegg_compound,unconstrained_candidate_set,0
BIOMD0000001091,R_NAPRTr,CLU_BIOMD0000001091,train,retrievable_top1_success,True,3-4,kegg_compound,ok,1
BIOMD0000001091,R_NDPK1,CLU_BIOMD0000001091,train,retrievable_top1_success,True,3-4,kegg_compound,ok,1
BIOMD0000001091,R_NDPK5,CLU_BIOMD0000001091,train,retrievable_top1_success,True,3-4,kegg_compound,ok,1
BIOMD0000001091,R_NDPK6,CLU_BIOMD0000001091,train,retrievable_top1_success,True,3-4,kegg_compound,ok,1
BIOMD0000001091,R_NDPK7,CLU_BIOMD0000001091,train,retrievable_top1_success,True,3-4,kegg_compound,ok,1
BIOMD0000001091,R_NDPK9,CLU_BIOMD0000001091,train,retrievable_top1_success,True,3-4,kegg_compound,ok,1
BIOMD0000001091,R_NMNR,CLU_BIOMD0000001091,train,unconstrained,True,3-4,kegg_compound,unconstrained_candidate_set,0
BIOMD0000001091,R_NNATm,CLU_BIOMD0000001091,train,retrievable_top1_success,True,3-4,kegg_compound,ok,1
BIOMD0000001091,R_NNDMBRT,CLU_BIOMD0000001091,train,retrievable_top1_success,True,5-6,kegg_compound,ok,1
BIOMD0000001091,R_NODOx,CLU_BIOMD0000001091,train,unconstrained,True,5-6,kegg_compound,unconstrained_candidate_set,0
BIOMD0000001091,R_NODOy,CLU_BIOMD0000001091,train,unconstrained,True,5-6,kegg_compound,unconstrained_candidate_set,0
BIOMD0000001091,R_NPHSr,CLU_BIOMD0000001091,train,retrievable_top1_success,True,3-4,kegg_compound,ok,1
BIOMD0000001091,R_NTD1,CLU_BIOMD0000001091,train,unconstrained,True,3-4,kegg_compound,unconstrained_candidate_set,0
BIOMD0000001091,R_NTD2,CLU_BIOMD0000001091,train,unconstrained,True,3-4,kegg_compound,unconstrained_candidate_set,0
BIOMD0000001091,R_NTD3,CLU_BIOMD0000001091,train,unconstrained,True,3-4,kegg_compound,unconstrained_candidate_set,0
BIOMD0000001091,R_NTD4,CLU_BIOMD0000001091,train,unconstrained,True,3-4,kegg_compound,unconstrained_candidate_set,0
BIOMD0000001091,R_NTD5pp,CLU_BIOMD0000001091,train,unconstrained,True,3-4,kegg_compound,unconstrained_candidate_set,0
BIOMD0000001091,R_NTD7pp,CLU_BIOMD0000001091,train,unconstrained,True,3-4,kegg_compound,unconstrained_candidate_set,0
BIOMD0000001091,R_NTD8pp,CLU_BIOMD0000001091,train,unconstrained,True,3-4,kegg_compound,unconstrained_candidate_set,0
BIOMD0000001091,R_OCMAT3,CLU_BIOMD0000001091,train,retrievable_top1_success,True,5-6,kegg_compound,ok,1
BIOMD0000001091,R_OHPHM,CLU_BIOMD0000001091,train,unconstrained,True,5-6,kegg_compound,unconstrained_candidate_set,0
BIOMD0000001091,R_OMCDCm,CLU_BIOMD0000001091,train,unconstrained,True,3-4,kegg_compound,unconstrained_candidate_set,0
BIOMD0000001091,R_OPAH,CLU_BIOMD0000001091,train,unconstrained,True,7+,kegg_compound,unconstrained_candidate_set,0
BIOMD0000001091,R_OPHBDC,CLU_BIOMD0000001091,train,unconstrained,True,3-4,kegg_compound,unconstrained_candidate_set,0
BIOMD0000001091,R_OPTCCL,CLU_BIOMD0000001091,train,unconstrained,True,3-4,kegg_compound,unconstrained_candidate_set,0
BIOMD0000001091,R_OXACOAL,CLU_BIOMD0000001091,train,retrievable_top1_success,True,5-6,kegg_compound,ok,2
BIOMD0000001091,R_P5CD,CLU_BIOMD0000001091,train,unconstrained,True,5-6,kegg_compound,unconstrained_candidate_set,0
BIOMD0000001091,R_PAPPT2,CLU_BIOMD0000001091,train,unconstrained,True,3-4,kegg_compound,unconstrained_candidate_set,0
BIOMD0000001091,R_PAPPT3,CLU_BIOMD0000001091,train,unconstrained,True,3-4,kegg_compound,unconstrained_candidate_set,0
BIOMD0000001091,R_PASR,CLU_BIOMD0000001091,train,unconstrained,True,5-6,kegg_compound,unconstrained_candidate_set,0
BIOMD0000001091,R_PC11M,CLU_BIOMD0000001091,train,unconstrained,True,5-6,kegg_compound,unconstrained_candidate_set,0
BIOMD0000001091,R_PC17M,CLU_BIOMD0000001091,train,unconstrained,True,5-6,kegg_compound,unconstrained_candidate_set,0
BIOMD0000001091,R_PC20M,CLU_BIOMD0000001091,train,retrievable_top1_success,True,5-6,kegg_compound,ok,1
BIOMD0000001091,R_PC8XM,CLU_BIOMD0000001091,train,unconstrained,True,3-4,kegg_compound,unconstrained_candidate_set,0
BIOMD0000001091,R_PDHbr,CLU_BIOMD0000001091,train,unconstrained,True,3-4,kegg_compound,unconstrained_candidate_set,0
BIOMD0000001091,R_PDX3_1,CLU_BIOMD0000001091,train,unconstrained,True,5-6,kegg_compound,unconstrained_candidate_set,0
BIOMD0000001091,R_PDX3_2,CLU_BIOMD0000001091,train,retrievable_top1_success,True,3-4,kegg_compound,ok,1
BIOMD0000001091,R_PEPCK_re,CLU_BIOMD0000001091,train,retrievable_top1_success,True,5-6,kegg_compound,ok,1
BIOMD0000001091,R_PFK,CLU_BIOMD0000001091,train,unconstrained,True,5-6,kegg_compound,unconstrained_candidate_set,0
BIOMD0000001091,R_PFK_3,CLU_BIOMD0000001091,train,unconstrained,True,5-6,kegg_compound,unconstrained_candidate_set,0
BIOMD0000001091,R_PFK_adp,CLU_BIOMD0000001091,train,unconstrained,True,5-6,kegg_compound,unconstrained_candidate_set,0
BIOMD0000001091,R_PGAMT,CLU_BIOMD0000001091,train,retrievable_top1_success,True,1-2,kegg_compound,ok,1
BIOMD0000001091,R_PGGH,CLU_BIOMD0000001091,train,unconstrained,True,3-4,kegg_compound,unconstrained_candidate_set,0
BIOMD0000001091,R_PGI,CLU_BIOMD0000001091,train,retrievable_top1_success,True,1-2,kegg_compound,ok,4
BIOMD0000001091,R_PGI1_2,CLU_BIOMD0000001091,train,retrievable_top1_success,True,1-2,kegg_compound,ok,1
BIOMD0000001091,R_PGK,CLU_BIOMD0000001091,train,retrievable_top1_success,True,3-4,kegg_compound,ok,1
BIOMD0000001091,R_PGM,CLU_BIOMD0000001091,train,retrievable_top1_success,True,1-2,kegg_compound,ok,1
BIOMD0000001091,R_PGM1_2,CLU_BIOMD0000001091,train,nonempty_answer_absent,True,1-2,kegg_compound,ok,2
BIOMD0000001091,R_PHETA1,CLU_BIOMD0000001091,train,retrievable_top1_success,True,3-4,kegg_compound,ok,1
BIOMD0000001091,R_PHO8,CLU_BIOMD0000001091,train,unconstrained,True,5-6,kegg_compound,unconstrained_candidate_set,0
BIOMD0000001091,R_PMI40,CLU_BIOMD0000001091,train,retrievable_top1_success,True,1-2,kegg_compound,ok,2
BIOMD0000001091,R_PNC1_2,CLU_BIOMD0000001091,train,unconstrained,True,3-4,kegg_compound,unconstrained_candidate_set,0
BIOMD0000001091,R_PNP1_10,CLU_BIOMD0000001091,train,retrievable_top1_success,True,3-4,kegg_compound,ok,1
BIOMD0000001091,R_PNP1_11,CLU_BIOMD0000001091,train,retrievable_top1_success,True,3-4,kegg_compound,ok,1
BIOMD0000001091,R_PNP1_6,CLU_BIOMD0000001091,train,retrievable_top1_success,True,3-4,kegg_compound,ok,1
BIOMD0000001091,R_PNP1_9,CLU_BIOMD0000001091,train,retrievable_top1_success,True,3-4,kegg_compound,ok,1
BIOMD0000001091,R_PPA_1,CLU_BIOMD0000001091,train,unconstrained,True,3-4,kegg_compound,unconstrained_candidate_set,0
BIOMD0000001091,R_PPCDC,CLU_BIOMD0000001091,train,unconstrained,True,3-4,kegg_compound,unconstrained_candidate_set,0
BIOMD0000001091,R_PPCK,CLU_BIOMD0000001091,train,retrievable_top1_success,True,5-6,kegg_compound,ok,1
BIOMD0000001091,R_PPM2,CLU_BIOMD0000001091,train,retrievable_top1_success,True,1-2,kegg_compound,ok,1
BIOMD0000001091,R_PPNCL3,CLU_BIOMD0000001091,train,unconstrained,True,7+,kegg_compound,unconstrained_candidate_set,0
BIOMD0000001091,R_PPNDH,CLU_BIOMD0000001091,train,unconstrained,True,5-6,kegg_compound,unconstrained_candidate_set,0
BIOMD0000001091,R_PPPGOm,CLU_BIOMD0000001091,train,unconstrained,True,3-4,kegg_compound,unconstrained_candidate_set,0
BIOMD0000001091,R_PPTT,CLU_BIOMD0000001091,train,unconstrained,True,5-6,kegg_compound,unconstrained_candidate_set,0
BIOMD0000001091,R_PRAI,CLU_BIOMD0000001091,train,retrievable_top1_success,True,1-2,kegg_compound,ok,1
BIOMD0000001091,R_PRAIS,CLU_BIOMD0000001091,train,unconstrained,True,5-6,kegg_compound,unconstrained_candidate_set,0
BIOMD0000001091,R_PRAMPC,CLU_BIOMD0000001091,train,unconstrained,True,3-4,kegg_compound,unconstrained_candidate_set,0
BIOMD0000001091,R_PRASCS,CLU_BIOMD0000001091,train,unconstrained,True,7+,kegg_compound,unconstrained_candidate_set,0
BIOMD0000001091,R_PRATPP,CLU_BIOMD0000001091,train,unconstrained,True,5-6,kegg_compound,unconstrained_candidate_set,0
BIOMD0000001091,R_PRDX,CLU_BIOMD0000001091,train,unconstrained,True,3-4,kegg_compound,unconstrained_candidate_set,0
BIOMD0000001091,R_PRFGS,CLU_BIOMD0000001091,train,unconstrained,True,7+,kegg_compound,unconstrained_candidate_set,0
BIOMD0000001091,R_PRMICI,CLU_BIOMD0000001091,train,unconstrained,True,3-4,kegg_compound,unconstrained_candidate_set,0
BIOMD0000001091,R_PRO1x,CLU_BIOMD0000001091,train,retrievable_top1_success,True,5-6,kegg_compound,ok,1
BIOMD0000001091,R_PRO1z,CLU_BIOMD0000001091,train,retrievable_top1_success,True,3-4,kegg_compound,ok,1
BIOMD0000001091,R_PRO3_1,CLU_BIOMD0000001091,train,retrievable_top1_success,True,5-6,kegg_compound,ok,1
BIOMD0000001091,R_PROPP,CLU_BIOMD0000001091,train,retrievable_top1_success,True,3-4,kegg_compound,ok,1
BIOMD0000001091,R_PSA1,CLU_BIOMD0000001091,train,retrievable_top1_success,True,3-4,kegg_compound,ok,1
BIOMD0000001091,R_PSCVTi,CLU_BIOMD0000001091,train,retrievable_top1_success,True,3-4,kegg_compound,ok,1
BIOMD0000001091,R_PSERT,CLU_BIOMD0000001091,train,retrievable_top1_success,True,3-4,kegg_compound,ok,1
BIOMD0000001091,R_PTA2r,CLU_BIOMD0000001091,train,retrievable_top1_success,True,3-4,kegg_compound,ok,1
BIOMD0000001091,R_PTAr,CLU_BIOMD0000001091,train,retrievable_top1_success,True,3-4,kegg_compound,ok,1
BIOMD0000001091,R_PTHKr,CLU_BIOMD0000001091,train,unconstrained,True,5-6,kegg_compound,unconstrained_candidate_set,0
BIOMD0000001091,R_PTPATim,CLU_BIOMD0000001091,train,retrievable_top1_success,True,3-4,kegg_compound,ok,1
BIOMD0000001091,R_PUNP2,CLU_BIOMD0000001091,train,retrievable_top1_success,True,3-4,kegg_compound,ok,1
BIOMD0000001091,R_PUNP4,CLU_BIOMD0000001091,train,retrievable_top1_success,True,3-4,kegg_compound,ok,1
BIOMD0000001091,R_PUNP6,CLU_BIOMD0000001091,train,retrievable_top1_success,True,3-4,kegg_compound,ok,1
BIOMD0000001091,R_PUTA3,CLU_BIOMD0000001091,train,unconstrained,True,5-6,kegg_compound,unconstrained_candidate_set,0
BIOMD0000001091,R_PYDXNK,CLU_BIOMD0000001091,train,unconstrained,True,5-6,kegg_compound,unconstrained_candidate_set,0
BIOMD0000001091,R_PYK,CLU_BIOMD0000001091,train,unconstrained,True,5-6,kegg_compound,unconstrained_candidate_set,0
BIOMD0000001091,R_PYNP1r,CLU_BIOMD0000001091,train,retrievable_top1_success,True,3-4,kegg_compound,ok,1
BIOMD0000001091,R_PYNP2,CLU_BIOMD0000001091,train,retrievable_top1_success,True,3-4,kegg_compound,ok,1
BIOMD0000001091,R_QNS1_2,CLU_BIOMD0000001091,train,unconstrained,True,7+,kegg_compound,unconstrained_candidate_set,0
BIOMD0000001091,R_QPT1_1,CLU_BIOMD0000001091,train,unconstrained,True,5-6,kegg_compound,unconstrained_candidate_set,0
BIOMD0000001091,R_QULNS,CLU_BIOMD0000001091,train,unconstrained,True,5-6,kegg_compound,unconstrained_candidate_set,0
BIOMD0000001091,R_R00014,CLU_BIOMD0000001091,train,unconstrained,True,5-6,kegg_compound,unconstrained_candidate_set,0
BIOMD0000001091,R_R00015,CLU_BIOMD0000001091,train,retrievable_top1_success,True,3-4,kegg_compound,ok,1
BIOMD0000001091,R_R00018,CLU_BIOMD0000001091,train,retrievable_top1_success,True,3-4,kegg_compound,ok,1
BIOMD0000001091,R_R00066,CLU_BIOMD0000001091,train,unconstrained,True,3-4,kegg_compound,unconstrained_candidate_set,0
BIOMD0000001091,R_R00075,CLU_BIOMD0000001091,train,unconstrained,True,3-4,kegg_compound,unconstrained_candidate_set,0
BIOMD0000001091,R_R00081,CLU_BIOMD0000001091,train,unconstrained,True,5-6,kegg_compound,unconstrained_candidate_set,0
BIOMD0000001091,R_R00092,CLU_BIOMD0000001091,train,unconstrained,True,5-6,kegg_compound,unconstrained_candidate_set,0
BIOMD0000001091,R_R00145,CLU_BIOMD0000001091,train,unconstrained,True,5-6,kegg_compound,unconstrained_candidate_set,0
BIOMD0000001091,R_R00146,CLU_BIOMD0000001091,train,unconstrained,True,5-6,kegg_compound,unconstrained_candidate_set,0
BIOMD0000001091,R_R00149,CLU_BIOMD0000001091,train,unconstrained,True,7+,kegg_compound,unconstrained_candidate_set,0
BIOMD0000001091,R_R00218,CLU_BIOMD0000001091,train,unconstrained,True,5-6,kegg_compound,unconstrained_candidate_set,0
BIOMD0000001091,R_R00221,CLU_BIOMD0000001091,train,retrievable_top1_success,True,3-4,kegg_compound,ok,5
BIOMD0000001091,R_R00241,CLU_BIOMD0000001091,train,unconstrained,True,5-6,kegg_compound,unconstrained_candidate_set,0
BIOMD0000001091,R_R00264,CLU_BIOMD0000001091,train,unconstrained,True,5-6,kegg_compound,unconstrained_candidate_set,0
BIOMD0000001091,R_R00279,CLU_BIOMD0000001091,train,unconstrained,True,5-6,kegg_compound,unconstrained_candidate_set,0
BIOMD0000001091,R_R00321,CLU_BIOMD0000001091,train,unconstrained,True,3-4,kegg_compound,unconstrained_candidate_set,0
BIOMD0000001091,R_R00334,CLU_BIOMD0000001091,train,retrievable_top1_success,True,3-4,kegg_compound,ok,2
BIOMD0000001091,R_R00353,CLU_BIOMD0000001091,train,retrievable_top1_success,True,3-4,kegg_compound,ok,1
BIOMD0000001091,R_R00354,CLU_BIOMD0000001091,train,unconstrained,True,3-4,kegg_compound,unconstrained_candidate_set,0
BIOMD0000001091,R_R00359,CLU_BIOMD0000001091,train,unconstrained,True,5-6,kegg_compound,unconstrained_candidate_set,0
BIOMD0000001091,R_R00383,CLU_BIOMD0000001091,train,unconstrained,True,5-6,kegg_compound,unconstrained_candidate_set,0
BIOMD0000001091,R_R00396,CLU_BIOMD0000001091,train,unconstrained,True,7+,kegg_compound,unconstrained_candidate_set,0
BIOMD0000001091,R_R00428,CLU_BIOMD0000001091,train,unconstrained,True,3-4,kegg_compound,unconstrained_candidate_set,0
BIOMD0000001091,R_R00452,CLU_BIOMD0000001091,train,unconstrained,True,7+,kegg_compound,unconstrained_candidate_set,0
BIOMD0000001091,R_R00468,CLU_BIOMD0000001091,train,retrievable_top1_success,True,5-6,kegg_compound,ok,1
BIOMD0000001091,R_R00474,CLU_BIOMD0000001091,train,unconstrained,True,5-6,kegg_compound,unconstrained_candidate_set,0
BIOMD0000001091,R_R00488,CLU_BIOMD0000001091,train,unconstrained,True,3-4,kegg_compound,unconstrained_candidate_set,0
BIOMD0000001091,R_R00516,CLU_BIOMD0000001091,train,unconstrained,True,5-6,kegg_compound,unconstrained_candidate_set,0
BIOMD0000001091,R_R00526,CLU_BIOMD0000001091,train,unconstrained,True,3-4,kegg_compound,unconstrained_candidate_set,0
BIOMD0000001091,R_R00540,CLU_BIOMD0000001091,train,unconstrained,True,3-4,kegg_compound,unconstrained_candidate_set,0
BIOMD0000001091,R_R00546,CLU_BIOMD0000001091,train,unconstrained,True,3-4,kegg_compound,unconstrained_candidate_set,0
BIOMD0000001091,R_R00551,CLU_BIOMD0000001091,train,unconstrained,True,3-4,kegg_compound,unconstrained_candidate_set,0
BIOMD0000001091,R_R00558,CLU_BIOMD0000001091,train,unconstrained,True,7+,kegg_compound,unconstrained_candidate_set,0
BIOMD0000001091,R_R00565,CLU_BIOMD0000001091,train,retrievable_top1_success,True,3-4,kegg_compound,ok,1
BIOMD0000001091,R_R00603,CLU_BIOMD0000001091,train,unconstrained,True,5-6,kegg_compound,unconstrained_candidate_set,0
BIOMD0000001091,R_R00621,CLU_BIOMD0000001091,train,unconstrained,True,5-6,kegg_compound,unconstrained_candidate_set,0
BIOMD0000001091,R_R00623,CLU_BIOMD0000001091,train,retrievable_top1_success,True,5-6,kegg_compound,ok,9
BIOMD0000001091,R_R00624,CLU_BIOMD0000001091,train,retrievable_top1_success,True,5-6,kegg_compound,ok,8
BIOMD0000001091,R_R00635,CLU_BIOMD0000001091,train,unconstrained,True,5-6,kegg_compound,unconstrained_candidate_set,0
BIOMD0000001091,R_R00643,CLU_BIOMD0000001091,train,unconstrained,True,5-6,kegg_compound,unconstrained_candidate_set,0
BIOMD0000001091,R_R00667,CLU_BIOMD0000001091,train,retrievable_top1_success,True,3-4,kegg_compound,ok,1
BIOMD0000001091,R_R00671,CLU_BIOMD0000001091,train,retrievable_top1_success,True,3-4,kegg_compound,ok,1
BIOMD0000001091,R_R00679,CLU_BIOMD0000001091,train,unconstrained,True,5-6,kegg_compound,unconstrained_candidate_set,0
BIOMD0000001091,R_R00697,CLU_BIOMD0000001091,train,retrievable_top1_success,True,3-4,kegg_compound,ok,1
BIOMD0000001091,R_R00726,CLU_BIOMD0000001091,train,retrievable_top1_success,True,5-6,kegg_compound,ok,1
BIOMD0000001091,R_R00740,CLU_BIOMD0000001091,train,retrievable_top1_success,True,5-6,kegg_compound,ok,1
BIOMD0000001091,R_R00749,CLU_BIOMD0000001091,train,retrievable_top1_success,True,3-4,kegg_compound,ok,3
BIOMD0000001091,R_R00753,CLU_BIOMD0000001091,train,retrievable_top1_success,True,3-4,kegg_compound,ok,1
BIOMD0000001091,R_R00765,CLU_BIOMD0000001091,train,unconstrained,True,3-4,kegg_compound,unconstrained_candidate_set,0
BIOMD0000001091,R_R00782,CLU_BIOMD0000001091,train,unconstrained,True,5-6,kegg_compound,unconstrained_candidate_set,0
BIOMD0000001091,R_R00849,CLU_BIOMD0000001091,train,retrievable_top1_success,True,3-4,kegg_compound,ok,1
BIOMD0000001091,R_R00866,CLU_BIOMD0000001091,train,unconstrained,True,5-6,kegg_compound,unconstrained_candidate_set,0
BIOMD0000001091,R_R00891,CLU_BIOMD0000001091,train,unconstrained,True,5-6,kegg_compound,unconstrained_candidate_set,0
BIOMD0000001091,R_R00906,CLU_BIOMD0000001091,train,unconstrained,True,7+,kegg_compound,unconstrained_candidate_set,0
BIOMD0000001091,R_R00909,CLU_BIOMD0000001091,train,unconstrained,True,3-4,kegg_compound,unconstrained_candidate_set,0
BIOMD0000001091,R_R00926,CLU_BIOMD0000001091,train,unconstrained,True,5-6,kegg_compound,unconstrained_candidate_set,0
BIOMD0000001091,R_R00930,CLU_BIOMD0000001091,train,retrievable_top1_success,True,3-4,kegg_compound,ok,1
BIOMD0000001091,R_R00967,CLU_BIOMD0000001091,train,unconstrained,True,5-6,kegg_compound,unconstrained_candidate_set,0
BIOMD0000001091,R_R00969,CLU_BIOMD0000001091,train,unconstrained,True,5-6,kegg_compound,unconstrained_candidate_set,0
BIOMD0000001091,R_R00977,CLU_BIOMD0000001091,train,retrievable_top1_success,True,5-6,kegg_compound,ok,1
BIOMD0000001091,R_R00994,CLU_BIOMD0000001091,train,retrievable_top1_success,True,5-6,kegg_compound,ok,1
BIOMD0000001091,R_R01049,CLU_BIOMD0000001091,train,unconstrained,True,5-6,kegg_compound,unconstrained_candidate_set,0
BIOMD0000001091,R_R01050,CLU_BIOMD0000001091,train,unconstrained,True,5-6,kegg_compound,unconstrained_candidate_set,0
BIOMD0000001091,R_R01055,CLU_BIOMD0000001091,train,unconstrained,True,3-4,kegg_compound,unconstrained_candidate_set,0
BIOMD0000001091,R_R01056,CLU_BIOMD0000001091,train,retrievable_top1_success,True,1-2,kegg_compound,ok,1
BIOMD0000001091,R_R01057,CLU_BIOMD0000001091,train,retrievable_top1_success,True,1-2,kegg_compound,ok,1
BIOMD0000001091,R_R01059,CLU_BIOMD0000001091,train,unconstrained,True,5-6,kegg_compound,unconstrained_candidate_set,0
BIOMD0000001091,R_R01081,CLU_BIOMD0000001091,train,retrievable_top1_success,True,1-2,kegg_compound,ok,1
BIOMD0000001091,R_R01086,CLU_BIOMD0000001091,train,retrievable_top1_success,True,3-4,kegg_compound,ok,1
BIOMD0000001091,R_R01091,CLU_BIOMD0000001091,train,retrievable_top1_success,True,1-2,kegg_compound,ok,1
BIOMD0000001091,R_R01117,CLU_BIOMD0000001091,train,unconstrained,True,5-6,kegg_compound,unconstrained_candidate_set,0
BIOMD0000001091,R_R01163,CLU_BIOMD0000001091,train,unconstrained,True,5-6,kegg_compound,unconstrained_candidate_set,0
BIOMD0000001091,R_R01209,CLU_BIOMD0000001091,train,unconstrained,True,3-4,kegg_compound,unconstrained_candidate_set,0
BIOMD0000001091,R_R01216,CLU_BIOMD0000001091,train,retrievable_top1_success,True,3-4,kegg_compound,ok,1
BIOMD0000001091,R_R01238,CLU_BIOMD0000001091,train,unconstrained,True,3-4,kegg_compound,unconstrained_candidate_set,0
BIOMD0000001091,R_R01257,CLU_BIOMD0000001091,train,unconstrained,True,5-6,kegg_compound,unconstrained_candidate_set,0
BIOMD0000001091,R_R01258,CLU_BIOMD0000001091,train,unconstrained,True,5-6,kegg_compound,unconstrained_candidate_set,0
BIOMD0000001091,R_R01354,CLU_BIOMD0000001091,train,retrievable_top1_success,True,3-4,kegg_compound,ok,1
BIOMD0000001091,R_R01398,CLU_BIOMD0000001091,train,unconstrained,True,5-6,kegg_compound,unconstrained_candidate_set,0
BIOMD0000001091,R_R01414,CLU_BIOMD0000001091,train,retrievable_top1_success,True,5-6,kegg_compound,ok,1
BIOMD0000001091,R_R01434,CLU_BIOMD0000001091,train,unconstrained,True,7+,kegg_compound,unconstrained_candidate_set,0
BIOMD0000001091,R_R01440,CLU_BIOMD0000001091,train,retrievable_top1_success,True,3-4,kegg_compound,ok,1
BIOMD0000001091,R_R01548,CLU_BIOMD0000001091,train,unconstrained,True,5-6,kegg_compound,unconstrained_candidate_set,0
BIOMD0000001091,R_R01549,CLU_BIOMD0000001091,train,unconstrained,True,5-6,kegg_compound,unconstrained_candidate_set,0
BIOMD0000001091,R_R01566,CLU_BIOMD0000001091,train,unconstrained,True,3-4,kegg_compound,unconstrained_candidate_set,0
BIOMD0000001091,R_R01583,CLU_BIOMD0000001091,train,unconstrained,True,3-4,kegg_compound,unconstrained_candidate_set,0
BIOMD0000001091,R_R01625,CLU_BIOMD0000001091,train,retrievable_top1_success,True,3-4,kegg_compound,ok,1
BIOMD0000001091,R_R01654,CLU_BIOMD0000001091,train,unconstrained,True,7+,kegg_compound,unconstrained_candidate_set,0
BIOMD0000001091,R_R01660,CLU_BIOMD0000001091,train,unconstrained,True,5-6,kegg_compound,unconstrained_candidate_set,0
BIOMD0000001091,R_R01686,CLU_BIOMD0000001091,train,retrievable_top1_success,True,3-4,kegg_compound,ok,1
BIOMD0000001091,R_R01709,CLU_BIOMD0000001091,train,unconstrained,True,5-6,kegg_compound,unconstrained_candidate_set,0
BIOMD0000001091,R_R01731,CLU_BIOMD0000001091,train,retrievable_top1_success,True,3-4,kegg_compound,ok,1
BIOMD0000001091,R_R01738,CLU_BIOMD0000001091,train,retrievable_top1_success,True,5-6,kegg_compound,ok,1
BIOMD0000001091,R_R01747,CLU_BIOMD0000001091,train,retrievable_top1_success,True,5-6,kegg_compound,ok,1
BIOMD0000001091,R_R01845,CLU_BIOMD0000001091,train,unconstrained,True,3-4,kegg_compound,unconstrained_candidate_set,0
BIOMD0000001091,R_R01875,CLU_BIOMD0000001091,train,unconstrained,True,5-6,kegg_compound,unconstrained_candidate_set,0
BIOMD0000001091,R_R01880,CLU_BIOMD0000001091,train,unconstrained,True,5-6,kegg_compound,unconstrained_candidate_set,0
BIOMD0000001091,R_R01919,CLU_BIOMD0000001091,train,retrievable_top1_success,True,3-4,kegg_compound,ok,1
BIOMD0000001091,R_R01937,CLU_BIOMD0000001091,train,unconstrained,True,7+,kegg_compound,unconstrained_candidate_set,0
BIOMD0000001091,R_R01954,CLU_BIOMD0000001091,train,unconstrained,True,7+,kegg_compound,unconstrained_candidate_set,0
BIOMD0000001091,R_R01976,CLU_BIOMD0000001091,train,retrievable_top1_success,True,5-6,kegg_compound,ok,2
BIOMD0000001091,R_R01980,CLU_BIOMD0000001091,train,unconstrained,True,5-6,kegg_compound,unconstrained_candidate_set,0
BIOMD0000001091,R_R01986,CLU_BIOMD0000001091,train,unconstrained,True,5-6,kegg_compound,unconstrained_candidate_set,0
BIOMD0000001091,R_R01989,CLU_BIOMD0000001091,train,retrievable_top1_success,True,3-4,kegg_compound,ok,1
BIOMD0000001091,R_R02026,CLU_BIOMD0000001091,train,unconstrained,True,7+,kegg_compound,unconstrained_candidate_set,0
BIOMD0000001091,R_R02091,CLU_BIOMD0000001091,train,unconstrained,True,5-6,kegg_compound,unconstrained_candidate_set,0
BIOMD0000001091,R_R02096,CLU_BIOMD0000001091,train,unconstrained,True,5-6,kegg_compound,unconstrained_candidate_set,0
BIOMD0000001091,R_R02097,CLU_BIOMD0000001091,train,unconstrained,True,5-6,kegg_compound,unconstrained_candidate_set,0
BIOMD0000001091,R_R02114,CLU_BIOMD0000001091,train,retrievable_top1_success,True,3-4,kegg_compound,ok,1
BIOMD0000001091,R_R02123,CLU_BIOMD0000001091,train,unconstrained,True,5-6,kegg_compound,unconstrained_candidate_set,0
BIOMD0000001091,R_R02124,CLU_BIOMD0000001091,train,retrievable_top1_success,True,5-6,kegg_compound,ok,1
BIOMD0000001091,R_R02145,CLU_BIOMD0000001091,train,unconstrained,True,5-6,kegg_compound,unconstrained_candidate_set,0
BIOMD0000001091,R_R02196,CLU_BIOMD0000001091,train,unconstrained,True,7+,kegg_compound,unconstrained_candidate_set,0
BIOMD0000001091,R_R02233,CLU_BIOMD0000001091,train,unconstrained,True,5-6,kegg_compound,unconstrained_candidate_set,0
BIOMD0000001091,R_R02238,CLU_BIOMD0000001091,train,retrievable_top1_success,True,5-6,kegg_compound,ok,1
BIOMD0000001091,R_R02280,CLU_BIOMD0000001091,train,unconstrained,True,5-6,kegg_compound,unconstrained_candidate_set,0
BIOMD0000001091,R_R02282,CLU_BIOMD0000001091,train,retrievable_top1_success,True,3-4,kegg_compound,ok,1
BIOMD0000001091,R_R02287,CLU_BIOMD0000001091,train,retrievable_top1_success,True,3-4,kegg_compound,ok,1
BIOMD0000001091,R_R02295,CLU_BIOMD0000001091,train,retrievable_top1_success,True,5-6,kegg_compound,ok,1
BIOMD0000001091,R_R02313,CLU_BIOMD0000001091,train,unconstrained,True,7+,kegg_compound,unconstrained_candidate_set,0
BIOMD0000001091,R_R02319,CLU_BIOMD0000001091,train,unconstrained,True,5-6,kegg_compound,unconstrained_candidate_set,0
BIOMD0000001091,R_R02327,CLU_BIOMD0000001091,train,unconstrained,True,5-6,kegg_compound,unconstrained_candidate_set,0
BIOMD0000001091,R_R02332,CLU_BIOMD0000001091,train,unconstrained,True,5-6,kegg_compound,unconstrained_candidate_set,0
BIOMD0000001091,R_R02366,CLU_BIOMD0000001091,train,unconstrained,True,5-6,kegg_compound,unconstrained_candidate_set,0
BIOMD0000001091,R_R02367,CLU_BIOMD0000001091,train,retrievable_top1_success,True,3-4,kegg_compound,ok,1
BIOMD0000001091,R_R02371,CLU_BIOMD0000001091,train,unconstrained,True,5-6,kegg_compound,unconstrained_candidate_set,0
BIOMD0000001091,R_R02372,CLU_BIOMD0000001091,train,unconstrained,True,5-6,kegg_compound,unconstrained_candidate_set,0
BIOMD0000001091,R_R02384,CLU_BIOMD0000001091,train,unconstrained,True,5-6,kegg_compound,unconstrained_candidate_set,0
BIOMD0000001091,R_R02423,CLU_BIOMD0000001091,train,unconstrained,True,5-6,kegg_compound,unconstrained_candidate_set,0
BIOMD0000001091,R_R02430,CLU_BIOMD0000001091,train,retrievable_top1_success,True,3-4,kegg_compound,ok,1
BIOMD0000001091,R_R02561,CLU_BIOMD0000001091,train,unconstrained,True,7+,kegg_compound,unconstrained_candidate_set,0
BIOMD0000001091,R_R02562,CLU_BIOMD0000001091,train,unconstrained,True,7+,kegg_compound,unconstrained_candidate_set,0
BIOMD0000001091,R_R02584,CLU_BIOMD0000001091,train,retrievable_top1_success,True,3-4,kegg_compound,ok,1
BIOMD0000001091,R_R02615,CLU_BIOMD0000001091,train,retrievable_top1_success,True,1-2,kegg_compound,ok,1
BIOMD0000001091,R_R02616,CLU_BIOMD0000001091,train,retrievable_top1_success,True,3-4,kegg_compound,ok,1
BIOMD0000001091,R_R02625,CLU_BIOMD0000001091,train,unconstrained,True,5-6,kegg_compound,unconstrained_candidate_set,0
BIOMD0000001091,R_R02646,CLU_BIOMD0000001091,train,retrievable_top1_success,True,3-4,kegg_compound,ok,1
BIOMD0000001091,R_R02657,CLU_BIOMD0000001091,train,unconstrained,True,5-6,kegg_compound,unconstrained_candidate_set,0
BIOMD0000001091,R_R02662,CLU_BIOMD0000001091,train,unconstrained,True,3-4,kegg_compound,unconstrained_candidate_set,0
BIOMD0000001091,R_R02670,CLU_BIOMD0000001091,train,retrievable_top1_success,True,5-6,kegg_compound,ok,1
BIOMD0000001091,R_R02672,CLU_BIOMD0000001091,train,unconstrained,True,3-4,kegg_compound,unconstrained_candidate_set,0
BIOMD0000001091,R_R02698,CLU_BIOMD0000001091,train,unconstrained,True,7+,kegg_compound,unconstrained_candidate_set,0
BIOMD0000001091,R_R02743,CLU_BIOMD0000001091,train,retrievable_top1_success,True,3-4,kegg_compound,ok,1
BIOMD0000001091,R_R02755,CLU_BIOMD0000001091,train,unconstrained,True,7+,kegg_compound,unconstrained_candidate_set,0
BIOMD0000001091,R_R02764,CLU_BIOMD0000001091,train,unconstrained,True,5-6,kegg_compound,unconstrained_candidate_set,0
BIOMD0000001091,R_R02770,CLU_BIOMD0000001091,train,retrievable_top1_success,True,1-2,kegg_compound,ok,1
BIOMD0000001091,R_R02773,CLU_BIOMD0000001091,train,retrievable_top1_success,True,3-4,kegg_compound,ok,1
BIOMD0000001091,R_R02797,CLU_BIOMD0000001091,train,unconstrained,True,3-4,kegg_compound,unconstrained_candidate_set,0
BIOMD0000001091,R_R02922,CLU_BIOMD0000001091,train,unconstrained,True,5-6,kegg_compound,unconstrained_candidate_set,0
BIOMD0000001091,R_R02941,CLU_BIOMD0000001091,train,unconstrained,True,5-6,kegg_compound,unconstrained_candidate_set,0
BIOMD0000001091,R_R02949,CLU_BIOMD0000001091,train,unconstrained,True,1-2,none,unconstrained_candidate_set,0
BIOMD0000001091,R_R03012,CLU_BIOMD0000001091,train,retrievable_top1_success,True,5-6,kegg_compound,ok,1
BIOMD0000001091,R_R03024,CLU_BIOMD0000001091,train,unconstrained,True,3-4,kegg_compound,unconstrained_candidate_set,0
BIOMD0000001091,R_R03037,CLU_BIOMD0000001091,train,unconstrained,True,3-4,kegg_compound,unconstrained_candidate_set,0
BIOMD0000001091,R_R03045,CLU_BIOMD0000001091,train,unconstrained,True,3-4,kegg_compound,unconstrained_candidate_set,0
BIOMD0000001091,R_R03046,CLU_BIOMD0000001091,train,retrievable_top1_success,True,3-4,kegg_compound,ok,1
BIOMD0000001091,R_R03050,CLU_BIOMD0000001091,train,retrievable_top1_success,True,3-4,kegg_compound,ok,2
BIOMD0000001091,R_R03051,CLU_BIOMD0000001091,train,retrievable_top1_success,True,5-6,kegg_compound,ok,1
BIOMD0000001091,R_R03052,CLU_BIOMD0000001091,train,retrievable_top1_success,True,1-2,kegg_compound,ok,2
BIOMD0000001091,R_R03104,CLU_BIOMD0000001091,train,retrievable_top1_success,True,5-6,kegg_compound,ok,2
BIOMD0000001091,R_R03105,CLU_BIOMD0000001091,train,unconstrained,True,3-4,kegg_compound,unconstrained_candidate_set,0
BIOMD0000001091,R_R03142,CLU_BIOMD0000001091,train,unconstrained,True,5-6,kegg_compound,unconstrained_candidate_set,0
BIOMD0000001091,R_R03161,CLU_BIOMD0000001091,train,unconstrained,True,5-6,kegg_compound,unconstrained_candidate_set,0
BIOMD0000001091,R_R03174,CLU_BIOMD0000001091,train,unconstrained,True,3-4,kegg_compound,unconstrained_candidate_set,0
BIOMD0000001091,R_R03189,CLU_BIOMD0000001091,train,unconstrained,True,5-6,kegg_compound,unconstrained_candidate_set,0
BIOMD0000001091,R_R03236,CLU_BIOMD0000001091,train,unconstrained,True,5-6,kegg_compound,unconstrained_candidate_set,0
BIOMD0000001091,R_R03266,CLU_BIOMD0000001091,train,retrievable_top1_success,True,3-4,kegg_compound,ok,2
BIOMD0000001091,R_R03270,CLU_BIOMD0000001091,train,unconstrained,True,3-4,kegg_compound,unconstrained_candidate_set,0
BIOMD0000001091,R_R03288,CLU_BIOMD0000001091,train,unconstrained,True,3-4,kegg_compound,unconstrained_candidate_set,0
BIOMD0000001091,R_R03295,CLU_BIOMD0000001091,train,unconstrained,True,3-4,kegg_compound,unconstrained_candidate_set,0
BIOMD0000001091,R_R03299,CLU_BIOMD0000001091,train,unconstrained,True,7+,kegg_compound,unconstrained_candidate_set,0
BIOMD0000001091,R_R03316,CLU_BIOMD0000001091,train,unconstrained,True,3-4,kegg_compound,unconstrained_candidate_set,0
BIOMD0000001091,R_R03334,CLU_BIOMD0000001091,train,retrievable_top1_success,True,1-2,kegg_compound,ok,1
BIOMD0000001091,R_R03346,CLU_BIOMD0000001091,train,unconstrained,True,3-4,kegg_compound,unconstrained_candidate_set,0
BIOMD0000001091,R_R03375,CLU_BIOMD0000001091,train,retrievable_top1_success,True,3-4,kegg_compound,ok,1
BIOMD0000001091,R_R03392,CLU_BIOMD0000001091,train,unconstrained,True,5-6,kegg_compound,unconstrained_candidate_set,0
BIOMD0000001091,R_R03410,CLU_BIOMD0000001091,train,unconstrained,True,5-6,kegg_compound,unconstrained_candidate_set,0
BIOMD0000001091,R_R03491,CLU_BIOMD0000001091,train,unconstrained,True,3-4,kegg_compound,unconstrained_candidate_set,0
BIOMD0000001091,R_R03508,CLU_BIOMD0000001091,train,unconstrained,True,5-6,kegg_compound,unconstrained_candidate_set,0
BIOMD0000001091,R_R03544,CLU_BIOMD0000001091,train,retrievable_top1_success,True,5-6,kegg_compound,ok,1
BIOMD0000001091,R_R03607,CLU_BIOMD0000001091,train,unconstrained,True,5-6,kegg_compound,unconstrained_candidate_set,0
BIOMD0000001091,R_R03790,CLU_BIOMD0000001091,train,retrievable_top1_success,True,5-6,kegg_compound,ok,1
BIOMD0000001091,R_R03819,CLU_BIOMD0000001091,train,retrievable_top1_success,True,3-4,kegg_compound,ok,1
BIOMD0000001091,R_R03868,CLU_BIOMD0000001091,train,retrievable_top1_success,True,1-2,kegg_compound,ok,1
BIOMD0000001091,R_R03871,CLU_BIOMD0000001091,train,unconstrained,True,5-6,kegg_compound,unconstrained_candidate_set,0
BIOMD0000001091,R_R03881,CLU_BIOMD0000001091,train,retrievable_top1_success,True,1-2,kegg_compound,ok,1
BIOMD0000001091,R_R03901,CLU_BIOMD0000001091,train,retrievable_top1_success,True,3-4,kegg_compound,ok,1
BIOMD0000001091,R_R03956,CLU_BIOMD0000001091,train,retrievable_top1_success,True,3-4,kegg_compound,ok,1
BIOMD0000001091,R_R03969,CLU_BIOMD0000001091,train,unconstrained,True,5-6,kegg_compound,unconstrained_candidate_set,0
BIOMD0000001091,R_R03970,CLU_BIOMD0000001091,train,unconstrained,True,3-4,kegg_compound,unconstrained_candidate_set,0
BIOMD0000001091,R_R03975,CLU_BIOMD0000001091,train,unconstrained,True,3-4,kegg_compound,unconstrained_candidate_set,0
BIOMD0000001091,R_R03977,CLU_BIOMD0000001091,train,unconstrained,True,3-4,kegg_compound,unconstrained_candidate_set,0
BIOMD0000001091,R_R04002,CLU_BIOMD0000001091,train,unconstrained,True,5-6,kegg_compound,unconstrained_candidate_set,0
BIOMD0000001091,R_R04011,CLU_BIOMD0000001091,train,retrievable_top1_success,True,3-4,kegg_compound,ok,1
BIOMD0000001091,R_R04013,CLU_BIOMD0000001091,train,unconstrained,True,5-6,kegg_compound,unconstrained_candidate_set,0
BIOMD0000001091,R_R04031,CLU_BIOMD0000001091,train,unconstrained,True,3-4,kegg_compound,unconstrained_candidate_set,0
BIOMD0000001091,R_R04038,CLU_BIOMD0000001091,train,retrievable_top1_success,True,3-4,kegg_compound,ok,1
BIOMD0000001091,R_R04074,CLU_BIOMD0000001091,train,unconstrained,True,5-6,kegg_compound,unconstrained_candidate_set,0
BIOMD0000001091,R_R04085,CLU_BIOMD0000001091,train,unconstrained,True,5-6,kegg_compound,unconstrained_candidate_set,0
BIOMD0000001091,R_R04091,CLU_BIOMD0000001091,train,unconstrained,True,5-6,kegg_compound,unconstrained_candidate_set,0
BIOMD0000001091,R_R04097,CLU_BIOMD0000001091,train,unconstrained,True,3-4,kegg_compound,unconstrained_candidate_set,0
BIOMD0000001091,R_R04125,CLU_BIOMD0000001091,train,retrievable_top1_success,True,5-6,kegg_compound,ok,1
BIOMD0000001091,R_R04143,CLU_BIOMD0000001091,train,unconstrained,True,5-6,kegg_compound,unconstrained_candidate_set,0
BIOMD0000001091,R_R04177,CLU_BIOMD0000001091,train,unconstrained,True,3-4,kegg_compound,unconstrained_candidate_set,0
BIOMD0000001091,R_R04198,CLU_BIOMD0000001091,train,unconstrained,True,5-6,kegg_compound,unconstrained_candidate_set,0
BIOMD0000001091,R_R04206,CLU_BIOMD0000001091,train,unconstrained,True,3-4,kegg_compound,unconstrained_candidate_set,0
BIOMD0000001091,R_R04247,CLU_BIOMD0000001091,train,unconstrained,True,5-6,kegg_compound,unconstrained_candidate_set,0
BIOMD0000001091,R_R04248,CLU_BIOMD0000001091,train,unconstrained,True,5-6,kegg_compound,unconstrained_candidate_set,0
BIOMD0000001091,R_R04266,CLU_BIOMD0000001091,train,retrievable_top1_success,True,1-2,kegg_compound,ok,1
BIOMD0000001091,R_R04273,CLU_BIOMD0000001091,train,retrievable_top1_success,True,1-2,kegg_compound,ok,1
BIOMD0000001091,R_R04318,CLU_BIOMD0000001091,train,unconstrained,True,3-4,kegg_compound,unconstrained_candidate_set,0
BIOMD0000001091,R_R04326,CLU_BIOMD0000001091,train,unconstrained,True,5-6,kegg_compound,unconstrained_candidate_set,0
BIOMD0000001091,R_R04336,CLU_BIOMD0000001091,train,unconstrained,True,3-4,kegg_compound,unconstrained_candidate_set,0
BIOMD0000001091,R_R04339,CLU_BIOMD0000001091,train,retrievable_top1_success,True,5-6,kegg_compound,ok,1
BIOMD0000001091,R_R04340,CLU_BIOMD0000001091,train,retrievable_top1_success,True,5-6,kegg_compound,ok,1
BIOMD0000001091,R_R04341,CLU_BIOMD0000001091,train,unconstrained,True,3-4,kegg_compound,unconstrained_candidate_set,0
BIOMD0000001091,R_R04386,CLU_BIOMD0000001091,train,retrievable_top1_success,True,3-4,kegg_compound,ok,1
BIOMD0000001091,R_R04391,CLU_BIOMD0000001091,train,unconstrained,True,5-6,kegg_compound,unconstrained_candidate_set,0
BIOMD0000001091,R_R04420,CLU_BIOMD0000001091,train,retrievable_top1_success,True,1-2,kegg_compound,ok,1
BIOMD0000001091,R_R04440,CLU_BIOMD0000001091,train,retrievable_top1_success,True,5-6,kegg_compound,ok,1
BIOMD0000001091,R_R04486,CLU_BIOMD0000001091,train,unconstrained,True,3-4,kegg_compound,unconstrained_candidate_set,0
BIOMD0000001091,R_R04487,CLU_BIOMD0000001091,train,unconstrained,True,3-4,kegg_compound,unconstrained_candidate_set,0
BIOMD0000001091,R_R04488,CLU_BIOMD0000001091,train,unconstrained,True,5-6,kegg_compound,unconstrained_candidate_set,0
BIOMD0000001091,R_R04526,CLU_BIOMD0000001091,train,retrievable_top1_success,True,3-4,kegg_compound,ok,1
BIOMD0000001091,R_R04564,CLU_BIOMD0000001091,train,unconstrained,True,5-6,kegg_compound,unconstrained_candidate_set,0
BIOMD0000001091,R_R04582,CLU_BIOMD0000001091,train,unconstrained,True,7+,kegg_compound,unconstrained_candidate_set,0
BIOMD0000001091,R_R04639,CLU_BIOMD0000001091,train,unconstrained,True,3-4,kegg_compound,unconstrained_candidate_set,0
BIOMD0000001091,R_R04650,CLU_BIOMD0000001091,train,unconstrained,True,3-4,kegg_compound,unconstrained_candidate_set,0
BIOMD0000001091,R_R04673,CLU_BIOMD0000001091,train,retrievable_top1_success,True,3-4,kegg_compound,ok,1
BIOMD0000001091,R_R04695,CLU_BIOMD0000001091,train,unconstrained,True,3-4,kegg_compound,unconstrained_candidate_set,0
BIOMD0000001091,R_R04719,CLU_BIOMD0000001091,train,unconstrained,True,5-6,kegg_compound,unconstrained_candidate_set,0
BIOMD0000001091,R_R04805,CLU_BIOMD0000001091,train,retrievable_top1_success,True,5-6,kegg_compound,ok,1
BIOMD0000001091,R_R04810,CLU_BIOMD0000001091,train,retrievable_top1_success,True,5-6,kegg_compound,ok,1
BIOMD0000001091,R_R04812,CLU_BIOMD0000001091,train,retrievable_top1_success,True,5-6,kegg_compound,ok,1
BIOMD0000001091,R_R04858,CLU_BIOMD0000001091,train,unconstrained,True,5-6,kegg_compound,unconstrained_candidate_set,0
BIOMD0000001091,R_R04880,CLU_BIOMD0000001091,train,retrievable_top1_success,True,5-6,kegg_compound,ok,1
BIOMD0000001091,R_R04904,CLU_BIOMD0000001091,train,unconstrained,True,5-6,kegg_compound,unconstrained_candidate_set,0
BIOMD0000001091,R_R04916,CLU_BIOMD0000001091,train,unconstrained,True,5-6,kegg_compound,unconstrained_candidate_set,0
BIOMD0000001091,R_R04917,CLU_BIOMD0000001091,train,unconstrained,True,5-6,kegg_compound,unconstrained_candidate_set,0
BIOMD0000001091,R_R04936,CLU_BIOMD0000001091,train,unconstrained,True,3-4,kegg_compound,unconstrained_candidate_set,0
BIOMD0000001091,R_R04942,CLU_BIOMD0000001091,train,unconstrained,True,3-4,kegg_compound,unconstrained_candidate_set,0
BIOMD0000001091,R_R04966,CLU_BIOMD0000001091,train,retrievable_top1_success,True,5-6,kegg_compound,ok,1
BIOMD0000001091,R_R04969,CLU_BIOMD0000001091,train,retrievable_top1_success,True,5-6,kegg_compound,ok,1
BIOMD0000001091,R_R05030,CLU_BIOMD0000001091,train,unconstrained,True,7+,kegg_compound,unconstrained_candidate_set,0
BIOMD0000001091,R_R05032,CLU_BIOMD0000001091,train,retrievable_top1_success,True,3-4,kegg_compound,ok,1
BIOMD0000001091,R_R05046,CLU_BIOMD0000001091,train,unconstrained,True,5-6,kegg_compound,unconstrained_candidate_set,0
BIOMD0000001091,R_R05048,CLU_BIOMD0000001091,train,retrievable_top1_success,True,1-2,kegg_compound,ok,1
BIOMD0000001091,R_R05068,CLU_BIOMD0000001091,train,unconstrained,True,5-6,kegg_compound,unconstrained_candidate_set,0
BIOMD0000001091,R_R05069,CLU_BIOMD0000001091,train,retrievable_top1_success,True,1-2,kegg_compound,ok,1
BIOMD0000001091,R_R05076,CLU_BIOMD0000001091,train,unconstrained,True,3-4,kegg_compound,unconstrained_candidate_set,0
BIOMD0000001091,R_R05113,CLU_BIOMD0000001091,train,unconstrained,True,5-6,kegg_compound,unconstrained_candidate_set,0
BIOMD0000001091,R_R05115,CLU_BIOMD0000001091,train,unconstrained,True,3-4,kegg_compound,unconstrained_candidate_set,0
BIOMD0000001091,R_R05133,CLU_BIOMD0000001091,train,unconstrained,True,3-4,kegg_compound,unconstrained_candidate_set,0
BIOMD0000001091,R_R05134,CLU_BIOMD0000001091,train,unconstrained,True,3-4,kegg_compound,unconstrained_candidate_set,0
BIOMD0000001091,R_R05145,CLU_BIOMD0000001091,train,unconstrained,True,5-6,kegg_compound,unconstrained_candidate_set,0
BIOMD0000001091,R_R05175,CLU_BIOMD0000001091,train,unconstrained,True,1-2,kegg_compound,unconstrained_candidate_set,0
BIOMD0000001091,R_R05179,CLU_BIOMD0000001091,train,unconstrained,True,5-6,kegg_compound,unconstrained_candidate_set,0
BIOMD0000001091,R_R05233,CLU_BIOMD0000001091,train,retrievable_top1_success,True,5-6,kegg_compound,ok,1
BIOMD0000001091,R_R05234,CLU_BIOMD0000001091,train,retrievable_top1_success,True,5-6,kegg_compound,ok,1
BIOMD0000001091,R_R05307,CLU_BIOMD0000001091,train,retrievable_top1_success,True,5-6,kegg_compound,ok,1
BIOMD0000001091,R_R05339,CLU_BIOMD0000001091,train,retrievable_top1_success,True,1-2,kegg_compound,ok,2
BIOMD0000001091,R_R05358,CLU_BIOMD0000001091,train,unconstrained,True,3-4,kegg_compound,unconstrained_candidate_set,0
BIOMD0000001091,R_R05363,CLU_BIOMD0000001091,train,unconstrained,True,5-6,kegg_compound,unconstrained_candidate_set,0
BIOMD0000001091,R_R05364,CLU_BIOMD0000001091,train,unconstrained,True,5-6,kegg_compound,unconstrained_candidate_set,0
BIOMD0000001091,R_R05365,CLU_BIOMD0000001091,train,unconstrained,True,5-6,kegg_compound,unconstrained_candidate_set,0
BIOMD0000001091,R_R05366,CLU_BIOMD0000001091,train,unconstrained,True,5-6,kegg_compound,unconstrained_candidate_set,0
BIOMD0000001091,R_R05465,CLU_BIOMD0000001091,train,unconstrained,True,5-6,kegg_compound,unconstrained_candidate_set,0
BIOMD0000001091,R_R05549,CLU_BIOMD0000001091,train,unconstrained,True,3-4,kegg_compound,unconstrained_candidate_set,0
BIOMD0000001091,R_R05554,CLU_BIOMD0000001091,train,unconstrained,True,3-4,kegg_compound,unconstrained_candidate_set,0
BIOMD0000001091,R_R05555,CLU_BIOMD0000001091,train,unconstrained,True,5-6,kegg_compound,unconstrained_candidate_set,0
BIOMD0000001091,R_R05562,CLU_BIOMD0000001091,train,unconstrained,True,5-6,kegg_compound,unconstrained_candidate_set,0
BIOMD0000001091,R_R05563,CLU_BIOMD0000001091,train,unconstrained,True,3-4,kegg_compound,unconstrained_candidate_set,0
BIOMD0000001091,R_R05566,CLU_BIOMD0000001091,train,retrievable_top1_success,True,3-4,kegg_compound,ok,1
BIOMD0000001091,R_R05575,CLU_BIOMD0000001091,train,retrievable_top1_success,True,5-6,kegg_compound,ok,1
BIOMD0000001091,R_R05576,CLU_BIOMD0000001091,train,retrievable_top1_success,True,5-6,kegg_compound,ok,3
BIOMD0000001091,R_R05590,CLU_BIOMD0000001091,train,unconstrained,True,3-4,kegg_compound,unconstrained_candidate_set,0
BIOMD0000001091,R_R05594,CLU_BIOMD0000001091,train,unconstrained,True,3-4,kegg_compound,unconstrained_candidate_set,0
BIOMD0000001091,R_R05614,CLU_BIOMD0000001091,train,unconstrained,True,5-6,kegg_compound,unconstrained_candidate_set,0
BIOMD0000001091,R_R05643,CLU_BIOMD0000001091,train,unconstrained,True,5-6,kegg_compound,unconstrained_candidate_set,0
BIOMD0000001091,R_R05649,CLU_BIOMD0000001091,train,unconstrained,True,5-6,kegg_compound,unconstrained_candidate_set,0
BIOMD0000001091,R_R05701,CLU_BIOMD0000001091,train,unconstrained,True,5-6,kegg_compound,unconstrained_candidate_set,0
BIOMD0000001091,R_R05783,CLU_BIOMD0000001091,train,unconstrained,True,3-4,kegg_compound,unconstrained_candidate_set,0
BIOMD0000001091,R_R05807,CLU_BIOMD0000001091,train,retrievable_top1_success,True,3-4,kegg_compound,ok,1
BIOMD0000001091,R_R05835,CLU_BIOMD0000001091,train,unconstrained,True,3-4,kegg_compound,unconstrained_candidate_set,0
BIOMD0000001091,R_R05884,CLU_BIOMD0000001091,train,unconstrained,True,5-6,kegg_compound,unconstrained_candidate_set,0
BIOMD0000001091,R_R05940,CLU_BIOMD0000001091,train,unconstrained,True,5-6,kegg_compound,unconstrained_candidate_set,0
BIOMD0000001091,R_R05998,CLU_BIOMD0000001091,train,unconstrained,True,3-4,kegg_compound,unconstrained_candidate_set,0
BIOMD0000001091,R_R06000,CLU_BIOMD0000001091,train,unconstrained,True,5-6,kegg_compound,unconstrained_candidate_set,0
BIOMD0000001091,R_R06005,CLU_BIOMD0000001091,train,unconstrained,True,5-6,kegg_compound,unconstrained_candidate_set,0
BIOMD0000001091,R_R06009,CLU_BIOMD0000001091,train,unconstrained,True,5-6,kegg_compound,unconstrained_candidate_set,0
BIOMD0000001091,R_R06012,CLU_BIOMD0000001091,train,unconstrained,True,3-4,kegg_compound,unconstrained_candidate_set,0
BIOMD0000001091,R_R06063,CLU_BIOMD0000001091,train,unconstrained,True,5-6,kegg_compound,unconstrained_candidate_set,0
BIOMD0000001091,R_R06064,CLU_BIOMD0000001091,train,unconstrained,True,5-6,kegg_compound,unconstrained_candidate_set,0
BIOMD0000001091,R_R06092,CLU_BIOMD0000001091,train,unconstrained,True,3-4,kegg_compound,unconstrained_candidate_set,0
BIOMD0000001091,R_R06134,CLU_BIOMD0000001091,train,unconstrained,True,3-4,kegg_compound,unconstrained_candidate_set,0
BIOMD0000001091,R_R06146,CLU_BIOMD0000001091,train,unconstrained,True,7+,kegg_compound,unconstrained_candidate_set,0
BIOMD0000001091,R_R06147,CLU_BIOMD0000001091,train,unconstrained,True,3-4,kegg_compound,unconstrained_candidate_set,0
BIOMD0000001091,R_R06364,CLU_BIOMD0000001091,train,unconstrained,True,5-6,kegg_compound,unconstrained_candidate_set,0
BIOMD0000001091,R_R06371,CLU_BIOMD0000001091,train,unconstrained,True,3-4,kegg_compound,unconstrained_candidate_set,0
BIOMD0000001091,R_R06407,CLU_BIOMD0000001091,train,unconstrained,True,5-6,kegg_compound,unconstrained_candidate_set,0
BIOMD0000001091,R_R06408,CLU_BIOMD0000001091,train,unconstrained,True,5-6,kegg_compound,unconstrained_candidate_set,0
BIOMD0000001091,R_R06447,CLU_BIOMD0000001091,train,unconstrained,True,5-6,kegg_compound,unconstrained_candidate_set,0
BIOMD0000001091,R_R06558,CLU_BIOMD0000001091,train,unconstrained,True,5-6,kegg_compound,unconstrained_candidate_set,0
BIOMD0000001091,R_R06601,CLU_BIOMD0000001091,train,unconstrained,True,3-4,kegg_compound,unconstrained_candidate_set,0
BIOMD0000001091,R_R06602,CLU_BIOMD0000001091,train,retrievable_top1_success,True,3-4,kegg_compound,ok,1
BIOMD0000001091,R_R06605,CLU_BIOMD0000001091,train,retrievable_top1_success,True,3-4,kegg_compound,ok,1
BIOMD0000001091,R_R06736,CLU_BIOMD0000001091,train,retrievable_top1_success,True,3-4,kegg_compound,ok,1
BIOMD0000001091,R_R06843,CLU_BIOMD0000001091,train,unconstrained,True,5-6,kegg_compound,unconstrained_candidate_set,0
BIOMD0000001091,R_R06858,CLU_BIOMD0000001091,train,unconstrained,True,5-6,kegg_compound,unconstrained_candidate_set,0
BIOMD0000001091,R_R06861,CLU_BIOMD0000001091,train,retrievable_top1_success,True,3-4,kegg_compound,ok,1
BIOMD0000001091,R_R06862,CLU_BIOMD0000001091,train,retrievable_top1_success,True,3-4,kegg_compound,ok,1
BIOMD0000001091,R_R06903,CLU_BIOMD0000001091,train,retrievable_top1_success,True,3-4,kegg_compound,ok,1
BIOMD0000001091,R_R06914,CLU_BIOMD0000001091,train,unconstrained,True,5-6,kegg_compound,unconstrained_candidate_set,0
BIOMD0000001091,R_R06917,CLU_BIOMD0000001091,train,retrievable_top1_success,True,5-6,kegg_compound,ok,1
BIOMD0000001091,R_R06918,CLU_BIOMD0000001091,train,unconstrained,True,5-6,kegg_compound,unconstrained_candidate_set,0
BIOMD0000001091,R_R06927,CLU_BIOMD0000001091,train,retrievable_top1_success,True,5-6,kegg_compound,ok,1
BIOMD0000001091,R_R06928,CLU_BIOMD0000001091,train,unconstrained,True,5-6,kegg_compound,unconstrained_candidate_set,0
BIOMD0000001091,R_R06935,CLU_BIOMD0000001091,train,unconstrained,True,5-6,kegg_compound,unconstrained_candidate_set,0
BIOMD0000001091,R_R06941,CLU_BIOMD0000001091,train,unconstrained,True,5-6,kegg_compound,unconstrained_candidate_set,0
BIOMD0000001091,R_R06948,CLU_BIOMD0000001091,train,retrievable_top1_success,True,1-2,kegg_compound,ok,1
BIOMD0000001091,R_R06951,CLU_BIOMD0000001091,train,unconstrained,True,1-2,kegg_compound,unconstrained_candidate_set,0
BIOMD0000001091,R_R06970,CLU_BIOMD0000001091,train,unconstrained,True,5-6,kegg_compound,unconstrained_candidate_set,0
BIOMD0000001091,R_R06971,CLU_BIOMD0000001091,train,unconstrained,True,5-6,kegg_compound,unconstrained_candidate_set,0
BIOMD0000001091,R_R06972,CLU_BIOMD0000001091,train,unconstrained,True,5-6,kegg_compound,unconstrained_candidate_set,0
BIOMD0000001091,R_R07034,CLU_BIOMD0000001091,train,unconstrained,True,5-6,kegg_compound,unconstrained_candidate_set,0
BIOMD0000001091,R_R07035,CLU_BIOMD0000001091,train,unconstrained,True,5-6,kegg_compound,unconstrained_candidate_set,0
BIOMD0000001091,R_R07105,CLU_BIOMD0000001091,train,unconstrained,True,5-6,kegg_compound,unconstrained_candidate_set,0
BIOMD0000001091,R_R07180,CLU_BIOMD0000001091,train,unconstrained,True,5-6,kegg_compound,unconstrained_candidate_set,0
BIOMD0000001091,R_R07208,CLU_BIOMD0000001091,train,unconstrained,True,7+,kegg_compound,unconstrained_candidate_set,0
BIOMD0000001091,R_R07219,CLU_BIOMD0000001091,train,unconstrained,True,5-6,kegg_compound,unconstrained_candidate_set,0
BIOMD0000001091,R_R07237,CLU_BIOMD0000001091,train,unconstrained,True,5-6,kegg_compound,unconstrained_candidate_set,0
BIOMD0000001091,R_R07238,CLU_BIOMD0000001091,train,retrievable_top1_success,True,3-4,kegg_compound,ok,1
BIOMD0000001091,R_R07245,CLU_BIOMD0000001091,train,unconstrained,True,5-6,kegg_compound,unconstrained_candidate_set,0
BIOMD0000001091,R_R07263,CLU_BIOMD0000001091,train,unconstrained,True,3-4,kegg_compound,unconstrained_candidate_set,0
BIOMD0000001091,R_R07302,CLU_BIOMD0000001091,train,unconstrained,True,7+,kegg_compound,unconstrained_candidate_set,0
BIOMD0000001091,R_R07307,CLU_BIOMD0000001091,train,unconstrained,True,5-6,kegg_compound,unconstrained_candidate_set,0
BIOMD0000001091,R_R07311,CLU_BIOMD0000001091,train,unconstrained,True,3-4,kegg_compound,unconstrained_candidate_set,0
BIOMD0000001091,R_R07384,CLU_BIOMD0000001091,train,unconstrained,True,5-6,kegg_compound,unconstrained_candidate_set,0
BIOMD0000001091,R_R07417,CLU_BIOMD0000001091,train,unconstrained,True,5-6,kegg_compound,unconstrained_candidate_set,0
BIOMD0000001091,R_R07441,CLU_BIOMD0000001091,train,unconstrained,True,5-6,kegg_compound,unconstrained_candidate_set,0
BIOMD0000001091,R_R07442,CLU_BIOMD0000001091,train,unconstrained,True,5-6,kegg_compound,unconstrained_candidate_set,0
BIOMD0000001091,R_R07456,CLU_BIOMD0000001091,train,unconstrained,True,7+,kegg_compound,unconstrained_candidate_set,0
BIOMD0000001091,R_R07463,CLU_BIOMD0000001091,train,unconstrained,True,3-4,kegg_compound,unconstrained_candidate_set,0
BIOMD0000001091,R_R07481,CLU_BIOMD0000001091,train,unconstrained,True,5-6,kegg_compound,unconstrained_candidate_set,0
BIOMD0000001091,R_R07515,CLU_BIOMD0000001091,train,unconstrained,True,5-6,kegg_compound,unconstrained_candidate_set,0
BIOMD0000001091,R_R07599,CLU_BIOMD0000001091,train,unconstrained,True,5-6,kegg_compound,unconstrained_candidate_set,0
BIOMD0000001091,R_R07600,CLU_BIOMD0000001091,train,unconstrained,True,3-4,kegg_compound,unconstrained_candidate_set,0
BIOMD0000001091,R_R07601,CLU_BIOMD0000001091,train,unconstrained,True,5-6,kegg_compound,unconstrained_candidate_set,0
BIOMD0000001091,R_R07602,CLU_BIOMD0000001091,train,unconstrained,True,3-4,kegg_compound,unconstrained_candidate_set,0
BIOMD0000001091,R_R07603,CLU_BIOMD0000001091,train,unconstrained,True,5-6,kegg_compound,unconstrained_candidate_set,0
BIOMD0000001091,R_R07604,CLU_BIOMD0000001091,train,unconstrained,True,3-4,kegg_compound,unconstrained_candidate_set,0
BIOMD0000001091,R_R07632,CLU_BIOMD0000001091,train,unconstrained,True,5-6,kegg_compound,unconstrained_candidate_set,0
BIOMD0000001091,R_R07633,CLU_BIOMD0000001091,train,unconstrained,True,3-4,kegg_compound,unconstrained_candidate_set,0
BIOMD0000001091,R_R07638,CLU_BIOMD0000001091,train,unconstrained,True,3-4,kegg_compound,unconstrained_candidate_set,0
BIOMD0000001091,R_R07765,CLU_BIOMD0000001091,train,retrievable_top1_success,True,5-6,kegg_compound,ok,1
BIOMD0000001091,R_R07802,CLU_BIOMD0000001091,train,unconstrained,True,5-6,kegg_compound,unconstrained_candidate_set,0
BIOMD0000001091,R_R07831,CLU_BIOMD0000001091,train,unconstrained,True,3-4,kegg_compound,unconstrained_candidate_set,0
BIOMD0000001091,R_R07880,CLU_BIOMD0000001091,train,retrievable_top1_success,True,3-4,kegg_compound,ok,1
BIOMD0000001091,R_R07882,CLU_BIOMD0000001091,train,retrievable_top1_success,True,3-4,kegg_compound,ok,1
BIOMD0000001091,R_R07883,CLU_BIOMD0000001091,train,retrievable_top1_success,True,3-4,kegg_compound,ok,1
BIOMD0000001091,R_R07890,CLU_BIOMD0000001091,train,retrievable_top1_success,True,5-6,kegg_compound,ok,1
BIOMD0000001091,R_R07894,CLU_BIOMD0000001091,train,retrievable_top1_success,True,5-6,kegg_compound,ok,1
BIOMD0000001091,R_R07898,CLU_BIOMD0000001091,train,retrievable_top1_success,True,5-6,kegg_compound,ok,1
BIOMD0000001091,R_R07930,CLU_BIOMD0000001091,train,retrievable_top1_success,True,3-4,kegg_compound,ok,1
BIOMD0000001091,R_R07931,CLU_BIOMD0000001091,train,retrievable_top1_success,True,3-4,kegg_compound,ok,1
BIOMD0000001091,R_R07944,CLU_BIOMD0000001091,train,retrievable_top1_success,True,3-4,kegg_compound,ok,1
BIOMD0000001091,R_R08051,CLU_BIOMD0000001091,train,unconstrained,True,5-6,kegg_compound,unconstrained_candidate_set,0
BIOMD0000001091,R_R08052,CLU_BIOMD0000001091,train,unconstrained,True,5-6,kegg_compound,unconstrained_candidate_set,0
BIOMD0000001091,R_R08059,CLU_BIOMD0000001091,train,retrievable_top1_success,True,3-4,kegg_compound,ok,1
BIOMD0000001091,R_R08086,CLU_BIOMD0000001091,train,unconstrained,True,5-6,kegg_compound,unconstrained_candidate_set,0
BIOMD0000001091,R_R08087,CLU_BIOMD0000001091,train,unconstrained,True,5-6,kegg_compound,unconstrained_candidate_set,0
BIOMD0000001091,R_R08094,CLU_BIOMD0000001091,train,retrievable_top1_success,True,5-6,kegg_compound,ok,1
BIOMD0000001091,R_R08096,CLU_BIOMD0000001091,train,unconstrained,True,5-6,kegg_compound,unconstrained_candidate_set,0
BIOMD0000001091,R_R08165,CLU_BIOMD0000001091,train,unconstrained,True,5-6,kegg_compound,unconstrained_candidate_set,0
BIOMD0000001091,R_R08166,CLU_BIOMD0000001091,train,retrievable_top1_success,True,3-4,kegg_compound,ok,1
BIOMD0000001091,R_R08221,CLU_BIOMD0000001091,train,unconstrained,True,5-6,kegg_compound,unconstrained_candidate_set,0
BIOMD0000001091,R_R08227,CLU_BIOMD0000001091,train,unconstrained,True,3-4,kegg_compound,unconstrained_candidate_set,0
BIOMD0000001091,R_R08231,CLU_BIOMD0000001091,train,retrievable_top1_success,True,3-4,kegg_compound,ok,1
BIOMD0000001091,R_R08281,CLU_BIOMD0000001091,train,retrievable_top1_success,True,5-6,kegg_compound,ok,1
BIOMD0000001091,R_R08306,CLU_BIOMD0000001091,train,retrievable_top1_success,True,5-6,kegg_compound,ok,1
BIOMD0000001091,R_R08310,CLU_BIOMD0000001091,train,retrievable_top1_success,True,5-6,kegg_compound,ok,1
BIOMD0000001091,R_R08349,CLU_BIOMD0000001091,train,unconstrained,True,5-6,kegg_compound,unconstrained_candidate_set,0
BIOMD0000001091,R_R08362,CLU_BIOMD0000001091,train,unconstrained,True,5-6,kegg_compound,unconstrained_candidate_set,0
BIOMD0000001091,R_R08381,CLU_BIOMD0000001091,train,retrievable_top1_success,True,3-4,kegg_compound,ok,1
BIOMD0000001091,R_R08385,CLU_BIOMD0000001091,train,unconstrained,True,5-6,kegg_compound,unconstrained_candidate_set,0
BIOMD0000001091,R_R08408,CLU_BIOMD0000001091,train,unconstrained,True,5-6,kegg_compound,unconstrained_candidate_set,0
BIOMD0000001091,R_R08504,CLU_BIOMD0000001091,train,unconstrained,True,3-4,kegg_compound,unconstrained_candidate_set,0
BIOMD0000001091,R_R08510,CLU_BIOMD0000001091,train,retrievable_top1_success,True,3-4,kegg_compound,ok,1
BIOMD0000001091,R_R08515,CLU_BIOMD0000001091,train,retrievable_top1_success,True,3-4,kegg_compound,ok,1
BIOMD0000001091,R_R08548,CLU_BIOMD0000001091,train,unconstrained,True,3-4,kegg_compound,unconstrained_candidate_set,0
BIOMD0000001091,R_R08558,CLU_BIOMD0000001091,train,retrievable_top1_success,True,5-6,kegg_compound,ok,1
BIOMD0000001091,R_R08583,CLU_BIOMD0000001091,train,retrievable_top1_success,True,3-4,kegg_compound,ok,1
BIOMD0000001091,R_R08657,CLU_BIOMD0000001091,train,retrievable_top1_success,True,3-4,kegg_compound,ok,1
BIOMD0000001091,R_R08696,CLU_BIOMD0000001091,train,unconstrained,True,3-4,kegg_compound,unconstrained_candidate_set,0
BIOMD0000001091,R_R08713,CLU_BIOMD0000001091,train,unconstrained,True,5-6,kegg_compound,unconstrained_candidate_set,0
BIOMD0000001091,R_R08944,CLU_BIOMD0000001091,train,unconstrained,True,5-6,kegg_compound,unconstrained_candidate_set,0
BIOMD0000001091,R_R08951,CLU_BIOMD0000001091,train,unconstrained,True,5-6,kegg_compound,unconstrained_candidate_set,0
BIOMD0000001091,R_R08952,CLU_BIOMD0000001091,train,unconstrained,True,5-6,kegg_compound,unconstrained_candidate_set,0
BIOMD0000001091,R_R10221,CLU_BIOMD0000001091,train,retrievable_top1_success,True,5-6,kegg_compound,ok,1
BIOMD0000001091,R_RAFGH,CLU_BIOMD0000001091,train,unconstrained,True,3-4,kegg_compound,unconstrained_candidate_set,0
BIOMD0000001091,R_RBFK,CLU_BIOMD0000001091,train,unconstrained,True,5-6,kegg_compound,unconstrained_candidate_set,0
BIOMD0000001091,R_RBK_Dr,CLU_BIOMD0000001091,train,unconstrained,True,5-6,kegg_compound,unconstrained_candidate_set,0
BIOMD0000001091,R_RBKr,CLU_BIOMD0000001091,train,unconstrained,True,5-6,kegg_compound,unconstrained_candidate_set,0
BIOMD0000001091,R_RBZP,CLU_BIOMD0000001091,train,unconstrained,True,3-4,kegg_compound,unconstrained_candidate_set,0
BIOMD0000001091,R_RIB1,CLU_BIOMD0000001091,train,unconstrained,True,5-6,kegg_compound,unconstrained_candidate_set,0
BIOMD0000001091,R_RIB5,CLU_BIOMD0000001091,train,unconstrained,True,5-6,kegg_compound,unconstrained_candidate_set,0
BIOMD0000001091,R_RIB7_1,CLU_BIOMD0000001091,train,unconstrained,True,5-6,kegg_compound,unconstrained_candidate_set,0
BIOMD0000001091,R_RIB7_2,CLU_BIOMD0000001091,train,retrievable_top1_success,True,5-6,kegg_compound,ok,1
BIOMD0000001091,R_RIOR,CLU_BIOMD0000001091,train,unconstrained,True,5-6,kegg_compound,unconstrained_candidate_set,0
BIOMD0000001091,R_RNDR1,CLU_BIOMD0000001091,train,unconstrained,True,5-6,kegg_compound,unconstrained_candidate_set,0
BIOMD0000001091,R_RNDR2n,CLU_BIOMD0000001091,train,unconstrained,True,5-6,kegg_compound,unconstrained_candidate_set,0
BIOMD0000001091,R_RNDR3,CLU_BIOMD0000001091,train,unconstrained,True,5-6,kegg_compound,unconstrained_candidate_set,0
BIOMD0000001091,R_RNDR4n,CLU_BIOMD0000001091,train,unconstrained,True,5-6,kegg_compound,unconstrained_candidate_set,0
BIOMD0000001091,R_RNMK,CLU_BIOMD0000001091,train,unconstrained,True,5-6,kegg_compound,unconstrained_candidate_set,0
BIOMD0000001091,R_RPE,CLU_BIOMD0000001091,train,retrievable_top1_success,True,1-2,kegg_compound,ok,1
BIOMD0000001091,R_SAH1,CLU_BIOMD0000001091,train,unconstrained,True,3-4,kegg_compound,unconstrained_candidate_set,0
BIOMD0000001091,R_SALADC2,CLU_BIOMD0000001091,train,unconstrained,True,3-4,kegg_compound,unconstrained_candidate_set,0
BIOMD0000001091,R_SAM24MT,CLU_BIOMD0000001091,train,unconstrained,True,5-6,kegg_compound,unconstrained_candidate_set,0
BIOMD0000001091,R_SCT1_2,CLU_BIOMD0000001091,train,retrievable_top1_success,True,3-4,kegg_compound,ok,1
BIOMD0000001091,R_SDH3_1,CLU_BIOMD0000001091,train,unconstrained,True,5-6,kegg_compound,unconstrained_candidate_set,0
BIOMD0000001091,R_SEC53,CLU_BIOMD0000001091,train,retrievable_top1_success,True,1-2,kegg_compound,ok,1
BIOMD0000001091,R_SELCYSS,CLU_BIOMD0000001091,train,unconstrained,True,5-6,kegg_compound,unconstrained_candidate_set,0
BIOMD0000001091,R_SER1_2,CLU_BIOMD0000001091,train,retrievable_top1_success,True,3-4,kegg_compound,ok,1
BIOMD0000001091,R_SER3,CLU_BIOMD0000001091,train,retrievable_top1_success,True,5-6,kegg_compound,ok,1
BIOMD0000001091,R_SERAT,CLU_BIOMD0000001091,train,retrievable_top1_success,True,3-4,kegg_compound,ok,1
BIOMD0000001091,R_SER_AL,CLU_BIOMD0000001091,train,retrievable_top1_success,True,3-4,kegg_compound,ok,4
BIOMD0000001091,R_SHCHD2,CLU_BIOMD0000001091,train,retrievable_top1_success,True,5-6,kegg_compound,ok,1
BIOMD0000001091,R_SHCHF,CLU_BIOMD0000001091,train,retrievable_top1_success,True,3-4,kegg_compound,ok,1
BIOMD0000001091,R_SHK3Dr,CLU_BIOMD0000001091,train,retrievable_top1_success,True,5-6,kegg_compound,ok,1
BIOMD0000001091,R_SHKK,CLU_BIOMD0000001091,train,unconstrained,True,5-6,kegg_compound,unconstrained_candidate_set,0
BIOMD0000001091,R_SHM1,CLU_BIOMD0000001091,train,unconstrained,True,5-6,kegg_compound,unconstrained_candidate_set,0
BIOMD0000001091,R_SHSL1r,CLU_BIOMD0000001091,train,unconstrained,True,5-6,kegg_compound,unconstrained_candidate_set,0
BIOMD0000001091,R_SHSL2,CLU_BIOMD0000001091,train,unconstrained,True,3-4,kegg_compound,unconstrained_candidate_set,0
BIOMD0000001091,R_SODr,CLU_BIOMD0000001091,train,retrievable_top1_success,True,3-4,kegg_compound,ok,1
BIOMD0000001091,R_SPE2,CLU_BIOMD0000001091,train,retrievable_top1_success,True,3-4,kegg_compound,ok,1
BIOMD0000001091,R_SPMS,CLU_BIOMD0000001091,train,unconstrained,True,5-6,kegg_compound,unconstrained_candidate_set,0
BIOMD0000001091,R_SQLEer,CLU_BIOMD0000001091,train,unconstrained,True,7+,kegg_compound,unconstrained_candidate_set,0
BIOMD0000001091,R_SUC2,CLU_BIOMD0000001091,train,unconstrained,True,3-4,kegg_compound,unconstrained_candidate_set,0
BIOMD0000001091,R_SUCBZL,CLU_BIOMD0000001091,train,unconstrained,True,7+,kegg_compound,unconstrained_candidate_set,0
BIOMD0000001091,R_SUCOAS,CLU_BIOMD0000001091,train,retrievable_top1_success,True,5-6,kegg_compound,ok,1
BIOMD0000001091,R_SULR,CLU_BIOMD0000001091,train,unconstrained,True,5-6,kegg_compound,unconstrained_candidate_set,0
BIOMD0000001091,R_TALA,CLU_BIOMD0000001091,train,nonempty_answer_absent,True,3-4,kegg_compound,ok,2
BIOMD0000001091,R_TARTDC,CLU_BIOMD0000001091,train,unconstrained,True,3-4,kegg_compound,unconstrained_candidate_set,0
BIOMD0000001091,R_TARTRDH,CLU_BIOMD0000001091,train,retrievable_top1_success,True,5-6,kegg_compound,ok,1
BIOMD0000001091,R_TARTRDH2,CLU_BIOMD0000001091,train,retrievable_top1_success,True,5-6,kegg_compound,ok,1
BIOMD0000001091,R_TDP,CLU_BIOMD0000001091,train,unconstrained,True,5-6,kegg_compound,unconstrained_candidate_set,0
BIOMD0000001091,R_THFATm,CLU_BIOMD0000001091,train,unconstrained,True,3-4,kegg_compound,unconstrained_candidate_set,0
BIOMD0000001091,R_THFGLUS,CLU_BIOMD0000001091,train,unconstrained,True,7+,kegg_compound,unconstrained_candidate_set,0
BIOMD0000001091,R_THI20_2,CLU_BIOMD0000001091,train,unconstrained,True,5-6,kegg_compound,unconstrained_candidate_set,0
BIOMD0000001091,R_THI21,CLU_BIOMD0000001091,train,unconstrained,True,5-6,kegg_compound,unconstrained_candidate_set,0
BIOMD0000001091,R_THI6_2,CLU_BIOMD0000001091,train,retrievable_top1_success,True,3-4,kegg_compound,ok,1
BIOMD0000001091,R_THI80_1,CLU_BIOMD0000001091,train,unconstrained,True,5-6,kegg_compound,unconstrained_candidate_set,0
BIOMD0000001091,R_THR1,CLU_BIOMD0000001091,train,unconstrained,True,5-6,kegg_compound,unconstrained_candidate_set,0
BIOMD0000001091,R_THR4_1,CLU_BIOMD0000001091,train,unconstrained,True,3-4,kegg_compound,unconstrained_candidate_set,0
BIOMD0000001091,R_THR4_2,CLU_BIOMD0000001091,train,unconstrained,True,3-4,kegg_compound,unconstrained_candidate_set,0
BIOMD0000001091,R_THRPD,CLU_BIOMD0000001091,train,unconstrained,True,3-4,kegg_compound,unconstrained_candidate_set,0
BIOMD0000001091,R_TKT1,CLU_BIOMD0000001091,train,retrievable_top1_success,True,3-4,kegg_compound,ok,1
BIOMD0000001091,R_TKT2,CLU_BIOMD0000001091,train,retrievable_top1_success,True,3-4,kegg_compound,ok,2
BIOMD0000001091,R_TMDPP,CLU_BIOMD0000001091,train,retrievable_top1_success,True,3-4,kegg_compound,ok,1
BIOMD0000001091,R_TMN,CLU_BIOMD0000001091,train,unconstrained,True,5-6,kegg_compound,unconstrained_candidate_set,0
BIOMD0000001091,R_TPI,CLU_BIOMD0000001091,train,retrievable_top1_success,True,1-2,kegg_compound,ok,2
BIOMD0000001091,R_TPRDCOAS,CLU_BIOMD0000001091,train,retrievable_top1_success,True,3-4,kegg_compound,ok,1
BIOMD0000001091,R_TRDR,CLU_BIOMD0000001091,train,unconstrained,True,5-6,kegg_compound,unconstrained_candidate_set,0
BIOMD0000001091,R_TRE6PH,CLU_BIOMD0000001091,train,unconstrained,True,3-4,kegg_compound,unconstrained_candidate_set,0
BIOMD0000001091,R_TRIA,CLU_BIOMD0000001091,train,unconstrained,True,3-4,kegg_compound,unconstrained_candidate_set,0
BIOMD0000001091,R_TRP2_2,CLU_BIOMD0000001091,train,retrievable_top1_success,True,3-4,kegg_compound,ok,1
BIOMD0000001091,R_TRPO2,CLU_BIOMD0000001091,train,retrievable_top1_success,True,3-4,kegg_compound,ok,1
BIOMD0000001091,R_TRPS1r,CLU_BIOMD0000001091,train,unconstrained,True,5-6,kegg_compound,unconstrained_candidate_set,0
BIOMD0000001091,R_TRPS2,CLU_BIOMD0000001091,train,unconstrained,True,3-4,kegg_compound,unconstrained_candidate_set,0
BIOMD0000001091,R_TRPS3r,CLU_BIOMD0000001091,train,retrievable_top1_success,True,3-4,kegg_compound,ok,1
BIOMD0000001091,R_TYR1,CLU_BIOMD0000001091,train,retrievable_top1_success,True,5-6,kegg_compound,ok,1
BIOMD0000001091,R_U15,CLU_BIOMD0000001091,train,unconstrained,True,5-6,kegg_compound,unconstrained_candidate_set,0
BIOMD0000001091,R_U16,CLU_BIOMD0000001091,train,unconstrained,True,5-6,kegg_compound,unconstrained_candidate_set,0
BIOMD0000001091,R_U17,CLU_BIOMD0000001091,train,unconstrained,True,5-6,kegg_compound,unconstrained_candidate_set,0
BIOMD0000001091,R_U18,CLU_BIOMD0000001091,train,unconstrained,True,5-6,kegg_compound,unconstrained_candidate_set,0
BIOMD0000001091,R_U19,CLU_BIOMD0000001091,train,unconstrained,True,5-6,kegg_compound,unconstrained_candidate_set,0
BIOMD0000001091,R_U26,CLU_BIOMD0000001091,train,unconstrained,True,3-4,kegg_compound,unconstrained_candidate_set,0
BIOMD0000001091,R_U31,CLU_BIOMD0000001091,train,unconstrained,True,3-4,kegg_compound,unconstrained_candidate_set,0
BIOMD0000001091,R_U32,CLU_BIOMD0000001091,train,unconstrained,True,3-4,kegg_compound,unconstrained_candidate_set,0
BIOMD0000001091,R_U33,CLU_BIOMD0000001091,train,unconstrained,True,3-4,kegg_compound,unconstrained_candidate_set,0
BIOMD0000001091,R_U52,CLU_BIOMD0000001091,train,retrievable_top1_success,True,5-6,kegg_compound,ok,1
BIOMD0000001091,R_U53,CLU_BIOMD0000001091,train,unconstrained,True,5-6,kegg_compound,unconstrained_candidate_set,0
BIOMD0000001091,R_U56,CLU_BIOMD0000001091,train,unconstrained,True,7+,kegg_compound,unconstrained_candidate_set,0
BIOMD0000001091,R_U78,CLU_BIOMD0000001091,train,unconstrained,True,3-4,kegg_compound,unconstrained_candidate_set,0
BIOMD0000001091,R_U79,CLU_BIOMD0000001091,train,unconstrained,True,3-4,kegg_compound,unconstrained_candidate_set,0
BIOMD0000001091,R_U82,CLU_BIOMD0000001091,train,unconstrained,True,5-6,kegg_compound,unconstrained_candidate_set,0
BIOMD0000001091,R_U83,CLU_BIOMD0000001091,train,unconstrained,True,5-6,kegg_compound,unconstrained_candidate_set,0
BIOMD0000001091,R_U89,CLU_BIOMD0000001091,train,unconstrained,True,7+,kegg_compound,unconstrained_candidate_set,0
BIOMD0000001091,R_U92,CLU_BIOMD0000001091,train,unconstrained,True,7+,kegg_compound,unconstrained_candidate_set,0
BIOMD0000001091,R_U98,CLU_BIOMD0000001091,train,unconstrained,True,3-4,kegg_compound,unconstrained_candidate_set,0
BIOMD0000001091,R_UAAGDS,CLU_BIOMD0000001091,train,unconstrained,True,7+,kegg_compound,unconstrained_candidate_set,0
BIOMD0000001091,R_UAAGLS1,CLU_BIOMD0000001091,train,unconstrained,True,7+,kegg_compound,unconstrained_candidate_set,0
BIOMD0000001091,R_UAG2E,CLU_BIOMD0000001091,train,retrievable_top1_success,True,1-2,kegg_compound,ok,1
BIOMD0000001091,R_UAG2EMA,CLU_BIOMD0000001091,train,unconstrained,True,3-4,kegg_compound,unconstrained_candidate_set,0
BIOMD0000001091,R_UAG4E,CLU_BIOMD0000001091,train,retrievable_top1_success,True,1-2,kegg_compound,ok,1
BIOMD0000001091,R_UAGCVT,CLU_BIOMD0000001091,train,retrievable_top1_success,True,3-4,kegg_compound,ok,1
BIOMD0000001091,R_UAGDPr,CLU_BIOMD0000001091,train,retrievable_top1_success,True,3-4,kegg_compound,ok,1
BIOMD0000001091,R_UAGPT2,CLU_BIOMD0000001091,train,retrievable_top1_success,True,3-4,kegg_compound,ok,1
BIOMD0000001091,R_UAMAGS,CLU_BIOMD0000001091,train,unconstrained,True,7+,kegg_compound,unconstrained_candidate_set,0
BIOMD0000001091,R_UAMAS,CLU_BIOMD0000001091,train,unconstrained,True,7+,kegg_compound,unconstrained_candidate_set,0
BIOMD0000001091,R_UAPGR,CLU_BIOMD0000001091,train,retrievable_top1_success,True,5-6,kegg_compound,ok,1
BIOMD0000001091,R_UDCPDP,CLU_BIOMD0000001091,train,unconstrained,True,5-6,kegg_compound,unconstrained_candidate_set,0
BIOMD0000001091,R_UDPGALM,CLU_BIOMD0000001091,train,retrievable_top1_success,True,1-2,kegg_compound,ok,1
BIOMD0000001091,R_UDPGDi,CLU_BIOMD0000001091,train,unconstrained,True,5-6,kegg_compound,unconstrained_candidate_set,0
BIOMD0000001091,R_UGMDDS,CLU_BIOMD0000001091,train,unconstrained,True,7+,kegg_compound,unconstrained_candidate_set,0
BIOMD0000001091,R_UNK3,CLU_BIOMD0000001091,train,retrievable_top1_success,True,3-4,kegg_compound,ok,1
BIOMD0000001091,R_UPP3S,CLU_BIOMD0000001091,train,unconstrained,True,3-4,kegg_compound,unconstrained_candidate_set,0
BIOMD0000001091,R_UPPDC1,CLU_BIOMD0000001091,train,unconstrained,True,3-4,kegg_compound,unconstrained_candidate_set,0
BIOMD0000001091,R_UPPDC2,CLU_BIOMD0000001091,train,unconstrained,True,3-4,kegg_compound,unconstrained_candidate_set,0
BIOMD0000001091,R_URA3,CLU_BIOMD0000001091,train,unconstrained,True,3-4,kegg_compound,unconstrained_candidate_set,0
BIOMD0000001091,R_URA4,CLU_BIOMD0000001091,train,unconstrained,True,3-4,kegg_compound,unconstrained_candidate_set,0
BIOMD0000001091,R_URA5,CLU_BIOMD0000001091,train,unconstrained,True,5-6,kegg_compound,unconstrained_candidate_set,0
BIOMD0000001091,R_URA6_1,CLU_BIOMD0000001091,train,unconstrained,True,5-6,kegg_compound,unconstrained_candidate_set,0
BIOMD0000001091,R_URA7_2,CLU_BIOMD0000001091,train,unconstrained,True,7+,kegg_compound,unconstrained_candidate_set,0
BIOMD0000001091,R_URA8_1,CLU_BIOMD0000001091,train,unconstrained,True,7+,kegg_compound,unconstrained_candidate_set,0
BIOMD0000001091,R_URCN,CLU_BIOMD0000001091,train,unconstrained,True,3-4,kegg_compound,unconstrained_candidate_set,0
BIOMD0000001091,R_UREA2,CLU_BIOMD0000001091,train,unconstrained,True,5-6,kegg_compound,unconstrained_candidate_set,0
BIOMD0000001091,R_URFGTT,CLU_BIOMD0000001091,train,unconstrained,True,5-6,kegg_compound,unconstrained_candidate_set,0
BIOMD0000001091,R_URIDK3,CLU_BIOMD0000001091,train,unconstrained,True,5-6,kegg_compound,unconstrained_candidate_set,0
BIOMD0000001091,R_URIK2,CLU_BIOMD0000001091,train,unconstrained,True,5-6,kegg_compound,unconstrained_candidate_set,0
BIOMD0000001091,R_URIK3,CLU_BIOMD0000001091,train,unconstrained,True,5-6,kegg_compound,unconstrained_candidate_set,0
BIOMD0000001091,R_URK1_2,CLU_BIOMD0000001091,train,unconstrained,True,5-6,kegg_compound,unconstrained_candidate_set,0
BIOMD0000001091,R_URK1_3,CLU_BIOMD0000001091,train,unconstrained,True,5-6,kegg_compound,unconstrained_candidate_set,0
BIOMD0000001091,R_UTR1_1,CLU_BIOMD0000001091,train,unconstrained,True,5-6,kegg_compound,unconstrained_candidate_set,0
BIOMD0000001091,R_XAND,CLU_BIOMD0000001091,train,unconstrained,True,5-6,kegg_compound,unconstrained_candidate_set,0
BIOMD0000001091,R_XANDa,CLU_BIOMD0000001091,train,unconstrained,True,5-6,kegg_compound,unconstrained_candidate_set,0
BIOMD0000001091,R_XPPT,CLU_BIOMD0000001091,train,unconstrained,True,5-6,kegg_compound,unconstrained_candidate_set,0
BIOMD0000001091,R_XYLI1,CLU_BIOMD0000001091,train,retrievable_top1_success,True,1-2,kegg_compound,ok,1
BIOMD0000001091,R_XYLI2i,CLU_BIOMD0000001091,train,unconstrained,True,1-2,kegg_compound,unconstrained_candidate_set,0
BIOMD0000001091,R_YBR184W_2,CLU_BIOMD0000001091,train,unconstrained,True,3-4,kegg_compound,unconstrained_candidate_set,0
BIOMD0000001091,R_YDR531W,CLU_BIOMD0000001091,train,unconstrained,True,5-6,kegg_compound,unconstrained_candidate_set,0
BIOMD0000001091,R_YGR287C,CLU_BIOMD0000001091,train,unconstrained,True,3-4,kegg_compound,unconstrained_candidate_set,0
BIOMD0000001091,R_YHL012W,CLU_BIOMD0000001091,train,retrievable_top1_success,True,3-4,kegg_compound,ok,1
BIOMD0000001091,R_YIL145C,CLU_BIOMD0000001091,train,unconstrained,True,7+,kegg_compound,unconstrained_candidate_set,0
BIOMD0000001091,R_YJR105W,CLU_BIOMD0000001091,train,unconstrained,True,5-6,kegg_compound,unconstrained_candidate_set,0
BIOMD0000001091,R_YLR328W_3,CLU_BIOMD0000001091,train,retrievable_top1_success,True,3-4,kegg_compound,ok,1
BIOMD0000001091,R_YML082W,CLU_BIOMD0000001091,train,unconstrained,True,5-6,kegg_compound,unconstrained_candidate_set,0
BIOMD0000001091,R_YMR293C,CLU_BIOMD0000001091,train,unconstrained,True,3-4,kegg_compound,unconstrained_candidate_set,0
BIOMD0000001091,R_YNK1_1,CLU_BIOMD0000001091,train,retrievable_top1_success,True,3-4,kegg_compound,ok,1
BIOMD0000001091,R_YNK1_2,CLU_BIOMD0000001091,train,retrievable_top1_success,True,3-4,kegg_compound,ok,1
BIOMD0000001091,R_YNK1_6,CLU_BIOMD0000001091,train,retrievable_top1_success,True,3-4,kegg_compound,ok,1
BIOMD0000001091,R_YNK1_7,CLU_BIOMD0000001091,train,retrievable_top1_success,True,3-4,kegg_compound,ok,1
BIOMD0000001091,R_YPL276W,CLU_BIOMD0000001091,train,retrievable_top1_success,True,3-4,kegg_compound,ok,2
BIOMD0000001091,R_or_NDC,CLU_BIOMD0000001091,train,unconstrained,True,3-4,kegg_compound,unconstrained_candidate_set,0
BIOMD0000001093,R_1PPDCRc,CLU_BIOMD0000001093,train,empty_constrained,True,5-6,chebi+kegg_compound,no_candidates,0
BIOMD0000001093,R_2DHGLCK,CLU_BIOMD0000001093,train,empty_constrained,True,5-6,chebi+kegg_compound,no_candidates,0
BIOMD0000001093,R_34HPPOR,CLU_BIOMD0000001093,train,retrievable_top1_success,True,3-4,chebi+kegg_compound,ok,1
BIOMD0000001093,R_3HAD100,CLU_BIOMD0000001093,train,empty_constrained,True,3-4,chebi+kegg_compound,no_candidates,0
BIOMD0000001093,R_3HAD120,CLU_BIOMD0000001093,train,empty_constrained,True,3-4,chebi+kegg_compound,no_candidates,0
BIOMD0000001093,R_3HAD140,CLU_BIOMD0000001093,train,empty_constrained,True,3-4,chebi+kegg_compound,no_candidates,0
BIOMD0000001093,R_3HAD160,CLU_BIOMD0000001093,train,empty_constrained,True,3-4,chebi+kegg_compound,no_candidates,0
BIOMD0000001093,R_3HAD180,CLU_BIOMD0000001093,train,empty_constrained,True,3-4,chebi+kegg_compound,no_candidates,0
BIOMD0000001093,R_3HAD60,CLU_BIOMD0000001093,train,empty_constrained,True,3-4,chebi+kegg_compound,no_candidates,0
BIOMD0000001093,R_3HAD80,CLU_BIOMD0000001093,train,empty_constrained,True,3-4,chebi+kegg_compound,no_candidates,0
BIOMD0000001093,R_3MBZALDH,CLU_BIOMD0000001093,train,empty_constrained,True,5-6,chebi+kegg_compound,no_candidates,0
BIOMD0000001093,R_3MCAT23DOX,CLU_BIOMD0000001093,train,empty_constrained,True,3-4,chebi+kegg_compound,no_candidates,0
BIOMD0000001093,R_3OADPCOAT,CLU_BIOMD0000001093,train,retrievable_top1_success,True,3-4,chebi+kegg_compound,ok,1
BIOMD0000001093,R_3OAR100,CLU_BIOMD0000001093,train,empty_constrained,True,5-6,chebi+kegg_compound,no_candidates,0
BIOMD0000001093,R_3OAR120,CLU_BIOMD0000001093,train,empty_constrained,True,5-6,chebi+kegg_compound,no_candidates,0
BIOMD0000001093,R_3OAR140,CLU_BIOMD0000001093,train,empty_constrained,True,5-6,chebi+kegg_compound,no_candidates,0
BIOMD0000001093,R_3OAR160,CLU_BIOMD0000001093,train,empty_constrained,True,5-6,chebi+kegg_compound,no_candidates,0
BIOMD0000001093,R_3OAR60,CLU_BIOMD0000001093,train,empty_constrained,True,5-6,chebi+kegg_compound,no_candidates,0
BIOMD0000001093,R_3OAR80,CLU_BIOMD0000001093,train,empty_constrained,True,5-6,chebi+kegg_compound,no_candidates,0
BIOMD0000001093,R_3OXCOAT,CLU_BIOMD0000001093,train,empty_constrained,True,3-4,chebi+kegg_compound,no_candidates,0
BIOMD0000001093,R_4CMCOAS,CLU_BIOMD0000001093,train,empty_constrained,True,5-6,chebi+kegg_compound,no_candidates,0
BIOMD0000001093,R_4CMLCL_kt,CLU_BIOMD0000001093,train,empty_constrained,True,3-4,chebi+kegg_compound,no_candidates,0
BIOMD0000001093,R_4HBHYOX,CLU_BIOMD0000001093,train,empty_constrained,True,7+,chebi+kegg_compound,no_candidates,0
BIOMD0000001093,R_4HTHRS,CLU_BIOMD0000001093,train,empty_constrained,True,3-4,chebi+kegg_compound,no_candidates,0
BIOMD0000001093,R_4MBZALDH,CLU_BIOMD0000001093,train,empty_constrained,True,5-6,chebi+kegg_compound,no_candidates,0
BIOMD0000001093,R_4MCAT23DOX,CLU_BIOMD0000001093,train,empty_constrained,True,3-4,chebi+kegg_compound,no_candidates,0
BIOMD0000001093,R_4OD2,CLU_BIOMD0000001093,train,empty_constrained,True,3-4,chebi+kegg_compound,no_candidates,0
BIOMD0000001093,R_4OT,CLU_BIOMD0000001093,train,retrievable_top1_success,True,1-2,chebi+kegg_compound,ok,1
BIOMD0000001093,R_4OT2,CLU_BIOMD0000001093,train,retrievable_top1_success,True,1-2,chebi+kegg_compound,ok,1
BIOMD0000001093,R_6HNACMO,CLU_BIOMD0000001093,train,empty_constrained,True,7+,chebi+kegg_compound,no_candidates,0
BIOMD0000001093,R_A5PISO,CLU_BIOMD0000001093,train,empty_constrained,True,1-2,chebi+kegg_compound,no_candidates,0
BIOMD0000001093,R_AACOAT,CLU_BIOMD0000001093,train,empty_constrained,True,5-6,chebi+kegg_compound,no_candidates,0
BIOMD0000001093,R_AACTOOR,CLU_BIOMD0000001093,train,empty_constrained,True,5-6,chebi+kegg_compound,no_candidates,0
BIOMD0000001093,R_AADSACYCL,CLU_BIOMD0000001093,train,empty_constrained,True,3-4,chebi+kegg_compound,no_candidates,0
BIOMD0000001093,R_AASAD3,CLU_BIOMD0000001093,train,empty_constrained,True,5-6,chebi+kegg_compound,no_candidates,0
BIOMD0000001093,R_AATA,CLU_BIOMD0000001093,train,empty_constrained,True,3-4,chebi+kegg_compound,no_candidates,0
BIOMD0000001093,R_ABTA,CLU_BIOMD0000001093,train,empty_constrained,True,3-4,chebi+kegg_compound,no_candidates,0
BIOMD0000001093,R_ABUTD,CLU_BIOMD0000001093,train,empty_constrained,True,5-6,chebi+kegg_compound,no_candidates,0
BIOMD0000001093,R_ACACT1r,CLU_BIOMD0000001093,train,retrievable_top1_success,True,3-4,chebi+kegg_compound,ok,4
BIOMD0000001093,R_ACALD,CLU_BIOMD0000001093,train,empty_constrained,True,5-6,chebi+kegg_compound,no_candidates,0
BIOMD0000001093,R_ACBIPGT,CLU_BIOMD0000001093,train,empty_constrained,True,5-6,chebi+kegg_compound,no_candidates,0
BIOMD0000001093,R_ACCOAC,CLU_BIOMD0000001093,train,empty_constrained,True,7+,chebi+kegg_compound,no_candidates,0
BIOMD0000001093,R_ACGK,CLU_BIOMD0000001093,train,retrievable_top1_success,True,3-4,chebi+kegg_compound,ok,1
BIOMD0000001093,R_ACGS,CLU_BIOMD0000001093,train,empty_constrained,True,5-6,chebi+kegg_compound,no_candidates,0
BIOMD0000001093,R_ACHBS,CLU_BIOMD0000001093,train,empty_constrained,True,5-6,chebi+kegg_compound,no_candidates,0
BIOMD0000001093,R_ACLS,CLU_BIOMD0000001093,train,empty_constrained,True,3-4,chebi+kegg_compound,no_candidates,0
BIOMD0000001093,R_ACOAD1f,CLU_BIOMD0000001093,train,retrievable_top1_success,True,3-4,chebi+kegg_compound,ok,1
BIOMD0000001093,R_ACOAD3f,CLU_BIOMD0000001093,train,retrievable_top1_success,True,3-4,chebi+kegg_compound,ok,1
BIOMD0000001093,R_ACOAD5f,CLU_BIOMD0000001093,train,retrievable_top1_success,True,3-4,chebi+kegg_compound,ok,1
BIOMD0000001093,R_ACOAD6f,CLU_BIOMD0000001093,train,retrievable_top1_success,True,3-4,chebi+kegg_compound,ok,1
BIOMD0000001093,R_ACOAD7f,CLU_BIOMD0000001093,train,retrievable_top1_success,True,3-4,chebi+kegg_compound,ok,1
BIOMD0000001093,R_ACOATA,CLU_BIOMD0000001093,train,retrievable_top1_success,True,3-4,chebi+kegg_compound,ok,1
BIOMD0000001093,R_ACODA,CLU_BIOMD0000001093,train,empty_constrained,True,3-4,chebi+kegg_compound,no_candidates,0
BIOMD0000001093,R_ACONIs,CLU_BIOMD0000001093,train,empty_constrained,True,1-2,chebi+kegg_compound,no_candidates,0
BIOMD0000001093,R_ACONMT,CLU_BIOMD0000001093,train,empty_constrained,True,3-4,chebi+kegg_compound,no_candidates,0
BIOMD0000001093,R_ACONTa,CLU_BIOMD0000001093,train,empty_constrained,True,3-4,chebi+kegg_compound,no_candidates,0
BIOMD0000001093,R_ACONTb,CLU_BIOMD0000001093,train,empty_constrained,True,3-4,chebi+kegg_compound,no_candidates,0
BIOMD0000001093,R_ACOTA,CLU_BIOMD0000001093,train,retrievable_top1_success,True,3-4,chebi+kegg_compound,ok,1
BIOMD0000001093,R_ACS,CLU_BIOMD0000001093,train,retrievable_top1_success,True,5-6,chebi+kegg_compound,ok,1
BIOMD0000001093,R_ADA,CLU_BIOMD0000001093,train,empty_constrained,True,5-6,chebi+kegg_compound,no_candidates,0
BIOMD0000001093,R_ADCL,CLU_BIOMD0000001093,train,empty_constrained,True,3-4,chebi+kegg_compound,no_candidates,0
BIOMD0000001093,R_ADCPS1,CLU_BIOMD0000001093,train,empty_constrained,True,7+,chebi+kegg_compound,no_candidates,0
BIOMD0000001093,R_ADCPS2,CLU_BIOMD0000001093,train,empty_constrained,True,7+,chebi+kegg_compound,no_candidates,0
BIOMD0000001093,R_ADCS,CLU_BIOMD0000001093,train,retrievable_top1_success,True,3-4,chebi+kegg_compound,ok,2
BIOMD0000001093,R_ADD,CLU_BIOMD0000001093,train,empty_constrained,True,5-6,chebi+kegg_compound,no_candidates,0
BIOMD0000001093,R_ADK1,CLU_BIOMD0000001093,train,retrievable_top1_success,True,3-4,chebi+kegg_compound,ok,1
BIOMD0000001093,R_ADNCYC,CLU_BIOMD0000001093,train,retrievable_top1_success,True,3-4,chebi+kegg_compound,ok,1
BIOMD0000001093,R_ADNK1,CLU_BIOMD0000001093,train,empty_constrained,True,5-6,chebi+kegg_compound,no_candidates,0
BIOMD0000001093,R_ADNUC,CLU_BIOMD0000001093,train,empty_constrained,True,3-4,chebi+kegg_compound,no_candidates,0
BIOMD0000001093,R_ADOCBIK,CLU_BIOMD0000001093,train,empty_constrained,True,5-6,chebi+kegg_compound,no_candidates,0
BIOMD0000001093,R_ADOCBLS,CLU_BIOMD0000001093,train,empty_constrained,True,5-6,chebi+kegg_compound,no_candidates,0
BIOMD0000001093,R_ADPT,CLU_BIOMD0000001093,train,empty_constrained,True,3-4,chebi+kegg_compound,no_candidates,0
BIOMD0000001093,R_ADSK,CLU_BIOMD0000001093,train,empty_constrained,True,5-6,chebi+kegg_compound,no_candidates,0
BIOMD0000001093,R_ADSL1r,CLU_BIOMD0000001093,train,empty_constrained,True,3-4,chebi+kegg_compound,no_candidates,0
BIOMD0000001093,R_ADSL2r,CLU_BIOMD0000001093,train,empty_constrained,True,3-4,chebi+kegg_compound,no_candidates,0
BIOMD0000001093,R_ADSS,CLU_BIOMD0000001093,train,empty_constrained,True,7+,chebi+kegg_compound,no_candidates,0
BIOMD0000001093,R_AGMDA,CLU_BIOMD0000001093,train,empty_constrained,True,5-6,chebi+kegg_compound,no_candidates,0
BIOMD0000001093,R_AGMHE,CLU_BIOMD0000001093,train,retrievable_top1_success,True,1-2,chebi+kegg_compound,ok,1
BIOMD0000001093,R_AGMT,CLU_BIOMD0000001093,train,empty_constrained,True,3-4,chebi+kegg_compound,no_candidates,0
BIOMD0000001093,R_AGPOP,CLU_BIOMD0000001093,train,empty_constrained,True,5-6,chebi+kegg_compound,no_candidates,0
BIOMD0000001093,R_AGPR,CLU_BIOMD0000001093,train,empty_constrained,True,5-6,chebi+kegg_compound,no_candidates,0
BIOMD0000001093,R_AHCi,CLU_BIOMD0000001093,train,empty_constrained,True,3-4,chebi+kegg_compound,no_candidates,0
BIOMD0000001093,R_AHSERL2,CLU_BIOMD0000001093,train,empty_constrained,True,5-6,chebi+kegg_compound,no_candidates,0
BIOMD0000001093,R_AICART,CLU_BIOMD0000001093,train,retrievable_top1_success,True,3-4,chebi+kegg_compound,ok,1
BIOMD0000001093,R_AIRC3,CLU_BIOMD0000001093,train,empty_constrained,True,1-2,chebi+kegg_compound,no_candidates,0
BIOMD0000001093,R_AKGDH,CLU_BIOMD0000001093,train,empty_constrained,True,5-6,chebi+kegg_compound,no_candidates,0
BIOMD0000001093,R_ALAALAr,CLU_BIOMD0000001093,train,empty_constrained,True,5-6,chebi+kegg_compound,no_candidates,0
BIOMD0000001093,R_ALAR,CLU_BIOMD0000001093,train,retrievable_top1_success,True,1-2,chebi+kegg_compound,ok,1
BIOMD0000001093,R_ALATA_L,CLU_BIOMD0000001093,train,retrievable_top1_success,True,3-4,chebi+kegg_compound,ok,1
BIOMD0000001093,R_ALCD19,CLU_BIOMD0000001093,train,empty_constrained,True,5-6,chebi+kegg_compound,no_candidates,0
BIOMD0000001093,R_ALCD2x,CLU_BIOMD0000001093,train,empty_constrained,True,5-6,chebi+kegg_compound,no_candidates,0
BIOMD0000001093,R_ALDD1,CLU_BIOMD0000001093,train,empty_constrained,True,5-6,chebi+kegg_compound,no_candidates,0
BIOMD0000001093,R_ALDD19xr,CLU_BIOMD0000001093,train,empty_constrained,True,5-6,chebi+kegg_compound,no_candidates,0
BIOMD0000001093,R_ALDD20x,CLU_BIOMD0000001093,train,empty_constrained,True,5-6,chebi+kegg_compound,no_candidates,0
BIOMD0000001093,R_ALDD2x,CLU_BIOMD0000001093,train,empty_constrained,True,5-6,chebi+kegg_compound,no_candidates,0
BIOMD0000001093,R_ALDD2y,CLU_BIOMD0000001093,train,empty_constrained,True,5-6,chebi+kegg_compound,no_candidates,0
BIOMD0000001093,R_ALTRH,CLU_BIOMD0000001093,train,empty_constrained,True,3-4,chebi+kegg_compound,no_candidates,0
BIOMD0000001093,R_AMAOTr,CLU_BIOMD0000001093,train,retrievable_top1_success,True,3-4,chebi+kegg_compound,ok,1
BIOMD0000001093,R_AMID4,CLU_BIOMD0000001093,train,empty_constrained,True,3-4,chebi+kegg_compound,no_candidates,0
BIOMD0000001093,R_AMPTASECG,CLU_BIOMD0000001093,train,empty_constrained,True,3-4,chebi+kegg_compound,no_candidates,0
BIOMD0000001093,R_ANPRT,CLU_BIOMD0000001093,train,empty_constrained,True,3-4,chebi+kegg_compound,no_candidates,0
BIOMD0000001093,R_ANS,CLU_BIOMD0000001093,train,empty_constrained,True,5-6,chebi+kegg_compound,no_candidates,0
BIOMD0000001093,R_ANS2,CLU_BIOMD0000001093,train,empty_constrained,True,5-6,chebi+kegg_compound,no_candidates,0
BIOMD0000001093,R_AOBUTDs,CLU_BIOMD0000001093,train,empty_constrained,True,3-4,chebi+kegg_compound,no_candidates,0
BIOMD0000001093,R_AOXHEXCYCL,CLU_BIOMD0000001093,train,empty_constrained,True,3-4,chebi+kegg_compound,no_candidates,0
BIOMD0000001093,R_AOXSr2,CLU_BIOMD0000001093,train,retrievable_top1_success,True,5-6,chebi+kegg_compound,ok,1
BIOMD0000001093,R_AP4AH,CLU_BIOMD0000001093,train,empty_constrained,True,3-4,chebi+kegg_compound,no_candidates,0
BIOMD0000001093,R_APATr,CLU_BIOMD0000001093,train,empty_constrained,True,3-4,chebi+kegg_compound,no_candidates,0
BIOMD0000001093,R_APPAT,CLU_BIOMD0000001093,train,empty_constrained,True,5-6,chebi+kegg_compound,no_candidates,0
BIOMD0000001093,R_APPLDHr,CLU_BIOMD0000001093,train,empty_constrained,True,5-6,chebi+kegg_compound,no_candidates,0
BIOMD0000001093,R_APRAUR,CLU_BIOMD0000001093,train,empty_constrained,True,5-6,chebi+kegg_compound,no_candidates,0
BIOMD0000001093,R_APSR,CLU_BIOMD0000001093,train,empty_constrained,True,5-6,chebi+kegg_compound,no_candidates,0
BIOMD0000001093,R_APTNAT,CLU_BIOMD0000001093,train,retrievable_top1_success,True,3-4,chebi+kegg_compound,ok,1
BIOMD0000001093,R_ARGDC,CLU_BIOMD0000001093,train,empty_constrained,True,3-4,chebi+kegg_compound,no_candidates,0
BIOMD0000001093,R_ARGDCpp,CLU_BIOMD0000001093,train,empty_constrained,True,3-4,chebi+kegg_compound,no_candidates,0
BIOMD0000001093,R_ARGDI,CLU_BIOMD0000001093,train,empty_constrained,True,5-6,chebi+kegg_compound,no_candidates,0
BIOMD0000001093,R_ARGDr,CLU_BIOMD0000001093,train,empty_constrained,True,3-4,chebi+kegg_compound,no_candidates,0
BIOMD0000001093,R_ARGSL,CLU_BIOMD0000001093,train,empty_constrained,True,3-4,chebi+kegg_compound,no_candidates,0
BIOMD0000001093,R_ARGSS,CLU_BIOMD0000001093,train,empty_constrained,True,7+,chebi+kegg_compound,no_candidates,0
BIOMD0000001093,R_ARGTRS,CLU_BIOMD0000001093,train,empty_constrained,True,5-6,chebi+kegg_compound,no_candidates,0
BIOMD0000001093,R_AROH,CLU_BIOMD0000001093,train,empty_constrained,True,3-4,chebi+kegg_compound,no_candidates,0
BIOMD0000001093,R_ARUH,CLU_BIOMD0000001093,train,retrievable_top1_success,True,3-4,chebi+kegg_compound,ok,1
BIOMD0000001093,R_ASAD,CLU_BIOMD0000001093,train,empty_constrained,True,5-6,chebi+kegg_compound,no_candidates,0
BIOMD0000001093,R_ASNN,CLU_BIOMD0000001093,train,empty_constrained,True,3-4,chebi+kegg_compound,no_candidates,0
BIOMD0000001093,R_ASNNpp,CLU_BIOMD0000001093,train,empty_constrained,True,3-4,chebi+kegg_compound,no_candidates,0
BIOMD0000001093,R_ASNS1,CLU_BIOMD0000001093,train,empty_constrained,True,7+,chebi+kegg_compound,no_candidates,0
BIOMD0000001093,R_ASPCT,CLU_BIOMD0000001093,train,empty_constrained,True,5-6,chebi+kegg_compound,no_candidates,0
BIOMD0000001093,R_ASPK,CLU_BIOMD0000001093,train,retrievable_top1_success,True,3-4,chebi+kegg_compound,ok,1
BIOMD0000001093,R_ASPO1,CLU_BIOMD0000001093,train,empty_constrained,True,5-6,chebi+kegg_compound,no_candidates,0
BIOMD0000001093,R_ASPO6,CLU_BIOMD0000001093,train,empty_constrained,True,5-6,chebi+kegg_compound,no_candidates,0
BIOMD0000001093,R_ASPT,CLU_BIOMD0000001093,train,empty_constrained,True,3-4,chebi+kegg_compound,no_candidates,0
BIOMD0000001093,R_ASPTA,CLU_BIOMD0000001093,train,retrievable_top1_success,True,3-4,chebi+kegg_compound,ok,1
BIOMD0000001093,R_ASPTRS,CLU_BIOMD0000001093,train,empty_constrained,True,5-6,chebi+kegg_compound,no_candidates,0
BIOMD0000001093,R_AST,CLU_BIOMD0000001093,train,empty_constrained,True,5-6,chebi+kegg_compound,no_candidates,0
BIOMD0000001093,R_ATHRDHr,CLU_BIOMD0000001093,train,empty_constrained,True,5-6,chebi+kegg_compound,no_candidates,0
BIOMD0000001093,R_ATPHs,CLU_BIOMD0000001093,train,empty_constrained,True,5-6,chebi+kegg_compound,no_candidates,0
BIOMD0000001093,R_ATPM,CLU_BIOMD0000001093,train,empty_constrained,True,5-6,chebi+kegg_compound,no_candidates,0
BIOMD0000001093,R_ATPPRT,CLU_BIOMD0000001093,train,empty_constrained,True,3-4,chebi+kegg_compound,no_candidates,0
BIOMD0000001093,R_BDH,CLU_BIOMD0000001093,train,empty_constrained,True,5-6,chebi+kegg_compound,no_candidates,0
BIOMD0000001093,R_BETALDHx,CLU_BIOMD0000001093,train,empty_constrained,True,5-6,chebi+kegg_compound,no_candidates,0
BIOMD0000001093,R_BETALDHy,CLU_BIOMD0000001093,train,empty_constrained,True,5-6,chebi+kegg_compound,no_candidates,0
BIOMD0000001093,R_BPNT,CLU_BIOMD0000001093,train,empty_constrained,True,3-4,chebi+kegg_compound,no_candidates,0
BIOMD0000001093,R_BZ12DOX,CLU_BIOMD0000001093,train,empty_constrained,True,5-6,chebi+kegg_compound,no_candidates,0
BIOMD0000001093,R_BZALDH,CLU_BIOMD0000001093,train,empty_constrained,True,5-6,chebi+kegg_compound,no_candidates,0
BIOMD0000001093,R_BZDH,CLU_BIOMD0000001093,train,empty_constrained,True,5-6,chebi+kegg_compound,no_candidates,0
BIOMD0000001093,R_BZDIOLDH,CLU_BIOMD0000001093,train,empty_constrained,True,5-6,chebi+kegg_compound,no_candidates,0
BIOMD0000001093,R_CAFFCOA,CLU_BIOMD0000001093,train,retrievable_top1_success,True,5-6,chebi+kegg_compound,ok,1
BIOMD0000001093,R_CAT,CLU_BIOMD0000001093,train,empty_constrained,True,3-4,chebi+kegg_compound,no_candidates,0
BIOMD0000001093,R_CAT23DOX,CLU_BIOMD0000001093,train,retrievable_top1_success,True,3-4,chebi+kegg_compound,ok,1
BIOMD0000001093,R_CATDOX,CLU_BIOMD0000001093,train,empty_constrained,True,3-4,chebi+kegg_compound,no_candidates,0
BIOMD0000001093,R_CBLAT,CLU_BIOMD0000001093,train,empty_constrained,True,5-6,chebi+kegg_compound,no_candidates,0
BIOMD0000001093,R_CBMKr,CLU_BIOMD0000001093,train,empty_constrained,True,5-6,chebi+kegg_compound,no_candidates,0
BIOMD0000001093,R_CBPS,CLU_BIOMD0000001093,train,empty_constrained,True,7+,chebi+kegg_compound,no_candidates,0
BIOMD0000001093,R_CCGS,CLU_BIOMD0000001093,train,empty_constrained,True,7+,chebi+kegg_compound,no_candidates,0
BIOMD0000001093,R_CDGR,CLU_BIOMD0000001093,train,empty_constrained,True,5-6,chebi+kegg_compound,no_candidates,0
BIOMD0000001093,R_CDGS,CLU_BIOMD0000001093,train,empty_constrained,True,3-4,chebi+kegg_compound,no_candidates,0
BIOMD0000001093,R_CDPMEK,CLU_BIOMD0000001093,train,empty_constrained,True,5-6,chebi+kegg_compound,no_candidates,0
BIOMD0000001093,R_CHLP,CLU_BIOMD0000001093,train,empty_constrained,True,3-4,chebi+kegg_compound,no_candidates,0
BIOMD0000001093,R_CHOLD,CLU_BIOMD0000001093,train,empty_constrained,True,5-6,chebi+kegg_compound,no_candidates,0
BIOMD0000001093,R_CHOLSH,CLU_BIOMD0000001093,train,empty_constrained,True,5-6,chebi+kegg_compound,no_candidates,0
BIOMD0000001093,R_CHORM,CLU_BIOMD0000001093,train,retrievable_top1_success,True,1-2,chebi+kegg_compound,ok,1
BIOMD0000001093,R_CHORS,CLU_BIOMD0000001093,train,retrievable_top1_success,True,3-4,chebi+kegg_compound,ok,1
BIOMD0000001093,R_CHRPL,CLU_BIOMD0000001093,train,empty_constrained,True,3-4,chebi+kegg_compound,no_candidates,0
BIOMD0000001093,R_COALDDH,CLU_BIOMD0000001093,train,empty_constrained,True,5-6,chebi+kegg_compound,no_candidates,0
BIOMD0000001093,R_COCHL,CLU_BIOMD0000001093,train,empty_constrained,True,7+,chebi+kegg_compound,no_candidates,0
BIOMD0000001093,R_CPH4S,CLU_BIOMD0000001093,train,empty_constrained,True,5-6,chebi+kegg_compound,no_candidates,0
BIOMD0000001093,R_CPPPGO,CLU_BIOMD0000001093,train,empty_constrained,True,5-6,chebi+kegg_compound,no_candidates,0
BIOMD0000001093,R_CPPPGO2,CLU_BIOMD0000001093,train,empty_constrained,True,5-6,chebi+kegg_compound,no_candidates,0
BIOMD0000001093,R_CS,CLU_BIOMD0000001093,train,empty_constrained,True,5-6,chebi+kegg_compound,no_candidates,0
BIOMD0000001093,R_CSND,CLU_BIOMD0000001093,train,empty_constrained,True,5-6,chebi+kegg_compound,no_candidates,0
BIOMD0000001093,R_CSPMDDC,CLU_BIOMD0000001093,train,empty_constrained,True,3-4,chebi+kegg_compound,no_candidates,0
BIOMD0000001093,R_CSPMDDH,CLU_BIOMD0000001093,train,empty_constrained,True,7+,chebi+kegg_compound,no_candidates,0
BIOMD0000001093,R_CTPS1,CLU_BIOMD0000001093,train,empty_constrained,True,7+,chebi+kegg_compound,no_candidates,0
BIOMD0000001093,R_CTPS2,CLU_BIOMD0000001093,train,empty_constrained,True,7+,chebi+kegg_compound,no_candidates,0
BIOMD0000001093,R_CYANST,CLU_BIOMD0000001093,train,empty_constrained,True,5-6,chebi+kegg_compound,no_candidates,0
BIOMD0000001093,R_CYSDS,CLU_BIOMD0000001093,train,empty_constrained,True,5-6,chebi+kegg_compound,no_candidates,0
BIOMD0000001093,R_CYSS,CLU_BIOMD0000001093,train,empty_constrained,True,5-6,chebi+kegg_compound,no_candidates,0
BIOMD0000001093,R_CYSSADS,CLU_BIOMD0000001093,train,empty_constrained,True,3-4,chebi+kegg_compound,no_candidates,0
BIOMD0000001093,R_CYSTGL,CLU_BIOMD0000001093,train,empty_constrained,True,5-6,chebi+kegg_compound,no_candidates,0
BIOMD0000001093,R_CYSTL,CLU_BIOMD0000001093,train,empty_constrained,True,5-6,chebi+kegg_compound,no_candidates,0
BIOMD0000001093,R_CYSTRS,CLU_BIOMD0000001093,train,empty_constrained,True,5-6,chebi+kegg_compound,no_candidates,0
BIOMD0000001093,R_CYSTS,CLU_BIOMD0000001093,train,empty_constrained,True,3-4,chebi+kegg_compound,no_candidates,0
BIOMD0000001093,R_CYTDH,CLU_BIOMD0000001093,train,empty_constrained,True,3-4,chebi+kegg_compound,no_candidates,0
BIOMD0000001093,R_CYTK1,CLU_BIOMD0000001093,train,retrievable_top1_success,True,3-4,chebi+kegg_compound,ok,1
BIOMD0000001093,R_CYTK2,CLU_BIOMD0000001093,train,retrievable_top1_success,True,3-4,chebi+kegg_compound,ok,1
BIOMD0000001093,R_DADA,CLU_BIOMD0000001093,train,empty_constrained,True,5-6,chebi+kegg_compound,no_candidates,0
BIOMD0000001093,R_DADK,CLU_BIOMD0000001093,train,retrievable_top1_success,True,3-4,chebi+kegg_compound,ok,1
BIOMD0000001093,R_DAPDC,CLU_BIOMD0000001093,train,empty_constrained,True,3-4,chebi+kegg_compound,no_candidates,0
BIOMD0000001093,R_DAPE,CLU_BIOMD0000001093,train,retrievable_top1_success,True,1-2,chebi+kegg_compound,ok,1
BIOMD0000001093,R_DB4PS,CLU_BIOMD0000001093,train,empty_constrained,True,3-4,chebi+kegg_compound,no_candidates,0
BIOMD0000001093,R_DBTS,CLU_BIOMD0000001093,train,empty_constrained,True,7+,chebi+kegg_compound,no_candidates,0
BIOMD0000001093,R_DCTPD,CLU_BIOMD0000001093,train,empty_constrained,True,5-6,chebi+kegg_compound,no_candidates,0
BIOMD0000001093,R_DCTPD2,CLU_BIOMD0000001093,train,empty_constrained,True,5-6,chebi+kegg_compound,no_candidates,0
BIOMD0000001093,R_DDGLK,CLU_BIOMD0000001093,train,empty_constrained,True,5-6,chebi+kegg_compound,no_candidates,0
BIOMD0000001093,R_DDPA,CLU_BIOMD0000001093,train,empty_constrained,True,5-6,chebi+kegg_compound,no_candidates,0
BIOMD0000001093,R_DGK1,CLU_BIOMD0000001093,train,retrievable_top1_success,True,3-4,chebi+kegg_compound,ok,1
BIOMD0000001093,R_DH3MCHCDH,CLU_BIOMD0000001093,train,empty_constrained,True,5-6,chebi+kegg_compound,no_candidates,0
BIOMD0000001093,R_DH4MCHCDH,CLU_BIOMD0000001093,train,empty_constrained,True,5-6,chebi+kegg_compound,no_candidates,0
BIOMD0000001093,R_DHAD1_copy1,CLU_BIOMD0000001093,train,empty_constrained,True,3-4,chebi+kegg_compound,no_candidates,0
BIOMD0000001093,R_DHAD1_copy2,CLU_BIOMD0000001093,train,empty_constrained,True,3-4,chebi+kegg_compound,no_candidates,0
BIOMD0000001093,R_DHAD2,CLU_BIOMD0000001093,train,empty_constrained,True,3-4,chebi+kegg_compound,no_candidates,0
BIOMD0000001093,R_DHFR,CLU_BIOMD0000001093,train,empty_constrained,True,5-6,chebi+kegg_compound,no_candidates,0
BIOMD0000001093,R_DHFS,CLU_BIOMD0000001093,train,empty_constrained,True,7+,chebi+kegg_compound,no_candidates,0
BIOMD0000001093,R_DHORDfum,CLU_BIOMD0000001093,train,empty_constrained,True,3-4,chebi+kegg_compound,no_candidates,0
BIOMD0000001093,R_DHORTS,CLU_BIOMD0000001093,train,empty_constrained,True,3-4,chebi+kegg_compound,no_candidates,0
BIOMD0000001093,R_DHPM1,CLU_BIOMD0000001093,train,empty_constrained,True,3-4,chebi+kegg_compound,no_candidates,0
BIOMD0000001093,R_DHPPDA2,CLU_BIOMD0000001093,train,empty_constrained,True,5-6,chebi+kegg_compound,no_candidates,0
BIOMD0000001093,R_DHQS,CLU_BIOMD0000001093,train,empty_constrained,True,3-4,chebi+kegg_compound,no_candidates,0
BIOMD0000001093,R_DHQTi_copy1,CLU_BIOMD0000001093,train,empty_constrained,True,3-4,chebi+kegg_compound,no_candidates,0
BIOMD0000001093,R_DHQTi_copy2,CLU_BIOMD0000001093,train,empty_constrained,True,3-4,chebi+kegg_compound,no_candidates,0
BIOMD0000001093,R_DHSKDH,CLU_BIOMD0000001093,train,empty_constrained,True,3-4,chebi+kegg_compound,no_candidates,0
BIOMD0000001093,R_DMALRED,CLU_BIOMD0000001093,train,retrievable_top1_success,True,3-4,chebi+kegg_compound,ok,1
BIOMD0000001093,R_DMATT,CLU_BIOMD0000001093,train,retrievable_top1_success,True,3-4,chebi+kegg_compound,ok,1
BIOMD0000001093,R_DNMPPA,CLU_BIOMD0000001093,train,empty_constrained,True,3-4,chebi+kegg_compound,no_candidates,0
BIOMD0000001093,R_DNTPPA,CLU_BIOMD0000001093,train,empty_constrained,True,5-6,chebi+kegg_compound,no_candidates,0
BIOMD0000001093,R_DPCOAK,CLU_BIOMD0000001093,train,empty_constrained,True,5-6,chebi+kegg_compound,no_candidates,0
BIOMD0000001093,R_DPR,CLU_BIOMD0000001093,train,empty_constrained,True,5-6,chebi+kegg_compound,no_candidates,0
BIOMD0000001093,R_DTMPK,CLU_BIOMD0000001093,train,retrievable_top1_success,True,3-4,chebi+kegg_compound,ok,1
BIOMD0000001093,R_DURAD,CLU_BIOMD0000001093,train,empty_constrained,True,5-6,chebi+kegg_compound,no_candidates,0
BIOMD0000001093,R_DUTPDP,CLU_BIOMD0000001093,train,empty_constrained,True,5-6,chebi+kegg_compound,no_candidates,0
BIOMD0000001093,R_DXPRIi,CLU_BIOMD0000001093,train,empty_constrained,True,5-6,chebi+kegg_compound,no_candidates,0
BIOMD0000001093,R_DXPS,CLU_BIOMD0000001093,train,empty_constrained,True,5-6,chebi+kegg_compound,no_candidates,0
BIOMD0000001093,R_E4PD,CLU_BIOMD0000001093,train,empty_constrained,True,5-6,chebi+kegg_compound,no_candidates,0
BIOMD0000001093,R_ECOAH1,CLU_BIOMD0000001093,train,empty_constrained,True,3-4,chebi+kegg_compound,no_candidates,0
BIOMD0000001093,R_ECOAH12,CLU_BIOMD0000001093,train,empty_constrained,True,3-4,chebi+kegg_compound,no_candidates,0
BIOMD0000001093,R_ECOAH2,CLU_BIOMD0000001093,train,empty_constrained,True,3-4,chebi+kegg_compound,no_candidates,0
BIOMD0000001093,R_ECOAH3,CLU_BIOMD0000001093,train,empty_constrained,True,3-4,chebi+kegg_compound,no_candidates,0
BIOMD0000001093,R_ECOAH4,CLU_BIOMD0000001093,train,empty_constrained,True,3-4,chebi+kegg_compound,no_candidates,0
BIOMD0000001093,R_ECOAH5,CLU_BIOMD0000001093,train,empty_constrained,True,3-4,chebi+kegg_compound,no_candidates,0
BIOMD0000001093,R_ECOAH6,CLU_BIOMD0000001093,train,empty_constrained,True,3-4,chebi+kegg_compound,no_candidates,0
BIOMD0000001093,R_ECOAH7,CLU_BIOMD0000001093,train,empty_constrained,True,3-4,chebi+kegg_compound,no_candidates,0
BIOMD0000001093,R_ECOAH9ir,CLU_BIOMD0000001093,train,empty_constrained,True,3-4,chebi+kegg_compound,no_candidates,0
BIOMD0000001093,R_EDA,CLU_BIOMD0000001093,train,empty_constrained,True,3-4,chebi+kegg_compound,no_candidates,0
BIOMD0000001093,R_EDD,CLU_BIOMD0000001093,train,empty_constrained,True,3-4,chebi+kegg_compound,no_candidates,0
BIOMD0000001093,R_EGMEACPR,CLU_BIOMD0000001093,train,empty_constrained,True,5-6,chebi+kegg_compound,no_candidates,0
BIOMD0000001093,R_ENO,CLU_BIOMD0000001093,train,empty_constrained,True,3-4,chebi+kegg_compound,no_candidates,0
BIOMD0000001093,R_EPMEACPR,CLU_BIOMD0000001093,train,empty_constrained,True,5-6,chebi+kegg_compound,no_candidates,0
BIOMD0000001093,R_ETHAAL,CLU_BIOMD0000001093,train,empty_constrained,True,3-4,chebi+kegg_compound,no_candidates,0
BIOMD0000001093,R_ETHP,CLU_BIOMD0000001093,train,empty_constrained,True,3-4,chebi+kegg_compound,no_candidates,0
BIOMD0000001093,R_FACOAE160,CLU_BIOMD0000001093,train,empty_constrained,True,5-6,chebi+kegg_compound,no_candidates,0
BIOMD0000001093,R_FACOAE180,CLU_BIOMD0000001093,train,empty_constrained,True,5-6,chebi+kegg_compound,no_candidates,0
BIOMD0000001093,R_FACOAE1829Z12Z,CLU_BIOMD0000001093,train,empty_constrained,True,5-6,chebi+kegg_compound,no_candidates,0
BIOMD0000001093,R_FACOAL160,CLU_BIOMD0000001093,train,retrievable_rerank_failure,True,5-6,chebi+kegg_compound,ok,2
BIOMD0000001093,R_FALDH2,CLU_BIOMD0000001093,train,empty_constrained,True,5-6,chebi+kegg_compound,no_candidates,0
BIOMD0000001093,R_FALGTHLs,CLU_BIOMD0000001093,train,retrievable_top1_success,True,3-4,chebi+kegg_compound,ok,1
BIOMD0000001093,R_FBA,CLU_BIOMD0000001093,train,retrievable_top1_success,True,3-4,chebi+kegg_compound,ok,2
BIOMD0000001093,R_FCLT,CLU_BIOMD0000001093,train,retrievable_top1_success,True,3-4,chebi+kegg_compound,ok,1
BIOMD0000001093,R_FDH,CLU_BIOMD0000001093,train,empty_constrained,True,3-4,chebi+kegg_compound,no_candidates,0
BIOMD0000001093,R_FDMO2,CLU_BIOMD0000001093,train,empty_constrained,True,7+,chebi+kegg_compound,no_candidates,0
BIOMD0000001093,R_FEROpp,CLU_BIOMD0000001093,train,empty_constrained,True,5-6,chebi+kegg_compound,no_candidates,0
BIOMD0000001093,R_FERULCOAS,CLU_BIOMD0000001093,train,empty_constrained,True,5-6,chebi+kegg_compound,no_candidates,0
BIOMD0000001093,R_FMETTRS,CLU_BIOMD0000001093,train,empty_constrained,True,5-6,chebi+kegg_compound,no_candidates,0
BIOMD0000001093,R_FMNAT,CLU_BIOMD0000001093,train,empty_constrained,True,5-6,chebi+kegg_compound,no_candidates,0
BIOMD0000001093,R_FMNRx,CLU_BIOMD0000001093,train,empty_constrained,True,5-6,chebi+kegg_compound,no_candidates,0
BIOMD0000001093,R_FMNRx2_copy1,CLU_BIOMD0000001093,train,empty_constrained,True,5-6,chebi+kegg_compound,no_candidates,0
BIOMD0000001093,R_FMNRx2_copy2,CLU_BIOMD0000001093,train,empty_constrained,True,5-6,chebi+kegg_compound,no_candidates,0
BIOMD0000001093,R_FOMETRi,CLU_BIOMD0000001093,train,empty_constrained,True,3-4,chebi+kegg_compound,no_candidates,0
BIOMD0000001093,R_FTHFCL,CLU_BIOMD0000001093,train,retrievable_top1_success,True,5-6,chebi+kegg_compound,ok,1
BIOMD0000001093,R_FTHFD,CLU_BIOMD0000001093,train,empty_constrained,True,5-6,chebi+kegg_compound,no_candidates,0
BIOMD0000001093,R_FUM,CLU_BIOMD0000001093,train,empty_constrained,True,3-4,chebi+kegg_compound,no_candidates,0
BIOMD0000001093,R_FUMAC,CLU_BIOMD0000001093,train,empty_constrained,True,5-6,chebi+kegg_compound,no_candidates,0
BIOMD0000001093,R_G1PTT,CLU_BIOMD0000001093,train,empty_constrained,True,5-6,chebi+kegg_compound,no_candidates,0
BIOMD0000001093,R_G1SAT,CLU_BIOMD0000001093,train,empty_constrained,True,1-2,chebi+kegg_compound,no_candidates,0
BIOMD0000001093,R_G2PP,CLU_BIOMD0000001093,train,empty_constrained,True,3-4,chebi+kegg_compound,no_candidates,0
BIOMD0000001093,R_G3PD2,CLU_BIOMD0000001093,train,empty_constrained,True,5-6,chebi+kegg_compound,no_candidates,0
BIOMD0000001093,R_G5SADs,CLU_BIOMD0000001093,train,empty_constrained,True,3-4,chebi+kegg_compound,no_candidates,0
BIOMD0000001093,R_G5SD_copy1,CLU_BIOMD0000001093,train,empty_constrained,True,5-6,chebi+kegg_compound,no_candidates,0
BIOMD0000001093,R_G5SD_copy2,CLU_BIOMD0000001093,train,empty_constrained,True,5-6,chebi+kegg_compound,no_candidates,0
BIOMD0000001093,R_G6PBDH,CLU_BIOMD0000001093,train,empty_constrained,True,5-6,chebi+kegg_compound,no_candidates,0
BIOMD0000001093,R_G6PDH2r,CLU_BIOMD0000001093,train,empty_constrained,True,5-6,chebi+kegg_compound,no_candidates,0
BIOMD0000001093,R_GALCTD,CLU_BIOMD0000001093,train,empty_constrained,True,3-4,chebi+kegg_compound,no_candidates,0
BIOMD0000001093,R_GALUi,CLU_BIOMD0000001093,train,empty_constrained,True,5-6,chebi+kegg_compound,no_candidates,0
BIOMD0000001093,R_GAPD,CLU_BIOMD0000001093,train,empty_constrained,True,5-6,chebi+kegg_compound,no_candidates,0
BIOMD0000001093,R_GAPDi_nadp,CLU_BIOMD0000001093,train,empty_constrained,True,5-6,chebi+kegg_compound,no_candidates,0
BIOMD0000001093,R_GARFT,CLU_BIOMD0000001093,train,empty_constrained,True,5-6,chebi+kegg_compound,no_candidates,0
BIOMD0000001093,R_GART,CLU_BIOMD0000001093,train,empty_constrained,True,7+,chebi+kegg_compound,no_candidates,0
BIOMD0000001093,R_GCALDD,CLU_BIOMD0000001093,train,empty_constrained,True,5-6,chebi+kegg_compound,no_candidates,0
BIOMD0000001093,R_GDBTALDH,CLU_BIOMD0000001093,train,empty_constrained,True,5-6,chebi+kegg_compound,no_candidates,0
BIOMD0000001093,R_GGGABAH,CLU_BIOMD0000001093,train,empty_constrained,True,3-4,chebi+kegg_compound,no_candidates,0
BIOMD0000001093,R_GHMT2r,CLU_BIOMD0000001093,train,empty_constrained,True,5-6,chebi+kegg_compound,no_candidates,0
BIOMD0000001093,R_GK1,CLU_BIOMD0000001093,train,retrievable_top1_success,True,3-4,chebi+kegg_compound,ok,1
BIOMD0000001093,R_GLCOAS,CLU_BIOMD0000001093,train,retrievable_top1_success,True,5-6,chebi+kegg_compound,ok,1
BIOMD0000001093,R_GLCRD,CLU_BIOMD0000001093,train,empty_constrained,True,3-4,chebi+kegg_compound,no_candidates,0
BIOMD0000001093,R_GLGC,CLU_BIOMD0000001093,train,empty_constrained,True,5-6,chebi+kegg_compound,no_candidates,0
BIOMD0000001093,R_GLNS_copy1,CLU_BIOMD0000001093,train,empty_constrained,True,7+,chebi+kegg_compound,no_candidates,0
BIOMD0000001093,R_GLNS_copy2,CLU_BIOMD0000001093,train,empty_constrained,True,7+,chebi+kegg_compound,no_candidates,0
BIOMD0000001093,R_GLNTRAT,CLU_BIOMD0000001093,train,empty_constrained,True,7+,chebi+kegg_compound,no_candidates,0
BIOMD0000001093,R_GLNTRS,CLU_BIOMD0000001093,train,empty_constrained,True,5-6,chebi+kegg_compound,no_candidates,0
BIOMD0000001093,R_GLU5K,CLU_BIOMD0000001093,train,retrievable_top1_success,True,3-4,chebi+kegg_compound,ok,1
BIOMD0000001093,R_GLUCYS_copy1,CLU_BIOMD0000001093,train,empty_constrained,True,7+,chebi+kegg_compound,no_candidates,0
BIOMD0000001093,R_GLUCYS_copy2,CLU_BIOMD0000001093,train,empty_constrained,True,7+,chebi+kegg_compound,no_candidates,0
BIOMD0000001093,R_GLUDxi,CLU_BIOMD0000001093,train,empty_constrained,True,7+,chebi+kegg_compound,no_candidates,0
BIOMD0000001093,R_GLUDy,CLU_BIOMD0000001093,train,empty_constrained,True,7+,chebi+kegg_compound,no_candidates,0
BIOMD0000001093,R_GLUNpp,CLU_BIOMD0000001093,train,empty_constrained,True,3-4,chebi+kegg_compound,no_candidates,0
BIOMD0000001093,R_GLUPRT,CLU_BIOMD0000001093,train,empty_constrained,True,5-6,chebi+kegg_compound,no_candidates,0
BIOMD0000001093,R_GLUR,CLU_BIOMD0000001093,train,empty_constrained,True,1-2,chebi+kegg_compound,no_candidates,0
BIOMD0000001093,R_GLUSy,CLU_BIOMD0000001093,train,empty_constrained,True,5-6,chebi+kegg_compound,no_candidates,0
BIOMD0000001093,R_GLUTCOADHc,CLU_BIOMD0000001093,train,empty_constrained,True,5-6,chebi+kegg_compound,no_candidates,0
BIOMD0000001093,R_GLUTRR,CLU_BIOMD0000001093,train,empty_constrained,True,5-6,chebi+kegg_compound,no_candidates,0
BIOMD0000001093,R_GLUTRS,CLU_BIOMD0000001093,train,empty_constrained,True,5-6,chebi+kegg_compound,no_candidates,0
BIOMD0000001093,R_GLXCL,CLU_BIOMD0000001093,train,empty_constrained,True,3-4,chebi+kegg_compound,no_candidates,0
BIOMD0000001093,R_GLXO3r,CLU_BIOMD0000001093,train,empty_constrained,True,5-6,chebi+kegg_compound,no_candidates,0
BIOMD0000001093,R_GLYALDDr,CLU_BIOMD0000001093,train,empty_constrained,True,5-6,chebi+kegg_compound,no_candidates,0
BIOMD0000001093,R_GLYCK,CLU_BIOMD0000001093,train,empty_constrained,True,5-6,chebi+kegg_compound,no_candidates,0
BIOMD0000001093,R_GLYCL,CLU_BIOMD0000001093,train,empty_constrained,True,7+,chebi+kegg_compound,no_candidates,0
BIOMD0000001093,R_GLYCLTDx,CLU_BIOMD0000001093,train,empty_constrained,True,5-6,chebi+kegg_compound,no_candidates,0
BIOMD0000001093,R_GLYCLTDy,CLU_BIOMD0000001093,train,empty_constrained,True,5-6,chebi+kegg_compound,no_candidates,0
BIOMD0000001093,R_GLYCTO1,CLU_BIOMD0000001093,train,retrievable_top1_success,True,3-4,chebi+kegg_compound,ok,1
BIOMD0000001093,R_GLYK,CLU_BIOMD0000001093,train,empty_constrained,True,5-6,chebi+kegg_compound,no_candidates,0
BIOMD0000001093,R_GLYO1,CLU_BIOMD0000001093,train,empty_constrained,True,5-6,chebi+kegg_compound,no_candidates,0
BIOMD0000001093,R_GLYOX,CLU_BIOMD0000001093,train,empty_constrained,True,5-6,chebi+kegg_compound,no_candidates,0
BIOMD0000001093,R_GLYTRS,CLU_BIOMD0000001093,train,retrievable_top1_success,True,5-6,chebi+kegg_compound,ok,1
BIOMD0000001093,R_GMAND,CLU_BIOMD0000001093,train,empty_constrained,True,3-4,chebi+kegg_compound,no_candidates,0
BIOMD0000001093,R_GMHEPAT,CLU_BIOMD0000001093,train,empty_constrained,True,5-6,chebi+kegg_compound,no_candidates,0
BIOMD0000001093,R_GMPS2,CLU_BIOMD0000001093,train,empty_constrained,True,7+,chebi+kegg_compound,no_candidates,0
BIOMD0000001093,R_GND,CLU_BIOMD0000001093,train,empty_constrained,True,5-6,chebi+kegg_compound,no_candidates,0
BIOMD0000001093,R_GNK,CLU_BIOMD0000001093,train,empty_constrained,True,5-6,chebi+kegg_compound,no_candidates,0
BIOMD0000001093,R_GNNUC,CLU_BIOMD0000001093,train,empty_constrained,True,3-4,chebi+kegg_compound,no_candidates,0
BIOMD0000001093,R_GPDDA2,CLU_BIOMD0000001093,train,empty_constrained,True,5-6,chebi+kegg_compound,no_candidates,0
BIOMD0000001093,R_GRTT,CLU_BIOMD0000001093,train,empty_constrained,True,3-4,chebi+kegg_compound,no_candidates,0
BIOMD0000001093,R_GTHOr,CLU_BIOMD0000001093,train,empty_constrained,True,5-6,chebi+kegg_compound,no_candidates,0
BIOMD0000001093,R_GTHPi,CLU_BIOMD0000001093,train,empty_constrained,True,3-4,chebi+kegg_compound,no_candidates,0
BIOMD0000001093,R_GTHRDHpp,CLU_BIOMD0000001093,train,empty_constrained,True,3-4,chebi+kegg_compound,no_candidates,0
BIOMD0000001093,R_GTHS,CLU_BIOMD0000001093,train,empty_constrained,True,7+,chebi+kegg_compound,no_candidates,0
BIOMD0000001093,R_GTPCI,CLU_BIOMD0000001093,train,empty_constrained,True,5-6,chebi+kegg_compound,no_candidates,0
BIOMD0000001093,R_GTPCII2,CLU_BIOMD0000001093,train,empty_constrained,True,5-6,chebi+kegg_compound,no_candidates,0
BIOMD0000001093,R_GTPDPDP,CLU_BIOMD0000001093,train,empty_constrained,True,5-6,chebi+kegg_compound,no_candidates,0
BIOMD0000001093,R_GTPDPK,CLU_BIOMD0000001093,train,empty_constrained,True,5-6,chebi+kegg_compound,no_candidates,0
BIOMD0000001093,R_GUACYC,CLU_BIOMD0000001093,train,retrievable_top1_success,True,3-4,chebi+kegg_compound,ok,1
BIOMD0000001093,R_GUAD,CLU_BIOMD0000001093,train,empty_constrained,True,5-6,chebi+kegg_compound,no_candidates,0
BIOMD0000001093,R_GUAPRT,CLU_BIOMD0000001093,train,empty_constrained,True,3-4,chebi+kegg_compound,no_candidates,0
BIOMD0000001093,R_GUDBUTNAH,CLU_BIOMD0000001093,train,empty_constrained,True,3-4,chebi+kegg_compound,no_candidates,0
BIOMD0000001093,R_HACD1i,CLU_BIOMD0000001093,train,empty_constrained,True,5-6,chebi+kegg_compound,no_candidates,0
BIOMD0000001093,R_HACD2i,CLU_BIOMD0000001093,train,empty_constrained,True,5-6,chebi+kegg_compound,no_candidates,0
BIOMD0000001093,R_HACD3i,CLU_BIOMD0000001093,train,empty_constrained,True,5-6,chebi+kegg_compound,no_candidates,0
BIOMD0000001093,R_HACD4i,CLU_BIOMD0000001093,train,empty_constrained,True,5-6,chebi+kegg_compound,no_candidates,0
BIOMD0000001093,R_HACD5i,CLU_BIOMD0000001093,train,empty_constrained,True,5-6,chebi+kegg_compound,no_candidates,0
BIOMD0000001093,R_HACD6i,CLU_BIOMD0000001093,train,empty_constrained,True,5-6,chebi+kegg_compound,no_candidates,0
BIOMD0000001093,R_HACD7i,CLU_BIOMD0000001093,train,empty_constrained,True,5-6,chebi+kegg_compound,no_candidates,0
BIOMD0000001093,R_HACD9,CLU_BIOMD0000001093,train,empty_constrained,True,5-6,chebi+kegg_compound,no_candidates,0
BIOMD0000001093,R_HADPCOADH3,CLU_BIOMD0000001093,train,empty_constrained,True,5-6,chebi+kegg_compound,no_candidates,0
BIOMD0000001093,R_HBZOPT,CLU_BIOMD0000001093,train,empty_constrained,True,3-4,chebi+kegg_compound,no_candidates,0
BIOMD0000001093,R_HCO3E,CLU_BIOMD0000001093,train,empty_constrained,True,3-4,chebi+kegg_compound,no_candidates,0
BIOMD0000001093,R_HCYSMT,CLU_BIOMD0000001093,train,empty_constrained,True,5-6,chebi+kegg_compound,no_candidates,0
BIOMD0000001093,R_HCYSMT2,CLU_BIOMD0000001093,train,empty_constrained,True,3-4,chebi+kegg_compound,no_candidates,0
BIOMD0000001093,R_HDH,CLU_BIOMD0000001093,train,empty_constrained,True,5-6,chebi+kegg_compound,no_candidates,0
BIOMD0000001093,R_HEMEOS,CLU_BIOMD0000001093,train,empty_constrained,True,5-6,chebi+kegg_compound,no_candidates,0
BIOMD0000001093,R_HEX1,CLU_BIOMD0000001093,train,empty_constrained,True,5-6,chebi+kegg_compound,no_candidates,0
BIOMD0000001093,R_HGNTOR,CLU_BIOMD0000001093,train,empty_constrained,True,3-4,chebi+kegg_compound,no_candidates,0
BIOMD0000001093,R_HISDr,CLU_BIOMD0000001093,train,empty_constrained,True,3-4,chebi+kegg_compound,no_candidates,0
BIOMD0000001093,R_HISTD,CLU_BIOMD0000001093,train,empty_constrained,True,5-6,chebi+kegg_compound,no_candidates,0
BIOMD0000001093,R_HISTP,CLU_BIOMD0000001093,train,empty_constrained,True,3-4,chebi+kegg_compound,no_candidates,0
BIOMD0000001093,R_HISTRS,CLU_BIOMD0000001093,train,empty_constrained,True,5-6,chebi+kegg_compound,no_candidates,0
BIOMD0000001093,R_HMBS,CLU_BIOMD0000001093,train,empty_constrained,True,3-4,chebi+kegg_compound,no_candidates,0
BIOMD0000001093,R_HMSD,CLU_BIOMD0000001093,train,empty_constrained,True,5-6,chebi+kegg_compound,no_candidates,0
BIOMD0000001093,R_HMSD2,CLU_BIOMD0000001093,train,empty_constrained,True,5-6,chebi+kegg_compound,no_candidates,0
BIOMD0000001093,R_HMSH2,CLU_BIOMD0000001093,train,empty_constrained,True,5-6,chebi+kegg_compound,no_candidates,0
BIOMD0000001093,R_HOPNTAL,CLU_BIOMD0000001093,train,empty_constrained,True,3-4,chebi+kegg_compound,no_candidates,0
BIOMD0000001093,R_HOPNTAL2,CLU_BIOMD0000001093,train,empty_constrained,True,3-4,chebi+kegg_compound,no_candidates,0
BIOMD0000001093,R_HPYRI,CLU_BIOMD0000001093,train,retrievable_top1_success,True,1-2,chebi+kegg_compound,ok,1
BIOMD0000001093,R_HPYRRx,CLU_BIOMD0000001093,train,empty_constrained,True,5-6,chebi+kegg_compound,no_candidates,0
BIOMD0000001093,R_HPYRRy,CLU_BIOMD0000001093,train,empty_constrained,True,5-6,chebi+kegg_compound,no_candidates,0
BIOMD0000001093,R_HSDy,CLU_BIOMD0000001093,train,empty_constrained,True,5-6,chebi+kegg_compound,no_candidates,0
BIOMD0000001093,R_HSERTA,CLU_BIOMD0000001093,train,retrievable_top1_success,True,3-4,chebi+kegg_compound,ok,1
BIOMD0000001093,R_HSK,CLU_BIOMD0000001093,train,empty_constrained,True,5-6,chebi+kegg_compound,no_candidates,0
BIOMD0000001093,R_HSTPT,CLU_BIOMD0000001093,train,empty_constrained,True,3-4,chebi+kegg_compound,no_candidates,0
BIOMD0000001093,R_HXAND,CLU_BIOMD0000001093,train,empty_constrained,True,5-6,chebi+kegg_compound,no_candidates,0
BIOMD0000001093,R_HXPRT,CLU_BIOMD0000001093,train,empty_constrained,True,3-4,chebi+kegg_compound,no_candidates,0
BIOMD0000001093,R_ICDHyr,CLU_BIOMD0000001093,train,empty_constrained,True,5-6,chebi+kegg_compound,no_candidates,0
BIOMD0000001093,R_ICL,CLU_BIOMD0000001093,train,retrievable_top1_success,True,3-4,chebi+kegg_compound,ok,1
BIOMD0000001093,R_IG3PS,CLU_BIOMD0000001093,train,empty_constrained,True,5-6,chebi+kegg_compound,no_candidates,0
BIOMD0000001093,R_IGPDH,CLU_BIOMD0000001093,train,empty_constrained,True,3-4,chebi+kegg_compound,no_candidates,0
BIOMD0000001093,R_IGPS,CLU_BIOMD0000001093,train,empty_constrained,True,5-6,chebi+kegg_compound,no_candidates,0
BIOMD0000001093,R_ILETA,CLU_BIOMD0000001093,train,retrievable_top1_success,True,3-4,chebi+kegg_compound,ok,1
BIOMD0000001093,R_ILETRS,CLU_BIOMD0000001093,train,empty_constrained,True,5-6,chebi+kegg_compound,no_candidates,0
BIOMD0000001093,R_IMPC,CLU_BIOMD0000001093,train,empty_constrained,True,3-4,chebi+kegg_compound,no_candidates,0
BIOMD0000001093,R_IMPD,CLU_BIOMD0000001093,train,empty_constrained,True,5-6,chebi+kegg_compound,no_candidates,0
BIOMD0000001093,R_INSH,CLU_BIOMD0000001093,train,empty_constrained,True,3-4,chebi+kegg_compound,no_candidates,0
BIOMD0000001093,R_IPDDI,CLU_BIOMD0000001093,train,retrievable_top1_success,True,1-2,chebi+kegg_compound,ok,1
BIOMD0000001093,R_IPMD,CLU_BIOMD0000001093,train,empty_constrained,True,5-6,chebi+kegg_compound,no_candidates,0
BIOMD0000001093,R_IPPMIa,CLU_BIOMD0000001093,train,empty_constrained,True,3-4,chebi+kegg_compound,no_candidates,0
BIOMD0000001093,R_IPPMIb,CLU_BIOMD0000001093,train,empty_constrained,True,3-4,chebi+kegg_compound,no_candidates,0
BIOMD0000001093,R_IPPS,CLU_BIOMD0000001093,train,empty_constrained,True,5-6,chebi+kegg_compound,no_candidates,0
BIOMD0000001093,R_IZPN,CLU_BIOMD0000001093,train,empty_constrained,True,3-4,chebi+kegg_compound,no_candidates,0
BIOMD0000001093,R_KARA1,CLU_BIOMD0000001093,train,empty_constrained,True,5-6,chebi+kegg_compound,no_candidates,0
BIOMD0000001093,R_KAS14,CLU_BIOMD0000001093,train,empty_constrained,True,5-6,chebi+kegg_compound,no_candidates,0
BIOMD0000001093,R_KAS15,CLU_BIOMD0000001093,train,empty_constrained,True,5-6,chebi+kegg_compound,no_candidates,0
BIOMD0000001093,R_KAT1,CLU_BIOMD0000001093,train,empty_constrained,True,3-4,chebi+kegg_compound,no_candidates,0
BIOMD0000001093,R_KDOPS,CLU_BIOMD0000001093,train,empty_constrained,True,5-6,chebi+kegg_compound,no_candidates,0
BIOMD0000001093,R_LCADi,CLU_BIOMD0000001093,train,empty_constrained,True,5-6,chebi+kegg_compound,no_candidates,0
BIOMD0000001093,R_LDH_D,CLU_BIOMD0000001093,train,empty_constrained,True,5-6,chebi+kegg_compound,no_candidates,0
BIOMD0000001093,R_LEUTA,CLU_BIOMD0000001093,train,retrievable_top1_success,True,3-4,chebi+kegg_compound,ok,1
BIOMD0000001093,R_LEUTRS,CLU_BIOMD0000001093,train,empty_constrained,True,5-6,chebi+kegg_compound,no_candidates,0
BIOMD0000001093,R_LGTHL,CLU_BIOMD0000001093,train,empty_constrained,True,3-4,chebi+kegg_compound,no_candidates,0
BIOMD0000001093,R_LLEUDr,CLU_BIOMD0000001093,train,empty_constrained,True,7+,chebi+kegg_compound,no_candidates,0
BIOMD0000001093,R_LPCOXc,CLU_BIOMD0000001093,train,empty_constrained,True,5-6,chebi+kegg_compound,no_candidates,0
BIOMD0000001093,R_LSERDHr,CLU_BIOMD0000001093,train,empty_constrained,True,5-6,chebi+kegg_compound,no_candidates,0
BIOMD0000001093,R_LTDCL,CLU_BIOMD0000001093,train,empty_constrained,True,3-4,chebi+kegg_compound,no_candidates,0
BIOMD0000001093,R_LYSDC,CLU_BIOMD0000001093,train,empty_constrained,True,3-4,chebi+kegg_compound,no_candidates,0
BIOMD0000001093,R_LYSMO,CLU_BIOMD0000001093,train,empty_constrained,True,5-6,chebi+kegg_compound,no_candidates,0
BIOMD0000001093,R_LYSRC,CLU_BIOMD0000001093,train,retrievable_top1_success,True,1-2,chebi+kegg_compound,ok,1
BIOMD0000001093,R_LYSTRS,CLU_BIOMD0000001093,train,empty_constrained,True,5-6,chebi+kegg_compound,no_candidates,0
BIOMD0000001093,R_MACACI,CLU_BIOMD0000001093,train,retrievable_top1_success,True,1-2,chebi+kegg_compound,ok,1
BIOMD0000001093,R_MACCOAT,CLU_BIOMD0000001093,train,empty_constrained,True,3-4,chebi+kegg_compound,no_candidates,0
BIOMD0000001093,R_MACPD,CLU_BIOMD0000001093,train,empty_constrained,True,3-4,chebi+kegg_compound,no_candidates,0
BIOMD0000001093,R_MALEI,CLU_BIOMD0000001093,train,empty_constrained,True,1-2,chebi+kegg_compound,no_candidates,0
BIOMD0000001093,R_MALS,CLU_BIOMD0000001093,train,empty_constrained,True,5-6,chebi+kegg_compound,no_candidates,0
BIOMD0000001093,R_MAN1PT,CLU_BIOMD0000001093,train,empty_constrained,True,5-6,chebi+kegg_compound,no_candidates,0
BIOMD0000001093,R_MAN1PT2,CLU_BIOMD0000001093,train,empty_constrained,True,5-6,chebi+kegg_compound,no_candidates,0
BIOMD0000001093,R_MAN6PI,CLU_BIOMD0000001093,train,retrievable_top1_success,True,1-2,chebi+kegg_compound,ok,2
BIOMD0000001093,R_MBCOAi,CLU_BIOMD0000001093,train,retrievable_top1_success,True,3-4,chebi+kegg_compound,ok,1
BIOMD0000001093,R_MCCC,CLU_BIOMD0000001093,train,empty_constrained,True,7+,chebi+kegg_compound,no_candidates,0
BIOMD0000001093,R_MCITD,CLU_BIOMD0000001093,train,empty_constrained,True,3-4,chebi+kegg_compound,no_candidates,0
BIOMD0000001093,R_MCITL2,CLU_BIOMD0000001093,train,retrievable_top1_success,True,3-4,chebi+kegg_compound,ok,1
BIOMD0000001093,R_MCITS,CLU_BIOMD0000001093,train,empty_constrained,True,5-6,chebi+kegg_compound,no_candidates,0
BIOMD0000001093,R_MCOATA,CLU_BIOMD0000001093,train,retrievable_top1_success,True,3-4,chebi+kegg_compound,ok,1
BIOMD0000001093,R_MCSNAH,CLU_BIOMD0000001093,train,empty_constrained,True,5-6,chebi+kegg_compound,no_candidates,0
BIOMD0000001093,R_MDH,CLU_BIOMD0000001093,train,empty_constrained,True,5-6,chebi+kegg_compound,no_candidates,0
BIOMD0000001093,R_ME2,CLU_BIOMD0000001093,train,empty_constrained,True,5-6,chebi+kegg_compound,no_candidates,0
BIOMD0000001093,R_MECDPS_copy1,CLU_BIOMD0000001093,train,retrievable_top1_success,True,3-4,chebi+kegg_compound,ok,1
BIOMD0000001093,R_MECDPS_copy2,CLU_BIOMD0000001093,train,retrievable_top1_success,True,3-4,chebi+kegg_compound,ok,1
BIOMD0000001093,R_MEPCT,CLU_BIOMD0000001093,train,empty_constrained,True,5-6,chebi+kegg_compound,no_candidates,0
BIOMD0000001093,R_METAT,CLU_BIOMD0000001093,train,empty_constrained,True,5-6,chebi+kegg_compound,no_candidates,0
BIOMD0000001093,R_METGL,CLU_BIOMD0000001093,train,empty_constrained,True,5-6,chebi+kegg_compound,no_candidates,0
BIOMD0000001093,R_METS,CLU_BIOMD0000001093,train,empty_constrained,True,5-6,chebi+kegg_compound,no_candidates,0
BIOMD0000001093,R_METSOXR1,CLU_BIOMD0000001093,train,empty_constrained,True,5-6,chebi+kegg_compound,no_candidates,0
BIOMD0000001093,R_METSOXR2,CLU_BIOMD0000001093,train,empty_constrained,True,5-6,chebi+kegg_compound,no_candidates,0
BIOMD0000001093,R_METTRS,CLU_BIOMD0000001093,train,empty_constrained,True,5-6,chebi+kegg_compound,no_candidates,0
BIOMD0000001093,R_MI1PP,CLU_BIOMD0000001093,train,empty_constrained,True,3-4,chebi+kegg_compound,no_candidates,0
BIOMD0000001093,R_MICITDr,CLU_BIOMD0000001093,train,empty_constrained,True,3-4,chebi+kegg_compound,no_candidates,0
BIOMD0000001093,R_MMSAD3,CLU_BIOMD0000001093,train,empty_constrained,True,5-6,chebi+kegg_compound,no_candidates,0
BIOMD0000001093,R_MMTSAO,CLU_BIOMD0000001093,train,empty_constrained,True,5-6,chebi+kegg_compound,no_candidates,0
BIOMD0000001093,R_MOHMT,CLU_BIOMD0000001093,train,empty_constrained,True,5-6,chebi+kegg_compound,no_candidates,0
BIOMD0000001093,R_MPTAT,CLU_BIOMD0000001093,train,empty_constrained,True,5-6,chebi+kegg_compound,no_candidates,0
BIOMD0000001093,R_MTHFC,CLU_BIOMD0000001093,train,empty_constrained,True,3-4,chebi+kegg_compound,no_candidates,0
BIOMD0000001093,R_MTHFD,CLU_BIOMD0000001093,train,empty_constrained,True,3-4,chebi+kegg_compound,no_candidates,0
BIOMD0000001093,R_MTHFR2,CLU_BIOMD0000001093,train,empty_constrained,True,5-6,chebi+kegg_compound,no_candidates,0
BIOMD0000001093,R_MTI,CLU_BIOMD0000001093,train,empty_constrained,True,1-2,chebi+kegg_compound,no_candidates,0
BIOMD0000001093,R_MTOLDOX,CLU_BIOMD0000001093,train,empty_constrained,True,5-6,chebi+kegg_compound,no_candidates,0
BIOMD0000001093,R_MTRI,CLU_BIOMD0000001093,train,retrievable_top1_success,True,1-2,chebi+kegg_compound,ok,1
BIOMD0000001093,R_MUCCYCI,CLU_BIOMD0000001093,train,empty_constrained,True,3-4,chebi+kegg_compound,no_candidates,0
BIOMD0000001093,R_MUCCY_kt,CLU_BIOMD0000001093,train,empty_constrained,True,3-4,chebi+kegg_compound,no_candidates,0
BIOMD0000001093,R_MUCLI,CLU_BIOMD0000001093,train,empty_constrained,True,1-2,chebi+kegg_compound,no_candidates,0
BIOMD0000001093,R_MXMO,CLU_BIOMD0000001093,train,empty_constrained,True,7+,chebi+kegg_compound,no_candidates,0
BIOMD0000001093,R_NADDP,CLU_BIOMD0000001093,train,empty_constrained,True,5-6,chebi+kegg_compound,no_candidates,0
BIOMD0000001093,R_NADHPO,CLU_BIOMD0000001093,train,empty_constrained,True,5-6,chebi+kegg_compound,no_candidates,0
BIOMD0000001093,R_NADK,CLU_BIOMD0000001093,train,empty_constrained,True,5-6,chebi+kegg_compound,no_candidates,0
BIOMD0000001093,R_NADN,CLU_BIOMD0000001093,train,empty_constrained,True,5-6,chebi+kegg_compound,no_candidates,0
BIOMD0000001093,R_NADS1,CLU_BIOMD0000001093,train,empty_constrained,True,7+,chebi+kegg_compound,no_candidates,0
BIOMD0000001093,R_NADTRHD,CLU_BIOMD0000001093,train,empty_constrained,True,3-4,chebi+kegg_compound,no_candidates,0
BIOMD0000001093,R_NAMNPP,CLU_BIOMD0000001093,train,empty_constrained,True,7+,chebi+kegg_compound,no_candidates,0
BIOMD0000001093,R_NDPK1,CLU_BIOMD0000001093,train,retrievable_top1_success,True,3-4,chebi+kegg_compound,ok,1
BIOMD0000001093,R_NDPK2,CLU_BIOMD0000001093,train,retrievable_top1_success,True,3-4,chebi+kegg_compound,ok,1
BIOMD0000001093,R_NDPK3,CLU_BIOMD0000001093,train,retrievable_top1_success,True,3-4,chebi+kegg_compound,ok,1
BIOMD0000001093,R_NDPK4,CLU_BIOMD0000001093,train,retrievable_top1_success,True,3-4,chebi+kegg_compound,ok,1
BIOMD0000001093,R_NDPK5,CLU_BIOMD0000001093,train,retrievable_top1_success,True,3-4,chebi+kegg_compound,ok,1
BIOMD0000001093,R_NDPK6,CLU_BIOMD0000001093,train,retrievable_top1_success,True,3-4,chebi+kegg_compound,ok,1
BIOMD0000001093,R_NDPK7,CLU_BIOMD0000001093,train,retrievable_top1_success,True,3-4,chebi+kegg_compound,ok,1
BIOMD0000001093,R_NDPK8,CLU_BIOMD0000001093,train,retrievable_top1_success,True,3-4,chebi+kegg_compound,ok,1
BIOMD0000001093,R_NFMLDF,CLU_BIOMD0000001093,train,empty_constrained,True,5-6,chebi+kegg_compound,no_candidates,0
BIOMD0000001093,R_NITR,CLU_BIOMD0000001093,train,empty_constrained,True,5-6,chebi+kegg_compound,no_candidates,0
BIOMD0000001093,R_NMNAT,CLU_BIOMD0000001093,train,empty_constrained,True,5-6,chebi+kegg_compound,no_candidates,0
BIOMD0000001093,R_NMNDA,CLU_BIOMD0000001093,train,empty_constrained,True,3-4,chebi+kegg_compound,no_candidates,0
BIOMD0000001093,R_NNATr,CLU_BIOMD0000001093,train,empty_constrained,True,5-6,chebi+kegg_compound,no_candidates,0
BIOMD0000001093,R_NNDMBRT,CLU_BIOMD0000001093,train,retrievable_top1_success,True,5-6,chebi+kegg_compound,ok,1
BIOMD0000001093,R_NNDPR,CLU_BIOMD0000001093,train,empty_constrained,True,5-6,chebi+kegg_compound,no_candidates,0
BIOMD0000001093,R_NODOx,CLU_BIOMD0000001093,train,empty_constrained,True,5-6,chebi+kegg_compound,no_candidates,0
BIOMD0000001093,R_NODOy,CLU_BIOMD0000001093,train,empty_constrained,True,5-6,chebi+kegg_compound,no_candidates,0
BIOMD0000001093,R_NTD1,CLU_BIOMD0000001093,train,empty_constrained,True,3-4,chebi+kegg_compound,no_candidates,0
BIOMD0000001093,R_NTD10,CLU_BIOMD0000001093,train,empty_constrained,True,3-4,chebi+kegg_compound,no_candidates,0
BIOMD0000001093,R_NTD10pp,CLU_BIOMD0000001093,train,empty_constrained,True,3-4,chebi+kegg_compound,no_candidates,0
BIOMD0000001093,R_NTD11,CLU_BIOMD0000001093,train,empty_constrained,True,3-4,chebi+kegg_compound,no_candidates,0
BIOMD0000001093,R_NTD11pp,CLU_BIOMD0000001093,train,empty_constrained,True,3-4,chebi+kegg_compound,no_candidates,0
BIOMD0000001093,R_NTD1pp,CLU_BIOMD0000001093,train,empty_constrained,True,3-4,chebi+kegg_compound,no_candidates,0
BIOMD0000001093,R_NTD2,CLU_BIOMD0000001093,train,empty_constrained,True,3-4,chebi+kegg_compound,no_candidates,0
BIOMD0000001093,R_NTD2pp,CLU_BIOMD0000001093,train,empty_constrained,True,3-4,chebi+kegg_compound,no_candidates,0
BIOMD0000001093,R_NTD3,CLU_BIOMD0000001093,train,empty_constrained,True,3-4,chebi+kegg_compound,no_candidates,0
BIOMD0000001093,R_NTD3pp,CLU_BIOMD0000001093,train,empty_constrained,True,3-4,chebi+kegg_compound,no_candidates,0
BIOMD0000001093,R_NTD4,CLU_BIOMD0000001093,train,empty_constrained,True,3-4,chebi+kegg_compound,no_candidates,0
BIOMD0000001093,R_NTD4pp,CLU_BIOMD0000001093,train,empty_constrained,True,3-4,chebi+kegg_compound,no_candidates,0
BIOMD0000001093,R_NTD5,CLU_BIOMD0000001093,train,empty_constrained,True,3-4,chebi+kegg_compound,no_candidates,0
BIOMD0000001093,R_NTD5pp,CLU_BIOMD0000001093,train,empty_constrained,True,3-4,chebi+kegg_compound,no_candidates,0
BIOMD0000001093,R_NTD6,CLU_BIOMD0000001093,train,empty_constrained,True,3-4,chebi+kegg_compound,no_candidates,0
BIOMD0000001093,R_NTD6pp,CLU_BIOMD0000001093,train,empty_constrained,True,3-4,chebi+kegg_compound,no_candidates,0
BIOMD0000001093,R_NTD7,CLU_BIOMD0000001093,train,empty_constrained,True,3-4,chebi+kegg_compound,no_candidates,0
BIOMD0000001093,R_NTD7pp,CLU_BIOMD0000001093,train,empty_constrained,True,3-4,chebi+kegg_compound,no_candidates,0
BIOMD0000001093,R_NTD8,CLU_BIOMD0000001093,train,empty_constrained,True,3-4,chebi+kegg_compound,no_candidates,0
BIOMD0000001093,R_NTD8pp,CLU_BIOMD0000001093,train,empty_constrained,True,3-4,chebi+kegg_compound,no_candidates,0
BIOMD0000001093,R_NTD9,CLU_BIOMD0000001093,train,empty_constrained,True,3-4,chebi+kegg_compound,no_candidates,0
BIOMD0000001093,R_NTD9pp,CLU_BIOMD0000001093,train,empty_constrained,True,3-4,chebi+kegg_compound,no_candidates,0
BIOMD0000001093,R_NTP1,CLU_BIOMD0000001093,train,empty_constrained,True,5-6,chebi+kegg_compound,no_candidates,0
BIOMD0000001093,R_NTP10,CLU_BIOMD0000001093,train,empty_constrained,True,5-6,chebi+kegg_compound,no_candidates,0
BIOMD0000001093,R_NTP3,CLU_BIOMD0000001093,train,empty_constrained,True,5-6,chebi+kegg_compound,no_candidates,0
BIOMD0000001093,R_NTP5,CLU_BIOMD0000001093,train,empty_constrained,True,5-6,chebi+kegg_compound,no_candidates,0
BIOMD0000001093,R_NTPP1,CLU_BIOMD0000001093,train,empty_constrained,True,5-6,chebi+kegg_compound,no_candidates,0
BIOMD0000001093,R_NTPP10,CLU_BIOMD0000001093,train,empty_constrained,True,5-6,chebi+kegg_compound,no_candidates,0
BIOMD0000001093,R_NTPP11,CLU_BIOMD0000001093,train,empty_constrained,True,5-6,chebi+kegg_compound,no_candidates,0
BIOMD0000001093,R_NTPP2,CLU_BIOMD0000001093,train,empty_constrained,True,5-6,chebi+kegg_compound,no_candidates,0
BIOMD0000001093,R_NTPP3,CLU_BIOMD0000001093,train,empty_constrained,True,5-6,chebi+kegg_compound,no_candidates,0
BIOMD0000001093,R_NTPP4,CLU_BIOMD0000001093,train,empty_constrained,True,5-6,chebi+kegg_compound,no_candidates,0
BIOMD0000001093,R_NTPP6,CLU_BIOMD0000001093,train,empty_constrained,True,5-6,chebi+kegg_compound,no_candidates,0
BIOMD0000001093,R_NTPP7,CLU_BIOMD0000001093,train,empty_constrained,True,5-6,chebi+kegg_compound,no_candidates,0
BIOMD0000001093,R_NTPP8,CLU_BIOMD0000001093,train,empty_constrained,True,5-6,chebi+kegg_compound,no_candidates,0
BIOMD0000001093,R_NTPP9,CLU_BIOMD0000001093,train,empty_constrained,True,5-6,chebi+kegg_compound,no_candidates,0
BIOMD0000001093,R_NTPTP1,CLU_BIOMD0000001093,train,empty_constrained,True,3-4,chebi+kegg_compound,no_candidates,0
BIOMD0000001093,R_NTRIR2x,CLU_BIOMD0000001093,train,empty_constrained,True,5-6,chebi+kegg_compound,no_candidates,0
BIOMD0000001093,R_OAADC,CLU_BIOMD0000001093,train,empty_constrained,True,3-4,chebi+kegg_compound,no_candidates,0
BIOMD0000001093,R_OARGDC,CLU_BIOMD0000001093,train,empty_constrained,True,3-4,chebi+kegg_compound,no_candidates,0
BIOMD0000001093,R_OCBT,CLU_BIOMD0000001093,train,empty_constrained,True,5-6,chebi+kegg_compound,no_candidates,0
BIOMD0000001093,R_OCOAT1,CLU_BIOMD0000001093,train,empty_constrained,True,3-4,chebi+kegg_compound,no_candidates,0
BIOMD0000001093,R_OCTDPS,CLU_BIOMD0000001093,train,empty_constrained,True,3-4,chebi+kegg_compound,no_candidates,0
BIOMD0000001093,R_OGMEACPD,CLU_BIOMD0000001093,train,empty_constrained,True,3-4,chebi+kegg_compound,no_candidates,0
BIOMD0000001093,R_OHPBAT,CLU_BIOMD0000001093,train,empty_constrained,True,3-4,chebi+kegg_compound,no_candidates,0
BIOMD0000001093,R_OHPHM,CLU_BIOMD0000001093,train,empty_constrained,True,5-6,chebi+kegg_compound,no_candidates,0
BIOMD0000001093,R_OIVD1r,CLU_BIOMD0000001093,train,empty_constrained,True,5-6,chebi+kegg_compound,no_candidates,0
BIOMD0000001093,R_OIVD2,CLU_BIOMD0000001093,train,empty_constrained,True,5-6,chebi+kegg_compound,no_candidates,0
BIOMD0000001093,R_OMCDC,CLU_BIOMD0000001093,train,empty_constrained,True,3-4,chebi+kegg_compound,no_candidates,0
BIOMD0000001093,R_OMPDC,CLU_BIOMD0000001093,train,empty_constrained,True,3-4,chebi+kegg_compound,no_candidates,0
BIOMD0000001093,R_OP4ENH2,CLU_BIOMD0000001093,train,empty_constrained,True,3-4,chebi+kegg_compound,no_candidates,0
BIOMD0000001093,R_OPAH,CLU_BIOMD0000001093,train,empty_constrained,True,7+,chebi+kegg_compound,no_candidates,0
BIOMD0000001093,R_OPHBDC,CLU_BIOMD0000001093,train,empty_constrained,True,3-4,chebi+kegg_compound,no_candidates,0
BIOMD0000001093,R_OPMEACPD,CLU_BIOMD0000001093,train,empty_constrained,True,3-4,chebi+kegg_compound,no_candidates,0
BIOMD0000001093,R_ORNCD,CLU_BIOMD0000001093,train,empty_constrained,True,3-4,chebi+kegg_compound,no_candidates,0
BIOMD0000001093,R_ORNDC,CLU_BIOMD0000001093,train,empty_constrained,True,3-4,chebi+kegg_compound,no_candidates,0
BIOMD0000001093,R_ORPT,CLU_BIOMD0000001093,train,retrievable_top1_success,True,3-4,chebi+kegg_compound,ok,1
BIOMD0000001093,R_OXOAEL,CLU_BIOMD0000001093,train,empty_constrained,True,3-4,chebi+kegg_compound,no_candidates,0
BIOMD0000001093,R_OXPTNDH,CLU_BIOMD0000001093,train,empty_constrained,True,5-6,chebi+kegg_compound,no_candidates,0
BIOMD0000001093,R_P5CD,CLU_BIOMD0000001093,train,empty_constrained,True,5-6,chebi+kegg_compound,no_candidates,0
BIOMD0000001093,R_P5CR,CLU_BIOMD0000001093,train,empty_constrained,True,5-6,chebi+kegg_compound,no_candidates,0
BIOMD0000001093,R_PACCOAL,CLU_BIOMD0000001093,train,empty_constrained,True,5-6,chebi+kegg_compound,no_candidates,0
BIOMD0000001093,R_PANTS,CLU_BIOMD0000001093,train,empty_constrained,True,7+,chebi+kegg_compound,no_candidates,0
BIOMD0000001093,R_PAPSR,CLU_BIOMD0000001093,train,empty_constrained,True,5-6,chebi+kegg_compound,no_candidates,0
BIOMD0000001093,R_PC,CLU_BIOMD0000001093,train,empty_constrained,True,7+,chebi+kegg_compound,no_candidates,0
BIOMD0000001093,R_PC11M,CLU_BIOMD0000001093,train,empty_constrained,True,5-6,chebi+kegg_compound,no_candidates,0
BIOMD0000001093,R_PC17M,CLU_BIOMD0000001093,train,empty_constrained,True,5-6,chebi+kegg_compound,no_candidates,0
BIOMD0000001093,R_PC20M,CLU_BIOMD0000001093,train,retrievable_top1_success,True,5-6,chebi+kegg_compound,ok,1
BIOMD0000001093,R_PC6AR,CLU_BIOMD0000001093,train,empty_constrained,True,5-6,chebi+kegg_compound,no_candidates,0
BIOMD0000001093,R_PC6YM,CLU_BIOMD0000001093,train,empty_constrained,True,5-6,chebi+kegg_compound,no_candidates,0
BIOMD0000001093,R_PC8XM,CLU_BIOMD0000001093,train,empty_constrained,True,3-4,chebi+kegg_compound,no_candidates,0
BIOMD0000001093,R_PCADYOX,CLU_BIOMD0000001093,train,empty_constrained,True,3-4,chebi+kegg_compound,no_candidates,0
BIOMD0000001093,R_PDE1,CLU_BIOMD0000001093,train,empty_constrained,True,3-4,chebi+kegg_compound,no_candidates,0
BIOMD0000001093,R_PDE4,CLU_BIOMD0000001093,train,empty_constrained,True,3-4,chebi+kegg_compound,no_candidates,0
BIOMD0000001093,R_PDH,CLU_BIOMD0000001093,train,empty_constrained,True,5-6,chebi+kegg_compound,no_candidates,0
BIOMD0000001093,R_PDHcr,CLU_BIOMD0000001093,train,empty_constrained,True,5-6,chebi+kegg_compound,no_candidates,0
BIOMD0000001093,R_PDX5POi,CLU_BIOMD0000001093,train,retrievable_top1_success,True,3-4,chebi+kegg_compound,ok,1
BIOMD0000001093,R_PERD,CLU_BIOMD0000001093,train,empty_constrained,True,5-6,chebi+kegg_compound,no_candidates,0
BIOMD0000001093,R_PGAMT,CLU_BIOMD0000001093,train,retrievable_top1_success,True,1-2,chebi+kegg_compound,ok,1
BIOMD0000001093,R_PGCD,CLU_BIOMD0000001093,train,empty_constrained,True,5-6,chebi+kegg_compound,no_candidates,0
BIOMD0000001093,R_PGK,CLU_BIOMD0000001093,train,retrievable_top1_success,True,3-4,chebi+kegg_compound,ok,1
BIOMD0000001093,R_PGL,CLU_BIOMD0000001093,train,empty_constrained,True,3-4,chebi+kegg_compound,no_candidates,0
BIOMD0000001093,R_PGLCNDH,CLU_BIOMD0000001093,train,empty_constrained,True,5-6,chebi+kegg_compound,no_candidates,0
BIOMD0000001093,R_PGLYCP,CLU_BIOMD0000001093,train,empty_constrained,True,3-4,chebi+kegg_compound,no_candidates,0
BIOMD0000001093,R_PGM,CLU_BIOMD0000001093,train,retrievable_top1_success,True,1-2,chebi+kegg_compound,ok,1
BIOMD0000001093,R_PGMT,CLU_BIOMD0000001093,train,empty_constrained,True,1-2,chebi+kegg_compound,no_candidates,0
BIOMD0000001093,R_PHETA1,CLU_BIOMD0000001093,train,retrievable_top1_success,True,3-4,chebi+kegg_compound,ok,1
BIOMD0000001093,R_PHETRS,CLU_BIOMD0000001093,train,empty_constrained,True,5-6,chebi+kegg_compound,no_candidates,0
BIOMD0000001093,R_PMANM,CLU_BIOMD0000001093,train,empty_constrained,True,1-2,chebi+kegg_compound,no_candidates,0
BIOMD0000001093,R_PMDPHT,CLU_BIOMD0000001093,train,empty_constrained,True,3-4,chebi+kegg_compound,no_candidates,0
BIOMD0000001093,R_PMEACPE,CLU_BIOMD0000001093,train,empty_constrained,True,3-4,chebi+kegg_compound,no_candidates,0
BIOMD0000001093,R_PNTK,CLU_BIOMD0000001093,train,empty_constrained,True,5-6,chebi+kegg_compound,no_candidates,0
BIOMD0000001093,R_PPA,CLU_BIOMD0000001093,train,empty_constrained,True,3-4,chebi+kegg_compound,no_candidates,0
BIOMD0000001093,R_PPA2,CLU_BIOMD0000001093,train,empty_constrained,True,5-6,chebi+kegg_compound,no_candidates,0
BIOMD0000001093,R_PPBNGS,CLU_BIOMD0000001093,train,empty_constrained,True,3-4,chebi+kegg_compound,no_candidates,0
BIOMD0000001093,R_PPC,CLU_BIOMD0000001093,train,empty_constrained,True,5-6,chebi+kegg_compound,no_candidates,0
BIOMD0000001093,R_PPCDC,CLU_BIOMD0000001093,train,empty_constrained,True,3-4,chebi+kegg_compound,no_candidates,0
BIOMD0000001093,R_PPCK,CLU_BIOMD0000001093,train,retrievable_top1_success,True,5-6,chebi+kegg_compound,ok,1
BIOMD0000001093,R_PPGPPDP,CLU_BIOMD0000001093,train,empty_constrained,True,3-4,chebi+kegg_compound,no_candidates,0
BIOMD0000001093,R_PPNCL2,CLU_BIOMD0000001093,train,empty_constrained,True,7+,chebi+kegg_compound,no_candidates,0
BIOMD0000001093,R_PPND,CLU_BIOMD0000001093,train,empty_constrained,True,5-6,chebi+kegg_compound,no_candidates,0
BIOMD0000001093,R_PPNDH,CLU_BIOMD0000001093,train,empty_constrained,True,5-6,chebi+kegg_compound,no_candidates,0
BIOMD0000001093,R_PPRGL,CLU_BIOMD0000001093,train,empty_constrained,True,7+,chebi+kegg_compound,no_candidates,0
BIOMD0000001093,R_PPS,CLU_BIOMD0000001093,train,empty_constrained,True,7+,chebi+kegg_compound,no_candidates,0
BIOMD0000001093,R_PPYRDC,CLU_BIOMD0000001093,train,empty_constrained,True,3-4,chebi+kegg_compound,no_candidates,0
BIOMD0000001093,R_PRAIi_copy1,CLU_BIOMD0000001093,train,empty_constrained,True,1-2,chebi+kegg_compound,no_candidates,0
BIOMD0000001093,R_PRAIi_copy2,CLU_BIOMD0000001093,train,empty_constrained,True,1-2,chebi+kegg_compound,no_candidates,0
BIOMD0000001093,R_PRAMPC_copy1,CLU_BIOMD0000001093,train,empty_constrained,True,3-4,chebi+kegg_compound,no_candidates,0
BIOMD0000001093,R_PRAMPC_copy2,CLU_BIOMD0000001093,train,empty_constrained,True,3-4,chebi+kegg_compound,no_candidates,0
BIOMD0000001093,R_PRASCSi_copy1,CLU_BIOMD0000001093,train,empty_constrained,True,7+,chebi+kegg_compound,no_candidates,0
BIOMD0000001093,R_PRASCSi_copy2,CLU_BIOMD0000001093,train,empty_constrained,True,7+,chebi+kegg_compound,no_candidates,0
BIOMD0000001093,R_PRATPP,CLU_BIOMD0000001093,train,empty_constrained,True,5-6,chebi+kegg_compound,no_candidates,0
BIOMD0000001093,R_PRMICI_copy1,CLU_BIOMD0000001093,train,retrievable_top1_success,True,1-2,chebi+kegg_compound,ok,1
BIOMD0000001093,R_PRMICI_copy2,CLU_BIOMD0000001093,train,retrievable_top1_success,True,1-2,chebi+kegg_compound,ok,1
BIOMD0000001093,R_PROD2,CLU_BIOMD0000001093,train,empty_constrained,True,5-6,chebi+kegg_compound,no_candidates,0
BIOMD0000001093,R_PROTRS,CLU_BIOMD0000001093,train,empty_constrained,True,5-6,chebi+kegg_compound,no_candidates,0
BIOMD0000001093,R_PSCVT_copy1,CLU_BIOMD0000001093,train,retrievable_top1_success,True,3-4,chebi+kegg_compound,ok,1
BIOMD0000001093,R_PSCVT_copy2,CLU_BIOMD0000001093,train,retrievable_top1_success,True,3-4,chebi+kegg_compound,ok,1
BIOMD0000001093,R_PSERT,CLU_BIOMD0000001093,train,empty_constrained,True,3-4,chebi+kegg_compound,no_candidates,0
BIOMD0000001093,R_PSP_L,CLU_BIOMD0000001093,train,empty_constrained,True,3-4,chebi+kegg_compound,no_candidates,0
BIOMD0000001093,R_PTA2,CLU_BIOMD0000001093,train,retrievable_top1_success,True,3-4,chebi+kegg_compound,ok,1
BIOMD0000001093,R_PTAr,CLU_BIOMD0000001093,train,retrievable_top1_success,True,3-4,chebi+kegg_compound,ok,1
BIOMD0000001093,R_PTOLDOX,CLU_BIOMD0000001093,train,empty_constrained,True,5-6,chebi+kegg_compound,no_candidates,0
BIOMD0000001093,R_PTPATi,CLU_BIOMD0000001093,train,empty_constrained,True,5-6,chebi+kegg_compound,no_candidates,0
BIOMD0000001093,R_PTRCTA,CLU_BIOMD0000001093,train,empty_constrained,True,3-4,chebi+kegg_compound,no_candidates,0
BIOMD0000001093,R_PUTA3,CLU_BIOMD0000001093,train,empty_constrained,True,5-6,chebi+kegg_compound,no_candidates,0
BIOMD0000001093,R_PXMO,CLU_BIOMD0000001093,train,empty_constrained,True,7+,chebi+kegg_compound,no_candidates,0
BIOMD0000001093,R_PYAM5PO,CLU_BIOMD0000001093,train,empty_constrained,True,5-6,chebi+kegg_compound,no_candidates,0
BIOMD0000001093,R_PYDAMK,CLU_BIOMD0000001093,train,empty_constrained,True,5-6,chebi+kegg_compound,no_candidates,0
BIOMD0000001093,R_PYDXK,CLU_BIOMD0000001093,train,empty_constrained,True,5-6,chebi+kegg_compound,no_candidates,0
BIOMD0000001093,R_PYDXNK,CLU_BIOMD0000001093,train,empty_constrained,True,5-6,chebi+kegg_compound,no_candidates,0
BIOMD0000001093,R_PYK,CLU_BIOMD0000001093,train,empty_constrained,True,5-6,chebi+kegg_compound,no_candidates,0
BIOMD0000001093,R_PYNP2r,CLU_BIOMD0000001093,train,retrievable_top1_success,True,3-4,chebi+kegg_compound,ok,1
BIOMD0000001093,R_PYRDOX,CLU_BIOMD0000001093,train,empty_constrained,True,3-4,chebi+kegg_compound,no_candidates,0
BIOMD0000001093,R_PYRZAM,CLU_BIOMD0000001093,train,empty_constrained,True,3-4,chebi+kegg_compound,no_candidates,0
BIOMD0000001093,R_QUIDH,CLU_BIOMD0000001093,train,retrievable_top1_success,True,3-4,chebi+kegg_compound,ok,1
BIOMD0000001093,R_QULNS,CLU_BIOMD0000001093,train,empty_constrained,True,5-6,chebi+kegg_compound,no_candidates,0
BIOMD0000001093,R_R05219,CLU_BIOMD0000001093,train,empty_constrained,True,7+,chebi+kegg_compound,no_candidates,0
BIOMD0000001093,R_R15BPK,CLU_BIOMD0000001093,train,retrievable_top1_success,True,3-4,chebi+kegg_compound,ok,1
BIOMD0000001093,R_RBFK,CLU_BIOMD0000001093,train,empty_constrained,True,5-6,chebi+kegg_compound,no_candidates,0
BIOMD0000001093,R_RBFSa,CLU_BIOMD0000001093,train,empty_constrained,True,5-6,chebi+kegg_compound,no_candidates,0
BIOMD0000001093,R_RBFSb,CLU_BIOMD0000001093,train,retrievable_top1_success,True,3-4,chebi+kegg_compound,ok,1
BIOMD0000001093,R_RNDR1,CLU_BIOMD0000001093,train,empty_constrained,True,5-6,chebi+kegg_compound,no_candidates,0
BIOMD0000001093,R_RNDR2,CLU_BIOMD0000001093,train,empty_constrained,True,5-6,chebi+kegg_compound,no_candidates,0
BIOMD0000001093,R_RNDR3,CLU_BIOMD0000001093,train,empty_constrained,True,5-6,chebi+kegg_compound,no_candidates,0
BIOMD0000001093,R_RNDR4,CLU_BIOMD0000001093,train,empty_constrained,True,5-6,chebi+kegg_compound,no_candidates,0
BIOMD0000001093,R_RPE,CLU_BIOMD0000001093,train,empty_constrained,True,1-2,chebi+kegg_compound,no_candidates,0
BIOMD0000001093,R_RZ5PP,CLU_BIOMD0000001093,train,empty_constrained,True,3-4,chebi+kegg_compound,no_candidates,0
BIOMD0000001093,R_S7PI,CLU_BIOMD0000001093,train,nonempty_answer_absent,True,1-2,chebi+kegg_compound,ok,1
BIOMD0000001093,R_SADH,CLU_BIOMD0000001093,train,empty_constrained,True,5-6,chebi+kegg_compound,no_candidates,0
BIOMD0000001093,R_SADT,CLU_BIOMD0000001093,train,empty_constrained,True,5-6,chebi+kegg_compound,no_candidates,0
BIOMD0000001093,R_SARCOX,CLU_BIOMD0000001093,train,empty_constrained,True,5-6,chebi+kegg_compound,no_candidates,0
BIOMD0000001093,R_SDPDS,CLU_BIOMD0000001093,train,empty_constrained,True,3-4,chebi+kegg_compound,no_candidates,0
BIOMD0000001093,R_SDPTA,CLU_BIOMD0000001093,train,retrievable_top1_success,True,3-4,chebi+kegg_compound,ok,1
BIOMD0000001093,R_SELCYSS,CLU_BIOMD0000001093,train,empty_constrained,True,5-6,chebi+kegg_compound,no_candidates,0
BIOMD0000001093,R_SELGTHR,CLU_BIOMD0000001093,train,empty_constrained,True,5-6,chebi+kegg_compound,no_candidates,0
BIOMD0000001093,R_SELMETAT,CLU_BIOMD0000001093,train,empty_constrained,True,5-6,chebi+kegg_compound,no_candidates,0
BIOMD0000001093,R_SELNPS,CLU_BIOMD0000001093,train,empty_constrained,True,5-6,chebi+kegg_compound,no_candidates,0
BIOMD0000001093,R_SERAT_copy1,CLU_BIOMD0000001093,train,retrievable_top1_success,True,3-4,chebi+kegg_compound,ok,1
BIOMD0000001093,R_SERAT_copy2,CLU_BIOMD0000001093,train,retrievable_top1_success,True,3-4,chebi+kegg_compound,ok,1
BIOMD0000001093,R_SERD_L,CLU_BIOMD0000001093,train,empty_constrained,True,3-4,chebi+kegg_compound,no_candidates,0
BIOMD0000001093,R_SERTRS,CLU_BIOMD0000001093,train,empty_constrained,True,5-6,chebi+kegg_compound,no_candidates,0
BIOMD0000001093,R_SFGTHi,CLU_BIOMD0000001093,train,empty_constrained,True,5-6,chebi+kegg_compound,no_candidates,0
BIOMD0000001093,R_SGDS,CLU_BIOMD0000001093,train,empty_constrained,True,3-4,chebi+kegg_compound,no_candidates,0
BIOMD0000001093,R_SGSAD,CLU_BIOMD0000001093,train,empty_constrained,True,5-6,chebi+kegg_compound,no_candidates,0
BIOMD0000001093,R_SHCHD2,CLU_BIOMD0000001093,train,empty_constrained,True,5-6,chebi+kegg_compound,no_candidates,0
BIOMD0000001093,R_SHCHF,CLU_BIOMD0000001093,train,empty_constrained,True,3-4,chebi+kegg_compound,no_candidates,0
BIOMD0000001093,R_SHK3Dr,CLU_BIOMD0000001093,train,empty_constrained,True,5-6,chebi+kegg_compound,no_candidates,0
BIOMD0000001093,R_SHKK,CLU_BIOMD0000001093,train,empty_constrained,True,5-6,chebi+kegg_compound,no_candidates,0
BIOMD0000001093,R_SHSL1,CLU_BIOMD0000001093,train,empty_constrained,True,5-6,chebi+kegg_compound,no_candidates,0
BIOMD0000001093,R_SHSL2r,CLU_BIOMD0000001093,train,empty_constrained,True,5-6,chebi+kegg_compound,no_candidates,0
BIOMD0000001093,R_SLCYSS,CLU_BIOMD0000001093,train,empty_constrained,True,3-4,chebi+kegg_compound,no_candidates,0
BIOMD0000001093,R_SOTA,CLU_BIOMD0000001093,train,retrievable_top1_success,True,3-4,chebi+kegg_compound,ok,1
BIOMD0000001093,R_SPODM,CLU_BIOMD0000001093,train,retrievable_top1_success,True,3-4,chebi+kegg_compound,ok,1
BIOMD0000001093,R_SSALx,CLU_BIOMD0000001093,train,empty_constrained,True,5-6,chebi+kegg_compound,no_candidates,0
BIOMD0000001093,R_SSALy,CLU_BIOMD0000001093,train,empty_constrained,True,5-6,chebi+kegg_compound,no_candidates,0
BIOMD0000001093,R_SUCOAS,CLU_BIOMD0000001093,train,retrievable_top1_success,True,5-6,chebi+kegg_compound,ok,1
BIOMD0000001093,R_SULR,CLU_BIOMD0000001093,train,empty_constrained,True,5-6,chebi+kegg_compound,no_candidates,0
BIOMD0000001093,R_TALA,CLU_BIOMD0000001093,train,retrievable_top1_success,True,3-4,chebi+kegg_compound,ok,2
BIOMD0000001093,R_TAUDO,CLU_BIOMD0000001093,train,empty_constrained,True,7+,chebi+kegg_compound,no_candidates,0
BIOMD0000001093,R_TDP,CLU_BIOMD0000001093,train,empty_constrained,True,5-6,chebi+kegg_compound,no_candidates,0
BIOMD0000001093,R_TDPDRE,CLU_BIOMD0000001093,train,retrievable_top1_success,True,1-2,chebi+kegg_compound,ok,1
BIOMD0000001093,R_TDPDRR,CLU_BIOMD0000001093,train,empty_constrained,True,5-6,chebi+kegg_compound,no_candidates,0
BIOMD0000001093,R_TDPGDH,CLU_BIOMD0000001093,train,empty_constrained,True,3-4,chebi+kegg_compound,no_candidates,0
BIOMD0000001093,R_THDPS,CLU_BIOMD0000001093,train,empty_constrained,True,5-6,chebi+kegg_compound,no_candidates,0
BIOMD0000001093,R_THFAT,CLU_BIOMD0000001093,train,empty_constrained,True,3-4,chebi+kegg_compound,no_candidates,0
BIOMD0000001093,R_THRA,CLU_BIOMD0000001093,train,retrievable_top1_success,True,3-4,chebi+kegg_compound,ok,1
BIOMD0000001093,R_THRD_L,CLU_BIOMD0000001093,train,empty_constrained,True,3-4,chebi+kegg_compound,no_candidates,0
BIOMD0000001093,R_THRS,CLU_BIOMD0000001093,train,empty_constrained,True,3-4,chebi+kegg_compound,no_candidates,0
BIOMD0000001093,R_THRTRS,CLU_BIOMD0000001093,train,empty_constrained,True,5-6,chebi+kegg_compound,no_candidates,0
BIOMD0000001093,R_TKT2,CLU_BIOMD0000001093,train,empty_constrained,True,3-4,chebi+kegg_compound,no_candidates,0
BIOMD0000001093,R_TMDS,CLU_BIOMD0000001093,train,retrievable_top1_success,True,3-4,chebi+kegg_compound,ok,1
BIOMD0000001093,R_TMPK,CLU_BIOMD0000001093,train,empty_constrained,True,3-4,chebi+kegg_compound,no_candidates,0
BIOMD0000001093,R_TMPPP,CLU_BIOMD0000001093,train,empty_constrained,True,5-6,chebi+kegg_compound,no_candidates,0
BIOMD0000001093,R_TPI,CLU_BIOMD0000001093,train,empty_constrained,True,1-2,chebi+kegg_compound,no_candidates,0
BIOMD0000001093,R_TRDR,CLU_BIOMD0000001093,train,empty_constrained,True,5-6,chebi+kegg_compound,no_candidates,0
BIOMD0000001093,R_TRPS1_copy1,CLU_BIOMD0000001093,train,empty_constrained,True,5-6,chebi+kegg_compound,no_candidates,0
BIOMD0000001093,R_TRPS1_copy2,CLU_BIOMD0000001093,train,empty_constrained,True,5-6,chebi+kegg_compound,no_candidates,0
BIOMD0000001093,R_TRPS2,CLU_BIOMD0000001093,train,empty_constrained,True,3-4,chebi+kegg_compound,no_candidates,0
BIOMD0000001093,R_TRPS3,CLU_BIOMD0000001093,train,retrievable_top1_success,True,3-4,chebi+kegg_compound,ok,1
BIOMD0000001093,R_TRPTRS,CLU_BIOMD0000001093,train,empty_constrained,True,5-6,chebi+kegg_compound,no_candidates,0
BIOMD0000001093,R_TRSARr,CLU_BIOMD0000001093,train,empty_constrained,True,5-6,chebi+kegg_compound,no_candidates,0
BIOMD0000001093,R_TRYPTAOX,CLU_BIOMD0000001093,train,empty_constrained,True,5-6,chebi+kegg_compound,no_candidates,0
BIOMD0000001093,R_TYRTA,CLU_BIOMD0000001093,train,retrievable_top1_success,True,3-4,chebi+kegg_compound,ok,1
BIOMD0000001093,R_TYRTRS,CLU_BIOMD0000001093,train,empty_constrained,True,5-6,chebi+kegg_compound,no_candidates,0
BIOMD0000001093,R_UAG2E,CLU_BIOMD0000001093,train,retrievable_top1_success,True,1-2,chebi+kegg_compound,ok,1
BIOMD0000001093,R_UAGCVT,CLU_BIOMD0000001093,train,retrievable_top1_success,True,3-4,chebi+kegg_compound,ok,1
BIOMD0000001093,R_UAGPT3,CLU_BIOMD0000001093,train,empty_constrained,True,5-6,chebi+kegg_compound,no_candidates,0
BIOMD0000001093,R_UAMAGS,CLU_BIOMD0000001093,train,empty_constrained,True,7+,chebi+kegg_compound,no_candidates,0
BIOMD0000001093,R_UAMAS,CLU_BIOMD0000001093,train,empty_constrained,True,7+,chebi+kegg_compound,no_candidates,0
BIOMD0000001093,R_UAPGR,CLU_BIOMD0000001093,train,empty_constrained,True,5-6,chebi+kegg_compound,no_candidates,0
BIOMD0000001093,R_UDPG4E,CLU_BIOMD0000001093,train,empty_constrained,True,1-2,chebi+kegg_compound,no_candidates,0
BIOMD0000001093,R_UGLYCH,CLU_BIOMD0000001093,train,empty_constrained,True,5-6,chebi+kegg_compound,no_candidates,0
BIOMD0000001093,R_UMPK,CLU_BIOMD0000001093,train,retrievable_top1_success,True,3-4,chebi+kegg_compound,ok,1
BIOMD0000001093,R_UNK3,CLU_BIOMD0000001093,train,retrievable_top1_success,True,3-4,chebi+kegg_compound,ok,1
BIOMD0000001093,R_UPP3MT,CLU_BIOMD0000001093,train,empty_constrained,True,5-6,chebi+kegg_compound,no_candidates,0
BIOMD0000001093,R_UPP3S,CLU_BIOMD0000001093,train,empty_constrained,True,3-4,chebi+kegg_compound,no_candidates,0
BIOMD0000001093,R_UPPDC1,CLU_BIOMD0000001093,train,empty_constrained,True,3-4,chebi+kegg_compound,no_candidates,0
BIOMD0000001093,R_UPPN,CLU_BIOMD0000001093,train,empty_constrained,True,5-6,chebi+kegg_compound,no_candidates,0
BIOMD0000001093,R_UPPRT,CLU_BIOMD0000001093,train,empty_constrained,True,3-4,chebi+kegg_compound,no_candidates,0
BIOMD0000001093,R_URCN,CLU_BIOMD0000001093,train,empty_constrained,True,3-4,chebi+kegg_compound,no_candidates,0
BIOMD0000001093,R_UREA,CLU_BIOMD0000001093,train,empty_constrained,True,5-6,chebi+kegg_compound,no_candidates,0
BIOMD0000001093,R_URIDK2r,CLU_BIOMD0000001093,train,retrievable_top1_success,True,3-4,chebi+kegg_compound,ok,1
BIOMD0000001093,R_URIH,CLU_BIOMD0000001093,train,empty_constrained,True,3-4,chebi+kegg_compound,no_candidates,0
BIOMD0000001093,R_VALDHr,CLU_BIOMD0000001093,train,empty_constrained,True,7+,chebi+kegg_compound,no_candidates,0
BIOMD0000001093,R_VALTA,CLU_BIOMD0000001093,train,retrievable_top1_success,True,3-4,chebi+kegg_compound,ok,1
BIOMD0000001093,R_VALTRS_copy1,CLU_BIOMD0000001093,train,empty_constrained,True,5-6,chebi+kegg_compound,no_candidates,0
BIOMD0000001093,R_VALTRS_copy2,CLU_BIOMD0000001093,train,empty_constrained,True,5-6,chebi+kegg_compound,no_candidates,0
BIOMD0000001093,R_VNDH,CLU_BIOMD0000001093,train,empty_constrained,True,5-6,chebi+kegg_compound,no_candidates,0
BIOMD0000001093,R_VNDH_2,CLU_BIOMD0000001093,train,empty_constrained,True,5-6,chebi+kegg_compound,no_candidates,0
BIOMD0000001093,R_VNTDM,CLU_BIOMD0000001093,train,empty_constrained,True,7+,chebi+kegg_compound,no_candidates,0
BIOMD0000001093,R_XAND,CLU_BIOMD0000001093,train,empty_constrained,True,5-6,chebi+kegg_compound,no_candidates,0
BIOMD0000001093,R_XPPT,CLU_BIOMD0000001093,train,empty_constrained,True,3-4,chebi+kegg_compound,no_candidates,0
BIOMD0000001093,R_XTSNH,CLU_BIOMD0000001093,train,empty_constrained,True,3-4,chebi+kegg_compound,no_candidates,0
BIOMD0000000017,R11,CLU_BIOMD0000000017,validation,empty_constrained,False,3-4,chebi+kegg_compound,no_candidates,0
BIOMD0000000017,R2,CLU_BIOMD0000000017,validation,empty_constrained,False,3-4,chebi+kegg_compound,no_candidates,0
BIOMD0000000017,R3,CLU_BIOMD0000000017,validation,retrievable_top1_success,False,5-6,chebi+kegg_compound,ok,1
BIOMD0000000017,R4,CLU_BIOMD0000000017,validation,retrievable_top1_success,False,3-4,chebi+kegg_compound,ok,1
BIOMD0000000017,R5,CLU_BIOMD0000000017,validation,empty_constrained,False,3-4,chebi+kegg_compound,no_candidates,0
BIOMD0000000017,R6,CLU_BIOMD0000000017,validation,empty_constrained,False,5-6,chebi+kegg_compound,no_candidates,0
BIOMD0000000017,R7,CLU_BIOMD0000000017,validation,empty_constrained,False,3-4,chebi+kegg_compound,no_candidates,0
BIOMD0000000017,R8,CLU_BIOMD0000000017,validation,empty_constrained,False,1-2,chebi+kegg_compound,no_candidates,0
BIOMD0000000017,R9,CLU_BIOMD0000000017,validation,nonempty_answer_absent,False,1-2,chebi+kegg_compound,ok,1
BIOMD0000000023,v3,CLU_BIOMD0000000023,validation,empty_constrained,False,3-4,chebi+kegg_compound,no_candidates,0
BIOMD0000000023,v4,CLU_BIOMD0000000023,validation,empty_constrained,False,3-4,chebi+kegg_compound,no_candidates,0
BIOMD0000000023,v5,CLU_BIOMD0000000023,validation,empty_constrained,False,3-4,chebi+kegg_compound,no_candidates,0
BIOMD0000000023,v6,CLU_BIOMD0000000023,validation,empty_constrained,False,3-4,chebi+kegg_compound,no_candidates,0
BIOMD0000000023,v7,CLU_BIOMD0000000023,validation,retrievable_top1_success,False,3-4,chebi+kegg_compound,ok,1
BIOMD0000000023,v8,CLU_BIOMD0000000023,validation,empty_constrained,False,3-4,chebi+kegg_compound,no_candidates,0
BIOMD0000000023,v9,CLU_BIOMD0000000023,validation,nonempty_answer_absent,False,3-4,chebi+kegg_compound,ok,1
BIOMD0000000042,reaction_1,CLU_BIOMD0000000042,validation,nonempty_answer_absent,False,3-4,chebi+kegg_compound,ok,1
BIOMD0000000042,reaction_2,CLU_BIOMD0000000042,validation,retrievable_rerank_failure,False,3-4,chebi+kegg_compound,ok,2
BIOMD0000000042,reaction_3,CLU_BIOMD0000000042,validation,nonempty_answer_absent,False,1-2,chebi+kegg_compound,ok,3
BIOMD0000000042,reaction_4,CLU_BIOMD0000000042,validation,retrievable_top1_success,False,3-4,chebi+kegg_compound,ok,1
BIOMD0000000042,reaction_5,CLU_BIOMD0000000042,validation,empty_constrained,False,3-4,chebi+kegg_compound,no_candidates,0
BIOMD0000000042,reaction_6,CLU_BIOMD0000000042,validation,empty_constrained,False,3-4,chebi+kegg_compound,no_candidates,0
BIOMD0000000042,reaction_7,CLU_BIOMD0000000042,validation,retrievable_top1_success,False,1-2,chebi+kegg_compound,ok,2
BIOMD0000000042,reaction_8,CLU_BIOMD0000000042,validation,empty_constrained,False,3-4,chebi+kegg_compound,no_candidates,0
BIOMD0000000042,reaction_9,CLU_BIOMD0000000042,validation,retrievable_top1_success,False,3-4,chebi+kegg_compound,ok,1
BIOMD0000000061,vADH,CLU_BIOMD0000000042,validation,empty_constrained,False,3-4,chebi+kegg_compound,no_candidates,0
BIOMD0000000061,vALD,CLU_BIOMD0000000042,validation,retrievable_rerank_failure,False,3-4,chebi+kegg_compound,ok,2
BIOMD0000000061,vGAPDH,CLU_BIOMD0000000042,validation,retrievable_top1_success,False,3-4,chebi+kegg_compound,ok,1
BIOMD0000000061,vHK,CLU_BIOMD0000000042,validation,empty_constrained,False,3-4,chebi+kegg_compound,no_candidates,0
BIOMD0000000061,vPDC,CLU_BIOMD0000000042,validation,retrievable_top1_success,False,1-2,chebi+kegg_compound,ok,2
BIOMD0000000061,vPFK,CLU_BIOMD0000000042,validation,retrievable_top1_success,False,3-4,chebi+kegg_compound,ok,2
BIOMD0000000061,vPGI,CLU_BIOMD0000000042,validation,empty_constrained,False,1-2,chebi+kegg_compound,no_candidates,0
BIOMD0000000061,vPK,CLU_BIOMD0000000042,validation,empty_constrained,False,3-4,chebi+kegg_compound,no_candidates,0
BIOMD0000000061,vTIM,CLU_BIOMD0000000042,validation,empty_constrained,False,1-2,chebi+kegg_compound,no_candidates,0
BIOMD0000000061,vlpGlyc,CLU_BIOMD0000000042,validation,empty_constrained,False,3-4,chebi+kegg_compound,no_candidates,0
BIOMD0000000061,vlpPEP,CLU_BIOMD0000000042,validation,empty_constrained,False,3-4,chebi+kegg_compound,no_candidates,0
BIOMD0000000063,Vgapd,CLU_BIOMD0000000042,validation,empty_constrained,False,3-4,chebi+kegg_compound,no_candidates,0
BIOMD0000000063,Vhk,CLU_BIOMD0000000042,validation,retrievable_top1_success,False,3-4,chebi+kegg_compound,ok,1
BIOMD0000000063,Vpfk,CLU_BIOMD0000000042,validation,empty_constrained,False,3-4,chebi+kegg_compound,no_candidates,0
BIOMD0000000064,vADH,CLU_BIOMD0000000042,validation,empty_constrained,False,3-4,chebi+kegg_compound,no_candidates,0
BIOMD0000000064,vALD,CLU_BIOMD0000000042,validation,retrievable_rerank_failure,False,1-2,chebi+kegg_compound,ok,2
BIOMD0000000064,vENO,CLU_BIOMD0000000042,validation,retrievable_top1_success,False,1-2,chebi+kegg_compound,ok,1
BIOMD0000000064,vGAPDH,CLU_BIOMD0000000042,validation,empty_constrained,False,3-4,chebi+kegg_compound,no_candidates,0
BIOMD0000000064,vGLK,CLU_BIOMD0000000042,validation,empty_constrained,False,3-4,chebi+kegg_compound,no_candidates,0
BIOMD0000000064,vPDC,CLU_BIOMD0000000042,validation,retrievable_top1_success,False,3-4,chebi+kegg_compound,ok,2
BIOMD0000000064,vPFK,CLU_BIOMD0000000042,validation,empty_constrained,False,3-4,chebi+kegg_compound,no_candidates,0
BIOMD0000000064,vPGI,CLU_BIOMD0000000042,validation,retrievable_rerank_failure,False,1-2,chebi+kegg_compound,ok,3
BIOMD0000000064,vPGK,CLU_BIOMD0000000042,validation,empty_constrained,False,3-4,chebi+kegg_compound,no_candidates,0
BIOMD0000000064,vPGM,CLU_BIOMD0000000042,validation,empty_constrained,False,1-2,chebi+kegg_compound,no_candidates,0
BIOMD0000000064,vPYK,CLU_BIOMD0000000042,validation,empty_constrained,False,3-4,chebi+kegg_compound,no_candidates,0
BIOMD0000000071,vALD,CLU_BIOMD0000000042,validation,retrievable_top1_success,False,3-4,chebi+kegg_compound,ok,2
BIOMD0000000071,vGAPdh,CLU_BIOMD0000000042,validation,retrievable_top1_success,False,3-4,chebi+kegg_compound,ok,1
BIOMD0000000071,vGDH,CLU_BIOMD0000000042,validation,empty_constrained,False,3-4,chebi+kegg_compound,no_candidates,0
BIOMD0000000071,vGPO,CLU_BIOMD0000000042,validation,retrievable_rerank_failure,False,1-2,chebi+kegg_compound,ok,6
BIOMD0000000071,vGlyK,CLU_BIOMD0000000042,validation,nonempty_answer_absent,False,3-4,chebi+kegg_compound,ok,2
BIOMD0000000071,vHK,CLU_BIOMD0000000042,validation,empty_constrained,False,3-4,chebi+kegg_compound,no_candidates,0
BIOMD0000000071,vPFK,CLU_BIOMD0000000042,validation,empty_constrained,False,3-4,chebi+kegg_compound,no_candidates,0
BIOMD0000000071,vPGI,CLU_BIOMD0000000042,validation,retrievable_rerank_failure,False,1-2,chebi+kegg_compound,ok,3
BIOMD0000000071,vPK,CLU_BIOMD0000000042,validation,empty_constrained,False,3-4,chebi+kegg_compound,no_candidates,0
BIOMD0000000071,vTPI,CLU_BIOMD0000000042,validation,empty_constrained,False,1-2,chebi+kegg_compound,no_candidates,0
BIOMD0000000211,vAKc,CLU_BIOMD0000000042,validation,retrievable_top1_success,False,3-4,chebi+kegg_compound,ok,1
BIOMD0000000211,vAKg,CLU_BIOMD0000000042,validation,retrievable_top1_success,False,3-4,chebi+kegg_compound,ok,1
BIOMD0000000211,vALD,CLU_BIOMD0000000042,validation,retrievable_top1_success,False,3-4,chebi+kegg_compound,ok,2
BIOMD0000000211,vENO,CLU_BIOMD0000000042,validation,retrievable_top1_success,False,1-2,chebi+kegg_compound,ok,1
BIOMD0000000211,vGAPDH,CLU_BIOMD0000000042,validation,retrievable_top1_success,False,3-4,chebi+kegg_compound,ok,1
BIOMD0000000211,vGK,CLU_BIOMD0000000042,validation,empty_constrained,False,3-4,chebi+kegg_compound,no_candidates,0
BIOMD0000000211,vGPDH,CLU_BIOMD0000000042,validation,empty_constrained,False,3-4,chebi+kegg_compound,no_candidates,0
BIOMD0000000211,vGPO,CLU_BIOMD0000000042,validation,retrievable_rerank_failure,False,1-2,chebi+kegg_compound,ok,6
BIOMD0000000211,vHK,CLU_BIOMD0000000042,validation,retrievable_top1_success,False,3-4,chebi+kegg_compound,ok,2
BIOMD0000000211,vPFK,CLU_BIOMD0000000042,validation,retrievable_rerank_failure,False,3-4,chebi+kegg_compound,ok,2
BIOMD0000000211,vPGI,CLU_BIOMD0000000042,validation,retrievable_rerank_failure,False,1-2,chebi+kegg_compound,ok,3
BIOMD0000000211,vPGK,CLU_BIOMD0000000042,validation,empty_constrained,False,3-4,chebi+kegg_compound,no_candidates,0
BIOMD0000000211,vPGM,CLU_BIOMD0000000042,validation,empty_constrained,False,1-2,chebi+kegg_compound,no_candidates,0
BIOMD0000000211,vPK,CLU_BIOMD0000000042,validation,empty_constrained,False,3-4,chebi+kegg_compound,no_candidates,0
BIOMD0000000211,vTPI,CLU_BIOMD0000000042,validation,empty_constrained,False,1-2,chebi+kegg_compound,no_candidates,0
BIOMD0000000247,v6PGL,CLU_BIOMD0000000042,validation,empty_constrained,False,1-2,chebi,no_candidates,0
BIOMD0000000247,vADH,CLU_BIOMD0000000042,validation,empty_constrained,False,3-4,chebi+kegg_compound,no_candidates,0
BIOMD0000000247,vALD,CLU_BIOMD0000000042,validation,retrievable_rerank_failure,False,3-4,chebi+kegg_compound,ok,2
BIOMD0000000247,vENO,CLU_BIOMD0000000042,validation,retrievable_top1_success,False,1-2,chebi+kegg_compound,ok,1
BIOMD0000000247,vG6PDH,CLU_BIOMD0000000042,validation,retrievable_top1_success,False,3-4,chebi+kegg_compound,ok,1
BIOMD0000000247,vGAPDH,CLU_BIOMD0000000042,validation,retrievable_top1_success,False,3-4,chebi+kegg_compound,ok,1
BIOMD0000000247,vGLK,CLU_BIOMD0000000042,validation,empty_constrained,False,3-4,chebi+kegg_compound,no_candidates,0
BIOMD0000000247,vGluDH,CLU_BIOMD0000000042,validation,empty_constrained,False,3-4,chebi,no_candidates,0
BIOMD0000000247,vPDC,CLU_BIOMD0000000042,validation,retrievable_top1_success,False,3-4,chebi+kegg_compound,ok,2
BIOMD0000000247,vPFK,CLU_BIOMD0000000042,validation,empty_constrained,False,3-4,chebi+kegg_compound,no_candidates,0
BIOMD0000000247,vPGI,CLU_BIOMD0000000042,validation,retrievable_rerank_failure,False,1-2,chebi+kegg_compound,ok,3
BIOMD0000000247,vPGK,CLU_BIOMD0000000042,validation,empty_constrained,False,3-4,chebi+kegg_compound,no_candidates,0
BIOMD0000000247,vPGM,CLU_BIOMD0000000042,validation,empty_constrained,False,1-2,chebi+kegg_compound,no_candidates,0
BIOMD0000000247,vPPI,CLU_BIOMD0000000042,validation,empty_constrained,False,1-2,chebi,no_candidates,0
BIOMD0000000247,vPYK,CLU_BIOMD0000000042,validation,empty_constrained,False,3-4,chebi+kegg_compound,no_candidates,0
BIOMD0000000247,vTPI,CLU_BIOMD0000000042,validation,retrievable_top1_success,False,1-2,chebi,ok,2
BIOMD0000000247,vTransald,CLU_BIOMD0000000042,validation,retrievable_top1_success,False,3-4,chebi+kegg_compound,ok,2
BIOMD0000000247,vTransk1,CLU_BIOMD0000000042,validation,empty_constrained,False,3-4,chebi,no_candidates,0
BIOMD0000000247,vTransk2,CLU_BIOMD0000000042,validation,empty_constrained,False,3-4,chebi+kegg_compound,no_candidates,0
BIOMD0000000068,v1,CLU_BIOMD0000000068,validation,nonempty_answer_absent,False,1-2,chebi+kegg_compound,ok,1
BIOMD0000000068,vThr,CLU_BIOMD0000000068,validation,retrievable_top1_success,False,3-4,chebi+kegg_compound,ok,1
BIOMD0000000088,re137,CLU_BIOMD0000000088,validation,nonempty_answer_absent,False,3-4,kegg_compound,ok,1
BIOMD0000000088,re138,CLU_BIOMD0000000088,validation,nonempty_answer_absent,False,3-4,kegg_compound,ok,1
BIOMD0000000088,re139,CLU_BIOMD0000000088,validation,nonempty_answer_absent,False,3-4,kegg_compound,ok,1
BIOMD0000000088,re140,CLU_BIOMD0000000088,validation,nonempty_answer_absent,False,3-4,kegg_compound,ok,1
BIOMD0000000088,re156,CLU_BIOMD0000000088,validation,retrievable_top1_success,False,3-4,kegg_compound,ok,1
BIOMD0000000088,re157,CLU_BIOMD0000000088,validation,nonempty_answer_absent,False,3-4,kegg_compound,ok,1
BIOMD0000000088,re158,CLU_BIOMD0000000088,validation,empty_constrained,False,3-4,chebi+kegg_compound,no_candidates,0
BIOMD0000000088,re159,CLU_BIOMD0000000088,validation,empty_constrained,False,3-4,chebi+kegg_compound,no_candidates,0
BIOMD0000000088,re160,CLU_BIOMD0000000088,validation,empty_constrained,False,3-4,chebi+kegg_compound,no_candidates,0
BIOMD0000000088,re161,CLU_BIOMD0000000088,validation,empty_constrained,False,3-4,chebi+kegg_compound,no_candidates,0
BIOMD0000000088,re162,CLU_BIOMD0000000088,validation,empty_constrained,False,3-4,chebi+kegg_compound,no_candidates,0
BIOMD0000000088,re163,CLU_BIOMD0000000088,validation,empty_constrained,False,3-4,chebi+kegg_compound,no_candidates,0
BIOMD0000000088,re164,CLU_BIOMD0000000088,validation,empty_constrained,False,3-4,chebi+kegg_compound,no_candidates,0
BIOMD0000000088,re165,CLU_BIOMD0000000088,validation,empty_constrained,False,3-4,chebi+kegg_compound,no_candidates,0
BIOMD0000000088,re166,CLU_BIOMD0000000088,validation,empty_constrained,False,3-4,chebi+kegg_compound,no_candidates,0
BIOMD0000000088,re167,CLU_BIOMD0000000088,validation,empty_constrained,False,3-4,chebi+kegg_compound,no_candidates,0
BIOMD0000000088,re168,CLU_BIOMD0000000088,validation,empty_constrained,False,3-4,chebi+kegg_compound,no_candidates,0
BIOMD0000000088,re169,CLU_BIOMD0000000088,validation,empty_constrained,False,3-4,chebi+kegg_compound,no_candidates,0
BIOMD0000000088,re170,CLU_BIOMD0000000088,validation,empty_constrained,False,3-4,chebi+kegg_compound,no_candidates,0
BIOMD0000000088,re171,CLU_BIOMD0000000088,validation,empty_constrained,False,3-4,chebi+kegg_compound,no_candidates,0
BIOMD0000000088,re172,CLU_BIOMD0000000088,validation,empty_constrained,False,3-4,chebi+kegg_compound,no_candidates,0
BIOMD0000000088,re173,CLU_BIOMD0000000088,validation,empty_constrained,False,3-4,chebi+kegg_compound,no_candidates,0
BIOMD0000000088,re55,CLU_BIOMD0000000088,validation,empty_constrained,False,3-4,chebi+kegg_compound,no_candidates,0
BIOMD0000000088,re56,CLU_BIOMD0000000088,validation,empty_constrained,False,3-4,chebi+kegg_compound,no_candidates,0
BIOMD0000000088,re57,CLU_BIOMD0000000088,validation,empty_constrained,False,3-4,chebi+kegg_compound,no_candidates,0
BIOMD0000000088,re58,CLU_BIOMD0000000088,validation,empty_constrained,False,3-4,chebi+kegg_compound,no_candidates,0
BIOMD0000000171,P1_pho,CLU_BIOMD0000000171,validation,unconstrained,False,1-2,kegg_compound,unconstrained_candidate_set,0
BIOMD0000000171,P_pho,CLU_BIOMD0000000171,validation,retrievable_top1_success,False,1-2,kegg_compound,ok,1
BIOMD0000000171,T1_pho,CLU_BIOMD0000000171,validation,nonempty_answer_absent,False,1-2,kegg_compound,ok,1
BIOMD0000000171,T_pho,CLU_BIOMD0000000171,validation,retrievable_top1_success,False,1-2,kegg_compound,ok,1
BIOMD0000000190,MAT,CLU_BIOMD0000000190,validation,nonempty_answer_absent,False,1-2,chebi+kegg_compound,ok,1
BIOMD0000000190,ODC,CLU_BIOMD0000000190,validation,retrievable_top1_success,False,1-2,chebi+kegg_compound,ok,1
BIOMD0000000190,PAO_for_aD,CLU_BIOMD0000000190,validation,empty_constrained,False,1-2,chebi+kegg_compound,no_candidates,0
BIOMD0000000190,PAO_for_aS,CLU_BIOMD0000000190,validation,retrievable_top1_success,False,1-2,chebi+kegg_compound,ok,1
BIOMD0000000190,SAMdc,CLU_BIOMD0000000190,validation,retrievable_top1_success,False,1-2,chebi+kegg_compound,ok,1
BIOMD0000000190,SSAT_for_D,CLU_BIOMD0000000190,validation,empty_constrained,False,3-4,chebi+kegg_compound,no_candidates,0
BIOMD0000000190,SSAT_for_S,CLU_BIOMD0000000190,validation,empty_constrained,False,3-4,chebi+kegg_compound,no_candidates,0
BIOMD0000000190,SpdS,CLU_BIOMD0000000190,validation,retrievable_top1_success,False,3-4,chebi+kegg_compound,ok,1
BIOMD0000000190,SpmS,CLU_BIOMD0000000190,validation,retrievable_top1_success,False,3-4,chebi+kegg_compound,ok,1
BIOMD0000000231,v1,CLU_BIOMD0000000231,validation,nonempty_answer_absent,False,1-2,chebi+kegg_compound,ok,241
BIOMD0000000231,v2,CLU_BIOMD0000000231,validation,retrievable_top1_success,False,3-4,chebi+kegg_compound,ok,1
BIOMD0000000231,v3,CLU_BIOMD0000000231,validation,nonempty_answer_absent,False,3-4,chebi+kegg_compound,ok,12
BIOMD0000000231,v4,CLU_BIOMD0000000231,validation,nonempty_answer_absent,False,3-4,chebi+kegg_compound,ok,303
BIOMD0000000245,r3,CLU_BIOMD0000000245,validation,nonempty_answer_absent,False,3-4,chebi+kegg_compound,ok,2
BIOMD0000000245,r4,CLU_BIOMD0000000245,validation,retrievable_top1_success,False,3-4,chebi+kegg_compound,ok,2
BIOMD0000000245,r6,CLU_BIOMD0000000245,validation,empty_constrained,False,3-4,chebi+kegg_compound,no_candidates,0
BIOMD0000000602,R00677,CLU_BIOMD0000000602,validation,empty_constrained,False,5-6,chebi,no_candidates,0
BIOMD0000000602,R00678_Indo,CLU_BIOMD0000000602,validation,empty_constrained,False,3-4,chebi,no_candidates,0
BIOMD0000000602,R00678_Tdo,CLU_BIOMD0000000602,validation,empty_constrained,False,3-4,chebi,no_candidates,0
BIOMD0000000602,R00685,CLU_BIOMD0000000602,validation,retrievable_top1_success,False,3-4,chebi,ok,1
BIOMD0000000602,R00987,CLU_BIOMD0000000602,validation,retrievable_top1_success,False,3-4,chebi+kegg_compound,ok,1
BIOMD0000000602,R00988,CLU_BIOMD0000000602,validation,retrievable_top1_success,False,3-4,chebi,ok,1
BIOMD0000000602,R01814_Tph1,CLU_BIOMD0000000602,validation,retrievable_top1_success,False,5-6,chebi+kegg_compound,ok,1
BIOMD0000000602,R01814_Tph2,CLU_BIOMD0000000602,validation,retrievable_top1_success,False,5-6,chebi+kegg_compound,ok,1
BIOMD0000000602,R01956_Kat1,CLU_BIOMD0000000602,validation,nonempty_answer_absent,False,3-4,chebi+kegg_compound,ok,1
BIOMD0000000602,R01956_Kat2,CLU_BIOMD0000000602,validation,empty_constrained,False,3-4,chebi,no_candidates,0
BIOMD0000000602,R01956_Kat3,CLU_BIOMD0000000602,validation,empty_constrained,False,3-4,chebi,no_candidates,0
BIOMD0000000602,R01959,CLU_BIOMD0000000602,validation,retrievable_top1_success,False,3-4,chebi+kegg_compound,ok,1
BIOMD0000000602,R01960,CLU_BIOMD0000000602,validation,empty_constrained,False,7+,chebi+kegg_compound,no_candidates,0
BIOMD0000000602,R02173_Maoa,CLU_BIOMD0000000602,validation,empty_constrained,False,5-6,chebi,no_candidates,0
BIOMD0000000602,R02173_Maob,CLU_BIOMD0000000602,validation,empty_constrained,False,5-6,chebi,no_candidates,0
BIOMD0000000602,R02174,CLU_BIOMD0000000602,validation,retrievable_top1_success,False,3-4,chebi,ok,1
BIOMD0000000602,R02665,CLU_BIOMD0000000602,validation,retrievable_top1_success,False,3-4,chebi,ok,1
BIOMD0000000602,R02668,CLU_BIOMD0000000602,validation,empty_constrained,False,3-4,chebi,no_candidates,0
BIOMD0000000602,R02670,CLU_BIOMD0000000602,validation,empty_constrained,False,5-6,chebi,no_candidates,0
BIOMD0000000602,R02701,CLU_BIOMD0000000602,validation,retrievable_top1_success,False,3-4,chebi,ok,1
BIOMD0000000602,R02702,CLU_BIOMD0000000602,validation,retrievable_top1_success,False,3-4,chebi,ok,1
BIOMD0000000602,R02908_Maoa,CLU_BIOMD0000000602,validation,empty_constrained,False,5-6,chebi,no_candidates,0
BIOMD0000000602,R02908_Maob,CLU_BIOMD0000000602,validation,empty_constrained,False,5-6,chebi,no_candidates,0
BIOMD0000000602,R02909,CLU_BIOMD0000000602,validation,retrievable_top1_success,False,3-4,chebi,ok,1
BIOMD0000000602,R02910,CLU_BIOMD0000000602,validation,retrievable_top1_success,False,3-4,chebi,ok,1
BIOMD0000000602,R02911,CLU_BIOMD0000000602,validation,empty_constrained,False,5-6,chebi,no_candidates,0
BIOMD0000000602,R03005,CLU_BIOMD0000000602,validation,retrievable_top1_success,False,5-6,chebi,ok,1
BIOMD0000000602,R03348,CLU_BIOMD0000000602,validation,empty_constrained,False,5-6,chebi,no_candidates,0
BIOMD0000000602,R03664,CLU_BIOMD0000000602,validation,empty_constrained,False,5-6,chebi,no_candidates,0
BIOMD0000000602,R03936,CLU_BIOMD0000000602,validation,retrievable_top1_success,False,3-4,chebi,ok,1
BIOMD0000000602,R04171_Kat1,CLU_BIOMD0000000602,validation,empty_constrained,False,3-4,chebi,no_candidates,0
BIOMD0000000602,R04171_Kat2,CLU_BIOMD0000000602,validation,nonempty_answer_absent,False,3-4,chebi+kegg_compound,ok,1
BIOMD0000000602,R04171_Kat3,CLU_BIOMD0000000602,validation,nonempty_answer_absent,False,3-4,chebi+kegg_compound,ok,1
BIOMD0000000602,R04323,CLU_BIOMD0000000602,validation,retrievable_top1_success,False,3-4,chebi,ok,1
BIOMD0000000602,R04911,CLU_BIOMD0000000602,validation,retrievable_top1_success,False,3-4,chebi,ok,1
BIOMD0000001061,R_3HAD100,CLU_BIOMD0000001061,validation,empty_constrained,True,3-4,chebi+kegg_compound,no_candidates,0
BIOMD0000001061,R_3HAD120,CLU_BIOMD0000001061,validation,empty_constrained,True,3-4,chebi+kegg_compound,no_candidates,0
BIOMD0000001061,R_3HAD140,CLU_BIOMD0000001061,validation,empty_constrained,True,3-4,chebi+kegg_compound,no_candidates,0
BIOMD0000001061,R_3HAD160,CLU_BIOMD0000001061,validation,empty_constrained,True,3-4,chebi+kegg_compound,no_candidates,0
BIOMD0000001061,R_3HAD180,CLU_BIOMD0000001061,validation,empty_constrained,True,3-4,chebi+kegg_compound,no_candidates,0
BIOMD0000001061,R_3HAD60,CLU_BIOMD0000001061,validation,empty_constrained,True,3-4,chebi+kegg_compound,no_candidates,0
BIOMD0000001061,R_3HAD80,CLU_BIOMD0000001061,validation,empty_constrained,True,3-4,chebi+kegg_compound,no_candidates,0
BIOMD0000001061,R_3OAR100,CLU_BIOMD0000001061,validation,empty_constrained,True,5-6,chebi+kegg_compound,no_candidates,0
BIOMD0000001061,R_3OAR120,CLU_BIOMD0000001061,validation,empty_constrained,True,5-6,chebi+kegg_compound,no_candidates,0
BIOMD0000001061,R_3OAR140,CLU_BIOMD0000001061,validation,empty_constrained,True,5-6,chebi+kegg_compound,no_candidates,0
BIOMD0000001061,R_3OAR160,CLU_BIOMD0000001061,validation,empty_constrained,True,5-6,chebi+kegg_compound,no_candidates,0
BIOMD0000001061,R_3OAR60,CLU_BIOMD0000001061,validation,empty_constrained,True,5-6,chebi+kegg_compound,no_candidates,0
BIOMD0000001061,R_3OAR80,CLU_BIOMD0000001061,validation,empty_constrained,True,5-6,chebi+kegg_compound,no_candidates,0
BIOMD0000001061,R_3OXCOAT,CLU_BIOMD0000001061,validation,empty_constrained,True,3-4,chebi+kegg_compound,no_candidates,0
BIOMD0000001061,R_4HTHRS,CLU_BIOMD0000001061,validation,empty_constrained,True,3-4,chebi+kegg_compound,no_candidates,0
BIOMD0000001061,R_ABTA,CLU_BIOMD0000001061,validation,empty_constrained,True,3-4,chebi+kegg_compound,no_candidates,0
BIOMD0000001061,R_ACACT1r,CLU_BIOMD0000001061,validation,retrievable_top1_success,True,3-4,chebi+kegg_compound,ok,4
BIOMD0000001061,R_ACACT2r,CLU_BIOMD0000001061,validation,retrievable_top1_success,True,3-4,chebi+kegg_compound,ok,1
BIOMD0000001061,R_ACACT4r,CLU_BIOMD0000001061,validation,retrievable_top1_success,True,3-4,chebi+kegg_compound,ok,1
BIOMD0000001061,R_ACACT6r,CLU_BIOMD0000001061,validation,retrievable_top1_success,True,3-4,chebi+kegg_compound,ok,1
BIOMD0000001061,R_ACACT7r,CLU_BIOMD0000001061,validation,retrievable_top1_success,True,3-4,chebi+kegg_compound,ok,1
BIOMD0000001061,R_ACBIPGT,CLU_BIOMD0000001061,validation,empty_constrained,True,5-6,chebi+kegg_compound,no_candidates,0
BIOMD0000001061,R_ACCOAC,CLU_BIOMD0000001061,validation,empty_constrained,True,7+,chebi+kegg_compound,no_candidates,0
BIOMD0000001061,R_ACGK,CLU_BIOMD0000001061,validation,retrievable_top1_success,True,3-4,chebi+kegg_compound,ok,1
BIOMD0000001061,R_ACGS,CLU_BIOMD0000001061,validation,empty_constrained,True,5-6,chebi+kegg_compound,no_candidates,0
BIOMD0000001061,R_ACHBS,CLU_BIOMD0000001061,validation,empty_constrained,True,5-6,chebi+kegg_compound,no_candidates,0
BIOMD0000001061,R_ACKr,CLU_BIOMD0000001061,validation,retrievable_top1_success,True,3-4,chebi+kegg_compound,ok,1
BIOMD0000001061,R_ACLS,CLU_BIOMD0000001061,validation,empty_constrained,True,3-4,chebi+kegg_compound,no_candidates,0
BIOMD0000001061,R_ACOAD1f,CLU_BIOMD0000001061,validation,retrievable_top1_success,True,3-4,chebi+kegg_compound,ok,1
BIOMD0000001061,R_ACOAD3f,CLU_BIOMD0000001061,validation,retrievable_top1_success,True,3-4,chebi+kegg_compound,ok,1
BIOMD0000001061,R_ACOAD5f,CLU_BIOMD0000001061,validation,retrievable_top1_success,True,3-4,chebi+kegg_compound,ok,1
BIOMD0000001061,R_ACOAD6f,CLU_BIOMD0000001061,validation,retrievable_top1_success,True,3-4,chebi+kegg_compound,ok,1
BIOMD0000001061,R_ACOAD7f,CLU_BIOMD0000001061,validation,retrievable_top1_success,True,3-4,chebi+kegg_compound,ok,1
BIOMD0000001061,R_ACOATA,CLU_BIOMD0000001061,validation,retrievable_top1_success,True,3-4,chebi+kegg_compound,ok,1
BIOMD0000001061,R_ACONT,CLU_BIOMD0000001061,validation,retrievable_top1_success,True,1-2,chebi+kegg_compound,ok,1
BIOMD0000001061,R_ACOTA,CLU_BIOMD0000001061,validation,retrievable_top1_success,True,3-4,chebi+kegg_compound,ok,1
BIOMD0000001061,R_ACS,CLU_BIOMD0000001061,validation,retrievable_top1_success,True,5-6,chebi+kegg_compound,ok,1
BIOMD0000001061,R_ADCL,CLU_BIOMD0000001061,validation,empty_constrained,True,3-4,chebi+kegg_compound,no_candidates,0
BIOMD0000001061,R_ADCPS2,CLU_BIOMD0000001061,validation,empty_constrained,True,7+,chebi+kegg_compound,no_candidates,0
BIOMD0000001061,R_ADCS,CLU_BIOMD0000001061,validation,retrievable_top1_success,True,3-4,chebi+kegg_compound,ok,2
BIOMD0000001061,R_ADK1,CLU_BIOMD0000001061,validation,retrievable_top1_success,True,3-4,chebi+kegg_compound,ok,1
BIOMD0000001061,R_ADNK1,CLU_BIOMD0000001061,validation,empty_constrained,True,5-6,chebi+kegg_compound,no_candidates,0
BIOMD0000001061,R_ADOCBLS,CLU_BIOMD0000001061,validation,empty_constrained,True,5-6,chebi+kegg_compound,no_candidates,0
BIOMD0000001061,R_ADPT,CLU_BIOMD0000001061,validation,empty_constrained,True,3-4,chebi+kegg_compound,no_candidates,0
BIOMD0000001061,R_ADSL1r,CLU_BIOMD0000001061,validation,empty_constrained,True,3-4,chebi+kegg_compound,no_candidates,0
BIOMD0000001061,R_ADSL2r,CLU_BIOMD0000001061,validation,empty_constrained,True,3-4,chebi+kegg_compound,no_candidates,0
BIOMD0000001061,R_ADSS,CLU_BIOMD0000001061,validation,empty_constrained,True,7+,chebi+kegg_compound,no_candidates,0
BIOMD0000001061,R_AGMT,CLU_BIOMD0000001061,validation,empty_constrained,True,3-4,chebi+kegg_compound,no_candidates,0
BIOMD0000001061,R_AGPR,CLU_BIOMD0000001061,validation,empty_constrained,True,5-6,chebi+kegg_compound,no_candidates,0
BIOMD0000001061,R_AGTi,CLU_BIOMD0000001061,validation,retrievable_top1_success,True,3-4,chebi+kegg_compound,ok,1
BIOMD0000001061,R_AHCYSNS,CLU_BIOMD0000001061,validation,empty_constrained,True,3-4,chebi+kegg_compound,no_candidates,0
BIOMD0000001061,R_AHSERL2,CLU_BIOMD0000001061,validation,empty_constrained,True,5-6,chebi+kegg_compound,no_candidates,0
BIOMD0000001061,R_AICART,CLU_BIOMD0000001061,validation,retrievable_top1_success,True,3-4,chebi+kegg_compound,ok,1
BIOMD0000001061,R_AIRC3,CLU_BIOMD0000001061,validation,empty_constrained,True,1-2,chebi+kegg_compound,no_candidates,0
BIOMD0000001061,R_AKGDH,CLU_BIOMD0000001061,validation,empty_constrained,True,5-6,chebi+kegg_compound,no_candidates,0
BIOMD0000001061,R_ALAALAr,CLU_BIOMD0000001061,validation,empty_constrained,True,5-6,chebi+kegg_compound,no_candidates,0
BIOMD0000001061,R_ALAR,CLU_BIOMD0000001061,validation,retrievable_top1_success,True,1-2,chebi+kegg_compound,ok,1
BIOMD0000001061,R_ALATA_D2,CLU_BIOMD0000001061,validation,empty_constrained,True,3-4,chebi+kegg_compound,no_candidates,0
BIOMD0000001061,R_ALATA_L,CLU_BIOMD0000001061,validation,retrievable_top1_success,True,3-4,chebi+kegg_compound,ok,1
BIOMD0000001061,R_ALCD19,CLU_BIOMD0000001061,validation,empty_constrained,True,5-6,chebi+kegg_compound,no_candidates,0
BIOMD0000001061,R_ALCD2x,CLU_BIOMD0000001061,validation,empty_constrained,True,5-6,chebi+kegg_compound,no_candidates,0
BIOMD0000001061,R_ALDD2y,CLU_BIOMD0000001061,validation,empty_constrained,True,5-6,chebi+kegg_compound,no_candidates,0
BIOMD0000001061,R_AMAOTr,CLU_BIOMD0000001061,validation,retrievable_top1_success,True,3-4,chebi+kegg_compound,ok,1
BIOMD0000001061,R_AMO,CLU_BIOMD0000001061,validation,empty_constrained,True,7+,chebi+kegg_compound,no_candidates,0
BIOMD0000001061,R_AMPTASECG,CLU_BIOMD0000001061,validation,empty_constrained,True,3-4,chebi+kegg_compound,no_candidates,0
BIOMD0000001061,R_ANPRT,CLU_BIOMD0000001061,validation,empty_constrained,True,3-4,chebi+kegg_compound,no_candidates,0
BIOMD0000001061,R_ANS,CLU_BIOMD0000001061,validation,empty_constrained,True,5-6,chebi+kegg_compound,no_candidates,0
BIOMD0000001061,R_ANS2,CLU_BIOMD0000001061,validation,empty_constrained,True,5-6,chebi+kegg_compound,no_candidates,0
BIOMD0000001061,R_AOXSr,CLU_BIOMD0000001061,validation,empty_constrained,True,5-6,chebi+kegg_compound,no_candidates,0
BIOMD0000001061,R_AOXSr2,CLU_BIOMD0000001061,validation,retrievable_top1_success,True,5-6,chebi+kegg_compound,ok,1
BIOMD0000001061,R_AP4AH,CLU_BIOMD0000001061,validation,empty_constrained,True,3-4,chebi+kegg_compound,no_candidates,0
BIOMD0000001061,R_AP5AH,CLU_BIOMD0000001061,validation,empty_constrained,True,5-6,chebi+kegg_compound,no_candidates,0
BIOMD0000001061,R_APRAUR,CLU_BIOMD0000001061,validation,empty_constrained,True,5-6,chebi+kegg_compound,no_candidates,0
BIOMD0000001061,R_APSR,CLU_BIOMD0000001061,validation,empty_constrained,True,5-6,chebi+kegg_compound,no_candidates,0
BIOMD0000001061,R_ARGSL,CLU_BIOMD0000001061,validation,empty_constrained,True,3-4,chebi+kegg_compound,no_candidates,0
BIOMD0000001061,R_ARGSS,CLU_BIOMD0000001061,validation,empty_constrained,True,7+,chebi+kegg_compound,no_candidates,0
BIOMD0000001061,R_ASAD,CLU_BIOMD0000001061,validation,empty_constrained,True,5-6,chebi+kegg_compound,no_candidates,0
BIOMD0000001061,R_ASNS1,CLU_BIOMD0000001061,validation,empty_constrained,True,7+,chebi+kegg_compound,no_candidates,0
BIOMD0000001061,R_ASP1DC,CLU_BIOMD0000001061,validation,empty_constrained,True,3-4,chebi+kegg_compound,no_candidates,0
BIOMD0000001061,R_ASPCT,CLU_BIOMD0000001061,validation,empty_constrained,True,5-6,chebi+kegg_compound,no_candidates,0
BIOMD0000001061,R_ASPK,CLU_BIOMD0000001061,validation,retrievable_top1_success,True,3-4,chebi+kegg_compound,ok,1
BIOMD0000001061,R_ASPO2,CLU_BIOMD0000001061,validation,empty_constrained,True,5-6,chebi+kegg_compound,no_candidates,0
BIOMD0000001061,R_ASPO2y,CLU_BIOMD0000001061,validation,empty_constrained,True,5-6,chebi+kegg_compound,no_candidates,0
BIOMD0000001061,R_ASPO6,CLU_BIOMD0000001061,validation,empty_constrained,True,5-6,chebi+kegg_compound,no_candidates,0
BIOMD0000001061,R_ASPT,CLU_BIOMD0000001061,validation,empty_constrained,True,3-4,chebi+kegg_compound,no_candidates,0
BIOMD0000001061,R_ASPTA,CLU_BIOMD0000001061,validation,retrievable_top1_success,True,3-4,chebi+kegg_compound,ok,1
BIOMD0000001061,R_ASPTRS,CLU_BIOMD0000001061,validation,empty_constrained,True,5-6,chebi+kegg_compound,no_candidates,0
BIOMD0000001061,R_ATPM,CLU_BIOMD0000001061,validation,empty_constrained,True,5-6,chebi+kegg_compound,no_candidates,0
BIOMD0000001061,R_ATPPRT,CLU_BIOMD0000001061,validation,empty_constrained,True,3-4,chebi+kegg_compound,no_candidates,0
BIOMD0000001061,R_CAT,CLU_BIOMD0000001061,validation,empty_constrained,True,3-4,chebi+kegg_compound,no_candidates,0
BIOMD0000001061,R_CBLAT,CLU_BIOMD0000001061,validation,empty_constrained,True,5-6,chebi+kegg_compound,no_candidates,0
BIOMD0000001061,R_CBPS,CLU_BIOMD0000001061,validation,empty_constrained,True,7+,chebi+kegg_compound,no_candidates,0
BIOMD0000001061,R_CDPMEK,CLU_BIOMD0000001061,validation,empty_constrained,True,5-6,chebi+kegg_compound,no_candidates,0
BIOMD0000001061,R_CHORM,CLU_BIOMD0000001061,validation,retrievable_top1_success,True,1-2,chebi+kegg_compound,ok,1
BIOMD0000001061,R_CHORS,CLU_BIOMD0000001061,validation,retrievable_top1_success,True,3-4,chebi+kegg_compound,ok,1
BIOMD0000001061,R_CITL,CLU_BIOMD0000001061,validation,retrievable_top1_success,True,3-4,chebi+kegg_compound,ok,1
BIOMD0000001061,R_CPC3MT,CLU_BIOMD0000001061,validation,retrievable_top1_success,True,3-4,chebi+kegg_compound,ok,1
BIOMD0000001061,R_CPC5MT,CLU_BIOMD0000001061,validation,empty_constrained,True,7+,chebi+kegg_compound,no_candidates,0
BIOMD0000001061,R_CPC6MT,CLU_BIOMD0000001061,validation,empty_constrained,True,5-6,chebi+kegg_compound,no_candidates,0
BIOMD0000001061,R_CPC8MM,CLU_BIOMD0000001061,validation,retrievable_top1_success,True,1-2,chebi+kegg_compound,ok,1
BIOMD0000001061,R_CPPPGO,CLU_BIOMD0000001061,validation,empty_constrained,True,5-6,chebi+kegg_compound,no_candidates,0
BIOMD0000001061,R_CPPPGO2,CLU_BIOMD0000001061,validation,empty_constrained,True,5-6,chebi+kegg_compound,no_candidates,0
BIOMD0000001061,R_CS,CLU_BIOMD0000001061,validation,empty_constrained,True,5-6,chebi+kegg_compound,no_candidates,0
BIOMD0000001061,R_CTPS1,CLU_BIOMD0000001061,validation,empty_constrained,True,7+,chebi+kegg_compound,no_candidates,0
BIOMD0000001061,R_CTPS2,CLU_BIOMD0000001061,validation,empty_constrained,True,7+,chebi+kegg_compound,no_candidates,0
BIOMD0000001061,R_CYSDS,CLU_BIOMD0000001061,validation,empty_constrained,True,5-6,chebi+kegg_compound,no_candidates,0
BIOMD0000001061,R_CYSS,CLU_BIOMD0000001061,validation,empty_constrained,True,5-6,chebi+kegg_compound,no_candidates,0
BIOMD0000001061,R_CYSSADS,CLU_BIOMD0000001061,validation,empty_constrained,True,3-4,chebi+kegg_compound,no_candidates,0
BIOMD0000001061,R_CYSTGL,CLU_BIOMD0000001061,validation,empty_constrained,True,5-6,chebi+kegg_compound,no_candidates,0
BIOMD0000001061,R_CYSTL,CLU_BIOMD0000001061,validation,empty_constrained,True,5-6,chebi+kegg_compound,no_candidates,0
BIOMD0000001061,R_CYSTRS,CLU_BIOMD0000001061,validation,empty_constrained,True,5-6,chebi+kegg_compound,no_candidates,0
BIOMD0000001061,R_CYSTS,CLU_BIOMD0000001061,validation,empty_constrained,True,3-4,chebi+kegg_compound,no_candidates,0
BIOMD0000001061,R_CYTK1,CLU_BIOMD0000001061,validation,retrievable_top1_success,True,3-4,chebi+kegg_compound,ok,1
BIOMD0000001061,R_CYTK2,CLU_BIOMD0000001061,validation,retrievable_top1_success,True,3-4,chebi+kegg_compound,ok,1
BIOMD0000001061,R_DADK,CLU_BIOMD0000001061,validation,retrievable_top1_success,True,3-4,chebi+kegg_compound,ok,1
BIOMD0000001061,R_DAPDC,CLU_BIOMD0000001061,validation,empty_constrained,True,3-4,chebi+kegg_compound,no_candidates,0
BIOMD0000001061,R_DAPE,CLU_BIOMD0000001061,validation,retrievable_top1_success,True,1-2,chebi+kegg_compound,ok,1
BIOMD0000001061,R_DB4PS,CLU_BIOMD0000001061,validation,empty_constrained,True,3-4,chebi+kegg_compound,no_candidates,0
BIOMD0000001061,R_DBTS,CLU_BIOMD0000001061,validation,empty_constrained,True,7+,chebi+kegg_compound,no_candidates,0
BIOMD0000001061,R_DDPA,CLU_BIOMD0000001061,validation,empty_constrained,True,5-6,chebi+kegg_compound,no_candidates,0
BIOMD0000001061,R_DGK1,CLU_BIOMD0000001061,validation,retrievable_top1_success,True,3-4,chebi+kegg_compound,ok,1
BIOMD0000001061,R_DHAD1,CLU_BIOMD0000001061,validation,empty_constrained,True,3-4,chebi+kegg_compound,no_candidates,0
BIOMD0000001061,R_DHAD2,CLU_BIOMD0000001061,validation,empty_constrained,True,3-4,chebi+kegg_compound,no_candidates,0
BIOMD0000001061,R_DHFR,CLU_BIOMD0000001061,validation,empty_constrained,True,5-6,chebi+kegg_compound,no_candidates,0
BIOMD0000001061,R_DHFS,CLU_BIOMD0000001061,validation,empty_constrained,True,7+,chebi+kegg_compound,no_candidates,0
BIOMD0000001061,R_DHNPA2r,CLU_BIOMD0000001061,validation,retrievable_top1_success,True,3-4,chebi+kegg_compound,ok,1
BIOMD0000001061,R_DHORTS,CLU_BIOMD0000001061,validation,empty_constrained,True,3-4,chebi+kegg_compound,no_candidates,0
BIOMD0000001061,R_DHPPDA2,CLU_BIOMD0000001061,validation,empty_constrained,True,5-6,chebi+kegg_compound,no_candidates,0
BIOMD0000001061,R_DHPS2,CLU_BIOMD0000001061,validation,retrievable_top1_success,True,3-4,chebi+kegg_compound,ok,1
BIOMD0000001061,R_DHQS,CLU_BIOMD0000001061,validation,empty_constrained,True,3-4,chebi+kegg_compound,no_candidates,0
BIOMD0000001061,R_DHQTi,CLU_BIOMD0000001061,validation,empty_constrained,True,3-4,chebi+kegg_compound,no_candidates,0
BIOMD0000001061,R_DMATT,CLU_BIOMD0000001061,validation,retrievable_top1_success,True,3-4,chebi+kegg_compound,ok,1
BIOMD0000001061,R_DNMPPA,CLU_BIOMD0000001061,validation,empty_constrained,True,3-4,chebi+kegg_compound,no_candidates,0
BIOMD0000001061,R_DNTPPA,CLU_BIOMD0000001061,validation,empty_constrained,True,5-6,chebi+kegg_compound,no_candidates,0
BIOMD0000001061,R_DPCOAK,CLU_BIOMD0000001061,validation,empty_constrained,True,5-6,chebi+kegg_compound,no_candidates,0
BIOMD0000001061,R_DPR,CLU_BIOMD0000001061,validation,empty_constrained,True,5-6,chebi+kegg_compound,no_candidates,0
BIOMD0000001061,R_DTMPK,CLU_BIOMD0000001061,validation,retrievable_top1_success,True,3-4,chebi+kegg_compound,ok,1
BIOMD0000001061,R_DUTPDP,CLU_BIOMD0000001061,validation,empty_constrained,True,5-6,chebi+kegg_compound,no_candidates,0
BIOMD0000001061,R_DXPRIi,CLU_BIOMD0000001061,validation,empty_constrained,True,5-6,chebi+kegg_compound,no_candidates,0
BIOMD0000001061,R_DXPS,CLU_BIOMD0000001061,validation,empty_constrained,True,5-6,chebi+kegg_compound,no_candidates,0
BIOMD0000001061,R_E4PD,CLU_BIOMD0000001061,validation,empty_constrained,True,5-6,chebi+kegg_compound,no_candidates,0
BIOMD0000001061,R_EGMEACPR,CLU_BIOMD0000001061,validation,empty_constrained,True,5-6,chebi+kegg_compound,no_candidates,0
BIOMD0000001061,R_ENO,CLU_BIOMD0000001061,validation,empty_constrained,True,3-4,chebi+kegg_compound,no_candidates,0
BIOMD0000001061,R_EPMEACPR,CLU_BIOMD0000001061,validation,empty_constrained,True,5-6,chebi+kegg_compound,no_candidates,0
BIOMD0000001061,R_FACOAL160,CLU_BIOMD0000001061,validation,retrievable_rerank_failure,True,5-6,chebi+kegg_compound,ok,2
BIOMD0000001061,R_FADRx2,CLU_BIOMD0000001061,validation,empty_constrained,True,5-6,chebi+kegg_compound,no_candidates,0
BIOMD0000001061,R_FALDH2,CLU_BIOMD0000001061,validation,empty_constrained,True,5-6,chebi+kegg_compound,no_candidates,0
BIOMD0000001061,R_FBA,CLU_BIOMD0000001061,validation,retrievable_top1_success,True,3-4,chebi+kegg_compound,ok,2
BIOMD0000001061,R_FBA2,CLU_BIOMD0000001061,validation,retrievable_top1_success,True,3-4,chebi+kegg_compound,ok,1
BIOMD0000001061,R_FBA3,CLU_BIOMD0000001061,validation,retrievable_top1_success,True,3-4,chebi+kegg_compound,ok,1
BIOMD0000001061,R_FCLT,CLU_BIOMD0000001061,validation,retrievable_top1_success,True,3-4,chebi+kegg_compound,ok,1
BIOMD0000001061,R_FEROpp,CLU_BIOMD0000001061,validation,empty_constrained,True,5-6,chebi+kegg_compound,no_candidates,0
BIOMD0000001061,R_FLVR,CLU_BIOMD0000001061,validation,empty_constrained,True,5-6,chebi+kegg_compound,no_candidates,0
BIOMD0000001061,R_FMETTRS,CLU_BIOMD0000001061,validation,empty_constrained,True,5-6,chebi+kegg_compound,no_candidates,0
BIOMD0000001061,R_FMNAT,CLU_BIOMD0000001061,validation,empty_constrained,True,5-6,chebi+kegg_compound,no_candidates,0
BIOMD0000001061,R_FMNRx2,CLU_BIOMD0000001061,validation,empty_constrained,True,5-6,chebi+kegg_compound,no_candidates,0
BIOMD0000001061,R_FOLR2,CLU_BIOMD0000001061,validation,empty_constrained,True,3-4,chebi+kegg_compound,no_candidates,0
BIOMD0000001061,R_FRTT,CLU_BIOMD0000001061,validation,empty_constrained,True,3-4,chebi+kegg_compound,no_candidates,0
BIOMD0000001061,R_FTHFLi,CLU_BIOMD0000001061,validation,retrievable_top1_success,True,5-6,chebi+kegg_compound,ok,1
BIOMD0000001061,R_FUM,CLU_BIOMD0000001061,validation,empty_constrained,True,3-4,chebi+kegg_compound,no_candidates,0
BIOMD0000001061,R_G1PTT,CLU_BIOMD0000001061,validation,empty_constrained,True,5-6,chebi+kegg_compound,no_candidates,0
BIOMD0000001061,R_G1SAT,CLU_BIOMD0000001061,validation,empty_constrained,True,1-2,chebi+kegg_compound,no_candidates,0
BIOMD0000001061,R_G2PP,CLU_BIOMD0000001061,validation,empty_constrained,True,3-4,chebi+kegg_compound,no_candidates,0
BIOMD0000001061,R_G3PCT,CLU_BIOMD0000001061,validation,empty_constrained,True,5-6,chebi+kegg_compound,no_candidates,0
BIOMD0000001061,R_G3PD2,CLU_BIOMD0000001061,validation,empty_constrained,True,5-6,chebi+kegg_compound,no_candidates,0
BIOMD0000001061,R_G5SADs,CLU_BIOMD0000001061,validation,empty_constrained,True,3-4,chebi+kegg_compound,no_candidates,0
BIOMD0000001061,R_G5SD,CLU_BIOMD0000001061,validation,empty_constrained,True,5-6,chebi+kegg_compound,no_candidates,0
BIOMD0000001061,R_G6PDH2r,CLU_BIOMD0000001061,validation,empty_constrained,True,5-6,chebi+kegg_compound,no_candidates,0
BIOMD0000001061,R_GAPD,CLU_BIOMD0000001061,validation,empty_constrained,True,5-6,chebi+kegg_compound,no_candidates,0
BIOMD0000001061,R_GARFT,CLU_BIOMD0000001061,validation,empty_constrained,True,5-6,chebi+kegg_compound,no_candidates,0
BIOMD0000001061,R_GCALDD,CLU_BIOMD0000001061,validation,empty_constrained,True,5-6,chebi+kegg_compound,no_candidates,0
BIOMD0000001061,R_GCCa,CLU_BIOMD0000001061,validation,empty_constrained,True,5-6,chebi+kegg_compound,no_candidates,0
BIOMD0000001061,R_GCCb,CLU_BIOMD0000001061,validation,empty_constrained,True,5-6,chebi+kegg_compound,no_candidates,0
BIOMD0000001061,R_GCCc,CLU_BIOMD0000001061,validation,empty_constrained,True,5-6,chebi+kegg_compound,no_candidates,0
BIOMD0000001061,R_GHMT2r,CLU_BIOMD0000001061,validation,empty_constrained,True,5-6,chebi+kegg_compound,no_candidates,0
BIOMD0000001061,R_GK1,CLU_BIOMD0000001061,validation,retrievable_top1_success,True,3-4,chebi+kegg_compound,ok,1
BIOMD0000001061,R_GLGC,CLU_BIOMD0000001061,validation,empty_constrained,True,5-6,chebi+kegg_compound,no_candidates,0
BIOMD0000001061,R_GLNS,CLU_BIOMD0000001061,validation,empty_constrained,True,7+,chebi+kegg_compound,no_candidates,0
BIOMD0000001061,R_GLNTRS,CLU_BIOMD0000001061,validation,empty_constrained,True,5-6,chebi+kegg_compound,no_candidates,0
BIOMD0000001061,R_GLU5K,CLU_BIOMD0000001061,validation,retrievable_top1_success,True,3-4,chebi+kegg_compound,ok,1
BIOMD0000001061,R_GLUDy,CLU_BIOMD0000001061,validation,empty_constrained,True,7+,chebi+kegg_compound,no_candidates,0
BIOMD0000001061,R_GLUPRT,CLU_BIOMD0000001061,validation,empty_constrained,True,5-6,chebi+kegg_compound,no_candidates,0
BIOMD0000001061,R_GLUR,CLU_BIOMD0000001061,validation,empty_constrained,True,1-2,chebi+kegg_compound,no_candidates,0
BIOMD0000001061,R_GLUSy,CLU_BIOMD0000001061,validation,empty_constrained,True,5-6,chebi+kegg_compound,no_candidates,0
BIOMD0000001061,R_GLUTRR,CLU_BIOMD0000001061,validation,empty_constrained,True,5-6,chebi+kegg_compound,no_candidates,0
BIOMD0000001061,R_GLUTRS,CLU_BIOMD0000001061,validation,empty_constrained,True,5-6,chebi+kegg_compound,no_candidates,0
BIOMD0000001061,R_GLYCL,CLU_BIOMD0000001061,validation,empty_constrained,True,7+,chebi+kegg_compound,no_candidates,0
BIOMD0000001061,R_GLYCTO1,CLU_BIOMD0000001061,validation,retrievable_top1_success,True,3-4,chebi+kegg_compound,ok,1
BIOMD0000001061,R_GLYK,CLU_BIOMD0000001061,validation,empty_constrained,True,5-6,chebi+kegg_compound,no_candidates,0
BIOMD0000001061,R_GLYOX,CLU_BIOMD0000001061,validation,empty_constrained,True,5-6,chebi+kegg_compound,no_candidates,0
BIOMD0000001061,R_GLYOX_1,CLU_BIOMD0000001061,validation,retrievable_top1_success,True,3-4,chebi+kegg_compound,ok,1
BIOMD0000001061,R_GLYTRS,CLU_BIOMD0000001061,validation,retrievable_top1_success,True,5-6,chebi+kegg_compound,ok,1
BIOMD0000001061,R_GMPS,CLU_BIOMD0000001061,validation,empty_constrained,True,7+,chebi+kegg_compound,no_candidates,0
BIOMD0000001061,R_GMPS2,CLU_BIOMD0000001061,validation,empty_constrained,True,7+,chebi+kegg_compound,no_candidates,0
BIOMD0000001061,R_GND,CLU_BIOMD0000001061,validation,empty_constrained,True,5-6,chebi+kegg_compound,no_candidates,0
BIOMD0000001061,R_GRTT,CLU_BIOMD0000001061,validation,empty_constrained,True,3-4,chebi+kegg_compound,no_candidates,0
BIOMD0000001061,R_GTHPi,CLU_BIOMD0000001061,validation,empty_constrained,True,3-4,chebi+kegg_compound,no_candidates,0
BIOMD0000001061,R_GTHS,CLU_BIOMD0000001061,validation,empty_constrained,True,7+,chebi+kegg_compound,no_candidates,0
BIOMD0000001061,R_GTPCI,CLU_BIOMD0000001061,validation,empty_constrained,True,5-6,chebi+kegg_compound,no_candidates,0
BIOMD0000001061,R_GTPDPK,CLU_BIOMD0000001061,validation,empty_constrained,True,5-6,chebi+kegg_compound,no_candidates,0
BIOMD0000001061,R_HBZOPT,CLU_BIOMD0000001061,validation,empty_constrained,True,3-4,chebi+kegg_compound,no_candidates,0
BIOMD0000001061,R_HCO3E,CLU_BIOMD0000001061,validation,empty_constrained,True,3-4,chebi+kegg_compound,no_candidates,0
BIOMD0000001061,R_HISTD,CLU_BIOMD0000001061,validation,empty_constrained,True,5-6,chebi+kegg_compound,no_candidates,0
BIOMD0000001061,R_HISTP,CLU_BIOMD0000001061,validation,empty_constrained,True,3-4,chebi+kegg_compound,no_candidates,0
BIOMD0000001061,R_HISTRS,CLU_BIOMD0000001061,validation,empty_constrained,True,5-6,chebi+kegg_compound,no_candidates,0
BIOMD0000001061,R_HMBS,CLU_BIOMD0000001061,validation,empty_constrained,True,3-4,chebi+kegg_compound,no_candidates,0
BIOMD0000001061,R_HPPK2,CLU_BIOMD0000001061,validation,empty_constrained,True,5-6,chebi+kegg_compound,no_candidates,0
BIOMD0000001061,R_HSDy,CLU_BIOMD0000001061,validation,empty_constrained,True,5-6,chebi+kegg_compound,no_candidates,0
BIOMD0000001061,R_HSERTA,CLU_BIOMD0000001061,validation,retrievable_top1_success,True,3-4,chebi+kegg_compound,ok,1
BIOMD0000001061,R_HSK,CLU_BIOMD0000001061,validation,empty_constrained,True,5-6,chebi+kegg_compound,no_candidates,0
BIOMD0000001061,R_HSTPT,CLU_BIOMD0000001061,validation,empty_constrained,True,3-4,chebi+kegg_compound,no_candidates,0
BIOMD0000001061,R_ICDHyr,CLU_BIOMD0000001061,validation,empty_constrained,True,5-6,chebi+kegg_compound,no_candidates,0
BIOMD0000001061,R_IG3PS,CLU_BIOMD0000001061,validation,empty_constrained,True,5-6,chebi+kegg_compound,no_candidates,0
BIOMD0000001061,R_IGPDH,CLU_BIOMD0000001061,validation,empty_constrained,True,3-4,chebi+kegg_compound,no_candidates,0
BIOMD0000001061,R_IGPS,CLU_BIOMD0000001061,validation,empty_constrained,True,5-6,chebi+kegg_compound,no_candidates,0
BIOMD0000001061,R_ILETA,CLU_BIOMD0000001061,validation,retrievable_top1_success,True,3-4,chebi+kegg_compound,ok,1
BIOMD0000001061,R_ILETRS,CLU_BIOMD0000001061,validation,empty_constrained,True,5-6,chebi+kegg_compound,no_candidates,0
BIOMD0000001061,R_IMPC,CLU_BIOMD0000001061,validation,empty_constrained,True,3-4,chebi+kegg_compound,no_candidates,0
BIOMD0000001061,R_IMPD,CLU_BIOMD0000001061,validation,empty_constrained,True,5-6,chebi+kegg_compound,no_candidates,0
BIOMD0000001061,R_IPMD,CLU_BIOMD0000001061,validation,empty_constrained,True,5-6,chebi+kegg_compound,no_candidates,0
BIOMD0000001061,R_IPPMIa,CLU_BIOMD0000001061,validation,empty_constrained,True,3-4,chebi+kegg_compound,no_candidates,0
BIOMD0000001061,R_IPPMIb,CLU_BIOMD0000001061,validation,empty_constrained,True,3-4,chebi+kegg_compound,no_candidates,0
BIOMD0000001061,R_IPPS,CLU_BIOMD0000001061,validation,empty_constrained,True,5-6,chebi+kegg_compound,no_candidates,0
BIOMD0000001061,R_KARA1,CLU_BIOMD0000001061,validation,empty_constrained,True,5-6,chebi+kegg_compound,no_candidates,0
BIOMD0000001061,R_KAS14,CLU_BIOMD0000001061,validation,empty_constrained,True,5-6,chebi+kegg_compound,no_candidates,0
BIOMD0000001061,R_KAS15,CLU_BIOMD0000001061,validation,empty_constrained,True,5-6,chebi+kegg_compound,no_candidates,0
BIOMD0000001061,R_LCARS,CLU_BIOMD0000001061,validation,empty_constrained,True,5-6,chebi+kegg_compound,no_candidates,0
BIOMD0000001061,R_LDH_D,CLU_BIOMD0000001061,validation,empty_constrained,True,5-6,chebi+kegg_compound,no_candidates,0
BIOMD0000001061,R_LEUTAi,CLU_BIOMD0000001061,validation,empty_constrained,True,3-4,chebi+kegg_compound,no_candidates,0
BIOMD0000001061,R_LEUTRS,CLU_BIOMD0000001061,validation,empty_constrained,True,5-6,chebi+kegg_compound,no_candidates,0
BIOMD0000001061,R_LYSTRS,CLU_BIOMD0000001061,validation,empty_constrained,True,5-6,chebi+kegg_compound,no_candidates,0
BIOMD0000001061,R_MAN1PT2,CLU_BIOMD0000001061,validation,empty_constrained,True,5-6,chebi+kegg_compound,no_candidates,0
BIOMD0000001061,R_MAN6PI,CLU_BIOMD0000001061,validation,retrievable_top1_success,True,1-2,chebi+kegg_compound,ok,2
BIOMD0000001061,R_MCOATA,CLU_BIOMD0000001061,validation,retrievable_top1_success,True,3-4,chebi+kegg_compound,ok,1
BIOMD0000001061,R_MDH,CLU_BIOMD0000001061,validation,empty_constrained,True,5-6,chebi+kegg_compound,no_candidates,0
BIOMD0000001061,R_ME1,CLU_BIOMD0000001061,validation,empty_constrained,True,5-6,chebi+kegg_compound,no_candidates,0
BIOMD0000001061,R_MECDPS,CLU_BIOMD0000001061,validation,retrievable_top1_success,True,3-4,chebi+kegg_compound,ok,1
BIOMD0000001061,R_MEPCT,CLU_BIOMD0000001061,validation,empty_constrained,True,5-6,chebi+kegg_compound,no_candidates,0
BIOMD0000001061,R_METAT,CLU_BIOMD0000001061,validation,empty_constrained,True,5-6,chebi+kegg_compound,no_candidates,0
BIOMD0000001061,R_METS,CLU_BIOMD0000001061,validation,empty_constrained,True,5-6,chebi+kegg_compound,no_candidates,0
BIOMD0000001061,R_METSOXR1,CLU_BIOMD0000001061,validation,empty_constrained,True,5-6,chebi+kegg_compound,no_candidates,0
BIOMD0000001061,R_METSOXR2,CLU_BIOMD0000001061,validation,empty_constrained,True,5-6,chebi+kegg_compound,no_candidates,0
BIOMD0000001061,R_METTRS,CLU_BIOMD0000001061,validation,empty_constrained,True,5-6,chebi+kegg_compound,no_candidates,0
BIOMD0000001061,R_MI1PP,CLU_BIOMD0000001061,validation,empty_constrained,True,3-4,chebi+kegg_compound,no_candidates,0
BIOMD0000001061,R_MOHMT,CLU_BIOMD0000001061,validation,empty_constrained,True,5-6,chebi+kegg_compound,no_candidates,0
BIOMD0000001061,R_MTHFC,CLU_BIOMD0000001061,validation,empty_constrained,True,3-4,chebi+kegg_compound,no_candidates,0
BIOMD0000001061,R_MTHFD,CLU_BIOMD0000001061,validation,empty_constrained,True,3-4,chebi+kegg_compound,no_candidates,0
BIOMD0000001061,R_MTHFR2,CLU_BIOMD0000001061,validation,empty_constrained,True,5-6,chebi+kegg_compound,no_candidates,0
BIOMD0000001061,R_NADDP,CLU_BIOMD0000001061,validation,empty_constrained,True,5-6,chebi+kegg_compound,no_candidates,0
BIOMD0000001061,R_NADHPO,CLU_BIOMD0000001061,validation,empty_constrained,True,5-6,chebi+kegg_compound,no_candidates,0
BIOMD0000001061,R_NADK,CLU_BIOMD0000001061,validation,empty_constrained,True,5-6,chebi+kegg_compound,no_candidates,0
BIOMD0000001061,R_NADS1,CLU_BIOMD0000001061,validation,empty_constrained,True,7+,chebi+kegg_compound,no_candidates,0
BIOMD0000001061,R_NADS2,CLU_BIOMD0000001061,validation,empty_constrained,True,7+,chebi+kegg_compound,no_candidates,0
BIOMD0000001061,R_NADTRHD,CLU_BIOMD0000001061,validation,empty_constrained,True,3-4,chebi+kegg_compound,no_candidates,0
BIOMD0000001061,R_NDPK1,CLU_BIOMD0000001061,validation,retrievable_top1_success,True,3-4,chebi+kegg_compound,ok,1
BIOMD0000001061,R_NDPK2,CLU_BIOMD0000001061,validation,retrievable_top1_success,True,3-4,chebi+kegg_compound,ok,1
BIOMD0000001061,R_NDPK3,CLU_BIOMD0000001061,validation,retrievable_top1_success,True,3-4,chebi+kegg_compound,ok,1
BIOMD0000001061,R_NDPK4,CLU_BIOMD0000001061,validation,retrievable_top1_success,True,3-4,chebi+kegg_compound,ok,1
BIOMD0000001061,R_NDPK5,CLU_BIOMD0000001061,validation,retrievable_top1_success,True,3-4,chebi+kegg_compound,ok,1
BIOMD0000001061,R_NDPK6,CLU_BIOMD0000001061,validation,retrievable_top1_success,True,3-4,chebi+kegg_compound,ok,1
BIOMD0000001061,R_NDPK7,CLU_BIOMD0000001061,validation,retrievable_top1_success,True,3-4,chebi+kegg_compound,ok,1
BIOMD0000001061,R_NDPK8,CLU_BIOMD0000001061,validation,retrievable_top1_success,True,3-4,chebi+kegg_compound,ok,1
BIOMD0000001061,R_NMNDA,CLU_BIOMD0000001061,validation,empty_constrained,True,3-4,chebi+kegg_compound,no_candidates,0
BIOMD0000001061,R_NNATr,CLU_BIOMD0000001061,validation,empty_constrained,True,5-6,chebi+kegg_compound,no_candidates,0
BIOMD0000001061,R_NNDMBRT,CLU_BIOMD0000001061,validation,retrievable_top1_success,True,5-6,chebi+kegg_compound,ok,1
BIOMD0000001061,R_NNDPR,CLU_BIOMD0000001061,validation,empty_constrained,True,5-6,chebi+kegg_compound,no_candidates,0
BIOMD0000001061,R_NTD1,CLU_BIOMD0000001061,validation,empty_constrained,True,3-4,chebi+kegg_compound,no_candidates,0
BIOMD0000001061,R_NTD10,CLU_BIOMD0000001061,validation,empty_constrained,True,3-4,chebi+kegg_compound,no_candidates,0
BIOMD0000001061,R_NTD11,CLU_BIOMD0000001061,validation,empty_constrained,True,3-4,chebi+kegg_compound,no_candidates,0
BIOMD0000001061,R_NTD2,CLU_BIOMD0000001061,validation,empty_constrained,True,3-4,chebi+kegg_compound,no_candidates,0
BIOMD0000001061,R_NTD3,CLU_BIOMD0000001061,validation,empty_constrained,True,3-4,chebi+kegg_compound,no_candidates,0
BIOMD0000001061,R_NTD4,CLU_BIOMD0000001061,validation,empty_constrained,True,3-4,chebi+kegg_compound,no_candidates,0
BIOMD0000001061,R_NTD5,CLU_BIOMD0000001061,validation,empty_constrained,True,3-4,chebi+kegg_compound,no_candidates,0
BIOMD0000001061,R_NTD6,CLU_BIOMD0000001061,validation,empty_constrained,True,3-4,chebi+kegg_compound,no_candidates,0
BIOMD0000001061,R_NTD7,CLU_BIOMD0000001061,validation,empty_constrained,True,3-4,chebi+kegg_compound,no_candidates,0
BIOMD0000001061,R_NTD8,CLU_BIOMD0000001061,validation,empty_constrained,True,3-4,chebi+kegg_compound,no_candidates,0
BIOMD0000001061,R_NTD9,CLU_BIOMD0000001061,validation,empty_constrained,True,3-4,chebi+kegg_compound,no_candidates,0
BIOMD0000001061,R_NTP1,CLU_BIOMD0000001061,validation,empty_constrained,True,5-6,chebi+kegg_compound,no_candidates,0
BIOMD0000001061,R_NTP10,CLU_BIOMD0000001061,validation,empty_constrained,True,5-6,chebi+kegg_compound,no_candidates,0
BIOMD0000001061,R_NTP3,CLU_BIOMD0000001061,validation,empty_constrained,True,5-6,chebi+kegg_compound,no_candidates,0
BIOMD0000001061,R_NTP5,CLU_BIOMD0000001061,validation,empty_constrained,True,5-6,chebi+kegg_compound,no_candidates,0
BIOMD0000001061,R_NTPP10,CLU_BIOMD0000001061,validation,empty_constrained,True,5-6,chebi+kegg_compound,no_candidates,0
BIOMD0000001061,R_NTPP11,CLU_BIOMD0000001061,validation,empty_constrained,True,5-6,chebi+kegg_compound,no_candidates,0
BIOMD0000001061,R_NTPP7,CLU_BIOMD0000001061,validation,empty_constrained,True,5-6,chebi+kegg_compound,no_candidates,0
BIOMD0000001061,R_NTPP8,CLU_BIOMD0000001061,validation,empty_constrained,True,5-6,chebi+kegg_compound,no_candidates,0
BIOMD0000001061,R_NTPP9,CLU_BIOMD0000001061,validation,empty_constrained,True,5-6,chebi+kegg_compound,no_candidates,0
BIOMD0000001061,R_OCBT,CLU_BIOMD0000001061,validation,empty_constrained,True,5-6,chebi+kegg_compound,no_candidates,0
BIOMD0000001061,R_OCTDPS,CLU_BIOMD0000001061,validation,empty_constrained,True,3-4,chebi+kegg_compound,no_candidates,0
BIOMD0000001061,R_OGMEACPD,CLU_BIOMD0000001061,validation,empty_constrained,True,3-4,chebi+kegg_compound,no_candidates,0
BIOMD0000001061,R_OHPBAT,CLU_BIOMD0000001061,validation,empty_constrained,True,3-4,chebi+kegg_compound,no_candidates,0
BIOMD0000001061,R_OHPHM,CLU_BIOMD0000001061,validation,empty_constrained,True,5-6,chebi+kegg_compound,no_candidates,0
BIOMD0000001061,R_OMCDC,CLU_BIOMD0000001061,validation,empty_constrained,True,3-4,chebi+kegg_compound,no_candidates,0
BIOMD0000001061,R_OMPDC,CLU_BIOMD0000001061,validation,empty_constrained,True,3-4,chebi+kegg_compound,no_candidates,0
BIOMD0000001061,R_OPHBDC,CLU_BIOMD0000001061,validation,empty_constrained,True,3-4,chebi+kegg_compound,no_candidates,0
BIOMD0000001061,R_OPMEACPD,CLU_BIOMD0000001061,validation,empty_constrained,True,3-4,chebi+kegg_compound,no_candidates,0
BIOMD0000001061,R_ORNTAC,CLU_BIOMD0000001061,validation,retrievable_top1_success,True,3-4,chebi+kegg_compound,ok,1
BIOMD0000001061,R_ORPT,CLU_BIOMD0000001061,validation,retrievable_top1_success,True,3-4,chebi+kegg_compound,ok,1
BIOMD0000001061,R_P5CR,CLU_BIOMD0000001061,validation,empty_constrained,True,5-6,chebi+kegg_compound,no_candidates,0
BIOMD0000001061,R_P5CRx,CLU_BIOMD0000001061,validation,empty_constrained,True,5-6,chebi+kegg_compound,no_candidates,0
BIOMD0000001061,R_PANTS,CLU_BIOMD0000001061,validation,empty_constrained,True,7+,chebi+kegg_compound,no_candidates,0
BIOMD0000001061,R_PAPSR,CLU_BIOMD0000001061,validation,empty_constrained,True,5-6,chebi+kegg_compound,no_candidates,0
BIOMD0000001061,R_PDH,CLU_BIOMD0000001061,validation,empty_constrained,True,5-6,chebi+kegg_compound,no_candidates,0
BIOMD0000001061,R_PDX5POi,CLU_BIOMD0000001061,validation,retrievable_top1_success,True,3-4,chebi+kegg_compound,ok,1
BIOMD0000001061,R_PERD,CLU_BIOMD0000001061,validation,empty_constrained,True,5-6,chebi+kegg_compound,no_candidates,0
BIOMD0000001061,R_PGAMT,CLU_BIOMD0000001061,validation,retrievable_top1_success,True,1-2,chebi+kegg_compound,ok,1
BIOMD0000001061,R_PGCD,CLU_BIOMD0000001061,validation,empty_constrained,True,5-6,chebi+kegg_compound,no_candidates,0
BIOMD0000001061,R_PGK,CLU_BIOMD0000001061,validation,retrievable_top1_success,True,3-4,chebi+kegg_compound,ok,1
BIOMD0000001061,R_PGL,CLU_BIOMD0000001061,validation,empty_constrained,True,3-4,chebi+kegg_compound,no_candidates,0
BIOMD0000001061,R_PGLYCP,CLU_BIOMD0000001061,validation,empty_constrained,True,3-4,chebi+kegg_compound,no_candidates,0
BIOMD0000001061,R_PGM,CLU_BIOMD0000001061,validation,retrievable_top1_success,True,1-2,chebi+kegg_compound,ok,1
BIOMD0000001061,R_PHETA1,CLU_BIOMD0000001061,validation,retrievable_top1_success,True,3-4,chebi+kegg_compound,ok,1
BIOMD0000001061,R_PHETRS,CLU_BIOMD0000001061,validation,empty_constrained,True,5-6,chebi+kegg_compound,no_candidates,0
BIOMD0000001061,R_PMDPHT,CLU_BIOMD0000001061,validation,empty_constrained,True,3-4,chebi+kegg_compound,no_candidates,0
BIOMD0000001061,R_PMEACPE,CLU_BIOMD0000001061,validation,empty_constrained,True,3-4,chebi+kegg_compound,no_candidates,0
BIOMD0000001061,R_PNTK,CLU_BIOMD0000001061,validation,empty_constrained,True,5-6,chebi+kegg_compound,no_candidates,0
BIOMD0000001061,R_PPA,CLU_BIOMD0000001061,validation,empty_constrained,True,3-4,chebi+kegg_compound,no_candidates,0
BIOMD0000001061,R_PPA2,CLU_BIOMD0000001061,validation,empty_constrained,True,5-6,chebi+kegg_compound,no_candidates,0
BIOMD0000001061,R_PPBNGS,CLU_BIOMD0000001061,validation,empty_constrained,True,3-4,chebi+kegg_compound,no_candidates,0
BIOMD0000001061,R_PPC,CLU_BIOMD0000001061,validation,empty_constrained,True,5-6,chebi+kegg_compound,no_candidates,0
BIOMD0000001061,R_PPCDC,CLU_BIOMD0000001061,validation,empty_constrained,True,3-4,chebi+kegg_compound,no_candidates,0
BIOMD0000001061,R_PPDK,CLU_BIOMD0000001061,validation,empty_constrained,True,7+,chebi+kegg_compound,no_candidates,0
BIOMD0000001061,R_PPGPPDP,CLU_BIOMD0000001061,validation,empty_constrained,True,3-4,chebi+kegg_compound,no_candidates,0
BIOMD0000001061,R_PPNCL2,CLU_BIOMD0000001061,validation,empty_constrained,True,7+,chebi+kegg_compound,no_candidates,0
BIOMD0000001061,R_PPND,CLU_BIOMD0000001061,validation,empty_constrained,True,5-6,chebi+kegg_compound,no_candidates,0
BIOMD0000001061,R_PPNDH,CLU_BIOMD0000001061,validation,empty_constrained,True,5-6,chebi+kegg_compound,no_candidates,0
BIOMD0000001061,R_PPS,CLU_BIOMD0000001061,validation,empty_constrained,True,7+,chebi+kegg_compound,no_candidates,0
BIOMD0000001061,R_PRAGSr,CLU_BIOMD0000001061,validation,empty_constrained,True,7+,chebi+kegg_compound,no_candidates,0
BIOMD0000001061,R_PRAIi,CLU_BIOMD0000001061,validation,empty_constrained,True,1-2,chebi+kegg_compound,no_candidates,0
BIOMD0000001061,R_PRAMPC,CLU_BIOMD0000001061,validation,empty_constrained,True,3-4,chebi+kegg_compound,no_candidates,0
BIOMD0000001061,R_PRASCSi,CLU_BIOMD0000001061,validation,empty_constrained,True,7+,chebi+kegg_compound,no_candidates,0
BIOMD0000001061,R_PRATPP,CLU_BIOMD0000001061,validation,empty_constrained,True,5-6,chebi+kegg_compound,no_candidates,0
BIOMD0000001061,R_PRMICI,CLU_BIOMD0000001061,validation,retrievable_top1_success,True,1-2,chebi+kegg_compound,ok,1
BIOMD0000001061,R_PROTRS,CLU_BIOMD0000001061,validation,empty_constrained,True,5-6,chebi+kegg_compound,no_candidates,0
BIOMD0000001061,R_PRUK,CLU_BIOMD0000001061,validation,empty_constrained,True,5-6,chebi+kegg_compound,no_candidates,0
BIOMD0000001061,R_PSCVT,CLU_BIOMD0000001061,validation,retrievable_top1_success,True,3-4,chebi+kegg_compound,ok,1
BIOMD0000001061,R_PSERT,CLU_BIOMD0000001061,validation,empty_constrained,True,3-4,chebi+kegg_compound,no_candidates,0
BIOMD0000001061,R_PSP_L,CLU_BIOMD0000001061,validation,empty_constrained,True,3-4,chebi+kegg_compound,no_candidates,0
BIOMD0000001061,R_PTA2,CLU_BIOMD0000001061,validation,retrievable_top1_success,True,3-4,chebi+kegg_compound,ok,1
BIOMD0000001061,R_PTAr,CLU_BIOMD0000001061,validation,retrievable_top1_success,True,3-4,chebi+kegg_compound,ok,1
BIOMD0000001061,R_PTPATi,CLU_BIOMD0000001061,validation,empty_constrained,True,5-6,chebi+kegg_compound,no_candidates,0
BIOMD0000001061,R_PTRCTA,CLU_BIOMD0000001061,validation,empty_constrained,True,3-4,chebi+kegg_compound,no_candidates,0
BIOMD0000001061,R_PYK,CLU_BIOMD0000001061,validation,empty_constrained,True,5-6,chebi+kegg_compound,no_candidates,0
BIOMD0000001061,R_PYK2,CLU_BIOMD0000001061,validation,empty_constrained,True,5-6,chebi+kegg_compound,no_candidates,0
BIOMD0000001061,R_PYK3,CLU_BIOMD0000001061,validation,empty_constrained,True,5-6,chebi+kegg_compound,no_candidates,0
BIOMD0000001061,R_PYK4,CLU_BIOMD0000001061,validation,empty_constrained,True,5-6,chebi+kegg_compound,no_candidates,0
BIOMD0000001061,R_QULNS,CLU_BIOMD0000001061,validation,empty_constrained,True,5-6,chebi+kegg_compound,no_candidates,0
BIOMD0000001061,R_RBCh,CLU_BIOMD0000001061,validation,empty_constrained,True,5-6,chebi+kegg_compound,no_candidates,0
BIOMD0000001061,R_RBFK,CLU_BIOMD0000001061,validation,empty_constrained,True,5-6,chebi+kegg_compound,no_candidates,0
BIOMD0000001061,R_RBFSa,CLU_BIOMD0000001061,validation,empty_constrained,True,5-6,chebi+kegg_compound,no_candidates,0
BIOMD0000001061,R_RBFSb,CLU_BIOMD0000001061,validation,retrievable_top1_success,True,3-4,chebi+kegg_compound,ok,1
BIOMD0000001061,R_RBPC,CLU_BIOMD0000001061,validation,empty_constrained,True,5-6,chebi+kegg_compound,no_candidates,0
BIOMD0000001061,R_RNDR1,CLU_BIOMD0000001061,validation,empty_constrained,True,5-6,chebi+kegg_compound,no_candidates,0
BIOMD0000001061,R_RNDR2,CLU_BIOMD0000001061,validation,empty_constrained,True,5-6,chebi+kegg_compound,no_candidates,0
BIOMD0000001061,R_RNDR3,CLU_BIOMD0000001061,validation,empty_constrained,True,5-6,chebi+kegg_compound,no_candidates,0
BIOMD0000001061,R_RNDR4,CLU_BIOMD0000001061,validation,empty_constrained,True,5-6,chebi+kegg_compound,no_candidates,0
BIOMD0000001061,R_RNTR1,CLU_BIOMD0000001061,validation,empty_constrained,True,5-6,chebi+kegg_compound,no_candidates,0
BIOMD0000001061,R_RNTR2,CLU_BIOMD0000001061,validation,empty_constrained,True,5-6,chebi+kegg_compound,no_candidates,0
BIOMD0000001061,R_RNTR3,CLU_BIOMD0000001061,validation,empty_constrained,True,5-6,chebi+kegg_compound,no_candidates,0
BIOMD0000001061,R_RPE,CLU_BIOMD0000001061,validation,empty_constrained,True,1-2,chebi+kegg_compound,no_candidates,0
BIOMD0000001061,R_RZ5PP,CLU_BIOMD0000001061,validation,empty_constrained,True,3-4,chebi+kegg_compound,no_candidates,0
BIOMD0000001061,R_SBP,CLU_BIOMD0000001061,validation,empty_constrained,True,3-4,chebi+kegg_compound,no_candidates,0
BIOMD0000001061,R_SDPDS,CLU_BIOMD0000001061,validation,empty_constrained,True,3-4,chebi+kegg_compound,no_candidates,0
BIOMD0000001061,R_SDPTA,CLU_BIOMD0000001061,validation,retrievable_top1_success,True,3-4,chebi+kegg_compound,ok,1
BIOMD0000001061,R_SELNPS,CLU_BIOMD0000001061,validation,empty_constrained,True,5-6,chebi+kegg_compound,no_candidates,0
BIOMD0000001061,R_SERAT,CLU_BIOMD0000001061,validation,retrievable_top1_success,True,3-4,chebi+kegg_compound,ok,1
BIOMD0000001061,R_SERD_L,CLU_BIOMD0000001061,validation,empty_constrained,True,3-4,chebi+kegg_compound,no_candidates,0
BIOMD0000001061,R_SERTRS,CLU_BIOMD0000001061,validation,empty_constrained,True,5-6,chebi+kegg_compound,no_candidates,0
BIOMD0000001061,R_SFGTHi,CLU_BIOMD0000001061,validation,empty_constrained,True,5-6,chebi+kegg_compound,no_candidates,0
BIOMD0000001061,R_SHCHD2,CLU_BIOMD0000001061,validation,empty_constrained,True,5-6,chebi+kegg_compound,no_candidates,0
BIOMD0000001061,R_SHCHF,CLU_BIOMD0000001061,validation,empty_constrained,True,3-4,chebi+kegg_compound,no_candidates,0
BIOMD0000001061,R_SHK3Dr,CLU_BIOMD0000001061,validation,empty_constrained,True,5-6,chebi+kegg_compound,no_candidates,0
BIOMD0000001061,R_SHKK,CLU_BIOMD0000001061,validation,empty_constrained,True,5-6,chebi+kegg_compound,no_candidates,0
BIOMD0000001061,R_SHSL2r,CLU_BIOMD0000001061,validation,empty_constrained,True,5-6,chebi+kegg_compound,no_candidates,0
BIOMD0000001061,R_SPMS,CLU_BIOMD0000001061,validation,empty_constrained,True,5-6,chebi+kegg_compound,no_candidates,0
BIOMD0000001061,R_SPODM,CLU_BIOMD0000001061,validation,retrievable_top1_success,True,3-4,chebi+kegg_compound,ok,1
BIOMD0000001061,R_SSALx,CLU_BIOMD0000001061,validation,empty_constrained,True,5-6,chebi+kegg_compound,no_candidates,0
BIOMD0000001061,R_SSALy,CLU_BIOMD0000001061,validation,empty_constrained,True,5-6,chebi+kegg_compound,no_candidates,0
BIOMD0000001061,R_SUCOAS,CLU_BIOMD0000001061,validation,retrievable_top1_success,True,5-6,chebi+kegg_compound,ok,1
BIOMD0000001061,R_SULR,CLU_BIOMD0000001061,validation,empty_constrained,True,5-6,chebi+kegg_compound,no_candidates,0
BIOMD0000001061,R_TALA,CLU_BIOMD0000001061,validation,retrievable_top1_success,True,3-4,chebi+kegg_compound,ok,2
BIOMD0000001061,R_TDPAGTA,CLU_BIOMD0000001061,validation,empty_constrained,True,3-4,chebi+kegg_compound,no_candidates,0
BIOMD0000001061,R_TDPDRE,CLU_BIOMD0000001061,validation,retrievable_top1_success,True,1-2,chebi+kegg_compound,ok,1
BIOMD0000001061,R_TDPDRR,CLU_BIOMD0000001061,validation,empty_constrained,True,5-6,chebi+kegg_compound,no_candidates,0
BIOMD0000001061,R_TDPGDH,CLU_BIOMD0000001061,validation,empty_constrained,True,3-4,chebi+kegg_compound,no_candidates,0
BIOMD0000001061,R_THDPS,CLU_BIOMD0000001061,validation,empty_constrained,True,5-6,chebi+kegg_compound,no_candidates,0
BIOMD0000001061,R_THFAT,CLU_BIOMD0000001061,validation,empty_constrained,True,3-4,chebi+kegg_compound,no_candidates,0
BIOMD0000001061,R_THFGLUS,CLU_BIOMD0000001061,validation,empty_constrained,True,7+,chebi+kegg_compound,no_candidates,0
BIOMD0000001061,R_THRA,CLU_BIOMD0000001061,validation,retrievable_top1_success,True,3-4,chebi+kegg_compound,ok,1
BIOMD0000001061,R_THRD_L,CLU_BIOMD0000001061,validation,empty_constrained,True,3-4,chebi+kegg_compound,no_candidates,0
BIOMD0000001061,R_THRPDC,CLU_BIOMD0000001061,validation,empty_constrained,True,3-4,chebi+kegg_compound,no_candidates,0
BIOMD0000001061,R_THRS,CLU_BIOMD0000001061,validation,empty_constrained,True,3-4,chebi+kegg_compound,no_candidates,0
BIOMD0000001061,R_THRTRS,CLU_BIOMD0000001061,validation,empty_constrained,True,5-6,chebi+kegg_compound,no_candidates,0
BIOMD0000001061,R_TKT2,CLU_BIOMD0000001061,validation,empty_constrained,True,3-4,chebi+kegg_compound,no_candidates,0
BIOMD0000001061,R_TMDS,CLU_BIOMD0000001061,validation,retrievable_top1_success,True,3-4,chebi+kegg_compound,ok,1
BIOMD0000001061,R_TMPK,CLU_BIOMD0000001061,validation,empty_constrained,True,3-4,chebi+kegg_compound,no_candidates,0
BIOMD0000001061,R_TMPPP,CLU_BIOMD0000001061,validation,empty_constrained,True,5-6,chebi+kegg_compound,no_candidates,0
BIOMD0000001061,R_TPI,CLU_BIOMD0000001061,validation,empty_constrained,True,1-2,chebi+kegg_compound,no_candidates,0
BIOMD0000001061,R_TRDR,CLU_BIOMD0000001061,validation,empty_constrained,True,5-6,chebi+kegg_compound,no_candidates,0
BIOMD0000001061,R_TRPS1,CLU_BIOMD0000001061,validation,empty_constrained,True,5-6,chebi+kegg_compound,no_candidates,0
BIOMD0000001061,R_TRPS2,CLU_BIOMD0000001061,validation,empty_constrained,True,3-4,chebi+kegg_compound,no_candidates,0
BIOMD0000001061,R_TRPS3,CLU_BIOMD0000001061,validation,retrievable_top1_success,True,3-4,chebi+kegg_compound,ok,1
BIOMD0000001061,R_TRSARr,CLU_BIOMD0000001061,validation,empty_constrained,True,5-6,chebi+kegg_compound,no_candidates,0
BIOMD0000001061,R_TYRTA,CLU_BIOMD0000001061,validation,retrievable_top1_success,True,3-4,chebi+kegg_compound,ok,1
BIOMD0000001061,R_UAG2E,CLU_BIOMD0000001061,validation,retrievable_top1_success,True,1-2,chebi+kegg_compound,ok,1
BIOMD0000001061,R_UAG2EMA,CLU_BIOMD0000001061,validation,empty_constrained,True,5-6,chebi+kegg_compound,no_candidates,0
BIOMD0000001061,R_UAGCVT,CLU_BIOMD0000001061,validation,retrievable_top1_success,True,3-4,chebi+kegg_compound,ok,1
BIOMD0000001061,R_UAGPT3,CLU_BIOMD0000001061,validation,empty_constrained,True,5-6,chebi+kegg_compound,no_candidates,0
BIOMD0000001061,R_UAMAGS,CLU_BIOMD0000001061,validation,empty_constrained,True,7+,chebi+kegg_compound,no_candidates,0
BIOMD0000001061,R_UAMAS,CLU_BIOMD0000001061,validation,empty_constrained,True,7+,chebi+kegg_compound,no_candidates,0
BIOMD0000001061,R_UAPGR,CLU_BIOMD0000001061,validation,empty_constrained,True,5-6,chebi+kegg_compound,no_candidates,0
BIOMD0000001061,R_UDPG4E,CLU_BIOMD0000001061,validation,empty_constrained,True,1-2,chebi+kegg_compound,no_candidates,0
BIOMD0000001061,R_UDPGD,CLU_BIOMD0000001061,validation,empty_constrained,True,5-6,chebi+kegg_compound,no_candidates,0
BIOMD0000001061,R_UMPK,CLU_BIOMD0000001061,validation,retrievable_top1_success,True,3-4,chebi+kegg_compound,ok,1
BIOMD0000001061,R_UPP3MT,CLU_BIOMD0000001061,validation,empty_constrained,True,5-6,chebi+kegg_compound,no_candidates,0
BIOMD0000001061,R_UPP3S,CLU_BIOMD0000001061,validation,empty_constrained,True,3-4,chebi+kegg_compound,no_candidates,0
BIOMD0000001061,R_UPPDC1,CLU_BIOMD0000001061,validation,empty_constrained,True,3-4,chebi+kegg_compound,no_candidates,0
BIOMD0000001061,R_URIDK2r,CLU_BIOMD0000001061,validation,retrievable_top1_success,True,3-4,chebi+kegg_compound,ok,1
BIOMD0000001061,R_VALTA,CLU_BIOMD0000001061,validation,retrievable_top1_success,True,3-4,chebi+kegg_compound,ok,1
BIOMD0000001061,R_VALTRS,CLU_BIOMD0000001061,validation,empty_constrained,True,5-6,chebi+kegg_compound,no_candidates,0
BIOMD0000001090,R_R00004_C3_cytop,CLU_BIOMD0000001090,validation,retrievable_top1_success,True,3-4,kegg_compound,ok,1
BIOMD0000001090,R_R00014_C3_cytop,CLU_BIOMD0000001090,validation,retrievable_top1_success,True,3-4,kegg_compound,ok,1
BIOMD0000001090,R_R00066_C3_cytop,CLU_BIOMD0000001090,validation,retrievable_top1_success,True,3-4,kegg_compound,ok,1
BIOMD0000001090,R_R00086_C3_cytop,CLU_BIOMD0000001090,validation,retrievable_top1_success,True,3-4,kegg_compound,ok,31
BIOMD0000001090,R_R00104_C3_cytop,CLU_BIOMD0000001090,validation,retrievable_top1_success,True,3-4,kegg_compound,ok,2
BIOMD0000001090,R_R00127_C3_cytop,CLU_BIOMD0000001090,validation,retrievable_top1_success,True,3-4,kegg_compound,ok,1
BIOMD0000001090,R_R00130_C3_cytop,CLU_BIOMD0000001090,validation,retrievable_top1_success,True,3-4,kegg_compound,ok,1
BIOMD0000001090,R_R00137_C3_cytop,CLU_BIOMD0000001090,validation,unconstrained,True,5-6,kegg_compound,unconstrained_candidate_set,0
BIOMD0000001090,R_R00150_C3_cytop,CLU_BIOMD0000001090,validation,nonempty_answer_absent,True,5-6,kegg_compound,ok,1
BIOMD0000001090,R_R00156_C3_cytop,CLU_BIOMD0000001090,validation,retrievable_top1_success,True,3-4,kegg_compound,ok,1
BIOMD0000001090,R_R00158_C3_cytop,CLU_BIOMD0000001090,validation,retrievable_top1_success,True,3-4,kegg_compound,ok,1
BIOMD0000001090,R_R00161_C3_cytop,CLU_BIOMD0000001090,validation,retrievable_top1_success,True,3-4,kegg_compound,ok,1
BIOMD0000001090,R_R00174_C3_cytop,CLU_BIOMD0000001090,validation,retrievable_top1_success,True,3-4,kegg_compound,ok,1
BIOMD0000001090,R_R00177_C3_cytop,CLU_BIOMD0000001090,validation,unconstrained,True,5-6,kegg_compound,unconstrained_candidate_set,0
BIOMD0000001090,R_R00178_C3_cytop,CLU_BIOMD0000001090,validation,retrievable_top1_success,True,3-4,kegg_compound,ok,1
BIOMD0000001090,R_R00183_C3_cytop,CLU_BIOMD0000001090,validation,retrievable_top1_success,True,3-4,kegg_compound,ok,1
BIOMD0000001090,R_R00188_C3_cytop,CLU_BIOMD0000001090,validation,retrievable_top1_success,True,3-4,kegg_compound,ok,1
BIOMD0000001090,R_R00189_C3_cytop,CLU_BIOMD0000001090,validation,retrievable_top1_success,True,5-6,kegg_compound,ok,1
BIOMD0000001090,R_R00190_C3_cytop,CLU_BIOMD0000001090,validation,unconstrained,True,3-4,kegg_compound,unconstrained_candidate_set,0
BIOMD0000001090,R_R00199_C3_cytop,CLU_BIOMD0000001090,validation,unconstrained,True,5-6,kegg_compound,unconstrained_candidate_set,0
BIOMD0000001090,R_R00200_C3_cytop,CLU_BIOMD0000001090,validation,unconstrained,True,3-4,kegg_compound,unconstrained_candidate_set,0
BIOMD0000001090,R_R00207_C3_cytop,CLU_BIOMD0000001090,validation,retrievable_top1_success,True,5-6,kegg_compound,ok,1
BIOMD0000001090,R_R00209_C3_cytop,CLU_BIOMD0000001090,validation,retrievable_top1_success,True,7+,kegg_compound,ok,1
BIOMD0000001090,R_R00212_C3_cytop,CLU_BIOMD0000001090,validation,unconstrained,True,3-4,kegg_compound,unconstrained_candidate_set,0
BIOMD0000001090,R_R00220_C3_cytop,CLU_BIOMD0000001090,validation,retrievable_top1_success,True,3-4,kegg_compound,ok,4
BIOMD0000001090,R_R00226_C3_cytop,CLU_BIOMD0000001090,validation,unconstrained,True,3-4,kegg_compound,unconstrained_candidate_set,0
BIOMD0000001090,R_R00228_C3_cytop,CLU_BIOMD0000001090,validation,retrievable_top1_success,True,5-6,kegg_compound,ok,1
BIOMD0000001090,R_R00230_C3_cytop,CLU_BIOMD0000001090,validation,unconstrained,True,3-4,kegg_compound,unconstrained_candidate_set,0
BIOMD0000001090,R_R00238_C3_cytop,CLU_BIOMD0000001090,validation,retrievable_top1_success,True,3-4,kegg_compound,ok,4
BIOMD0000001090,R_R00239_C3_cytop,CLU_BIOMD0000001090,validation,retrievable_top1_success,True,3-4,kegg_compound,ok,1
BIOMD0000001090,R_R00248_C3_cytop,CLU_BIOMD0000001090,validation,unconstrained,True,7+,kegg_compound,unconstrained_candidate_set,0
BIOMD0000001090,R_R00253_C3_cytop,CLU_BIOMD0000001090,validation,retrievable_top1_success,True,5-6,kegg_compound,ok,1
BIOMD0000001090,R_R00256_C3_cytop,CLU_BIOMD0000001090,validation,unconstrained,True,3-4,kegg_compound,unconstrained_candidate_set,0
BIOMD0000001090,R_R00258_C3_cytop,CLU_BIOMD0000001090,validation,retrievable_top1_success,True,3-4,kegg_compound,ok,1
BIOMD0000001090,R_R00260_C3_cytop,CLU_BIOMD0000001090,validation,retrievable_top1_success,True,1-2,kegg_compound,ok,2
BIOMD0000001090,R_R00281_C3_cytop,CLU_BIOMD0000001090,validation,nonempty_answer_absent,True,5-6,kegg_compound,ok,127
BIOMD0000001090,R_R00289_C3_cytop,CLU_BIOMD0000001090,validation,retrievable_top1_success,True,3-4,kegg_compound,ok,1
BIOMD0000001090,R_R00291_C3_cytop,CLU_BIOMD0000001090,validation,retrievable_top1_success,True,1-2,kegg_compound,ok,2
BIOMD0000001090,R_R00315_C3_cytop,CLU_BIOMD0000001090,validation,retrievable_top1_success,True,3-4,kegg_compound,ok,1
BIOMD0000001090,R_R00317_C3_cytop,CLU_BIOMD0000001090,validation,retrievable_top1_success,True,3-4,kegg_compound,ok,2
BIOMD0000001090,R_R00330_C3_cytop,CLU_BIOMD0000001090,validation,retrievable_top1_success,True,3-4,kegg_compound,ok,1
BIOMD0000001090,R_R00332_C3_cytop,CLU_BIOMD0000001090,validation,retrievable_top1_success,True,3-4,kegg_compound,ok,1
BIOMD0000001090,R_R00345_C3_cytop,CLU_BIOMD0000001090,validation,unconstrained,True,5-6,kegg_compound,unconstrained_candidate_set,0
BIOMD0000001090,R_R00355_C3_cytop,CLU_BIOMD0000001090,validation,unconstrained,True,3-4,kegg_compound,unconstrained_candidate_set,0
BIOMD0000001090,R_R00401_C3_cytop,CLU_BIOMD0000001090,validation,retrievable_top1_success,True,1-2,kegg_compound,ok,2
BIOMD0000001090,R_R00416_C3_cytop,CLU_BIOMD0000001090,validation,retrievable_top1_success,True,3-4,kegg_compound,ok,1
BIOMD0000001090,R_R00418_C3_cytop,CLU_BIOMD0000001090,validation,retrievable_top1_success,True,1-2,kegg_compound,ok,1
BIOMD0000001090,R_R00426_C3_cytop,CLU_BIOMD0000001090,validation,retrievable_top1_success,True,3-4,kegg_compound,ok,1
BIOMD0000001090,R_R00428_C3_cytop,CLU_BIOMD0000001090,validation,retrievable_top1_success,True,3-4,kegg_compound,ok,1
BIOMD0000001090,R_R00430_C3_cytop,CLU_BIOMD0000001090,validation,unconstrained,True,3-4,kegg_compound,unconstrained_candidate_set,0
BIOMD0000001090,R_R00451_C3_cytop,CLU_BIOMD0000001090,validation,retrievable_top1_success,True,3-4,kegg_compound,ok,1
BIOMD0000001090,R_R00462_C3_cytop,CLU_BIOMD0000001090,validation,retrievable_top1_success,True,3-4,kegg_compound,ok,1
BIOMD0000001090,R_R00480_C3_cytop,CLU_BIOMD0000001090,validation,retrievable_top1_success,True,3-4,kegg_compound,ok,1
BIOMD0000001090,R_R00483_C3_cytop,CLU_BIOMD0000001090,validation,retrievable_top1_success,True,5-6,kegg_compound,ok,1
BIOMD0000001090,R_R00485_C3_cytop,CLU_BIOMD0000001090,validation,retrievable_top1_success,True,3-4,kegg_compound,ok,1
BIOMD0000001090,R_R00506_C3_cytop,CLU_BIOMD0000001090,validation,unconstrained,True,5-6,kegg_compound,unconstrained_candidate_set,0
BIOMD0000001090,R_R00511_C3_cytop,CLU_BIOMD0000001090,validation,retrievable_top1_success,True,3-4,kegg_compound,ok,1
BIOMD0000001090,R_R00512_C3_cytop,CLU_BIOMD0000001090,validation,retrievable_top1_success,True,3-4,kegg_compound,ok,1
BIOMD0000001090,R_R00513_C3_cytop,CLU_BIOMD0000001090,validation,retrievable_top1_success,True,3-4,kegg_compound,ok,1
BIOMD0000001090,R_R00516_C3_cytop,CLU_BIOMD0000001090,validation,unconstrained,True,3-4,kegg_compound,unconstrained_candidate_set,0
BIOMD0000001090,R_R00517_C3_cytop,CLU_BIOMD0000001090,validation,retrievable_top1_success,True,3-4,kegg_compound,ok,1
BIOMD0000001090,R_R00549_C3_cytop,CLU_BIOMD0000001090,validation,retrievable_top1_success,True,3-4,kegg_compound,ok,1
BIOMD0000001090,R_R00566_C3_cytop,CLU_BIOMD0000001090,validation,retrievable_top1_success,True,3-4,kegg_compound,ok,1
BIOMD0000001090,R_R00570_C3_cytop,CLU_BIOMD0000001090,validation,retrievable_top1_success,True,3-4,kegg_compound,ok,1
BIOMD0000001090,R_R00571_C3_cytop,CLU_BIOMD0000001090,validation,retrievable_top1_success,True,5-6,kegg_compound,ok,1
BIOMD0000001090,R_R00573_C3_cytop,CLU_BIOMD0000001090,validation,retrievable_top1_success,True,7+,kegg_compound,ok,1
BIOMD0000001090,R_R00575_C3_cytop,CLU_BIOMD0000001090,validation,unconstrained,True,7+,kegg_compound,unconstrained_candidate_set,0
BIOMD0000001090,R_R00590_C3_cytop,CLU_BIOMD0000001090,validation,retrievable_top1_success,True,3-4,kegg_compound,ok,1
BIOMD0000001090,R_R00619_C3_cytop,CLU_BIOMD0000001090,validation,retrievable_top1_success,True,3-4,kegg_compound,ok,1
BIOMD0000001090,R_R00658_C3_cytop,CLU_BIOMD0000001090,validation,retrievable_top1_success,True,3-4,kegg_compound,ok,1
BIOMD0000001090,R_R00660_C3_cytop,CLU_BIOMD0000001090,validation,retrievable_top1_success,True,3-4,kegg_compound,ok,1
BIOMD0000001090,R_R00662_C3_cytop,CLU_BIOMD0000001090,validation,retrievable_top1_success,True,3-4,kegg_compound,ok,1
BIOMD0000001090,R_R00694_C3_cytop,CLU_BIOMD0000001090,validation,retrievable_top1_success,True,3-4,kegg_compound,ok,1
BIOMD0000001090,R_R00703_C3_cytop,CLU_BIOMD0000001090,validation,unconstrained,True,5-6,kegg_compound,unconstrained_candidate_set,0
BIOMD0000001090,R_R00734_C3_cytop,CLU_BIOMD0000001090,validation,retrievable_top1_success,True,3-4,kegg_compound,ok,1
BIOMD0000001090,R_R00742_C3_cytop,CLU_BIOMD0000001090,validation,unconstrained,True,7+,kegg_compound,unconstrained_candidate_set,0
BIOMD0000001090,R_R00754_C3_cytop,CLU_BIOMD0000001090,validation,retrievable_top1_success,True,5-6,kegg_compound,ok,2
BIOMD0000001090,R_R00760_C3_cytop,CLU_BIOMD0000001090,validation,retrievable_rerank_failure,True,3-4,kegg_compound,ok,3
BIOMD0000001090,R_R00765_C3_cytop,CLU_BIOMD0000001090,validation,retrievable_top1_success,True,3-4,kegg_compound,ok,1
BIOMD0000001090,R_R00768_C3_cytop,CLU_BIOMD0000001090,validation,retrievable_top1_success,True,3-4,kegg_compound,ok,1
BIOMD0000001090,R_R00771_C3_cytop,CLU_BIOMD0000001090,validation,retrievable_rerank_failure,True,1-2,kegg_compound,ok,3
BIOMD0000001090,R_R00802_C3_cytop,CLU_BIOMD0000001090,validation,retrievable_top1_success,True,3-4,kegg_compound,ok,2
BIOMD0000001090,R_R00803_C3_cytop,CLU_BIOMD0000001090,validation,retrievable_top1_success,True,3-4,kegg_compound,ok,1
BIOMD0000001090,R_R00842_C3_cytop,CLU_BIOMD0000001090,validation,unconstrained,True,5-6,kegg_compound,unconstrained_candidate_set,0
BIOMD0000001090,R_R00844_C3_cytop,CLU_BIOMD0000001090,validation,unconstrained,True,5-6,kegg_compound,unconstrained_candidate_set,0
BIOMD0000001090,R_R00847_C3_cytop,CLU_BIOMD0000001090,validation,retrievable_top1_success,True,3-4,kegg_compound,ok,1
BIOMD0000001090,R_R00867_C3_cytop,CLU_BIOMD0000001090,validation,retrievable_rerank_failure,True,3-4,kegg_compound,ok,3
BIOMD0000001090,R_R00921_C3_cytop,CLU_BIOMD0000001090,validation,retrievable_top1_success,True,3-4,kegg_compound,ok,1
BIOMD0000001090,R_R00936_C3_cytop,CLU_BIOMD0000001090,validation,unconstrained,True,5-6,kegg_compound,unconstrained_candidate_set,0
BIOMD0000001090,R_R00937_C3_cytop,CLU_BIOMD0000001090,validation,unconstrained,True,5-6,kegg_compound,unconstrained_candidate_set,0
BIOMD0000001090,R_R00939_C3_cytop,CLU_BIOMD0000001090,validation,unconstrained,True,5-6,kegg_compound,unconstrained_candidate_set,0
BIOMD0000001090,R_R00943_C3_cytop,CLU_BIOMD0000001090,validation,retrievable_top1_success,True,5-6,kegg_compound,ok,1
BIOMD0000001090,R_R00945_C3_cytop,CLU_BIOMD0000001090,validation,retrievable_top1_success,True,5-6,kegg_compound,ok,1
BIOMD0000001090,R_R00946_C3_cytop,CLU_BIOMD0000001090,validation,retrievable_top1_success,True,3-4,kegg_compound,ok,1
BIOMD0000001090,R_R00955_C3_cytop,CLU_BIOMD0000001090,validation,retrievable_top1_success,True,3-4,kegg_compound,ok,1
BIOMD0000001090,R_R00959_C3_cytop,CLU_BIOMD0000001090,validation,retrievable_top1_success,True,1-2,kegg_compound,ok,2
BIOMD0000001090,R_R00963_C3_cytop,CLU_BIOMD0000001090,validation,retrievable_top1_success,True,3-4,kegg_compound,ok,1
BIOMD0000001090,R_R00964_C3_cytop,CLU_BIOMD0000001090,validation,retrievable_top1_success,True,3-4,kegg_compound,ok,1
BIOMD0000001090,R_R00965_C3_cytop,CLU_BIOMD0000001090,validation,retrievable_top1_success,True,3-4,kegg_compound,ok,1
BIOMD0000001090,R_R00966_C3_cytop,CLU_BIOMD0000001090,validation,retrievable_top1_success,True,3-4,kegg_compound,ok,1
BIOMD0000001090,R_R00967_C3_cytop,CLU_BIOMD0000001090,validation,unconstrained,True,3-4,kegg_compound,unconstrained_candidate_set,0
BIOMD0000001090,R_R00968_C3_cytop,CLU_BIOMD0000001090,validation,retrievable_top1_success,True,3-4,kegg_compound,ok,1
BIOMD0000001090,R_R00985_C3_cytop,CLU_BIOMD0000001090,validation,retrievable_top1_success,True,5-6,kegg_compound,ok,1
BIOMD0000001090,R_R00986_C3_cytop,CLU_BIOMD0000001090,validation,retrievable_top1_success,True,5-6,kegg_compound,ok,1
BIOMD0000001090,R_R00996_C3_cytop,CLU_BIOMD0000001090,validation,retrievable_top1_success,True,3-4,kegg_compound,ok,3
BIOMD0000001090,R_R00999_C3_cytop,CLU_BIOMD0000001090,validation,retrievable_top1_success,True,5-6,kegg_compound,ok,1
BIOMD0000001090,R_R01015_C3_cytop,CLU_BIOMD0000001090,validation,retrievable_top1_success,True,1-2,kegg_compound,ok,2
BIOMD0000001090,R_R01021_C3_cytop,CLU_BIOMD0000001090,validation,retrievable_top1_success,True,3-4,kegg_compound,ok,1
BIOMD0000001090,R_R01049_C3_cytop,CLU_BIOMD0000001090,validation,retrievable_top1_success,True,3-4,kegg_compound,ok,1
BIOMD0000001090,R_R01056_C3_cytop,CLU_BIOMD0000001090,validation,unconstrained,True,1-2,kegg_compound,unconstrained_candidate_set,0
BIOMD0000001090,R_R01057_C3_cytop,CLU_BIOMD0000001090,validation,unconstrained,True,1-2,kegg_compound,unconstrained_candidate_set,0
BIOMD0000001090,R_R01058_C3_cytop,CLU_BIOMD0000001090,validation,retrievable_top1_success,True,5-6,kegg_compound,ok,1
BIOMD0000001090,R_R01061_C3_cytop,CLU_BIOMD0000001090,validation,retrievable_top1_success,True,5-6,kegg_compound,ok,1
BIOMD0000001090,R_R01066_C3_cytop,CLU_BIOMD0000001090,validation,retrievable_top1_success,True,3-4,kegg_compound,ok,1
BIOMD0000001090,R_R01069_C3_cytop,CLU_BIOMD0000001090,validation,retrievable_top1_success,True,3-4,kegg_compound,ok,1
BIOMD0000001090,R_R01070_C3_cytop,CLU_BIOMD0000001090,validation,retrievable_top1_success,True,3-4,kegg_compound,ok,2
BIOMD0000001090,R_R01072_C3_cytop,CLU_BIOMD0000001090,validation,unconstrained,True,5-6,kegg_compound,unconstrained_candidate_set,0
BIOMD0000001090,R_R01073_C3_cytop,CLU_BIOMD0000001090,validation,unconstrained,True,3-4,kegg_compound,unconstrained_candidate_set,0
BIOMD0000001090,R_R01083_C3_cytop,CLU_BIOMD0000001090,validation,retrievable_top1_success,True,3-4,kegg_compound,ok,1
BIOMD0000001090,R_R01086_C3_cytop,CLU_BIOMD0000001090,validation,retrievable_top1_success,True,3-4,kegg_compound,ok,1
BIOMD0000001090,R_R01090_C3_cytop,CLU_BIOMD0000001090,validation,unconstrained,True,3-4,kegg_compound,unconstrained_candidate_set,0
BIOMD0000001090,R_R01092_C3_cytop,CLU_BIOMD0000001090,validation,retrievable_top1_success,True,3-4,kegg_compound,ok,1
BIOMD0000001090,R_R01105_C3_cytop,CLU_BIOMD0000001090,validation,unconstrained,True,3-4,kegg_compound,unconstrained_candidate_set,0
BIOMD0000001090,R_R01121_C3_cytop,CLU_BIOMD0000001090,validation,retrievable_top1_success,True,5-6,kegg_compound,ok,1
BIOMD0000001090,R_R01123_C3_cytop,CLU_BIOMD0000001090,validation,retrievable_top1_success,True,1-2,kegg_compound,ok,1
BIOMD0000001090,R_R01126_C3_cytop,CLU_BIOMD0000001090,validation,retrievable_top1_success,True,3-4,kegg_compound,ok,1
BIOMD0000001090,R_R01127_C3_cytop,CLU_BIOMD0000001090,validation,unconstrained,True,3-4,kegg_compound,unconstrained_candidate_set,0
BIOMD0000001090,R_R01130_C3_cytop,CLU_BIOMD0000001090,validation,retrievable_top1_success,True,5-6,kegg_compound,ok,1
BIOMD0000001090,R_R01132_C3_cytop,CLU_BIOMD0000001090,validation,retrievable_top1_success,True,3-4,kegg_compound,ok,1
BIOMD0000001090,R_R01134_C3_cytop,CLU_BIOMD0000001090,validation,unconstrained,True,5-6,kegg_compound,unconstrained_candidate_set,0
BIOMD0000001090,R_R01135_C3_cytop,CLU_BIOMD0000001090,validation,retrievable_top1_success,True,5-6,kegg_compound,ok,1
BIOMD0000001090,R_R01148_C3_cytop,CLU_BIOMD0000001090,validation,retrievable_top1_success,True,3-4,kegg_compound,ok,1
BIOMD0000001090,R_R01150_C3_cytop,CLU_BIOMD0000001090,validation,retrievable_top1_success,True,5-6,kegg_compound,ok,1
BIOMD0000001090,R_R01152_C3_cytop,CLU_BIOMD0000001090,validation,retrievable_top1_success,True,5-6,kegg_compound,ok,1
BIOMD0000001090,R_R01214_C3_cytop,CLU_BIOMD0000001090,validation,unconstrained,True,3-4,kegg_compound,unconstrained_candidate_set,0
BIOMD0000001090,R_R01220_C3_cytop,CLU_BIOMD0000001090,validation,retrievable_top1_success,True,3-4,kegg_compound,ok,1
BIOMD0000001090,R_R01221_C3_cytop,CLU_BIOMD0000001090,validation,retrievable_top1_success,True,7+,kegg_compound,ok,1
BIOMD0000001090,R_R01224_C3_cytop,CLU_BIOMD0000001090,validation,unconstrained,True,5-6,kegg_compound,unconstrained_candidate_set,0
BIOMD0000001090,R_R01227_C3_cytop,CLU_BIOMD0000001090,validation,retrievable_top1_success,True,3-4,kegg_compound,ok,1
BIOMD0000001090,R_R01229_C3_cytop,CLU_BIOMD0000001090,validation,unconstrained,True,3-4,kegg_compound,unconstrained_candidate_set,0
BIOMD0000001090,R_R01230_C3_cytop,CLU_BIOMD0000001090,validation,retrievable_top1_success,True,5-6,kegg_compound,ok,1
BIOMD0000001090,R_R01231_C3_cytop,CLU_BIOMD0000001090,validation,retrievable_top1_success,True,7+,kegg_compound,ok,1
BIOMD0000001090,R_R01251_C3_cytop,CLU_BIOMD0000001090,validation,unconstrained,True,5-6,kegg_compound,unconstrained_candidate_set,0
BIOMD0000001090,R_R01286_C3_cytop,CLU_BIOMD0000001090,validation,retrievable_top1_success,True,5-6,kegg_compound,ok,1
BIOMD0000001090,R_R01373_C3_cytop,CLU_BIOMD0000001090,validation,retrievable_top1_success,True,3-4,kegg_compound,ok,1
BIOMD0000001090,R_R01397_C3_cytop,CLU_BIOMD0000001090,validation,retrievable_top1_success,True,3-4,kegg_compound,ok,1
BIOMD0000001090,R_R01401_C3_cytop,CLU_BIOMD0000001090,validation,retrievable_top1_success,True,3-4,kegg_compound,ok,1
BIOMD0000001090,R_R01416_C3_cytop,CLU_BIOMD0000001090,validation,retrievable_top1_success,True,3-4,kegg_compound,ok,1
BIOMD0000001090,R_R01466_C3_cytop,CLU_BIOMD0000001090,validation,retrievable_top1_success,True,3-4,kegg_compound,ok,1
BIOMD0000001090,R_R01512_C3_cytop,CLU_BIOMD0000001090,validation,unconstrained,True,3-4,kegg_compound,unconstrained_candidate_set,0
BIOMD0000001090,R_R01515_C3_cytop,CLU_BIOMD0000001090,validation,retrievable_top1_success,True,3-4,kegg_compound,ok,1
BIOMD0000001090,R_R01518_C3_cytop,CLU_BIOMD0000001090,validation,retrievable_top1_success,True,1-2,kegg_compound,ok,1
BIOMD0000001090,R_R01524_C3_cytop,CLU_BIOMD0000001090,validation,unconstrained,True,5-6,kegg_compound,unconstrained_candidate_set,0
BIOMD0000001090,R_R01525_C3_cytop,CLU_BIOMD0000001090,validation,unconstrained,True,5-6,kegg_compound,unconstrained_candidate_set,0
BIOMD0000001090,R_R01528_C3_cytop,CLU_BIOMD0000001090,validation,retrievable_top1_success,True,5-6,kegg_compound,ok,1
BIOMD0000001090,R_R01529_C3_cytop,CLU_BIOMD0000001090,validation,retrievable_top1_success,True,1-2,kegg_compound,ok,1
BIOMD0000001090,R_R01547_C3_cytop,CLU_BIOMD0000001090,validation,retrievable_top1_success,True,3-4,kegg_compound,ok,1
BIOMD0000001090,R_R01561_C3_cytop,CLU_BIOMD0000001090,validation,unconstrained,True,3-4,kegg_compound,unconstrained_candidate_set,0
BIOMD0000001090,R_R01600_C3_cytop,CLU_BIOMD0000001090,validation,retrievable_top1_success,True,3-4,kegg_compound,ok,2
BIOMD0000001090,R_R01602_C3_cytop,CLU_BIOMD0000001090,validation,retrievable_top1_success,True,1-2,kegg_compound,ok,1
BIOMD0000001090,R_R01624_C3_cytop,CLU_BIOMD0000001090,validation,retrievable_top1_success,True,3-4,kegg_compound,ok,1
BIOMD0000001090,R_R01625_C3_cytop,CLU_BIOMD0000001090,validation,retrievable_top1_success,True,3-4,kegg_compound,ok,1
BIOMD0000001090,R_R01626_C3_cytop,CLU_BIOMD0000001090,validation,retrievable_top1_success,True,3-4,kegg_compound,ok,1
BIOMD0000001090,R_R01641_C3_cytop,CLU_BIOMD0000001090,validation,unconstrained,True,3-4,kegg_compound,unconstrained_candidate_set,0
BIOMD0000001090,R_R01652_C3_cytop,CLU_BIOMD0000001090,validation,unconstrained,True,3-4,kegg_compound,unconstrained_candidate_set,0
BIOMD0000001090,R_R01655_C3_cytop,CLU_BIOMD0000001090,validation,retrievable_top1_success,True,3-4,kegg_compound,ok,1
BIOMD0000001090,R_R01658_C3_cytop,CLU_BIOMD0000001090,validation,retrievable_top1_success,True,3-4,kegg_compound,ok,1
BIOMD0000001090,R_R01664_C3_cytop,CLU_BIOMD0000001090,validation,retrievable_top1_success,True,3-4,kegg_compound,ok,1
BIOMD0000001090,R_R01665_C3_cytop,CLU_BIOMD0000001090,validation,retrievable_top1_success,True,3-4,kegg_compound,ok,1
BIOMD0000001090,R_R01678_C3_cytop,CLU_BIOMD0000001090,validation,retrievable_top1_success,True,3-4,kegg_compound,ok,2
BIOMD0000001090,R_R01706_C3_cytop,CLU_BIOMD0000001090,validation,retrievable_top1_success,True,3-4,kegg_compound,ok,1
BIOMD0000001090,R_R01714_C3_cytop,CLU_BIOMD0000001090,validation,retrievable_top1_success,True,3-4,kegg_compound,ok,1
BIOMD0000001090,R_R01715_C3_cytop,CLU_BIOMD0000001090,validation,retrievable_top1_success,True,1-2,kegg_compound,ok,1
BIOMD0000001090,R_R01716_C3_cytop,CLU_BIOMD0000001090,validation,retrievable_top1_success,True,3-4,kegg_compound,ok,2
BIOMD0000001090,R_R01724_C3_cytop,CLU_BIOMD0000001090,validation,unconstrained,True,5-6,kegg_compound,unconstrained_candidate_set,0
BIOMD0000001090,R_R01728_C3_cytop,CLU_BIOMD0000001090,validation,retrievable_top1_success,True,5-6,kegg_compound,ok,1
BIOMD0000001090,R_R01771_C3_cytop,CLU_BIOMD0000001090,validation,retrievable_top1_success,True,3-4,kegg_compound,ok,1
BIOMD0000001090,R_R01773_C3_cytop,CLU_BIOMD0000001090,validation,unconstrained,True,5-6,kegg_compound,unconstrained_candidate_set,0
BIOMD0000001090,R_R01775_C3_cytop,CLU_BIOMD0000001090,validation,unconstrained,True,5-6,kegg_compound,unconstrained_candidate_set,0
BIOMD0000001090,R_R01777_C3_cytop,CLU_BIOMD0000001090,validation,retrievable_top1_success,True,3-4,kegg_compound,ok,1
BIOMD0000001090,R_R01786_C3_cytop,CLU_BIOMD0000001090,validation,retrievable_top1_success,True,3-4,kegg_compound,ok,2
BIOMD0000001090,R_R01799_C3_cytop,CLU_BIOMD0000001090,validation,retrievable_top1_success,True,3-4,kegg_compound,ok,1
BIOMD0000001090,R_R01801_C3_cytop,CLU_BIOMD0000001090,validation,retrievable_top1_success,True,3-4,kegg_compound,ok,1
BIOMD0000001090,R_R01819_C3_cytop,CLU_BIOMD0000001090,validation,retrievable_top1_success,True,1-2,kegg_compound,ok,2
BIOMD0000001090,R_R01826_C3_cytop,CLU_BIOMD0000001090,validation,retrievable_top1_success,True,5-6,kegg_compound,ok,1
BIOMD0000001090,R_R01827_C3_cytop,CLU_BIOMD0000001090,validation,retrievable_top1_success,True,3-4,kegg_compound,ok,2
BIOMD0000001090,R_R01830_C3_cytop,CLU_BIOMD0000001090,validation,retrievable_top1_success,True,3-4,kegg_compound,ok,2
BIOMD0000001090,R_R01855_C3_cytop,CLU_BIOMD0000001090,validation,retrievable_top1_success,True,3-4,kegg_compound,ok,1
BIOMD0000001090,R_R01863_C3_cytop,CLU_BIOMD0000001090,validation,retrievable_top1_success,True,3-4,kegg_compound,ok,1
BIOMD0000001090,R_R01867_C3_cytop,CLU_BIOMD0000001090,validation,retrievable_top1_success,True,3-4,kegg_compound,ok,1
BIOMD0000001090,R_R01869_C3_cytop,CLU_BIOMD0000001090,validation,unconstrained,True,5-6,kegg_compound,unconstrained_candidate_set,0
BIOMD0000001090,R_R01870_C3_cytop,CLU_BIOMD0000001090,validation,unconstrained,True,3-4,kegg_compound,unconstrained_candidate_set,0
BIOMD0000001090,R_R01876_C3_cytop,CLU_BIOMD0000001090,validation,retrievable_top1_success,True,3-4,kegg_compound,ok,1
BIOMD0000001090,R_R01878_C3_cytop,CLU_BIOMD0000001090,validation,retrievable_top1_success,True,3-4,kegg_compound,ok,1
BIOMD0000001090,R_R01880_C3_cytop,CLU_BIOMD0000001090,validation,unconstrained,True,3-4,kegg_compound,unconstrained_candidate_set,0
BIOMD0000001090,R_R01920_C3_cytop,CLU_BIOMD0000001090,validation,unconstrained,True,5-6,kegg_compound,unconstrained_candidate_set,0
BIOMD0000001090,R_R01954_C3_cytop,CLU_BIOMD0000001090,validation,retrievable_top1_success,True,5-6,kegg_compound,ok,1
BIOMD0000001090,R_R01978_C3_cytop,CLU_BIOMD0000001090,validation,unconstrained,True,5-6,kegg_compound,unconstrained_candidate_set,0
BIOMD0000001090,R_R01993_C3_cytop,CLU_BIOMD0000001090,validation,unconstrained,True,3-4,kegg_compound,unconstrained_candidate_set,0
BIOMD0000001090,R_R02003_C3_cytop,CLU_BIOMD0000001090,validation,retrievable_top1_success,True,3-4,kegg_compound,ok,1
BIOMD0000001090,R_R02014_C3_cytop,CLU_BIOMD0000001090,validation,unconstrained,True,5-6,kegg_compound,unconstrained_candidate_set,0
BIOMD0000001090,R_R02016_C3_cytop,CLU_BIOMD0000001090,validation,unconstrained,True,5-6,kegg_compound,unconstrained_candidate_set,0
BIOMD0000001090,R_R02017_C3_cytop,CLU_BIOMD0000001090,validation,unconstrained,True,5-6,kegg_compound,unconstrained_candidate_set,0
BIOMD0000001090,R_R02018_C3_cytop,CLU_BIOMD0000001090,validation,unconstrained,True,5-6,kegg_compound,unconstrained_candidate_set,0
BIOMD0000001090,R_R02019_C3_cytop,CLU_BIOMD0000001090,validation,unconstrained,True,5-6,kegg_compound,unconstrained_candidate_set,0
BIOMD0000001090,R_R02020_C3_cytop,CLU_BIOMD0000001090,validation,unconstrained,True,5-6,kegg_compound,unconstrained_candidate_set,0
BIOMD0000001090,R_R02022_C3_cytop,CLU_BIOMD0000001090,validation,unconstrained,True,5-6,kegg_compound,unconstrained_candidate_set,0
BIOMD0000001090,R_R02023_C3_cytop,CLU_BIOMD0000001090,validation,unconstrained,True,5-6,kegg_compound,unconstrained_candidate_set,0
BIOMD0000001090,R_R02024_C3_cytop,CLU_BIOMD0000001090,validation,unconstrained,True,5-6,kegg_compound,unconstrained_candidate_set,0
BIOMD0000001090,R_R02029_C3_cytop,CLU_BIOMD0000001090,validation,retrievable_top1_success,True,3-4,kegg_compound,ok,1
BIOMD0000001090,R_R02030_C3_cytop,CLU_BIOMD0000001090,validation,retrievable_top1_success,True,3-4,kegg_compound,ok,1
BIOMD0000001090,R_R02035_C3_cytop,CLU_BIOMD0000001090,validation,retrievable_top1_success,True,3-4,kegg_compound,ok,1
BIOMD0000001090,R_R02059_C3_cytop,CLU_BIOMD0000001090,validation,retrievable_top1_success,True,3-4,kegg_compound,ok,1
BIOMD0000001090,R_R02060_C3_cytop,CLU_BIOMD0000001090,validation,retrievable_top1_success,True,1-2,kegg_compound,ok,1
BIOMD0000001090,R_R02081_C3_cytop,CLU_BIOMD0000001090,validation,unconstrained,True,5-6,kegg_compound,unconstrained_candidate_set,0
BIOMD0000001090,R_R02090_C3_cytop,CLU_BIOMD0000001090,validation,retrievable_top1_success,True,3-4,kegg_compound,ok,1
BIOMD0000001090,R_R02091_C3_cytop,CLU_BIOMD0000001090,validation,unconstrained,True,3-4,kegg_compound,unconstrained_candidate_set,0
BIOMD0000001090,R_R02093_C3_cytop,CLU_BIOMD0000001090,validation,retrievable_top1_success,True,3-4,kegg_compound,ok,1
BIOMD0000001090,R_R02094_C3_cytop,CLU_BIOMD0000001090,validation,retrievable_top1_success,True,3-4,kegg_compound,ok,1
BIOMD0000001090,R_R02096_C3_cytop,CLU_BIOMD0000001090,validation,unconstrained,True,3-4,kegg_compound,unconstrained_candidate_set,0
BIOMD0000001090,R_R02097_C3_cytop,CLU_BIOMD0000001090,validation,unconstrained,True,3-4,kegg_compound,unconstrained_candidate_set,0
BIOMD0000001090,R_R02098_C3_cytop,CLU_BIOMD0000001090,validation,retrievable_top1_success,True,3-4,kegg_compound,ok,1
BIOMD0000001090,R_R02099_C3_cytop,CLU_BIOMD0000001090,validation,retrievable_top1_success,True,3-4,kegg_compound,ok,1
BIOMD0000001090,R_R02101_C3_cytop,CLU_BIOMD0000001090,validation,retrievable_top1_success,True,3-4,kegg_compound,ok,1
BIOMD0000001090,R_R02102_C3_cytop,CLU_BIOMD0000001090,validation,retrievable_top1_success,True,3-4,kegg_compound,ok,1
BIOMD0000001090,R_R02142_C3_cytop,CLU_BIOMD0000001090,validation,retrievable_top1_success,True,3-4,kegg_compound,ok,1
BIOMD0000001090,R_R02147_C3_cytop,CLU_BIOMD0000001090,validation,unconstrained,True,3-4,kegg_compound,unconstrained_candidate_set,0
BIOMD0000001090,R_R02199_C3_cytop,CLU_BIOMD0000001090,validation,unconstrained,True,3-4,kegg_compound,unconstrained_candidate_set,0
BIOMD0000001090,R_R02237_C3_cytop,CLU_BIOMD0000001090,validation,retrievable_top1_success,True,5-6,kegg_compound,ok,1
BIOMD0000001090,R_R02239_C3_cytop,CLU_BIOMD0000001090,validation,retrievable_top1_success,True,3-4,kegg_compound,ok,1
BIOMD0000001090,R_R02240_C3_cytop,CLU_BIOMD0000001090,validation,retrievable_top1_success,True,3-4,kegg_compound,ok,1
BIOMD0000001090,R_R02245_C3_cytop,CLU_BIOMD0000001090,validation,retrievable_top1_success,True,3-4,kegg_compound,ok,1
BIOMD0000001090,R_R02291_C3_cytop,CLU_BIOMD0000001090,validation,unconstrained,True,5-6,kegg_compound,unconstrained_candidate_set,0
BIOMD0000001090,R_R02294_C3_cytop,CLU_BIOMD0000001090,validation,unconstrained,True,5-6,kegg_compound,unconstrained_candidate_set,0
BIOMD0000001090,R_R02295_C3_cytop,CLU_BIOMD0000001090,validation,retrievable_top1_success,True,5-6,kegg_compound,ok,1
BIOMD0000001090,R_R02297_C3_cytop,CLU_BIOMD0000001090,validation,retrievable_top1_success,True,3-4,kegg_compound,ok,1
BIOMD0000001090,R_R02323_C3_cytop,CLU_BIOMD0000001090,validation,unconstrained,True,5-6,kegg_compound,unconstrained_candidate_set,0
BIOMD0000001090,R_R02326_C3_cytop,CLU_BIOMD0000001090,validation,retrievable_top1_success,True,3-4,kegg_compound,ok,1
BIOMD0000001090,R_R02327_C3_cytop,CLU_BIOMD0000001090,validation,unconstrained,True,3-4,kegg_compound,unconstrained_candidate_set,0
BIOMD0000001090,R_R02331_C3_cytop,CLU_BIOMD0000001090,validation,retrievable_top1_success,True,3-4,kegg_compound,ok,1
BIOMD0000001090,R_R02371_C3_cytop,CLU_BIOMD0000001090,validation,unconstrained,True,3-4,kegg_compound,unconstrained_candidate_set,0
BIOMD0000001090,R_R02412_C3_cytop,CLU_BIOMD0000001090,validation,retrievable_top1_success,True,3-4,kegg_compound,ok,1
BIOMD0000001090,R_R02413_C3_cytop,CLU_BIOMD0000001090,validation,unconstrained,True,5-6,kegg_compound,unconstrained_candidate_set,0
BIOMD0000001090,R_R02484_C3_cytop,CLU_BIOMD0000001090,validation,retrievable_top1_success,True,3-4,kegg_compound,ok,1
BIOMD0000001090,R_R02485_C3_cytop,CLU_BIOMD0000001090,validation,retrievable_top1_success,True,3-4,kegg_compound,ok,1
BIOMD0000001090,R_R02569_C3_cytop,CLU_BIOMD0000001090,validation,retrievable_top1_success,True,3-4,kegg_compound,ok,1
BIOMD0000001090,R_R02689_C3_cytop,CLU_BIOMD0000001090,validation,retrievable_top1_success,True,3-4,kegg_compound,ok,1
BIOMD0000001090,R_R02703_C3_cytop,CLU_BIOMD0000001090,validation,retrievable_top1_success,True,5-6,kegg_compound,ok,2
BIOMD0000001090,R_R02719_C3_cytop,CLU_BIOMD0000001090,validation,retrievable_top1_success,True,3-4,kegg_compound,ok,1
BIOMD0000001090,R_R02722_C3_cytop,CLU_BIOMD0000001090,validation,retrievable_top1_success,True,5-6,kegg_compound,ok,1
BIOMD0000001090,R_R02733_C3_cytop,CLU_BIOMD0000001090,validation,retrievable_top1_success,True,3-4,kegg_compound,ok,1
BIOMD0000001090,R_R02735_C3_cytop,CLU_BIOMD0000001090,validation,retrievable_top1_success,True,1-2,kegg_compound,ok,1
BIOMD0000001090,R_R02736_C3_cytop,CLU_BIOMD0000001090,validation,retrievable_top1_success,True,5-6,kegg_compound,ok,2
BIOMD0000001090,R_R02739_C3_cytop,CLU_BIOMD0000001090,validation,retrievable_top1_success,True,1-2,kegg_compound,ok,1
BIOMD0000001090,R_R02740_C3_cytop,CLU_BIOMD0000001090,validation,retrievable_top1_success,True,1-2,kegg_compound,ok,3
BIOMD0000001090,R_R02749_C3_cytop,CLU_BIOMD0000001090,validation,retrievable_top1_success,True,1-2,kegg_compound,ok,1
BIOMD0000001090,R_R02783_C3_cytop,CLU_BIOMD0000001090,validation,retrievable_top1_success,True,5-6,kegg_compound,ok,1
BIOMD0000001090,R_R02786_C3_cytop,CLU_BIOMD0000001090,validation,retrievable_top1_success,True,5-6,kegg_compound,ok,1
BIOMD0000001090,R_R02869_C3_cytop,CLU_BIOMD0000001090,validation,unconstrained,True,5-6,kegg_compound,unconstrained_candidate_set,0
BIOMD0000001090,R_R03005_C3_cytop,CLU_BIOMD0000001090,validation,retrievable_top1_success,True,3-4,kegg_compound,ok,1
BIOMD0000001090,R_R03018_C3_cytop,CLU_BIOMD0000001090,validation,retrievable_top1_success,True,3-4,kegg_compound,ok,1
BIOMD0000001090,R_R03035_C3_cytop,CLU_BIOMD0000001090,validation,retrievable_top1_success,True,3-4,kegg_compound,ok,1
BIOMD0000001090,R_R03066_C3_cytop,CLU_BIOMD0000001090,validation,retrievable_top1_success,True,3-4,kegg_compound,ok,1
BIOMD0000001090,R_R03067_C3_cytop,CLU_BIOMD0000001090,validation,retrievable_top1_success,True,3-4,kegg_compound,ok,1
BIOMD0000001090,R_R03083_C3_cytop,CLU_BIOMD0000001090,validation,retrievable_top1_success,True,3-4,kegg_compound,ok,1
BIOMD0000001090,R_R03084_C3_cytop,CLU_BIOMD0000001090,validation,retrievable_top1_success,True,3-4,kegg_compound,ok,1
BIOMD0000001090,R_R03191_C3_cytop,CLU_BIOMD0000001090,validation,retrievable_top1_success,True,5-6,kegg_compound,ok,1
BIOMD0000001090,R_R03192_C3_cytop,CLU_BIOMD0000001090,validation,unconstrained,True,5-6,kegg_compound,unconstrained_candidate_set,0
BIOMD0000001090,R_R03193_C3_cytop,CLU_BIOMD0000001090,validation,retrievable_top1_success,True,5-6,kegg_compound,ok,1
BIOMD0000001090,R_R03236_C3_cytop,CLU_BIOMD0000001090,validation,retrievable_top1_success,True,3-4,kegg_compound,ok,1
BIOMD0000001090,R_R03240_C3_cytop,CLU_BIOMD0000001090,validation,retrievable_top1_success,True,1-2,kegg_compound,ok,1
BIOMD0000001090,R_R03245_C3_cytop,CLU_BIOMD0000001090,validation,retrievable_top1_success,True,3-4,kegg_compound,ok,1
BIOMD0000001090,R_R03256_C3_cytop,CLU_BIOMD0000001090,validation,retrievable_top1_success,True,3-4,kegg_compound,ok,1
BIOMD0000001090,R_R03260_C3_cytop,CLU_BIOMD0000001090,validation,retrievable_top1_success,True,3-4,kegg_compound,ok,1
BIOMD0000001090,R_R03269_C3_cytop,CLU_BIOMD0000001090,validation,retrievable_top1_success,True,3-4,kegg_compound,ok,1
BIOMD0000001090,R_R03270_C3_cytop,CLU_BIOMD0000001090,validation,retrievable_top1_success,True,3-4,kegg_compound,ok,1
BIOMD0000001090,R_R03313_C3_cytop,CLU_BIOMD0000001090,validation,unconstrained,True,5-6,kegg_compound,unconstrained_candidate_set,0
BIOMD0000001090,R_R03314_C3_cytop,CLU_BIOMD0000001090,validation,retrievable_top1_success,True,3-4,kegg_compound,ok,1
BIOMD0000001090,R_R03321_C3_cytop,CLU_BIOMD0000001090,validation,retrievable_top1_success,True,1-2,kegg_compound,ok,2
BIOMD0000001090,R_R03346_C3_cytop,CLU_BIOMD0000001090,validation,retrievable_top1_success,True,3-4,kegg_compound,ok,1
BIOMD0000001090,R_R03460_C3_cytop,CLU_BIOMD0000001090,validation,retrievable_top1_success,True,3-4,kegg_compound,ok,1
BIOMD0000001090,R_R03503_C3_cytop,CLU_BIOMD0000001090,validation,retrievable_top1_success,True,3-4,kegg_compound,ok,1
BIOMD0000001090,R_R03504_C3_cytop,CLU_BIOMD0000001090,validation,retrievable_top1_success,True,3-4,kegg_compound,ok,1
BIOMD0000001090,R_R03508_C3_cytop,CLU_BIOMD0000001090,validation,retrievable_top1_success,True,3-4,kegg_compound,ok,1
BIOMD0000001090,R_R03509_C3_cytop,CLU_BIOMD0000001090,validation,retrievable_top1_success,True,1-2,kegg_compound,ok,1
BIOMD0000001090,R_R03634_C3_cytop,CLU_BIOMD0000001090,validation,retrievable_top1_success,True,3-4,kegg_compound,ok,1
BIOMD0000001090,R_R03921_C3_cytop,CLU_BIOMD0000001090,validation,retrievable_top1_success,True,3-4,kegg_compound,ok,1
BIOMD0000001090,R_R04014_C3_cytop,CLU_BIOMD0000001090,validation,retrievable_top1_success,True,3-4,kegg_compound,ok,1
BIOMD0000001090,R_R04144_C3_cytop,CLU_BIOMD0000001090,validation,retrievable_top1_success,True,5-6,kegg_compound,ok,1
BIOMD0000001090,R_R04198_C3_cytop,CLU_BIOMD0000001090,validation,unconstrained,True,5-6,kegg_compound,unconstrained_candidate_set,0
BIOMD0000001090,R_R04199_C3_cytop,CLU_BIOMD0000001090,validation,unconstrained,True,5-6,kegg_compound,unconstrained_candidate_set,0
BIOMD0000001090,R_R04208_C3_cytop,CLU_BIOMD0000001090,validation,retrievable_top1_success,True,5-6,kegg_compound,ok,1
BIOMD0000001090,R_R04230_C3_cytop,CLU_BIOMD0000001090,validation,retrievable_top1_success,True,5-6,kegg_compound,ok,1
BIOMD0000001090,R_R04231_C3_cytop,CLU_BIOMD0000001090,validation,retrievable_top1_success,True,5-6,kegg_compound,ok,1
BIOMD0000001090,R_R04325_C3_cytop,CLU_BIOMD0000001090,validation,retrievable_top1_success,True,3-4,kegg_compound,ok,1
BIOMD0000001090,R_R04355_C3_cytop,CLU_BIOMD0000001090,validation,retrievable_top1_success,True,5-6,kegg_compound,ok,1
BIOMD0000001090,R_R04364_C3_cytop,CLU_BIOMD0000001090,validation,retrievable_top1_success,True,5-6,kegg_compound,ok,1
BIOMD0000001090,R_R04377_C3_cytop,CLU_BIOMD0000001090,validation,retrievable_top1_success,True,3-4,kegg_compound,ok,1
BIOMD0000001090,R_R04426_C3_cytop,CLU_BIOMD0000001090,validation,retrievable_top1_success,True,5-6,kegg_compound,ok,1
BIOMD0000001090,R_R04428_C3_cytop,CLU_BIOMD0000001090,validation,retrievable_top1_success,True,3-4,kegg_compound,ok,1
BIOMD0000001090,R_R04429_C3_cytop,CLU_BIOMD0000001090,validation,retrievable_top1_success,True,5-6,kegg_compound,ok,1
BIOMD0000001090,R_R04440_C3_cytop,CLU_BIOMD0000001090,validation,unconstrained,True,5-6,kegg_compound,unconstrained_candidate_set,0
BIOMD0000001090,R_R04441_C3_cytop,CLU_BIOMD0000001090,validation,retrievable_top1_success,True,3-4,kegg_compound,ok,2
BIOMD0000001090,R_R04457_C3_cytop,CLU_BIOMD0000001090,validation,retrievable_top1_success,True,5-6,kegg_compound,ok,1
BIOMD0000001090,R_R04463_C3_cytop,CLU_BIOMD0000001090,validation,retrievable_top1_success,True,7+,kegg_compound,ok,1
BIOMD0000001090,R_R04467_C3_cytop,CLU_BIOMD0000001090,validation,unconstrained,True,3-4,kegg_compound,unconstrained_candidate_set,0
BIOMD0000001090,R_R04533_C3_cytop,CLU_BIOMD0000001090,validation,retrievable_top1_success,True,5-6,kegg_compound,ok,1
BIOMD0000001090,R_R04534_C3_cytop,CLU_BIOMD0000001090,validation,unconstrained,True,5-6,kegg_compound,unconstrained_candidate_set,0
BIOMD0000001090,R_R04535_C3_cytop,CLU_BIOMD0000001090,validation,retrievable_top1_success,True,3-4,kegg_compound,ok,1
BIOMD0000001090,R_R04536_C3_cytop,CLU_BIOMD0000001090,validation,retrievable_top1_success,True,5-6,kegg_compound,ok,1
BIOMD0000001090,R_R04537_C3_cytop,CLU_BIOMD0000001090,validation,retrievable_top1_success,True,3-4,kegg_compound,ok,1
BIOMD0000001090,R_R04543_C3_cytop,CLU_BIOMD0000001090,validation,retrievable_top1_success,True,5-6,kegg_compound,ok,1
BIOMD0000001090,R_R04544_C3_cytop,CLU_BIOMD0000001090,validation,retrievable_top1_success,True,3-4,kegg_compound,ok,1
BIOMD0000001090,R_R04559_C3_cytop,CLU_BIOMD0000001090,validation,retrievable_top1_success,True,3-4,kegg_compound,ok,1
BIOMD0000001090,R_R04560_C3_cytop,CLU_BIOMD0000001090,validation,retrievable_top1_success,True,3-4,kegg_compound,ok,1
BIOMD0000001090,R_R04566_C3_cytop,CLU_BIOMD0000001090,validation,retrievable_top1_success,True,5-6,kegg_compound,ok,1
BIOMD0000001090,R_R04568_C3_cytop,CLU_BIOMD0000001090,validation,retrievable_top1_success,True,3-4,kegg_compound,ok,1
BIOMD0000001090,R_R04573_C3_cytop,CLU_BIOMD0000001090,validation,retrievable_top1_success,True,5-6,kegg_compound,ok,1
BIOMD0000001090,R_R04591_C3_cytop,CLU_BIOMD0000001090,validation,retrievable_top1_success,True,5-6,kegg_compound,ok,1
BIOMD0000001090,R_R04620_C3_cytop,CLU_BIOMD0000001090,validation,retrievable_top1_success,True,3-4,kegg_compound,ok,1
BIOMD0000001090,R_R04639_C3_cytop,CLU_BIOMD0000001090,validation,retrievable_top1_success,True,3-4,kegg_compound,ok,1
BIOMD0000001090,R_R04724_C3_cytop,CLU_BIOMD0000001090,validation,retrievable_top1_success,True,5-6,kegg_compound,ok,1
BIOMD0000001090,R_R04726_C3_cytop,CLU_BIOMD0000001090,validation,retrievable_top1_success,True,5-6,kegg_compound,ok,1
BIOMD0000001090,R_R04779_C3_cytop,CLU_BIOMD0000001090,validation,retrievable_top1_success,True,3-4,kegg_compound,ok,2
BIOMD0000001090,R_R04952_C3_cytop,CLU_BIOMD0000001090,validation,retrievable_top1_success,True,5-6,kegg_compound,ok,1
BIOMD0000001090,R_R04953_C3_cytop,CLU_BIOMD0000001090,validation,retrievable_top1_success,True,5-6,kegg_compound,ok,1
BIOMD0000001090,R_R04954_C3_cytop,CLU_BIOMD0000001090,validation,retrievable_top1_success,True,3-4,kegg_compound,ok,1
BIOMD0000001090,R_R04955_C3_cytop,CLU_BIOMD0000001090,validation,retrievable_top1_success,True,5-6,kegg_compound,ok,1
BIOMD0000001090,R_R04957_C3_cytop,CLU_BIOMD0000001090,validation,retrievable_top1_success,True,5-6,kegg_compound,ok,1
BIOMD0000001090,R_R04958_C3_cytop,CLU_BIOMD0000001090,validation,retrievable_top1_success,True,5-6,kegg_compound,ok,1
BIOMD0000001090,R_R04960_C3_cytop,CLU_BIOMD0000001090,validation,retrievable_top1_success,True,5-6,kegg_compound,ok,1
BIOMD0000001090,R_R04961_C3_cytop,CLU_BIOMD0000001090,validation,retrievable_top1_success,True,5-6,kegg_compound,ok,1
BIOMD0000001090,R_R04963_C3_cytop,CLU_BIOMD0000001090,validation,retrievable_top1_success,True,5-6,kegg_compound,ok,1
BIOMD0000001090,R_R04964_C3_cytop,CLU_BIOMD0000001090,validation,retrievable_top1_success,True,5-6,kegg_compound,ok,1
BIOMD0000001090,R_R04965_C3_cytop,CLU_BIOMD0000001090,validation,retrievable_top1_success,True,3-4,kegg_compound,ok,1
BIOMD0000001090,R_R04966_C3_cytop,CLU_BIOMD0000001090,validation,retrievable_top1_success,True,5-6,kegg_compound,ok,1
BIOMD0000001090,R_R04968_C3_cytop,CLU_BIOMD0000001090,validation,retrievable_top1_success,True,5-6,kegg_compound,ok,1
BIOMD0000001090,R_R04969_C3_cytop,CLU_BIOMD0000001090,validation,retrievable_top1_success,True,5-6,kegg_compound,ok,1
BIOMD0000001090,R_R05046_C3_cytop,CLU_BIOMD0000001090,validation,retrievable_top1_success,True,3-4,kegg_compound,ok,1
BIOMD0000001090,R_R05048_C3_cytop,CLU_BIOMD0000001090,validation,retrievable_top1_success,True,1-2,kegg_compound,ok,1
BIOMD0000001090,R_R05068_C3_cytop,CLU_BIOMD0000001090,validation,retrievable_top1_success,True,5-6,kegg_compound,ok,1
BIOMD0000001090,R_R05069_C3_cytop,CLU_BIOMD0000001090,validation,retrievable_top1_success,True,1-2,kegg_compound,ok,1
BIOMD0000001090,R_R05070_C3_cytop,CLU_BIOMD0000001090,validation,retrievable_top1_success,True,3-4,kegg_compound,ok,1
BIOMD0000001090,R_R05071_C3_cytop,CLU_BIOMD0000001090,validation,retrievable_top1_success,True,1-2,kegg_compound,ok,2
BIOMD0000001090,R_R05332_C3_cytop,CLU_BIOMD0000001090,validation,retrievable_top1_success,True,3-4,kegg_compound,ok,1
BIOMD0000001090,R_R05553_C3_cytop,CLU_BIOMD0000001090,validation,retrievable_top1_success,True,3-4,kegg_compound,ok,1
BIOMD0000001090,R_R05627_C3_cytop,CLU_BIOMD0000001090,validation,retrievable_top1_success,True,3-4,kegg_compound,ok,1
BIOMD0000001090,R_R05629_C3_cytop,CLU_BIOMD0000001090,validation,retrievable_top1_success,True,3-4,kegg_compound,ok,1
BIOMD0000001090,R_R05662_C3_cytop,CLU_BIOMD0000001090,validation,retrievable_top1_success,True,3-4,kegg_compound,ok,1
BIOMD0000001090,R_R06178_C3_cytop,CLU_BIOMD0000001090,validation,retrievable_top1_success,True,3-4,kegg_compound,ok,1
BIOMD0000001090,R_R06447_C3_cytop,CLU_BIOMD0000001090,validation,retrievable_top1_success,True,3-4,kegg_compound,ok,1
BIOMD0000001090,R_R06861_C3_cytop,CLU_BIOMD0000001090,validation,unconstrained,True,5-6,kegg_compound,unconstrained_candidate_set,0
BIOMD0000001090,R_R06863_C3_cytop,CLU_BIOMD0000001090,validation,unconstrained,True,5-6,kegg_compound,unconstrained_candidate_set,0
BIOMD0000001090,R_R07168_C3_cytop,CLU_BIOMD0000001090,validation,unconstrained,True,5-6,kegg_compound,unconstrained_candidate_set,0
BIOMD0000001090,R_R07281_C3_cytop,CLU_BIOMD0000001090,validation,retrievable_top1_success,True,3-4,kegg_compound,ok,1
BIOMD0000001090,R_R07390_C3_cytop,CLU_BIOMD0000001090,validation,retrievable_top1_success,True,3-4,kegg_compound,ok,1
BIOMD0000001090,R_R07404_C3_cytop,CLU_BIOMD0000001090,validation,unconstrained,True,7+,kegg_compound,unconstrained_candidate_set,0
BIOMD0000001090,R_R07405_C3_cytop,CLU_BIOMD0000001090,validation,retrievable_top1_success,True,1-2,kegg_compound,ok,1
BIOMD0000001090,R_R07456_C3_cytop,CLU_BIOMD0000001090,validation,retrievable_top1_success,True,7+,kegg_compound,ok,1
BIOMD0000001090,R_R07618_C3_cytop,CLU_BIOMD0000001090,validation,retrievable_top1_success,True,5-6,kegg_compound,ok,1
BIOMD0000001090,R_R07762_C3_cytop,CLU_BIOMD0000001090,validation,retrievable_top1_success,True,5-6,kegg_compound,ok,1
BIOMD0000001090,R_R07763_C3_cytop,CLU_BIOMD0000001090,validation,retrievable_top1_success,True,5-6,kegg_compound,ok,1
BIOMD0000001090,R_R07764_C3_cytop,CLU_BIOMD0000001090,validation,retrievable_top1_success,True,3-4,kegg_compound,ok,1
BIOMD0000001090,R_R07765_C3_cytop,CLU_BIOMD0000001090,validation,retrievable_top1_success,True,5-6,kegg_compound,ok,1
BIOMD0000001090,R_R08159_C3_cytop,CLU_BIOMD0000001090,validation,retrievable_top1_success,True,3-4,kegg_compound,ok,1
BIOMD0000001090,R_R08549_C3_cytop,CLU_BIOMD0000001090,validation,retrievable_top1_success,True,7+,kegg_compound,ok,1
BIOMD0000001090,R_R08639_C3_cytop,CLU_BIOMD0000001090,validation,retrievable_rerank_failure,True,1-2,kegg_compound,ok,2
BIOMD0000001090,R_R08648_C3_cytop,CLU_BIOMD0000001090,validation,retrievable_top1_success,True,3-4,kegg_compound,ok,1
BIOMD0000001090,R_R08698_C3_cytop,CLU_BIOMD0000001090,validation,retrievable_top1_success,True,3-4,kegg_compound,ok,1
BIOMD0000001090,R_R09380_C3_cytop,CLU_BIOMD0000001090,validation,retrievable_top1_success,True,3-4,kegg_compound,ok,1
BIOMD0000001090,R_R09381_C3_cytop,CLU_BIOMD0000001090,validation,retrievable_top1_success,True,3-4,kegg_compound,ok,1
BIOMD0000001090,R_R10092_C3_cytop,CLU_BIOMD0000001090,validation,retrievable_top1_success,True,3-4,kegg_compound,ok,1
BIOMD0000001090,R_R10147_C3_cytop,CLU_BIOMD0000001090,validation,retrievable_top1_success,True,3-4,kegg_compound,ok,1
