model_id,reaction_id,cluster_id,stratum,seen_in_train,method,ranking_depth,missing_output,first_hit_rank_exact,first_hit_rank_brite_orthology,mrr_at_10_exact,mrr_at_10_brite_orthology,recall_at_1_exact,recall_at_1_brite_orthology,recall_at_3_exact,recall_at_3_brite_orthology,recall_at_5_exact,recall_at_5_brite_orthology,recall_at_10_exact,recall_at_10_brite_orthology
BIOMD0000000017,R11,CLU_BIOMD0000000017,empty_constrained,False,bge_m3_dense,100,False,17,6,0.0,0.16666666666666666,False,False,False,False,False,False,False,True
BIOMD0000000017,R2,CLU_BIOMD0000000017,empty_constrained,True,bge_m3_dense,100,False,1,1,1.0,1.0,True,True,True,True,True,True,True,True
BIOMD0000000017,R3,CLU_BIOMD0000000017,retrievable_top1_success,True,bge_m3_dense,100,False,1,1,1.0,1.0,True,True,True,True,True,True,True,True
BIOMD0000000017,R4,CLU_BIOMD0000000017,retrievable_top1_success,True,bge_m3_dense,100,False,9,9,0.1111111111111111,0.1111111111111111,False,False,False,False,False,False,True,True
BIOMD0000000017,R5,CLU_BIOMD0000000017,empty_constrained,True,bge_m3_dense,100,False,6,6,0.16666666666666666,0.16666666666666666,False,False,False,False,False,False,True,True
BIOMD0000000017,R6,CLU_BIOMD0000000017,empty_constrained,True,bge_m3_dense,100,False,2,2,0.5,0.5,False,False,True,True,True,True,True,True
BIOMD0000000017,R7,CLU_BIOMD0000000017,empty_constrained,True,bge_m3_dense,100,False,1,1,1.0,1.0,True,True,True,True,True,True,True,True
BIOMD0000000017,R8,CLU_BIOMD0000000017,empty_constrained,True,bge_m3_dense,100,False,5,5,0.2,0.2,False,False,False,False,True,True,True,True
BIOMD0000000017,R9,CLU_BIOMD0000000017,nonempty_answer_absent,False,bge_m3_dense,100,False,,,0.0,0.0,False,False,False,False,False,False,False,False
BIOMD0000000023,v3,CLU_BIOMD0000000023,empty_constrained,True,bge_m3_dense,100,False,25,25,0.0,0.0,False,False,False,False,False,False,False,False
BIOMD0000000023,v4,CLU_BIOMD0000000023,empty_constrained,True,bge_m3_dense,100,False,1,1,1.0,1.0,True,True,True,True,True,True,True,True
BIOMD0000000023,v5,CLU_BIOMD0000000023,empty_constrained,True,bge_m3_dense,100,False,1,1,1.0,1.0,True,True,True,True,True,True,True,True
BIOMD0000000023,v6,CLU_BIOMD0000000023,empty_constrained,False,bge_m3_dense,100,False,,,0.0,0.0,False,False,False,False,False,False,False,False
BIOMD0000000023,v7,CLU_BIOMD0000000023,retrievable_top1_success,False,bge_m3_dense,100,False,2,1,0.5,1.0,False,True,True,True,True,True,True,True
BIOMD0000000023,v8,CLU_BIOMD0000000023,empty_constrained,False,bge_m3_dense,100,False,2,1,0.5,1.0,False,True,True,True,True,True,True,True
BIOMD0000000023,v9,CLU_BIOMD0000000023,nonempty_answer_absent,False,bge_m3_dense,100,False,9,1,0.1111111111111111,1.0,False,True,False,True,False,True,True,True
BIOMD0000000042,reaction_1,CLU_BIOMD0000000042,retrievable_top1_success,True,bge_m3_dense,100,False,15,15,0.0,0.0,False,False,False,False,False,False,False,False
BIOMD0000000042,reaction_2,CLU_BIOMD0000000042,retrievable_rerank_failure,True,bge_m3_dense,100,False,,38,0.0,0.0,False,False,False,False,False,False,False,False
BIOMD0000000042,reaction_3,CLU_BIOMD0000000042,retrievable_rerank_failure,True,bge_m3_dense,100,False,,,0.0,0.0,False,False,False,False,False,False,False,False
BIOMD0000000042,reaction_4,CLU_BIOMD0000000042,retrievable_top1_success,True,bge_m3_dense,100,False,,,0.0,0.0,False,False,False,False,False,False,False,False
BIOMD0000000042,reaction_5,CLU_BIOMD0000000042,empty_constrained,True,bge_m3_dense,100,False,37,37,0.0,0.0,False,False,False,False,False,False,False,False
BIOMD0000000042,reaction_6,CLU_BIOMD0000000042,empty_constrained,True,bge_m3_dense,100,False,,,0.0,0.0,False,False,False,False,False,False,False,False
BIOMD0000000042,reaction_7,CLU_BIOMD0000000042,retrievable_top1_success,True,bge_m3_dense,100,False,,,0.0,0.0,False,False,False,False,False,False,False,False
BIOMD0000000042,reaction_8,CLU_BIOMD0000000042,empty_constrained,True,bge_m3_dense,100,False,1,1,1.0,1.0,True,True,True,True,True,True,True,True
BIOMD0000000042,reaction_9,CLU_BIOMD0000000042,retrievable_top1_success,True,bge_m3_dense,100,False,1,1,1.0,1.0,True,True,True,True,True,True,True,True
BIOMD0000000061,vADH,CLU_BIOMD0000000042,empty_constrained,True,bge_m3_dense,100,False,1,1,1.0,1.0,True,True,True,True,True,True,True,True
BIOMD0000000061,vALD,CLU_BIOMD0000000042,retrievable_rerank_failure,True,bge_m3_dense,100,False,6,2,0.16666666666666666,0.5,False,False,False,True,False,True,True,True
BIOMD0000000061,vGAPDH,CLU_BIOMD0000000042,retrievable_top1_success,True,bge_m3_dense,100,False,21,21,0.0,0.0,False,False,False,False,False,False,False,False
BIOMD0000000061,vHK,CLU_BIOMD0000000042,empty_constrained,True,bge_m3_dense,100,False,5,5,0.2,0.2,False,False,False,False,True,True,True,True
BIOMD0000000061,vPDC,CLU_BIOMD0000000042,retrievable_top1_success,True,bge_m3_dense,100,False,1,1,1.0,1.0,True,True,True,True,True,True,True,True
BIOMD0000000061,vPFK,CLU_BIOMD0000000042,retrievable_top1_success,True,bge_m3_dense,100,False,9,8,0.1111111111111111,0.125,False,False,False,False,False,False,True,True
BIOMD0000000061,vPGI,CLU_BIOMD0000000042,empty_constrained,True,bge_m3_dense,100,False,1,1,1.0,1.0,True,True,True,True,True,True,True,True
BIOMD0000000061,vPK,CLU_BIOMD0000000042,empty_constrained,True,bge_m3_dense,100,False,1,1,1.0,1.0,True,True,True,True,True,True,True,True
BIOMD0000000061,vTIM,CLU_BIOMD0000000042,empty_constrained,True,bge_m3_dense,100,False,20,20,0.0,0.0,False,False,False,False,False,False,False,False
BIOMD0000000061,vlpGlyc,CLU_BIOMD0000000042,empty_constrained,True,bge_m3_dense,100,False,11,11,0.0,0.0,False,False,False,False,False,False,False,False
BIOMD0000000061,vlpPEP,CLU_BIOMD0000000042,empty_constrained,True,bge_m3_dense,100,False,2,2,0.5,0.5,False,False,True,True,True,True,True,True
BIOMD0000000063,Vgapd,CLU_BIOMD0000000042,empty_constrained,True,bge_m3_dense,100,False,37,37,0.0,0.0,False,False,False,False,False,False,False,False
BIOMD0000000063,Vhk,CLU_BIOMD0000000042,retrievable_top1_success,True,bge_m3_dense,100,False,4,4,0.25,0.25,False,False,False,False,True,True,True,True
BIOMD0000000063,Vpfk,CLU_BIOMD0000000042,empty_constrained,True,bge_m3_dense,100,False,14,14,0.0,0.0,False,False,False,False,False,False,False,False
BIOMD0000000064,vADH,CLU_BIOMD0000000042,empty_constrained,False,bge_m3_dense,100,False,3,1,0.3333333333333333,1.0,False,True,True,True,True,True,True,True
BIOMD0000000064,vALD,CLU_BIOMD0000000042,retrievable_rerank_failure,True,bge_m3_dense,100,False,5,1,0.2,1.0,False,True,False,True,True,True,True,True
BIOMD0000000064,vENO,CLU_BIOMD0000000042,retrievable_top1_success,True,bge_m3_dense,100,False,2,2,0.5,0.5,False,False,True,True,True,True,True,True
BIOMD0000000064,vGAPDH,CLU_BIOMD0000000042,empty_constrained,True,bge_m3_dense,100,False,26,26,0.0,0.0,False,False,False,False,False,False,False,False
BIOMD0000000064,vGLK,CLU_BIOMD0000000042,empty_constrained,True,bge_m3_dense,100,False,23,23,0.0,0.0,False,False,False,False,False,False,False,False
BIOMD0000000064,vPDC,CLU_BIOMD0000000042,retrievable_top1_success,True,bge_m3_dense,100,False,1,1,1.0,1.0,True,True,True,True,True,True,True,True
BIOMD0000000064,vPFK,CLU_BIOMD0000000042,empty_constrained,True,bge_m3_dense,100,False,15,4,0.0,0.25,False,False,False,False,False,True,False,True
BIOMD0000000064,vPGI,CLU_BIOMD0000000042,retrievable_rerank_failure,True,bge_m3_dense,100,False,4,3,0.25,0.3333333333333333,False,False,False,True,True,True,True,True
BIOMD0000000064,vPGK,CLU_BIOMD0000000042,empty_constrained,True,bge_m3_dense,100,False,6,6,0.16666666666666666,0.16666666666666666,False,False,False,False,False,False,True,True
BIOMD0000000064,vPGM,CLU_BIOMD0000000042,empty_constrained,True,bge_m3_dense,100,False,1,1,1.0,1.0,True,True,True,True,True,True,True,True
BIOMD0000000064,vPYK,CLU_BIOMD0000000042,empty_constrained,True,bge_m3_dense,100,False,5,5,0.2,0.2,False,False,False,False,True,True,True,True
BIOMD0000000068,v1,CLU_BIOMD0000000068,nonempty_answer_absent,True,bge_m3_dense,100,False,53,53,0.0,0.0,False,False,False,False,False,False,False,False
BIOMD0000000068,vThr,CLU_BIOMD0000000068,retrievable_top1_success,True,bge_m3_dense,100,False,1,1,1.0,1.0,True,True,True,True,True,True,True,True
BIOMD0000000071,vALD,CLU_BIOMD0000000042,retrievable_top1_success,True,bge_m3_dense,100,False,6,3,0.16666666666666666,0.3333333333333333,False,False,False,True,False,True,True,True
BIOMD0000000071,vGAPdh,CLU_BIOMD0000000042,retrievable_top1_success,True,bge_m3_dense,100,False,23,23,0.0,0.0,False,False,False,False,False,False,False,False
BIOMD0000000071,vGDH,CLU_BIOMD0000000042,empty_constrained,True,bge_m3_dense,100,False,,,0.0,0.0,False,False,False,False,False,False,False,False
BIOMD0000000071,vGPO,CLU_BIOMD0000000042,retrievable_rerank_failure,False,bge_m3_dense,100,False,,,0.0,0.0,False,False,False,False,False,False,False,False
BIOMD0000000071,vGlyK,CLU_BIOMD0000000042,nonempty_answer_absent,True,bge_m3_dense,100,False,17,17,0.0,0.0,False,False,False,False,False,False,False,False
BIOMD0000000071,vHK,CLU_BIOMD0000000042,empty_constrained,True,bge_m3_dense,100,False,97,55,0.0,0.0,False,False,False,False,False,False,False,False
BIOMD0000000071,vPFK,CLU_BIOMD0000000042,empty_constrained,True,bge_m3_dense,100,False,37,7,0.0,0.14285714285714285,False,False,False,False,False,False,False,True
BIOMD0000000071,vPGI,CLU_BIOMD0000000042,retrievable_rerank_failure,True,bge_m3_dense,100,False,1,1,1.0,1.0,True,True,True,True,True,True,True,True
BIOMD0000000071,vPK,CLU_BIOMD0000000042,empty_constrained,True,bge_m3_dense,100,False,11,11,0.0,0.0,False,False,False,False,False,False,False,False
BIOMD0000000071,vTPI,CLU_BIOMD0000000042,empty_constrained,True,bge_m3_dense,100,False,20,20,0.0,0.0,False,False,False,False,False,False,False,False
BIOMD0000000088,re137,CLU_BIOMD0000000088,nonempty_answer_absent,False,bge_m3_dense,100,False,,,0.0,0.0,False,False,False,False,False,False,False,False
BIOMD0000000088,re138,CLU_BIOMD0000000088,nonempty_answer_absent,False,bge_m3_dense,100,False,,,0.0,0.0,False,False,False,False,False,False,False,False
BIOMD0000000088,re139,CLU_BIOMD0000000088,nonempty_answer_absent,False,bge_m3_dense,100,False,,,0.0,0.0,False,False,False,False,False,False,False,False
BIOMD0000000088,re140,CLU_BIOMD0000000088,nonempty_answer_absent,False,bge_m3_dense,100,False,,,0.0,0.0,False,False,False,False,False,False,False,False
BIOMD0000000088,re156,CLU_BIOMD0000000088,retrievable_top1_success,False,bge_m3_dense,100,False,,,0.0,0.0,False,False,False,False,False,False,False,False
BIOMD0000000088,re157,CLU_BIOMD0000000088,nonempty_answer_absent,False,bge_m3_dense,100,False,,,0.0,0.0,False,False,False,False,False,False,False,False
BIOMD0000000088,re158,CLU_BIOMD0000000088,empty_constrained,False,bge_m3_dense,100,False,,,0.0,0.0,False,False,False,False,False,False,False,False
BIOMD0000000088,re159,CLU_BIOMD0000000088,empty_constrained,False,bge_m3_dense,100,False,,,0.0,0.0,False,False,False,False,False,False,False,False
BIOMD0000000088,re160,CLU_BIOMD0000000088,empty_constrained,False,bge_m3_dense,100,False,,,0.0,0.0,False,False,False,False,False,False,False,False
BIOMD0000000088,re161,CLU_BIOMD0000000088,empty_constrained,False,bge_m3_dense,100,False,,,0.0,0.0,False,False,False,False,False,False,False,False
BIOMD0000000088,re162,CLU_BIOMD0000000088,empty_constrained,False,bge_m3_dense,100,False,,,0.0,0.0,False,False,False,False,False,False,False,False
BIOMD0000000088,re163,CLU_BIOMD0000000088,empty_constrained,False,bge_m3_dense,100,False,,,0.0,0.0,False,False,False,False,False,False,False,False
BIOMD0000000088,re164,CLU_BIOMD0000000088,empty_constrained,False,bge_m3_dense,100,False,,,0.0,0.0,False,False,False,False,False,False,False,False
BIOMD0000000088,re165,CLU_BIOMD0000000088,empty_constrained,False,bge_m3_dense,100,False,,,0.0,0.0,False,False,False,False,False,False,False,False
BIOMD0000000088,re166,CLU_BIOMD0000000088,empty_constrained,False,bge_m3_dense,100,False,,,0.0,0.0,False,False,False,False,False,False,False,False
BIOMD0000000088,re167,CLU_BIOMD0000000088,empty_constrained,False,bge_m3_dense,100,False,,,0.0,0.0,False,False,False,False,False,False,False,False
BIOMD0000000088,re168,CLU_BIOMD0000000088,empty_constrained,False,bge_m3_dense,100,False,,,0.0,0.0,False,False,False,False,False,False,False,False
BIOMD0000000088,re169,CLU_BIOMD0000000088,empty_constrained,False,bge_m3_dense,100,False,,,0.0,0.0,False,False,False,False,False,False,False,False
BIOMD0000000088,re170,CLU_BIOMD0000000088,empty_constrained,False,bge_m3_dense,100,False,,,0.0,0.0,False,False,False,False,False,False,False,False
BIOMD0000000088,re171,CLU_BIOMD0000000088,empty_constrained,False,bge_m3_dense,100,False,,,0.0,0.0,False,False,False,False,False,False,False,False
BIOMD0000000088,re172,CLU_BIOMD0000000088,empty_constrained,False,bge_m3_dense,100,False,,,0.0,0.0,False,False,False,False,False,False,False,False
BIOMD0000000088,re173,CLU_BIOMD0000000088,empty_constrained,False,bge_m3_dense,100,False,,,0.0,0.0,False,False,False,False,False,False,False,False
BIOMD0000000088,re55,CLU_BIOMD0000000088,empty_constrained,False,bge_m3_dense,100,False,,,0.0,0.0,False,False,False,False,False,False,False,False
BIOMD0000000088,re56,CLU_BIOMD0000000088,empty_constrained,False,bge_m3_dense,100,False,,,0.0,0.0,False,False,False,False,False,False,False,False
BIOMD0000000088,re57,CLU_BIOMD0000000088,empty_constrained,False,bge_m3_dense,100,False,,,0.0,0.0,False,False,False,False,False,False,False,False
BIOMD0000000088,re58,CLU_BIOMD0000000088,empty_constrained,False,bge_m3_dense,100,False,,,0.0,0.0,False,False,False,False,False,False,False,False
BIOMD0000000171,P1_pho,CLU_BIOMD0000000171,unconstrained,False,bge_m3_dense,100,False,49,49,0.0,0.0,False,False,False,False,False,False,False,False
BIOMD0000000171,P_pho,CLU_BIOMD0000000171,retrievable_top1_success,False,bge_m3_dense,100,False,,,0.0,0.0,False,False,False,False,False,False,False,False
BIOMD0000000171,T1_pho,CLU_BIOMD0000000171,nonempty_answer_absent,False,bge_m3_dense,100,False,6,4,0.16666666666666666,0.25,False,False,False,False,False,True,True,True
BIOMD0000000171,T_pho,CLU_BIOMD0000000171,retrievable_top1_success,False,bge_m3_dense,100,False,20,3,0.0,0.3333333333333333,False,False,False,True,False,True,False,True
BIOMD0000000190,MAT,CLU_BIOMD0000000190,nonempty_answer_absent,True,bge_m3_dense,100,False,,,0.0,0.0,False,False,False,False,False,False,False,False
BIOMD0000000190,ODC,CLU_BIOMD0000000190,retrievable_top1_success,True,bge_m3_dense,100,False,1,1,1.0,1.0,True,True,True,True,True,True,True,True
BIOMD0000000190,PAO_for_aD,CLU_BIOMD0000000190,empty_constrained,False,bge_m3_dense,100,False,4,1,0.25,1.0,False,True,False,True,True,True,True,True
BIOMD0000000190,PAO_for_aS,CLU_BIOMD0000000190,retrievable_top1_success,False,bge_m3_dense,100,False,1,1,1.0,1.0,True,True,True,True,True,True,True,True
BIOMD0000000190,SAMdc,CLU_BIOMD0000000190,retrievable_top1_success,True,bge_m3_dense,100,False,36,36,0.0,0.0,False,False,False,False,False,False,False,False
BIOMD0000000190,SSAT_for_D,CLU_BIOMD0000000190,empty_constrained,False,bge_m3_dense,100,False,48,48,0.0,0.0,False,False,False,False,False,False,False,False
BIOMD0000000190,SSAT_for_S,CLU_BIOMD0000000190,empty_constrained,False,bge_m3_dense,100,False,,87,0.0,0.0,False,False,False,False,False,False,False,False
BIOMD0000000190,SpdS,CLU_BIOMD0000000190,retrievable_top1_success,True,bge_m3_dense,100,False,1,1,1.0,1.0,True,True,True,True,True,True,True,True
BIOMD0000000190,SpmS,CLU_BIOMD0000000190,retrievable_top1_success,True,bge_m3_dense,100,False,1,1,1.0,1.0,True,True,True,True,True,True,True,True
BIOMD0000000211,vAKc,CLU_BIOMD0000000042,retrievable_top1_success,True,bge_m3_dense,100,False,91,41,0.0,0.0,False,False,False,False,False,False,False,False
BIOMD0000000211,vAKg,CLU_BIOMD0000000042,retrievable_top1_success,True,bge_m3_dense,100,False,69,59,0.0,0.0,False,False,False,False,False,False,False,False
BIOMD0000000211,vALD,CLU_BIOMD0000000042,retrievable_top1_success,True,bge_m3_dense,100,False,5,1,0.2,1.0,False,True,False,True,True,True,True,True
BIOMD0000000211,vENO,CLU_BIOMD0000000042,retrievable_top1_success,True,bge_m3_dense,100,False,1,1,1.0,1.0,True,True,True,True,True,True,True,True
BIOMD0000000211,vGAPDH,CLU_BIOMD0000000042,retrievable_top1_success,True,bge_m3_dense,100,False,29,29,0.0,0.0,False,False,False,False,False,False,False,False
BIOMD0000000211,vGK,CLU_BIOMD0000000042,empty_constrained,True,bge_m3_dense,100,False,23,23,0.0,0.0,False,False,False,False,False,False,False,False
BIOMD0000000211,vGPDH,CLU_BIOMD0000000042,empty_constrained,True,bge_m3_dense,100,False,,,0.0,0.0,False,False,False,False,False,False,False,False
BIOMD0000000211,vGPO,CLU_BIOMD0000000042,retrievable_rerank_failure,False,bge_m3_dense,100,False,,,0.0,0.0,False,False,False,False,False,False,False,False
BIOMD0000000211,vHK,CLU_BIOMD0000000042,retrievable_top1_success,True,bge_m3_dense,100,False,61,61,0.0,0.0,False,False,False,False,False,False,False,False
BIOMD0000000211,vPFK,CLU_BIOMD0000000042,retrievable_rerank_failure,True,bge_m3_dense,100,False,47,40,0.0,0.0,False,False,False,False,False,False,False,False
BIOMD0000000211,vPGI,CLU_BIOMD0000000042,retrievable_rerank_failure,True,bge_m3_dense,100,False,12,4,0.0,0.25,False,False,False,False,False,True,False,True
BIOMD0000000211,vPGK,CLU_BIOMD0000000042,empty_constrained,True,bge_m3_dense,100,False,7,7,0.14285714285714285,0.14285714285714285,False,False,False,False,False,False,True,True
BIOMD0000000211,vPGM,CLU_BIOMD0000000042,empty_constrained,True,bge_m3_dense,100,False,21,21,0.0,0.0,False,False,False,False,False,False,False,False
BIOMD0000000211,vPK,CLU_BIOMD0000000042,empty_constrained,True,bge_m3_dense,100,False,10,10,0.1,0.1,False,False,False,False,False,False,True,True
BIOMD0000000211,vTPI,CLU_BIOMD0000000042,empty_constrained,True,bge_m3_dense,100,False,2,2,0.5,0.5,False,False,True,True,True,True,True,True
BIOMD0000000231,v1,CLU_BIOMD0000000231,nonempty_answer_absent,True,bge_m3_dense,100,False,,35,0.0,0.0,False,False,False,False,False,False,False,False
BIOMD0000000231,v2,CLU_BIOMD0000000231,retrievable_top1_success,True,bge_m3_dense,100,False,1,1,1.0,1.0,True,True,True,True,True,True,True,True
BIOMD0000000231,v3,CLU_BIOMD0000000231,nonempty_answer_absent,True,bge_m3_dense,100,False,,,0.0,0.0,False,False,False,False,False,False,False,False
BIOMD0000000231,v4,CLU_BIOMD0000000231,nonempty_answer_absent,True,bge_m3_dense,100,False,41,41,0.0,0.0,False,False,False,False,False,False,False,False
BIOMD0000000245,r3,CLU_BIOMD0000000245,nonempty_answer_absent,True,bge_m3_dense,100,False,5,5,0.2,0.2,False,False,False,False,True,True,True,True
BIOMD0000000245,r4,CLU_BIOMD0000000245,retrievable_top1_success,True,bge_m3_dense,100,False,1,1,1.0,1.0,True,True,True,True,True,True,True,True
BIOMD0000000245,r6,CLU_BIOMD0000000245,empty_constrained,True,bge_m3_dense,100,False,1,1,1.0,1.0,True,True,True,True,True,True,True,True
BIOMD0000000247,v6PGL,CLU_BIOMD0000000042,empty_constrained,True,bge_m3_dense,100,False,1,1,1.0,1.0,True,True,True,True,True,True,True,True
BIOMD0000000247,vADH,CLU_BIOMD0000000042,empty_constrained,False,bge_m3_dense,100,False,2,1,0.5,1.0,False,True,True,True,True,True,True,True
BIOMD0000000247,vALD,CLU_BIOMD0000000042,retrievable_rerank_failure,True,bge_m3_dense,100,False,4,1,0.25,1.0,False,True,False,True,True,True,True,True
BIOMD0000000247,vENO,CLU_BIOMD0000000042,retrievable_top1_success,True,bge_m3_dense,100,False,2,2,0.5,0.5,False,False,True,True,True,True,True,True
BIOMD0000000247,vG6PDH,CLU_BIOMD0000000042,retrievable_top1_success,True,bge_m3_dense,100,False,1,1,1.0,1.0,True,True,True,True,True,True,True,True
BIOMD0000000247,vGAPDH,CLU_BIOMD0000000042,retrievable_top1_success,True,bge_m3_dense,100,False,16,15,0.0,0.0,False,False,False,False,False,False,False,False
BIOMD0000000247,vGLK,CLU_BIOMD0000000042,empty_constrained,True,bge_m3_dense,100,False,23,23,0.0,0.0,False,False,False,False,False,False,False,False
BIOMD0000000247,vGluDH,CLU_BIOMD0000000042,empty_constrained,True,bge_m3_dense,100,False,1,1,1.0,1.0,True,True,True,True,True,True,True,True
BIOMD0000000247,vPDC,CLU_BIOMD0000000042,retrievable_top1_success,True,bge_m3_dense,100,False,1,1,1.0,1.0,True,True,True,True,True,True,True,True
BIOMD0000000247,vPFK,CLU_BIOMD0000000042,empty_constrained,True,bge_m3_dense,100,False,17,4,0.0,0.25,False,False,False,False,False,True,False,True
BIOMD0000000247,vPGI,CLU_BIOMD0000000042,retrievable_rerank_failure,True,bge_m3_dense,100,False,4,3,0.25,0.3333333333333333,False,False,False,True,True,True,True,True
BIOMD0000000247,vPGK,CLU_BIOMD0000000042,empty_constrained,True,bge_m3_dense,100,False,6,6,0.16666666666666666,0.16666666666666666,False,False,False,False,False,False,True,True
BIOMD0000000247,vPGM,CLU_BIOMD0000000042,empty_constrained,True,bge_m3_dense,100,False,1,1,1.0,1.0,True,True,True,True,True,True,True,True
BIOMD0000000247,vPPI,CLU_BIOMD0000000042,empty_constrained,True,bge_m3_dense,100,False,4,4,0.25,0.25,False,False,False,False,True,True,True,True
BIOMD0000000247,vPYK,CLU_BIOMD0000000042,empty_constrained,True,bge_m3_dense,100,False,5,5,0.2,0.2,False,False,False,False,True,True,True,True
BIOMD0000000247,vTPI,CLU_BIOMD0000000042,retrievable_top1_success,True,bge_m3_dense,100,False,13,13,0.0,0.0,False,False,False,False,False,False,False,False
BIOMD0000000247,vTransald,CLU_BIOMD0000000042,retrievable_top1_success,True,bge_m3_dense,100,False,2,1,0.5,1.0,False,True,True,True,True,True,True,True
BIOMD0000000247,vTransk1,CLU_BIOMD0000000042,empty_constrained,True,bge_m3_dense,100,False,1,1,1.0,1.0,True,True,True,True,True,True,True,True
BIOMD0000000247,vTransk2,CLU_BIOMD0000000042,empty_constrained,True,bge_m3_dense,100,False,5,1,0.2,1.0,False,True,False,True,True,True,True,True
BIOMD0000000602,R00677,CLU_BIOMD0000000602,empty_constrained,False,bge_m3_dense,100,False,,,0.0,0.0,False,False,False,False,False,False,False,False
BIOMD0000000602,R00678_Indo,CLU_BIOMD0000000602,empty_constrained,True,bge_m3_dense,100,False,,,0.0,0.0,False,False,False,False,False,False,False,False
BIOMD0000000602,R00678_Tdo,CLU_BIOMD0000000602,empty_constrained,True,bge_m3_dense,100,False,,,0.0,0.0,False,False,False,False,False,False,False,False
BIOMD0000000602,R00685,CLU_BIOMD0000000602,retrievable_top1_success,True,bge_m3_dense,100,False,2,2,0.5,0.5,False,False,True,True,True,True,True,True
BIOMD0000000602,R00987,CLU_BIOMD0000000602,retrievable_top1_success,False,bge_m3_dense,100,False,16,16,0.0,0.0,False,False,False,False,False,False,False,False
BIOMD0000000602,R00988,CLU_BIOMD0000000602,retrievable_top1_success,False,bge_m3_dense,100,False,13,13,0.0,0.0,False,False,False,False,False,False,False,False
BIOMD0000000602,R01814_Tph1,CLU_BIOMD0000000602,retrievable_top1_success,False,bge_m3_dense,100,False,17,17,0.0,0.0,False,False,False,False,False,False,False,False
BIOMD0000000602,R01814_Tph2,CLU_BIOMD0000000602,retrievable_top1_success,False,bge_m3_dense,100,False,17,17,0.0,0.0,False,False,False,False,False,False,False,False
BIOMD0000000602,R01956_Kat1,CLU_BIOMD0000000602,nonempty_answer_absent,False,bge_m3_dense,100,False,81,40,0.0,0.0,False,False,False,False,False,False,False,False
BIOMD0000000602,R01956_Kat2,CLU_BIOMD0000000602,empty_constrained,False,bge_m3_dense,100,False,4,4,0.25,0.25,False,False,False,False,True,True,True,True
BIOMD0000000602,R01956_Kat3,CLU_BIOMD0000000602,empty_constrained,False,bge_m3_dense,100,False,4,4,0.25,0.25,False,False,False,False,True,True,True,True
BIOMD0000000602,R01959,CLU_BIOMD0000000602,retrievable_top1_success,True,bge_m3_dense,100,False,2,2,0.5,0.5,False,False,True,True,True,True,True,True
BIOMD0000000602,R01960,CLU_BIOMD0000000602,empty_constrained,False,bge_m3_dense,100,False,3,3,0.3333333333333333,0.3333333333333333,False,False,True,True,True,True,True,True
BIOMD0000000602,R02173_Maoa,CLU_BIOMD0000000602,empty_constrained,True,bge_m3_dense,100,False,16,16,0.0,0.0,False,False,False,False,False,False,False,False
BIOMD0000000602,R02173_Maob,CLU_BIOMD0000000602,empty_constrained,True,bge_m3_dense,100,False,16,16,0.0,0.0,False,False,False,False,False,False,False,False
BIOMD0000000602,R02174,CLU_BIOMD0000000602,retrievable_top1_success,False,bge_m3_dense,100,False,1,1,1.0,1.0,True,True,True,True,True,True,True,True
BIOMD0000000602,R02665,CLU_BIOMD0000000602,retrievable_top1_success,False,bge_m3_dense,100,False,77,77,0.0,0.0,False,False,False,False,False,False,False,False
BIOMD0000000602,R02668,CLU_BIOMD0000000602,empty_constrained,True,bge_m3_dense,100,False,34,34,0.0,0.0,False,False,False,False,False,False,False,False
BIOMD0000000602,R02670,CLU_BIOMD0000000602,empty_constrained,True,bge_m3_dense,100,False,3,3,0.3333333333333333,0.3333333333333333,False,False,True,True,True,True,True,True
BIOMD0000000602,R02701,CLU_BIOMD0000000602,retrievable_top1_success,False,bge_m3_dense,100,False,3,3,0.3333333333333333,0.3333333333333333,False,False,True,True,True,True,True,True
BIOMD0000000602,R02702,CLU_BIOMD0000000602,retrievable_top1_success,False,bge_m3_dense,100,False,,,0.0,0.0,False,False,False,False,False,False,False,False
BIOMD0000000602,R02908_Maoa,CLU_BIOMD0000000602,empty_constrained,False,bge_m3_dense,100,False,1,1,1.0,1.0,True,True,True,True,True,True,True,True
BIOMD0000000602,R02908_Maob,CLU_BIOMD0000000602,empty_constrained,False,bge_m3_dense,100,False,1,1,1.0,1.0,True,True,True,True,True,True,True,True
BIOMD0000000602,R02909,CLU_BIOMD0000000602,retrievable_top1_success,False,bge_m3_dense,100,False,5,5,0.2,0.2,False,False,False,False,True,True,True,True
BIOMD0000000602,R02910,CLU_BIOMD0000000602,retrievable_top1_success,False,bge_m3_dense,100,False,1,1,1.0,1.0,True,True,True,True,True,True,True,True
BIOMD0000000602,R02911,CLU_BIOMD0000000602,empty_constrained,False,bge_m3_dense,100,False,1,1,1.0,1.0,True,True,True,True,True,True,True,True
BIOMD0000000602,R03005,CLU_BIOMD0000000602,retrievable_top1_success,True,bge_m3_dense,100,False,13,8,0.0,0.125,False,False,False,False,False,False,False,True
BIOMD0000000602,R03348,CLU_BIOMD0000000602,empty_constrained,True,bge_m3_dense,100,False,,,0.0,0.0,False,False,False,False,False,False,False,False
BIOMD0000000602,R03664,CLU_BIOMD0000000602,empty_constrained,True,bge_m3_dense,100,False,1,1,1.0,1.0,True,True,True,True,True,True,True,True
BIOMD0000000602,R03936,CLU_BIOMD0000000602,retrievable_top1_success,False,bge_m3_dense,100,False,14,14,0.0,0.0,False,False,False,False,False,False,False,False
BIOMD0000000602,R04171_Kat1,CLU_BIOMD0000000602,empty_constrained,False,bge_m3_dense,100,False,4,4,0.25,0.25,False,False,False,False,True,True,True,True
BIOMD0000000602,R04171_Kat2,CLU_BIOMD0000000602,nonempty_answer_absent,False,bge_m3_dense,100,False,81,40,0.0,0.0,False,False,False,False,False,False,False,False
BIOMD0000000602,R04171_Kat3,CLU_BIOMD0000000602,nonempty_answer_absent,False,bge_m3_dense,100,False,81,40,0.0,0.0,False,False,False,False,False,False,False,False
BIOMD0000000602,R04323,CLU_BIOMD0000000602,retrievable_top1_success,False,bge_m3_dense,100,False,4,4,0.25,0.25,False,False,False,False,True,True,True,True
BIOMD0000000602,R04911,CLU_BIOMD0000000602,retrievable_top1_success,False,bge_m3_dense,100,False,58,58,0.0,0.0,False,False,False,False,False,False,False,False
BIOMD0000001061,R_3HAD100,CLU_BIOMD0000001061,empty_constrained,True,bge_m3_dense,100,False,6,1,0.16666666666666666,1.0,False,True,False,True,False,True,True,True
BIOMD0000001061,R_3HAD120,CLU_BIOMD0000001061,empty_constrained,True,bge_m3_dense,100,False,1,1,1.0,1.0,True,True,True,True,True,True,True,True
BIOMD0000001061,R_3HAD140,CLU_BIOMD0000001061,empty_constrained,True,bge_m3_dense,100,False,1,1,1.0,1.0,True,True,True,True,True,True,True,True
BIOMD0000001061,R_3HAD160,CLU_BIOMD0000001061,empty_constrained,True,bge_m3_dense,100,False,1,1,1.0,1.0,True,True,True,True,True,True,True,True
BIOMD0000001061,R_3HAD180,CLU_BIOMD0000001061,empty_constrained,True,bge_m3_dense,100,False,4,2,0.25,0.5,False,False,False,True,True,True,True,True
BIOMD0000001061,R_3HAD60,CLU_BIOMD0000001061,empty_constrained,True,bge_m3_dense,100,False,1,1,1.0,1.0,True,True,True,True,True,True,True,True
BIOMD0000001061,R_3HAD80,CLU_BIOMD0000001061,empty_constrained,True,bge_m3_dense,100,False,4,1,0.25,1.0,False,True,False,True,True,True,True,True
BIOMD0000001061,R_3OAR100,CLU_BIOMD0000001061,empty_constrained,True,bge_m3_dense,100,False,1,1,1.0,1.0,True,True,True,True,True,True,True,True
BIOMD0000001061,R_3OAR120,CLU_BIOMD0000001061,empty_constrained,True,bge_m3_dense,100,False,2,1,0.5,1.0,False,True,True,True,True,True,True,True
BIOMD0000001061,R_3OAR140,CLU_BIOMD0000001061,empty_constrained,True,bge_m3_dense,100,False,3,1,0.3333333333333333,1.0,False,True,True,True,True,True,True,True
BIOMD0000001061,R_3OAR160,CLU_BIOMD0000001061,empty_constrained,True,bge_m3_dense,100,False,1,1,1.0,1.0,True,True,True,True,True,True,True,True
BIOMD0000001061,R_3OAR60,CLU_BIOMD0000001061,empty_constrained,True,bge_m3_dense,100,False,1,1,1.0,1.0,True,True,True,True,True,True,True,True
BIOMD0000001061,R_3OAR80,CLU_BIOMD0000001061,empty_constrained,True,bge_m3_dense,100,False,1,1,1.0,1.0,True,True,True,True,True,True,True,True
BIOMD0000001061,R_3OXCOAT,CLU_BIOMD0000001061,empty_constrained,True,bge_m3_dense,100,False,5,2,0.2,0.5,False,False,False,True,True,True,True,True
BIOMD0000001061,R_4HTHRS,CLU_BIOMD0000001061,empty_constrained,True,bge_m3_dense,100,False,1,1,1.0,1.0,True,True,True,True,True,True,True,True
BIOMD0000001061,R_ABTA,CLU_BIOMD0000001061,empty_constrained,True,bge_m3_dense,100,False,2,2,0.5,0.5,False,False,True,True,True,True,True,True
BIOMD0000001061,R_ACACT1r,CLU_BIOMD0000001061,retrievable_top1_success,True,bge_m3_dense,100,False,1,1,1.0,1.0,True,True,True,True,True,True,True,True
BIOMD0000001061,R_ACACT2r,CLU_BIOMD0000001061,retrievable_top1_success,True,bge_m3_dense,100,False,6,2,0.16666666666666666,0.5,False,False,False,True,False,True,True,True
BIOMD0000001061,R_ACACT4r,CLU_BIOMD0000001061,retrievable_top1_success,True,bge_m3_dense,100,False,4,1,0.25,1.0,False,True,False,True,True,True,True,True
BIOMD0000001061,R_ACACT6r,CLU_BIOMD0000001061,retrievable_top1_success,True,bge_m3_dense,100,False,94,1,0.0,1.0,False,True,False,True,False,True,False,True
BIOMD0000001061,R_ACACT7r,CLU_BIOMD0000001061,retrievable_top1_success,True,bge_m3_dense,100,False,1,1,1.0,1.0,True,True,True,True,True,True,True,True
BIOMD0000001061,R_ACBIPGT,CLU_BIOMD0000001061,empty_constrained,True,bge_m3_dense,100,False,2,1,0.5,1.0,False,True,True,True,True,True,True,True
BIOMD0000001061,R_ACCOAC,CLU_BIOMD0000001061,empty_constrained,True,bge_m3_dense,100,False,10,7,0.1,0.14285714285714285,False,False,False,False,False,False,True,True
BIOMD0000001061,R_ACGK,CLU_BIOMD0000001061,retrievable_top1_success,True,bge_m3_dense,100,False,10,10,0.1,0.1,False,False,False,False,False,False,True,True
BIOMD0000001061,R_ACGS,CLU_BIOMD0000001061,empty_constrained,True,bge_m3_dense,100,False,4,4,0.25,0.25,False,False,False,False,True,True,True,True
BIOMD0000001061,R_ACHBS,CLU_BIOMD0000001061,empty_constrained,True,bge_m3_dense,100,False,4,4,0.25,0.25,False,False,False,False,True,True,True,True
BIOMD0000001061,R_ACKr,CLU_BIOMD0000001061,retrievable_top1_success,True,bge_m3_dense,100,False,2,2,0.5,0.5,False,False,True,True,True,True,True,True
BIOMD0000001061,R_ACLS,CLU_BIOMD0000001061,empty_constrained,True,bge_m3_dense,100,False,4,4,0.25,0.25,False,False,False,False,True,True,True,True
BIOMD0000001061,R_ACOAD1f,CLU_BIOMD0000001061,retrievable_top1_success,True,bge_m3_dense,100,False,1,1,1.0,1.0,True,True,True,True,True,True,True,True
BIOMD0000001061,R_ACOAD3f,CLU_BIOMD0000001061,retrievable_top1_success,True,bge_m3_dense,100,False,3,1,0.3333333333333333,1.0,False,True,True,True,True,True,True,True
BIOMD0000001061,R_ACOAD5f,CLU_BIOMD0000001061,retrievable_top1_success,True,bge_m3_dense,100,False,12,1,0.0,1.0,False,True,False,True,False,True,False,True
BIOMD0000001061,R_ACOAD6f,CLU_BIOMD0000001061,retrievable_top1_success,True,bge_m3_dense,100,False,1,1,1.0,1.0,True,True,True,True,True,True,True,True
BIOMD0000001061,R_ACOAD7f,CLU_BIOMD0000001061,retrievable_top1_success,True,bge_m3_dense,100,False,1,1,1.0,1.0,True,True,True,True,True,True,True,True
BIOMD0000001061,R_ACOATA,CLU_BIOMD0000001061,retrievable_top1_success,True,bge_m3_dense,100,False,2,2,0.5,0.5,False,False,True,True,True,True,True,True
BIOMD0000001061,R_ACONT,CLU_BIOMD0000001061,retrievable_top1_success,True,bge_m3_dense,100,False,1,1,1.0,1.0,True,True,True,True,True,True,True,True
BIOMD0000001061,R_ACOTA,CLU_BIOMD0000001061,retrievable_top1_success,True,bge_m3_dense,100,False,2,2,0.5,0.5,False,False,True,True,True,True,True,True
BIOMD0000001061,R_ACS,CLU_BIOMD0000001061,retrievable_top1_success,True,bge_m3_dense,100,False,3,3,0.3333333333333333,0.3333333333333333,False,False,True,True,True,True,True,True
BIOMD0000001061,R_ADCL,CLU_BIOMD0000001061,empty_constrained,True,bge_m3_dense,100,False,1,1,1.0,1.0,True,True,True,True,True,True,True,True
BIOMD0000001061,R_ADCPS2,CLU_BIOMD0000001061,empty_constrained,True,bge_m3_dense,100,False,1,1,1.0,1.0,True,True,True,True,True,True,True,True
BIOMD0000001061,R_ADCS,CLU_BIOMD0000001061,retrievable_top1_success,True,bge_m3_dense,100,False,1,1,1.0,1.0,True,True,True,True,True,True,True,True
BIOMD0000001061,R_ADK1,CLU_BIOMD0000001061,retrievable_top1_success,True,bge_m3_dense,100,False,1,1,1.0,1.0,True,True,True,True,True,True,True,True
BIOMD0000001061,R_ADNK1,CLU_BIOMD0000001061,empty_constrained,True,bge_m3_dense,100,False,4,4,0.25,0.25,False,False,False,False,True,True,True,True
BIOMD0000001061,R_ADOCBLS,CLU_BIOMD0000001061,empty_constrained,True,bge_m3_dense,100,False,3,1,0.3333333333333333,1.0,False,True,True,True,True,True,True,True
BIOMD0000001061,R_ADPT,CLU_BIOMD0000001061,empty_constrained,True,bge_m3_dense,100,False,1,1,1.0,1.0,True,True,True,True,True,True,True,True
BIOMD0000001061,R_ADSL1r,CLU_BIOMD0000001061,empty_constrained,True,bge_m3_dense,100,False,1,1,1.0,1.0,True,True,True,True,True,True,True,True
BIOMD0000001061,R_ADSL2r,CLU_BIOMD0000001061,empty_constrained,True,bge_m3_dense,100,False,1,1,1.0,1.0,True,True,True,True,True,True,True,True
BIOMD0000001061,R_ADSS,CLU_BIOMD0000001061,empty_constrained,True,bge_m3_dense,100,False,1,1,1.0,1.0,True,True,True,True,True,True,True,True
BIOMD0000001061,R_AGMT,CLU_BIOMD0000001061,empty_constrained,True,bge_m3_dense,100,False,1,1,1.0,1.0,True,True,True,True,True,True,True,True
BIOMD0000001061,R_AGPR,CLU_BIOMD0000001061,empty_constrained,True,bge_m3_dense,100,False,1,1,1.0,1.0,True,True,True,True,True,True,True,True
BIOMD0000001061,R_AGTi,CLU_BIOMD0000001061,retrievable_top1_success,True,bge_m3_dense,100,False,1,1,1.0,1.0,True,True,True,True,True,True,True,True
BIOMD0000001061,R_AHCYSNS,CLU_BIOMD0000001061,empty_constrained,True,bge_m3_dense,100,False,1,1,1.0,1.0,True,True,True,True,True,True,True,True
BIOMD0000001061,R_AHSERL2,CLU_BIOMD0000001061,empty_constrained,True,bge_m3_dense,100,False,2,2,0.5,0.5,False,False,True,True,True,True,True,True
BIOMD0000001061,R_AICART,CLU_BIOMD0000001061,retrievable_top1_success,True,bge_m3_dense,100,False,1,1,1.0,1.0,True,True,True,True,True,True,True,True
BIOMD0000001061,R_AIRC3,CLU_BIOMD0000001061,empty_constrained,True,bge_m3_dense,100,False,1,1,1.0,1.0,True,True,True,True,True,True,True,True
BIOMD0000001061,R_AKGDH,CLU_BIOMD0000001061,empty_constrained,True,bge_m3_dense,100,False,1,1,1.0,1.0,True,True,True,True,True,True,True,True
BIOMD0000001061,R_ALAALAr,CLU_BIOMD0000001061,empty_constrained,True,bge_m3_dense,100,False,1,1,1.0,1.0,True,True,True,True,True,True,True,True
BIOMD0000001061,R_ALAR,CLU_BIOMD0000001061,retrievable_top1_success,True,bge_m3_dense,100,False,1,1,1.0,1.0,True,True,True,True,True,True,True,True
BIOMD0000001061,R_ALATA_D2,CLU_BIOMD0000001061,empty_constrained,True,bge_m3_dense,100,False,8,8,0.125,0.125,False,False,False,False,False,False,True,True
BIOMD0000001061,R_ALATA_L,CLU_BIOMD0000001061,retrievable_top1_success,True,bge_m3_dense,100,False,1,1,1.0,1.0,True,True,True,True,True,True,True,True
BIOMD0000001061,R_ALCD19,CLU_BIOMD0000001061,empty_constrained,True,bge_m3_dense,100,False,3,3,0.3333333333333333,0.3333333333333333,False,False,True,True,True,True,True,True
BIOMD0000001061,R_ALCD2x,CLU_BIOMD0000001061,empty_constrained,True,bge_m3_dense,100,False,1,1,1.0,1.0,True,True,True,True,True,True,True,True
BIOMD0000001061,R_ALDD2y,CLU_BIOMD0000001061,empty_constrained,True,bge_m3_dense,100,False,2,1,0.5,1.0,False,True,True,True,True,True,True,True
BIOMD0000001061,R_AMAOTr,CLU_BIOMD0000001061,retrievable_top1_success,True,bge_m3_dense,100,False,1,1,1.0,1.0,True,True,True,True,True,True,True,True
BIOMD0000001061,R_AMO,CLU_BIOMD0000001061,empty_constrained,True,bge_m3_dense,100,False,69,22,0.0,0.0,False,False,False,False,False,False,False,False
BIOMD0000001061,R_AMPTASECG,CLU_BIOMD0000001061,empty_constrained,True,bge_m3_dense,100,False,1,1,1.0,1.0,True,True,True,True,True,True,True,True
BIOMD0000001061,R_ANPRT,CLU_BIOMD0000001061,empty_constrained,True,bge_m3_dense,100,False,1,1,1.0,1.0,True,True,True,True,True,True,True,True
BIOMD0000001061,R_ANS,CLU_BIOMD0000001061,empty_constrained,True,bge_m3_dense,100,False,1,1,1.0,1.0,True,True,True,True,True,True,True,True
BIOMD0000001061,R_ANS2,CLU_BIOMD0000001061,empty_constrained,True,bge_m3_dense,100,False,2,2,0.5,0.5,False,False,True,True,True,True,True,True
BIOMD0000001061,R_AOXSr,CLU_BIOMD0000001061,empty_constrained,True,bge_m3_dense,100,False,1,1,1.0,1.0,True,True,True,True,True,True,True,True
BIOMD0000001061,R_AOXSr2,CLU_BIOMD0000001061,retrievable_top1_success,True,bge_m3_dense,100,False,1,1,1.0,1.0,True,True,True,True,True,True,True,True
BIOMD0000001061,R_AP4AH,CLU_BIOMD0000001061,empty_constrained,True,bge_m3_dense,100,False,2,2,0.5,0.5,False,False,True,True,True,True,True,True
BIOMD0000001061,R_AP5AH,CLU_BIOMD0000001061,empty_constrained,True,bge_m3_dense,100,False,25,25,0.0,0.0,False,False,False,False,False,False,False,False
BIOMD0000001061,R_APRAUR,CLU_BIOMD0000001061,empty_constrained,True,bge_m3_dense,100,False,1,1,1.0,1.0,True,True,True,True,True,True,True,True
BIOMD0000001061,R_APSR,CLU_BIOMD0000001061,empty_constrained,True,bge_m3_dense,100,False,1,1,1.0,1.0,True,True,True,True,True,True,True,True
BIOMD0000001061,R_ARGSL,CLU_BIOMD0000001061,empty_constrained,True,bge_m3_dense,100,False,1,1,1.0,1.0,True,True,True,True,True,True,True,True
BIOMD0000001061,R_ARGSS,CLU_BIOMD0000001061,empty_constrained,True,bge_m3_dense,100,False,1,1,1.0,1.0,True,True,True,True,True,True,True,True
BIOMD0000001061,R_ASAD,CLU_BIOMD0000001061,empty_constrained,True,bge_m3_dense,100,False,4,4,0.25,0.25,False,False,False,False,True,True,True,True
BIOMD0000001061,R_ASNS1,CLU_BIOMD0000001061,empty_constrained,True,bge_m3_dense,100,False,1,1,1.0,1.0,True,True,True,True,True,True,True,True
BIOMD0000001061,R_ASP1DC,CLU_BIOMD0000001061,empty_constrained,True,bge_m3_dense,100,False,1,1,1.0,1.0,True,True,True,True,True,True,True,True
BIOMD0000001061,R_ASPCT,CLU_BIOMD0000001061,empty_constrained,True,bge_m3_dense,100,False,1,1,1.0,1.0,True,True,True,True,True,True,True,True
BIOMD0000001061,R_ASPK,CLU_BIOMD0000001061,retrievable_top1_success,True,bge_m3_dense,100,False,2,2,0.5,0.5,False,False,True,True,True,True,True,True
BIOMD0000001061,R_ASPO2,CLU_BIOMD0000001061,empty_constrained,False,bge_m3_dense,100,False,1,1,1.0,1.0,True,True,True,True,True,True,True,True
BIOMD0000001061,R_ASPO2y,CLU_BIOMD0000001061,empty_constrained,False,bge_m3_dense,100,False,6,4,0.16666666666666666,0.25,False,False,False,False,False,True,True,True
BIOMD0000001061,R_ASPO6,CLU_BIOMD0000001061,empty_constrained,True,bge_m3_dense,100,False,5,1,0.2,1.0,False,True,False,True,True,True,True,True
BIOMD0000001061,R_ASPT,CLU_BIOMD0000001061,empty_constrained,True,bge_m3_dense,100,False,1,1,1.0,1.0,True,True,True,True,True,True,True,True
BIOMD0000001061,R_ASPTA,CLU_BIOMD0000001061,retrievable_top1_success,True,bge_m3_dense,100,False,1,1,1.0,1.0,True,True,True,True,True,True,True,True
BIOMD0000001061,R_ASPTRS,CLU_BIOMD0000001061,empty_constrained,True,bge_m3_dense,100,False,1,1,1.0,1.0,True,True,True,True,True,True,True,True
BIOMD0000001061,R_ATPM,CLU_BIOMD0000001061,empty_constrained,True,bge_m3_dense,100,False,2,2,0.5,0.5,False,False,True,True,True,True,True,True
BIOMD0000001061,R_ATPPRT,CLU_BIOMD0000001061,empty_constrained,True,bge_m3_dense,100,False,47,47,0.0,0.0,False,False,False,False,False,False,False,False
BIOMD0000001061,R_CAT,CLU_BIOMD0000001061,empty_constrained,True,bge_m3_dense,100,False,1,1,1.0,1.0,True,True,True,True,True,True,True,True
BIOMD0000001061,R_CBLAT,CLU_BIOMD0000001061,empty_constrained,True,bge_m3_dense,100,False,1,1,1.0,1.0,True,True,True,True,True,True,True,True
BIOMD0000001061,R_CBPS,CLU_BIOMD0000001061,empty_constrained,True,bge_m3_dense,100,False,1,1,1.0,1.0,True,True,True,True,True,True,True,True
BIOMD0000001061,R_CDPMEK,CLU_BIOMD0000001061,empty_constrained,True,bge_m3_dense,100,False,1,1,1.0,1.0,True,True,True,True,True,True,True,True
BIOMD0000001061,R_CHORM,CLU_BIOMD0000001061,retrievable_top1_success,True,bge_m3_dense,100,False,1,1,1.0,1.0,True,True,True,True,True,True,True,True
BIOMD0000001061,R_CHORS,CLU_BIOMD0000001061,retrievable_top1_success,True,bge_m3_dense,100,False,1,1,1.0,1.0,True,True,True,True,True,True,True,True
BIOMD0000001061,R_CITL,CLU_BIOMD0000001061,retrievable_top1_success,True,bge_m3_dense,100,False,1,1,1.0,1.0,True,True,True,True,True,True,True,True
BIOMD0000001061,R_CPC3MT,CLU_BIOMD0000001061,retrievable_top1_success,True,bge_m3_dense,100,False,1,1,1.0,1.0,True,True,True,True,True,True,True,True
BIOMD0000001061,R_CPC5MT,CLU_BIOMD0000001061,empty_constrained,False,bge_m3_dense,100,False,2,2,0.5,0.5,False,False,True,True,True,True,True,True
BIOMD0000001061,R_CPC6MT,CLU_BIOMD0000001061,empty_constrained,False,bge_m3_dense,100,False,1,1,1.0,1.0,True,True,True,True,True,True,True,True
BIOMD0000001061,R_CPC8MM,CLU_BIOMD0000001061,retrievable_top1_success,True,bge_m3_dense,100,False,1,1,1.0,1.0,True,True,True,True,True,True,True,True
BIOMD0000001061,R_CPPPGO,CLU_BIOMD0000001061,empty_constrained,True,bge_m3_dense,100,False,1,1,1.0,1.0,True,True,True,True,True,True,True,True
BIOMD0000001061,R_CPPPGO2,CLU_BIOMD0000001061,empty_constrained,True,bge_m3_dense,100,False,1,1,1.0,1.0,True,True,True,True,True,True,True,True
BIOMD0000001061,R_CS,CLU_BIOMD0000001061,empty_constrained,True,bge_m3_dense,100,False,9,9,0.1111111111111111,0.1111111111111111,False,False,False,False,False,False,True,True
BIOMD0000001061,R_CTPS1,CLU_BIOMD0000001061,empty_constrained,True,bge_m3_dense,100,False,1,1,1.0,1.0,True,True,True,True,True,True,True,True
BIOMD0000001061,R_CTPS2,CLU_BIOMD0000001061,empty_constrained,True,bge_m3_dense,100,False,1,1,1.0,1.0,True,True,True,True,True,True,True,True
BIOMD0000001061,R_CYSDS,CLU_BIOMD0000001061,empty_constrained,True,bge_m3_dense,100,False,1,1,1.0,1.0,True,True,True,True,True,True,True,True
BIOMD0000001061,R_CYSS,CLU_BIOMD0000001061,empty_constrained,True,bge_m3_dense,100,False,1,1,1.0,1.0,True,True,True,True,True,True,True,True
BIOMD0000001061,R_CYSSADS,CLU_BIOMD0000001061,empty_constrained,True,bge_m3_dense,100,False,4,4,0.25,0.25,False,False,False,False,True,True,True,True
BIOMD0000001061,R_CYSTGL,CLU_BIOMD0000001061,empty_constrained,True,bge_m3_dense,100,False,1,1,1.0,1.0,True,True,True,True,True,True,True,True
BIOMD0000001061,R_CYSTL,CLU_BIOMD0000001061,empty_constrained,True,bge_m3_dense,100,False,1,1,1.0,1.0,True,True,True,True,True,True,True,True
BIOMD0000001061,R_CYSTRS,CLU_BIOMD0000001061,empty_constrained,True,bge_m3_dense,100,False,1,1,1.0,1.0,True,True,True,True,True,True,True,True
BIOMD0000001061,R_CYSTS,CLU_BIOMD0000001061,empty_constrained,True,bge_m3_dense,100,False,1,1,1.0,1.0,True,True,True,True,True,True,True,True
BIOMD0000001061,R_CYTK1,CLU_BIOMD0000001061,retrievable_top1_success,True,bge_m3_dense,100,False,1,1,1.0,1.0,True,True,True,True,True,True,True,True
BIOMD0000001061,R_CYTK2,CLU_BIOMD0000001061,retrievable_top1_success,True,bge_m3_dense,100,False,4,2,0.25,0.5,False,False,False,True,True,True,True,True
BIOMD0000001061,R_DADK,CLU_BIOMD0000001061,retrievable_top1_success,True,bge_m3_dense,100,False,1,1,1.0,1.0,True,True,True,True,True,True,True,True
BIOMD0000001061,R_DAPDC,CLU_BIOMD0000001061,empty_constrained,True,bge_m3_dense,100,False,1,1,1.0,1.0,True,True,True,True,True,True,True,True
BIOMD0000001061,R_DAPE,CLU_BIOMD0000001061,retrievable_top1_success,True,bge_m3_dense,100,False,1,1,1.0,1.0,True,True,True,True,True,True,True,True
BIOMD0000001061,R_DB4PS,CLU_BIOMD0000001061,empty_constrained,True,bge_m3_dense,100,False,1,1,1.0,1.0,True,True,True,True,True,True,True,True
BIOMD0000001061,R_DBTS,CLU_BIOMD0000001061,empty_constrained,True,bge_m3_dense,100,False,6,6,0.16666666666666666,0.16666666666666666,False,False,False,False,False,False,True,True
BIOMD0000001061,R_DDPA,CLU_BIOMD0000001061,empty_constrained,True,bge_m3_dense,100,False,1,1,1.0,1.0,True,True,True,True,True,True,True,True
BIOMD0000001061,R_DGK1,CLU_BIOMD0000001061,retrievable_top1_success,True,bge_m3_dense,100,False,1,1,1.0,1.0,True,True,True,True,True,True,True,True
BIOMD0000001061,R_DHAD1,CLU_BIOMD0000001061,empty_constrained,True,bge_m3_dense,100,False,1,1,1.0,1.0,True,True,True,True,True,True,True,True
BIOMD0000001061,R_DHAD2,CLU_BIOMD0000001061,empty_constrained,True,bge_m3_dense,100,False,1,1,1.0,1.0,True,True,True,True,True,True,True,True
BIOMD0000001061,R_DHFR,CLU_BIOMD0000001061,empty_constrained,True,bge_m3_dense,100,False,11,5,0.0,0.2,False,False,False,False,False,True,False,True
BIOMD0000001061,R_DHFS,CLU_BIOMD0000001061,empty_constrained,True,bge_m3_dense,100,False,1,1,1.0,1.0,True,True,True,True,True,True,True,True
BIOMD0000001061,R_DHNPA2r,CLU_BIOMD0000001061,retrievable_top1_success,True,bge_m3_dense,100,False,2,2,0.5,0.5,False,False,True,True,True,True,True,True
BIOMD0000001061,R_DHORTS,CLU_BIOMD0000001061,empty_constrained,True,bge_m3_dense,100,False,1,1,1.0,1.0,True,True,True,True,True,True,True,True
BIOMD0000001061,R_DHPPDA2,CLU_BIOMD0000001061,empty_constrained,True,bge_m3_dense,100,False,,,0.0,0.0,False,False,False,False,False,False,False,False
BIOMD0000001061,R_DHPS2,CLU_BIOMD0000001061,retrievable_top1_success,True,bge_m3_dense,100,False,1,1,1.0,1.0,True,True,True,True,True,True,True,True
BIOMD0000001061,R_DHQS,CLU_BIOMD0000001061,empty_constrained,True,bge_m3_dense,100,False,1,1,1.0,1.0,True,True,True,True,True,True,True,True
BIOMD0000001061,R_DHQTi,CLU_BIOMD0000001061,empty_constrained,True,bge_m3_dense,100,False,1,1,1.0,1.0,True,True,True,True,True,True,True,True
BIOMD0000001061,R_DMATT,CLU_BIOMD0000001061,retrievable_top1_success,True,bge_m3_dense,100,False,1,1,1.0,1.0,True,True,True,True,True,True,True,True
BIOMD0000001061,R_DNMPPA,CLU_BIOMD0000001061,empty_constrained,True,bge_m3_dense,100,False,1,1,1.0,1.0,True,True,True,True,True,True,True,True
BIOMD0000001061,R_DNTPPA,CLU_BIOMD0000001061,empty_constrained,True,bge_m3_dense,100,False,23,23,0.0,0.0,False,False,False,False,False,False,False,False
BIOMD0000001061,R_DPCOAK,CLU_BIOMD0000001061,empty_constrained,True,bge_m3_dense,100,False,8,8,0.125,0.125,False,False,False,False,False,False,True,True
BIOMD0000001061,R_DPR,CLU_BIOMD0000001061,empty_constrained,True,bge_m3_dense,100,False,31,31,0.0,0.0,False,False,False,False,False,False,False,False
BIOMD0000001061,R_DTMPK,CLU_BIOMD0000001061,retrievable_top1_success,True,bge_m3_dense,100,False,5,5,0.2,0.2,False,False,False,False,True,True,True,True
BIOMD0000001061,R_DUTPDP,CLU_BIOMD0000001061,empty_constrained,True,bge_m3_dense,100,False,1,1,1.0,1.0,True,True,True,True,True,True,True,True
BIOMD0000001061,R_DXPRIi,CLU_BIOMD0000001061,empty_constrained,True,bge_m3_dense,100,False,4,4,0.25,0.25,False,False,False,False,True,True,True,True
BIOMD0000001061,R_DXPS,CLU_BIOMD0000001061,empty_constrained,True,bge_m3_dense,100,False,2,2,0.5,0.5,False,False,True,True,True,True,True,True
BIOMD0000001061,R_E4PD,CLU_BIOMD0000001061,empty_constrained,True,bge_m3_dense,100,False,1,1,1.0,1.0,True,True,True,True,True,True,True,True
BIOMD0000001061,R_EGMEACPR,CLU_BIOMD0000001061,empty_constrained,True,bge_m3_dense,100,False,14,7,0.0,0.14285714285714285,False,False,False,False,False,False,False,True
BIOMD0000001061,R_ENO,CLU_BIOMD0000001061,empty_constrained,True,bge_m3_dense,100,False,3,3,0.3333333333333333,0.3333333333333333,False,False,True,True,True,True,True,True
BIOMD0000001061,R_EPMEACPR,CLU_BIOMD0000001061,empty_constrained,True,bge_m3_dense,100,False,1,1,1.0,1.0,True,True,True,True,True,True,True,True
BIOMD0000001061,R_FACOAL160,CLU_BIOMD0000001061,retrievable_rerank_failure,True,bge_m3_dense,100,False,3,3,0.3333333333333333,0.3333333333333333,False,False,True,True,True,True,True,True
BIOMD0000001061,R_FADRx2,CLU_BIOMD0000001061,empty_constrained,True,bge_m3_dense,100,False,,10,0.0,0.1,False,False,False,False,False,False,False,True
BIOMD0000001061,R_FALDH2,CLU_BIOMD0000001061,empty_constrained,True,bge_m3_dense,100,False,29,29,0.0,0.0,False,False,False,False,False,False,False,False
BIOMD0000001061,R_FBA,CLU_BIOMD0000001061,retrievable_top1_success,True,bge_m3_dense,100,False,1,1,1.0,1.0,True,True,True,True,True,True,True,True
BIOMD0000001061,R_FBA2,CLU_BIOMD0000001061,retrievable_top1_success,True,bge_m3_dense,100,False,1,1,1.0,1.0,True,True,True,True,True,True,True,True
BIOMD0000001061,R_FBA3,CLU_BIOMD0000001061,retrievable_top1_success,True,bge_m3_dense,100,False,1,1,1.0,1.0,True,True,True,True,True,True,True,True
BIOMD0000001061,R_FCLT,CLU_BIOMD0000001061,retrievable_top1_success,True,bge_m3_dense,100,False,1,1,1.0,1.0,True,True,True,True,True,True,True,True
BIOMD0000001061,R_FEROpp,CLU_BIOMD0000001061,empty_constrained,True,bge_m3_dense,100,False,4,4,0.25,0.25,False,False,False,False,True,True,True,True
BIOMD0000001061,R_FLVR,CLU_BIOMD0000001061,empty_constrained,True,bge_m3_dense,100,False,4,2,0.25,0.5,False,False,False,True,True,True,True,True
BIOMD0000001061,R_FMETTRS,CLU_BIOMD0000001061,empty_constrained,True,bge_m3_dense,100,False,1,1,1.0,1.0,True,True,True,True,True,True,True,True
BIOMD0000001061,R_FMNAT,CLU_BIOMD0000001061,empty_constrained,True,bge_m3_dense,100,False,2,2,0.5,0.5,False,False,True,True,True,True,True,True
BIOMD0000001061,R_FMNRx2,CLU_BIOMD0000001061,empty_constrained,True,bge_m3_dense,100,False,2,1,0.5,1.0,False,True,True,True,True,True,True,True
BIOMD0000001061,R_FOLR2,CLU_BIOMD0000001061,empty_constrained,True,bge_m3_dense,100,False,4,3,0.25,0.3333333333333333,False,False,False,True,True,True,True,True
BIOMD0000001061,R_FRTT,CLU_BIOMD0000001061,empty_constrained,True,bge_m3_dense,100,False,21,3,0.0,0.3333333333333333,False,False,False,True,False,True,False,True
BIOMD0000001061,R_FTHFLi,CLU_BIOMD0000001061,retrievable_top1_success,True,bge_m3_dense,100,False,5,5,0.2,0.2,False,False,False,False,True,True,True,True
BIOMD0000001061,R_FUM,CLU_BIOMD0000001061,empty_constrained,True,bge_m3_dense,100,False,1,1,1.0,1.0,True,True,True,True,True,True,True,True
BIOMD0000001061,R_G1PTT,CLU_BIOMD0000001061,empty_constrained,True,bge_m3_dense,100,False,2,2,0.5,0.5,False,False,True,True,True,True,True,True
BIOMD0000001061,R_G1SAT,CLU_BIOMD0000001061,empty_constrained,True,bge_m3_dense,100,False,,,0.0,0.0,False,False,False,False,False,False,False,False
BIOMD0000001061,R_G2PP,CLU_BIOMD0000001061,empty_constrained,True,bge_m3_dense,100,False,7,7,0.14285714285714285,0.14285714285714285,False,False,False,False,False,False,True,True
BIOMD0000001061,R_G3PCT,CLU_BIOMD0000001061,empty_constrained,True,bge_m3_dense,100,False,2,2,0.5,0.5,False,False,True,True,True,True,True,True
BIOMD0000001061,R_G3PD2,CLU_BIOMD0000001061,empty_constrained,True,bge_m3_dense,100,False,26,26,0.0,0.0,False,False,False,False,False,False,False,False
BIOMD0000001061,R_G5SADs,CLU_BIOMD0000001061,empty_constrained,True,bge_m3_dense,100,False,1,1,1.0,1.0,True,True,True,True,True,True,True,True
BIOMD0000001061,R_G5SD,CLU_BIOMD0000001061,empty_constrained,True,bge_m3_dense,100,False,1,1,1.0,1.0,True,True,True,True,True,True,True,True
BIOMD0000001061,R_G6PDH2r,CLU_BIOMD0000001061,empty_constrained,True,bge_m3_dense,100,False,9,9,0.1111111111111111,0.1111111111111111,False,False,False,False,False,False,True,True
BIOMD0000001061,R_GAPD,CLU_BIOMD0000001061,empty_constrained,True,bge_m3_dense,100,False,60,28,0.0,0.0,False,False,False,False,False,False,False,False
BIOMD0000001061,R_GARFT,CLU_BIOMD0000001061,empty_constrained,True,bge_m3_dense,100,False,1,1,1.0,1.0,True,True,True,True,True,True,True,True
BIOMD0000001061,R_GCALDD,CLU_BIOMD0000001061,empty_constrained,True,bge_m3_dense,100,False,13,13,0.0,0.0,False,False,False,False,False,False,False,False
BIOMD0000001061,R_GCCa,CLU_BIOMD0000001061,empty_constrained,True,bge_m3_dense,100,False,1,1,1.0,1.0,True,True,True,True,True,True,True,True
BIOMD0000001061,R_GCCb,CLU_BIOMD0000001061,empty_constrained,True,bge_m3_dense,100,False,1,1,1.0,1.0,True,True,True,True,True,True,True,True
BIOMD0000001061,R_GCCc,CLU_BIOMD0000001061,empty_constrained,True,bge_m3_dense,100,False,4,4,0.25,0.25,False,False,False,False,True,True,True,True
BIOMD0000001061,R_GHMT2r,CLU_BIOMD0000001061,empty_constrained,True,bge_m3_dense,100,False,1,1,1.0,1.0,True,True,True,True,True,True,True,True
BIOMD0000001061,R_GK1,CLU_BIOMD0000001061,retrievable_top1_success,True,bge_m3_dense,100,False,1,1,1.0,1.0,True,True,True,True,True,True,True,True
BIOMD0000001061,R_GLGC,CLU_BIOMD0000001061,empty_constrained,True,bge_m3_dense,100,False,,,0.0,0.0,False,False,False,False,False,False,False,False
BIOMD0000001061,R_GLNS,CLU_BIOMD0000001061,empty_constrained,True,bge_m3_dense,100,False,3,3,0.3333333333333333,0.3333333333333333,False,False,True,True,True,True,True,True
BIOMD0000001061,R_GLNTRS,CLU_BIOMD0000001061,empty_constrained,True,bge_m3_dense,100,False,1,1,1.0,1.0,True,True,True,True,True,True,True,True
BIOMD0000001061,R_GLU5K,CLU_BIOMD0000001061,retrievable_top1_success,True,bge_m3_dense,100,False,9,9,0.1111111111111111,0.1111111111111111,False,False,False,False,False,False,True,True
BIOMD0000001061,R_GLUDy,CLU_BIOMD0000001061,empty_constrained,True,bge_m3_dense,100,False,3,1,0.3333333333333333,1.0,False,True,True,True,True,True,True,True
BIOMD0000001061,R_GLUPRT,CLU_BIOMD0000001061,empty_constrained,True,bge_m3_dense,100,False,,,0.0,0.0,False,False,False,False,False,False,False,False
BIOMD0000001061,R_GLUR,CLU_BIOMD0000001061,empty_constrained,True,bge_m3_dense,100,False,2,2,0.5,0.5,False,False,True,True,True,True,True,True
BIOMD0000001061,R_GLUSy,CLU_BIOMD0000001061,empty_constrained,True,bge_m3_dense,100,False,39,1,0.0,1.0,False,True,False,True,False,True,False,True
BIOMD0000001061,R_GLUTRR,CLU_BIOMD0000001061,empty_constrained,True,bge_m3_dense,100,False,1,1,1.0,1.0,True,True,True,True,True,True,True,True
BIOMD0000001061,R_GLUTRS,CLU_BIOMD0000001061,empty_constrained,True,bge_m3_dense,100,False,9,9,0.1111111111111111,0.1111111111111111,False,False,False,False,False,False,True,True
BIOMD0000001061,R_GLYCL,CLU_BIOMD0000001061,empty_constrained,True,bge_m3_dense,100,False,1,1,1.0,1.0,True,True,True,True,True,True,True,True
BIOMD0000001061,R_GLYCTO1,CLU_BIOMD0000001061,retrievable_top1_success,True,bge_m3_dense,100,False,1,1,1.0,1.0,True,True,True,True,True,True,True,True
BIOMD0000001061,R_GLYK,CLU_BIOMD0000001061,empty_constrained,True,bge_m3_dense,100,False,7,7,0.14285714285714285,0.14285714285714285,False,False,False,False,False,False,True,True
BIOMD0000001061,R_GLYOX,CLU_BIOMD0000001061,empty_constrained,True,bge_m3_dense,100,False,3,3,0.3333333333333333,0.3333333333333333,False,False,True,True,True,True,True,True
BIOMD0000001061,R_GLYOX_1,CLU_BIOMD0000001061,retrievable_top1_success,True,bge_m3_dense,100,False,1,1,1.0,1.0,True,True,True,True,True,True,True,True
BIOMD0000001061,R_GLYTRS,CLU_BIOMD0000001061,retrievable_top1_success,True,bge_m3_dense,100,False,1,1,1.0,1.0,True,True,True,True,True,True,True,True
BIOMD0000001061,R_GMPS,CLU_BIOMD0000001061,empty_constrained,True,bge_m3_dense,100,False,1,1,1.0,1.0,True,True,True,True,True,True,True,True
BIOMD0000001061,R_GMPS2,CLU_BIOMD0000001061,empty_constrained,True,bge_m3_dense,100,False,18,1,0.0,1.0,False,True,False,True,False,True,False,True
BIOMD0000001061,R_GND,CLU_BIOMD0000001061,empty_constrained,True,bge_m3_dense,100,False,1,1,1.0,1.0,True,True,True,True,True,True,True,True
BIOMD0000001061,R_GRTT,CLU_BIOMD0000001061,empty_constrained,True,bge_m3_dense,100,False,4,1,0.25,1.0,False,True,False,True,True,True,True,True
BIOMD0000001061,R_GTHPi,CLU_BIOMD0000001061,empty_constrained,True,bge_m3_dense,100,False,2,2,0.5,0.5,False,False,True,True,True,True,True,True
BIOMD0000001061,R_GTHS,CLU_BIOMD0000001061,empty_constrained,True,bge_m3_dense,100,False,1,1,1.0,1.0,True,True,True,True,True,True,True,True
BIOMD0000001061,R_GTPCI,CLU_BIOMD0000001061,empty_constrained,True,bge_m3_dense,100,False,4,4,0.25,0.25,False,False,False,False,True,True,True,True
BIOMD0000001061,R_GTPDPK,CLU_BIOMD0000001061,empty_constrained,True,bge_m3_dense,100,False,4,4,0.25,0.25,False,False,False,False,True,True,True,True
BIOMD0000001061,R_HBZOPT,CLU_BIOMD0000001061,empty_constrained,True,bge_m3_dense,100,False,1,1,1.0,1.0,True,True,True,True,True,True,True,True
BIOMD0000001061,R_HCO3E,CLU_BIOMD0000001061,empty_constrained,True,bge_m3_dense,100,False,3,3,0.3333333333333333,0.3333333333333333,False,False,True,True,True,True,True,True
BIOMD0000001061,R_HISTD,CLU_BIOMD0000001061,empty_constrained,True,bge_m3_dense,100,False,1,1,1.0,1.0,True,True,True,True,True,True,True,True
BIOMD0000001061,R_HISTP,CLU_BIOMD0000001061,empty_constrained,True,bge_m3_dense,100,False,1,1,1.0,1.0,True,True,True,True,True,True,True,True
BIOMD0000001061,R_HISTRS,CLU_BIOMD0000001061,empty_constrained,True,bge_m3_dense,100,False,1,1,1.0,1.0,True,True,True,True,True,True,True,True
BIOMD0000001061,R_HMBS,CLU_BIOMD0000001061,empty_constrained,True,bge_m3_dense,100,False,1,1,1.0,1.0,True,True,True,True,True,True,True,True
BIOMD0000001061,R_HPPK2,CLU_BIOMD0000001061,empty_constrained,True,bge_m3_dense,100,False,1,1,1.0,1.0,True,True,True,True,True,True,True,True
BIOMD0000001061,R_HSDy,CLU_BIOMD0000001061,empty_constrained,True,bge_m3_dense,100,False,2,1,0.5,1.0,False,True,True,True,True,True,True,True
BIOMD0000001061,R_HSERTA,CLU_BIOMD0000001061,retrievable_top1_success,True,bge_m3_dense,100,False,1,1,1.0,1.0,True,True,True,True,True,True,True,True
BIOMD0000001061,R_HSK,CLU_BIOMD0000001061,empty_constrained,True,bge_m3_dense,100,False,1,1,1.0,1.0,True,True,True,True,True,True,True,True
BIOMD0000001061,R_HSTPT,CLU_BIOMD0000001061,empty_constrained,True,bge_m3_dense,100,False,2,2,0.5,0.5,False,False,True,True,True,True,True,True
BIOMD0000001061,R_ICDHyr,CLU_BIOMD0000001061,empty_constrained,True,bge_m3_dense,100,False,1,1,1.0,1.0,True,True,True,True,True,True,True,True
BIOMD0000001061,R_IG3PS,CLU_BIOMD0000001061,empty_constrained,True,bge_m3_dense,100,False,22,1,0.0,1.0,False,True,False,True,False,True,False,True
BIOMD0000001061,R_IGPDH,CLU_BIOMD0000001061,empty_constrained,True,bge_m3_dense,100,False,1,1,1.0,1.0,True,True,True,True,True,True,True,True
BIOMD0000001061,R_IGPS,CLU_BIOMD0000001061,empty_constrained,True,bge_m3_dense,100,False,4,4,0.25,0.25,False,False,False,False,True,True,True,True
BIOMD0000001061,R_ILETA,CLU_BIOMD0000001061,retrievable_top1_success,True,bge_m3_dense,100,False,5,2,0.2,0.5,False,False,False,True,True,True,True,True
BIOMD0000001061,R_ILETRS,CLU_BIOMD0000001061,empty_constrained,True,bge_m3_dense,100,False,1,1,1.0,1.0,True,True,True,True,True,True,True,True
BIOMD0000001061,R_IMPC,CLU_BIOMD0000001061,empty_constrained,True,bge_m3_dense,100,False,2,2,0.5,0.5,False,False,True,True,True,True,True,True
BIOMD0000001061,R_IMPD,CLU_BIOMD0000001061,empty_constrained,True,bge_m3_dense,100,False,37,37,0.0,0.0,False,False,False,False,False,False,False,False
BIOMD0000001061,R_IPMD,CLU_BIOMD0000001061,empty_constrained,True,bge_m3_dense,100,False,,44,0.0,0.0,False,False,False,False,False,False,False,False
BIOMD0000001061,R_IPPMIa,CLU_BIOMD0000001061,empty_constrained,True,bge_m3_dense,100,False,,,0.0,0.0,False,False,False,False,False,False,False,False
BIOMD0000001061,R_IPPMIb,CLU_BIOMD0000001061,empty_constrained,True,bge_m3_dense,100,False,3,1,0.3333333333333333,1.0,False,True,True,True,True,True,True,True
BIOMD0000001061,R_IPPS,CLU_BIOMD0000001061,empty_constrained,True,bge_m3_dense,100,False,39,39,0.0,0.0,False,False,False,False,False,False,False,False
BIOMD0000001061,R_KARA1,CLU_BIOMD0000001061,empty_constrained,True,bge_m3_dense,100,False,3,3,0.3333333333333333,0.3333333333333333,False,False,True,True,True,True,True,True
BIOMD0000001061,R_KAS14,CLU_BIOMD0000001061,empty_constrained,True,bge_m3_dense,100,False,2,2,0.5,0.5,False,False,True,True,True,True,True,True
BIOMD0000001061,R_KAS15,CLU_BIOMD0000001061,empty_constrained,True,bge_m3_dense,100,False,8,8,0.125,0.125,False,False,False,False,False,False,True,True
BIOMD0000001061,R_LCARS,CLU_BIOMD0000001061,empty_constrained,True,bge_m3_dense,100,False,10,10,0.1,0.1,False,False,False,False,False,False,True,True
BIOMD0000001061,R_LDH_D,CLU_BIOMD0000001061,empty_constrained,True,bge_m3_dense,100,False,25,25,0.0,0.0,False,False,False,False,False,False,False,False
BIOMD0000001061,R_LEUTAi,CLU_BIOMD0000001061,empty_constrained,True,bge_m3_dense,100,False,1,1,1.0,1.0,True,True,True,True,True,True,True,True
BIOMD0000001061,R_LEUTRS,CLU_BIOMD0000001061,empty_constrained,True,bge_m3_dense,100,False,1,1,1.0,1.0,True,True,True,True,True,True,True,True
BIOMD0000001061,R_LYSTRS,CLU_BIOMD0000001061,empty_constrained,True,bge_m3_dense,100,False,2,2,0.5,0.5,False,False,True,True,True,True,True,True
BIOMD0000001061,R_MAN1PT2,CLU_BIOMD0000001061,empty_constrained,True,bge_m3_dense,100,False,24,24,0.0,0.0,False,False,False,False,False,False,False,False
BIOMD0000001061,R_MAN6PI,CLU_BIOMD0000001061,retrievable_top1_success,True,bge_m3_dense,100,False,2,1,0.5,1.0,False,True,True,True,True,True,True,True
BIOMD0000001061,R_MCOATA,CLU_BIOMD0000001061,retrievable_top1_success,True,bge_m3_dense,100,False,1,1,1.0,1.0,True,True,True,True,True,True,True,True
BIOMD0000001061,R_MDH,CLU_BIOMD0000001061,empty_constrained,True,bge_m3_dense,100,False,1,1,1.0,1.0,True,True,True,True,True,True,True,True
BIOMD0000001061,R_ME1,CLU_BIOMD0000001061,empty_constrained,True,bge_m3_dense,100,False,2,2,0.5,0.5,False,False,True,True,True,True,True,True
BIOMD0000001061,R_MECDPS,CLU_BIOMD0000001061,retrievable_top1_success,True,bge_m3_dense,100,False,1,1,1.0,1.0,True,True,True,True,True,True,True,True
BIOMD0000001061,R_MEPCT,CLU_BIOMD0000001061,empty_constrained,True,bge_m3_dense,100,False,1,1,1.0,1.0,True,True,True,True,True,True,True,True
BIOMD0000001061,R_METAT,CLU_BIOMD0000001061,empty_constrained,True,bge_m3_dense,100,False,3,1,0.3333333333333333,1.0,False,True,True,True,True,True,True,True
BIOMD0000001061,R_METS,CLU_BIOMD0000001061,empty_constrained,True,bge_m3_dense,100,False,1,1,1.0,1.0,True,True,True,True,True,True,True,True
BIOMD0000001061,R_METSOXR1,CLU_BIOMD0000001061,empty_constrained,True,bge_m3_dense,100,False,1,1,1.0,1.0,True,True,True,True,True,True,True,True
BIOMD0000001061,R_METSOXR2,CLU_BIOMD0000001061,empty_constrained,True,bge_m3_dense,100,False,2,1,0.5,1.0,False,True,True,True,True,True,True,True
BIOMD0000001061,R_METTRS,CLU_BIOMD0000001061,empty_constrained,True,bge_m3_dense,100,False,1,1,1.0,1.0,True,True,True,True,True,True,True,True
BIOMD0000001061,R_MI1PP,CLU_BIOMD0000001061,empty_constrained,True,bge_m3_dense,100,False,3,3,0.3333333333333333,0.3333333333333333,False,False,True,True,True,True,True,True
BIOMD0000001061,R_MOHMT,CLU_BIOMD0000001061,empty_constrained,True,bge_m3_dense,100,False,1,1,1.0,1.0,True,True,True,True,True,True,True,True
BIOMD0000001061,R_MTHFC,CLU_BIOMD0000001061,empty_constrained,True,bge_m3_dense,100,False,1,1,1.0,1.0,True,True,True,True,True,True,True,True
BIOMD0000001061,R_MTHFD,CLU_BIOMD0000001061,empty_constrained,True,bge_m3_dense,100,False,2,2,0.5,0.5,False,False,True,True,True,True,True,True
BIOMD0000001061,R_MTHFR2,CLU_BIOMD0000001061,empty_constrained,True,bge_m3_dense,100,False,1,1,1.0,1.0,True,True,True,True,True,True,True,True
BIOMD0000001061,R_NADDP,CLU_BIOMD0000001061,empty_constrained,True,bge_m3_dense,100,False,4,2,0.25,0.5,False,False,False,True,True,True,True,True
BIOMD0000001061,R_NADHPO,CLU_BIOMD0000001061,empty_constrained,True,bge_m3_dense,100,False,15,15,0.0,0.0,False,False,False,False,False,False,False,False
BIOMD0000001061,R_NADK,CLU_BIOMD0000001061,empty_constrained,True,bge_m3_dense,100,False,46,46,0.0,0.0,False,False,False,False,False,False,False,False
BIOMD0000001061,R_NADS1,CLU_BIOMD0000001061,empty_constrained,True,bge_m3_dense,100,False,1,1,1.0,1.0,True,True,True,True,True,True,True,True
BIOMD0000001061,R_NADS2,CLU_BIOMD0000001061,empty_constrained,True,bge_m3_dense,100,False,1,1,1.0,1.0,True,True,True,True,True,True,True,True
BIOMD0000001061,R_NADTRHD,CLU_BIOMD0000001061,empty_constrained,True,bge_m3_dense,100,False,39,39,0.0,0.0,False,False,False,False,False,False,False,False
BIOMD0000001061,R_NDPK1,CLU_BIOMD0000001061,retrievable_top1_success,True,bge_m3_dense,100,False,1,1,1.0,1.0,True,True,True,True,True,True,True,True
BIOMD0000001061,R_NDPK2,CLU_BIOMD0000001061,retrievable_top1_success,True,bge_m3_dense,100,False,2,2,0.5,0.5,False,False,True,True,True,True,True,True
BIOMD0000001061,R_NDPK3,CLU_BIOMD0000001061,retrievable_top1_success,True,bge_m3_dense,100,False,1,1,1.0,1.0,True,True,True,True,True,True,True,True
BIOMD0000001061,R_NDPK4,CLU_BIOMD0000001061,retrievable_top1_success,True,bge_m3_dense,100,False,1,1,1.0,1.0,True,True,True,True,True,True,True,True
BIOMD0000001061,R_NDPK5,CLU_BIOMD0000001061,retrievable_top1_success,True,bge_m3_dense,100,False,1,1,1.0,1.0,True,True,True,True,True,True,True,True
BIOMD0000001061,R_NDPK6,CLU_BIOMD0000001061,retrievable_top1_success,True,bge_m3_dense,100,False,2,1,0.5,1.0,False,True,True,True,True,True,True,True
BIOMD0000001061,R_NDPK7,CLU_BIOMD0000001061,retrievable_top1_success,True,bge_m3_dense,100,False,3,3,0.3333333333333333,0.3333333333333333,False,False,True,True,True,True,True,True
BIOMD0000001061,R_NDPK8,CLU_BIOMD0000001061,retrievable_top1_success,True,bge_m3_dense,100,False,1,1,1.0,1.0,True,True,True,True,True,True,True,True
BIOMD0000001061,R_NMNDA,CLU_BIOMD0000001061,empty_constrained,True,bge_m3_dense,100,False,7,2,0.14285714285714285,0.5,False,False,False,True,False,True,True,True
BIOMD0000001061,R_NNATr,CLU_BIOMD0000001061,empty_constrained,True,bge_m3_dense,100,False,2,1,0.5,1.0,False,True,True,True,True,True,True,True
BIOMD0000001061,R_NNDMBRT,CLU_BIOMD0000001061,retrievable_top1_success,True,bge_m3_dense,100,False,1,1,1.0,1.0,True,True,True,True,True,True,True,True
BIOMD0000001061,R_NNDPR,CLU_BIOMD0000001061,empty_constrained,True,bge_m3_dense,100,False,5,5,0.2,0.2,False,False,False,False,True,True,True,True
BIOMD0000001061,R_NTD1,CLU_BIOMD0000001061,empty_constrained,True,bge_m3_dense,100,False,1,1,1.0,1.0,True,True,True,True,True,True,True,True
BIOMD0000001061,R_NTD10,CLU_BIOMD0000001061,empty_constrained,True,bge_m3_dense,100,False,1,1,1.0,1.0,True,True,True,True,True,True,True,True
BIOMD0000001061,R_NTD11,CLU_BIOMD0000001061,empty_constrained,True,bge_m3_dense,100,False,1,1,1.0,1.0,True,True,True,True,True,True,True,True
BIOMD0000001061,R_NTD2,CLU_BIOMD0000001061,empty_constrained,True,bge_m3_dense,100,False,1,1,1.0,1.0,True,True,True,True,True,True,True,True
BIOMD0000001061,R_NTD3,CLU_BIOMD0000001061,empty_constrained,True,bge_m3_dense,100,False,1,1,1.0,1.0,True,True,True,True,True,True,True,True
BIOMD0000001061,R_NTD4,CLU_BIOMD0000001061,empty_constrained,True,bge_m3_dense,100,False,1,1,1.0,1.0,True,True,True,True,True,True,True,True
BIOMD0000001061,R_NTD5,CLU_BIOMD0000001061,empty_constrained,True,bge_m3_dense,100,False,1,1,1.0,1.0,True,True,True,True,True,True,True,True
BIOMD0000001061,R_NTD6,CLU_BIOMD0000001061,empty_constrained,True,bge_m3_dense,100,False,1,1,1.0,1.0,True,True,True,True,True,True,True,True
BIOMD0000001061,R_NTD7,CLU_BIOMD0000001061,empty_constrained,True,bge_m3_dense,100,False,2,2,0.5,0.5,False,False,True,True,True,True,True,True
BIOMD0000001061,R_NTD8,CLU_BIOMD0000001061,empty_constrained,True,bge_m3_dense,100,False,1,1,1.0,1.0,True,True,True,True,True,True,True,True
BIOMD0000001061,R_NTD9,CLU_BIOMD0000001061,empty_constrained,True,bge_m3_dense,100,False,1,1,1.0,1.0,True,True,True,True,True,True,True,True
BIOMD0000001061,R_NTP1,CLU_BIOMD0000001061,empty_constrained,True,bge_m3_dense,100,False,2,2,0.5,0.5,False,False,True,True,True,True,True,True
BIOMD0000001061,R_NTP10,CLU_BIOMD0000001061,empty_constrained,True,bge_m3_dense,100,False,1,1,1.0,1.0,True,True,True,True,True,True,True,True
BIOMD0000001061,R_NTP3,CLU_BIOMD0000001061,empty_constrained,True,bge_m3_dense,100,False,2,1,0.5,1.0,False,True,True,True,True,True,True,True
BIOMD0000001061,R_NTP5,CLU_BIOMD0000001061,empty_constrained,True,bge_m3_dense,100,False,2,2,0.5,0.5,False,False,True,True,True,True,True,True
BIOMD0000001061,R_NTPP10,CLU_BIOMD0000001061,empty_constrained,True,bge_m3_dense,100,False,,,0.0,0.0,False,False,False,False,False,False,False,False
BIOMD0000001061,R_NTPP11,CLU_BIOMD0000001061,empty_constrained,True,bge_m3_dense,100,False,4,4,0.25,0.25,False,False,False,False,True,True,True,True
BIOMD0000001061,R_NTPP7,CLU_BIOMD0000001061,empty_constrained,True,bge_m3_dense,100,False,1,1,1.0,1.0,True,True,True,True,True,True,True,True
BIOMD0000001061,R_NTPP8,CLU_BIOMD0000001061,empty_constrained,True,bge_m3_dense,100,False,2,2,0.5,0.5,False,False,True,True,True,True,True,True
BIOMD0000001061,R_NTPP9,CLU_BIOMD0000001061,empty_constrained,True,bge_m3_dense,100,False,9,9,0.1111111111111111,0.1111111111111111,False,False,False,False,False,False,True,True
BIOMD0000001061,R_OCBT,CLU_BIOMD0000001061,empty_constrained,True,bge_m3_dense,100,False,1,1,1.0,1.0,True,True,True,True,True,True,True,True
BIOMD0000001061,R_OCTDPS,CLU_BIOMD0000001061,empty_constrained,True,bge_m3_dense,100,False,1,1,1.0,1.0,True,True,True,True,True,True,True,True
BIOMD0000001061,R_OGMEACPD,CLU_BIOMD0000001061,empty_constrained,True,bge_m3_dense,100,False,5,5,0.2,0.2,False,False,False,False,True,True,True,True
BIOMD0000001061,R_OHPBAT,CLU_BIOMD0000001061,empty_constrained,True,bge_m3_dense,100,False,47,47,0.0,0.0,False,False,False,False,False,False,False,False
BIOMD0000001061,R_OHPHM,CLU_BIOMD0000001061,empty_constrained,True,bge_m3_dense,100,False,3,3,0.3333333333333333,0.3333333333333333,False,False,True,True,True,True,True,True
BIOMD0000001061,R_OMCDC,CLU_BIOMD0000001061,empty_constrained,True,bge_m3_dense,100,False,1,1,1.0,1.0,True,True,True,True,True,True,True,True
BIOMD0000001061,R_OMPDC,CLU_BIOMD0000001061,empty_constrained,True,bge_m3_dense,100,False,1,1,1.0,1.0,True,True,True,True,True,True,True,True
BIOMD0000001061,R_OPHBDC,CLU_BIOMD0000001061,empty_constrained,True,bge_m3_dense,100,False,4,3,0.25,0.3333333333333333,False,False,False,True,True,True,True,True
BIOMD0000001061,R_OPMEACPD,CLU_BIOMD0000001061,empty_constrained,True,bge_m3_dense,100,False,4,3,0.25,0.3333333333333333,False,False,False,True,True,True,True,True
BIOMD0000001061,R_ORNTAC,CLU_BIOMD0000001061,retrievable_top1_success,True,bge_m3_dense,100,False,3,3,0.3333333333333333,0.3333333333333333,False,False,True,True,True,True,True,True
BIOMD0000001061,R_ORPT,CLU_BIOMD0000001061,retrievable_top1_success,True,bge_m3_dense,100,False,1,1,1.0,1.0,True,True,True,True,True,True,True,True
BIOMD0000001061,R_P5CR,CLU_BIOMD0000001061,empty_constrained,True,bge_m3_dense,100,False,2,2,0.5,0.5,False,False,True,True,True,True,True,True
BIOMD0000001061,R_P5CRx,CLU_BIOMD0000001061,empty_constrained,True,bge_m3_dense,100,False,2,2,0.5,0.5,False,False,True,True,True,True,True,True
BIOMD0000001061,R_PANTS,CLU_BIOMD0000001061,empty_constrained,True,bge_m3_dense,100,False,1,1,1.0,1.0,True,True,True,True,True,True,True,True
BIOMD0000001061,R_PAPSR,CLU_BIOMD0000001061,empty_constrained,True,bge_m3_dense,100,False,2,2,0.5,0.5,False,False,True,True,True,True,True,True
BIOMD0000001061,R_PDH,CLU_BIOMD0000001061,empty_constrained,True,bge_m3_dense,100,False,11,11,0.0,0.0,False,False,False,False,False,False,False,False
BIOMD0000001061,R_PDX5POi,CLU_BIOMD0000001061,retrievable_top1_success,True,bge_m3_dense,100,False,1,1,1.0,1.0,True,True,True,True,True,True,True,True
BIOMD0000001061,R_PERD,CLU_BIOMD0000001061,empty_constrained,True,bge_m3_dense,100,False,,,0.0,0.0,False,False,False,False,False,False,False,False
BIOMD0000001061,R_PGAMT,CLU_BIOMD0000001061,retrievable_top1_success,True,bge_m3_dense,100,False,5,5,0.2,0.2,False,False,False,False,True,True,True,True
BIOMD0000001061,R_PGCD,CLU_BIOMD0000001061,empty_constrained,True,bge_m3_dense,100,False,4,4,0.25,0.25,False,False,False,False,True,True,True,True
BIOMD0000001061,R_PGK,CLU_BIOMD0000001061,retrievable_top1_success,True,bge_m3_dense,100,False,1,1,1.0,1.0,True,True,True,True,True,True,True,True
BIOMD0000001061,R_PGL,CLU_BIOMD0000001061,empty_constrained,True,bge_m3_dense,100,False,5,5,0.2,0.2,False,False,False,False,True,True,True,True
BIOMD0000001061,R_PGLYCP,CLU_BIOMD0000001061,empty_constrained,True,bge_m3_dense,100,False,4,4,0.25,0.25,False,False,False,False,True,True,True,True
BIOMD0000001061,R_PGM,CLU_BIOMD0000001061,retrievable_top1_success,True,bge_m3_dense,100,False,1,1,1.0,1.0,True,True,True,True,True,True,True,True
BIOMD0000001061,R_PHETA1,CLU_BIOMD0000001061,retrievable_top1_success,True,bge_m3_dense,100,False,1,1,1.0,1.0,True,True,True,True,True,True,True,True
BIOMD0000001061,R_PHETRS,CLU_BIOMD0000001061,empty_constrained,True,bge_m3_dense,100,False,1,1,1.0,1.0,True,True,True,True,True,True,True,True
BIOMD0000001061,R_PMDPHT,CLU_BIOMD0000001061,empty_constrained,True,bge_m3_dense,100,False,1,1,1.0,1.0,True,True,True,True,True,True,True,True
BIOMD0000001061,R_PMEACPE,CLU_BIOMD0000001061,empty_constrained,True,bge_m3_dense,100,False,1,1,1.0,1.0,True,True,True,True,True,True,True,True
BIOMD0000001061,R_PNTK,CLU_BIOMD0000001061,empty_constrained,True,bge_m3_dense,100,False,1,1,1.0,1.0,True,True,True,True,True,True,True,True
BIOMD0000001061,R_PPA,CLU_BIOMD0000001061,empty_constrained,True,bge_m3_dense,100,False,22,22,0.0,0.0,False,False,False,False,False,False,False,False
BIOMD0000001061,R_PPA2,CLU_BIOMD0000001061,empty_constrained,True,bge_m3_dense,100,False,3,3,0.3333333333333333,0.3333333333333333,False,False,True,True,True,True,True,True
BIOMD0000001061,R_PPBNGS,CLU_BIOMD0000001061,empty_constrained,True,bge_m3_dense,100,False,5,5,0.2,0.2,False,False,False,False,True,True,True,True
BIOMD0000001061,R_PPC,CLU_BIOMD0000001061,empty_constrained,True,bge_m3_dense,100,False,49,49,0.0,0.0,False,False,False,False,False,False,False,False
BIOMD0000001061,R_PPCDC,CLU_BIOMD0000001061,empty_constrained,True,bge_m3_dense,100,False,1,1,1.0,1.0,True,True,True,True,True,True,True,True
BIOMD0000001061,R_PPDK,CLU_BIOMD0000001061,empty_constrained,False,bge_m3_dense,100,False,1,1,1.0,1.0,True,True,True,True,True,True,True,True
BIOMD0000001061,R_PPGPPDP,CLU_BIOMD0000001061,empty_constrained,True,bge_m3_dense,100,False,2,2,0.5,0.5,False,False,True,True,True,True,True,True
BIOMD0000001061,R_PPNCL2,CLU_BIOMD0000001061,empty_constrained,True,bge_m3_dense,100,False,1,1,1.0,1.0,True,True,True,True,True,True,True,True
BIOMD0000001061,R_PPND,CLU_BIOMD0000001061,empty_constrained,True,bge_m3_dense,100,False,24,24,0.0,0.0,False,False,False,False,False,False,False,False
BIOMD0000001061,R_PPNDH,CLU_BIOMD0000001061,empty_constrained,True,bge_m3_dense,100,False,1,1,1.0,1.0,True,True,True,True,True,True,True,True
BIOMD0000001061,R_PPS,CLU_BIOMD0000001061,empty_constrained,True,bge_m3_dense,100,False,1,1,1.0,1.0,True,True,True,True,True,True,True,True
BIOMD0000001061,R_PRAGSr,CLU_BIOMD0000001061,empty_constrained,True,bge_m3_dense,100,False,21,21,0.0,0.0,False,False,False,False,False,False,False,False
BIOMD0000001061,R_PRAIi,CLU_BIOMD0000001061,empty_constrained,True,bge_m3_dense,100,False,1,1,1.0,1.0,True,True,True,True,True,True,True,True
BIOMD0000001061,R_PRAMPC,CLU_BIOMD0000001061,empty_constrained,True,bge_m3_dense,100,False,1,1,1.0,1.0,True,True,True,True,True,True,True,True
BIOMD0000001061,R_PRASCSi,CLU_BIOMD0000001061,empty_constrained,True,bge_m3_dense,100,False,1,1,1.0,1.0,True,True,True,True,True,True,True,True
BIOMD0000001061,R_PRATPP,CLU_BIOMD0000001061,empty_constrained,True,bge_m3_dense,100,False,19,19,0.0,0.0,False,False,False,False,False,False,False,False
BIOMD0000001061,R_PRMICI,CLU_BIOMD0000001061,retrievable_top1_success,True,bge_m3_dense,100,False,6,6,0.16666666666666666,0.16666666666666666,False,False,False,False,False,False,True,True
BIOMD0000001061,R_PROTRS,CLU_BIOMD0000001061,empty_constrained,True,bge_m3_dense,100,False,1,1,1.0,1.0,True,True,True,True,True,True,True,True
BIOMD0000001061,R_PRUK,CLU_BIOMD0000001061,empty_constrained,False,bge_m3_dense,100,False,1,1,1.0,1.0,True,True,True,True,True,True,True,True
BIOMD0000001061,R_PSCVT,CLU_BIOMD0000001061,retrievable_top1_success,True,bge_m3_dense,100,False,1,1,1.0,1.0,True,True,True,True,True,True,True,True
BIOMD0000001061,R_PSERT,CLU_BIOMD0000001061,empty_constrained,True,bge_m3_dense,100,False,7,7,0.14285714285714285,0.14285714285714285,False,False,False,False,False,False,True,True
BIOMD0000001061,R_PSP_L,CLU_BIOMD0000001061,empty_constrained,True,bge_m3_dense,100,False,1,1,1.0,1.0,True,True,True,True,True,True,True,True
BIOMD0000001061,R_PTA2,CLU_BIOMD0000001061,retrievable_top1_success,True,bge_m3_dense,100,False,1,1,1.0,1.0,True,True,True,True,True,True,True,True
BIOMD0000001061,R_PTAr,CLU_BIOMD0000001061,retrievable_top1_success,True,bge_m3_dense,100,False,9,9,0.1111111111111111,0.1111111111111111,False,False,False,False,False,False,True,True
BIOMD0000001061,R_PTPATi,CLU_BIOMD0000001061,empty_constrained,True,bge_m3_dense,100,False,2,2,0.5,0.5,False,False,True,True,True,True,True,True
BIOMD0000001061,R_PTRCTA,CLU_BIOMD0000001061,empty_constrained,True,bge_m3_dense,100,False,3,3,0.3333333333333333,0.3333333333333333,False,False,True,True,True,True,True,True
BIOMD0000001061,R_PYK,CLU_BIOMD0000001061,empty_constrained,True,bge_m3_dense,100,False,48,48,0.0,0.0,False,False,False,False,False,False,False,False
BIOMD0000001061,R_PYK2,CLU_BIOMD0000001061,empty_constrained,True,bge_m3_dense,100,False,4,4,0.25,0.25,False,False,False,False,True,True,True,True
BIOMD0000001061,R_PYK3,CLU_BIOMD0000001061,empty_constrained,True,bge_m3_dense,100,False,3,3,0.3333333333333333,0.3333333333333333,False,False,True,True,True,True,True,True
BIOMD0000001061,R_PYK4,CLU_BIOMD0000001061,empty_constrained,True,bge_m3_dense,100,False,2,2,0.5,0.5,False,False,True,True,True,True,True,True
BIOMD0000001061,R_QULNS,CLU_BIOMD0000001061,empty_constrained,True,bge_m3_dense,100,False,,,0.0,0.0,False,False,False,False,False,False,False,False
BIOMD0000001061,R_RBCh,CLU_BIOMD0000001061,empty_constrained,False,bge_m3_dense,100,False,4,4,0.25,0.25,False,False,False,False,True,True,True,True
BIOMD0000001061,R_RBFK,CLU_BIOMD0000001061,empty_constrained,True,bge_m3_dense,100,False,1,1,1.0,1.0,True,True,True,True,True,True,True,True
BIOMD0000001061,R_RBFSa,CLU_BIOMD0000001061,empty_constrained,True,bge_m3_dense,100,False,1,1,1.0,1.0,True,True,True,True,True,True,True,True
BIOMD0000001061,R_RBFSb,CLU_BIOMD0000001061,retrievable_top1_success,True,bge_m3_dense,100,False,1,1,1.0,1.0,True,True,True,True,True,True,True,True
BIOMD0000001061,R_RBPC,CLU_BIOMD0000001061,empty_constrained,True,bge_m3_dense,100,False,16,16,0.0,0.0,False,False,False,False,False,False,False,False
BIOMD0000001061,R_RNDR1,CLU_BIOMD0000001061,empty_constrained,True,bge_m3_dense,100,False,5,5,0.2,0.2,False,False,False,False,True,True,True,True
BIOMD0000001061,R_RNDR2,CLU_BIOMD0000001061,empty_constrained,True,bge_m3_dense,100,False,1,1,1.0,1.0,True,True,True,True,True,True,True,True
BIOMD0000001061,R_RNDR3,CLU_BIOMD0000001061,empty_constrained,True,bge_m3_dense,100,False,1,1,1.0,1.0,True,True,True,True,True,True,True,True
BIOMD0000001061,R_RNDR4,CLU_BIOMD0000001061,empty_constrained,True,bge_m3_dense,100,False,2,2,0.5,0.5,False,False,True,True,True,True,True,True
BIOMD0000001061,R_RNTR1,CLU_BIOMD0000001061,empty_constrained,True,bge_m3_dense,100,False,1,1,1.0,1.0,True,True,True,True,True,True,True,True
BIOMD0000001061,R_RNTR2,CLU_BIOMD0000001061,empty_constrained,True,bge_m3_dense,100,False,1,1,1.0,1.0,True,True,True,True,True,True,True,True
BIOMD0000001061,R_RNTR3,CLU_BIOMD0000001061,empty_constrained,False,bge_m3_dense,100,False,1,1,1.0,1.0,True,True,True,True,True,True,True,True
BIOMD0000001061,R_RPE,CLU_BIOMD0000001061,empty_constrained,True,bge_m3_dense,100,False,1,1,1.0,1.0,True,True,True,True,True,True,True,True
BIOMD0000001061,R_RZ5PP,CLU_BIOMD0000001061,empty_constrained,True,bge_m3_dense,100,False,1,1,1.0,1.0,True,True,True,True,True,True,True,True
BIOMD0000001061,R_SBP,CLU_BIOMD0000001061,empty_constrained,True,bge_m3_dense,100,False,1,1,1.0,1.0,True,True,True,True,True,True,True,True
BIOMD0000001061,R_SDPDS,CLU_BIOMD0000001061,empty_constrained,True,bge_m3_dense,100,False,1,1,1.0,1.0,True,True,True,True,True,True,True,True
BIOMD0000001061,R_SDPTA,CLU_BIOMD0000001061,retrievable_top1_success,True,bge_m3_dense,100,False,9,9,0.1111111111111111,0.1111111111111111,False,False,False,False,False,False,True,True
BIOMD0000001061,R_SELNPS,CLU_BIOMD0000001061,empty_constrained,True,bge_m3_dense,100,False,1,1,1.0,1.0,True,True,True,True,True,True,True,True
BIOMD0000001061,R_SERAT,CLU_BIOMD0000001061,retrievable_top1_success,True,bge_m3_dense,100,False,1,1,1.0,1.0,True,True,True,True,True,True,True,True
BIOMD0000001061,R_SERD_L,CLU_BIOMD0000001061,empty_constrained,True,bge_m3_dense,100,False,1,1,1.0,1.0,True,True,True,True,True,True,True,True
BIOMD0000001061,R_SERTRS,CLU_BIOMD0000001061,empty_constrained,True,bge_m3_dense,100,False,2,2,0.5,0.5,False,False,True,True,True,True,True,True
BIOMD0000001061,R_SFGTHi,CLU_BIOMD0000001061,empty_constrained,True,bge_m3_dense,100,False,1,1,1.0,1.0,True,True,True,True,True,True,True,True
BIOMD0000001061,R_SHCHD2,CLU_BIOMD0000001061,empty_constrained,True,bge_m3_dense,100,False,48,48,0.0,0.0,False,False,False,False,False,False,False,False
BIOMD0000001061,R_SHCHF,CLU_BIOMD0000001061,empty_constrained,True,bge_m3_dense,100,False,1,1,1.0,1.0,True,True,True,True,True,True,True,True
BIOMD0000001061,R_SHK3Dr,CLU_BIOMD0000001061,empty_constrained,True,bge_m3_dense,100,False,2,1,0.5,1.0,False,True,True,True,True,True,True,True
BIOMD0000001061,R_SHKK,CLU_BIOMD0000001061,empty_constrained,True,bge_m3_dense,100,False,1,1,1.0,1.0,True,True,True,True,True,True,True,True
BIOMD0000001061,R_SHSL2r,CLU_BIOMD0000001061,empty_constrained,True,bge_m3_dense,100,False,1,1,1.0,1.0,True,True,True,True,True,True,True,True
BIOMD0000001061,R_SPMS,CLU_BIOMD0000001061,empty_constrained,True,bge_m3_dense,100,False,1,1,1.0,1.0,True,True,True,True,True,True,True,True
BIOMD0000001061,R_SPODM,CLU_BIOMD0000001061,retrievable_top1_success,True,bge_m3_dense,100,False,2,2,0.5,0.5,False,False,True,True,True,True,True,True
BIOMD0000001061,R_SSALx,CLU_BIOMD0000001061,empty_constrained,True,bge_m3_dense,100,False,4,4,0.25,0.25,False,False,False,False,True,True,True,True
BIOMD0000001061,R_SSALy,CLU_BIOMD0000001061,empty_constrained,True,bge_m3_dense,100,False,2,2,0.5,0.5,False,False,True,True,True,True,True,True
BIOMD0000001061,R_SUCOAS,CLU_BIOMD0000001061,retrievable_top1_success,True,bge_m3_dense,100,False,4,4,0.25,0.25,False,False,False,False,True,True,True,True
BIOMD0000001061,R_SULR,CLU_BIOMD0000001061,empty_constrained,True,bge_m3_dense,100,False,9,9,0.1111111111111111,0.1111111111111111,False,False,False,False,False,False,True,True
BIOMD0000001061,R_TALA,CLU_BIOMD0000001061,retrievable_top1_success,True,bge_m3_dense,100,False,3,2,0.3333333333333333,0.5,False,False,True,True,True,True,True,True
BIOMD0000001061,R_TDPAGTA,CLU_BIOMD0000001061,empty_constrained,True,bge_m3_dense,100,False,4,4,0.25,0.25,False,False,False,False,True,True,True,True
BIOMD0000001061,R_TDPDRE,CLU_BIOMD0000001061,retrievable_top1_success,True,bge_m3_dense,100,False,20,20,0.0,0.0,False,False,False,False,False,False,False,False
BIOMD0000001061,R_TDPDRR,CLU_BIOMD0000001061,empty_constrained,True,bge_m3_dense,100,False,3,3,0.3333333333333333,0.3333333333333333,False,False,True,True,True,True,True,True
BIOMD0000001061,R_TDPGDH,CLU_BIOMD0000001061,empty_constrained,True,bge_m3_dense,100,False,2,2,0.5,0.5,False,False,True,True,True,True,True,True
BIOMD0000001061,R_THDPS,CLU_BIOMD0000001061,empty_constrained,True,bge_m3_dense,100,False,4,4,0.25,0.25,False,False,False,False,True,True,True,True
BIOMD0000001061,R_THFAT,CLU_BIOMD0000001061,empty_constrained,True,bge_m3_dense,100,False,,85,0.0,0.0,False,False,False,False,False,False,False,False
BIOMD0000001061,R_THFGLUS,CLU_BIOMD0000001061,empty_constrained,True,bge_m3_dense,100,False,14,1,0.0,1.0,False,True,False,True,False,True,False,True
BIOMD0000001061,R_THRA,CLU_BIOMD0000001061,retrievable_top1_success,True,bge_m3_dense,100,False,1,1,1.0,1.0,True,True,True,True,True,True,True,True
BIOMD0000001061,R_THRD_L,CLU_BIOMD0000001061,empty_constrained,True,bge_m3_dense,100,False,1,1,1.0,1.0,True,True,True,True,True,True,True,True
BIOMD0000001061,R_THRPDC,CLU_BIOMD0000001061,empty_constrained,True,bge_m3_dense,100,False,6,6,0.16666666666666666,0.16666666666666666,False,False,False,False,False,False,True,True
BIOMD0000001061,R_THRS,CLU_BIOMD0000001061,empty_constrained,True,bge_m3_dense,100,False,1,1,1.0,1.0,True,True,True,True,True,True,True,True
BIOMD0000001061,R_THRTRS,CLU_BIOMD0000001061,empty_constrained,True,bge_m3_dense,100,False,1,1,1.0,1.0,True,True,True,True,True,True,True,True
BIOMD0000001061,R_TKT2,CLU_BIOMD0000001061,empty_constrained,True,bge_m3_dense,100,False,14,1,0.0,1.0,False,True,False,True,False,True,False,True
BIOMD0000001061,R_TMDS,CLU_BIOMD0000001061,retrievable_top1_success,True,bge_m3_dense,100,False,2,2,0.5,0.5,False,False,True,True,True,True,True,True
BIOMD0000001061,R_TMPK,CLU_BIOMD0000001061,empty_constrained,True,bge_m3_dense,100,False,2,2,0.5,0.5,False,False,True,True,True,True,True,True
BIOMD0000001061,R_TMPPP,CLU_BIOMD0000001061,empty_constrained,True,bge_m3_dense,100,False,2,1,0.5,1.0,False,True,True,True,True,True,True,True
BIOMD0000001061,R_TPI,CLU_BIOMD0000001061,empty_constrained,True,bge_m3_dense,100,False,1,1,1.0,1.0,True,True,True,True,True,True,True,True
BIOMD0000001061,R_TRDR,CLU_BIOMD0000001061,empty_constrained,True,bge_m3_dense,100,False,57,57,0.0,0.0,False,False,False,False,False,False,False,False
BIOMD0000001061,R_TRPS1,CLU_BIOMD0000001061,empty_constrained,True,bge_m3_dense,100,False,1,1,1.0,1.0,True,True,True,True,True,True,True,True
BIOMD0000001061,R_TRPS2,CLU_BIOMD0000001061,empty_constrained,True,bge_m3_dense,100,False,1,1,1.0,1.0,True,True,True,True,True,True,True,True
BIOMD0000001061,R_TRPS3,CLU_BIOMD0000001061,retrievable_top1_success,True,bge_m3_dense,100,False,1,1,1.0,1.0,True,True,True,True,True,True,True,True
BIOMD0000001061,R_TRSARr,CLU_BIOMD0000001061,empty_constrained,True,bge_m3_dense,100,False,79,79,0.0,0.0,False,False,False,False,False,False,False,False
BIOMD0000001061,R_TYRTA,CLU_BIOMD0000001061,retrievable_top1_success,True,bge_m3_dense,100,False,3,2,0.3333333333333333,0.5,False,False,True,True,True,True,True,True
BIOMD0000001061,R_UAG2E,CLU_BIOMD0000001061,retrievable_top1_success,True,bge_m3_dense,100,False,1,1,1.0,1.0,True,True,True,True,True,True,True,True
BIOMD0000001061,R_UAG2EMA,CLU_BIOMD0000001061,empty_constrained,True,bge_m3_dense,100,False,7,5,0.14285714285714285,0.2,False,False,False,False,False,True,True,True
BIOMD0000001061,R_UAGCVT,CLU_BIOMD0000001061,retrievable_top1_success,True,bge_m3_dense,100,False,1,1,1.0,1.0,True,True,True,True,True,True,True,True
BIOMD0000001061,R_UAGPT3,CLU_BIOMD0000001061,empty_constrained,True,bge_m3_dense,100,False,1,1,1.0,1.0,True,True,True,True,True,True,True,True
BIOMD0000001061,R_UAMAGS,CLU_BIOMD0000001061,empty_constrained,True,bge_m3_dense,100,False,7,7,0.14285714285714285,0.14285714285714285,False,False,False,False,False,False,True,True
BIOMD0000001061,R_UAMAS,CLU_BIOMD0000001061,empty_constrained,True,bge_m3_dense,100,False,1,1,1.0,1.0,True,True,True,True,True,True,True,True
BIOMD0000001061,R_UAPGR,CLU_BIOMD0000001061,empty_constrained,True,bge_m3_dense,100,False,18,18,0.0,0.0,False,False,False,False,False,False,False,False
BIOMD0000001061,R_UDPG4E,CLU_BIOMD0000001061,empty_constrained,True,bge_m3_dense,100,False,13,13,0.0,0.0,False,False,False,False,False,False,False,False
BIOMD0000001061,R_UDPGD,CLU_BIOMD0000001061,empty_constrained,True,bge_m3_dense,100,False,,,0.0,0.0,False,False,False,False,False,False,False,False
BIOMD0000001061,R_UMPK,CLU_BIOMD0000001061,retrievable_top1_success,True,bge_m3_dense,100,False,1,1,1.0,1.0,True,True,True,True,True,True,True,True
BIOMD0000001061,R_UPP3MT,CLU_BIOMD0000001061,empty_constrained,True,bge_m3_dense,100,False,3,3,0.3333333333333333,0.3333333333333333,False,False,True,True,True,True,True,True
BIOMD0000001061,R_UPP3S,CLU_BIOMD0000001061,empty_constrained,True,bge_m3_dense,100,False,2,2,0.5,0.5,False,False,True,True,True,True,True,True
BIOMD0000001061,R_UPPDC1,CLU_BIOMD0000001061,empty_constrained,True,bge_m3_dense,100,False,1,1,1.0,1.0,True,True,True,True,True,True,True,True
BIOMD0000001061,R_URIDK2r,CLU_BIOMD0000001061,retrievable_top1_success,True,bge_m3_dense,100,False,1,1,1.0,1.0,True,True,True,True,True,True,True,True
BIOMD0000001061,R_VALTA,CLU_BIOMD0000001061,retrievable_top1_success,True,bge_m3_dense,100,False,1,1,1.0,1.0,True,True,True,True,True,True,True,True
BIOMD0000001061,R_VALTRS,CLU_BIOMD0000001061,empty_constrained,True,bge_m3_dense,100,False,1,1,1.0,1.0,True,True,True,True,True,True,True,True
BIOMD0000001090,R_R00004_C3_cytop,CLU_BIOMD0000001090,retrievable_top1_success,True,bge_m3_dense,100,False,94,94,0.0,0.0,False,False,False,False,False,False,False,False
BIOMD0000001090,R_R00014_C3_cytop,CLU_BIOMD0000001090,retrievable_top1_success,True,bge_m3_dense,100,False,10,2,0.1,0.5,False,False,False,True,False,True,True,True
BIOMD0000001090,R_R00066_C3_cytop,CLU_BIOMD0000001090,retrievable_top1_success,True,bge_m3_dense,100,False,6,6,0.16666666666666666,0.16666666666666666,False,False,False,False,False,False,True,True
BIOMD0000001090,R_R00086_C3_cytop,CLU_BIOMD0000001090,retrievable_top1_success,True,bge_m3_dense,100,False,14,3,0.0,0.3333333333333333,False,False,False,True,False,True,False,True
BIOMD0000001090,R_R00104_C3_cytop,CLU_BIOMD0000001090,retrievable_top1_success,True,bge_m3_dense,100,False,2,2,0.5,0.5,False,False,True,True,True,True,True,True
BIOMD0000001090,R_R00127_C3_cytop,CLU_BIOMD0000001090,retrievable_top1_success,True,bge_m3_dense,100,False,1,1,1.0,1.0,True,True,True,True,True,True,True,True
BIOMD0000001090,R_R00130_C3_cytop,CLU_BIOMD0000001090,retrievable_top1_success,True,bge_m3_dense,100,False,4,4,0.25,0.25,False,False,False,False,True,True,True,True
BIOMD0000001090,R_R00137_C3_cytop,CLU_BIOMD0000001090,unconstrained,True,bge_m3_dense,100,False,1,1,1.0,1.0,True,True,True,True,True,True,True,True
BIOMD0000001090,R_R00150_C3_cytop,CLU_BIOMD0000001090,nonempty_answer_absent,True,bge_m3_dense,100,False,22,22,0.0,0.0,False,False,False,False,False,False,False,False
BIOMD0000001090,R_R00156_C3_cytop,CLU_BIOMD0000001090,retrievable_top1_success,True,bge_m3_dense,100,False,6,3,0.16666666666666666,0.3333333333333333,False,False,False,True,False,True,True,True
BIOMD0000001090,R_R00158_C3_cytop,CLU_BIOMD0000001090,retrievable_top1_success,True,bge_m3_dense,100,False,1,1,1.0,1.0,True,True,True,True,True,True,True,True
BIOMD0000001090,R_R00161_C3_cytop,CLU_BIOMD0000001090,retrievable_top1_success,True,bge_m3_dense,100,False,1,1,1.0,1.0,True,True,True,True,True,True,True,True
BIOMD0000001090,R_R00174_C3_cytop,CLU_BIOMD0000001090,retrievable_top1_success,True,bge_m3_dense,100,False,1,1,1.0,1.0,True,True,True,True,True,True,True,True
BIOMD0000001090,R_R00177_C3_cytop,CLU_BIOMD0000001090,unconstrained,True,bge_m3_dense,100,False,2,2,0.5,0.5,False,False,True,True,True,True,True,True
BIOMD0000001090,R_R00178_C3_cytop,CLU_BIOMD0000001090,retrievable_top1_success,True,bge_m3_dense,100,False,3,3,0.3333333333333333,0.3333333333333333,False,False,True,True,True,True,True,True
BIOMD0000001090,R_R00183_C3_cytop,CLU_BIOMD0000001090,retrievable_top1_success,True,bge_m3_dense,100,False,2,1,0.5,1.0,False,True,True,True,True,True,True,True
BIOMD0000001090,R_R00188_C3_cytop,CLU_BIOMD0000001090,retrievable_top1_success,True,bge_m3_dense,100,False,33,33,0.0,0.0,False,False,False,False,False,False,False,False
BIOMD0000001090,R_R00189_C3_cytop,CLU_BIOMD0000001090,retrievable_top1_success,True,bge_m3_dense,100,False,8,2,0.125,0.5,False,False,False,True,False,True,True,True
BIOMD0000001090,R_R00190_C3_cytop,CLU_BIOMD0000001090,unconstrained,True,bge_m3_dense,100,False,1,1,1.0,1.0,True,True,True,True,True,True,True,True
BIOMD0000001090,R_R00199_C3_cytop,CLU_BIOMD0000001090,unconstrained,True,bge_m3_dense,100,False,2,2,0.5,0.5,False,False,True,True,True,True,True,True
BIOMD0000001090,R_R00200_C3_cytop,CLU_BIOMD0000001090,unconstrained,True,bge_m3_dense,100,False,1,1,1.0,1.0,True,True,True,True,True,True,True,True
BIOMD0000001090,R_R00207_C3_cytop,CLU_BIOMD0000001090,retrievable_top1_success,False,bge_m3_dense,100,False,13,13,0.0,0.0,False,False,False,False,False,False,False,False
BIOMD0000001090,R_R00209_C3_cytop,CLU_BIOMD0000001090,retrievable_top1_success,True,bge_m3_dense,100,False,1,1,1.0,1.0,True,True,True,True,True,True,True,True
BIOMD0000001090,R_R00212_C3_cytop,CLU_BIOMD0000001090,unconstrained,True,bge_m3_dense,100,False,4,4,0.25,0.25,False,False,False,False,True,True,True,True
BIOMD0000001090,R_R00220_C3_cytop,CLU_BIOMD0000001090,retrievable_top1_success,True,bge_m3_dense,100,False,1,1,1.0,1.0,True,True,True,True,True,True,True,True
BIOMD0000001090,R_R00226_C3_cytop,CLU_BIOMD0000001090,unconstrained,True,bge_m3_dense,100,False,3,3,0.3333333333333333,0.3333333333333333,False,False,True,True,True,True,True,True
BIOMD0000001090,R_R00228_C3_cytop,CLU_BIOMD0000001090,retrievable_top1_success,True,bge_m3_dense,100,False,2,2,0.5,0.5,False,False,True,True,True,True,True,True
BIOMD0000001090,R_R00230_C3_cytop,CLU_BIOMD0000001090,unconstrained,True,bge_m3_dense,100,False,1,1,1.0,1.0,True,True,True,True,True,True,True,True
BIOMD0000001090,R_R00238_C3_cytop,CLU_BIOMD0000001090,retrievable_top1_success,True,bge_m3_dense,100,False,1,1,1.0,1.0,True,True,True,True,True,True,True,True
BIOMD0000001090,R_R00239_C3_cytop,CLU_BIOMD0000001090,retrievable_top1_success,True,bge_m3_dense,100,False,2,2,0.5,0.5,False,False,True,True,True,True,True,True
BIOMD0000001090,R_R00248_C3_cytop,CLU_BIOMD0000001090,unconstrained,True,bge_m3_dense,100,False,40,40,0.0,0.0,False,False,False,False,False,False,False,False
BIOMD0000001090,R_R00253_C3_cytop,CLU_BIOMD0000001090,retrievable_top1_success,True,bge_m3_dense,100,False,95,95,0.0,0.0,False,False,False,False,False,False,False,False
BIOMD0000001090,R_R00256_C3_cytop,CLU_BIOMD0000001090,unconstrained,True,bge_m3_dense,100,False,1,1,1.0,1.0,True,True,True,True,True,True,True,True
BIOMD0000001090,R_R00258_C3_cytop,CLU_BIOMD0000001090,retrievable_top1_success,True,bge_m3_dense,100,False,2,2,0.5,0.5,False,False,True,True,True,True,True,True
BIOMD0000001090,R_R00260_C3_cytop,CLU_BIOMD0000001090,retrievable_top1_success,True,bge_m3_dense,100,False,2,2,0.5,0.5,False,False,True,True,True,True,True,True
BIOMD0000001090,R_R00281_C3_cytop,CLU_BIOMD0000001090,nonempty_answer_absent,False,bge_m3_dense,100,False,,,0.0,0.0,False,False,False,False,False,False,False,False
BIOMD0000001090,R_R00289_C3_cytop,CLU_BIOMD0000001090,retrievable_top1_success,True,bge_m3_dense,100,False,4,4,0.25,0.25,False,False,False,False,True,True,True,True
BIOMD0000001090,R_R00291_C3_cytop,CLU_BIOMD0000001090,retrievable_top1_success,True,bge_m3_dense,100,False,25,25,0.0,0.0,False,False,False,False,False,False,False,False
BIOMD0000001090,R_R00315_C3_cytop,CLU_BIOMD0000001090,retrievable_top1_success,True,bge_m3_dense,100,False,4,4,0.25,0.25,False,False,False,False,True,True,True,True
BIOMD0000001090,R_R00317_C3_cytop,CLU_BIOMD0000001090,retrievable_top1_success,True,bge_m3_dense,100,False,14,14,0.0,0.0,False,False,False,False,False,False,False,False
BIOMD0000001090,R_R00330_C3_cytop,CLU_BIOMD0000001090,retrievable_top1_success,True,bge_m3_dense,100,False,2,2,0.5,0.5,False,False,True,True,True,True,True,True
BIOMD0000001090,R_R00332_C3_cytop,CLU_BIOMD0000001090,retrievable_top1_success,True,bge_m3_dense,100,False,1,1,1.0,1.0,True,True,True,True,True,True,True,True
BIOMD0000001090,R_R00345_C3_cytop,CLU_BIOMD0000001090,unconstrained,True,bge_m3_dense,100,False,24,24,0.0,0.0,False,False,False,False,False,False,False,False
BIOMD0000001090,R_R00355_C3_cytop,CLU_BIOMD0000001090,unconstrained,True,bge_m3_dense,100,False,2,1,0.5,1.0,False,True,True,True,True,True,True,True
BIOMD0000001090,R_R00401_C3_cytop,CLU_BIOMD0000001090,retrievable_top1_success,True,bge_m3_dense,100,False,2,2,0.5,0.5,False,False,True,True,True,True,True,True
BIOMD0000001090,R_R00416_C3_cytop,CLU_BIOMD0000001090,retrievable_top1_success,True,bge_m3_dense,100,False,1,1,1.0,1.0,True,True,True,True,True,True,True,True
BIOMD0000001090,R_R00418_C3_cytop,CLU_BIOMD0000001090,retrievable_top1_success,True,bge_m3_dense,100,False,67,67,0.0,0.0,False,False,False,False,False,False,False,False
BIOMD0000001090,R_R00426_C3_cytop,CLU_BIOMD0000001090,retrievable_top1_success,True,bge_m3_dense,100,False,4,1,0.25,1.0,False,True,False,True,True,True,True,True
BIOMD0000001090,R_R00428_C3_cytop,CLU_BIOMD0000001090,retrievable_top1_success,True,bge_m3_dense,100,False,3,3,0.3333333333333333,0.3333333333333333,False,False,True,True,True,True,True,True
BIOMD0000001090,R_R00430_C3_cytop,CLU_BIOMD0000001090,unconstrained,True,bge_m3_dense,100,False,1,1,1.0,1.0,True,True,True,True,True,True,True,True
BIOMD0000001090,R_R00451_C3_cytop,CLU_BIOMD0000001090,retrievable_top1_success,True,bge_m3_dense,100,False,1,1,1.0,1.0,True,True,True,True,True,True,True,True
BIOMD0000001090,R_R00462_C3_cytop,CLU_BIOMD0000001090,retrievable_top1_success,True,bge_m3_dense,100,False,1,1,1.0,1.0,True,True,True,True,True,True,True,True
BIOMD0000001090,R_R00480_C3_cytop,CLU_BIOMD0000001090,retrievable_top1_success,True,bge_m3_dense,100,False,2,2,0.5,0.5,False,False,True,True,True,True,True,True
BIOMD0000001090,R_R00483_C3_cytop,CLU_BIOMD0000001090,retrievable_top1_success,True,bge_m3_dense,100,False,3,2,0.3333333333333333,0.5,False,False,True,True,True,True,True,True
BIOMD0000001090,R_R00485_C3_cytop,CLU_BIOMD0000001090,retrievable_top1_success,True,bge_m3_dense,100,False,1,1,1.0,1.0,True,True,True,True,True,True,True,True
BIOMD0000001090,R_R00506_C3_cytop,CLU_BIOMD0000001090,unconstrained,False,bge_m3_dense,100,False,2,2,0.5,0.5,False,False,True,True,True,True,True,True
BIOMD0000001090,R_R00511_C3_cytop,CLU_BIOMD0000001090,retrievable_top1_success,True,bge_m3_dense,100,False,1,1,1.0,1.0,True,True,True,True,True,True,True,True
BIOMD0000001090,R_R00512_C3_cytop,CLU_BIOMD0000001090,retrievable_top1_success,True,bge_m3_dense,100,False,1,1,1.0,1.0,True,True,True,True,True,True,True,True
BIOMD0000001090,R_R00513_C3_cytop,CLU_BIOMD0000001090,retrievable_top1_success,True,bge_m3_dense,100,False,1,1,1.0,1.0,True,True,True,True,True,True,True,True
BIOMD0000001090,R_R00516_C3_cytop,CLU_BIOMD0000001090,unconstrained,True,bge_m3_dense,100,False,,,0.0,0.0,False,False,False,False,False,False,False,False
BIOMD0000001090,R_R00517_C3_cytop,CLU_BIOMD0000001090,retrievable_top1_success,True,bge_m3_dense,100,False,1,1,1.0,1.0,True,True,True,True,True,True,True,True
BIOMD0000001090,R_R00549_C3_cytop,CLU_BIOMD0000001090,retrievable_top1_success,True,bge_m3_dense,100,False,1,1,1.0,1.0,True,True,True,True,True,True,True,True
BIOMD0000001090,R_R00566_C3_cytop,CLU_BIOMD0000001090,retrievable_top1_success,True,bge_m3_dense,100,False,1,1,1.0,1.0,True,True,True,True,True,True,True,True
BIOMD0000001090,R_R00570_C3_cytop,CLU_BIOMD0000001090,retrievable_top1_success,True,bge_m3_dense,100,False,2,2,0.5,0.5,False,False,True,True,True,True,True,True
BIOMD0000001090,R_R00571_C3_cytop,CLU_BIOMD0000001090,retrievable_top1_success,True,bge_m3_dense,100,False,3,2,0.3333333333333333,0.5,False,False,True,True,True,True,True,True
BIOMD0000001090,R_R00573_C3_cytop,CLU_BIOMD0000001090,retrievable_top1_success,True,bge_m3_dense,100,False,1,1,1.0,1.0,True,True,True,True,True,True,True,True
BIOMD0000001090,R_R00575_C3_cytop,CLU_BIOMD0000001090,unconstrained,True,bge_m3_dense,100,False,23,1,0.0,1.0,False,True,False,True,False,True,False,True
BIOMD0000001090,R_R00590_C3_cytop,CLU_BIOMD0000001090,retrievable_top1_success,False,bge_m3_dense,100,False,1,1,1.0,1.0,True,True,True,True,True,True,True,True
BIOMD0000001090,R_R00619_C3_cytop,CLU_BIOMD0000001090,retrievable_top1_success,True,bge_m3_dense,100,False,1,1,1.0,1.0,True,True,True,True,True,True,True,True
BIOMD0000001090,R_R00658_C3_cytop,CLU_BIOMD0000001090,retrievable_top1_success,True,bge_m3_dense,100,False,2,2,0.5,0.5,False,False,True,True,True,True,True,True
BIOMD0000001090,R_R00660_C3_cytop,CLU_BIOMD0000001090,retrievable_top1_success,True,bge_m3_dense,100,False,5,5,0.2,0.2,False,False,False,False,True,True,True,True
BIOMD0000001090,R_R00662_C3_cytop,CLU_BIOMD0000001090,retrievable_top1_success,True,bge_m3_dense,100,False,3,1,0.3333333333333333,1.0,False,True,True,True,True,True,True,True
BIOMD0000001090,R_R00694_C3_cytop,CLU_BIOMD0000001090,retrievable_top1_success,True,bge_m3_dense,100,False,3,1,0.3333333333333333,1.0,False,True,True,True,True,True,True,True
BIOMD0000001090,R_R00703_C3_cytop,CLU_BIOMD0000001090,unconstrained,True,bge_m3_dense,100,False,11,11,0.0,0.0,False,False,False,False,False,False,False,False
BIOMD0000001090,R_R00734_C3_cytop,CLU_BIOMD0000001090,retrievable_top1_success,True,bge_m3_dense,100,False,12,1,0.0,1.0,False,True,False,True,False,True,False,True
BIOMD0000001090,R_R00742_C3_cytop,CLU_BIOMD0000001090,unconstrained,True,bge_m3_dense,100,False,,,0.0,0.0,False,False,False,False,False,False,False,False
BIOMD0000001090,R_R00754_C3_cytop,CLU_BIOMD0000001090,retrievable_top1_success,True,bge_m3_dense,100,False,1,1,1.0,1.0,True,True,True,True,True,True,True,True
BIOMD0000001090,R_R00760_C3_cytop,CLU_BIOMD0000001090,retrievable_rerank_failure,True,bge_m3_dense,100,False,3,1,0.3333333333333333,1.0,False,True,True,True,True,True,True,True
BIOMD0000001090,R_R00765_C3_cytop,CLU_BIOMD0000001090,retrievable_top1_success,True,bge_m3_dense,100,False,86,86,0.0,0.0,False,False,False,False,False,False,False,False
BIOMD0000001090,R_R00768_C3_cytop,CLU_BIOMD0000001090,retrievable_top1_success,True,bge_m3_dense,100,False,2,2,0.5,0.5,False,False,True,True,True,True,True,True
BIOMD0000001090,R_R00771_C3_cytop,CLU_BIOMD0000001090,retrievable_rerank_failure,True,bge_m3_dense,100,False,6,1,0.16666666666666666,1.0,False,True,False,True,False,True,True,True
BIOMD0000001090,R_R00802_C3_cytop,CLU_BIOMD0000001090,retrievable_top1_success,False,bge_m3_dense,100,False,3,2,0.3333333333333333,0.5,False,False,True,True,True,True,True,True
BIOMD0000001090,R_R00803_C3_cytop,CLU_BIOMD0000001090,retrievable_top1_success,False,bge_m3_dense,100,False,1,1,1.0,1.0,True,True,True,True,True,True,True,True
BIOMD0000001090,R_R00842_C3_cytop,CLU_BIOMD0000001090,unconstrained,True,bge_m3_dense,100,False,58,58,0.0,0.0,False,False,False,False,False,False,False,False
BIOMD0000001090,R_R00844_C3_cytop,CLU_BIOMD0000001090,unconstrained,True,bge_m3_dense,100,False,66,66,0.0,0.0,False,False,False,False,False,False,False,False
BIOMD0000001090,R_R00847_C3_cytop,CLU_BIOMD0000001090,retrievable_top1_success,True,bge_m3_dense,100,False,1,1,1.0,1.0,True,True,True,True,True,True,True,True
BIOMD0000001090,R_R00867_C3_cytop,CLU_BIOMD0000001090,retrievable_rerank_failure,True,bge_m3_dense,100,False,2,1,0.5,1.0,False,True,True,True,True,True,True,True
BIOMD0000001090,R_R00921_C3_cytop,CLU_BIOMD0000001090,retrievable_top1_success,True,bge_m3_dense,100,False,1,1,1.0,1.0,True,True,True,True,True,True,True,True
BIOMD0000001090,R_R00936_C3_cytop,CLU_BIOMD0000001090,unconstrained,False,bge_m3_dense,100,False,6,5,0.16666666666666666,0.2,False,False,False,False,False,True,True,True
BIOMD0000001090,R_R00937_C3_cytop,CLU_BIOMD0000001090,unconstrained,False,bge_m3_dense,100,False,2,2,0.5,0.5,False,False,True,True,True,True,True,True
BIOMD0000001090,R_R00939_C3_cytop,CLU_BIOMD0000001090,unconstrained,True,bge_m3_dense,100,False,6,5,0.16666666666666666,0.2,False,False,False,False,False,True,True,True
BIOMD0000001090,R_R00943_C3_cytop,CLU_BIOMD0000001090,retrievable_top1_success,True,bge_m3_dense,100,False,1,1,1.0,1.0,True,True,True,True,True,True,True,True
BIOMD0000001090,R_R00945_C3_cytop,CLU_BIOMD0000001090,retrievable_top1_success,True,bge_m3_dense,100,False,2,2,0.5,0.5,False,False,True,True,True,True,True,True
BIOMD0000001090,R_R00946_C3_cytop,CLU_BIOMD0000001090,retrievable_top1_success,True,bge_m3_dense,100,False,1,1,1.0,1.0,True,True,True,True,True,True,True,True
BIOMD0000001090,R_R00955_C3_cytop,CLU_BIOMD0000001090,retrievable_top1_success,True,bge_m3_dense,100,False,7,7,0.14285714285714285,0.14285714285714285,False,False,False,False,False,False,True,True
BIOMD0000001090,R_R00959_C3_cytop,CLU_BIOMD0000001090,retrievable_top1_success,True,bge_m3_dense,100,False,2,1,0.5,1.0,False,True,True,True,True,True,True,True
BIOMD0000001090,R_R00963_C3_cytop,CLU_BIOMD0000001090,retrievable_top1_success,True,bge_m3_dense,100,False,1,1,1.0,1.0,True,True,True,True,True,True,True,True
BIOMD0000001090,R_R00964_C3_cytop,CLU_BIOMD0000001090,retrievable_top1_success,True,bge_m3_dense,100,False,1,1,1.0,1.0,True,True,True,True,True,True,True,True
BIOMD0000001090,R_R00965_C3_cytop,CLU_BIOMD0000001090,retrievable_top1_success,True,bge_m3_dense,100,False,1,1,1.0,1.0,True,True,True,True,True,True,True,True
BIOMD0000001090,R_R00966_C3_cytop,CLU_BIOMD0000001090,retrievable_top1_success,True,bge_m3_dense,100,False,1,1,1.0,1.0,True,True,True,True,True,True,True,True
BIOMD0000001090,R_R00967_C3_cytop,CLU_BIOMD0000001090,unconstrained,True,bge_m3_dense,100,False,,,0.0,0.0,False,False,False,False,False,False,False,False
BIOMD0000001090,R_R00968_C3_cytop,CLU_BIOMD0000001090,retrievable_top1_success,True,bge_m3_dense,100,False,1,1,1.0,1.0,True,True,True,True,True,True,True,True
BIOMD0000001090,R_R00985_C3_cytop,CLU_BIOMD0000001090,retrievable_top1_success,True,bge_m3_dense,100,False,13,5,0.0,0.2,False,False,False,False,False,True,False,True
BIOMD0000001090,R_R00986_C3_cytop,CLU_BIOMD0000001090,retrievable_top1_success,True,bge_m3_dense,100,False,2,2,0.5,0.5,False,False,True,True,True,True,True,True
BIOMD0000001090,R_R00996_C3_cytop,CLU_BIOMD0000001090,retrievable_top1_success,True,bge_m3_dense,100,False,2,2,0.5,0.5,False,False,True,True,True,True,True,True
BIOMD0000001090,R_R00999_C3_cytop,CLU_BIOMD0000001090,retrievable_top1_success,True,bge_m3_dense,100,False,4,2,0.25,0.5,False,False,False,True,True,True,True,True
BIOMD0000001090,R_R01015_C3_cytop,CLU_BIOMD0000001090,retrievable_top1_success,True,bge_m3_dense,100,False,1,1,1.0,1.0,True,True,True,True,True,True,True,True
BIOMD0000001090,R_R01021_C3_cytop,CLU_BIOMD0000001090,retrievable_top1_success,False,bge_m3_dense,100,False,1,1,1.0,1.0,True,True,True,True,True,True,True,True
BIOMD0000001090,R_R01049_C3_cytop,CLU_BIOMD0000001090,retrievable_top1_success,True,bge_m3_dense,100,False,3,3,0.3333333333333333,0.3333333333333333,False,False,True,True,True,True,True,True
BIOMD0000001090,R_R01056_C3_cytop,CLU_BIOMD0000001090,unconstrained,True,bge_m3_dense,100,False,2,2,0.5,0.5,False,False,True,True,True,True,True,True
BIOMD0000001090,R_R01057_C3_cytop,CLU_BIOMD0000001090,unconstrained,True,bge_m3_dense,100,False,2,2,0.5,0.5,False,False,True,True,True,True,True,True
BIOMD0000001090,R_R01058_C3_cytop,CLU_BIOMD0000001090,retrievable_top1_success,False,bge_m3_dense,100,False,49,49,0.0,0.0,False,False,False,False,False,False,False,False
BIOMD0000001090,R_R01061_C3_cytop,CLU_BIOMD0000001090,retrievable_top1_success,True,bge_m3_dense,100,False,5,1,0.2,1.0,False,True,False,True,True,True,True,True
BIOMD0000001090,R_R01066_C3_cytop,CLU_BIOMD0000001090,retrievable_top1_success,True,bge_m3_dense,100,False,4,4,0.25,0.25,False,False,False,False,True,True,True,True
BIOMD0000001090,R_R01069_C3_cytop,CLU_BIOMD0000001090,retrievable_top1_success,True,bge_m3_dense,100,False,1,1,1.0,1.0,True,True,True,True,True,True,True,True
BIOMD0000001090,R_R01070_C3_cytop,CLU_BIOMD0000001090,retrievable_top1_success,True,bge_m3_dense,100,False,1,1,1.0,1.0,True,True,True,True,True,True,True,True
BIOMD0000001090,R_R01072_C3_cytop,CLU_BIOMD0000001090,unconstrained,True,bge_m3_dense,100,False,,,0.0,0.0,False,False,False,False,False,False,False,False
BIOMD0000001090,R_R01073_C3_cytop,CLU_BIOMD0000001090,unconstrained,True,bge_m3_dense,100,False,6,6,0.16666666666666666,0.16666666666666666,False,False,False,False,False,False,True,True
BIOMD0000001090,R_R01083_C3_cytop,CLU_BIOMD0000001090,retrievable_top1_success,True,bge_m3_dense,100,False,1,1,1.0,1.0,True,True,True,True,True,True,True,True
BIOMD0000001090,R_R01086_C3_cytop,CLU_BIOMD0000001090,retrievable_top1_success,True,bge_m3_dense,100,False,1,1,1.0,1.0,True,True,True,True,True,True,True,True
BIOMD0000001090,R_R01090_C3_cytop,CLU_BIOMD0000001090,unconstrained,True,bge_m3_dense,100,False,1,1,1.0,1.0,True,True,True,True,True,True,True,True
BIOMD0000001090,R_R01092_C3_cytop,CLU_BIOMD0000001090,retrievable_top1_success,True,bge_m3_dense,100,False,1,1,1.0,1.0,True,True,True,True,True,True,True,True
BIOMD0000001090,R_R01105_C3_cytop,CLU_BIOMD0000001090,unconstrained,False,bge_m3_dense,100,False,1,1,1.0,1.0,True,True,True,True,True,True,True,True
BIOMD0000001090,R_R01121_C3_cytop,CLU_BIOMD0000001090,retrievable_top1_success,True,bge_m3_dense,100,False,13,13,0.0,0.0,False,False,False,False,False,False,False,False
BIOMD0000001090,R_R01123_C3_cytop,CLU_BIOMD0000001090,retrievable_top1_success,True,bge_m3_dense,100,False,1,1,1.0,1.0,True,True,True,True,True,True,True,True
BIOMD0000001090,R_R01126_C3_cytop,CLU_BIOMD0000001090,retrievable_top1_success,True,bge_m3_dense,100,False,1,1,1.0,1.0,True,True,True,True,True,True,True,True
BIOMD0000001090,R_R01127_C3_cytop,CLU_BIOMD0000001090,unconstrained,True,bge_m3_dense,100,False,4,4,0.25,0.25,False,False,False,False,True,True,True,True
BIOMD0000001090,R_R01130_C3_cytop,CLU_BIOMD0000001090,retrievable_top1_success,True,bge_m3_dense,100,False,3,3,0.3333333333333333,0.3333333333333333,False,False,True,True,True,True,True,True
BIOMD0000001090,R_R01132_C3_cytop,CLU_BIOMD0000001090,retrievable_top1_success,True,bge_m3_dense,100,False,1,1,1.0,1.0,True,True,True,True,True,True,True,True
BIOMD0000001090,R_R01134_C3_cytop,CLU_BIOMD0000001090,unconstrained,True,bge_m3_dense,100,False,6,6,0.16666666666666666,0.16666666666666666,False,False,False,False,False,False,True,True
BIOMD0000001090,R_R01135_C3_cytop,CLU_BIOMD0000001090,retrievable_top1_success,True,bge_m3_dense,100,False,1,1,1.0,1.0,True,True,True,True,True,True,True,True
BIOMD0000001090,R_R01148_C3_cytop,CLU_BIOMD0000001090,retrievable_top1_success,True,bge_m3_dense,100,False,2,2,0.5,0.5,False,False,True,True,True,True,True,True
BIOMD0000001090,R_R01150_C3_cytop,CLU_BIOMD0000001090,retrievable_top1_success,True,bge_m3_dense,100,False,1,1,1.0,1.0,True,True,True,True,True,True,True,True
BIOMD0000001090,R_R01152_C3_cytop,CLU_BIOMD0000001090,retrievable_top1_success,False,bge_m3_dense,100,False,1,1,1.0,1.0,True,True,True,True,True,True,True,True
BIOMD0000001090,R_R01214_C3_cytop,CLU_BIOMD0000001090,unconstrained,True,bge_m3_dense,100,False,2,2,0.5,0.5,False,False,True,True,True,True,True,True
BIOMD0000001090,R_R01220_C3_cytop,CLU_BIOMD0000001090,retrievable_top1_success,True,bge_m3_dense,100,False,2,2,0.5,0.5,False,False,True,True,True,True,True,True
BIOMD0000001090,R_R01221_C3_cytop,CLU_BIOMD0000001090,retrievable_top1_success,True,bge_m3_dense,100,False,6,6,0.16666666666666666,0.16666666666666666,False,False,False,False,False,False,True,True
BIOMD0000001090,R_R01224_C3_cytop,CLU_BIOMD0000001090,unconstrained,True,bge_m3_dense,100,False,1,1,1.0,1.0,True,True,True,True,True,True,True,True
BIOMD0000001090,R_R01227_C3_cytop,CLU_BIOMD0000001090,retrievable_top1_success,True,bge_m3_dense,100,False,2,1,0.5,1.0,False,True,True,True,True,True,True,True
BIOMD0000001090,R_R01229_C3_cytop,CLU_BIOMD0000001090,unconstrained,True,bge_m3_dense,100,False,1,1,1.0,1.0,True,True,True,True,True,True,True,True
BIOMD0000001090,R_R01230_C3_cytop,CLU_BIOMD0000001090,retrievable_top1_success,True,bge_m3_dense,100,False,8,8,0.125,0.125,False,False,False,False,False,False,True,True
BIOMD0000001090,R_R01231_C3_cytop,CLU_BIOMD0000001090,retrievable_top1_success,True,bge_m3_dense,100,False,1,1,1.0,1.0,True,True,True,True,True,True,True,True
BIOMD0000001090,R_R01251_C3_cytop,CLU_BIOMD0000001090,unconstrained,True,bge_m3_dense,100,False,1,1,1.0,1.0,True,True,True,True,True,True,True,True
BIOMD0000001090,R_R01286_C3_cytop,CLU_BIOMD0000001090,retrievable_top1_success,True,bge_m3_dense,100,False,1,1,1.0,1.0,True,True,True,True,True,True,True,True
BIOMD0000001090,R_R01373_C3_cytop,CLU_BIOMD0000001090,retrievable_top1_success,True,bge_m3_dense,100,False,1,1,1.0,1.0,True,True,True,True,True,True,True,True
BIOMD0000001090,R_R01397_C3_cytop,CLU_BIOMD0000001090,retrievable_top1_success,True,bge_m3_dense,100,False,2,2,0.5,0.5,False,False,True,True,True,True,True,True
BIOMD0000001090,R_R01401_C3_cytop,CLU_BIOMD0000001090,retrievable_top1_success,True,bge_m3_dense,100,False,1,1,1.0,1.0,True,True,True,True,True,True,True,True
BIOMD0000001090,R_R01416_C3_cytop,CLU_BIOMD0000001090,retrievable_top1_success,True,bge_m3_dense,100,False,1,1,1.0,1.0,True,True,True,True,True,True,True,True
BIOMD0000001090,R_R01466_C3_cytop,CLU_BIOMD0000001090,retrievable_top1_success,True,bge_m3_dense,100,False,1,1,1.0,1.0,True,True,True,True,True,True,True,True
BIOMD0000001090,R_R01512_C3_cytop,CLU_BIOMD0000001090,unconstrained,True,bge_m3_dense,100,False,1,1,1.0,1.0,True,True,True,True,True,True,True,True
BIOMD0000001090,R_R01515_C3_cytop,CLU_BIOMD0000001090,retrievable_top1_success,True,bge_m3_dense,100,False,8,8,0.125,0.125,False,False,False,False,False,False,True,True
BIOMD0000001090,R_R01518_C3_cytop,CLU_BIOMD0000001090,retrievable_top1_success,True,bge_m3_dense,100,False,1,1,1.0,1.0,True,True,True,True,True,True,True,True
BIOMD0000001090,R_R01524_C3_cytop,CLU_BIOMD0000001090,unconstrained,False,bge_m3_dense,100,False,13,13,0.0,0.0,False,False,False,False,False,False,False,False
BIOMD0000001090,R_R01525_C3_cytop,CLU_BIOMD0000001090,unconstrained,False,bge_m3_dense,100,False,1,1,1.0,1.0,True,True,True,True,True,True,True,True
BIOMD0000001090,R_R01528_C3_cytop,CLU_BIOMD0000001090,retrievable_top1_success,True,bge_m3_dense,100,False,4,4,0.25,0.25,False,False,False,False,True,True,True,True
BIOMD0000001090,R_R01529_C3_cytop,CLU_BIOMD0000001090,retrievable_top1_success,True,bge_m3_dense,100,False,1,1,1.0,1.0,True,True,True,True,True,True,True,True
BIOMD0000001090,R_R01547_C3_cytop,CLU_BIOMD0000001090,retrievable_top1_success,True,bge_m3_dense,100,False,1,1,1.0,1.0,True,True,True,True,True,True,True,True
BIOMD0000001090,R_R01561_C3_cytop,CLU_BIOMD0000001090,unconstrained,True,bge_m3_dense,100,False,1,1,1.0,1.0,True,True,True,True,True,True,True,True
BIOMD0000001090,R_R01600_C3_cytop,CLU_BIOMD0000001090,retrievable_top1_success,True,bge_m3_dense,100,False,1,1,1.0,1.0,True,True,True,True,True,True,True,True
BIOMD0000001090,R_R01602_C3_cytop,CLU_BIOMD0000001090,retrievable_top1_success,False,bge_m3_dense,100,False,1,1,1.0,1.0,True,True,True,True,True,True,True,True
BIOMD0000001090,R_R01624_C3_cytop,CLU_BIOMD0000001090,retrievable_top1_success,True,bge_m3_dense,100,False,1,1,1.0,1.0,True,True,True,True,True,True,True,True
BIOMD0000001090,R_R01625_C3_cytop,CLU_BIOMD0000001090,retrievable_top1_success,True,bge_m3_dense,100,False,1,1,1.0,1.0,True,True,True,True,True,True,True,True
BIOMD0000001090,R_R01626_C3_cytop,CLU_BIOMD0000001090,retrievable_top1_success,True,bge_m3_dense,100,False,7,2,0.14285714285714285,0.5,False,False,False,True,False,True,True,True
BIOMD0000001090,R_R01641_C3_cytop,CLU_BIOMD0000001090,unconstrained,True,bge_m3_dense,100,False,2,2,0.5,0.5,False,False,True,True,True,True,True,True
BIOMD0000001090,R_R01652_C3_cytop,CLU_BIOMD0000001090,unconstrained,True,bge_m3_dense,100,False,1,1,1.0,1.0,True,True,True,True,True,True,True,True
BIOMD0000001090,R_R01655_C3_cytop,CLU_BIOMD0000001090,retrievable_top1_success,True,bge_m3_dense,100,False,5,5,0.2,0.2,False,False,False,False,True,True,True,True
BIOMD0000001090,R_R01658_C3_cytop,CLU_BIOMD0000001090,retrievable_top1_success,True,bge_m3_dense,100,False,5,5,0.2,0.2,False,False,False,False,True,True,True,True
BIOMD0000001090,R_R01664_C3_cytop,CLU_BIOMD0000001090,retrievable_top1_success,True,bge_m3_dense,100,False,1,1,1.0,1.0,True,True,True,True,True,True,True,True
BIOMD0000001090,R_R01665_C3_cytop,CLU_BIOMD0000001090,retrievable_top1_success,True,bge_m3_dense,100,False,2,1,0.5,1.0,False,True,True,True,True,True,True,True
BIOMD0000001090,R_R01678_C3_cytop,CLU_BIOMD0000001090,retrievable_top1_success,False,bge_m3_dense,100,False,1,1,1.0,1.0,True,True,True,True,True,True,True,True
BIOMD0000001090,R_R01706_C3_cytop,CLU_BIOMD0000001090,retrievable_top1_success,False,bge_m3_dense,100,False,4,4,0.25,0.25,False,False,False,False,True,True,True,True
BIOMD0000001090,R_R01714_C3_cytop,CLU_BIOMD0000001090,retrievable_top1_success,True,bge_m3_dense,100,False,1,1,1.0,1.0,True,True,True,True,True,True,True,True
BIOMD0000001090,R_R01715_C3_cytop,CLU_BIOMD0000001090,retrievable_top1_success,True,bge_m3_dense,100,False,1,1,1.0,1.0,True,True,True,True,True,True,True,True
BIOMD0000001090,R_R01716_C3_cytop,CLU_BIOMD0000001090,retrievable_top1_success,True,bge_m3_dense,100,False,1,1,1.0,1.0,True,True,True,True,True,True,True,True
BIOMD0000001090,R_R01724_C3_cytop,CLU_BIOMD0000001090,unconstrained,True,bge_m3_dense,100,False,2,2,0.5,0.5,False,False,True,True,True,True,True,True
BIOMD0000001090,R_R01728_C3_cytop,CLU_BIOMD0000001090,retrievable_top1_success,True,bge_m3_dense,100,False,2,2,0.5,0.5,False,False,True,True,True,True,True,True
BIOMD0000001090,R_R01771_C3_cytop,CLU_BIOMD0000001090,retrievable_top1_success,True,bge_m3_dense,100,False,1,1,1.0,1.0,True,True,True,True,True,True,True,True
BIOMD0000001090,R_R01773_C3_cytop,CLU_BIOMD0000001090,unconstrained,True,bge_m3_dense,100,False,2,2,0.5,0.5,False,False,True,True,True,True,True,True
BIOMD0000001090,R_R01775_C3_cytop,CLU_BIOMD0000001090,unconstrained,True,bge_m3_dense,100,False,3,3,0.3333333333333333,0.3333333333333333,False,False,True,True,True,True,True,True
BIOMD0000001090,R_R01777_C3_cytop,CLU_BIOMD0000001090,retrievable_top1_success,True,bge_m3_dense,100,False,3,3,0.3333333333333333,0.3333333333333333,False,False,True,True,True,True,True,True
BIOMD0000001090,R_R01786_C3_cytop,CLU_BIOMD0000001090,retrievable_top1_success,True,bge_m3_dense,100,False,2,1,0.5,1.0,False,True,True,True,True,True,True,True
BIOMD0000001090,R_R01799_C3_cytop,CLU_BIOMD0000001090,retrievable_top1_success,True,bge_m3_dense,100,False,2,2,0.5,0.5,False,False,True,True,True,True,True,True
BIOMD0000001090,R_R01801_C3_cytop,CLU_BIOMD0000001090,retrievable_top1_success,False,bge_m3_dense,100,False,2,2,0.5,0.5,False,False,True,True,True,True,True,True
BIOMD0000001090,R_R01819_C3_cytop,CLU_BIOMD0000001090,retrievable_top1_success,True,bge_m3_dense,100,False,1,1,1.0,1.0,True,True,True,True,True,True,True,True
BIOMD0000001090,R_R01826_C3_cytop,CLU_BIOMD0000001090,retrievable_top1_success,True,bge_m3_dense,100,False,20,20,0.0,0.0,False,False,False,False,False,False,False,False
BIOMD0000001090,R_R01827_C3_cytop,CLU_BIOMD0000001090,retrievable_top1_success,True,bge_m3_dense,100,False,1,1,1.0,1.0,True,True,True,True,True,True,True,True
BIOMD0000001090,R_R01830_C3_cytop,CLU_BIOMD0000001090,retrievable_top1_success,True,bge_m3_dense,100,False,32,1,0.0,1.0,False,True,False,True,False,True,False,True
BIOMD0000001090,R_R01855_C3_cytop,CLU_BIOMD0000001090,retrievable_top1_success,True,bge_m3_dense,100,False,1,1,1.0,1.0,True,True,True,True,True,True,True,True
BIOMD0000001090,R_R01863_C3_cytop,CLU_BIOMD0000001090,retrievable_top1_success,True,bge_m3_dense,100,False,2,2,0.5,0.5,False,False,True,True,True,True,True,True
BIOMD0000001090,R_R01867_C3_cytop,CLU_BIOMD0000001090,retrievable_top1_success,True,bge_m3_dense,100,False,1,1,1.0,1.0,True,True,True,True,True,True,True,True
BIOMD0000001090,R_R01869_C3_cytop,CLU_BIOMD0000001090,unconstrained,True,bge_m3_dense,100,False,3,3,0.3333333333333333,0.3333333333333333,False,False,True,True,True,True,True,True
BIOMD0000001090,R_R01870_C3_cytop,CLU_BIOMD0000001090,unconstrained,True,bge_m3_dense,100,False,1,1,1.0,1.0,True,True,True,True,True,True,True,True
BIOMD0000001090,R_R01876_C3_cytop,CLU_BIOMD0000001090,retrievable_top1_success,True,bge_m3_dense,100,False,1,1,1.0,1.0,True,True,True,True,True,True,True,True
BIOMD0000001090,R_R01878_C3_cytop,CLU_BIOMD0000001090,retrievable_top1_success,True,bge_m3_dense,100,False,2,2,0.5,0.5,False,False,True,True,True,True,True,True
BIOMD0000001090,R_R01880_C3_cytop,CLU_BIOMD0000001090,unconstrained,True,bge_m3_dense,100,False,,,0.0,0.0,False,False,False,False,False,False,False,False
BIOMD0000001090,R_R01920_C3_cytop,CLU_BIOMD0000001090,unconstrained,True,bge_m3_dense,100,False,4,4,0.25,0.25,False,False,False,False,True,True,True,True
BIOMD0000001090,R_R01954_C3_cytop,CLU_BIOMD0000001090,retrievable_top1_success,True,bge_m3_dense,100,False,1,1,1.0,1.0,True,True,True,True,True,True,True,True
BIOMD0000001090,R_R01978_C3_cytop,CLU_BIOMD0000001090,unconstrained,True,bge_m3_dense,100,False,15,15,0.0,0.0,False,False,False,False,False,False,False,False
BIOMD0000001090,R_R01993_C3_cytop,CLU_BIOMD0000001090,unconstrained,True,bge_m3_dense,100,False,1,1,1.0,1.0,True,True,True,True,True,True,True,True
BIOMD0000001090,R_R02003_C3_cytop,CLU_BIOMD0000001090,retrievable_top1_success,True,bge_m3_dense,100,False,31,29,0.0,0.0,False,False,False,False,False,False,False,False
BIOMD0000001090,R_R02014_C3_cytop,CLU_BIOMD0000001090,unconstrained,True,bge_m3_dense,100,False,1,1,1.0,1.0,True,True,True,True,True,True,True,True
BIOMD0000001090,R_R02016_C3_cytop,CLU_BIOMD0000001090,unconstrained,True,bge_m3_dense,100,False,6,6,0.16666666666666666,0.16666666666666666,False,False,False,False,False,False,True,True
BIOMD0000001090,R_R02017_C3_cytop,CLU_BIOMD0000001090,unconstrained,True,bge_m3_dense,100,False,2,2,0.5,0.5,False,False,True,True,True,True,True,True
BIOMD0000001090,R_R02018_C3_cytop,CLU_BIOMD0000001090,unconstrained,True,bge_m3_dense,100,False,3,3,0.3333333333333333,0.3333333333333333,False,False,True,True,True,True,True,True
BIOMD0000001090,R_R02019_C3_cytop,CLU_BIOMD0000001090,unconstrained,True,bge_m3_dense,100,False,1,1,1.0,1.0,True,True,True,True,True,True,True,True
BIOMD0000001090,R_R02020_C3_cytop,CLU_BIOMD0000001090,unconstrained,True,bge_m3_dense,100,False,1,1,1.0,1.0,True,True,True,True,True,True,True,True
BIOMD0000001090,R_R02022_C3_cytop,CLU_BIOMD0000001090,unconstrained,False,bge_m3_dense,100,False,1,1,1.0,1.0,True,True,True,True,True,True,True,True
BIOMD0000001090,R_R02023_C3_cytop,CLU_BIOMD0000001090,unconstrained,True,bge_m3_dense,100,False,3,1,0.3333333333333333,1.0,False,True,True,True,True,True,True,True
BIOMD0000001090,R_R02024_C3_cytop,CLU_BIOMD0000001090,unconstrained,True,bge_m3_dense,100,False,1,1,1.0,1.0,True,True,True,True,True,True,True,True
BIOMD0000001090,R_R02029_C3_cytop,CLU_BIOMD0000001090,retrievable_top1_success,False,bge_m3_dense,100,False,5,5,0.2,0.2,False,False,False,False,True,True,True,True
BIOMD0000001090,R_R02030_C3_cytop,CLU_BIOMD0000001090,retrievable_top1_success,False,bge_m3_dense,100,False,1,1,1.0,1.0,True,True,True,True,True,True,True,True
BIOMD0000001090,R_R02035_C3_cytop,CLU_BIOMD0000001090,retrievable_top1_success,True,bge_m3_dense,100,False,1,1,1.0,1.0,True,True,True,True,True,True,True,True
BIOMD0000001090,R_R02059_C3_cytop,CLU_BIOMD0000001090,retrievable_top1_success,True,bge_m3_dense,100,False,11,11,0.0,0.0,False,False,False,False,False,False,False,False
BIOMD0000001090,R_R02060_C3_cytop,CLU_BIOMD0000001090,retrievable_top1_success,True,bge_m3_dense,100,False,3,3,0.3333333333333333,0.3333333333333333,False,False,True,True,True,True,True,True
BIOMD0000001090,R_R02081_C3_cytop,CLU_BIOMD0000001090,unconstrained,False,bge_m3_dense,100,False,1,1,1.0,1.0,True,True,True,True,True,True,True,True
BIOMD0000001090,R_R02090_C3_cytop,CLU_BIOMD0000001090,retrievable_top1_success,True,bge_m3_dense,100,False,1,1,1.0,1.0,True,True,True,True,True,True,True,True
BIOMD0000001090,R_R02091_C3_cytop,CLU_BIOMD0000001090,unconstrained,True,bge_m3_dense,100,False,,,0.0,0.0,False,False,False,False,False,False,False,False
BIOMD0000001090,R_R02093_C3_cytop,CLU_BIOMD0000001090,retrievable_top1_success,True,bge_m3_dense,100,False,3,2,0.3333333333333333,0.5,False,False,True,True,True,True,True,True
BIOMD0000001090,R_R02094_C3_cytop,CLU_BIOMD0000001090,retrievable_top1_success,True,bge_m3_dense,100,False,1,1,1.0,1.0,True,True,True,True,True,True,True,True
BIOMD0000001090,R_R02096_C3_cytop,CLU_BIOMD0000001090,unconstrained,True,bge_m3_dense,100,False,,,0.0,0.0,False,False,False,False,False,False,False,False
BIOMD0000001090,R_R02097_C3_cytop,CLU_BIOMD0000001090,unconstrained,True,bge_m3_dense,100,False,,,0.0,0.0,False,False,False,False,False,False,False,False
BIOMD0000001090,R_R02098_C3_cytop,CLU_BIOMD0000001090,retrievable_top1_success,True,bge_m3_dense,100,False,1,1,1.0,1.0,True,True,True,True,True,True,True,True
BIOMD0000001090,R_R02099_C3_cytop,CLU_BIOMD0000001090,retrievable_top1_success,True,bge_m3_dense,100,False,1,1,1.0,1.0,True,True,True,True,True,True,True,True
BIOMD0000001090,R_R02101_C3_cytop,CLU_BIOMD0000001090,retrievable_top1_success,True,bge_m3_dense,100,False,1,1,1.0,1.0,True,True,True,True,True,True,True,True
BIOMD0000001090,R_R02102_C3_cytop,CLU_BIOMD0000001090,retrievable_top1_success,True,bge_m3_dense,100,False,2,1,0.5,1.0,False,True,True,True,True,True,True,True
BIOMD0000001090,R_R02142_C3_cytop,CLU_BIOMD0000001090,retrievable_top1_success,True,bge_m3_dense,100,False,1,1,1.0,1.0,True,True,True,True,True,True,True,True
BIOMD0000001090,R_R02147_C3_cytop,CLU_BIOMD0000001090,unconstrained,True,bge_m3_dense,100,False,1,1,1.0,1.0,True,True,True,True,True,True,True,True
BIOMD0000001090,R_R02199_C3_cytop,CLU_BIOMD0000001090,unconstrained,True,bge_m3_dense,100,False,4,2,0.25,0.5,False,False,False,True,True,True,True,True
BIOMD0000001090,R_R02237_C3_cytop,CLU_BIOMD0000001090,retrievable_top1_success,True,bge_m3_dense,100,False,1,1,1.0,1.0,True,True,True,True,True,True,True,True
BIOMD0000001090,R_R02239_C3_cytop,CLU_BIOMD0000001090,retrievable_top1_success,False,bge_m3_dense,100,False,,,0.0,0.0,False,False,False,False,False,False,False,False
BIOMD0000001090,R_R02240_C3_cytop,CLU_BIOMD0000001090,retrievable_top1_success,False,bge_m3_dense,100,False,2,2,0.5,0.5,False,False,True,True,True,True,True,True
BIOMD0000001090,R_R02245_C3_cytop,CLU_BIOMD0000001090,retrievable_top1_success,True,bge_m3_dense,100,False,2,2,0.5,0.5,False,False,True,True,True,True,True,True
BIOMD0000001090,R_R02291_C3_cytop,CLU_BIOMD0000001090,unconstrained,True,bge_m3_dense,100,False,4,4,0.25,0.25,False,False,False,False,True,True,True,True
BIOMD0000001090,R_R02294_C3_cytop,CLU_BIOMD0000001090,unconstrained,True,bge_m3_dense,100,False,1,1,1.0,1.0,True,True,True,True,True,True,True,True
BIOMD0000001090,R_R02295_C3_cytop,CLU_BIOMD0000001090,retrievable_top1_success,True,bge_m3_dense,100,False,3,3,0.3333333333333333,0.3333333333333333,False,False,True,True,True,True,True,True
BIOMD0000001090,R_R02297_C3_cytop,CLU_BIOMD0000001090,retrievable_top1_success,True,bge_m3_dense,100,False,1,1,1.0,1.0,True,True,True,True,True,True,True,True
BIOMD0000001090,R_R02323_C3_cytop,CLU_BIOMD0000001090,unconstrained,True,bge_m3_dense,100,False,5,3,0.2,0.3333333333333333,False,False,False,True,True,True,True,True
BIOMD0000001090,R_R02326_C3_cytop,CLU_BIOMD0000001090,retrievable_top1_success,True,bge_m3_dense,100,False,1,1,1.0,1.0,True,True,True,True,True,True,True,True
BIOMD0000001090,R_R02327_C3_cytop,CLU_BIOMD0000001090,unconstrained,True,bge_m3_dense,100,False,,,0.0,0.0,False,False,False,False,False,False,False,False
BIOMD0000001090,R_R02331_C3_cytop,CLU_BIOMD0000001090,retrievable_top1_success,True,bge_m3_dense,100,False,1,1,1.0,1.0,True,True,True,True,True,True,True,True
BIOMD0000001090,R_R02371_C3_cytop,CLU_BIOMD0000001090,unconstrained,True,bge_m3_dense,100,False,,,0.0,0.0,False,False,False,False,False,False,False,False
BIOMD0000001090,R_R02412_C3_cytop,CLU_BIOMD0000001090,retrievable_top1_success,True,bge_m3_dense,100,False,1,1,1.0,1.0,True,True,True,True,True,True,True,True
BIOMD0000001090,R_R02413_C3_cytop,CLU_BIOMD0000001090,unconstrained,True,bge_m3_dense,100,False,2,1,0.5,1.0,False,True,True,True,True,True,True,True
BIOMD0000001090,R_R02484_C3_cytop,CLU_BIOMD0000001090,retrievable_top1_success,True,bge_m3_dense,100,False,1,1,1.0,1.0,True,True,True,True,True,True,True,True
BIOMD0000001090,R_R02485_C3_cytop,CLU_BIOMD0000001090,retrievable_top1_success,True,bge_m3_dense,100,False,1,1,1.0,1.0,True,True,True,True,True,True,True,True
BIOMD0000001090,R_R02569_C3_cytop,CLU_BIOMD0000001090,retrievable_top1_success,True,bge_m3_dense,100,False,1,1,1.0,1.0,True,True,True,True,True,True,True,True
BIOMD0000001090,R_R02689_C3_cytop,CLU_BIOMD0000001090,retrievable_top1_success,False,bge_m3_dense,100,False,1,1,1.0,1.0,True,True,True,True,True,True,True,True
BIOMD0000001090,R_R02703_C3_cytop,CLU_BIOMD0000001090,retrievable_top1_success,True,bge_m3_dense,100,False,2,1,0.5,1.0,False,True,True,True,True,True,True,True
BIOMD0000001090,R_R02719_C3_cytop,CLU_BIOMD0000001090,retrievable_top1_success,True,bge_m3_dense,100,False,2,1,0.5,1.0,False,True,True,True,True,True,True,True
BIOMD0000001090,R_R02722_C3_cytop,CLU_BIOMD0000001090,retrievable_top1_success,True,bge_m3_dense,100,False,1,1,1.0,1.0,True,True,True,True,True,True,True,True
BIOMD0000001090,R_R02733_C3_cytop,CLU_BIOMD0000001090,retrievable_top1_success,True,bge_m3_dense,100,False,14,14,0.0,0.0,False,False,False,False,False,False,False,False
BIOMD0000001090,R_R02735_C3_cytop,CLU_BIOMD0000001090,retrievable_top1_success,True,bge_m3_dense,100,False,1,1,1.0,1.0,True,True,True,True,True,True,True,True
BIOMD0000001090,R_R02736_C3_cytop,CLU_BIOMD0000001090,retrievable_top1_success,True,bge_m3_dense,100,False,2,1,0.5,1.0,False,True,True,True,True,True,True,True
BIOMD0000001090,R_R02739_C3_cytop,CLU_BIOMD0000001090,retrievable_top1_success,True,bge_m3_dense,100,False,1,1,1.0,1.0,True,True,True,True,True,True,True,True
BIOMD0000001090,R_R02740_C3_cytop,CLU_BIOMD0000001090,retrievable_top1_success,True,bge_m3_dense,100,False,1,1,1.0,1.0,True,True,True,True,True,True,True,True
BIOMD0000001090,R_R02749_C3_cytop,CLU_BIOMD0000001090,retrievable_top1_success,True,bge_m3_dense,100,False,1,1,1.0,1.0,True,True,True,True,True,True,True,True
BIOMD0000001090,R_R02783_C3_cytop,CLU_BIOMD0000001090,retrievable_top1_success,True,bge_m3_dense,100,False,2,2,0.5,0.5,False,False,True,True,True,True,True,True
BIOMD0000001090,R_R02786_C3_cytop,CLU_BIOMD0000001090,retrievable_top1_success,True,bge_m3_dense,100,False,7,7,0.14285714285714285,0.14285714285714285,False,False,False,False,False,False,True,True
BIOMD0000001090,R_R02869_C3_cytop,CLU_BIOMD0000001090,unconstrained,True,bge_m3_dense,100,False,2,2,0.5,0.5,False,False,True,True,True,True,True,True
BIOMD0000001090,R_R03005_C3_cytop,CLU_BIOMD0000001090,retrievable_top1_success,True,bge_m3_dense,100,False,2,2,0.5,0.5,False,False,True,True,True,True,True,True
BIOMD0000001090,R_R03018_C3_cytop,CLU_BIOMD0000001090,retrievable_top1_success,True,bge_m3_dense,100,False,2,2,0.5,0.5,False,False,True,True,True,True,True,True
BIOMD0000001090,R_R03035_C3_cytop,CLU_BIOMD0000001090,retrievable_top1_success,True,bge_m3_dense,100,False,1,1,1.0,1.0,True,True,True,True,True,True,True,True
BIOMD0000001090,R_R03066_C3_cytop,CLU_BIOMD0000001090,retrievable_top1_success,True,bge_m3_dense,100,False,,,0.0,0.0,False,False,False,False,False,False,False,False
BIOMD0000001090,R_R03067_C3_cytop,CLU_BIOMD0000001090,retrievable_top1_success,True,bge_m3_dense,100,False,6,6,0.16666666666666666,0.16666666666666666,False,False,False,False,False,False,True,True
BIOMD0000001090,R_R03083_C3_cytop,CLU_BIOMD0000001090,retrievable_top1_success,True,bge_m3_dense,100,False,1,1,1.0,1.0,True,True,True,True,True,True,True,True
BIOMD0000001090,R_R03084_C3_cytop,CLU_BIOMD0000001090,retrievable_top1_success,True,bge_m3_dense,100,False,2,2,0.5,0.5,False,False,True,True,True,True,True,True
BIOMD0000001090,R_R03191_C3_cytop,CLU_BIOMD0000001090,retrievable_top1_success,False,bge_m3_dense,100,False,1,1,1.0,1.0,True,True,True,True,True,True,True,True
BIOMD0000001090,R_R03192_C3_cytop,CLU_BIOMD0000001090,unconstrained,True,bge_m3_dense,100,False,6,6,0.16666666666666666,0.16666666666666666,False,False,False,False,False,False,True,True
BIOMD0000001090,R_R03193_C3_cytop,CLU_BIOMD0000001090,retrievable_top1_success,True,bge_m3_dense,100,False,1,1,1.0,1.0,True,True,True,True,True,True,True,True
BIOMD0000001090,R_R03236_C3_cytop,CLU_BIOMD0000001090,retrievable_top1_success,True,bge_m3_dense,100,False,1,1,1.0,1.0,True,True,True,True,True,True,True,True
BIOMD0000001090,R_R03240_C3_cytop,CLU_BIOMD0000001090,retrievable_top1_success,False,bge_m3_dense,100,False,1,1,1.0,1.0,True,True,True,True,True,True,True,True
BIOMD0000001090,R_R03245_C3_cytop,CLU_BIOMD0000001090,retrievable_top1_success,True,bge_m3_dense,100,False,8,8,0.125,0.125,False,False,False,False,False,False,True,True
BIOMD0000001090,R_R03256_C3_cytop,CLU_BIOMD0000001090,retrievable_top1_success,False,bge_m3_dense,100,False,,,0.0,0.0,False,False,False,False,False,False,False,False
BIOMD0000001090,R_R03260_C3_cytop,CLU_BIOMD0000001090,retrievable_top1_success,True,bge_m3_dense,100,False,1,1,1.0,1.0,True,True,True,True,True,True,True,True
BIOMD0000001090,R_R03269_C3_cytop,CLU_BIOMD0000001090,retrievable_top1_success,True,bge_m3_dense,100,False,2,1,0.5,1.0,False,True,True,True,True,True,True,True
BIOMD0000001090,R_R03270_C3_cytop,CLU_BIOMD0000001090,retrievable_top1_success,True,bge_m3_dense,100,False,1,1,1.0,1.0,True,True,True,True,True,True,True,True
BIOMD0000001090,R_R03313_C3_cytop,CLU_BIOMD0000001090,unconstrained,True,bge_m3_dense,100,False,7,7,0.14285714285714285,0.14285714285714285,False,False,False,False,False,False,True,True
BIOMD0000001090,R_R03314_C3_cytop,CLU_BIOMD0000001090,retrievable_top1_success,True,bge_m3_dense,100,False,1,1,1.0,1.0,True,True,True,True,True,True,True,True
BIOMD0000001090,R_R03321_C3_cytop,CLU_BIOMD0000001090,retrievable_top1_success,True,bge_m3_dense,100,False,1,1,1.0,1.0,True,True,True,True,True,True,True,True
BIOMD0000001090,R_R03346_C3_cytop,CLU_BIOMD0000001090,retrievable_top1_success,True,bge_m3_dense,100,False,3,3,0.3333333333333333,0.3333333333333333,False,False,True,True,True,True,True,True
BIOMD0000001090,R_R03460_C3_cytop,CLU_BIOMD0000001090,retrievable_top1_success,True,bge_m3_dense,100,False,3,3,0.3333333333333333,0.3333333333333333,False,False,True,True,True,True,True,True
BIOMD0000001090,R_R03503_C3_cytop,CLU_BIOMD0000001090,retrievable_top1_success,True,bge_m3_dense,100,False,2,2,0.5,0.5,False,False,True,True,True,True,True,True
BIOMD0000001090,R_R03504_C3_cytop,CLU_BIOMD0000001090,retrievable_top1_success,True,bge_m3_dense,100,False,75,75,0.0,0.0,False,False,False,False,False,False,False,False
BIOMD0000001090,R_R03508_C3_cytop,CLU_BIOMD0000001090,retrievable_top1_success,True,bge_m3_dense,100,False,3,3,0.3333333333333333,0.3333333333333333,False,False,True,True,True,True,True,True
BIOMD0000001090,R_R03509_C3_cytop,CLU_BIOMD0000001090,retrievable_top1_success,True,bge_m3_dense,100,False,1,1,1.0,1.0,True,True,True,True,True,True,True,True
BIOMD0000001090,R_R03634_C3_cytop,CLU_BIOMD0000001090,retrievable_top1_success,True,bge_m3_dense,100,False,1,1,1.0,1.0,True,True,True,True,True,True,True,True
BIOMD0000001090,R_R03921_C3_cytop,CLU_BIOMD0000001090,retrievable_top1_success,False,bge_m3_dense,100,False,97,5,0.0,0.2,False,False,False,False,False,True,False,True
BIOMD0000001090,R_R04014_C3_cytop,CLU_BIOMD0000001090,retrievable_top1_success,False,bge_m3_dense,100,False,1,1,1.0,1.0,True,True,True,True,True,True,True,True
BIOMD0000001090,R_R04144_C3_cytop,CLU_BIOMD0000001090,retrievable_top1_success,True,bge_m3_dense,100,False,96,96,0.0,0.0,False,False,False,False,False,False,False,False
BIOMD0000001090,R_R04198_C3_cytop,CLU_BIOMD0000001090,unconstrained,True,bge_m3_dense,100,False,15,15,0.0,0.0,False,False,False,False,False,False,False,False
BIOMD0000001090,R_R04199_C3_cytop,CLU_BIOMD0000001090,unconstrained,True,bge_m3_dense,100,False,1,1,1.0,1.0,True,True,True,True,True,True,True,True
BIOMD0000001090,R_R04208_C3_cytop,CLU_BIOMD0000001090,retrievable_top1_success,True,bge_m3_dense,100,False,10,10,0.1,0.1,False,False,False,False,False,False,True,True
BIOMD0000001090,R_R04230_C3_cytop,CLU_BIOMD0000001090,retrievable_top1_success,True,bge_m3_dense,100,False,1,1,1.0,1.0,True,True,True,True,True,True,True,True
BIOMD0000001090,R_R04231_C3_cytop,CLU_BIOMD0000001090,retrievable_top1_success,True,bge_m3_dense,100,False,1,1,1.0,1.0,True,True,True,True,True,True,True,True
BIOMD0000001090,R_R04325_C3_cytop,CLU_BIOMD0000001090,retrievable_top1_success,True,bge_m3_dense,100,False,2,1,0.5,1.0,False,True,True,True,True,True,True,True
BIOMD0000001090,R_R04355_C3_cytop,CLU_BIOMD0000001090,retrievable_top1_success,True,bge_m3_dense,100,False,1,1,1.0,1.0,True,True,True,True,True,True,True,True
BIOMD0000001090,R_R04364_C3_cytop,CLU_BIOMD0000001090,retrievable_top1_success,True,bge_m3_dense,100,False,68,68,0.0,0.0,False,False,False,False,False,False,False,False
BIOMD0000001090,R_R04377_C3_cytop,CLU_BIOMD0000001090,retrievable_top1_success,False,bge_m3_dense,100,False,3,2,0.3333333333333333,0.5,False,False,True,True,True,True,True,True
BIOMD0000001090,R_R04426_C3_cytop,CLU_BIOMD0000001090,retrievable_top1_success,True,bge_m3_dense,100,False,7,1,0.14285714285714285,1.0,False,True,False,True,False,True,True,True
BIOMD0000001090,R_R04428_C3_cytop,CLU_BIOMD0000001090,retrievable_top1_success,False,bge_m3_dense,100,False,3,1,0.3333333333333333,1.0,False,True,True,True,True,True,True,True
BIOMD0000001090,R_R04429_C3_cytop,CLU_BIOMD0000001090,retrievable_top1_success,True,bge_m3_dense,100,False,2,1,0.5,1.0,False,True,True,True,True,True,True,True
BIOMD0000001090,R_R04440_C3_cytop,CLU_BIOMD0000001090,unconstrained,True,bge_m3_dense,100,False,54,18,0.0,0.0,False,False,False,False,False,False,False,False
BIOMD0000001090,R_R04441_C3_cytop,CLU_BIOMD0000001090,retrievable_top1_success,True,bge_m3_dense,100,False,5,5,0.2,0.2,False,False,False,False,True,True,True,True
BIOMD0000001090,R_R04457_C3_cytop,CLU_BIOMD0000001090,retrievable_top1_success,True,bge_m3_dense,100,False,34,34,0.0,0.0,False,False,False,False,False,False,False,False
BIOMD0000001090,R_R04463_C3_cytop,CLU_BIOMD0000001090,retrievable_top1_success,True,bge_m3_dense,100,False,13,8,0.0,0.125,False,False,False,False,False,False,False,True
BIOMD0000001090,R_R04467_C3_cytop,CLU_BIOMD0000001090,unconstrained,True,bge_m3_dense,100,False,1,1,1.0,1.0,True,True,True,True,True,True,True,True
BIOMD0000001090,R_R04533_C3_cytop,CLU_BIOMD0000001090,retrievable_top1_success,True,bge_m3_dense,100,False,5,2,0.2,0.5,False,False,False,True,True,True,True,True
BIOMD0000001090,R_R04534_C3_cytop,CLU_BIOMD0000001090,unconstrained,True,bge_m3_dense,100,False,4,1,0.25,1.0,False,True,False,True,True,True,True,True
BIOMD0000001090,R_R04535_C3_cytop,CLU_BIOMD0000001090,retrievable_top1_success,True,bge_m3_dense,100,False,2,2,0.5,0.5,False,False,True,True,True,True,True,True
BIOMD0000001090,R_R04536_C3_cytop,CLU_BIOMD0000001090,retrievable_top1_success,True,bge_m3_dense,100,False,1,1,1.0,1.0,True,True,True,True,True,True,True,True
BIOMD0000001090,R_R04537_C3_cytop,CLU_BIOMD0000001090,retrievable_top1_success,True,bge_m3_dense,100,False,1,1,1.0,1.0,True,True,True,True,True,True,True,True
BIOMD0000001090,R_R04543_C3_cytop,CLU_BIOMD0000001090,retrievable_top1_success,True,bge_m3_dense,100,False,2,1,0.5,1.0,False,True,True,True,True,True,True,True
BIOMD0000001090,R_R04544_C3_cytop,CLU_BIOMD0000001090,retrievable_top1_success,True,bge_m3_dense,100,False,1,1,1.0,1.0,True,True,True,True,True,True,True,True
BIOMD0000001090,R_R04559_C3_cytop,CLU_BIOMD0000001090,retrievable_top1_success,True,bge_m3_dense,100,False,1,1,1.0,1.0,True,True,True,True,True,True,True,True
BIOMD0000001090,R_R04560_C3_cytop,CLU_BIOMD0000001090,retrievable_top1_success,True,bge_m3_dense,100,False,1,1,1.0,1.0,True,True,True,True,True,True,True,True
BIOMD0000001090,R_R04566_C3_cytop,CLU_BIOMD0000001090,retrievable_top1_success,True,bge_m3_dense,100,False,4,2,0.25,0.5,False,False,False,True,True,True,True,True
BIOMD0000001090,R_R04568_C3_cytop,CLU_BIOMD0000001090,retrievable_top1_success,True,bge_m3_dense,100,False,1,1,1.0,1.0,True,True,True,True,True,True,True,True
BIOMD0000001090,R_R04573_C3_cytop,CLU_BIOMD0000001090,retrievable_top1_success,False,bge_m3_dense,100,False,8,1,0.125,1.0,False,True,False,True,False,True,True,True
BIOMD0000001090,R_R04591_C3_cytop,CLU_BIOMD0000001090,retrievable_top1_success,True,bge_m3_dense,100,False,6,6,0.16666666666666666,0.16666666666666666,False,False,False,False,False,False,True,True
BIOMD0000001090,R_R04620_C3_cytop,CLU_BIOMD0000001090,retrievable_top1_success,True,bge_m3_dense,100,False,14,14,0.0,0.0,False,False,False,False,False,False,False,False
BIOMD0000001090,R_R04639_C3_cytop,CLU_BIOMD0000001090,retrievable_top1_success,True,bge_m3_dense,100,False,4,4,0.25,0.25,False,False,False,False,True,True,True,True
BIOMD0000001090,R_R04724_C3_cytop,CLU_BIOMD0000001090,retrievable_top1_success,True,bge_m3_dense,100,False,2,1,0.5,1.0,False,True,True,True,True,True,True,True
BIOMD0000001090,R_R04726_C3_cytop,CLU_BIOMD0000001090,retrievable_top1_success,True,bge_m3_dense,100,False,1,1,1.0,1.0,True,True,True,True,True,True,True,True
BIOMD0000001090,R_R04779_C3_cytop,CLU_BIOMD0000001090,retrievable_top1_success,True,bge_m3_dense,100,False,5,5,0.2,0.2,False,False,False,False,True,True,True,True
BIOMD0000001090,R_R04952_C3_cytop,CLU_BIOMD0000001090,retrievable_top1_success,True,bge_m3_dense,100,False,4,1,0.25,1.0,False,True,False,True,True,True,True,True
BIOMD0000001090,R_R04953_C3_cytop,CLU_BIOMD0000001090,retrievable_top1_success,True,bge_m3_dense,100,False,,8,0.0,0.125,False,False,False,False,False,False,False,True
BIOMD0000001090,R_R04954_C3_cytop,CLU_BIOMD0000001090,retrievable_top1_success,True,bge_m3_dense,100,False,,4,0.0,0.25,False,False,False,False,False,True,False,True
BIOMD0000001090,R_R04955_C3_cytop,CLU_BIOMD0000001090,retrievable_top1_success,True,bge_m3_dense,100,False,2,1,0.5,1.0,False,True,True,True,True,True,True,True
BIOMD0000001090,R_R04957_C3_cytop,CLU_BIOMD0000001090,retrievable_top1_success,True,bge_m3_dense,100,False,1,1,1.0,1.0,True,True,True,True,True,True,True,True
BIOMD0000001090,R_R04958_C3_cytop,CLU_BIOMD0000001090,retrievable_top1_success,True,bge_m3_dense,100,False,1,1,1.0,1.0,True,True,True,True,True,True,True,True
BIOMD0000001090,R_R04960_C3_cytop,CLU_BIOMD0000001090,retrievable_top1_success,True,bge_m3_dense,100,False,1,1,1.0,1.0,True,True,True,True,True,True,True,True
BIOMD0000001090,R_R04961_C3_cytop,CLU_BIOMD0000001090,retrievable_top1_success,True,bge_m3_dense,100,False,1,1,1.0,1.0,True,True,True,True,True,True,True,True
BIOMD0000001090,R_R04963_C3_cytop,CLU_BIOMD0000001090,retrievable_top1_success,True,bge_m3_dense,100,False,1,1,1.0,1.0,True,True,True,True,True,True,True,True
BIOMD0000001090,R_R04964_C3_cytop,CLU_BIOMD0000001090,retrievable_top1_success,True,bge_m3_dense,100,False,,5,0.0,0.2,False,False,False,False,False,True,False,True
BIOMD0000001090,R_R04965_C3_cytop,CLU_BIOMD0000001090,retrievable_top1_success,True,bge_m3_dense,100,False,47,16,0.0,0.0,False,False,False,False,False,False,False,False
BIOMD0000001090,R_R04966_C3_cytop,CLU_BIOMD0000001090,retrievable_top1_success,True,bge_m3_dense,100,False,2,1,0.5,1.0,False,True,True,True,True,True,True,True
BIOMD0000001090,R_R04968_C3_cytop,CLU_BIOMD0000001090,retrievable_top1_success,True,bge_m3_dense,100,False,1,1,1.0,1.0,True,True,True,True,True,True,True,True
BIOMD0000001090,R_R04969_C3_cytop,CLU_BIOMD0000001090,retrievable_top1_success,True,bge_m3_dense,100,False,2,1,0.5,1.0,False,True,True,True,True,True,True,True
BIOMD0000001090,R_R05046_C3_cytop,CLU_BIOMD0000001090,retrievable_top1_success,True,bge_m3_dense,100,False,4,4,0.25,0.25,False,False,False,False,True,True,True,True
BIOMD0000001090,R_R05048_C3_cytop,CLU_BIOMD0000001090,retrievable_top1_success,True,bge_m3_dense,100,False,2,2,0.5,0.5,False,False,True,True,True,True,True,True
BIOMD0000001090,R_R05068_C3_cytop,CLU_BIOMD0000001090,retrievable_top1_success,True,bge_m3_dense,100,False,3,3,0.3333333333333333,0.3333333333333333,False,False,True,True,True,True,True,True
BIOMD0000001090,R_R05069_C3_cytop,CLU_BIOMD0000001090,retrievable_top1_success,True,bge_m3_dense,100,False,2,2,0.5,0.5,False,False,True,True,True,True,True,True
BIOMD0000001090,R_R05070_C3_cytop,CLU_BIOMD0000001090,retrievable_top1_success,True,bge_m3_dense,100,False,1,1,1.0,1.0,True,True,True,True,True,True,True,True
BIOMD0000001090,R_R05071_C3_cytop,CLU_BIOMD0000001090,retrievable_top1_success,False,bge_m3_dense,100,False,1,1,1.0,1.0,True,True,True,True,True,True,True,True
BIOMD0000001090,R_R05332_C3_cytop,CLU_BIOMD0000001090,retrievable_top1_success,True,bge_m3_dense,100,False,1,1,1.0,1.0,True,True,True,True,True,True,True,True
BIOMD0000001090,R_R05553_C3_cytop,CLU_BIOMD0000001090,retrievable_top1_success,True,bge_m3_dense,100,False,4,4,0.25,0.25,False,False,False,False,True,True,True,True
BIOMD0000001090,R_R05627_C3_cytop,CLU_BIOMD0000001090,retrievable_top1_success,True,bge_m3_dense,100,False,3,3,0.3333333333333333,0.3333333333333333,False,False,True,True,True,True,True,True
BIOMD0000001090,R_R05629_C3_cytop,CLU_BIOMD0000001090,retrievable_top1_success,True,bge_m3_dense,100,False,1,1,1.0,1.0,True,True,True,True,True,True,True,True
BIOMD0000001090,R_R05662_C3_cytop,CLU_BIOMD0000001090,retrievable_top1_success,True,bge_m3_dense,100,False,1,1,1.0,1.0,True,True,True,True,True,True,True,True
BIOMD0000001090,R_R06178_C3_cytop,CLU_BIOMD0000001090,retrievable_top1_success,False,bge_m3_dense,100,False,3,1,0.3333333333333333,1.0,False,True,True,True,True,True,True,True
BIOMD0000001090,R_R06447_C3_cytop,CLU_BIOMD0000001090,retrievable_top1_success,True,bge_m3_dense,100,False,1,1,1.0,1.0,True,True,True,True,True,True,True,True
BIOMD0000001090,R_R06861_C3_cytop,CLU_BIOMD0000001090,unconstrained,True,bge_m3_dense,100,False,1,1,1.0,1.0,True,True,True,True,True,True,True,True
BIOMD0000001090,R_R06863_C3_cytop,CLU_BIOMD0000001090,unconstrained,False,bge_m3_dense,100,False,2,2,0.5,0.5,False,False,True,True,True,True,True,True
BIOMD0000001090,R_R07168_C3_cytop,CLU_BIOMD0000001090,unconstrained,True,bge_m3_dense,100,False,1,1,1.0,1.0,True,True,True,True,True,True,True,True
BIOMD0000001090,R_R07281_C3_cytop,CLU_BIOMD0000001090,retrievable_top1_success,True,bge_m3_dense,100,False,2,2,0.5,0.5,False,False,True,True,True,True,True,True
BIOMD0000001090,R_R07390_C3_cytop,CLU_BIOMD0000001090,retrievable_top1_success,False,bge_m3_dense,100,False,1,1,1.0,1.0,True,True,True,True,True,True,True,True
BIOMD0000001090,R_R07404_C3_cytop,CLU_BIOMD0000001090,unconstrained,False,bge_m3_dense,100,False,4,4,0.25,0.25,False,False,False,False,True,True,True,True
BIOMD0000001090,R_R07405_C3_cytop,CLU_BIOMD0000001090,retrievable_top1_success,True,bge_m3_dense,100,False,1,1,1.0,1.0,True,True,True,True,True,True,True,True
BIOMD0000001090,R_R07456_C3_cytop,CLU_BIOMD0000001090,retrievable_top1_success,True,bge_m3_dense,100,False,4,2,0.25,0.5,False,False,False,True,True,True,True,True
BIOMD0000001090,R_R07618_C3_cytop,CLU_BIOMD0000001090,retrievable_top1_success,False,bge_m3_dense,100,False,1,1,1.0,1.0,True,True,True,True,True,True,True,True
BIOMD0000001090,R_R07762_C3_cytop,CLU_BIOMD0000001090,retrievable_top1_success,False,bge_m3_dense,100,False,1,1,1.0,1.0,True,True,True,True,True,True,True,True
BIOMD0000001090,R_R07763_C3_cytop,CLU_BIOMD0000001090,retrievable_top1_success,False,bge_m3_dense,100,False,,40,0.0,0.0,False,False,False,False,False,False,False,False
BIOMD0000001090,R_R07764_C3_cytop,CLU_BIOMD0000001090,retrievable_top1_success,True,bge_m3_dense,100,False,11,11,0.0,0.0,False,False,False,False,False,False,False,False
BIOMD0000001090,R_R07765_C3_cytop,CLU_BIOMD0000001090,retrievable_top1_success,True,bge_m3_dense,100,False,2,2,0.5,0.5,False,False,True,True,True,True,True,True
BIOMD0000001090,R_R08159_C3_cytop,CLU_BIOMD0000001090,retrievable_top1_success,False,bge_m3_dense,100,False,1,1,1.0,1.0,True,True,True,True,True,True,True,True
BIOMD0000001090,R_R08549_C3_cytop,CLU_BIOMD0000001090,retrievable_top1_success,True,bge_m3_dense,100,False,1,1,1.0,1.0,True,True,True,True,True,True,True,True
BIOMD0000001090,R_R08639_C3_cytop,CLU_BIOMD0000001090,retrievable_rerank_failure,True,bge_m3_dense,100,False,1,1,1.0,1.0,True,True,True,True,True,True,True,True
BIOMD0000001090,R_R08648_C3_cytop,CLU_BIOMD0000001090,retrievable_top1_success,True,bge_m3_dense,100,False,20,20,0.0,0.0,False,False,False,False,False,False,False,False
BIOMD0000001090,R_R08698_C3_cytop,CLU_BIOMD0000001090,retrievable_top1_success,False,bge_m3_dense,100,False,33,33,0.0,0.0,False,False,False,False,False,False,False,False
BIOMD0000001090,R_R09380_C3_cytop,CLU_BIOMD0000001090,retrievable_top1_success,False,bge_m3_dense,100,False,1,1,1.0,1.0,True,True,True,True,True,True,True,True
BIOMD0000001090,R_R09381_C3_cytop,CLU_BIOMD0000001090,retrievable_top1_success,False,bge_m3_dense,100,False,2,2,0.5,0.5,False,False,True,True,True,True,True,True
BIOMD0000001090,R_R10092_C3_cytop,CLU_BIOMD0000001090,retrievable_top1_success,True,bge_m3_dense,100,False,4,4,0.25,0.25,False,False,False,False,True,True,True,True
BIOMD0000001090,R_R10147_C3_cytop,CLU_BIOMD0000001090,retrievable_top1_success,False,bge_m3_dense,100,False,5,5,0.2,0.2,False,False,False,False,True,True,True,True
